#K-Path(1/A)         Spin-Up(eV)   Spin-down(eV)
# NKPTS & NBANDS:  98  96
# Band-Index    1
   0.00000    -36.213399    -36.213402
   0.05822    -36.212957    -36.212960
   0.11644    -36.211651    -36.211654
   0.17465    -36.209523    -36.209526
   0.23287    -36.206648    -36.206651
   0.29109    -36.203135    -36.203138
   0.34931    -36.199104    -36.199107
   0.40752    -36.195264    -36.195267
   0.40752    -36.195264    -36.195267
   0.46885    -36.194821    -36.194825
   0.53018    -36.193507    -36.193510
   0.59151    -36.191371    -36.191374
   0.65283    -36.188495    -36.188498
   0.71416    -36.184991    -36.184995
   0.77549    -36.181004    -36.181007
   0.83682    -36.176707    -36.176710
   0.89815    -36.172913    -36.172916
   0.89815    -36.172913    -36.172916
   0.95636    -36.174167    -36.174170
   1.01458    -36.176155    -36.176159
   1.07280    -36.178050    -36.178053
   1.13102    -36.179657    -36.179660
   1.18923    -36.180873    -36.180876
   1.24745    -36.181630    -36.181633
   1.30567    -36.181887    -36.181890
   1.30567    -36.181887    -36.181890
   1.36700    -36.188028    -36.188031
   1.42832    -36.193951    -36.193955
   1.48965    -36.199410    -36.199413
   1.55098    -36.204185    -36.204188
   1.61231    -36.208101    -36.208104
   1.67364    -36.211007    -36.211010
   1.73496    -36.212793    -36.212797
   1.79629    -36.213399    -36.213402
   1.79629    -36.213399    -36.213402
   1.85097    -36.213165    -36.213168
   1.90566    -36.212475    -36.212479
   1.96034    -36.211340    -36.211343
   2.01502    -36.209769    -36.209772
   2.06971    -36.207790    -36.207793
   2.12439    -36.205433    -36.205436
   2.17907    -36.202730    -36.202734
   2.23375    -36.199727    -36.199730
   2.28844    -36.196460    -36.196463
   2.34312    -36.192980    -36.192983
   2.39780    -36.189341    -36.189344
   2.45249    -36.185589    -36.185592
   2.50717    -36.181814    -36.181817
   2.50717    -36.181814    -36.181817
   2.56539    -36.181559    -36.181563
   2.62360    -36.180805    -36.180808
   2.68182    -36.179591    -36.179594
   2.74004    -36.177991    -36.177994
   2.79826    -36.176102    -36.176105
   2.85647    -36.174117    -36.174121
   2.91469    -36.172878    -36.172882
   2.91469    -36.172878    -36.172882
   2.96937    -36.174983    -36.174986
   3.02406    -36.177653    -36.177656
   3.07874    -36.180297    -36.180300
   3.13342    -36.182838    -36.182842
   3.18811    -36.185231    -36.185234
   3.24279    -36.187433    -36.187436
   3.29747    -36.189415    -36.189418
   3.35215    -36.191145    -36.191149
   3.40684    -36.192599    -36.192602
   3.46152    -36.193752    -36.193756
   3.51620    -36.194589    -36.194592
   3.57089    -36.195095    -36.195098
   3.62557    -36.195264    -36.195267
   3.62557    -36.195264    -36.195267
   3.68279    -36.195261    -36.195265
   3.74000    -36.195254    -36.195258
   3.79722    -36.195241    -36.195245
   3.85443    -36.195228    -36.195231
   3.91165    -36.195211    -36.195214
   3.96887    -36.195195    -36.195198
   4.02608    -36.195186    -36.195190
   4.08330    -36.195179    -36.195182
   4.14052    -36.195174    -36.195177
   4.14052    -36.195174    -36.195177
   4.19873    -36.199008    -36.199011
   4.25695    -36.203027    -36.203031
   4.31517    -36.206537    -36.206540
   4.37339    -36.209404    -36.209407
   4.43160    -36.211529    -36.211532
   4.48982    -36.212836    -36.212839
   4.54804    -36.213277    -36.213280
   4.54804    -36.213277    -36.213280
   4.60526    -36.213283    -36.213286
   4.66247    -36.213291    -36.213294
   4.71969    -36.213306    -36.213309
   4.77691    -36.213327    -36.213331
   4.83412    -36.213346    -36.213349
   4.89134    -36.213367    -36.213370
   4.94856    -36.213383    -36.213386
   5.00577    -36.213392    -36.213395
   5.06299    -36.213399    -36.213402
 
# Band-Index    2
   5.06299    -36.169500    -36.169503
   5.00577    -36.169499    -36.169502
   4.94856    -36.169495    -36.169498
   4.89134    -36.169489    -36.169492
   4.83412    -36.169485    -36.169488
   4.77691    -36.169478    -36.169481
   4.71969    -36.169472    -36.169475
   4.66247    -36.169469    -36.169472
   4.60526    -36.169467    -36.169470
   4.54804    -36.169464    -36.169467
   4.54804    -36.169464    -36.169467
   4.48982    -36.170392    -36.170395
   4.43160    -36.172885    -36.172888
   4.37339    -36.176433    -36.176436
   4.31517    -36.180629    -36.180632
   4.25695    -36.185178    -36.185181
   4.19873    -36.189849    -36.189852
   4.14052    -36.193907    -36.193909
   4.14052    -36.193907    -36.193909
   4.08330    -36.193912    -36.193915
   4.02608    -36.193919    -36.193922
   3.96887    -36.193928    -36.193931
   3.91165    -36.193944    -36.193947
   3.85443    -36.193961    -36.193964
   3.79722    -36.193975    -36.193978
   3.74000    -36.193988    -36.193991
   3.68279    -36.193995    -36.193998
   3.62557    -36.193998    -36.194001
   3.62557    -36.193998    -36.194001
   3.57089    -36.193829    -36.193832
   3.51620    -36.193323    -36.193326
   3.46152    -36.192486    -36.192489
   3.40684    -36.191332    -36.191335
   3.35215    -36.189878    -36.189881
   3.29747    -36.188148    -36.188151
   3.24279    -36.186166    -36.186169
   3.18811    -36.183964    -36.183967
   3.13342    -36.181573    -36.181576
   3.07874    -36.179035    -36.179038
   3.02406    -36.176402    -36.176405
   2.96937    -36.173789    -36.173792
   2.91469    -36.172393    -36.172397
   2.91469    -36.172393    -36.172397
   2.85647    -36.173888    -36.173892
   2.79826    -36.175977    -36.175981
   2.74004    -36.177906    -36.177909
   2.68182    -36.179525    -36.179528
   2.62360    -36.180749    -36.180752
   2.56539    -36.181509    -36.181512
   2.50717    -36.181764    -36.181768
   2.50717    -36.181764    -36.181768
   2.45249    -36.177998    -36.178001
   2.39780    -36.174275    -36.174278
   2.34312    -36.170716    -36.170719
   2.28844    -36.167584    -36.167588
   2.23375    -36.166361    -36.166364
   2.17907    -36.166820    -36.166823
   2.12439    -36.167451    -36.167454
   2.06971    -36.168041    -36.168044
   2.01502    -36.168551    -36.168554
   1.96034    -36.168961    -36.168964
   1.90566    -36.169258    -36.169262
   1.85097    -36.169439    -36.169442
   1.79629    -36.169500    -36.169503
   1.79629    -36.169500    -36.169503
   1.73496    -36.169340    -36.169343
   1.67364    -36.168873    -36.168876
   1.61231    -36.168121    -36.168124
   1.55098    -36.167152    -36.167155
   1.48965    -36.166388    -36.166392
   1.42832    -36.169912    -36.169916
   1.36700    -36.175716    -36.175719
   1.30567    -36.181842    -36.181846
   1.30567    -36.181842    -36.181846
   1.24745    -36.181584    -36.181587
   1.18923    -36.180822    -36.180825
   1.13102    -36.179596    -36.179599
   1.07280    -36.177972    -36.177975
   1.01458    -36.176041    -36.176044
   0.95636    -36.173955    -36.173959
   0.89815    -36.172466    -36.172469
   0.89815    -36.172466    -36.172469
   0.83682    -36.175466    -36.175469
   0.77549    -36.179741    -36.179744
   0.71416    -36.183725    -36.183728
   0.65283    -36.187228    -36.187231
   0.59151    -36.190104    -36.190107
   0.53018    -36.192240    -36.192243
   0.46885    -36.193555    -36.193558
   0.40752    -36.193998    -36.194001
   0.40752    -36.193998    -36.194001
   0.34931    -36.189935    -36.189938
   0.29109    -36.185249    -36.185252
   0.23287    -36.180691    -36.180694
   0.17465    -36.176492    -36.176495
   0.11644    -36.172934    -36.172937
   0.05822    -36.170431    -36.170434
   0.00000    -36.169500    -36.169503
 
# Band-Index    3
   0.00000    -36.152564    -36.152567
   0.05822    -36.152172    -36.152175
   0.11644    -36.151263    -36.151266
   0.17465    -36.150307    -36.150311
   0.23287    -36.149589    -36.149592
   0.29109    -36.149106    -36.149109
   0.34931    -36.148804    -36.148807
   0.40752    -36.148698    -36.148702
   0.40752    -36.148698    -36.148702
   0.46885    -36.149145    -36.149149
   0.53018    -36.150474    -36.150477
   0.59151    -36.152632    -36.152635
   0.65283    -36.155528    -36.155531
   0.71416    -36.159054    -36.159057
   0.77549    -36.163059    -36.163063
   0.83682    -36.167349    -36.167352
   0.89815    -36.170361    -36.170363
   0.89815    -36.170361    -36.170363
   0.95636    -36.168866    -36.168869
   1.01458    -36.166770    -36.166773
   1.07280    -36.164828    -36.164831
   1.13102    -36.163192    -36.163194
   1.18923    -36.161959    -36.161962
   1.24745    -36.161191    -36.161194
   1.30567    -36.160928    -36.160931
   1.30567    -36.160928    -36.160931
   1.36700    -36.162501    -36.162504
   1.42832    -36.163920    -36.163923
   1.48965    -36.163397    -36.163399
   1.55098    -36.159075    -36.159077
   1.61231    -36.155188    -36.155191
   1.67364    -36.153209    -36.153212
   1.73496    -36.152725    -36.152728
   1.79629    -36.152564    -36.152567
   1.79629    -36.152564    -36.152567
   1.85097    -36.152624    -36.152627
   1.90566    -36.152808    -36.152811
   1.96034    -36.153112    -36.153115
   2.01502    -36.153605    -36.153608
   2.06971    -36.155448    -36.155451
   2.12439    -36.157780    -36.157783
   2.17907    -36.160405    -36.160408
   2.23375    -36.163080    -36.163083
   2.28844    -36.164270    -36.164272
   2.34312    -36.163701    -36.163704
   2.39780    -36.162825    -36.162828
   2.45249    -36.161868    -36.161871
   2.50717    -36.160902    -36.160905
   2.50717    -36.160902    -36.160905
   2.56539    -36.161162    -36.161165
   2.62360    -36.161928    -36.161931
   2.68182    -36.163163    -36.163166
   2.74004    -36.164797    -36.164800
   2.79826    -36.166734    -36.166737
   2.85647    -36.168829    -36.168832
   2.91469    -36.170327    -36.170330
   2.91469    -36.170327    -36.170330
   2.96937    -36.168928    -36.168931
   3.02406    -36.166313    -36.166317
   3.07874    -36.163678    -36.163681
   3.13342    -36.161139    -36.161142
   3.18811    -36.158748    -36.158751
   3.24279    -36.156542    -36.156545
   3.29747    -36.154558    -36.154562
   3.35215    -36.152826    -36.152830
   3.40684    -36.151370    -36.151373
   3.46152    -36.150214    -36.150217
   3.51620    -36.149376    -36.149379
   3.57089    -36.148867    -36.148870
   3.62557    -36.148698    -36.148702
   3.62557    -36.148698    -36.148702
   3.68279    -36.148697    -36.148701
   3.74000    -36.148697    -36.148700
   3.79722    -36.148697    -36.148701
   3.85443    -36.148695    -36.148698
   3.91165    -36.148692    -36.148695
   3.96887    -36.148690    -36.148693
   4.02608    -36.148690    -36.148694
   4.08330    -36.148691    -36.148694
   4.14052    -36.148689    -36.148692
   4.14052    -36.148689    -36.148692
   4.19873    -36.148794    -36.148797
   4.25695    -36.149095    -36.149098
   4.31517    -36.149580    -36.149583
   4.37339    -36.150299    -36.150302
   4.43160    -36.151255    -36.151258
   4.48982    -36.152163    -36.152166
   4.54804    -36.152553    -36.152556
   4.54804    -36.152553    -36.152556
   4.60526    -36.152554    -36.152557
   4.66247    -36.152555    -36.152558
   4.71969    -36.152555    -36.152558
   4.77691    -36.152555    -36.152558
   4.83412    -36.152558    -36.152562
   4.89134    -36.152559    -36.152562
   4.94856    -36.152562    -36.152565
   5.00577    -36.152563    -36.152567
   5.06299    -36.152564    -36.152567
 
# Band-Index    4
   5.06299    -36.149826    -36.149829
   5.00577    -36.149825    -36.149828
   4.94856    -36.149823    -36.149826
   4.89134    -36.149818    -36.149821
   4.83412    -36.149815    -36.149818
   4.77691    -36.149812    -36.149815
   4.71969    -36.149810    -36.149813
   4.66247    -36.149807    -36.149810
   4.60526    -36.149803    -36.149806
   4.54804    -36.149802    -36.149805
   4.54804    -36.149802    -36.149805
   4.48982    -36.149712    -36.149715
   4.43160    -36.149442    -36.149445
   4.37339    -36.148985    -36.148988
   4.31517    -36.148398    -36.148401
   4.25695    -36.147865    -36.147867
   4.19873    -36.147523    -36.147526
   4.14052    -36.147408    -36.147411
   4.14052    -36.147408    -36.147411
   4.08330    -36.147410    -36.147413
   4.02608    -36.147410    -36.147413
   3.96887    -36.147410    -36.147412
   3.91165    -36.147412    -36.147415
   3.85443    -36.147416    -36.147418
   3.79722    -36.147418    -36.147421
   3.74000    -36.147418    -36.147421
   3.68279    -36.147419    -36.147422
   3.62557    -36.147420    -36.147423
   3.62557    -36.147420    -36.147423
   3.57089    -36.147588    -36.147591
   3.51620    -36.148097    -36.148100
   3.46152    -36.148936    -36.148938
   3.40684    -36.150092    -36.150095
   3.35215    -36.151549    -36.151552
   3.29747    -36.153282    -36.153285
   3.24279    -36.155266    -36.155269
   3.18811    -36.157474    -36.157477
   3.13342    -36.159867    -36.159870
   3.07874    -36.162411    -36.162413
   3.02406    -36.165059    -36.165061
   2.96937    -36.167731    -36.167733
   2.91469    -36.169830    -36.169833
   2.91469    -36.169830    -36.169833
   2.85647    -36.168588    -36.168591
   2.79826    -36.166599    -36.166602
   2.74004    -36.164704    -36.164707
   2.68182    -36.163093    -36.163096
   2.62360    -36.161870    -36.161873
   2.56539    -36.161111    -36.161114
   2.50717    -36.160854    -36.160857
   2.50717    -36.160854    -36.160857
   2.45249    -36.159879    -36.159882
   2.39780    -36.158890    -36.158893
   2.34312    -36.157931    -36.157934
   2.28844    -36.157014    -36.157017
   2.23375    -36.156152    -36.156155
   2.17907    -36.155362    -36.155365
   2.12439    -36.154650    -36.154653
   2.06971    -36.154023    -36.154026
   2.01502    -36.153375    -36.153378
   1.96034    -36.151886    -36.151889
   1.90566    -36.150752    -36.150755
   1.85097    -36.150059    -36.150062
   1.79629    -36.149826    -36.149829
   1.79629    -36.149826    -36.149829
   1.73496    -36.150440    -36.150443
   1.67364    -36.152242    -36.152245
   1.61231    -36.153959    -36.153962
   1.55098    -36.155006    -36.155009
   1.48965    -36.156276    -36.156280
   1.42832    -36.157720    -36.157723
   1.36700    -36.159285    -36.159288
   1.30567    -36.160882    -36.160885
   1.30567    -36.160882    -36.160885
   1.24745    -36.161143    -36.161146
   1.18923    -36.161905    -36.161908
   1.13102    -36.163126    -36.163129
   1.07280    -36.164742    -36.164745
   1.01458    -36.166646    -36.166649
   0.95636    -36.168644    -36.168647
   0.89815    -36.169903    -36.169905
   0.89815    -36.169903    -36.169905
   0.83682    -36.166105    -36.166108
   0.77549    -36.161791    -36.161794
   0.71416    -36.157780    -36.157783
   0.65283    -36.154252    -36.154255
   0.59151    -36.151354    -36.151357
   0.53018    -36.149196    -36.149199
   0.46885    -36.147867    -36.147870
   0.40752    -36.147420    -36.147423
   0.40752    -36.147420    -36.147423
   0.34931    -36.147534    -36.147537
   0.29109    -36.147877    -36.147880
   0.23287    -36.148411    -36.148413
   0.17465    -36.149004    -36.149007
   0.11644    -36.149465    -36.149468
   0.05822    -36.149735    -36.149738
   0.00000    -36.149826    -36.149829
 
# Band-Index    5
   0.00000    -17.685542    -17.685542
   0.05822    -17.682153    -17.682153
   0.11644    -17.672028    -17.672029
   0.17465    -17.655327    -17.655328
   0.23287    -17.632358    -17.632359
   0.29109    -17.603571    -17.603572
   0.34931    -17.569653    -17.569653
   0.40752    -17.531912    -17.531913
   0.40752    -17.531912    -17.531913
   0.46885    -17.533078    -17.533078
   0.53018    -17.535443    -17.535443
   0.59151    -17.536499    -17.536499
   0.65283    -17.533905    -17.533905
   0.71416    -17.526167    -17.526167
   0.77549    -17.512790    -17.512791
   0.83682    -17.494319    -17.494319
   0.89815    -17.477882    -17.477882
   0.89815    -17.477882    -17.477882
   0.95636    -17.514121    -17.514121
   1.01458    -17.555038    -17.555038
   1.07280    -17.591479    -17.591479
   1.13102    -17.621608    -17.621608
   1.18923    -17.644070    -17.644070
   1.24745    -17.657925    -17.657925
   1.30567    -17.662609    -17.662609
   1.30567    -17.662609    -17.662609
   1.36700    -17.663570    -17.663569
   1.42832    -17.655408    -17.655408
   1.48965    -17.639059    -17.639059
   1.55098    -17.620505    -17.620505
   1.61231    -17.633241    -17.633241
   1.67364    -17.660887    -17.660888
   1.73496    -17.679269    -17.679269
   1.79629    -17.685542    -17.685542
   1.79629    -17.685542    -17.685542
   1.85097    -17.682633    -17.682634
   1.90566    -17.673982    -17.673982
   1.96034    -17.659816    -17.659816
   2.01502    -17.640627    -17.640628
   2.06971    -17.617647    -17.617647
   2.12439    -17.598582    -17.598582
   2.17907    -17.604755    -17.604755
   2.23375    -17.615968    -17.615967
   2.28844    -17.626599    -17.626599
   2.34312    -17.635224    -17.635224
   2.39780    -17.641452    -17.641452
   2.45249    -17.645178    -17.645178
   2.50717    -17.646377    -17.646377
   2.50717    -17.646377    -17.646377
   2.56539    -17.641654    -17.641653
   2.62360    -17.627680    -17.627680
   2.68182    -17.605026    -17.605026
   2.74004    -17.574599    -17.574599
   2.79826    -17.537701    -17.537702
   2.85647    -17.496024    -17.496024
   2.91469    -17.455492    -17.455492
   2.91469    -17.455492    -17.455492
   2.96937    -17.463021    -17.463021
   3.02406    -17.474026    -17.474026
   3.07874    -17.484974    -17.484974
   3.13342    -17.495152    -17.495152
   3.18811    -17.504186    -17.504186
   3.24279    -17.511873    -17.511873
   3.29747    -17.518150    -17.518150
   3.35215    -17.523052    -17.523053
   3.40684    -17.526677    -17.526678
   3.46152    -17.529190    -17.529191
   3.51620    -17.530782    -17.530782
   3.57089    -17.531640    -17.531641
   3.62557    -17.531912    -17.531913
   3.62557    -17.531912    -17.531913
   3.68279    -17.530970    -17.530971
   3.74000    -17.528255    -17.528256
   3.79722    -17.524066    -17.524066
   3.85443    -17.518882    -17.518883
   3.91165    -17.513301    -17.513301
   3.96887    -17.507988    -17.507989
   4.02608    -17.503604    -17.503605
   4.08330    -17.500711    -17.500712
   4.14052    -17.499696    -17.499696
   4.14052    -17.499696    -17.499696
   4.19873    -17.536465    -17.536466
   4.25695    -17.569380    -17.569380
   4.31517    -17.597220    -17.597220
   4.37339    -17.619390    -17.619390
   4.43160    -17.635461    -17.635461
   4.48982    -17.645180    -17.645180
   4.54804    -17.648424    -17.648425
   4.54804    -17.648424    -17.648425
   4.60526    -17.649550    -17.649551
   4.66247    -17.652794    -17.652794
   4.71969    -17.657760    -17.657760
   4.77691    -17.663835    -17.663835
   4.83412    -17.670284    -17.670284
   4.89134    -17.676328    -17.676328
   4.94856    -17.681239    -17.681240
   5.00577    -17.684434    -17.684435
   5.06299    -17.685542    -17.685542
 
# Band-Index    6
   5.06299    -17.560590    -17.560590
   5.00577    -17.561925    -17.561925
   4.94856    -17.565822    -17.565821
   4.89134    -17.571903    -17.571903
   4.83412    -17.579532    -17.579531
   4.77691    -17.587824    -17.587824
   4.71969    -17.595744    -17.595744
   4.66247    -17.602265    -17.602265
   4.60526    -17.606547    -17.606547
   4.54804    -17.608037    -17.608037
   4.54804    -17.608037    -17.608037
   4.48982    -17.604219    -17.604219
   4.43160    -17.592901    -17.592900
   4.37339    -17.574483    -17.574483
   4.31517    -17.549515    -17.549515
   4.25695    -17.518666    -17.518666
   4.19873    -17.482795    -17.482795
   4.14052    -17.498741    -17.498741
   4.14052    -17.498741    -17.498741
   4.08330    -17.499760    -17.499760
   4.02608    -17.502663    -17.502663
   3.96887    -17.507061    -17.507061
   3.91165    -17.512388    -17.512388
   3.85443    -17.517982    -17.517982
   3.79722    -17.523175    -17.523176
   3.74000    -17.527372    -17.527372
   3.68279    -17.530091    -17.530091
   3.62557    -17.531034    -17.531034
   3.62557    -17.531034    -17.531034
   3.57089    -17.530778    -17.530779
   3.51620    -17.529967    -17.529968
   3.46152    -17.528448    -17.528448
   3.40684    -17.526026    -17.526026
   3.35215    -17.522504    -17.522505
   3.29747    -17.517710    -17.517711
   3.24279    -17.511542    -17.511542
   3.18811    -17.503957    -17.503958
   3.13342    -17.495012    -17.495012
   3.07874    -17.484899    -17.484899
   3.02406    -17.473985    -17.473985
   2.96937    -17.462889    -17.462889
   2.91469    -17.454768    -17.454768
   2.91469    -17.454768    -17.454768
   2.85647    -17.495822    -17.495822
   2.79826    -17.537514    -17.537513
   2.74004    -17.574458    -17.574458
   2.68182    -17.604940    -17.604940
   2.62360    -17.627637    -17.627637
   2.56539    -17.641615    -17.641615
   2.50717    -17.646333    -17.646333
   2.50717    -17.646333    -17.646333
   2.45249    -17.644965    -17.644965
   2.39780    -17.641048    -17.641048
   2.34312    -17.634709    -17.634709
   2.28844    -17.626193    -17.626193
   2.23375    -17.615840    -17.615839
   2.17907    -17.603911    -17.603910
   2.12439    -17.593547    -17.593547
   2.06971    -17.583370    -17.583370
   2.01502    -17.574944    -17.574943
   1.96034    -17.568525    -17.568524
   1.90566    -17.564070    -17.564070
   1.85097    -17.561452    -17.561452
   1.79629    -17.560590    -17.560590
   1.79629    -17.560590    -17.560590
   1.73496    -17.560449    -17.560449
   1.67364    -17.561716    -17.561716
   1.61231    -17.569368    -17.569368
   1.55098    -17.587325    -17.587324
   1.48965    -17.611546    -17.611546
   1.42832    -17.634882    -17.634881
   1.36700    -17.652684    -17.652684
   1.30567    -17.662601    -17.662601
   1.30567    -17.662601    -17.662601
   1.24745    -17.657906    -17.657906
   1.18923    -17.644007    -17.644007
   1.13102    -17.621481    -17.621480
   1.07280    -17.591287    -17.591287
   1.01458    -17.554807    -17.554807
   0.95636    -17.513936    -17.513936
   0.89815    -17.477276    -17.477276
   0.89815    -17.477276    -17.477276
   0.83682    -17.494154    -17.494154
   0.77549    -17.512723    -17.512722
   0.71416    -17.526060    -17.526060
   0.65283    -17.533614    -17.533615
   0.59151    -17.536011    -17.536012
   0.53018    -17.534767    -17.534767
   0.46885    -17.532257    -17.532257
   0.40752    -17.531034    -17.531034
   0.40752    -17.531034    -17.531034
   0.34931    -17.490140    -17.490141
   0.29109    -17.477882    -17.477881
   0.23287    -17.505577    -17.505577
   0.17465    -17.528471    -17.528471
   0.11644    -17.545852    -17.545852
   0.05822    -17.556825    -17.556825
   0.00000    -17.560590    -17.560590
 
# Band-Index    7
   0.00000    -17.490776    -17.490775
   0.05822    -17.486168    -17.486168
   0.11644    -17.472178    -17.472177
   0.17465    -17.448629    -17.448629
   0.23287    -17.415857    -17.415857
   0.29109    -17.447087    -17.447088
   0.34931    -17.446032    -17.446032
   0.40752    -17.411248    -17.411249
   0.40752    -17.411248    -17.411249
   0.46885    -17.409685    -17.409686
   0.53018    -17.405843    -17.405844
   0.59151    -17.401769    -17.401769
   0.65283    -17.400417    -17.400418
   0.71416    -17.405767    -17.405767
   0.77549    -17.420790    -17.420790
   0.83682    -17.443091    -17.443091
   0.89815    -17.461862    -17.461862
   0.89815    -17.461862    -17.461862
   0.95636    -17.424842    -17.424843
   1.01458    -17.383994    -17.383994
   1.07280    -17.352760    -17.352761
   1.13102    -17.352579    -17.352579
   1.18923    -17.364137    -17.364137
   1.24745    -17.372246    -17.372246
   1.30567    -17.375058    -17.375058
   1.30567    -17.375058    -17.375058
   1.36700    -17.406056    -17.406056
   1.42832    -17.465446    -17.465447
   1.48965    -17.524194    -17.524194
   1.55098    -17.569632    -17.569632
   1.61231    -17.567274    -17.567274
   1.67364    -17.535439    -17.535439
   1.73496    -17.504574    -17.504573
   1.79629    -17.490776    -17.490775
   1.79629    -17.490776    -17.490775
   1.85097    -17.495755    -17.495754
   1.90566    -17.508801    -17.508800
   1.96034    -17.526219    -17.526219
   2.01502    -17.544883    -17.544882
   2.06971    -17.562160    -17.562160
   2.12439    -17.569829    -17.569830
   2.17907    -17.547449    -17.547449
   2.23375    -17.513313    -17.513314
   2.28844    -17.476099    -17.476100
   2.34312    -17.438618    -17.438618
   2.39780    -17.417710    -17.417710
   2.45249    -17.401453    -17.401453
   2.50717    -17.388125    -17.388125
   2.50717    -17.388125    -17.388125
   2.56539    -17.384942    -17.384942
   2.62360    -17.375544    -17.375544
   2.68182    -17.360436    -17.360436
   2.74004    -17.341848    -17.341848
   2.79826    -17.363847    -17.363847
   2.85647    -17.406233    -17.406233
   2.91469    -17.447817    -17.447817
   2.91469    -17.447817    -17.447817
   2.96937    -17.440835    -17.440835
   3.02406    -17.433079    -17.433079
   3.07874    -17.427404    -17.427404
   3.13342    -17.423831    -17.423831
   3.18811    -17.421710    -17.421710
   3.24279    -17.420230    -17.420230
   3.29747    -17.418826    -17.418826
   3.35215    -17.417243    -17.417243
   3.40684    -17.415512    -17.415512
   3.46152    -17.413834    -17.413835
   3.51620    -17.412449    -17.412450
   3.57089    -17.411553    -17.411554
   3.62557    -17.411248    -17.411249
   3.62557    -17.411248    -17.411249
   3.68279    -17.412231    -17.412232
   3.74000    -17.415065    -17.415066
   3.79722    -17.419397    -17.419398
   3.85443    -17.424684    -17.424685
   3.91165    -17.430277    -17.430277
   3.96887    -17.435505    -17.435505
   4.02608    -17.439758    -17.439759
   4.08330    -17.442529    -17.442529
   4.14052    -17.443486    -17.443487
   4.14052    -17.443486    -17.443487
   4.19873    -17.458549    -17.458550
   4.25695    -17.415573    -17.415573
   4.31517    -17.414353    -17.414353
   4.37339    -17.447964    -17.447963
   4.43160    -17.472618    -17.472618
   4.48982    -17.487614    -17.487613
   4.54804    -17.492634    -17.492633
   4.54804    -17.492634    -17.492633
   4.60526    -17.492615    -17.492614
   4.66247    -17.492542    -17.492541
   4.71969    -17.492391    -17.492390
   4.77691    -17.492145    -17.492145
   4.83412    -17.491818    -17.491817
   4.89134    -17.491449    -17.491449
   4.94856    -17.491110    -17.491109
   5.00577    -17.490865    -17.490865
   5.06299    -17.490776    -17.490775
 
# Band-Index    8
   5.06299    -17.374708    -17.374708
   5.00577    -17.374608    -17.374608
   4.94856    -17.374218    -17.374218
   4.89134    -17.373320    -17.373319
   4.83412    -17.371736    -17.371736
   4.77691    -17.369487    -17.369487
   4.71969    -17.366857    -17.366857
   4.66247    -17.364330    -17.364330
   4.60526    -17.362494    -17.362494
   4.54804    -17.361821    -17.361821
   4.54804    -17.361821    -17.361821
   4.48982    -17.355669    -17.355669
   4.43160    -17.337516    -17.337516
   4.37339    -17.329125    -17.329126
   4.31517    -17.371732    -17.371733
   4.25695    -17.372983    -17.372983
   4.19873    -17.400527    -17.400527
   4.14052    -17.442461    -17.442460
   4.14052    -17.442461    -17.442460
   4.08330    -17.441506    -17.441506
   4.02608    -17.438742    -17.438741
   3.96887    -17.434498    -17.434497
   3.91165    -17.429281    -17.429280
   3.85443    -17.423699    -17.423698
   3.79722    -17.418422    -17.418421
   3.74000    -17.414097    -17.414096
   3.68279    -17.411268    -17.411267
   3.62557    -17.410286    -17.410285
   3.62557    -17.410286    -17.410285
   3.57089    -17.410599    -17.410598
   3.51620    -17.411521    -17.411520
   3.46152    -17.412956    -17.412955
   3.40684    -17.414711    -17.414710
   3.35215    -17.416543    -17.416542
   3.29747    -17.418246    -17.418245
   3.24279    -17.419786    -17.419786
   3.18811    -17.421416    -17.421415
   3.13342    -17.423687    -17.423687
   3.07874    -17.427296    -17.427296
   3.02406    -17.432821    -17.432821
   2.96937    -17.440346    -17.440346
   2.91469    -17.446692    -17.446692
   2.91469    -17.446692    -17.446692
   2.85647    -17.405910    -17.405910
   2.79826    -17.363512    -17.363513
   2.74004    -17.341323    -17.341323
   2.68182    -17.360177    -17.360176
   2.62360    -17.375281    -17.375281
   2.56539    -17.384683    -17.384683
   2.50717    -17.387867    -17.387867
   2.50717    -17.387867    -17.387867
   2.45249    -17.386301    -17.386302
   2.39780    -17.405425    -17.405425
   2.34312    -17.432796    -17.432796
   2.28844    -17.444825    -17.444825
   2.23375    -17.452622    -17.452622
   2.17907    -17.455316    -17.455315
   2.12439    -17.452313    -17.452313
   2.06971    -17.443442    -17.443442
   2.01502    -17.429377    -17.429377
   1.96034    -17.411904    -17.411904
   1.90566    -17.394063    -17.394063
   1.85097    -17.380111    -17.380110
   1.79629    -17.374708    -17.374708
   1.79629    -17.374708    -17.374708
   1.73496    -17.386925    -17.386925
   1.67364    -17.412611    -17.412611
   1.61231    -17.433487    -17.433487
   1.55098    -17.438323    -17.438323
   1.48965    -17.427920    -17.427920
   1.42832    -17.408527    -17.408527
   1.36700    -17.386503    -17.386503
   1.30567    -17.374888    -17.374888
   1.30567    -17.374888    -17.374888
   1.24745    -17.372038    -17.372038
   1.18923    -17.363809    -17.363809
   1.13102    -17.351953    -17.351953
   1.07280    -17.352072    -17.352072
   1.01458    -17.383715    -17.383715
   0.95636    -17.424386    -17.424386
   0.89815    -17.460571    -17.460571
   0.89815    -17.460571    -17.460571
   0.83682    -17.442407    -17.442407
   0.77549    -17.420357    -17.420356
   0.71416    -17.405483    -17.405483
   0.65283    -17.399890    -17.399889
   0.59151    -17.400997    -17.400996
   0.53018    -17.404937    -17.404936
   0.46885    -17.408730    -17.408730
   0.40752    -17.410286    -17.410285
   0.40752    -17.410286    -17.410285
   0.34931    -17.372949    -17.372949
   0.29109    -17.374942    -17.374942
   0.23287    -17.404188    -17.404188
   0.17465    -17.363979    -17.363979
   0.11644    -17.350297    -17.350297
   0.05822    -17.368532    -17.368532
   0.00000    -17.374708    -17.374708
 
# Band-Index    9
   0.00000    -17.298339    -17.298339
   0.05822    -17.306710    -17.306711
   0.11644    -17.329996    -17.329996
   0.17465    -17.320818    -17.320818
   0.23287    -17.293627    -17.293628
   0.29109    -17.333574    -17.333574
   0.34931    -17.327811    -17.327811
   0.40752    -17.277735    -17.277735
   0.40752    -17.277735    -17.277735
   0.46885    -17.273458    -17.273459
   0.53018    -17.262368    -17.262368
   0.59151    -17.249449    -17.249450
   0.65283    -17.242886    -17.242887
   0.71416    -17.250449    -17.250450
   0.77549    -17.259154    -17.259154
   0.83682    -17.260303    -17.260304
   0.89815    -17.258901    -17.258902
   0.89815    -17.258901    -17.258902
   0.95636    -17.277179    -17.277179
   1.01458    -17.301348    -17.301348
   1.07280    -17.318502    -17.318502
   1.13102    -17.306832    -17.306832
   1.18923    -17.286563    -17.286563
   1.24745    -17.273416    -17.273417
   1.30567    -17.268971    -17.268972
   1.30567    -17.268971    -17.268972
   1.36700    -17.282366    -17.282366
   1.42832    -17.264227    -17.264228
   1.48965    -17.243408    -17.243408
   1.55098    -17.231452    -17.231452
   1.61231    -17.236300    -17.236300
   1.67364    -17.258068    -17.258068
   1.73496    -17.285192    -17.285192
   1.79629    -17.298339    -17.298339
   1.79629    -17.298339    -17.298339
   1.85097    -17.292414    -17.292415
   1.90566    -17.276871    -17.276871
   1.96034    -17.256509    -17.256509
   2.01502    -17.236411    -17.236411
   2.06971    -17.221430    -17.221430
   2.12439    -17.215455    -17.215456
   2.17907    -17.219448    -17.219448
   2.23375    -17.231165    -17.231165
   2.28844    -17.247348    -17.247349
   2.34312    -17.264551    -17.264551
   2.39780    -17.277471    -17.277472
   2.45249    -17.275716    -17.275717
   2.50717    -17.252227    -17.252228
   2.50717    -17.252227    -17.252228
   2.56539    -17.256750    -17.256750
   2.62360    -17.270365    -17.270366
   2.68182    -17.292955    -17.292956
   2.74004    -17.322707    -17.322707
   2.79826    -17.314144    -17.314145
   2.85647    -17.287470    -17.287470
   2.91469    -17.266858    -17.266859
   2.91469    -17.266858    -17.266859
   2.96937    -17.266685    -17.266686
   3.02406    -17.264857    -17.264858
   3.07874    -17.259713    -17.259714
   3.13342    -17.251093    -17.251093
   3.18811    -17.240964    -17.240964
   3.24279    -17.235317    -17.235318
   3.29747    -17.237843    -17.237843
   3.35215    -17.245149    -17.245149
   3.40684    -17.254389    -17.254389
   3.46152    -17.263550    -17.263550
   3.51620    -17.271111    -17.271112
   3.57089    -17.276033    -17.276033
   3.62557    -17.277735    -17.277735
   3.62557    -17.277735    -17.277735
   3.68279    -17.277700    -17.277700
   3.74000    -17.277578    -17.277579
   3.79722    -17.277347    -17.277348
   3.85443    -17.276999    -17.277000
   3.91165    -17.276564    -17.276564
   3.96887    -17.276101    -17.276102
   4.02608    -17.275699    -17.275699
   4.08330    -17.275425    -17.275426
   4.14052    -17.275324    -17.275324
   4.14052    -17.275324    -17.275324
   4.19873    -17.325593    -17.325592
   4.25695    -17.356954    -17.356954
   4.31517    -17.313834    -17.313834
   4.37339    -17.308242    -17.308242
   4.43160    -17.291171    -17.291172
   4.48982    -17.263552    -17.263552
   4.54804    -17.253196    -17.253196
   4.54804    -17.253196    -17.253196
   4.60526    -17.254597    -17.254598
   4.66247    -17.258621    -17.258621
   4.71969    -17.264741    -17.264742
   4.77691    -17.272177    -17.272177
   4.83412    -17.280011    -17.280011
   4.89134    -17.287300    -17.287300
   4.94856    -17.293195    -17.293195
   5.00577    -17.297016    -17.297016
   5.06299    -17.298339    -17.298339
 
# Band-Index   10
   5.06299    -17.155767    -17.155767
   5.00577    -17.156604    -17.156605
   4.94856    -17.159064    -17.159064
   4.89134    -17.162946    -17.162946
   4.83412    -17.167922    -17.167923
   4.77691    -17.173492    -17.173492
   4.71969    -17.179025    -17.179026
   4.66247    -17.183775    -17.183775
   4.60526    -17.187005    -17.187005
   4.54804    -17.188150    -17.188150
   4.54804    -17.188150    -17.188150
   4.48982    -17.203308    -17.203308
   4.43160    -17.235011    -17.235011
   4.37339    -17.272698    -17.272698
   4.31517    -17.269201    -17.269201
   4.25695    -17.222150    -17.222150
   4.19873    -17.222539    -17.222539
   4.14052    -17.273585    -17.273584
   4.14052    -17.273585    -17.273584
   4.08330    -17.273692    -17.273691
   4.02608    -17.273983    -17.273982
   3.96887    -17.274411    -17.274410
   3.91165    -17.274908    -17.274907
   3.85443    -17.275382    -17.275381
   3.79722    -17.275769    -17.275768
   3.74000    -17.276035    -17.276035
   3.68279    -17.276182    -17.276181
   3.62557    -17.276226    -17.276225
   3.62557    -17.276226    -17.276225
   3.57089    -17.274544    -17.274543
   3.51620    -17.269685    -17.269685
   3.46152    -17.262237    -17.262236
   3.40684    -17.253240    -17.253239
   3.35215    -17.244199    -17.244199
   3.29747    -17.237062    -17.237061
   3.24279    -17.234489    -17.234488
   3.18811    -17.239882    -17.239882
   3.13342    -17.249944    -17.249944
   3.07874    -17.258506    -17.258506
   3.02406    -17.263527    -17.263526
   2.96937    -17.265175    -17.265174
   2.91469    -17.265233    -17.265233
   2.91469    -17.265233    -17.265233
   2.85647    -17.286693    -17.286693
   2.79826    -17.313419    -17.313419
   2.74004    -17.321846    -17.321846
   2.68182    -17.292591    -17.292591
   2.62360    -17.270039    -17.270040
   2.56539    -17.256427    -17.256428
   2.50717    -17.251905    -17.251905
   2.50717    -17.251905    -17.251905
   2.45249    -17.215423    -17.215424
   2.39780    -17.175653    -17.175654
   2.34312    -17.142285    -17.142286
   2.28844    -17.127087    -17.127088
   2.23375    -17.123348    -17.123348
   2.17907    -17.125527    -17.125528
   2.12439    -17.126433    -17.126434
   2.06971    -17.124968    -17.124968
   2.01502    -17.121834    -17.121835
   1.96034    -17.123660    -17.123661
   1.90566    -17.137187    -17.137188
   1.85097    -17.150371    -17.150371
   1.79629    -17.155767    -17.155767
   1.79629    -17.155767    -17.155767
   1.73496    -17.143129    -17.143130
   1.67364    -17.121301    -17.121302
   1.61231    -17.127149    -17.127150
   1.55098    -17.131230    -17.131231
   1.48965    -17.130409    -17.130409
   1.42832    -17.149728    -17.149729
   1.36700    -17.210406    -17.210407
   1.30567    -17.268168    -17.268169
   1.30567    -17.268168    -17.268169
   1.24745    -17.272599    -17.272600
   1.18923    -17.285685    -17.285685
   1.13102    -17.305726    -17.305726
   1.07280    -17.317389    -17.317388
   1.01458    -17.300797    -17.300796
   0.95636    -17.276520    -17.276520
   0.89815    -17.257368    -17.257368
   0.89815    -17.257368    -17.257368
   0.83682    -17.258808    -17.258808
   0.77549    -17.257754    -17.257753
   0.71416    -17.249229    -17.249229
   0.65283    -17.242019    -17.242018
   0.59151    -17.248506    -17.248505
   0.53018    -17.261142    -17.261141
   0.46885    -17.272023    -17.272022
   0.40752    -17.276226    -17.276225
   0.40752    -17.276226    -17.276225
   0.34931    -17.225604    -17.225604
   0.29109    -17.233506    -17.233506
   0.23287    -17.281364    -17.281364
   0.17465    -17.253882    -17.253883
   0.11644    -17.215012    -17.215012
   0.05822    -17.178335    -17.178335
   0.00000    -17.155767    -17.155767
 
# Band-Index   11
   0.00000    -17.115736    -17.115737
   0.05822    -17.104231    -17.104232
   0.11644    -17.102770    -17.102771
   0.17465    -17.113563    -17.113564
   0.23287    -17.138715    -17.138715
   0.29109    -17.177757    -17.177758
   0.34931    -17.179292    -17.179293
   0.40752    -17.123025    -17.123026
   0.40752    -17.123025    -17.123026
   0.46885    -17.130936    -17.130937
   0.53018    -17.152448    -17.152448
   0.59151    -17.181130    -17.181131
   0.65283    -17.207024    -17.207024
   0.71416    -17.219181    -17.219182
   0.77549    -17.225478    -17.225479
   0.83682    -17.232434    -17.232435
   0.89815    -17.236279    -17.236280
   0.89815    -17.236279    -17.236280
   0.95636    -17.216578    -17.216579
   1.01458    -17.190189    -17.190189
   1.07280    -17.165633    -17.165634
   1.13102    -17.144625    -17.144626
   1.18923    -17.128424    -17.128425
   1.24745    -17.118145    -17.118145
   1.30567    -17.114616    -17.114617
   1.30567    -17.114616    -17.114617
   1.36700    -17.120829    -17.120829
   1.42832    -17.126356    -17.126356
   1.48965    -17.121016    -17.121017
   1.55098    -17.112549    -17.112550
   1.61231    -17.111170    -17.111171
   1.67364    -17.119747    -17.119747
   1.73496    -17.116613    -17.116614
   1.79629    -17.115736    -17.115737
   1.79629    -17.115736    -17.115737
   1.85097    -17.115877    -17.115878
   1.90566    -17.116607    -17.116608
   1.96034    -17.118452    -17.118453
   2.01502    -17.116138    -17.116139
   2.06971    -17.114700    -17.114700
   2.12439    -17.115915    -17.115916
   2.17907    -17.118291    -17.118292
   2.23375    -17.121473    -17.121474
   2.28844    -17.120824    -17.120825
   2.34312    -17.118956    -17.118957
   2.39780    -17.117677    -17.117678
   2.45249    -17.116852    -17.116852
   2.50717    -17.116374    -17.116375
   2.50717    -17.116374    -17.116375
   2.56539    -17.120174    -17.120174
   2.62360    -17.131192    -17.131193
   2.68182    -17.148434    -17.148434
   2.74004    -17.170630    -17.170631
   2.79826    -17.196474    -17.196475
   2.85647    -17.224366    -17.224366
   2.91469    -17.246079    -17.246080
   2.91469    -17.246079    -17.246080
   2.96937    -17.243582    -17.243583
   3.02406    -17.237761    -17.237762
   3.07874    -17.231130    -17.231131
   3.13342    -17.225264    -17.225265
   3.18811    -17.220050    -17.220051
   3.24279    -17.211290    -17.211290
   3.29747    -17.196486    -17.196486
   3.35215    -17.179201    -17.179202
   3.40684    -17.161918    -17.161919
   3.46152    -17.146298    -17.146299
   3.51620    -17.133830    -17.133830
   3.57089    -17.125793    -17.125793
   3.62557    -17.123025    -17.123026
   3.62557    -17.123025    -17.123026
   3.68279    -17.122740    -17.122740
   3.74000    -17.121953    -17.121953
   3.79722    -17.120823    -17.120823
   3.85443    -17.119550    -17.119551
   3.91165    -17.118331    -17.118331
   3.96887    -17.117303    -17.117303
   4.02608    -17.116540    -17.116540
   4.08330    -17.116077    -17.116077
   4.14052    -17.115922    -17.115922
   4.14052    -17.115922    -17.115922
   4.19873    -17.169446    -17.169446
   4.25695    -17.173840    -17.173840
   4.31517    -17.134117    -17.134117
   4.37339    -17.110123    -17.110123
   4.43160    -17.102713    -17.102714
   4.48982    -17.106017    -17.106018
   4.54804    -17.111391    -17.111392
   4.54804    -17.111391    -17.111392
   4.60526    -17.111536    -17.111537
   4.66247    -17.111943    -17.111944
   4.71969    -17.112558    -17.112559
   4.77691    -17.113290    -17.113291
   4.83412    -17.114053    -17.114053
   4.89134    -17.114738    -17.114739
   4.94856    -17.115278    -17.115279
   5.00577    -17.115618    -17.115619
   5.06299    -17.115736    -17.115737
 
# Band-Index   12
   5.06299    -17.086851    -17.086852
   5.00577    -17.086626    -17.086628
   4.94856    -17.086013    -17.086015
   4.89134    -17.085158    -17.085159
   4.83412    -17.084227    -17.084229
   4.77691    -17.083342    -17.083343
   4.71969    -17.082595    -17.082597
   4.66247    -17.082037    -17.082038
   4.60526    -17.081693    -17.081694
   4.54804    -17.081579    -17.081580
   4.54804    -17.081579    -17.081580
   4.48982    -17.077241    -17.077242
   4.43160    -17.074957    -17.074958
   4.37339    -17.071331    -17.071331
   4.31517    -17.066549    -17.066550
   4.25695    -17.060865    -17.060866
   4.19873    -17.070001    -17.070002
   4.14052    -17.113990    -17.113990
   4.14052    -17.113990    -17.113990
   4.08330    -17.114134    -17.114134
   4.02608    -17.114565    -17.114564
   3.96887    -17.115278    -17.115277
   3.91165    -17.116244    -17.116244
   3.85443    -17.117398    -17.117398
   3.79722    -17.118611    -17.118611
   3.74000    -17.119692    -17.119692
   3.68279    -17.120447    -17.120447
   3.62557    -17.120722    -17.120722
   3.62557    -17.120722    -17.120722
   3.57089    -17.123505    -17.123505
   3.51620    -17.131618    -17.131617
   3.46152    -17.144252    -17.144252
   3.40684    -17.160106    -17.160106
   3.35215    -17.177652    -17.177652
   3.29747    -17.195220    -17.195220
   3.24279    -17.210362    -17.210362
   3.18811    -17.219336    -17.219336
   3.13342    -17.224456    -17.224455
   3.07874    -17.230172    -17.230171
   3.02406    -17.236658    -17.236658
   2.96937    -17.242330    -17.242330
   2.91469    -17.244735    -17.244735
   2.91469    -17.244735    -17.244735
   2.85647    -17.223762    -17.223762
   2.79826    -17.195892    -17.195892
   2.74004    -17.169993    -17.169993
   2.68182    -17.147739    -17.147739
   2.62360    -17.130459    -17.130459
   2.56539    -17.119423    -17.119423
   2.50717    -17.115619    -17.115620
   2.50717    -17.115619    -17.115620
   2.45249    -17.114592    -17.114592
   2.39780    -17.111252    -17.111253
   2.34312    -17.100029    -17.100030
   2.28844    -17.071702    -17.071703
   2.23375    -17.038977    -17.038978
   2.17907    -17.020531    -17.020532
   2.12439    -17.038875    -17.038876
   2.06971    -17.057806    -17.057807
   2.01502    -17.071440    -17.071441
   1.96034    -17.079891    -17.079892
   1.90566    -17.084314    -17.084315
   1.85097    -17.086347    -17.086349
   1.79629    -17.086851    -17.086852
   1.79629    -17.086851    -17.086852
   1.73496    -17.084793    -17.084794
   1.67364    -17.075454    -17.075455
   1.61231    -17.054398    -17.054399
   1.55098    -17.022270    -17.022271
   1.48965    -17.042310    -17.042311
   1.42832    -17.086484    -17.086484
   1.36700    -17.105362    -17.105362
   1.30567    -17.113829    -17.113830
   1.30567    -17.113829    -17.113830
   1.24745    -17.117366    -17.117367
   1.18923    -17.127675    -17.127676
   1.13102    -17.143930    -17.143931
   1.07280    -17.165009    -17.165010
   1.01458    -17.189619    -17.189619
   0.95636    -17.215918    -17.215918
   0.89815    -17.234805    -17.234805
   0.89815    -17.234805    -17.234805
   0.83682    -17.231085    -17.231084
   0.77549    -17.224379    -17.224378
   0.71416    -17.218375    -17.218375
   0.65283    -17.205933    -17.205934
   0.59151    -17.179468    -17.179468
   0.53018    -17.150395    -17.150395
   0.46885    -17.128669    -17.128669
   0.40752    -17.120722    -17.120722
   0.40752    -17.120722    -17.120722
   0.34931    -17.070632    -17.070632
   0.29109    -17.068035    -17.068036
   0.23287    -17.074156    -17.074156
   0.17465    -17.079246    -17.079247
   0.11644    -17.083073    -17.083073
   0.05822    -17.085459    -17.085460
   0.00000    -17.086851    -17.086852
 
# Band-Index   13
   0.00000    -17.085755    -17.085755
   0.05822    -17.077360    -17.077361
   0.11644    -17.052398    -17.052399
   0.17465    -17.035586    -17.035587
   0.23287    -17.038500    -17.038500
   0.29109    -17.048377    -17.048377
   0.34931    -17.060793    -17.060794
   0.40752    -17.053614    -17.053615
   0.40752    -17.053614    -17.053615
   0.46885    -17.054196    -17.054198
   0.53018    -17.053687    -17.053688
   0.59151    -17.048345    -17.048346
   0.65283    -17.035060    -17.035061
   0.71416    -17.012519    -17.012520
   0.77549    -16.982625    -16.982626
   0.83682    -16.949354    -16.949355
   0.89815    -16.917373    -16.917374
   0.89815    -16.917373    -16.917374
   0.95636    -16.918306    -16.918307
   1.01458    -16.917688    -16.917689
   1.07280    -16.915380    -16.915381
   1.13102    -16.911763    -16.911764
   1.18923    -16.907528    -16.907529
   1.24745    -16.903816    -16.903817
   1.30567    -16.902233    -16.902235
   1.30567    -16.902233    -16.902235
   1.36700    -16.918216    -16.918217
   1.42832    -16.947080    -16.947081
   1.48965    -16.983468    -16.983469
   1.55098    -17.020230    -17.020231
   1.61231    -17.045386    -17.045387
   1.67364    -17.073252    -17.073253
   1.73496    -17.084026    -17.084026
   1.79629    -17.085755    -17.085755
   1.79629    -17.085755    -17.085755
   1.85097    -17.085373    -17.085373
   1.90566    -17.083370    -17.083370
   1.96034    -17.076206    -17.076207
   2.01502    -17.061162    -17.061163
   2.06971    -17.041936    -17.041937
   2.12439    -17.025123    -17.025124
   2.17907    -17.015604    -17.015605
   2.23375    -16.990939    -16.990940
   2.28844    -16.966690    -16.966691
   2.34312    -16.944985    -16.944986
   2.39780    -16.927202    -16.927203
   2.45249    -16.914207    -16.914208
   2.50717    -16.907276    -16.907277
   2.50717    -16.907276    -16.907277
   2.56539    -16.908445    -16.908446
   2.62360    -16.911359    -16.911360
   2.68182    -16.914886    -16.914887
   2.74004    -16.918057    -16.918059
   2.79826    -16.920221    -16.920222
   2.85647    -16.921017    -16.921019
   2.91469    -16.920794    -16.920795
   2.91469    -16.920794    -16.920795
   2.96937    -16.939221    -16.939222
   3.02406    -16.959892    -16.959893
   3.07874    -16.980605    -16.980606
   3.13342    -17.000264    -17.000265
   3.18811    -17.017690    -17.017691
   3.24279    -17.031863    -17.031864
   3.29747    -17.042252    -17.042253
   3.35215    -17.049001    -17.049002
   3.40684    -17.052746    -17.052747
   3.46152    -17.054284    -17.054286
   3.51620    -17.054405    -17.054406
   3.57089    -17.053908    -17.053910
   3.62557    -17.053614    -17.053615
   3.62557    -17.053614    -17.053615
   3.68279    -17.053404    -17.053405
   3.74000    -17.052789    -17.052790
   3.79722    -17.051833    -17.051835
   3.85443    -17.050646    -17.050647
   3.91165    -17.049356    -17.049357
   3.96887    -17.048120    -17.048122
   4.02608    -17.047108    -17.047109
   4.08330    -17.046438    -17.046439
   4.14052    -17.046200    -17.046202
   4.14052    -17.046200    -17.046202
   4.19873    -17.053953    -17.053953
   4.25695    -17.050460    -17.050460
   4.31517    -17.040692    -17.040693
   4.37339    -17.034385    -17.034386
   4.43160    -17.048448    -17.048449
   4.48982    -17.071589    -17.071590
   4.54804    -17.077967    -17.077967
   4.54804    -17.077967    -17.077967
   4.60526    -17.078190    -17.078190
   4.66247    -17.078855    -17.078855
   4.71969    -17.079903    -17.079904
   4.77691    -17.081197    -17.081198
   4.83412    -17.082581    -17.082581
   4.89134    -17.083874    -17.083874
   4.94856    -17.084894    -17.084895
   5.00577    -17.085535    -17.085536
   5.06299    -17.085755    -17.085755
 
# Band-Index   14
   5.06299    -16.962834    -16.962835
   5.00577    -16.963114    -16.963115
   4.94856    -16.963911    -16.963912
   4.89134    -16.965115    -16.965115
   4.83412    -16.966569    -16.966569
   4.77691    -16.968078    -16.968078
   4.71969    -16.969463    -16.969464
   4.66247    -16.970567    -16.970567
   4.60526    -16.971278    -16.971278
   4.54804    -16.971525    -16.971525
   4.54804    -16.971525    -16.971525
   4.48982    -16.976569    -16.976569
   4.43160    -16.988496    -16.988496
   4.37339    -16.991750    -16.991751
   4.31517    -16.978146    -16.978147
   4.25695    -16.990622    -16.990622
   4.19873    -17.027036    -17.027037
   4.14052    -17.044435    -17.044435
   4.14052    -17.044435    -17.044435
   4.08330    -17.044652    -17.044652
   4.02608    -17.045264    -17.045265
   3.96887    -17.046191    -17.046191
   3.91165    -17.047322    -17.047323
   3.85443    -17.048505    -17.048505
   3.79722    -17.049595    -17.049595
   3.74000    -17.050473    -17.050474
   3.68279    -17.051039    -17.051039
   3.62557    -17.051232    -17.051232
   3.62557    -17.051232    -17.051232
   3.57089    -17.051455    -17.051456
   3.51620    -17.051823    -17.051823
   3.46152    -17.051633    -17.051633
   3.40684    -17.050117    -17.050117
   3.35215    -17.046469    -17.046470
   3.29747    -17.039866    -17.039866
   3.24279    -17.029645    -17.029645
   3.18811    -17.015642    -17.015642
   3.13342    -16.998374    -16.998375
   3.07874    -16.978860    -16.978860
   3.02406    -16.958280    -16.958280
   2.96937    -16.937727    -16.937728
   2.91469    -16.918654    -16.918654
   2.91469    -16.918654    -16.918654
   2.85647    -16.919064    -16.919064
   2.79826    -16.918500    -16.918500
   2.74004    -16.916516    -16.916516
   2.68182    -16.913529    -16.913530
   2.62360    -16.910225    -16.910225
   2.56539    -16.907571    -16.907571
   2.50717    -16.906551    -16.906552
   2.50717    -16.906551    -16.906552
   2.45249    -16.909147    -16.909148
   2.39780    -16.919360    -16.919361
   2.34312    -16.931024    -16.931024
   2.28844    -16.942524    -16.942525
   2.23375    -16.951496    -16.951497
   2.17907    -16.950832    -16.950833
   2.12439    -16.945856    -16.945856
   2.06971    -16.949109    -16.949109
   2.01502    -16.953727    -16.953727
   1.96034    -16.957661    -16.957661
   1.90566    -16.960530    -16.960530
   1.85097    -16.962258    -16.962259
   1.79629    -16.962834    -16.962835
   1.79629    -16.962834    -16.962835
   1.73496    -16.960960    -16.960961
   1.67364    -16.955402    -16.955403
   1.61231    -16.946716    -16.946716
   1.55098    -16.943716    -16.943716
   1.48965    -16.949264    -16.949265
   1.42832    -16.932030    -16.932031
   1.36700    -16.912707    -16.912708
   1.30567    -16.901269    -16.901269
   1.30567    -16.901269    -16.901269
   1.24745    -16.902631    -16.902632
   1.18923    -16.906068    -16.906069
   1.13102    -16.910143    -16.910144
   1.07280    -16.913675    -16.913676
   1.01458    -16.915956    -16.915956
   0.95636    -16.916653    -16.916654
   0.89815    -16.916674    -16.916675
   0.89815    -16.916674    -16.916675
   0.83682    -16.947633    -16.947633
   0.77549    -16.980645    -16.980645
   0.71416    -17.010289    -17.010289
   0.65283    -17.032595    -17.032595
   0.59151    -17.045707    -17.045708
   0.53018    -17.051006    -17.051007
   0.46885    -17.051663    -17.051663
   0.40752    -17.051232    -17.051232
   0.40752    -17.051232    -17.051232
   0.34931    -17.036775    -17.036775
   0.29109    -16.997543    -16.997544
   0.23287    -16.975379    -16.975379
   0.17465    -16.982214    -16.982214
   0.11644    -16.977828    -16.977828
   0.05822    -16.967347    -16.967347
   0.00000    -16.962834    -16.962835
 
# Band-Index   15
   0.00000    -16.799523    -16.799524
   0.05822    -16.807746    -16.807747
   0.11644    -16.831395    -16.831395
   0.17465    -16.867055    -16.867056
   0.23287    -16.904254    -16.904255
   0.29109    -16.910698    -16.910698
   0.34931    -16.891992    -16.891993
   0.40752    -16.871028    -16.871029
   0.40752    -16.871028    -16.871029
   0.46885    -16.867052    -16.867053
   0.53018    -16.858117    -16.858118
   0.59151    -16.849948    -16.849949
   0.65283    -16.847187    -16.847188
   0.71416    -16.852425    -16.852426
   0.77549    -16.866296    -16.866297
   0.83682    -16.888258    -16.888259
   0.89815    -16.916236    -16.916236
   0.89815    -16.916236    -16.916236
   0.95636    -16.913895    -16.913896
   1.01458    -16.909286    -16.909287
   1.07280    -16.903752    -16.903753
   1.13102    -16.898270    -16.898271
   1.18923    -16.893898    -16.893899
   1.24745    -16.891281    -16.891281
   1.30567    -16.890414    -16.890415
   1.30567    -16.890414    -16.890415
   1.36700    -16.892505    -16.892506
   1.42832    -16.898713    -16.898713
   1.48965    -16.911762    -16.911762
   1.55098    -16.919133    -16.919134
   1.61231    -16.879858    -16.879859
   1.67364    -16.834849    -16.834850
   1.73496    -16.804639    -16.804640
   1.79629    -16.799523    -16.799524
   1.79629    -16.799523    -16.799524
   1.85097    -16.800169    -16.800170
   1.90566    -16.810195    -16.810196
   1.96034    -16.829429    -16.829430
   2.01502    -16.854635    -16.854636
   2.06971    -16.883645    -16.883646
   2.12439    -16.911190    -16.911191
   2.17907    -16.922195    -16.922195
   2.23375    -16.917615    -16.917615
   2.28844    -16.910278    -16.910278
   2.34312    -16.903716    -16.903716
   2.39780    -16.899334    -16.899334
   2.45249    -16.897040    -16.897041
   2.50717    -16.891467    -16.891468
   2.50717    -16.891467    -16.891468
   2.56539    -16.892637    -16.892638
   2.62360    -16.895932    -16.895933
   2.68182    -16.900893    -16.900894
   2.74004    -16.906657    -16.906658
   2.79826    -16.912168    -16.912169
   2.85647    -16.916475    -16.916476
   2.91469    -16.918069    -16.918070
   2.91469    -16.918069    -16.918070
   2.96937    -16.901248    -16.901248
   3.02406    -16.885343    -16.885344
   3.07874    -16.872030    -16.872031
   3.13342    -16.861626    -16.861627
   3.18811    -16.854314    -16.854315
   3.24279    -16.850171    -16.850172
   3.29747    -16.849134    -16.849135
   3.35215    -16.850908    -16.850909
   3.40684    -16.854885    -16.854886
   3.46152    -16.860155    -16.860156
   3.51620    -16.865494    -16.865495
   3.57089    -16.869520    -16.869521
   3.62557    -16.871028    -16.871029
   3.62557    -16.871028    -16.871029
   3.68279    -16.871143    -16.871144
   3.74000    -16.871481    -16.871482
   3.79722    -16.871993    -16.871994
   3.85443    -16.872606    -16.872607
   3.91165    -16.873238    -16.873239
   3.96887    -16.873814    -16.873815
   4.02608    -16.874267    -16.874268
   4.08330    -16.874556    -16.874557
   4.14052    -16.874653    -16.874654
   4.14052    -16.874653    -16.874654
   4.19873    -16.895873    -16.895874
   4.25695    -16.913687    -16.913687
   4.31517    -16.902096    -16.902096
   4.37339    -16.864110    -16.864110
   4.43160    -16.829282    -16.829283
   4.48982    -16.806250    -16.806251
   4.54804    -16.798248    -16.798249
   4.54804    -16.798248    -16.798249
   4.60526    -16.798284    -16.798285
   4.66247    -16.798391    -16.798391
   4.71969    -16.798563    -16.798563
   4.77691    -16.798771    -16.798771
   4.83412    -16.798997    -16.798998
   4.89134    -16.799209    -16.799210
   4.94856    -16.799379    -16.799380
   5.00577    -16.799486    -16.799486
   5.06299    -16.799523    -16.799524
 
# Band-Index   16
   5.06299    -16.794103    -16.794104
   5.00577    -16.794153    -16.794154
   4.94856    -16.794301    -16.794302
   4.89134    -16.794526    -16.794527
   4.83412    -16.794809    -16.794810
   4.77691    -16.795117    -16.795118
   4.71969    -16.795417    -16.795418
   4.66247    -16.795667    -16.795668
   4.60526    -16.795828    -16.795829
   4.54804    -16.795885    -16.795886
   4.54804    -16.795885    -16.795886
   4.48982    -16.797495    -16.797496
   4.43160    -16.802322    -16.802323
   4.37339    -16.810380    -16.810381
   4.31517    -16.821654    -16.821655
   4.25695    -16.836125    -16.836126
   4.19873    -16.853685    -16.853686
   4.14052    -16.873339    -16.873340
   4.14052    -16.873339    -16.873340
   4.08330    -16.873244    -16.873245
   4.02608    -16.872959    -16.872960
   3.96887    -16.872511    -16.872512
   3.91165    -16.871942    -16.871943
   3.85443    -16.871317    -16.871318
   3.79722    -16.870711    -16.870712
   3.74000    -16.870205    -16.870206
   3.68279    -16.869870    -16.869871
   3.62557    -16.869757    -16.869758
   3.62557    -16.869757    -16.869758
   3.57089    -16.868308    -16.868309
   3.51620    -16.864439    -16.864440
   3.46152    -16.859313    -16.859314
   3.40684    -16.854272    -16.854273
   3.35215    -16.850500    -16.850501
   3.29747    -16.848845    -16.848846
   3.24279    -16.849835    -16.849836
   3.18811    -16.853828    -16.853829
   3.13342    -16.860967    -16.860967
   3.07874    -16.871200    -16.871201
   3.02406    -16.884355    -16.884355
   2.96937    -16.900124    -16.900124
   2.91469    -16.917502    -16.917503
   2.91469    -16.917502    -16.917503
   2.85647    -16.914944    -16.914944
   2.79826    -16.910530    -16.910530
   2.74004    -16.905087    -16.905087
   2.68182    -16.899505    -16.899505
   2.62360    -16.894826    -16.894826
   2.56539    -16.891890    -16.891890
   2.50717    -16.890955    -16.890956
   2.50717    -16.890955    -16.890956
   2.45249    -16.880760    -16.880760
   2.39780    -16.869674    -16.869674
   2.34312    -16.858810    -16.858811
   2.28844    -16.848459    -16.848460
   2.23375    -16.838809    -16.838810
   2.17907    -16.829994    -16.829994
   2.12439    -16.822155    -16.822156
   2.06971    -16.815370    -16.815370
   2.01502    -16.809732    -16.809733
   1.96034    -16.805297    -16.805298
   1.90566    -16.802098    -16.802099
   1.85097    -16.798183    -16.798184
   1.79629    -16.794103    -16.794104
   1.79629    -16.794103    -16.794104
   1.73496    -16.801296    -16.801296
   1.67364    -16.806540    -16.806540
   1.61231    -16.815035    -16.815036
   1.55098    -16.826449    -16.826450
   1.48965    -16.840349    -16.840350
   1.42832    -16.856223    -16.856224
   1.36700    -16.873415    -16.873416
   1.30567    -16.889739    -16.889740
   1.30567    -16.889739    -16.889740
   1.24745    -16.890268    -16.890268
   1.18923    -16.892482    -16.892482
   1.13102    -16.896577    -16.896577
   1.07280    -16.901854    -16.901855
   1.01458    -16.907228    -16.907229
   0.95636    -16.911656    -16.911657
   0.89815    -16.913839    -16.913840
   0.89815    -16.913839    -16.913840
   0.83682    -16.887013    -16.887014
   0.77549    -16.865374    -16.865374
   0.71416    -16.851842    -16.851843
   0.65283    -16.846896    -16.846897
   0.59151    -16.849548    -16.849549
   0.53018    -16.857342    -16.857343
   0.46885    -16.865931    -16.865932
   0.40752    -16.869757    -16.869758
   0.40752    -16.869757    -16.869758
   0.34931    -16.850473    -16.850474
   0.29109    -16.833305    -16.833306
   0.23287    -16.819180    -16.819181
   0.17465    -16.808184    -16.808185
   0.11644    -16.800356    -16.800357
   0.05822    -16.795668    -16.795669
   0.00000    -16.794103    -16.794104
 
# Band-Index   17
   0.00000    -15.924238    -15.924237
   0.05822    -15.921543    -15.921542
   0.11644    -15.914432    -15.914431
   0.17465    -15.905498    -15.905497
   0.23287    -15.897177    -15.897176
   0.29109    -15.889484    -15.889482
   0.34931    -15.881336    -15.881334
   0.40752    -15.872817    -15.872816
   0.40752    -15.872817    -15.872816
   0.46885    -15.874039    -15.874037
   0.53018    -15.877487    -15.877486
   0.59151    -15.882527    -15.882525
   0.65283    -15.888260    -15.888258
   0.71416    -15.893746    -15.893744
   0.77549    -15.898190    -15.898188
   0.83682    -15.901040    -15.901038
   0.89815    -15.902021    -15.902020
   0.89815    -15.902021    -15.902020
   0.95636    -15.907668    -15.907666
   1.01458    -15.920980    -15.920979
   1.07280    -15.936472    -15.936470
   1.13102    -15.950737    -15.950736
   1.18923    -15.961894    -15.961892
   1.24745    -15.968911    -15.968909
   1.30567    -15.971294    -15.971292
   1.30567    -15.971294    -15.971292
   1.36700    -15.969632    -15.969630
   1.42832    -15.961924    -15.961923
   1.48965    -15.949527    -15.949525
   1.55098    -15.940117    -15.940116
   1.61231    -15.932604    -15.932603
   1.67364    -15.927628    -15.927627
   1.73496    -15.925022    -15.925021
   1.79629    -15.924238    -15.924237
   1.79629    -15.924238    -15.924237
   1.85097    -15.925027    -15.925026
   1.90566    -15.927379    -15.927378
   1.96034    -15.931298    -15.931297
   2.01502    -15.936853    -15.936852
   2.06971    -15.943936    -15.943935
   2.12439    -15.951864    -15.951862
   2.17907    -15.959159    -15.959158
   2.23375    -15.963951    -15.963950
   2.28844    -15.964517    -15.964515
   2.34312    -15.959704    -15.959703
   2.39780    -15.949070    -15.949069
   2.45249    -15.932916    -15.932915
   2.50717    -15.912459    -15.912457
   2.50717    -15.912459    -15.912457
   2.56539    -15.910705    -15.910703
   2.62360    -15.905652    -15.905650
   2.68182    -15.897976    -15.897975
   2.74004    -15.888831    -15.888830
   2.79826    -15.879836    -15.879835
   2.85647    -15.873029    -15.873027
   2.91469    -15.870446    -15.870445
   2.91469    -15.870446    -15.870445
   2.96937    -15.871728    -15.871727
   3.02406    -15.874950    -15.874949
   3.07874    -15.878802    -15.878800
   3.13342    -15.882095    -15.882094
   3.18811    -15.884174    -15.884173
   3.24279    -15.884868    -15.884867
   3.29747    -15.884326    -15.884325
   3.35215    -15.882798    -15.882797
   3.40684    -15.880548    -15.880546
   3.46152    -15.877909    -15.877907
   3.51620    -15.875367    -15.875366
   3.57089    -15.873502    -15.873500
   3.62557    -15.872817    -15.872816
   3.62557    -15.872817    -15.872816
   3.68279    -15.872969    -15.872968
   3.74000    -15.873509    -15.873507
   3.79722    -15.874617    -15.874615
   3.85443    -15.876444    -15.876443
   3.91165    -15.878943    -15.878941
   3.96887    -15.881777    -15.881775
   4.02608    -15.884411    -15.884409
   4.08330    -15.886267    -15.886265
   4.14052    -15.886932    -15.886931
   4.14052    -15.886932    -15.886931
   4.19873    -15.895527    -15.895526
   4.25695    -15.903705    -15.903704
   4.31517    -15.910026    -15.910024
   4.37339    -15.913596    -15.913594
   4.43160    -15.914085    -15.914083
   4.48982    -15.912375    -15.912374
   4.54804    -15.911129    -15.911127
   4.54804    -15.911129    -15.911127
   4.60526    -15.910748    -15.910746
   4.66247    -15.909839    -15.909838
   4.71969    -15.909214    -15.909213
   4.77691    -15.910048    -15.910047
   4.83412    -15.912833    -15.912832
   4.89134    -15.916767    -15.916766
   4.94856    -15.920594    -15.920593
   5.00577    -15.923277    -15.923276
   5.06299    -15.924238    -15.924237
 
# Band-Index   18
   5.06299    -15.836162    -15.836161
   5.00577    -15.836910    -15.836908
   4.94856    -15.839014    -15.839013
   4.89134    -15.842213    -15.842211
   4.83412    -15.846184    -15.846183
   4.77691    -15.850463    -15.850461
   4.71969    -15.854480    -15.854478
   4.66247    -15.857677    -15.857675
   4.60526    -15.859717    -15.859715
   4.54804    -15.860417    -15.860415
   4.54804    -15.860417    -15.860415
   4.48982    -15.856423    -15.856421
   4.43160    -15.853584    -15.853583
   4.37339    -15.857291    -15.857290
   4.31517    -15.862600    -15.862598
   4.25695    -15.869438    -15.869437
   4.19873    -15.877557    -15.877556
   4.14052    -15.886060    -15.886059
   4.14052    -15.886060    -15.886059
   4.08330    -15.885387    -15.885386
   4.02608    -15.883507    -15.883506
   3.96887    -15.880837    -15.880836
   3.91165    -15.877958    -15.877957
   3.85443    -15.875411    -15.875410
   3.79722    -15.873538    -15.873537
   3.74000    -15.872393    -15.872392
   3.68279    -15.871830    -15.871829
   3.62557    -15.871670    -15.871669
   3.62557    -15.871670    -15.871669
   3.57089    -15.872361    -15.872360
   3.51620    -15.874245    -15.874244
   3.46152    -15.876815    -15.876813
   3.40684    -15.879490    -15.879489
   3.35215    -15.881790    -15.881789
   3.29747    -15.883384    -15.883383
   3.24279    -15.884003    -15.884001
   3.18811    -15.883375    -15.883374
   3.13342    -15.881332    -15.881331
   3.07874    -15.878033    -15.878032
   3.02406    -15.874141    -15.874140
   2.96937    -15.870869    -15.870868
   2.91469    -15.869563    -15.869562
   2.91469    -15.869563    -15.869562
   2.85647    -15.872176    -15.872175
   2.79826    -15.879057    -15.879056
   2.74004    -15.888139    -15.888138
   2.68182    -15.897369    -15.897368
   2.62360    -15.905118    -15.905117
   2.56539    -15.910221    -15.910220
   2.50717    -15.911994    -15.911993
   2.50717    -15.911994    -15.911993
   2.45249    -15.888514    -15.888513
   2.39780    -15.863680    -15.863679
   2.34312    -15.840466    -15.840465
   2.28844    -15.831833    -15.831832
   2.23375    -15.842342    -15.842341
   2.17907    -15.852555    -15.852553
   2.12439    -15.859856    -15.859855
   2.06971    -15.863626    -15.863625
   2.01502    -15.863635    -15.863634
   1.96034    -15.859969    -15.859967
   1.90566    -15.853025    -15.853024
   1.85097    -15.843684    -15.843683
   1.79629    -15.836162    -15.836161
   1.79629    -15.836162    -15.836161
   1.73496    -15.856434    -15.856433
   1.67364    -15.881775    -15.881774
   1.61231    -15.906558    -15.906557
   1.55098    -15.929175    -15.929174
   1.48965    -15.948049    -15.948048
   1.42832    -15.959099    -15.959098
   1.36700    -15.966989    -15.966988
   1.30567    -15.970805    -15.970803
   1.30567    -15.970805    -15.970803
   1.24745    -15.968402    -15.968400
   1.18923    -15.961328    -15.961326
   1.13102    -15.950081    -15.950080
   1.07280    -15.935696    -15.935695
   1.01458    -15.920056    -15.920055
   0.95636    -15.906577    -15.906576
   0.89815    -15.900839    -15.900838
   0.89815    -15.900839    -15.900838
   0.83682    -15.899859    -15.899858
   0.77549    -15.897010    -15.897009
   0.71416    -15.892570    -15.892569
   0.65283    -15.887089    -15.887088
   0.59151    -15.881363    -15.881362
   0.53018    -15.876331    -15.876330
   0.46885    -15.872889    -15.872888
   0.40752    -15.871670    -15.871669
   0.40752    -15.871670    -15.871669
   0.34931    -15.862520    -15.862518
   0.29109    -15.852835    -15.852834
   0.23287    -15.843846    -15.843845
   0.17465    -15.836202    -15.836201
   0.11644    -15.838916    -15.838914
   0.05822    -15.837641    -15.837640
   0.00000    -15.836162    -15.836161
 
# Band-Index   19
   0.00000    -15.825479    -15.825478
   0.05822    -15.826711    -15.826710
   0.11644    -15.830343    -15.830342
   0.17465    -15.834569    -15.834567
   0.23287    -15.821698    -15.821697
   0.29109    -15.801505    -15.801504
   0.34931    -15.778315    -15.778314
   0.40752    -15.758662    -15.758661
   0.40752    -15.758662    -15.758661
   0.46885    -15.763311    -15.763310
   0.53018    -15.772368    -15.772367
   0.59151    -15.781971    -15.781969
   0.65283    -15.790822    -15.790820
   0.71416    -15.798306    -15.798305
   0.77549    -15.803997    -15.803995
   0.83682    -15.807560    -15.807559
   0.89815    -15.808777    -15.808775
   0.89815    -15.808777    -15.808775
   0.95636    -15.803282    -15.803281
   1.01458    -15.790530    -15.790529
   1.07280    -15.776229    -15.776228
   1.13102    -15.764076    -15.764074
   1.18923    -15.755979    -15.755978
   1.24745    -15.752003    -15.752001
   1.30567    -15.750923    -15.750922
   1.30567    -15.750923    -15.750922
   1.36700    -15.758329    -15.758328
   1.42832    -15.767580    -15.767579
   1.48965    -15.776967    -15.776965
   1.55098    -15.785262    -15.785261
   1.61231    -15.791569    -15.791568
   1.67364    -15.795578    -15.795577
   1.73496    -15.806983    -15.806981
   1.79629    -15.825479    -15.825478
   1.79629    -15.825479    -15.825478
   1.85097    -15.817074    -15.817073
   1.90566    -15.809992    -15.809990
   1.96034    -15.820653    -15.820652
   2.01502    -15.830598    -15.830597
   2.06971    -15.837433    -15.837432
   2.12439    -15.839780    -15.839779
   2.17907    -15.837433    -15.837432
   2.23375    -15.831191    -15.831190
   2.28844    -15.822307    -15.822305
   2.34312    -15.812237    -15.812235
   2.39780    -15.802343    -15.802341
   2.45249    -15.793695    -15.793694
   2.50717    -15.787263    -15.787261
   2.50717    -15.787263    -15.787261
   2.56539    -15.787025    -15.787024
   2.62360    -15.786522    -15.786520
   2.68182    -15.786322    -15.786321
   2.74004    -15.787079    -15.787077
   2.79826    -15.788951    -15.788950
   2.85647    -15.791118    -15.791116
   2.91469    -15.792103    -15.792101
   2.91469    -15.792103    -15.792101
   2.96937    -15.793190    -15.793189
   3.02406    -15.796573    -15.796572
   3.07874    -15.801733    -15.801732
   3.13342    -15.807249    -15.807247
   3.18811    -15.811544    -15.811542
   3.24279    -15.813324    -15.813322
   3.29747    -15.811778    -15.811776
   3.35215    -15.806718    -15.806717
   3.40684    -15.798556    -15.798555
   3.46152    -15.788068    -15.788067
   3.51620    -15.776297    -15.776296
   3.57089    -15.764863    -15.764862
   3.62557    -15.758662    -15.758661
   3.62557    -15.758662    -15.758661
   3.68279    -15.762218    -15.762216
   3.74000    -15.769637    -15.769635
   3.79722    -15.777679    -15.777678
   3.85443    -15.784934    -15.784933
   3.91165    -15.790828    -15.790827
   3.96887    -15.795241    -15.795239
   4.02608    -15.798277    -15.798276
   4.08330    -15.800057    -15.800056
   4.14052    -15.800644    -15.800642
   4.14052    -15.800644    -15.800642
   4.19873    -15.807654    -15.807653
   4.25695    -15.815924    -15.815922
   4.31517    -15.825328    -15.825327
   4.37339    -15.835872    -15.835870
   4.43160    -15.846912    -15.846910
   4.48982    -15.851362    -15.851361
   4.54804    -15.850645    -15.850644
   4.54804    -15.850645    -15.850644
   4.60526    -15.850897    -15.850896
   4.66247    -15.851167    -15.851165
   4.71969    -15.850037    -15.850036
   4.77691    -15.845632    -15.845631
   4.83412    -15.837054    -15.837052
   4.89134    -15.825250    -15.825248
   4.94856    -15.823509    -15.823507
   5.00577    -15.824958    -15.824957
   5.06299    -15.825479    -15.825478
 
# Band-Index   20
   5.06299    -15.798147    -15.798146
   5.00577    -15.802259    -15.802257
   4.94856    -15.812559    -15.812557
   4.89134    -15.821244    -15.821242
   4.83412    -15.818198    -15.818197
   4.77691    -15.814363    -15.814361
   4.71969    -15.809838    -15.809836
   4.66247    -15.804937    -15.804935
   4.60526    -15.800574    -15.800572
   4.54804    -15.798639    -15.798638
   4.54804    -15.798639    -15.798638
   4.48982    -15.795779    -15.795777
   4.43160    -15.787552    -15.787550
   4.37339    -15.775289    -15.775287
   4.31517    -15.780885    -15.780884
   4.25695    -15.787070    -15.787069
   4.19873    -15.793495    -15.793494
   4.14052    -15.799900    -15.799899
   4.14052    -15.799900    -15.799899
   4.08330    -15.799269    -15.799268
   4.02608    -15.797385    -15.797384
   3.96887    -15.794241    -15.794240
   3.91165    -15.789751    -15.789751
   3.85443    -15.783825    -15.783824
   3.79722    -15.776582    -15.776582
   3.74000    -15.768612    -15.768612
   3.68279    -15.761403    -15.761402
   3.62557    -15.758164    -15.758163
   3.62557    -15.758164    -15.758163
   3.57089    -15.763952    -15.763951
   3.51620    -15.775249    -15.775249
   3.46152    -15.787005    -15.787004
   3.40684    -15.797513    -15.797513
   3.35215    -15.805725    -15.805724
   3.29747    -15.810868    -15.810867
   3.24279    -15.812528    -15.812527
   3.18811    -15.810874    -15.810873
   3.13342    -15.806687    -15.806686
   3.07874    -15.801222    -15.801221
   3.02406    -15.796004    -15.796004
   2.96937    -15.792468    -15.792467
   2.91469    -15.791288    -15.791287
   2.91469    -15.791288    -15.791287
   2.85647    -15.790314    -15.790313
   2.79826    -15.788182    -15.788181
   2.74004    -15.786370    -15.786369
   2.68182    -15.785682    -15.785681
   2.62360    -15.785931    -15.785930
   2.56539    -15.786458    -15.786457
   2.50717    -15.786702    -15.786700
   2.50717    -15.786702    -15.786700
   2.45249    -15.783543    -15.783541
   2.39780    -15.793456    -15.793454
   2.34312    -15.808453    -15.808452
   2.28844    -15.810128    -15.810127
   2.23375    -15.794574    -15.794573
   2.17907    -15.783154    -15.783153
   2.12439    -15.779060    -15.779059
   2.06971    -15.780347    -15.780346
   2.01502    -15.785680    -15.785679
   1.96034    -15.794266    -15.794265
   1.90566    -15.805144    -15.805142
   1.85097    -15.801458    -15.801456
   1.79629    -15.798147    -15.798146
   1.79629    -15.798147    -15.798146
   1.73496    -15.797562    -15.797560
   1.67364    -15.786754    -15.786753
   1.61231    -15.769926    -15.769925
   1.55098    -15.757151    -15.757150
   1.48965    -15.748811    -15.748810
   1.42832    -15.745051    -15.745050
   1.36700    -15.745807    -15.745806
   1.30567    -15.750284    -15.750283
   1.30567    -15.750284    -15.750283
   1.24745    -15.751325    -15.751324
   1.18923    -15.755230    -15.755229
   1.13102    -15.763290    -15.763290
   1.07280    -15.775446    -15.775445
   1.01458    -15.789739    -15.789738
   0.95636    -15.802443    -15.802442
   0.89815    -15.807894    -15.807894
   0.89815    -15.807894    -15.807894
   0.83682    -15.806677    -15.806676
   0.77549    -15.803109    -15.803108
   0.71416    -15.797405    -15.797405
   0.65283    -15.789898    -15.789897
   0.59151    -15.781020    -15.781020
   0.53018    -15.771415    -15.771415
   0.46885    -15.762483    -15.762482
   0.40752    -15.758164    -15.758163
   0.40752    -15.758164    -15.758163
   0.34931    -15.749010    -15.749009
   0.29109    -15.760409    -15.760408
   0.23287    -15.770337    -15.770336
   0.17465    -15.779637    -15.779636
   0.11644    -15.788244    -15.788243
   0.05822    -15.795205    -15.795203
   0.00000    -15.798147    -15.798146
 
# Band-Index   21
   0.00000    -15.716420    -15.716419
   0.05822    -15.717328    -15.717328
   0.11644    -15.719974    -15.719973
   0.17465    -15.724186    -15.724185
   0.23287    -15.729798    -15.729797
   0.29109    -15.736771    -15.736771
   0.34931    -15.745569    -15.745568
   0.40752    -15.732930    -15.732929
   0.40752    -15.732930    -15.732929
   0.46885    -15.728984    -15.728983
   0.53018    -15.720982    -15.720980
   0.59151    -15.712702    -15.712701
   0.65283    -15.705341    -15.705340
   0.71416    -15.699348    -15.699347
   0.77549    -15.694946    -15.694945
   0.83682    -15.692257    -15.692256
   0.89815    -15.691353    -15.691352
   0.89815    -15.691353    -15.691352
   0.95636    -15.692087    -15.692086
   1.01458    -15.694047    -15.694046
   1.07280    -15.696551    -15.696550
   1.13102    -15.698533    -15.698532
   1.18923    -15.699079    -15.699078
   1.24745    -15.698444    -15.698443
   1.30567    -15.697980    -15.697979
   1.30567    -15.697980    -15.697979
   1.36700    -15.702755    -15.702755
   1.42832    -15.706711    -15.706711
   1.48965    -15.709792    -15.709791
   1.55098    -15.712192    -15.712191
   1.61231    -15.714028    -15.714027
   1.67364    -15.715348    -15.715347
   1.73496    -15.716150    -15.716149
   1.79629    -15.716420    -15.716419
   1.79629    -15.716420    -15.716419
   1.85097    -15.714295    -15.714294
   1.90566    -15.709090    -15.709089
   1.96034    -15.702942    -15.702941
   2.01502    -15.704400    -15.704399
   2.06971    -15.725485    -15.725484
   2.12439    -15.743254    -15.743253
   2.17907    -15.757107    -15.757105
   2.23375    -15.765579    -15.765577
   2.28844    -15.770100    -15.770098
   2.34312    -15.773128    -15.773127
   2.39780    -15.775500    -15.775498
   2.45249    -15.771674    -15.771673
   2.50717    -15.756364    -15.756363
   2.50717    -15.756364    -15.756363
   2.56539    -15.756859    -15.756858
   2.62360    -15.758209    -15.758208
   2.68182    -15.760022    -15.760021
   2.74004    -15.761726    -15.761725
   2.79826    -15.762841    -15.762840
   2.85647    -15.763342    -15.763341
   2.91469    -15.763468    -15.763466
   2.91469    -15.763468    -15.763466
   2.96937    -15.761433    -15.761431
   3.02406    -15.755525    -15.755524
   3.07874    -15.746745    -15.746743
   3.13342    -15.736623    -15.736622
   3.18811    -15.726583    -15.726582
   3.24279    -15.717810    -15.717809
   3.29747    -15.711300    -15.711299
   3.35215    -15.707889    -15.707888
   3.40684    -15.708131    -15.708130
   3.46152    -15.712124    -15.712123
   3.51620    -15.719323    -15.719321
   3.57089    -15.728014    -15.728013
   3.62557    -15.732930    -15.732929
   3.62557    -15.732930    -15.732929
   3.68279    -15.730675    -15.730674
   3.74000    -15.726241    -15.726239
   3.79722    -15.722561    -15.722559
   3.85443    -15.720643    -15.720641
   3.91165    -15.720439    -15.720437
   3.96887    -15.721362    -15.721360
   4.02608    -15.722671    -15.722669
   4.08330    -15.723709    -15.723707
   4.14052    -15.724095    -15.724093
   4.14052    -15.724095    -15.724093
   4.19873    -15.733707    -15.733706
   4.25695    -15.746426    -15.746425
   4.31517    -15.760783    -15.760781
   4.37339    -15.775000    -15.774999
   4.43160    -15.770118    -15.770117
   4.48982    -15.766669    -15.766668
   4.54804    -15.765416    -15.765415
   4.54804    -15.765416    -15.765415
   4.60526    -15.762202    -15.762200
   4.66247    -15.753815    -15.753814
   4.71969    -15.741624    -15.741622
   4.77691    -15.725787    -15.725785
   4.83412    -15.706058    -15.706057
   4.89134    -15.704936    -15.704935
   4.94856    -15.709471    -15.709471
   5.00577    -15.714256    -15.714256
   5.06299    -15.716420    -15.716419
 
# Band-Index   22
   5.06299    -15.625389    -15.625388
   5.00577    -15.634871    -15.634871
   4.94856    -15.657052    -15.657051
   4.89134    -15.682485    -15.682484
   4.83412    -15.702286    -15.702286
   4.77691    -15.702071    -15.702071
   4.71969    -15.703632    -15.703631
   4.66247    -15.705951    -15.705951
   4.60526    -15.707891    -15.707891
   4.54804    -15.708640    -15.708640
   4.54804    -15.708640    -15.708640
   4.48982    -15.708319    -15.708318
   4.43160    -15.707671    -15.707671
   4.37339    -15.707397    -15.707397
   4.31517    -15.708275    -15.708274
   4.25695    -15.710928    -15.710927
   4.19873    -15.715848    -15.715847
   4.14052    -15.722742    -15.722741
   4.14052    -15.722742    -15.722741
   4.08330    -15.722350    -15.722349
   4.02608    -15.721301    -15.721300
   3.96887    -15.719993    -15.719992
   3.91165    -15.719095    -15.719095
   3.85443    -15.719354    -15.719353
   3.79722    -15.721356    -15.721355
   3.74000    -15.725168    -15.725167
   3.68279    -15.729871    -15.729870
   3.62557    -15.732521    -15.732520
   3.62557    -15.732521    -15.732520
   3.57089    -15.727067    -15.727066
   3.51620    -15.718156    -15.718156
   3.46152    -15.710877    -15.710876
   3.40684    -15.706850    -15.706850
   3.35215    -15.706603    -15.706603
   3.29747    -15.710031    -15.710031
   3.24279    -15.716570    -15.716570
   3.18811    -15.725375    -15.725374
   3.13342    -15.735436    -15.735436
   3.07874    -15.745560    -15.745560
   3.02406    -15.754319    -15.754318
   2.96937    -15.760186    -15.760186
   2.91469    -15.762197    -15.762197
   2.91469    -15.762197    -15.762197
   2.85647    -15.762073    -15.762073
   2.79826    -15.761586    -15.761586
   2.74004    -15.760513    -15.760513
   2.68182    -15.758871    -15.758870
   2.62360    -15.757104    -15.757104
   2.56539    -15.755778    -15.755778
   2.50717    -15.755290    -15.755289
   2.50717    -15.755290    -15.755289
   2.45249    -15.739482    -15.739481
   2.39780    -15.724786    -15.724786
   2.34312    -15.712509    -15.712508
   2.28844    -15.703052    -15.703051
   2.23375    -15.696536    -15.696536
   2.17907    -15.692898    -15.692898
   2.12439    -15.692008    -15.692008
   2.06971    -15.693631    -15.693631
   2.01502    -15.697427    -15.697426
   1.96034    -15.680341    -15.680339
   1.90566    -15.655329    -15.655328
   1.85097    -15.634215    -15.634215
   1.79629    -15.625389    -15.625388
   1.79629    -15.625389    -15.625388
   1.73496    -15.628355    -15.628354
   1.67364    -15.636318    -15.636318
   1.61231    -15.647255    -15.647254
   1.55098    -15.659274    -15.659273
   1.48965    -15.671052    -15.671051
   1.42832    -15.681693    -15.681692
   1.36700    -15.690576    -15.690576
   1.30567    -15.697073    -15.697073
   1.30567    -15.697073    -15.697073
   1.24745    -15.697463    -15.697463
   1.18923    -15.697952    -15.697951
   1.13102    -15.697306    -15.697306
   1.07280    -15.695297    -15.695297
   1.01458    -15.692798    -15.692798
   0.95636    -15.690849    -15.690849
   0.89815    -15.690118    -15.690118
   0.89815    -15.690118    -15.690118
   0.83682    -15.691023    -15.691022
   0.77549    -15.693715    -15.693714
   0.71416    -15.698122    -15.698121
   0.65283    -15.704127    -15.704126
   0.59151    -15.711518    -15.711517
   0.53018    -15.719874    -15.719874
   0.46885    -15.728106    -15.728105
   0.40752    -15.732521    -15.732520
   0.40752    -15.732521    -15.732520
   0.34931    -15.710208    -15.710207
   0.29109    -15.686448    -15.686447
   0.23287    -15.665055    -15.665054
   0.17465    -15.647710    -15.647710
   0.11644    -15.635234    -15.635234
   0.05822    -15.627830    -15.627829
   0.00000    -15.625389    -15.625388
 
# Band-Index   23
   0.00000    -15.454809    -15.454809
   0.05822    -15.451865    -15.451864
   0.11644    -15.444138    -15.444137
   0.17465    -15.434222    -15.434221
   0.23287    -15.424717    -15.424716
   0.29109    -15.417216    -15.417216
   0.34931    -15.412333    -15.412333
   0.40752    -15.410000    -15.410000
   0.40752    -15.410000    -15.410000
   0.46885    -15.409006    -15.409006
   0.53018    -15.406228    -15.406229
   0.59151    -15.402165    -15.402165
   0.65283    -15.397520    -15.397520
   0.71416    -15.393034    -15.393035
   0.77549    -15.389344    -15.389344
   0.83682    -15.386930    -15.386930
   0.89815    -15.386092    -15.386092
   0.89815    -15.386092    -15.386092
   0.95636    -15.387650    -15.387651
   1.01458    -15.392046    -15.392046
   1.07280    -15.398505    -15.398505
   1.13102    -15.405825    -15.405825
   1.18923    -15.412565    -15.412564
   1.24745    -15.417309    -15.417309
   1.30567    -15.419021    -15.419021
   1.30567    -15.419021    -15.419021
   1.36700    -15.421813    -15.421813
   1.42832    -15.425496    -15.425496
   1.48965    -15.430086    -15.430085
   1.55098    -15.435610    -15.435610
   1.61231    -15.441841    -15.441840
   1.67364    -15.448061    -15.448061
   1.73496    -15.452931    -15.452931
   1.79629    -15.454809    -15.454809
   1.79629    -15.454809    -15.454809
   1.85097    -15.447209    -15.447209
   1.90566    -15.429896    -15.429896
   1.96034    -15.412845    -15.412844
   2.01502    -15.417198    -15.417197
   2.06971    -15.422505    -15.422505
   2.12439    -15.428371    -15.428370
   2.17907    -15.434198    -15.434198
   2.23375    -15.439167    -15.439166
   2.28844    -15.442274    -15.442274
   2.34312    -15.442601    -15.442601
   2.39780    -15.439549    -15.439549
   2.45249    -15.433141    -15.433141
   2.50717    -15.424228    -15.424228
   2.50717    -15.424228    -15.424228
   2.56539    -15.424013    -15.424013
   2.62360    -15.423477    -15.423477
   2.68182    -15.422863    -15.422863
   2.74004    -15.422410    -15.422410
   2.79826    -15.422197    -15.422197
   2.85647    -15.422155    -15.422155
   2.91469    -15.422161    -15.422161
   2.91469    -15.422161    -15.422161
   2.96937    -15.420797    -15.420797
   3.02406    -15.417139    -15.417139
   3.07874    -15.412278    -15.412278
   3.13342    -15.407528    -15.407528
   3.18811    -15.403990    -15.403990
   3.24279    -15.402252    -15.402252
   3.29747    -15.402312    -15.402312
   3.35215    -15.403700    -15.403700
   3.40684    -15.405680    -15.405680
   3.46152    -15.407574    -15.407574
   3.51620    -15.408971    -15.408971
   3.57089    -15.409753    -15.409753
   3.62557    -15.410000    -15.410000
   3.62557    -15.410000    -15.410000
   3.68279    -15.411013    -15.411013
   3.74000    -15.413747    -15.413747
   3.79722    -15.417386    -15.417386
   3.85443    -15.420994    -15.420994
   3.91165    -15.423873    -15.423874
   3.96887    -15.425750    -15.425750
   4.02608    -15.426734    -15.426734
   4.08330    -15.427129    -15.427129
   4.14052    -15.427219    -15.427219
   4.14052    -15.427219    -15.427219
   4.19873    -15.441709    -15.441709
   4.25695    -15.455235    -15.455235
   4.31517    -15.466612    -15.466612
   4.37339    -15.475207    -15.475206
   4.43160    -15.480933    -15.480932
   4.48982    -15.484100    -15.484099
   4.54804    -15.485097    -15.485096
   4.54804    -15.485097    -15.485096
   4.60526    -15.482173    -15.482172
   4.66247    -15.473977    -15.473976
   4.71969    -15.462013    -15.462012
   4.77691    -15.448287    -15.448286
   4.83412    -15.434790    -15.434790
   4.89134    -15.423113    -15.423113
   4.94856    -15.427187    -15.427187
   5.00577    -15.446282    -15.446282
   5.06299    -15.454809    -15.454809
 
# Band-Index   24
   5.06299    -15.407041    -15.407041
   5.00577    -15.408867    -15.408867
   4.94856    -15.414297    -15.414297
   4.89134    -15.407176    -15.407176
   4.83412    -15.391138    -15.391138
   4.77691    -15.380109    -15.380109
   4.71969    -15.373362    -15.373363
   4.66247    -15.369656    -15.369657
   4.60526    -15.367918    -15.367919
   4.54804    -15.367417    -15.367418
   4.54804    -15.367417    -15.367418
   4.48982    -15.368696    -15.368697
   4.43160    -15.372517    -15.372518
   4.37339    -15.378920    -15.378921
   4.31517    -15.387888    -15.387888
   4.25695    -15.399241    -15.399242
   4.19873    -15.412562    -15.412562
   4.14052    -15.426927    -15.426927
   4.14052    -15.426927    -15.426927
   4.08330    -15.426837    -15.426837
   4.02608    -15.426441    -15.426440
   3.96887    -15.425458    -15.425458
   3.91165    -15.423588    -15.423588
   3.85443    -15.420721    -15.420721
   3.79722    -15.417130    -15.417130
   3.74000    -15.413509    -15.413508
   3.68279    -15.410787    -15.410787
   3.62557    -15.409779    -15.409779
   3.62557    -15.409779    -15.409779
   3.57089    -15.409521    -15.409521
   3.51620    -15.408707    -15.408706
   3.46152    -15.407262    -15.407262
   3.40684    -15.405311    -15.405311
   3.35215    -15.403273    -15.403273
   3.29747    -15.401830    -15.401830
   3.24279    -15.401720    -15.401720
   3.18811    -15.403413    -15.403412
   3.13342    -15.406910    -15.406910
   3.07874    -15.411625    -15.411625
   3.02406    -15.416456    -15.416456
   2.96937    -15.420094    -15.420094
   2.91469    -15.421452    -15.421451
   2.91469    -15.421452    -15.421451
   2.85647    -15.421462    -15.421461
   2.79826    -15.421551    -15.421550
   2.74004    -15.421837    -15.421836
   2.68182    -15.422381    -15.422381
   2.62360    -15.423094    -15.423093
   2.56539    -15.423716    -15.423715
   2.50717    -15.423967    -15.423967
   2.50717    -15.423967    -15.423967
   2.45249    -15.413653    -15.413653
   2.39780    -15.403200    -15.403200
   2.34312    -15.393923    -15.393924
   2.28844    -15.386639    -15.386639
   2.23375    -15.381828    -15.381828
   2.17907    -15.379830    -15.379830
   2.12439    -15.381141    -15.381142
   2.06971    -15.386431    -15.386432
   2.01502    -15.396452    -15.396452
   1.96034    -15.411396    -15.411396
   1.90566    -15.409630    -15.409629
   1.85097    -15.407688    -15.407688
   1.79629    -15.407041    -15.407041
   1.79629    -15.407041    -15.407041
   1.73496    -15.407353    -15.407352
   1.67364    -15.408235    -15.408235
   1.61231    -15.409535    -15.409535
   1.55098    -15.411086    -15.411085
   1.48965    -15.412764    -15.412764
   1.42832    -15.414550    -15.414550
   1.36700    -15.416538    -15.416538
   1.30567    -15.418773    -15.418773
   1.30567    -15.418773    -15.418773
   1.24745    -15.417050    -15.417049
   1.18923    -15.412273    -15.412272
   1.13102    -15.405486    -15.405485
   1.07280    -15.398108    -15.398108
   1.01458    -15.391595    -15.391594
   0.95636    -15.387158    -15.387158
   0.89815    -15.385584    -15.385584
   0.89815    -15.385584    -15.385584
   0.83682    -15.386431    -15.386431
   0.77549    -15.388871    -15.388871
   0.71416    -15.392603    -15.392602
   0.65283    -15.397140    -15.397140
   0.59151    -15.401842    -15.401841
   0.53018    -15.405957    -15.405957
   0.46885    -15.408772    -15.408771
   0.40752    -15.409779    -15.409779
   0.40752    -15.409779    -15.409779
   0.34931    -15.409241    -15.409241
   0.29109    -15.409522    -15.409522
   0.23287    -15.409850    -15.409850
   0.17465    -15.409569    -15.409569
   0.11644    -15.408627    -15.408626
   0.05822    -15.407529    -15.407529
   0.00000    -15.407041    -15.407041
 
# Band-Index   25
   0.00000    -15.189946    -15.189948
   0.05822    -15.188630    -15.188631
   0.11644    -15.186413    -15.186414
   0.17465    -15.183748    -15.183749
   0.23287    -15.180177    -15.180177
   0.29109    -15.175454    -15.175455
   0.34931    -15.169461    -15.169462
   0.40752    -15.162201    -15.162201
   0.40752    -15.162201    -15.162201
   0.46885    -15.161860    -15.161860
   0.53018    -15.160894    -15.160894
   0.59151    -15.159380    -15.159381
   0.65283    -15.157486    -15.157486
   0.71416    -15.155465    -15.155465
   0.77549    -15.153638    -15.153639
   0.83682    -15.152349    -15.152350
   0.89815    -15.151880    -15.151880
   0.89815    -15.151880    -15.151880
   0.95636    -15.156244    -15.156245
   1.01458    -15.165826    -15.165826
   1.07280    -15.176113    -15.176114
   1.13102    -15.184970    -15.184971
   1.18923    -15.191549    -15.191550
   1.24745    -15.195548    -15.195549
   1.30567    -15.196888    -15.196889
   1.30567    -15.196888    -15.196889
   1.36700    -15.199401    -15.199402
   1.42832    -15.201583    -15.201584
   1.48965    -15.202768    -15.202769
   1.55098    -15.202447    -15.202448
   1.61231    -15.200267    -15.200268
   1.67364    -15.196358    -15.196359
   1.73496    -15.192010    -15.192011
   1.79629    -15.189946    -15.189948
   1.79629    -15.189946    -15.189948
   1.85097    -15.190888    -15.190889
   1.90566    -15.193354    -15.193355
   1.96034    -15.196650    -15.196651
   2.01502    -15.200229    -15.200230
   2.06971    -15.203787    -15.203789
   2.12439    -15.207160    -15.207161
   2.17907    -15.210174    -15.210175
   2.23375    -15.212578    -15.212579
   2.28844    -15.214069    -15.214070
   2.34312    -15.214416    -15.214417
   2.39780    -15.213547    -15.213548
   2.45249    -15.211596    -15.211597
   2.50717    -15.208985    -15.208986
   2.50717    -15.208985    -15.208986
   2.56539    -15.207277    -15.207278
   2.62360    -15.202163    -15.202164
   2.68182    -15.193801    -15.193802
   2.74004    -15.182714    -15.182714
   2.79826    -15.170163    -15.170164
   2.85647    -15.158868    -15.158869
   2.91469    -15.153872    -15.153872
   2.91469    -15.153872    -15.153872
   2.96937    -15.153900    -15.153900
   3.02406    -15.153981    -15.153982
   3.07874    -15.154166    -15.154167
   3.13342    -15.154506    -15.154507
   3.18811    -15.155062    -15.155063
   3.24279    -15.155858    -15.155858
   3.29747    -15.156877    -15.156877
   3.35215    -15.158053    -15.158053
   3.40684    -15.159282    -15.159283
   3.46152    -15.160432    -15.160432
   3.51620    -15.161372    -15.161372
   3.57089    -15.161982    -15.161982
   3.62557    -15.162201    -15.162201
   3.62557    -15.162201    -15.162201
   3.68279    -15.162612    -15.162612
   3.74000    -15.163839    -15.163840
   3.79722    -15.165802    -15.165803
   3.85443    -15.168346    -15.168347
   3.91165    -15.171190    -15.171191
   3.96887    -15.173967    -15.173967
   4.02608    -15.176301    -15.176302
   4.08330    -15.177854    -15.177854
   4.14052    -15.178392    -15.178392
   4.14052    -15.178392    -15.178392
   4.19873    -15.192180    -15.192181
   4.25695    -15.203269    -15.203270
   4.31517    -15.211580    -15.211581
   4.37339    -15.217205    -15.217206
   4.43160    -15.220386    -15.220387
   4.48982    -15.221613    -15.221614
   4.54804    -15.221807    -15.221808
   4.54804    -15.221807    -15.221808
   4.60526    -15.221077    -15.221078
   4.66247    -15.218861    -15.218862
   4.71969    -15.215111    -15.215112
   4.77691    -15.209880    -15.209881
   4.83412    -15.203517    -15.203518
   4.89134    -15.196733    -15.196734
   4.94856    -15.190581    -15.190582
   5.00577    -15.189897    -15.189899
   5.06299    -15.189946    -15.189948
 
# Band-Index   26
   5.06299    -15.184681    -15.184682
   5.00577    -15.186245    -15.186246
   4.94856    -15.189773    -15.189775
   4.89134    -15.189604    -15.189606
   4.83412    -15.189449    -15.189451
   4.77691    -15.189349    -15.189351
   4.71969    -15.189315    -15.189316
   4.66247    -15.189332    -15.189334
   4.60526    -15.189363    -15.189364
   4.54804    -15.189378    -15.189379
   4.54804    -15.189378    -15.189379
   4.48982    -15.185742    -15.185744
   4.43160    -15.175774    -15.175775
   4.37339    -15.161250    -15.161251
   4.31517    -15.143848    -15.143849
   4.25695    -15.144239    -15.144239
   4.19873    -15.162180    -15.162181
   4.14052    -15.178362    -15.178363
   4.14052    -15.178362    -15.178363
   4.08330    -15.177812    -15.177812
   4.02608    -15.176237    -15.176238
   3.96887    -15.173885    -15.173885
   3.91165    -15.171096    -15.171097
   3.85443    -15.168247    -15.168248
   3.79722    -15.165704    -15.165704
   3.74000    -15.163743    -15.163744
   3.68279    -15.162519    -15.162520
   3.62557    -15.162110    -15.162110
   3.62557    -15.162110    -15.162110
   3.57089    -15.161890    -15.161891
   3.51620    -15.161278    -15.161279
   3.46152    -15.160333    -15.160333
   3.40684    -15.159167    -15.159168
   3.35215    -15.157902    -15.157903
   3.29747    -15.156669    -15.156670
   3.24279    -15.155576    -15.155577
   3.18811    -15.154697    -15.154697
   3.13342    -15.154055    -15.154056
   3.07874    -15.153638    -15.153638
   3.02406    -15.153390    -15.153391
   2.96937    -15.153269    -15.153269
   2.91469    -15.153227    -15.153228
   2.91469    -15.153227    -15.153228
   2.85647    -15.158276    -15.158276
   2.79826    -15.169659    -15.169659
   2.74004    -15.182291    -15.182291
   2.68182    -15.193452    -15.193453
   2.62360    -15.201881    -15.201882
   2.56539    -15.207043    -15.207044
   2.50717    -15.208770    -15.208771
   2.50717    -15.208770    -15.208771
   2.45249    -15.205776    -15.205777
   2.39780    -15.202608    -15.202609
   2.34312    -15.199582    -15.199583
   2.28844    -15.196808    -15.196809
   2.23375    -15.194315    -15.194316
   2.17907    -15.192096    -15.192097
   2.12439    -15.190156    -15.190157
   2.06971    -15.188491    -15.188492
   2.01502    -15.187112    -15.187113
   1.96034    -15.186040    -15.186041
   1.90566    -15.185282    -15.185283
   1.85097    -15.184832    -15.184832
   1.79629    -15.184681    -15.184682
   1.79629    -15.184681    -15.184682
   1.73496    -15.184847    -15.184847
   1.67364    -15.185352    -15.185353
   1.61231    -15.186224    -15.186224
   1.55098    -15.187508    -15.187509
   1.48965    -15.189235    -15.189236
   1.42832    -15.191408    -15.191409
   1.36700    -15.193955    -15.193955
   1.30567    -15.196557    -15.196557
   1.30567    -15.196557    -15.196557
   1.24745    -15.195213    -15.195213
   1.18923    -15.191205    -15.191205
   1.13102    -15.184617    -15.184617
   1.07280    -15.175746    -15.175747
   1.01458    -15.165424    -15.165424
   0.95636    -15.155775    -15.155775
   0.89815    -15.151361    -15.151362
   0.89815    -15.151361    -15.151362
   0.83682    -15.151851    -15.151852
   0.77549    -15.153195    -15.153195
   0.71416    -15.155097    -15.155097
   0.65283    -15.157201    -15.157201
   0.59151    -15.159172    -15.159173
   0.53018    -15.160748    -15.160749
   0.46885    -15.161755    -15.161755
   0.40752    -15.162110    -15.162110
   0.40752    -15.162110    -15.162110
   0.34931    -15.153559    -15.153560
   0.29109    -15.143821    -15.143822
   0.23287    -15.144894    -15.144895
   0.17465    -15.161396    -15.161397
   0.11644    -15.174508    -15.174509
   0.05822    -15.182468    -15.182469
   0.00000    -15.184681    -15.184682
 
# Band-Index   27
   0.00000    -15.092763    -15.092763
   0.05822    -15.099229    -15.099230
   0.11644    -15.110252    -15.110253
   0.17465    -15.121829    -15.121829
   0.23287    -15.133155    -15.133155
   0.29109    -15.126443    -15.126445
   0.34931    -15.107376    -15.107377
   0.40752    -15.089196    -15.089198
   0.40752    -15.089196    -15.089198
   0.46885    -15.089306    -15.089307
   0.53018    -15.089652    -15.089653
   0.59151    -15.090233    -15.090235
   0.65283    -15.091008    -15.091010
   0.71416    -15.091870    -15.091871
   0.77549    -15.092683    -15.092684
   0.83682    -15.093301    -15.093302
   0.89815    -15.093527    -15.093528
   0.89815    -15.093527    -15.093528
   0.95636    -15.088675    -15.088676
   1.01458    -15.077941    -15.077942
   1.07280    -15.066510    -15.066511
   1.13102    -15.057316    -15.057317
   1.18923    -15.051450    -15.051451
   1.24745    -15.048491    -15.048492
   1.30567    -15.047618    -15.047619
   1.30567    -15.047618    -15.047619
   1.36700    -15.052554    -15.052555
   1.42832    -15.057830    -15.057831
   1.48965    -15.062993    -15.062994
   1.55098    -15.067802    -15.067803
   1.61231    -15.071978    -15.071979
   1.67364    -15.075250    -15.075250
   1.73496    -15.087036    -15.087036
   1.79629    -15.092763    -15.092763
   1.79629    -15.092763    -15.092763
   1.85097    -15.089674    -15.089675
   1.90566    -15.081404    -15.081404
   1.96034    -15.076467    -15.076468
   2.01502    -15.075388    -15.075389
   2.06971    -15.074142    -15.074143
   2.12439    -15.072748    -15.072748
   2.17907    -15.071143    -15.071144
   2.23375    -15.069175    -15.069176
   2.28844    -15.066607    -15.066608
   2.34312    -15.063270    -15.063271
   2.39780    -15.059104    -15.059105
   2.45249    -15.054247    -15.054248
   2.50717    -15.049386    -15.049387
   2.50717    -15.049386    -15.049387
   2.56539    -15.049621    -15.049622
   2.62360    -15.050750    -15.050751
   2.68182    -15.054068    -15.054069
   2.74004    -15.061016    -15.061018
   2.79826    -15.071210    -15.071211
   2.85647    -15.081508    -15.081509
   2.91469    -15.086267    -15.086268
   2.91469    -15.086267    -15.086268
   2.96937    -15.086456    -15.086457
   3.02406    -15.086999    -15.087000
   3.07874    -15.087814    -15.087815
   3.13342    -15.088754    -15.088756
   3.18811    -15.089628    -15.089629
   3.24279    -15.090247    -15.090249
   3.29747    -15.090505    -15.090506
   3.35215    -15.090423    -15.090424
   3.40684    -15.090119    -15.090121
   3.46152    -15.089752    -15.089754
   3.51620    -15.089445    -15.089446
   3.57089    -15.089256    -15.089257
   3.62557    -15.089196    -15.089198
   3.62557    -15.089196    -15.089198
   3.68279    -15.089194    -15.089195
   3.74000    -15.089191    -15.089192
   3.79722    -15.089176    -15.089177
   3.85443    -15.089145    -15.089147
   3.91165    -15.089101    -15.089102
   3.96887    -15.089047    -15.089049
   4.02608    -15.088994    -15.088996
   4.08330    -15.088958    -15.088960
   4.14052    -15.088944    -15.088945
   4.14052    -15.088944    -15.088945
   4.19873    -15.106391    -15.106392
   4.25695    -15.125103    -15.125105
   4.31517    -15.125550    -15.125551
   4.37339    -15.107386    -15.107387
   4.43160    -15.091244    -15.091244
   4.48982    -15.079168    -15.079169
   4.54804    -15.074370    -15.074370
   4.54804    -15.074370    -15.074370
   4.60526    -15.074405    -15.074405
   4.66247    -15.074514    -15.074514
   4.71969    -15.074736    -15.074737
   4.77691    -15.075120    -15.075120
   4.83412    -15.075696    -15.075697
   4.89134    -15.076430    -15.076430
   4.94856    -15.082633    -15.082633
   5.00577    -15.090064    -15.090064
   5.06299    -15.092763    -15.092763
 
# Band-Index   28
   5.06299    -15.078061    -15.078062
   5.00577    -15.077825    -15.077826
   4.94856    -15.077210    -15.077211
   4.89134    -15.072264    -15.072265
   4.83412    -15.061271    -15.061271
   4.77691    -15.051529    -15.051529
   4.71969    -15.043973    -15.043974
   4.66247    -15.038791    -15.038792
   4.60526    -15.035824    -15.035825
   4.54804    -15.035472    -15.035473
   4.54804    -15.035472    -15.035473
   4.48982    -15.035043    -15.035044
   4.43160    -15.035686    -15.035687
   4.37339    -15.040641    -15.040642
   4.31517    -15.048874    -15.048875
   4.25695    -15.059795    -15.059796
   4.19873    -15.073169    -15.073170
   4.14052    -15.088708    -15.088709
   4.14052    -15.088708    -15.088709
   4.08330    -15.088721    -15.088723
   4.02608    -15.088753    -15.088754
   3.96887    -15.088797    -15.088798
   3.91165    -15.088839    -15.088840
   3.85443    -15.088871    -15.088872
   3.79722    -15.088888    -15.088889
   3.74000    -15.088892    -15.088893
   3.68279    -15.088888    -15.088889
   3.62557    -15.088888    -15.088889
   3.62557    -15.088888    -15.088889
   3.57089    -15.088951    -15.088952
   3.51620    -15.089149    -15.089150
   3.46152    -15.089470    -15.089471
   3.40684    -15.089854    -15.089855
   3.35215    -15.090177    -15.090178
   3.29747    -15.090282    -15.090283
   3.24279    -15.090053    -15.090054
   3.18811    -15.089469    -15.089470
   3.13342    -15.088631    -15.088632
   3.07874    -15.087713    -15.087714
   3.02406    -15.086896    -15.086898
   2.96937    -15.086340    -15.086341
   2.91469    -15.086145    -15.086146
   2.91469    -15.086145    -15.086146
   2.85647    -15.081422    -15.081423
   2.79826    -15.071093    -15.071094
   2.74004    -15.060768    -15.060769
   2.68182    -15.053640    -15.053641
   2.62360    -15.050168    -15.050170
   2.56539    -15.048955    -15.048956
   2.50717    -15.048695    -15.048697
   2.50717    -15.048695    -15.048697
   2.45249    -15.044037    -15.044038
   2.39780    -15.039847    -15.039848
   2.34312    -15.036953    -15.036954
   2.28844    -15.035634    -15.035635
   2.23375    -15.035998    -15.036000
   2.17907    -15.038160    -15.038161
   2.12439    -15.042477    -15.042478
   2.06971    -15.049421    -15.049422
   2.01502    -15.059017    -15.059017
   1.96034    -15.070325    -15.070325
   1.90566    -15.077325    -15.077325
   1.85097    -15.077873    -15.077874
   1.79629    -15.078061    -15.078062
   1.79629    -15.078061    -15.078062
   1.73496    -15.077343    -15.077343
   1.67364    -15.072815    -15.072816
   1.61231    -15.055746    -15.055746
   1.55098    -15.041315    -15.041316
   1.48965    -15.036689    -15.036690
   1.42832    -15.038834    -15.038835
   1.36700    -15.042736    -15.042738
   1.30567    -15.047259    -15.047260
   1.30567    -15.047259    -15.047260
   1.24745    -15.048139    -15.048141
   1.18923    -15.051127    -15.051128
   1.13102    -15.057053    -15.057054
   1.07280    -15.066332    -15.066333
   1.01458    -15.077850    -15.077851
   0.95636    -15.088620    -15.088622
   0.89815    -15.093435    -15.093436
   0.89815    -15.093435    -15.093436
   0.83682    -15.093231    -15.093232
   0.77549    -15.092653    -15.092654
   0.71416    -15.091786    -15.091787
   0.65283    -15.090848    -15.090849
   0.59151    -15.090008    -15.090009
   0.53018    -15.089379    -15.089380
   0.46885    -15.089006    -15.089007
   0.40752    -15.088888    -15.088889
   0.40752    -15.088888    -15.088889
   0.34931    -15.073190    -15.073191
   0.29109    -15.062279    -15.062280
   0.23287    -15.058202    -15.058203
   0.17465    -15.059893    -15.059894
   0.11644    -15.065278    -15.065278
   0.05822    -15.072752    -15.072753
   0.00000    -15.078061    -15.078062
 
# Band-Index   29
   0.00000    -15.024704    -15.024705
   0.05822    -15.023183    -15.023184
   0.11644    -15.019058    -15.019059
   0.17465    -15.013931    -15.013932
   0.23287    -15.013051    -15.013052
   0.29109    -15.016859    -15.016860
   0.34931    -15.018164    -15.018165
   0.40752    -15.016888    -15.016890
   0.40752    -15.016888    -15.016890
   0.46885    -15.017052    -15.017053
   0.53018    -15.017348    -15.017349
   0.59151    -15.017429    -15.017430
   0.65283    -15.017206    -15.017207
   0.71416    -15.016863    -15.016864
   0.77549    -15.016646    -15.016647
   0.83682    -15.016625    -15.016626
   0.89815    -15.016654    -15.016655
   0.89815    -15.016654    -15.016655
   0.95636    -15.017019    -15.017020
   1.01458    -15.017341    -15.017343
   1.07280    -15.016407    -15.016408
   1.13102    -15.013490    -15.013491
   1.18923    -15.008820    -15.008821
   1.24745    -15.003810    -15.003811
   1.30567    -15.001221    -15.001222
   1.30567    -15.001221    -15.001222
   1.36700    -15.004657    -15.004658
   1.42832    -15.010953    -15.010954
   1.48965    -15.019688    -15.019689
   1.55098    -15.026043    -15.026044
   1.61231    -15.026316    -15.026317
   1.67364    -15.025488    -15.025489
   1.73496    -15.024902    -15.024903
   1.79629    -15.024704    -15.024705
   1.79629    -15.024704    -15.024705
   1.85097    -15.024504    -15.024505
   1.90566    -15.023869    -15.023871
   1.96034    -15.022650    -15.022651
   2.01502    -15.020637    -15.020638
   2.06971    -15.017633    -15.017634
   2.12439    -15.016763    -15.016764
   2.17907    -15.017719    -15.017720
   2.23375    -15.017914    -15.017915
   2.28844    -15.017330    -15.017330
   2.34312    -15.016134    -15.016135
   2.39780    -15.014525    -15.014526
   2.45249    -15.012688    -15.012689
   2.50717    -15.010836    -15.010837
   2.50717    -15.010836    -15.010837
   2.56539    -15.012082    -15.012083
   2.62360    -15.015352    -15.015353
   2.68182    -15.019348    -15.019349
   2.74004    -15.022276    -15.022277
   2.79826    -15.023530    -15.023532
   2.85647    -15.023793    -15.023794
   2.91469    -15.023793    -15.023794
   2.91469    -15.023793    -15.023794
   2.96937    -15.023703    -15.023704
   3.02406    -15.023355    -15.023356
   3.07874    -15.022596    -15.022597
   3.13342    -15.021305    -15.021306
   3.18811    -15.019583    -15.019584
   3.24279    -15.017944    -15.017945
   3.29747    -15.017246    -15.017247
   3.35215    -15.017670    -15.017671
   3.40684    -15.018326    -15.018328
   3.46152    -15.018483    -15.018484
   3.51620    -15.017983    -15.017985
   3.57089    -15.017252    -15.017254
   3.62557    -15.016888    -15.016890
   3.62557    -15.016888    -15.016890
   3.68279    -15.017090    -15.017091
   3.74000    -15.017572    -15.017573
   3.79722    -15.018054    -15.018055
   3.85443    -15.018263    -15.018264
   3.91165    -15.018057    -15.018058
   3.96887    -15.017427    -15.017428
   4.02608    -15.016518    -15.016519
   4.08330    -15.015634    -15.015635
   4.14052    -15.015246    -15.015247
   4.14052    -15.015246    -15.015247
   4.19873    -15.019885    -15.019886
   4.25695    -15.024552    -15.024553
   4.31517    -15.028492    -15.028493
   4.37339    -15.031561    -15.031562
   4.43160    -15.033739    -15.033740
   4.48982    -15.034441    -15.034442
   4.54804    -15.034863    -15.034864
   4.54804    -15.034863    -15.034864
   4.60526    -15.034811    -15.034812
   4.66247    -15.032894    -15.032896
   4.71969    -15.029920    -15.029921
   4.77691    -15.026206    -15.026208
   4.83412    -15.022328    -15.022329
   4.89134    -15.022339    -15.022340
   4.94856    -15.023605    -15.023607
   5.00577    -15.024418    -15.024419
   5.06299    -15.024704    -15.024705
 
# Band-Index   30
   5.06299    -15.015249    -15.015250
   5.00577    -15.015512    -15.015513
   4.94856    -15.016536    -15.016537
   4.89134    -15.018770    -15.018771
   4.83412    -15.020616    -15.020617
   4.77691    -15.018935    -15.018936
   4.71969    -15.017316    -15.017317
   4.66247    -15.016013    -15.016014
   4.60526    -15.015180    -15.015181
   4.54804    -15.014897    -15.014898
   4.54804    -15.014897    -15.014898
   4.48982    -15.014181    -15.014182
   4.43160    -15.011690    -15.011692
   4.37339    -15.008283    -15.008285
   4.31517    -15.006091    -15.006092
   4.25695    -15.006721    -15.006722
   4.19873    -15.010034    -15.010035
   4.14052    -15.014351    -15.014352
   4.14052    -15.014351    -15.014352
   4.08330    -15.014833    -15.014835
   4.02608    -15.015901    -15.015902
   3.96887    -15.016979    -15.016981
   3.91165    -15.017745    -15.017746
   3.85443    -15.018059    -15.018061
   3.79722    -15.017939    -15.017940
   3.74000    -15.017503    -15.017504
   3.68279    -15.016992    -15.016993
   3.62557    -15.016767    -15.016768
   3.62557    -15.016767    -15.016768
   3.57089    -15.017175    -15.017176
   3.51620    -15.017972    -15.017973
   3.46152    -15.018394    -15.018396
   3.40684    -15.018166    -15.018167
   3.35215    -15.017383    -15.017384
   3.29747    -15.016735    -15.016736
   3.24279    -15.017238    -15.017240
   3.18811    -15.018814    -15.018815
   3.13342    -15.020517    -15.020519
   3.07874    -15.021779    -15.021780
   3.02406    -15.022497    -15.022498
   2.96937    -15.022809    -15.022810
   2.91469    -15.022884    -15.022885
   2.91469    -15.022884    -15.022885
   2.85647    -15.022918    -15.022919
   2.79826    -15.022761    -15.022762
   2.74004    -15.021698    -15.021698
   2.68182    -15.019028    -15.019029
   2.62360    -15.015252    -15.015253
   2.56539    -15.011983    -15.011984
   2.50717    -15.010700    -15.010701
   2.50717    -15.010700    -15.010701
   2.45249    -15.008858    -15.008859
   2.39780    -15.007036    -15.007037
   2.34312    -15.005498    -15.005499
   2.28844    -15.004850    -15.004851
   2.23375    -15.006092    -15.006093
   2.17907    -15.009362    -15.009363
   2.12439    -15.013585    -15.013586
   2.06971    -15.015164    -15.015165
   2.01502    -15.013723    -15.013724
   1.96034    -15.013296    -15.013297
   1.90566    -15.014018    -15.014019
   1.85097    -15.014894    -15.014895
   1.79629    -15.015249    -15.015250
   1.79629    -15.015249    -15.015250
   1.73496    -15.014543    -15.014545
   1.67364    -15.012506    -15.012508
   1.61231    -15.009383    -15.009384
   1.55098    -15.005527    -15.005528
   1.48965    -15.001341    -15.001343
   1.42832    -14.998576    -14.998577
   1.36700    -14.999338    -14.999339
   1.30567    -15.000894    -15.000895
   1.30567    -15.000894    -15.000895
   1.24745    -15.003543    -15.003544
   1.18923    -15.008642    -15.008642
   1.13102    -15.013312    -15.013313
   1.07280    -15.016119    -15.016120
   1.01458    -15.016904    -15.016905
   0.95636    -15.016414    -15.016416
   0.89815    -15.015954    -15.015955
   0.89815    -15.015954    -15.015955
   0.83682    -15.015981    -15.015982
   0.77549    -15.016144    -15.016146
   0.71416    -15.016519    -15.016520
   0.65283    -15.016979    -15.016981
   0.59151    -15.017272    -15.017273
   0.53018    -15.017226    -15.017227
   0.46885    -15.016935    -15.016936
   0.40752    -15.016767    -15.016768
   0.40752    -15.016767    -15.016768
   0.34931    -15.014221    -15.014223
   0.29109    -15.011411    -15.011413
   0.23287    -15.009954    -15.009955
   0.17465    -15.011253    -15.011254
   0.11644    -15.013307    -15.013308
   0.05822    -15.014748    -15.014749
   0.00000    -15.015249    -15.015250
 
# Band-Index   31
   0.00000    -14.996316    -14.996317
   0.05822    -14.997026    -14.997027
   0.11644    -14.998915    -14.998916
   0.17465    -15.001345    -15.001346
   0.23287    -15.002794    -15.002795
   0.29109    -15.001011    -15.001012
   0.34931    -14.997505    -14.997507
   0.40752    -14.994456    -14.994458
   0.40752    -14.994456    -14.994458
   0.46885    -14.993444    -14.993445
   0.53018    -14.991058    -14.991059
   0.59151    -14.990835    -14.990837
   0.65283    -14.993932    -14.993933
   0.71416    -14.997319    -14.997320
   0.77549    -15.000117    -15.000118
   0.83682    -15.001864    -15.001865
   0.89815    -15.002440    -15.002441
   0.89815    -15.002440    -15.002441
   0.95636    -15.000915    -15.000916
   1.01458    -14.997237    -14.997238
   1.07280    -14.992841    -14.992842
   1.13102    -14.989117    -14.989118
   1.18923    -14.987819    -14.987820
   1.24745    -14.989315    -14.989316
   1.30567    -14.990788    -14.990789
   1.30567    -14.990788    -14.990789
   1.36700    -14.993585    -14.993586
   1.42832    -14.997217    -14.997219
   1.48965    -14.998072    -14.998073
   1.55098    -14.997635    -14.997635
   1.61231    -14.997174    -14.997174
   1.67364    -14.996749    -14.996750
   1.73496    -14.996437    -14.996438
   1.79629    -14.996316    -14.996317
   1.79629    -14.996316    -14.996317
   1.85097    -14.997755    -14.997756
   1.90566    -15.000098    -15.000099
   1.96034    -15.001653    -15.001654
   2.01502    -15.001256    -15.001257
   2.06971    -14.999054    -14.999055
   2.12439    -14.996218    -14.996219
   2.17907    -14.994341    -14.994342
   2.23375    -14.995675    -14.995676
   2.28844    -14.996552    -14.996553
   2.34312    -14.997049    -14.997050
   2.39780    -14.997491    -14.997492
   2.45249    -14.997679    -14.997680
   2.50717    -14.997570    -14.997571
   2.50717    -14.997570    -14.997571
   2.56539    -14.996922    -14.996923
   2.62360    -14.995187    -14.995188
   2.68182    -14.992709    -14.992710
   2.74004    -14.989793    -14.989794
   2.79826    -14.986760    -14.986762
   2.85647    -14.983954    -14.983955
   2.91469    -14.982348    -14.982350
   2.91469    -14.982348    -14.982350
   2.96937    -14.983816    -14.983817
   3.02406    -14.986865    -14.986866
   3.07874    -14.990637    -14.990638
   3.13342    -14.994676    -14.994677
   3.18811    -14.998368    -14.998369
   3.24279    -15.000780    -15.000781
   3.29747    -15.000788    -15.000789
   3.35215    -14.998365    -14.998366
   3.40684    -14.994772    -14.994773
   3.46152    -14.991430    -14.991431
   3.51620    -14.991232    -14.991233
   3.57089    -14.993450    -14.993451
   3.62557    -14.994456    -14.994458
   3.62557    -14.994456    -14.994458
   3.68279    -14.993823    -14.993825
   3.74000    -14.992319    -14.992320
   3.79722    -14.991173    -14.991174
   3.85443    -14.991730    -14.991732
   3.91165    -14.993684    -14.993685
   3.96887    -14.996256    -14.996257
   4.02608    -14.998886    -14.998887
   4.08330    -15.000988    -15.000990
   4.14052    -15.001831    -15.001832
   4.14052    -15.001831    -15.001832
   4.19873    -15.001987    -15.001988
   4.25695    -15.001967    -15.001968
   4.31517    -15.001612    -15.001613
   4.37339    -15.000993    -15.000994
   4.43160    -15.000295    -15.000296
   4.48982    -14.999741    -14.999742
   4.54804    -14.999525    -14.999526
   4.54804    -14.999525    -14.999526
   4.60526    -14.999822    -14.999823
   4.66247    -15.000644    -15.000645
   4.71969    -15.001760    -15.001761
   4.77691    -15.002852    -15.002853
   4.83412    -15.003497    -15.003498
   4.89134    -15.003139    -15.003140
   4.94856    -15.001308    -15.001309
   5.00577    -14.998376    -14.998377
   5.06299    -14.996316    -14.996317
 
# Band-Index   32
   5.06299    -14.991183    -14.991184
   5.00577    -14.989130    -14.989132
   4.94856    -14.985963    -14.985964
   4.89134    -14.984067    -14.984068
   4.83412    -14.986983    -14.986984
   4.77691    -14.989444    -14.989445
   4.71969    -14.991249    -14.991250
   4.66247    -14.992341    -14.992342
   4.60526    -14.992849    -14.992850
   4.54804    -14.992983    -14.992984
   4.54804    -14.992983    -14.992984
   4.48982    -14.993517    -14.993518
   4.43160    -14.994884    -14.994885
   4.37339    -14.996636    -14.996638
   4.31517    -14.998347    -14.998348
   4.25695    -14.999659    -14.999660
   4.19873    -15.000606    -15.000607
   4.14052    -15.001095    -15.001096
   4.14052    -15.001095    -15.001096
   4.08330    -15.000337    -15.000338
   4.02608    -14.998388    -14.998389
   3.96887    -14.995869    -14.995870
   3.91165    -14.993328    -14.993329
   3.85443    -14.991279    -14.991280
   3.79722    -14.990448    -14.990449
   3.74000    -14.991332    -14.991333
   3.68279    -14.992713    -14.992714
   3.62557    -14.993307    -14.993309
   3.62557    -14.993307    -14.993309
   3.57089    -14.992387    -14.992388
   3.51620    -14.990482    -14.990483
   3.46152    -14.991096    -14.991097
   3.40684    -14.994457    -14.994458
   3.35215    -14.997967    -14.997969
   3.29747    -15.000188    -15.000189
   3.24279    -14.999988    -14.999989
   3.18811    -14.997519    -14.997520
   3.13342    -14.993829    -14.993830
   3.07874    -14.989796    -14.989797
   3.02406    -14.986017    -14.986018
   2.96937    -14.982914    -14.982915
   2.91469    -14.981294    -14.981295
   2.91469    -14.981294    -14.981295
   2.85647    -14.982932    -14.982933
   2.79826    -14.985762    -14.985763
   2.74004    -14.988822    -14.988824
   2.68182    -14.991771    -14.991772
   2.62360    -14.994284    -14.994285
   2.56539    -14.996048    -14.996049
   2.50717    -14.996708    -14.996710
   2.50717    -14.996708    -14.996710
   2.45249    -14.995992    -14.995993
   2.39780    -14.994587    -14.994589
   2.34312    -14.993109    -14.993110
   2.28844    -14.992126    -14.992127
   2.23375    -14.992194    -14.992195
   2.17907    -14.993366    -14.993367
   2.12439    -14.991935    -14.991936
   2.06971    -14.989569    -14.989571
   2.01502    -14.986882    -14.986883
   1.96034    -14.984207    -14.984208
   1.90566    -14.986878    -14.986880
   1.85097    -14.989652    -14.989654
   1.79629    -14.991183    -14.991184
   1.79629    -14.991183    -14.991184
   1.73496    -14.990540    -14.990541
   1.67364    -14.988715    -14.988716
   1.61231    -14.986063    -14.986064
   1.55098    -14.983107    -14.983108
   1.48965    -14.983694    -14.983695
   1.42832    -14.985930    -14.985931
   1.36700    -14.988155    -14.988156
   1.30567    -14.990418    -14.990419
   1.30567    -14.990418    -14.990419
   1.24745    -14.988886    -14.988887
   1.18923    -14.987225    -14.987226
   1.13102    -14.988411    -14.988412
   1.07280    -14.992171    -14.992172
   1.01458    -14.996582    -14.996583
   0.95636    -15.000207    -15.000208
   0.89815    -15.001677    -15.001679
   0.89815    -15.001677    -15.001679
   0.83682    -15.001138    -15.001139
   0.77549    -14.999482    -14.999483
   0.71416    -14.996783    -14.996784
   0.65283    -14.993480    -14.993481
   0.59151    -14.990489    -14.990490
   0.53018    -14.990276    -14.990277
   0.46885    -14.992366    -14.992367
   0.40752    -14.993307    -14.993309
   0.40752    -14.993307    -14.993309
   0.34931    -14.992737    -14.992738
   0.29109    -14.996973    -14.996974
   0.23287    -15.001853    -15.001854
   0.17465    -15.000634    -15.000635
   0.11644    -14.995619    -14.995621
   0.05822    -14.992261    -14.992263
   0.00000    -14.991183    -14.991184
 
# Band-Index   33
   0.00000    -14.974769    -14.974770
   0.05822    -14.975412    -14.975413
   0.11644    -14.977016    -14.977017
   0.17465    -14.979067    -14.979069
   0.23287    -14.981444    -14.981446
   0.29109    -14.984071    -14.984072
   0.34931    -14.985906    -14.985907
   0.40752    -14.983687    -14.983688
   0.40752    -14.983687    -14.983688
   0.46885    -14.984326    -14.984327
   0.53018    -14.985855    -14.985856
   0.59151    -14.985257    -14.985258
   0.65283    -14.981666    -14.981667
   0.71416    -14.977989    -14.977990
   0.77549    -14.975007    -14.975008
   0.83682    -14.973083    -14.973084
   0.89815    -14.972422    -14.972423
   0.89815    -14.972422    -14.972423
   0.95636    -14.972773    -14.972774
   1.01458    -14.973769    -14.973770
   1.07280    -14.975221    -14.975223
   1.13102    -14.976575    -14.976576
   1.18923    -14.976563    -14.976564
   1.24745    -14.975255    -14.975256
   1.30567    -14.974559    -14.974561
   1.30567    -14.974559    -14.974561
   1.36700    -14.975820    -14.975821
   1.42832    -14.977647    -14.977648
   1.48965    -14.980042    -14.980044
   1.55098    -14.981266    -14.981267
   1.61231    -14.979148    -14.979149
   1.67364    -14.977162    -14.977163
   1.73496    -14.975535    -14.975536
   1.79629    -14.974769    -14.974770
   1.79629    -14.974769    -14.974770
   1.85097    -14.977164    -14.977165
   1.90566    -14.980545    -14.980546
   1.96034    -14.983532    -14.983533
   2.01502    -14.981010    -14.981012
   2.06971    -14.978435    -14.978436
   2.12439    -14.976220    -14.976221
   2.17907    -14.974265    -14.974267
   2.23375    -14.972503    -14.972504
   2.28844    -14.972019    -14.972020
   2.34312    -14.970951    -14.970952
   2.39780    -14.969190    -14.969191
   2.45249    -14.967521    -14.967522
   2.50717    -14.966706    -14.966708
   2.50717    -14.966706    -14.966708
   2.56539    -14.967213    -14.967214
   2.62360    -14.968599    -14.968600
   2.68182    -14.970564    -14.970565
   2.74004    -14.972811    -14.972812
   2.79826    -14.975146    -14.975147
   2.85647    -14.977424    -14.977425
   2.91469    -14.978850    -14.978851
   2.91469    -14.978850    -14.978851
   2.96937    -14.977773    -14.977774
   3.02406    -14.976260    -14.976261
   3.07874    -14.975015    -14.975016
   3.13342    -14.974255    -14.974256
   3.18811    -14.974182    -14.974183
   3.24279    -14.974952    -14.974953
   3.29747    -14.976624    -14.976625
   3.35215    -14.979155    -14.979156
   3.40684    -14.982318    -14.982319
   3.46152    -14.985488    -14.985489
   3.51620    -14.985993    -14.985995
   3.57089    -14.984369    -14.984370
   3.62557    -14.983687    -14.983688
   3.62557    -14.983687    -14.983688
   3.68279    -14.983844    -14.983845
   3.74000    -14.984137    -14.984138
   3.79722    -14.983740    -14.983741
   3.85443    -14.981747    -14.981748
   3.91165    -14.978855    -14.978856
   3.96887    -14.975976    -14.975977
   4.02608    -14.973623    -14.973624
   4.08330    -14.972096    -14.972097
   4.14052    -14.971565    -14.971566
   4.14052    -14.971565    -14.971566
   4.19873    -14.973957    -14.973958
   4.25695    -14.976135    -14.976136
   4.31517    -14.977079    -14.977080
   4.37339    -14.976941    -14.976943
   4.43160    -14.976481    -14.976482
   4.48982    -14.976178    -14.976179
   4.54804    -14.976089    -14.976090
   4.54804    -14.976089    -14.976090
   4.60526    -14.976207    -14.976209
   4.66247    -14.976615    -14.976616
   4.71969    -14.977418    -14.977419
   4.77691    -14.978716    -14.978717
   4.83412    -14.980576    -14.980577
   4.89134    -14.982930    -14.982931
   4.94856    -14.980639    -14.980640
   5.00577    -14.977219    -14.977221
   5.06299    -14.974769    -14.974770
 
# Band-Index   34
   5.06299    -14.971903    -14.971904
   5.00577    -14.969531    -14.969532
   4.94856    -14.966415    -14.966416
   4.89134    -14.963716    -14.963717
   4.83412    -14.961739    -14.961740
   4.77691    -14.960623    -14.960625
   4.71969    -14.960293    -14.960294
   4.66247    -14.960469    -14.960470
   4.60526    -14.960791    -14.960792
   4.54804    -14.960944    -14.960945
   4.54804    -14.960944    -14.960945
   4.48982    -14.961052    -14.961053
   4.43160    -14.961442    -14.961443
   4.37339    -14.962250    -14.962251
   4.31517    -14.963611    -14.963612
   4.25695    -14.965583    -14.965584
   4.19873    -14.968099    -14.968100
   4.14052    -14.970522    -14.970523
   4.14052    -14.970522    -14.970523
   4.08330    -14.971056    -14.971058
   4.02608    -14.972596    -14.972597
   3.96887    -14.974965    -14.974966
   3.91165    -14.977861    -14.977862
   3.85443    -14.980784    -14.980785
   3.79722    -14.982873    -14.982874
   3.74000    -14.983435    -14.983437
   3.68279    -14.983248    -14.983249
   3.62557    -14.983121    -14.983122
   3.62557    -14.983121    -14.983122
   3.57089    -14.983773    -14.983774
   3.51620    -14.985195    -14.985196
   3.46152    -14.984388    -14.984389
   3.40684    -14.981317    -14.981318
   3.35215    -14.978242    -14.978243
   3.29747    -14.975773    -14.975774
   3.24279    -14.974142    -14.974143
   3.18811    -14.973394    -14.973395
   3.13342    -14.973472    -14.973474
   3.07874    -14.974224    -14.974225
   3.02406    -14.975446    -14.975447
   2.96937    -14.976900    -14.976901
   2.91469    -14.977829    -14.977830
   2.91469    -14.977829    -14.977830
   2.85647    -14.976426    -14.976428
   2.79826    -14.974171    -14.974172
   2.74004    -14.971869    -14.971870
   2.68182    -14.969663    -14.969664
   2.62360    -14.967742    -14.967743
   2.56539    -14.966390    -14.966391
   2.50717    -14.965897    -14.965898
   2.50717    -14.965897    -14.965898
   2.45249    -14.965964    -14.965965
   2.39780    -14.966700    -14.966701
   2.34312    -14.968168    -14.968169
   2.28844    -14.970061    -14.970063
   2.23375    -14.971328    -14.971329
   2.17907    -14.970009    -14.970010
   2.12439    -14.968032    -14.968033
   2.06971    -14.966295    -14.966296
   2.01502    -14.965416    -14.965418
   1.96034    -14.965730    -14.965731
   1.90566    -14.967281    -14.967283
   1.85097    -14.969773    -14.969774
   1.79629    -14.971903    -14.971904
   1.79629    -14.971903    -14.971904
   1.73496    -14.971457    -14.971458
   1.67364    -14.970794    -14.970795
   1.61231    -14.970426    -14.970427
   1.55098    -14.970492    -14.970493
   1.48965    -14.971027    -14.971028
   1.42832    -14.971963    -14.971965
   1.36700    -14.973132    -14.973133
   1.30567    -14.974249    -14.974250
   1.30567    -14.974249    -14.974250
   1.24745    -14.974820    -14.974821
   1.18923    -14.975843    -14.975845
   1.13102    -14.975713    -14.975714
   1.07280    -14.974436    -14.974437
   1.01458    -14.973075    -14.973076
   0.95636    -14.972135    -14.972136
   0.89815    -14.971802    -14.971803
   0.89815    -14.971802    -14.971803
   0.83682    -14.972446    -14.972447
   0.77549    -14.974317    -14.974318
   0.71416    -14.977213    -14.977215
   0.65283    -14.980782    -14.980783
   0.59151    -14.984294    -14.984296
   0.53018    -14.985181    -14.985182
   0.46885    -14.983747    -14.983748
   0.40752    -14.983121    -14.983122
   0.40752    -14.983121    -14.983122
   0.34931    -14.979408    -14.979409
   0.29109    -14.976088    -14.976089
   0.23287    -14.973766    -14.973767
   0.17465    -14.972428    -14.972429
   0.11644    -14.971911    -14.971913
   0.05822    -14.971862    -14.971863
   0.00000    -14.971903    -14.971904
 
# Band-Index   35
   0.00000    -14.842353    -14.842354
   0.05822    -14.842171    -14.842172
   0.11644    -14.841619    -14.841620
   0.17465    -14.840705    -14.840707
   0.23287    -14.839480    -14.839481
   0.29109    -14.837972    -14.837973
   0.34931    -14.836327    -14.836328
   0.40752    -14.835066    -14.835067
   0.40752    -14.835066    -14.835067
   0.46885    -14.834646    -14.834647
   0.53018    -14.833445    -14.833446
   0.59151    -14.831597    -14.831598
   0.65283    -14.829340    -14.829341
   0.71416    -14.827002    -14.827003
   0.77549    -14.824965    -14.824967
   0.83682    -14.823574    -14.823575
   0.89815    -14.823081    -14.823082
   0.89815    -14.823081    -14.823082
   0.95636    -14.822896    -14.822897
   1.01458    -14.822357    -14.822358
   1.07280    -14.821535    -14.821536
   1.13102    -14.820576    -14.820577
   1.18923    -14.819660    -14.819661
   1.24745    -14.818990    -14.818991
   1.30567    -14.818748    -14.818749
   1.30567    -14.818748    -14.818749
   1.36700    -14.819849    -14.819850
   1.42832    -14.822647    -14.822648
   1.48965    -14.826618    -14.826619
   1.55098    -14.831171    -14.831172
   1.61231    -14.835589    -14.835590
   1.67364    -14.839206    -14.839207
   1.73496    -14.841547    -14.841548
   1.79629    -14.842353    -14.842354
   1.79629    -14.842353    -14.842354
   1.85097    -14.841782    -14.841783
   1.90566    -14.840032    -14.840033
   1.96034    -14.837174    -14.837175
   2.01502    -14.838638    -14.838639
   2.06971    -14.842341    -14.842342
   2.12439    -14.844903    -14.844904
   2.17907    -14.845790    -14.845791
   2.23375    -14.844826    -14.844827
   2.28844    -14.842128    -14.842129
   2.34312    -14.838086    -14.838087
   2.39780    -14.833190    -14.833191
   2.45249    -14.827984    -14.827985
   2.50717    -14.823498    -14.823499
   2.50717    -14.823498    -14.823499
   2.56539    -14.824096    -14.824097
   2.62360    -14.825763    -14.825764
   2.68182    -14.828155    -14.828156
   2.74004    -14.830781    -14.830782
   2.79826    -14.833138    -14.833139
   2.85647    -14.834760    -14.834761
   2.91469    -14.835336    -14.835338
   2.91469    -14.835336    -14.835338
   2.96937    -14.835439    -14.835440
   3.02406    -14.835726    -14.835727
   3.07874    -14.836140    -14.836141
   3.13342    -14.836599    -14.836601
   3.18811    -14.837011    -14.837012
   3.24279    -14.837288    -14.837289
   3.29747    -14.837357    -14.837358
   3.35215    -14.837191    -14.837193
   3.40684    -14.836799    -14.836800
   3.46152    -14.836248    -14.836250
   3.51620    -14.835673    -14.835674
   3.57089    -14.835230    -14.835231
   3.62557    -14.835066    -14.835067
   3.62557    -14.835066    -14.835067
   3.68279    -14.835582    -14.835583
   3.74000    -14.837048    -14.837049
   3.79722    -14.839225    -14.839226
   3.85443    -14.841793    -14.841794
   3.91165    -14.844417    -14.844418
   3.96887    -14.846788    -14.846789
   4.02608    -14.848659    -14.848661
   4.08330    -14.849858    -14.849859
   4.14052    -14.850263    -14.850264
   4.14052    -14.850263    -14.850264
   4.19873    -14.854803    -14.854804
   4.25695    -14.859377    -14.859378
   4.31517    -14.863345    -14.863346
   4.37339    -14.866545    -14.866546
   4.43160    -14.868889    -14.868890
   4.48982    -14.870326    -14.870327
   4.54804    -14.870810    -14.870811
   4.54804    -14.870810    -14.870811
   4.60526    -14.869545    -14.869546
   4.66247    -14.865886    -14.865887
   4.71969    -14.860225    -14.860226
   4.77691    -14.853188    -14.853189
   4.83412    -14.845606    -14.845607
   4.89134    -14.839308    -14.839310
   4.94856    -14.840792    -14.840793
   5.00577    -14.841958    -14.841959
   5.06299    -14.842353    -14.842354
 
# Band-Index   36
   5.06299    -14.826956    -14.826957
   5.00577    -14.828323    -14.828324
   4.94856    -14.832249    -14.832249
   4.89134    -14.837785    -14.837786
   4.83412    -14.836264    -14.836265
   4.77691    -14.833597    -14.833598
   4.71969    -14.831079    -14.831080
   4.66247    -14.829047    -14.829048
   4.60526    -14.827742    -14.827743
   4.54804    -14.827299    -14.827300
   4.54804    -14.827299    -14.827300
   4.48982    -14.827850    -14.827851
   4.43160    -14.829493    -14.829494
   4.37339    -14.832156    -14.832157
   4.31517    -14.835716    -14.835717
   4.25695    -14.840006    -14.840007
   4.19873    -14.844791    -14.844792
   4.14052    -14.849389    -14.849390
   4.14052    -14.849389    -14.849390
   4.08330    -14.848975    -14.848975
   4.02608    -14.847749    -14.847750
   3.96887    -14.845835    -14.845836
   3.91165    -14.843412    -14.843413
   3.85443    -14.840731    -14.840731
   3.79722    -14.838107    -14.838108
   3.74000    -14.835883    -14.835883
   3.68279    -14.834386    -14.834387
   3.62557    -14.833859    -14.833860
   3.62557    -14.833859    -14.833860
   3.57089    -14.834029    -14.834030
   3.51620    -14.834486    -14.834486
   3.46152    -14.835078    -14.835079
   3.40684    -14.835642    -14.835643
   3.35215    -14.836039    -14.836039
   3.29747    -14.836196    -14.836196
   3.24279    -14.836106    -14.836107
   3.18811    -14.835798    -14.835798
   3.13342    -14.835349    -14.835349
   3.07874    -14.834851    -14.834851
   3.02406    -14.834403    -14.834403
   2.96937    -14.834093    -14.834093
   2.91469    -14.833982    -14.833983
   2.91469    -14.833982    -14.833983
   2.85647    -14.833424    -14.833425
   2.79826    -14.831851    -14.831851
   2.74004    -14.829558    -14.829558
   2.68182    -14.826991    -14.826992
   2.62360    -14.824643    -14.824644
   2.56539    -14.823001    -14.823002
   2.50717    -14.822410    -14.822411
   2.50717    -14.822410    -14.822411
   2.45249    -14.818680    -14.818681
   2.39780    -14.815671    -14.815672
   2.34312    -14.814197    -14.814198
   2.28844    -14.814415    -14.814416
   2.23375    -14.816264    -14.816264
   2.17907    -14.819472    -14.819473
   2.12439    -14.823670    -14.823671
   2.06971    -14.828350    -14.828351
   2.01502    -14.832927    -14.832928
   1.96034    -14.834203    -14.834204
   1.90566    -14.830520    -14.830521
   1.85097    -14.827896    -14.827897
   1.79629    -14.826956    -14.826957
   1.79629    -14.826956    -14.826957
   1.73496    -14.826679    -14.826680
   1.67364    -14.825838    -14.825839
   1.61231    -14.824494    -14.824495
   1.55098    -14.822764    -14.822765
   1.48965    -14.820875    -14.820876
   1.42832    -14.819172    -14.819173
   1.36700    -14.818059    -14.818060
   1.30567    -14.817778    -14.817779
   1.30567    -14.817778    -14.817779
   1.24745    -14.817999    -14.818000
   1.18923    -14.818609    -14.818609
   1.13102    -14.819435    -14.819435
   1.07280    -14.820290    -14.820291
   1.01458    -14.821014    -14.821015
   0.95636    -14.821484    -14.821484
   0.89815    -14.821643    -14.821644
   0.89815    -14.821643    -14.821644
   0.83682    -14.822143    -14.822144
   0.77549    -14.823557    -14.823558
   0.71416    -14.825629    -14.825630
   0.65283    -14.828010    -14.828011
   0.59151    -14.830313    -14.830314
   0.53018    -14.832201    -14.832202
   0.46885    -14.833429    -14.833430
   0.40752    -14.833859    -14.833860
   0.40752    -14.833859    -14.833860
   0.34931    -14.832618    -14.832619
   0.29109    -14.831056    -14.831057
   0.23287    -14.829684    -14.829685
   0.17465    -14.828533    -14.828534
   0.11644    -14.827683    -14.827683
   0.05822    -14.827141    -14.827142
   0.00000    -14.826956    -14.826957
 
# Band-Index   37
   0.00000    -14.551225    -14.551221
   0.05822    -14.540772    -14.540769
   0.11644    -14.509382    -14.509378
   0.17465    -14.457396    -14.457392
   0.23287    -14.386199    -14.386194
   0.29109    -14.298249    -14.298244
   0.34931    -14.196872    -14.196868
   0.40752    -14.086044    -14.086039
   0.40752    -14.086044    -14.086039
   0.46885    -14.078518    -14.078513
   0.53018    -14.056400    -14.056396
   0.59151    -14.021035    -14.021030
   0.65283    -13.974931    -13.974926
   0.71416    -13.922318    -13.922313
   0.77549    -13.870111    -13.870105
   0.83682    -13.829216    -13.829210
   0.89815    -13.813199    -13.813193
   0.89815    -13.813199    -13.813193
   0.95636    -13.822595    -13.822589
   1.01458    -13.847421    -13.847416
   1.07280    -13.880244    -13.880239
   1.13102    -13.913579    -13.913574
   1.18923    -13.941533    -13.941528
   1.24745    -13.959963    -13.959959
   1.30567    -13.966397    -13.966392
   1.30567    -13.966397    -13.966392
   1.36700    -14.081132    -14.081127
   1.42832    -14.191662    -14.191658
   1.48965    -14.293602    -14.293597
   1.55098    -14.382723    -14.382718
   1.61231    -14.455243    -14.455239
   1.67364    -14.508349    -14.508346
   1.73496    -14.540502    -14.540498
   1.79629    -14.551225    -14.551221
   1.79629    -14.551225    -14.551221
   1.85097    -14.541565    -14.541561
   1.90566    -14.512527    -14.512523
   1.96034    -14.464393    -14.464389
   2.01502    -14.398654    -14.398649
   2.06971    -14.318797    -14.318792
   2.12439    -14.230277    -14.230272
   2.17907    -14.140113    -14.140108
   2.23375    -14.056336    -14.056331
   2.28844    -13.986657    -13.986652
   2.34312    -13.935440    -13.935434
   2.39780    -13.900343    -13.900337
   2.45249    -13.873468    -13.873462
   2.50717    -13.846781    -13.846776
   2.50717    -13.846781    -13.846776
   2.56539    -13.845785    -13.845779
   2.62360    -13.842982    -13.842976
   2.68182    -13.838928    -13.838922
   2.74004    -13.834425    -13.834419
   2.79826    -13.830363    -13.830357
   2.85647    -13.827555    -13.827549
   2.91469    -13.826554    -13.826548
   2.91469    -13.826554    -13.826548
   2.96937    -13.823104    -13.823098
   3.02406    -13.814208    -13.814203
   3.07874    -13.804220    -13.804214
   3.13342    -13.799838    -13.799832
   3.18811    -13.808095    -13.808089
   3.24279    -13.832793    -13.832787
   3.29747    -13.872281    -13.872276
   3.35215    -13.920797    -13.920793
   3.40684    -13.971333    -13.971328
   3.46152    -14.017541    -14.017536
   3.51620    -14.054312    -14.054307
   3.57089    -14.077914    -14.077909
   3.62557    -14.086044    -14.086039
   3.62557    -14.086044    -14.086039
   3.68279    -14.079393    -14.079388
   3.74000    -14.060070    -14.060065
   3.79722    -14.029863    -14.029858
   3.85443    -13.991623    -13.991619
   3.91165    -13.949133    -13.949128
   3.96887    -13.907037    -13.907032
   4.02608    -13.870708    -13.870703
   4.08330    -13.845792    -13.845786
   4.14052    -13.836871    -13.836866
   4.14052    -13.836871    -13.836866
   4.19873    -13.875381    -13.875376
   4.25695    -13.910181    -13.910175
   4.31517    -13.940034    -13.940028
   4.37339    -13.964147    -13.964141
   4.43160    -13.981883    -13.981877
   4.48982    -13.992719    -13.992713
   4.54804    -13.996349    -13.996343
   4.54804    -13.996349    -13.996343
   4.60526    -14.030815    -14.030809
   4.66247    -14.112178    -14.112172
   4.71969    -14.209973    -14.209968
   4.77691    -14.306794    -14.306789
   4.83412    -14.392871    -14.392867
   4.89134    -14.462284    -14.462280
   4.94856    -14.512041    -14.512037
   5.00577    -14.541514    -14.541510
   5.06299    -14.551225    -14.551221
 
# Band-Index   38
   5.06299    -13.332218    -13.332210
   5.00577    -13.339371    -13.339364
   4.94856    -13.358364    -13.358357
   4.89134    -13.384004    -13.383996
   4.83412    -13.411439    -13.411432
   4.77691    -13.437135    -13.437128
   4.71969    -13.458829    -13.458822
   4.66247    -13.487286    -13.487282
   4.60526    -13.549086    -13.549082
   4.54804    -13.576708    -13.576704
   4.54804    -13.576708    -13.576704
   4.48982    -13.594208    -13.594203
   4.43160    -13.628349    -13.628344
   4.37339    -13.667394    -13.667389
   4.31517    -13.709045    -13.709040
   4.25695    -13.752066    -13.752060
   4.19873    -13.795070    -13.795064
   4.14052    -13.836359    -13.836353
   4.14052    -13.836359    -13.836353
   4.08330    -13.845257    -13.845251
   4.02608    -13.870117    -13.870111
   3.96887    -13.906374    -13.906368
   3.91165    -13.948400    -13.948394
   3.85443    -13.990829    -13.990823
   3.79722    -14.029019    -14.029014
   3.74000    -14.059191    -14.059186
   3.68279    -14.078494    -14.078488
   3.62557    -14.085137    -14.085132
   3.62557    -14.085137    -14.085132
   3.57089    -14.077019    -14.077013
   3.51620    -14.053450    -14.053444
   3.46152    -14.016730    -14.016725
   3.40684    -13.970589    -13.970584
   3.35215    -13.920126    -13.920121
   3.29747    -13.871668    -13.871663
   3.24279    -13.832188    -13.832182
   3.18811    -13.807423    -13.807417
   3.13342    -13.799054    -13.799048
   3.07874    -13.803330    -13.803324
   3.02406    -13.813241    -13.813235
   2.96937    -13.822092    -13.822086
   2.91469    -13.825527    -13.825522
   2.91469    -13.825527    -13.825522
   2.85647    -13.826539    -13.826534
   2.79826    -13.829380    -13.829374
   2.74004    -13.833490    -13.833484
   2.68182    -13.838049    -13.838043
   2.62360    -13.842154    -13.842148
   2.56539    -13.844994    -13.844988
   2.50717    -13.846004    -13.845998
   2.50717    -13.846004    -13.845998
   2.45249    -13.813399    -13.813393
   2.39780    -13.771848    -13.771842
   2.34312    -13.721459    -13.721453
   2.28844    -13.663659    -13.663653
   2.23375    -13.601137    -13.601131
   2.17907    -13.537591    -13.537584
   2.12439    -13.477434    -13.477427
   2.06971    -13.425196    -13.425189
   2.01502    -13.384520    -13.384513
   1.96034    -13.356942    -13.356935
   1.90566    -13.341237    -13.341230
   1.85097    -13.334123    -13.334115
   1.79629    -13.332218    -13.332210
   1.79629    -13.332218    -13.332210
   1.73496    -13.350117    -13.350109
   1.67364    -13.396876    -13.396869
   1.61231    -13.462959    -13.462952
   1.55098    -13.543717    -13.543711
   1.48965    -13.636929    -13.636923
   1.42832    -13.740438    -13.740432
   1.36700    -13.851415    -13.851410
   1.30567    -13.966252    -13.966246
   1.30567    -13.966252    -13.966246
   1.24745    -13.959802    -13.959796
   1.18923    -13.941322    -13.941316
   1.13102    -13.913283    -13.913278
   1.07280    -13.879834    -13.879828
   1.01458    -13.846876    -13.846870
   0.95636    -13.821929    -13.821924
   0.89815    -13.812482    -13.812476
   0.89815    -13.812482    -13.812476
   0.83682    -13.828527    -13.828521
   0.77549    -13.869448    -13.869443
   0.71416    -13.921631    -13.921625
   0.65283    -13.974187    -13.974181
   0.59151    -14.020228    -14.020223
   0.53018    -14.055541    -14.055536
   0.46885    -14.077624    -14.077619
   0.40752    -14.085137    -14.085132
   0.40752    -14.085137    -14.085132
   0.34931    -13.967781    -13.967775
   0.29109    -13.846640    -13.846634
   0.23287    -13.725099    -13.725093
   0.17465    -13.605955    -13.605949
   0.11644    -13.492443    -13.492437
   0.05822    -13.390446    -13.390439
   0.00000    -13.332218    -13.332210
 
# Band-Index   39
   0.00000    -13.206617    -13.206612
   0.05822    -13.157715    -13.157709
   0.11644    -13.083375    -13.083369
   0.17465    -13.047047    -13.047041
   0.23287    -13.010273    -13.010267
   0.29109    -12.968427    -12.968421
   0.34931    -12.925728    -12.925723
   0.40752    -12.891041    -12.891034
   0.40752    -12.891041    -12.891034
   0.46885    -12.906286    -12.906279
   0.53018    -12.945158    -12.945151
   0.59151    -12.999227    -12.999220
   0.65283    -13.063218    -13.063211
   0.71416    -13.131528    -13.131521
   0.77549    -13.196092    -13.196086
   0.83682    -13.244939    -13.244933
   0.89815    -13.263704    -13.263698
   0.89815    -13.263704    -13.263698
   0.95636    -13.251641    -13.251634
   1.01458    -13.218655    -13.218649
   1.07280    -13.171919    -13.171912
   1.13102    -13.118698    -13.118691
   1.18923    -13.065319    -13.065313
   1.24745    -13.019344    -13.019338
   1.30567    -12.997601    -12.997596
   1.30567    -12.997601    -12.997596
   1.36700    -13.042129    -13.042124
   1.42832    -13.084809    -13.084804
   1.48965    -13.122219    -13.122214
   1.55098    -13.153016    -13.153011
   1.61231    -13.176758    -13.176754
   1.67364    -13.193458    -13.193453
   1.73496    -13.203347    -13.203342
   1.79629    -13.206617    -13.206612
   1.79629    -13.206617    -13.206612
   1.85097    -13.208012    -13.208007
   1.90566    -13.212963    -13.212959
   1.96034    -13.223435    -13.223430
   2.01502    -13.241737    -13.241732
   2.06971    -13.268751    -13.268746
   2.12439    -13.302269    -13.302264
   2.17907    -13.336505    -13.336500
   2.23375    -13.363190    -13.363185
   2.28844    -13.373733    -13.373728
   2.34312    -13.362864    -13.362860
   2.39780    -13.331957    -13.331953
   2.45249    -13.287743    -13.287739
   2.50717    -13.237762    -13.237757
   2.50717    -13.237762    -13.237757
   2.56539    -13.235995    -13.235990
   2.62360    -13.231033    -13.231028
   2.68182    -13.223942    -13.223936
   2.74004    -13.216234    -13.216228
   2.79826    -13.209481    -13.209474
   2.85647    -13.204933    -13.204927
   2.91469    -13.203336    -13.203329
   2.91469    -13.203336    -13.203329
   2.96937    -13.203389    -13.203383
   3.02406    -13.203211    -13.203205
   3.07874    -13.201270    -13.201263
   3.13342    -13.193909    -13.193902
   3.18811    -13.175913    -13.175907
   3.24279    -13.143635    -13.143628
   3.29747    -13.098031    -13.098024
   3.35215    -13.044356    -13.044350
   3.40684    -12.990000    -12.989993
   3.46152    -12.943071    -12.943064
   3.51620    -12.910843    -12.910836
   3.57089    -12.895156    -12.895148
   3.62557    -12.891041    -12.891034
   3.62557    -12.891041    -12.891034
   3.68279    -12.890943    -12.890936
   3.74000    -12.891137    -12.891129
   3.79722    -12.893548    -12.893540
   3.85443    -12.903239    -12.903232
   3.91165    -12.925283    -12.925275
   3.96887    -12.954944    -12.954936
   4.02608    -12.983532    -12.983524
   4.08330    -13.004027    -13.004020
   4.14052    -13.011484    -13.011477
   4.14052    -13.011484    -13.011477
   4.19873    -13.101473    -13.101467
   4.25695    -13.191279    -13.191273
   4.31517    -13.275862    -13.275856
   4.37339    -13.351716    -13.351710
   4.43160    -13.416082    -13.416076
   4.48982    -13.465739    -13.465733
   4.54804    -13.488453    -13.488446
   4.54804    -13.488453    -13.488446
   4.60526    -13.485074    -13.485067
   4.66247    -13.475077    -13.475070
   4.71969    -13.418855    -13.418851
   4.77691    -13.356343    -13.356338
   4.83412    -13.303808    -13.303803
   4.89134    -13.262167    -13.262162
   4.94856    -13.231710    -13.231705
   5.00577    -13.212964    -13.212960
   5.06299    -13.206617    -13.206612
 
# Band-Index   40
   5.06299    -13.100040    -13.100034
   5.00577    -13.094671    -13.094666
   4.94856    -13.080072    -13.080067
   4.89134    -13.059159    -13.059154
   4.83412    -13.034197    -13.034191
   4.77691    -13.006549    -13.006543
   4.71969    -12.977448    -12.977442
   4.66247    -12.948635    -12.948630
   4.60526    -12.923980    -12.923975
   4.54804    -12.912872    -12.912867
   4.54804    -12.912872    -12.912867
   4.48982    -12.911096    -12.911091
   4.43160    -12.905815    -12.905810
   4.37339    -12.897264    -12.897259
   4.31517    -12.886095    -12.886090
   4.25695    -12.873255    -12.873250
   4.19873    -12.925357    -12.925351
   4.14052    -13.010104    -13.010099
   4.14052    -13.010104    -13.010099
   4.08330    -13.002646    -13.002641
   4.02608    -12.982132    -12.982127
   3.96887    -12.953450    -12.953445
   3.91165    -12.923501    -12.923496
   3.85443    -12.901033    -12.901029
   3.79722    -12.891286    -12.891282
   3.74000    -12.889018    -12.889013
   3.68279    -12.888921    -12.888916
   3.62557    -12.889048    -12.889044
   3.62557    -12.889048    -12.889044
   3.57089    -12.893133    -12.893128
   3.51620    -12.908751    -12.908747
   3.46152    -12.940944    -12.940939
   3.40684    -12.987871    -12.987867
   3.35215    -13.042210    -13.042206
   3.29747    -13.095832    -13.095827
   3.24279    -13.141352    -13.141348
   3.18811    -13.173534    -13.173530
   3.13342    -13.191446    -13.191443
   3.07874    -13.198752    -13.198749
   3.02406    -13.200665    -13.200662
   2.96937    -13.200832    -13.200828
   2.91469    -13.200775    -13.200772
   2.91469    -13.200775    -13.200772
   2.85647    -13.202427    -13.202424
   2.79826    -13.207135    -13.207132
   2.74004    -13.214144    -13.214141
   2.68182    -13.222178    -13.222174
   2.62360    -13.229618    -13.229614
   2.56539    -13.234877    -13.234873
   2.50717    -13.236769    -13.236765
   2.50717    -13.236769    -13.236765
   2.45249    -13.184876    -13.184872
   2.39780    -13.132407    -13.132402
   2.34312    -13.080638    -13.080633
   2.28844    -13.030769    -13.030764
   2.23375    -12.986102    -12.986097
   2.17907    -12.956761    -12.956755
   2.12439    -12.960719    -12.960713
   2.06971    -12.990655    -12.990649
   2.01502    -13.026202    -13.026196
   1.96034    -13.057742    -13.057736
   1.90566    -13.081274    -13.081269
   1.85097    -13.095397    -13.095392
   1.79629    -13.100040    -13.100034
   1.79629    -13.100040    -13.100034
   1.73496    -13.088475    -13.088469
   1.67364    -13.061287    -13.061282
   1.61231    -13.029589    -13.029583
   1.55098    -12.999628    -12.999622
   1.48965    -12.974249    -12.974243
   1.42832    -12.956617    -12.956611
   1.36700    -12.961191    -12.961185
   1.30567    -12.997222    -12.997217
   1.30567    -12.997222    -12.997217
   1.24745    -13.017847    -13.017843
   1.18923    -13.063317    -13.063313
   1.13102    -13.116488    -13.116484
   1.07280    -13.169574    -13.169571
   1.01458    -13.216193    -13.216190
   0.95636    -13.249080    -13.249077
   0.89815    -13.261102    -13.261099
   0.89815    -13.261102    -13.261099
   0.83682    -13.242410    -13.242407
   0.77549    -13.193714    -13.193710
   0.71416    -13.129288    -13.129284
   0.65283    -13.061076    -13.061072
   0.59151    -12.997147    -12.997143
   0.53018    -12.943113    -12.943109
   0.46885    -12.904269    -12.904265
   0.40752    -12.889048    -12.889044
   0.40752    -12.889048    -12.889044
   0.34931    -12.881350    -12.881344
   0.29109    -12.908759    -12.908753
   0.23287    -12.955464    -12.955458
   0.17465    -13.014363    -13.014357
   0.11644    -13.075546    -13.075540
   0.05822    -13.093821    -13.093816
   0.00000    -13.100040    -13.100034
 
# Band-Index   41
   0.00000    -12.700973    -12.700966
   0.05822    -12.702948    -12.702941
   0.11644    -12.708858    -12.708851
   0.17465    -12.718637    -12.718630
   0.23287    -12.732691    -12.732684
   0.29109    -12.761265    -12.761259
   0.34931    -12.786166    -12.786160
   0.40752    -12.787363    -12.787355
   0.40752    -12.787363    -12.787355
   0.46885    -12.781338    -12.781331
   0.53018    -12.769409    -12.769401
   0.59151    -12.758000    -12.757993
   0.65283    -12.748893    -12.748886
   0.71416    -12.742179    -12.742171
   0.77549    -12.737610    -12.737603
   0.83682    -12.734946    -12.734938
   0.89815    -12.734068    -12.734060
   0.89815    -12.734068    -12.734060
   0.95636    -12.738334    -12.738327
   1.01458    -12.750837    -12.750830
   1.07280    -12.770889    -12.770881
   1.13102    -12.797462    -12.797454
   1.18923    -12.828759    -12.828752
   1.24745    -12.859964    -12.859957
   1.30567    -12.875641    -12.875634
   1.30567    -12.875641    -12.875634
   1.36700    -12.885235    -12.885229
   1.42832    -12.861748    -12.861743
   1.48965    -12.818516    -12.818511
   1.55098    -12.773734    -12.773729
   1.61231    -12.740337    -12.740330
   1.67364    -12.719326    -12.719318
   1.73496    -12.705708    -12.705701
   1.79629    -12.700973    -12.700966
   1.79629    -12.700973    -12.700966
   1.85097    -12.705567    -12.705560
   1.90566    -12.718097    -12.718090
   1.96034    -12.735180    -12.735173
   2.01502    -12.759525    -12.759520
   2.06971    -12.794637    -12.794632
   2.12439    -12.824104    -12.824098
   2.17907    -12.831293    -12.831287
   2.23375    -12.812358    -12.812352
   2.28844    -12.787821    -12.787814
   2.34312    -12.781170    -12.781163
   2.39780    -12.776899    -12.776892
   2.45249    -12.770198    -12.770191
   2.50717    -12.763005    -12.762999
   2.50717    -12.763005    -12.762999
   2.56539    -12.761661    -12.761654
   2.62360    -12.757357    -12.757349
   2.68182    -12.749952    -12.749945
   2.74004    -12.739784    -12.739777
   2.79826    -12.728330    -12.728323
   2.85647    -12.718703    -12.718695
   2.91469    -12.714846    -12.714838
   2.91469    -12.714846    -12.714838
   2.96937    -12.720206    -12.720198
   3.02406    -12.733725    -12.733717
   3.07874    -12.749769    -12.749762
   3.13342    -12.763356    -12.763349
   3.18811    -12.772509    -12.772502
   3.24279    -12.778350    -12.778342
   3.29747    -12.783343    -12.783335
   3.35215    -12.789185    -12.789177
   3.40684    -12.795323    -12.795316
   3.46152    -12.799052    -12.799044
   3.51620    -12.797130    -12.797122
   3.57089    -12.790821    -12.790814
   3.62557    -12.787363    -12.787355
   3.62557    -12.787363    -12.787355
   3.68279    -12.791977    -12.791970
   3.74000    -12.805070    -12.805062
   3.79722    -12.823674    -12.823667
   3.85443    -12.840815    -12.840808
   3.91165    -12.848858    -12.848852
   3.96887    -12.849785    -12.849779
   4.02608    -12.848303    -12.848297
   4.08330    -12.846722    -12.846716
   4.14052    -12.846078    -12.846072
   4.14052    -12.846078    -12.846072
   4.19873    -12.859614    -12.859609
   4.25695    -12.860692    -12.860687
   4.31517    -12.835429    -12.835423
   4.37339    -12.825772    -12.825767
   4.43160    -12.820578    -12.820572
   4.48982    -12.817812    -12.817807
   4.54804    -12.816920    -12.816914
   4.54804    -12.816920    -12.816914
   4.60526    -12.806494    -12.806489
   4.66247    -12.783875    -12.783869
   4.71969    -12.758461    -12.758456
   4.77691    -12.734058    -12.734052
   4.83412    -12.712379    -12.712373
   4.89134    -12.694397    -12.694391
   4.94856    -12.689173    -12.689166
   5.00577    -12.697842    -12.697835
   5.06299    -12.700973    -12.700966
 
# Band-Index   42
   5.06299    -12.669140    -12.669134
   5.00577    -12.672106    -12.672100
   4.94856    -12.680638    -12.680633
   4.89134    -12.676353    -12.676346
   4.83412    -12.661931    -12.661924
   4.77691    -12.648004    -12.647997
   4.71969    -12.637597    -12.637590
   4.66247    -12.640498    -12.640490
   4.60526    -12.660058    -12.660051
   4.54804    -12.668847    -12.668840
   4.54804    -12.668847    -12.668840
   4.48982    -12.663173    -12.663166
   4.43160    -12.646703    -12.646695
   4.37339    -12.688922    -12.688916
   4.31517    -12.745867    -12.745860
   4.25695    -12.801947    -12.801941
   4.19873    -12.830316    -12.830311
   4.14052    -12.845446    -12.845441
   4.14052    -12.845446    -12.845441
   4.08330    -12.846095    -12.846090
   4.02608    -12.847683    -12.847678
   3.96887    -12.849120    -12.849115
   3.91165    -12.847921    -12.847916
   3.85443    -12.839398    -12.839393
   3.79722    -12.822145    -12.822140
   3.74000    -12.803658    -12.803652
   3.68279    -12.790656    -12.790650
   3.62557    -12.786072    -12.786066
   3.62557    -12.786072    -12.786066
   3.57089    -12.789461    -12.789455
   3.51620    -12.795571    -12.795565
   3.46152    -12.797300    -12.797295
   3.40684    -12.793477    -12.793472
   3.35215    -12.787310    -12.787305
   3.29747    -12.781481    -12.781476
   3.24279    -12.776530    -12.776525
   3.18811    -12.770744    -12.770739
   3.13342    -12.761636    -12.761631
   3.07874    -12.748068    -12.748063
   3.02406    -12.732014    -12.732009
   2.96937    -12.718472    -12.718467
   2.91469    -12.713099    -12.713094
   2.91469    -12.713099    -12.713094
   2.85647    -12.717039    -12.717033
   2.79826    -12.726877    -12.726871
   2.74004    -12.738605    -12.738600
   2.68182    -12.749071    -12.749065
   2.62360    -12.756771    -12.756765
   2.56539    -12.761354    -12.761348
   2.50717    -12.762883    -12.762876
   2.50717    -12.762883    -12.762876
   2.45249    -12.758226    -12.758219
   2.39780    -12.759428    -12.759422
   2.34312    -12.769113    -12.769106
   2.28844    -12.782626    -12.782620
   2.23375    -12.781862    -12.781855
   2.17907    -12.779325    -12.779319
   2.12439    -12.774471    -12.774465
   2.06971    -12.765720    -12.765713
   2.01502    -12.752079    -12.752073
   1.96034    -12.725260    -12.725255
   1.90566    -12.696284    -12.696279
   1.85097    -12.676329    -12.676323
   1.79629    -12.669140    -12.669134
   1.79629    -12.669140    -12.669134
   1.73496    -12.677051    -12.677045
   1.67364    -12.699331    -12.699325
   1.61231    -12.732658    -12.732653
   1.55098    -12.766282    -12.766276
   1.48965    -12.795347    -12.795340
   1.42832    -12.824815    -12.824808
   1.36700    -12.852481    -12.852474
   1.30567    -12.875397    -12.875390
   1.30567    -12.875397    -12.875390
   1.24745    -12.858595    -12.858590
   1.18923    -12.826978    -12.826973
   1.13102    -12.795571    -12.795566
   1.07280    -12.768966    -12.768961
   1.01458    -12.748904    -12.748898
   0.95636    -12.736397    -12.736392
   0.89815    -12.732129    -12.732124
   0.89815    -12.732129    -12.732124
   0.83682    -12.733011    -12.733006
   0.77549    -12.735686    -12.735681
   0.71416    -12.740276    -12.740271
   0.65283    -12.747030    -12.747025
   0.59151    -12.756205    -12.756200
   0.53018    -12.767731    -12.767725
   0.46885    -12.779865    -12.779860
   0.40752    -12.786072    -12.786066
   0.40752    -12.786072    -12.786066
   0.34931    -12.768832    -12.768826
   0.29109    -12.749097    -12.749091
   0.23287    -12.730659    -12.730654
   0.17465    -12.704994    -12.704988
   0.11644    -12.685344    -12.685339
   0.05822    -12.673234    -12.673229
   0.00000    -12.669140    -12.669134
 
# Band-Index   43
   0.00000    -12.472825    -12.472817
   0.05822    -12.471259    -12.471251
   0.11644    -12.466580    -12.466572
   0.17465    -12.458908    -12.458900
   0.23287    -12.448465    -12.448457
   0.29109    -12.435521    -12.435513
   0.34931    -12.420591    -12.420583
   0.40752    -12.404381    -12.404374
   0.40752    -12.404381    -12.404374
   0.46885    -12.406202    -12.406195
   0.53018    -12.411329    -12.411322
   0.59151    -12.418741    -12.418734
   0.65283    -12.427134    -12.427127
   0.71416    -12.435194    -12.435187
   0.77549    -12.441811    -12.441804
   0.83682    -12.446134    -12.446127
   0.89815    -12.447633    -12.447625
   0.89815    -12.447633    -12.447625
   0.95636    -12.446586    -12.446579
   1.01458    -12.443716    -12.443708
   1.07280    -12.439795    -12.439788
   1.13102    -12.435723    -12.435716
   1.18923    -12.432304    -12.432297
   1.24745    -12.430053    -12.430046
   1.30567    -12.429273    -12.429266
   1.30567    -12.429273    -12.429266
   1.36700    -12.450961    -12.450952
   1.42832    -12.468455    -12.468447
   1.48965    -12.479402    -12.479394
   1.55098    -12.483197    -12.483189
   1.61231    -12.481534    -12.481526
   1.67364    -12.477536    -12.477528
   1.73496    -12.474103    -12.474095
   1.79629    -12.472825    -12.472817
   1.79629    -12.472825    -12.472817
   1.85097    -12.473798    -12.473790
   1.90566    -12.476712    -12.476704
   1.96034    -12.480965    -12.480957
   2.01502    -12.484675    -12.484667
   2.06971    -12.485131    -12.485123
   2.12439    -12.480082    -12.480074
   2.17907    -12.468722    -12.468715
   2.23375    -12.451898    -12.451890
   2.28844    -12.431579    -12.431572
   2.34312    -12.410393    -12.410385
   2.39780    -12.391168    -12.391161
   2.45249    -12.376476    -12.376468
   2.50717    -12.368132    -12.368123
   2.50717    -12.368132    -12.368123
   2.56539    -12.372014    -12.372006
   2.62360    -12.383206    -12.383198
   2.68182    -12.400377    -12.400370
   2.74004    -12.421184    -12.421177
   2.79826    -12.442051    -12.442044
   2.85647    -12.458107    -12.458100
   2.91469    -12.464256    -12.464250
   2.91469    -12.464256    -12.464250
   2.96937    -12.462843    -12.462837
   3.02406    -12.459792    -12.459786
   3.07874    -12.457321    -12.457314
   3.13342    -12.456504    -12.456497
   3.18811    -12.456658    -12.456651
   3.24279    -12.455849    -12.455842
   3.29747    -12.452081    -12.452074
   3.35215    -12.444516    -12.444509
   3.40684    -12.434039    -12.434032
   3.46152    -12.422780    -12.422773
   3.51620    -12.413068    -12.413061
   3.57089    -12.406616    -12.406609
   3.62557    -12.404381    -12.404374
   3.62557    -12.404381    -12.404374
   3.68279    -12.406002    -12.405995
   3.74000    -12.410712    -12.410705
   3.79722    -12.418034    -12.418027
   3.85443    -12.427216    -12.427209
   3.91165    -12.437223    -12.437216
   3.96887    -12.446849    -12.446842
   4.02608    -12.454895    -12.454888
   4.08330    -12.460236    -12.460229
   4.14052    -12.462095    -12.462088
   4.14052    -12.462095    -12.462088
   4.19873    -12.506498    -12.506490
   4.25695    -12.549011    -12.549003
   4.31517    -12.587749    -12.587741
   4.37339    -12.620940    -12.620932
   4.43160    -12.644760    -12.644753
   4.48982    -12.617196    -12.617190
   4.54804    -12.607821    -12.607814
   4.54804    -12.607821    -12.607814
   4.60526    -12.608649    -12.608642
   4.66247    -12.605212    -12.605205
   4.71969    -12.572847    -12.572840
   4.77691    -12.519559    -12.519551
   4.83412    -12.461000    -12.460992
   4.89134    -12.413004    -12.412996
   4.94856    -12.444043    -12.444035
   5.00577    -12.465242    -12.465234
   5.06299    -12.472825    -12.472817
 
# Band-Index   44
   5.06299    -12.322356    -12.322348
   5.00577    -12.332358    -12.332350
   4.94856    -12.361307    -12.361299
   4.89134    -12.405920    -12.405912
   4.83412    -12.376896    -12.376888
   4.77691    -12.340428    -12.340419
   4.71969    -12.307670    -12.307662
   4.66247    -12.281910    -12.281902
   4.60526    -12.265512    -12.265504
   4.54804    -12.259892    -12.259884
   4.54804    -12.259892    -12.259884
   4.48982    -12.265068    -12.265060
   4.43160    -12.280296    -12.280288
   4.37339    -12.304704    -12.304696
   4.31517    -12.336929    -12.336921
   4.25695    -12.375239    -12.375231
   4.19873    -12.417640    -12.417632
   4.14052    -12.462022    -12.462013
   4.14052    -12.462022    -12.462013
   4.08330    -12.460144    -12.460135
   4.02608    -12.454766    -12.454757
   3.96887    -12.446679    -12.446671
   3.91165    -12.437015    -12.437006
   3.85443    -12.426975    -12.426966
   3.79722    -12.417767    -12.417758
   3.74000    -12.410426    -12.410417
   3.68279    -12.405704    -12.405695
   3.62557    -12.404079    -12.404069
   3.62557    -12.404079    -12.404069
   3.57089    -12.406312    -12.406303
   3.51620    -12.412762    -12.412753
   3.46152    -12.422485    -12.422476
   3.40684    -12.433771    -12.433761
   3.35215    -12.444287    -12.444278
   3.29747    -12.451885    -12.451876
   3.24279    -12.455656    -12.455646
   3.18811    -12.456436    -12.456426
   3.13342    -12.456247    -12.456238
   3.07874    -12.457041    -12.457031
   3.02406    -12.459508    -12.459499
   2.96937    -12.462565    -12.462556
   2.91469    -12.463982    -12.463973
   2.91469    -12.463982    -12.463973
   2.85647    -12.457871    -12.457862
   2.79826    -12.441891    -12.441882
   2.74004    -12.421076    -12.421067
   2.68182    -12.400284    -12.400276
   2.62360    -12.383124    -12.383116
   2.56539    -12.371952    -12.371945
   2.50717    -12.368083    -12.368076
   2.50717    -12.368083    -12.368076
   2.45249    -12.366612    -12.366604
   2.39780    -12.371162    -12.371154
   2.34312    -12.379596    -12.379588
   2.28844    -12.388749    -12.388741
   2.23375    -12.395126    -12.395117
   2.17907    -12.395903    -12.395895
   2.12439    -12.389961    -12.389953
   2.06971    -12.378192    -12.378184
   2.01502    -12.363029    -12.363021
   1.96034    -12.347440    -12.347432
   1.90566    -12.334219    -12.334211
   1.85097    -12.325424    -12.325415
   1.79629    -12.322356    -12.322348
   1.79629    -12.322356    -12.322348
   1.73496    -12.323709    -12.323701
   1.67364    -12.327991    -12.327983
   1.61231    -12.335750    -12.335742
   1.55098    -12.347516    -12.347507
   1.48965    -12.363493    -12.363485
   1.42832    -12.383264    -12.383255
   1.36700    -12.405740    -12.405732
   1.30567    -12.428997    -12.428988
   1.30567    -12.428997    -12.428988
   1.24745    -12.429770    -12.429761
   1.18923    -12.432004    -12.431995
   1.13102    -12.435401    -12.435392
   1.07280    -12.439453    -12.439443
   1.01458    -12.443356    -12.443347
   0.95636    -12.446216    -12.446207
   0.89815    -12.447259    -12.447250
   0.89815    -12.447259    -12.447250
   0.83682    -12.445762    -12.445752
   0.77549    -12.441442    -12.441433
   0.71416    -12.434830    -12.434821
   0.65283    -12.426779    -12.426770
   0.59151    -12.418399    -12.418390
   0.53018    -12.411005    -12.410996
   0.46885    -12.405893    -12.405884
   0.40752    -12.404079    -12.404069
   0.40752    -12.404079    -12.404069
   0.34931    -12.387193    -12.387184
   0.29109    -12.370405    -12.370397
   0.23287    -12.354839    -12.354831
   0.17465    -12.341425    -12.341417
   0.11644    -12.331114    -12.331105
   0.05822    -12.324594    -12.324586
   0.00000    -12.322356    -12.322348
 
# Band-Index   45
   0.00000     -5.531151     -5.531152
   0.05822     -5.524123     -5.524124
   0.11644     -5.503405     -5.503406
   0.17465     -5.470081     -5.470082
   0.23287     -5.425864     -5.425865
   0.29109     -5.372985     -5.372986
   0.34931     -5.314116     -5.314116
   0.40752     -5.252440     -5.252441
   0.40752     -5.252440     -5.252441
   0.46885     -5.246080     -5.246081
   0.53018     -5.227440     -5.227441
   0.59151     -5.197791     -5.197792
   0.65283     -5.159006     -5.159006
   0.71416     -5.113328     -5.113329
   0.77549     -5.064344     -5.064345
   0.83682     -5.019779     -5.019780
   0.89815     -4.998851     -4.998852
   0.89815     -4.998851     -4.998852
   0.95636     -5.040100     -5.040101
   1.01458     -5.120276     -5.120276
   1.07280     -5.204464     -5.204464
   1.13102     -5.279580     -5.279580
   1.18923     -5.338122     -5.338123
   1.24745     -5.375166     -5.375167
   1.30567     -5.387835     -5.387836
   1.30567     -5.387835     -5.387836
   1.36700     -5.412781     -5.412781
   1.42832     -5.432953     -5.432954
   1.48965     -5.451052     -5.451053
   1.55098     -5.469984     -5.469985
   1.61231     -5.490575     -5.490575
   1.67364     -5.510592     -5.510592
   1.73496     -5.525564     -5.525565
   1.79629     -5.531151     -5.531152
   1.79629     -5.531151     -5.531152
   1.85097     -5.524778     -5.524779
   1.90566     -5.506894     -5.506895
   1.96034     -5.480694     -5.480695
   2.01502     -5.450108     -5.450109
   2.06971     -5.418508     -5.418509
   2.12439     -5.387889     -5.387889
   2.17907     -5.358827     -5.358828
   2.23375     -5.330933     -5.330934
   2.28844     -5.303431     -5.303432
   2.34312     -5.275870     -5.275871
   2.39780     -5.248728     -5.248729
   2.45249     -5.223753     -5.223753
   2.50717     -5.203566     -5.203567
   2.50717     -5.203566     -5.203567
   2.56539     -5.199325     -5.199327
   2.62360     -5.187174     -5.187176
   2.68182     -5.168789     -5.168790
   2.74004     -5.146849     -5.146850
   2.79826     -5.125006     -5.125007
   2.85647     -5.108057     -5.108058
   2.91469     -5.101463     -5.101464
   2.91469     -5.101463     -5.101464
   2.96937     -5.109392     -5.109392
   3.02406     -5.126149     -5.126149
   3.07874     -5.143629     -5.143630
   3.13342     -5.159225     -5.159226
   3.18811     -5.172938     -5.172938
   3.24279     -5.185536     -5.185537
   3.29747     -5.197783     -5.197784
   3.35215     -5.210102     -5.210103
   3.40684     -5.222403     -5.222404
   3.46152     -5.233980     -5.233981
   3.51620     -5.243658     -5.243659
   3.57089     -5.250149     -5.250150
   3.62557     -5.252440     -5.252441
   3.62557     -5.252440     -5.252441
   3.68279     -5.252672     -5.252673
   3.74000     -5.253165     -5.253166
   3.79722     -5.253422     -5.253424
   3.85443     -5.252965     -5.252966
   3.91165     -5.251592     -5.251593
   3.96887     -5.249506     -5.249507
   4.02608     -5.247254     -5.247255
   4.08330     -5.245520     -5.245522
   4.14052     -5.244873     -5.244874
   4.14052     -5.244873     -5.244874
   4.19873     -5.274562     -5.274563
   4.25695     -5.314061     -5.314062
   4.31517     -5.356921     -5.356922
   4.37339     -5.397160     -5.397161
   4.43160     -5.429746     -5.429747
   4.48982     -5.450879     -5.450879
   4.54804     -5.458190     -5.458191
   4.54804     -5.458190     -5.458191
   4.60526     -5.463172     -5.463173
   4.66247     -5.474756     -5.474757
   4.71969     -5.488063     -5.488064
   4.77691     -5.500592     -5.500593
   4.83412     -5.511354     -5.511355
   4.89134     -5.519937     -5.519938
   4.94856     -5.526147     -5.526148
   5.00577     -5.529897     -5.529898
   5.06299     -5.531151     -5.531152
 
# Band-Index   46
   5.06299     -5.053605     -5.053607
   5.00577     -5.040805     -5.040806
   4.94856     -5.018641     -5.018641
   4.89134     -5.060704     -5.060705
   4.83412     -5.112177     -5.112178
   4.77691     -5.167240     -5.167241
   4.71969     -5.220146     -5.220147
   4.66247     -5.265490     -5.265491
   4.60526     -5.297566     -5.297567
   4.54804     -5.309587     -5.309588
   4.54804     -5.309587     -5.309588
   4.48982     -5.304194     -5.304195
   4.43160     -5.289182     -5.289182
   4.37339     -5.268034     -5.268035
   4.31517     -5.246422     -5.246423
   4.25695     -5.231476     -5.231476
   4.19873     -5.229839     -5.229839
   4.14052     -5.244641     -5.244641
   4.14052     -5.244641     -5.244641
   4.08330     -5.245273     -5.245273
   4.02608     -5.246968     -5.246968
   3.96887     -5.249175     -5.249175
   3.91165     -5.251220     -5.251221
   3.85443     -5.252563     -5.252563
   3.79722     -5.253001     -5.253001
   3.74000     -5.252735     -5.252735
   3.68279     -5.252238     -5.252239
   3.62557     -5.252006     -5.252006
   3.62557     -5.252006     -5.252006
   3.57089     -5.249739     -5.249739
   3.51620     -5.243316     -5.243317
   3.46152     -5.233734     -5.233734
   3.40684     -5.222247     -5.222247
   3.35215     -5.209958     -5.209958
   3.29747     -5.197559     -5.197559
   3.24279     -5.185205     -5.185206
   3.18811     -5.172495     -5.172495
   3.13342     -5.158658     -5.158658
   3.07874     -5.142909     -5.142910
   3.02406     -5.125228     -5.125229
   2.96937     -5.108216     -5.108217
   2.91469     -5.100126     -5.100127
   2.91469     -5.100126     -5.100127
   2.85647     -5.106789     -5.106790
   2.79826     -5.123880     -5.123880
   2.74004     -5.145857     -5.145857
   2.68182     -5.167896     -5.167897
   2.62360     -5.186348     -5.186348
   2.56539     -5.198536     -5.198536
   2.50717     -5.202788     -5.202788
   2.50717     -5.202788     -5.202788
   2.45249     -5.187690     -5.187690
   2.39780     -5.175692     -5.175692
   2.34312     -5.164868     -5.164869
   2.28844     -5.153579     -5.153579
   2.23375     -5.141032     -5.141032
   2.17907     -5.127056     -5.127057
   2.12439     -5.111977     -5.111978
   2.06971     -5.096536     -5.096537
   2.01502     -5.081896     -5.081896
   1.96034     -5.069453     -5.069454
   1.90566     -5.060408     -5.060409
   1.85097     -5.055232     -5.055233
   1.79629     -5.053605     -5.053607
   1.79629     -5.053605     -5.053607
   1.73496     -5.065976     -5.065977
   1.67364     -5.100110     -5.100111
   1.61231     -5.149038     -5.149038
   1.55098     -5.204834     -5.204835
   1.48965     -5.260551     -5.260552
   1.42832     -5.311125     -5.311126
   1.36700     -5.353615     -5.353615
   1.30567     -5.386512     -5.386512
   1.30567     -5.386512     -5.386512
   1.24745     -5.373843     -5.373843
   1.18923     -5.336801     -5.336801
   1.13102     -5.278264     -5.278264
   1.07280     -5.203160     -5.203160
   1.01458     -5.118990     -5.118990
   0.95636     -5.038818     -5.038818
   0.89815     -4.997530     -4.997530
   0.89815     -4.997530     -4.997530
   0.83682     -5.018640     -5.018641
   0.77549     -5.063487     -5.063487
   0.71416     -5.112734     -5.112734
   0.65283     -5.158660     -5.158661
   0.59151     -5.197617     -5.197618
   0.53018     -5.227189     -5.227189
   0.46885     -5.245697     -5.245697
   0.40752     -5.252006     -5.252006
   0.40752     -5.252006     -5.252006
   0.34931     -5.190505     -5.190505
   0.29109     -5.132257     -5.132257
   0.23287     -5.080634     -5.080635
   0.17465     -5.038284     -5.038285
   0.11644     -5.007075     -5.007075
   0.05822     -5.041346     -5.041347
   0.00000     -5.053605     -5.053607
 
# Band-Index   47
   0.00000     -4.981487     -4.981488
   0.05822     -4.987953     -4.987953
   0.11644     -5.005287     -5.005289
   0.17465     -4.947722     -4.947723
   0.23287     -4.872633     -4.872634
   0.29109     -4.786290     -4.786291
   0.34931     -4.698634     -4.698634
   0.40752     -4.625995     -4.625996
   0.40752     -4.625995     -4.625996
   0.46885     -4.628881     -4.628882
   0.53018     -4.638153     -4.638154
   0.59151     -4.655350     -4.655350
   0.65283     -4.682048     -4.682049
   0.71416     -4.718470     -4.718470
   0.77549     -4.761868     -4.761868
   0.83682     -4.803906     -4.803905
   0.89815     -4.824218     -4.824217
   0.89815     -4.824218     -4.824217
   0.95636     -4.792569     -4.792568
   1.01458     -4.739715     -4.739715
   1.07280     -4.695683     -4.695683
   1.13102     -4.665831     -4.665831
   1.18923     -4.648512     -4.648512
   1.24745     -4.640154     -4.640154
   1.30567     -4.637749     -4.637748
   1.30567     -4.637749     -4.637748
   1.36700     -4.669094     -4.669094
   1.42832     -4.719509     -4.719509
   1.48965     -4.780181     -4.780181
   1.55098     -4.842457     -4.842457
   1.61231     -4.898840     -4.898841
   1.67364     -4.943361     -4.943361
   1.73496     -4.971748     -4.971749
   1.79629     -4.981487     -4.981488
   1.79629     -4.981487     -4.981488
   1.85097     -4.976544     -4.976545
   1.90566     -4.962869     -4.962869
   1.96034     -4.943808     -4.943808
   2.01502     -4.924326     -4.924326
   2.06971     -4.909699     -4.909699
   2.12439     -4.903788     -4.903788
   2.17907     -4.907820     -4.907820
   2.23375     -4.920250     -4.920250
   2.28844     -4.937399     -4.937399
   2.34312     -4.954340     -4.954339
   2.39780     -4.965486     -4.965486
   2.45249     -4.965279     -4.965279
   2.50717     -4.950080     -4.950080
   2.50717     -4.950080     -4.950079
   2.56539     -4.950077     -4.950077
   2.62360     -4.950434     -4.950433
   2.68182     -4.952056     -4.952056
   2.74004     -4.955815     -4.955814
   2.79826     -4.961680     -4.961680
   2.85647     -4.967822     -4.967822
   2.91469     -4.970619     -4.970619
   2.91469     -4.970619     -4.970619
   2.96937     -4.956029     -4.956028
   3.02406     -4.920426     -4.920426
   3.07874     -4.874708     -4.874708
   3.13342     -4.825049     -4.825048
   3.18811     -4.775701     -4.775701
   3.24279     -4.730153     -4.730153
   3.29747     -4.691281     -4.691281
   3.35215     -4.661188     -4.661189
   3.40684     -4.640864     -4.640865
   3.46152     -4.629810     -4.629810
   3.51620     -4.625852     -4.625852
   3.57089     -4.625633     -4.625634
   3.62557     -4.625995     -4.625996
   3.62557     -4.625995     -4.625996
   3.68279     -4.627000     -4.627001
   3.74000     -4.630044     -4.630044
   3.79722     -4.635101     -4.635102
   3.85443     -4.641912     -4.641912
   3.91165     -4.649835     -4.649835
   3.96887     -4.657879     -4.657879
   4.02608     -4.664863     -4.664862
   4.08330     -4.669635     -4.669634
   4.14052     -4.671331     -4.671330
   4.14052     -4.671331     -4.671330
   4.19873     -4.672996     -4.672995
   4.25695     -4.666530     -4.666530
   4.31517     -4.657587     -4.657586
   4.37339     -4.660477     -4.660476
   4.43160     -4.665719     -4.665718
   4.48982     -4.670398     -4.670398
   4.54804     -4.672238     -4.672237
   4.54804     -4.672238     -4.672237
   4.60526     -4.678580     -4.678580
   4.66247     -4.696351     -4.696351
   4.71969     -4.724340     -4.724340
   4.77691     -4.794085     -4.794086
   4.83412     -4.873009     -4.873010
   4.89134     -4.945663     -4.945664
   4.94856     -5.003613     -5.003614
   5.00577     -4.991080     -4.991081
   5.06299     -4.981487     -4.981488
 
# Band-Index   48
   5.06299     -4.844059     -4.844059
   5.00577     -4.839654     -4.839654
   4.94856     -4.826767     -4.826766
   4.89134     -4.806384     -4.806384
   4.83412     -4.780195     -4.780194
   4.77691     -4.750552     -4.750552
   4.71969     -4.715268     -4.715268
   4.66247     -4.655835     -4.655836
   4.60526     -4.615966     -4.615966
   4.54804     -4.602231     -4.602232
   4.54804     -4.602231     -4.602232
   4.48982     -4.606367     -4.606368
   4.43160     -4.617965     -4.617965
   4.37339     -4.634623     -4.634623
   4.31517     -4.652422     -4.652422
   4.25695     -4.659180     -4.659179
   4.19873     -4.664915     -4.664914
   4.14052     -4.671193     -4.671193
   4.14052     -4.671193     -4.671193
   4.08330     -4.669514     -4.669514
   4.02608     -4.664780     -4.664780
   3.96887     -4.657790     -4.657789
   3.91165     -4.649666     -4.649665
   3.85443     -4.641647     -4.641646
   3.79722     -4.634749     -4.634748
   3.74000     -4.629624     -4.629623
   3.68279     -4.626538     -4.626538
   3.62557     -4.625519     -4.625519
   3.62557     -4.625519     -4.625519
   3.57089     -4.625151     -4.625151
   3.51620     -4.625355     -4.625354
   3.46152     -4.629298     -4.629297
   3.40684     -4.640350     -4.640349
   3.35215     -4.660691     -4.660690
   3.29747     -4.690821     -4.690820
   3.24279     -4.729748     -4.729748
   3.18811     -4.775364     -4.775364
   3.13342     -4.824796     -4.824795
   3.07874     -4.874566     -4.874566
   3.02406     -4.920368     -4.920367
   2.96937     -4.955761     -4.955760
   2.91469     -4.970201     -4.970200
   2.91469     -4.970201     -4.970200
   2.85647     -4.967365     -4.967363
   2.79826     -4.961124     -4.961124
   2.74004     -4.955154     -4.955154
   2.68182     -4.951316     -4.951316
   2.62360     -4.949642     -4.949643
   2.56539     -4.949259     -4.949260
   2.50717     -4.949254     -4.949254
   2.50717     -4.949254     -4.949254
   2.45249     -4.918525     -4.918525
   2.39780     -4.876392     -4.876393
   2.34312     -4.830484     -4.830484
   2.28844     -4.788545     -4.788545
   2.23375     -4.757369     -4.757370
   2.17907     -4.741441     -4.741441
   2.12439     -4.741870     -4.741871
   2.06971     -4.756104     -4.756105
   2.01502     -4.778890     -4.778890
   1.96034     -4.803877     -4.803877
   1.90566     -4.825305     -4.825305
   1.85097     -4.839277     -4.839276
   1.79629     -4.844059     -4.844059
   1.79629     -4.844059     -4.844059
   1.73496     -4.835398     -4.835397
   1.67364     -4.810770     -4.810770
   1.61231     -4.773584     -4.773584
   1.55098     -4.728954     -4.728954
   1.48965     -4.684102     -4.684103
   1.42832     -4.648182     -4.648182
   1.36700     -4.630574     -4.630574
   1.30567     -4.637305     -4.637306
   1.30567     -4.637305     -4.637306
   1.24745     -4.639704     -4.639704
   1.18923     -4.648033     -4.648034
   1.13102     -4.665290     -4.665290
   1.07280     -4.695039     -4.695038
   1.01458     -4.738934     -4.738933
   0.95636     -4.791628     -4.791626
   0.89815     -4.823151     -4.823149
   0.89815     -4.823151     -4.823149
   0.83682     -4.802892     -4.802890
   0.77549     -4.760903     -4.760902
   0.71416     -4.717567     -4.717566
   0.65283     -4.681245     -4.681244
   0.59151     -4.654667     -4.654666
   0.53018     -4.637580     -4.637579
   0.46885     -4.628380     -4.628380
   0.40752     -4.625519     -4.625519
   0.40752     -4.625519     -4.625519
   0.34931     -4.590599     -4.590598
   0.29109     -4.608521     -4.608520
   0.23287     -4.665670     -4.665669
   0.17465     -4.733660     -4.733659
   0.11644     -4.792197     -4.792196
   0.05822     -4.830682     -4.830682
   0.00000     -4.844059     -4.844059
 
# Band-Index   49
   0.00000     -3.599495     -3.599492
   0.05822     -3.615684     -3.615681
   0.11644     -3.661805     -3.661803
   0.17465     -3.728751     -3.728749
   0.23287     -3.799207     -3.799205
   0.29109     -3.847062     -3.847061
   0.34931     -3.841403     -3.841402
   0.40752     -3.769760     -3.769759
   0.40752     -3.769760     -3.769759
   0.46885     -3.752008     -3.752007
   0.53018     -3.700882     -3.700881
   0.59151     -3.623351     -3.623349
   0.65283     -3.531575     -3.531573
   0.71416     -3.440921     -3.440918
   0.77549     -3.364198     -3.364196
   0.83682     -3.310407     -3.310404
   0.89815     -3.290234     -3.290231
   0.89815     -3.290234     -3.290231
   0.95636     -3.297746     -3.297743
   1.01458     -3.313371     -3.313368
   1.07280     -3.326465     -3.326463
   1.13102     -3.333027     -3.333026
   1.18923     -3.334561     -3.334560
   1.24745     -3.334118     -3.334116
   1.30567     -3.333762     -3.333761
   1.30567     -3.333762     -3.333761
   1.36700     -3.353713     -3.353710
   1.42832     -3.354728     -3.354726
   1.48965     -3.423893     -3.423890
   1.55098     -3.523433     -3.523431
   1.61231     -3.588031     -3.588028
   1.67364     -3.611445     -3.611442
   1.73496     -3.606614     -3.606611
   1.79629     -3.599495     -3.599492
   1.79629     -3.599495     -3.599492
   1.85097     -3.595621     -3.595618
   1.90566     -3.581139     -3.581136
   1.96034     -3.549806     -3.549803
   2.01502     -3.496630     -3.496627
   2.06971     -3.422055     -3.422053
   2.12439     -3.335599     -3.335596
   2.17907     -3.258265     -3.258262
   2.23375     -3.215633     -3.215630
   2.28844     -3.213584     -3.213582
   2.34312     -3.234036     -3.234033
   2.39780     -3.257596     -3.257594
   2.45249     -3.272355     -3.272353
   2.50717     -3.272825     -3.272823
   2.50717     -3.272825     -3.272823
   2.56539     -3.269372     -3.269370
   2.62360     -3.258399     -3.258396
   2.68182     -3.238676     -3.238674
   2.74004     -3.209636     -3.209634
   2.79826     -3.173505     -3.173502
   2.85647     -3.138977     -3.138975
   2.91469     -3.123437     -3.123434
   2.91469     -3.123437     -3.123434
   2.96937     -3.117917     -3.117915
   3.02406     -3.103523     -3.103520
   3.07874     -3.087621     -3.087618
   3.13342     -3.084572     -3.084569
   3.18811     -3.113736     -3.113733
   3.24279     -3.186012     -3.186010
   3.29747     -3.292401     -3.292399
   3.35215     -3.413486     -3.413484
   3.40684     -3.531188     -3.531186
   3.46152     -3.632153     -3.632151
   3.51620     -3.707914     -3.707913
   3.57089     -3.754247     -3.754245
   3.62557     -3.769760     -3.769759
   3.62557     -3.769760     -3.769759
   3.68279     -3.759546     -3.759545
   3.74000     -3.729804     -3.729802
   3.79722     -3.683110     -3.683108
   3.85443     -3.623456     -3.623454
   3.91165     -3.556049     -3.556047
   3.96887     -3.487460     -3.487458
   4.02608     -3.426113     -3.426111
   4.08330     -3.382370     -3.382368
   4.14052     -3.366298     -3.366296
   4.14052     -3.366298     -3.366296
   4.19873     -3.416891     -3.416890
   4.25695     -3.444839     -3.444837
   4.31517     -3.447886     -3.447885
   4.37339     -3.429168     -3.429167
   4.43160     -3.397046     -3.397044
   4.48982     -3.365293     -3.365291
   4.54804     -3.351491     -3.351489
   4.54804     -3.351491     -3.351489
   4.60526     -3.359667     -3.359665
   4.66247     -3.383183     -3.383181
   4.71969     -3.418841     -3.418838
   4.77691     -3.461485     -3.461482
   4.83412     -3.505103     -3.505100
   4.89134     -3.544123     -3.544120
   4.94856     -3.574311     -3.574308
   5.00577     -3.593133     -3.593130
   5.06299     -3.599495     -3.599492
 
# Band-Index   50
   5.06299     -3.111677     -3.111674
   5.00577     -3.157252     -3.157249
   4.94856     -3.217815     -3.217812
   4.89134     -3.272336     -3.272333
   4.83412     -3.315025     -3.315022
   4.77691     -3.340799     -3.340796
   4.71969     -3.345666     -3.345663
   4.66247     -3.329536     -3.329533
   4.60526     -3.302011     -3.302008
   4.54804     -3.286972     -3.286969
   4.54804     -3.286972     -3.286969
   4.48982     -3.271132     -3.271130
   4.43160     -3.224245     -3.224242
   4.37339     -3.151440     -3.151437
   4.31517     -3.170829     -3.170826
   4.25695     -3.229828     -3.229825
   4.19873     -3.299964     -3.299961
   4.14052     -3.366105     -3.366103
   4.14052     -3.366105     -3.366103
   4.08330     -3.382160     -3.382158
   4.02608     -3.425857     -3.425855
   3.96887     -3.487149     -3.487147
   3.91165     -3.555704     -3.555703
   3.85443     -3.623114     -3.623112
   3.79722     -3.682804     -3.682802
   3.74000     -3.729550     -3.729549
   3.68279     -3.759339     -3.759338
   3.62557     -3.769572     -3.769570
   3.62557     -3.769572     -3.769570
   3.57089     -3.754002     -3.754001
   3.51620     -3.707530     -3.707528
   3.46152     -3.631578     -3.631576
   3.40684     -3.530400     -3.530399
   3.35215     -3.412482     -3.412481
   3.29747     -3.291174     -3.291172
   3.24279     -3.184529     -3.184527
   3.18811     -3.111972     -3.111970
   3.13342     -3.082588     -3.082586
   3.07874     -3.085527     -3.085525
   3.02406     -3.101395     -3.101393
   2.96937     -3.115786     -3.115784
   2.91469     -3.121307     -3.121305
   2.91469     -3.121307     -3.121305
   2.85647     -3.137129     -3.137127
   2.79826     -3.172215     -3.172213
   2.74004     -3.208899     -3.208897
   2.68182     -3.238360     -3.238358
   2.62360     -3.258129     -3.258127
   2.56539     -3.268963     -3.268961
   2.50717     -3.272364     -3.272362
   2.50717     -3.272364     -3.272362
   2.45249     -3.257350     -3.257348
   2.39780     -3.229516     -3.229514
   2.34312     -3.194459     -3.194456
   2.28844     -3.157785     -3.157783
   2.23375     -3.123576     -3.123574
   2.17907     -3.094737     -3.094734
   2.12439     -3.074605     -3.074602
   2.06971     -3.066453     -3.066450
   2.01502     -3.070743     -3.070740
   1.96034     -3.083502     -3.083498
   1.90566     -3.098104     -3.098101
   1.85097     -3.108390     -3.108387
   1.79629     -3.111677     -3.111674
   1.79629     -3.111677     -3.111674
   1.73496     -3.169252     -3.169249
   1.67364     -3.226855     -3.226852
   1.61231     -3.271923     -3.271920
   1.55098     -3.308633     -3.308630
   1.48965     -3.337612     -3.337610
   1.42832     -3.330598     -3.330595
   1.36700     -3.308821     -3.308818
   1.30567     -3.332766     -3.332764
   1.30567     -3.332766     -3.332764
   1.24745     -3.333158     -3.333156
   1.18923     -3.333733     -3.333731
   1.13102     -3.332423     -3.332420
   1.07280     -3.325974     -3.325972
   1.01458     -3.312597     -3.312595
   0.95636     -3.296572     -3.296570
   0.89815     -3.288871     -3.288870
   0.89815     -3.288871     -3.288870
   0.83682     -3.308904     -3.308902
   0.77549     -3.362421     -3.362420
   0.71416     -3.439005     -3.439004
   0.65283     -3.529826     -3.529824
   0.59151     -3.622029     -3.622028
   0.53018     -3.700066     -3.700064
   0.46885     -3.751613     -3.751611
   0.40752     -3.769572     -3.769570
   0.40752     -3.769572     -3.769570
   0.34931     -3.652729     -3.652726
   0.29109     -3.522961     -3.522958
   0.23287     -3.405674     -3.405671
   0.17465     -3.310564     -3.310561
   0.11644     -3.232440     -3.232437
   0.05822     -3.163460     -3.163456
   0.00000     -3.111677     -3.111674
 
# Band-Index   51
   0.00000     -3.083055     -3.083052
   0.05822     -3.058733     -3.058729
   0.11644     -3.044727     -3.044723
   0.17465     -3.017267     -3.017263
   0.23287     -3.008728     -3.008724
   0.29109     -3.031289     -3.031285
   0.34931     -3.037325     -3.037322
   0.40752     -3.023924     -3.023920
   0.40752     -3.023924     -3.023920
   0.46885     -3.024825     -3.024822
   0.53018     -3.024306     -3.024302
   0.59151     -3.013247     -3.013243
   0.65283     -2.979361     -2.979357
   0.71416     -2.917265     -2.917260
   0.77549     -2.850450     -2.850446
   0.83682     -2.825057     -2.825054
   0.89815     -2.825565     -2.825563
   0.89815     -2.825565     -2.825563
   0.95636     -2.806727     -2.806725
   1.01458     -2.762864     -2.762861
   1.07280     -2.717654     -2.717651
   1.13102     -2.683120     -2.683116
   1.18923     -2.656355     -2.656351
   1.24745     -2.635245     -2.635241
   1.30567     -2.626391     -2.626386
   1.30567     -2.626391     -2.626386
   1.36700     -2.820268     -2.820265
   1.42832     -2.927785     -2.927782
   1.48965     -2.914298     -2.914296
   1.55098     -2.853865     -2.853863
   1.61231     -2.844665     -2.844662
   1.67364     -2.943175     -2.943171
   1.73496     -3.042735     -3.042731
   1.79629     -3.083055     -3.083052
   1.79629     -3.083055     -3.083052
   1.85097     -3.068326     -3.068322
   1.90566     -3.027762     -3.027758
   1.96034     -2.970281     -2.970276
   2.01502     -2.906811     -2.906807
   2.06971     -2.848937     -2.848932
   2.12439     -2.810029     -2.810024
   2.17907     -2.792262     -2.792258
   2.23375     -2.770066     -2.770061
   2.28844     -2.740294     -2.740288
   2.34312     -2.717772     -2.717766
   2.39780     -2.704685     -2.704679
   2.45249     -2.697067     -2.697062
   2.50717     -2.691251     -2.691245
   2.50717     -2.691251     -2.691245
   2.56539     -2.689673     -2.689668
   2.62360     -2.687218     -2.687212
   2.68182     -2.693618     -2.693613
   2.74004     -2.720424     -2.720419
   2.79826     -2.763982     -2.763978
   2.85647     -2.806973     -2.806968
   2.91469     -2.826010     -2.826005
   2.91469     -2.826010     -2.826005
   2.96937     -2.814388     -2.814384
   3.02406     -2.782049     -2.782045
   3.07874     -2.737644     -2.737639
   3.13342     -2.702179     -2.702174
   3.18811     -2.714938     -2.714933
   3.24279     -2.765207     -2.765202
   3.29747     -2.823683     -2.823679
   3.35215     -2.881110     -2.881106
   3.40684     -2.931900     -2.931896
   3.46152     -2.972460     -2.972457
   3.51620     -3.001303     -3.001299
   3.57089     -3.018324     -3.018320
   3.62557     -3.023924     -3.023920
   3.62557     -3.023924     -3.023920
   3.68279     -3.014986     -3.014982
   3.74000     -2.988561     -2.988557
   3.79722     -2.946018     -2.946014
   3.85443     -2.890171     -2.890166
   3.91165     -2.825791     -2.825787
   3.96887     -2.759851     -2.759847
   4.02608     -2.701265     -2.701261
   4.08330     -2.659997     -2.659992
   4.14052     -2.644736     -2.644730
   4.14052     -2.644736     -2.644730
   4.19873     -2.777011     -2.777008
   4.25695     -2.917413     -2.917410
   4.31517     -3.042677     -3.042674
   4.37339     -3.129661     -3.129657
   4.43160     -3.121639     -3.121635
   4.48982     -3.122141     -3.122137
   4.54804     -3.123576     -3.123572
   4.54804     -3.123576     -3.123572
   4.60526     -3.124241     -3.124237
   4.66247     -3.125365     -3.125361
   4.71969     -3.125134     -3.125130
   4.77691     -3.122086     -3.122082
   4.83412     -3.115629     -3.115625
   4.89134     -3.106189     -3.106185
   4.94856     -3.095469     -3.095466
   5.00577     -3.086569     -3.086565
   5.06299     -3.083055     -3.083052
 
# Band-Index   52
   5.06299     -3.061922     -3.061918
   5.00577     -3.016951     -3.016948
   4.94856     -2.957648     -2.957644
   4.89134     -2.903903     -2.903899
   4.83412     -2.860978     -2.860974
   4.77691     -2.836037     -2.836033
   4.71969     -2.838820     -2.838816
   4.66247     -2.871754     -2.871750
   4.60526     -2.916440     -2.916436
   4.54804     -2.938496     -2.938492
   4.54804     -2.938496     -2.938492
   4.48982     -2.920316     -2.920312
   4.43160     -2.874173     -2.874169
   4.37339     -2.813863     -2.813859
   4.31517     -2.747589     -2.747585
   4.25695     -2.679815     -2.679811
   4.19873     -2.622128     -2.622123
   4.14052     -2.644355     -2.644354
   4.14052     -2.644355     -2.644354
   4.08330     -2.658591     -2.658588
   4.02608     -2.699282     -2.699279
   3.96887     -2.757818     -2.757815
   3.91165     -2.823942     -2.823939
   3.85443     -2.888594     -2.888591
   3.79722     -2.944728     -2.944725
   3.74000     -2.987519     -2.987516
   3.68279     -3.014114     -3.014111
   3.62557     -3.023114     -3.023111
   3.62557     -3.023114     -3.023111
   3.57089     -3.017446     -3.017443
   3.51620     -3.000274     -3.000271
   3.46152     -2.971284     -2.971281
   3.40684     -2.930630     -2.930627
   3.35215     -2.879812     -2.879808
   3.29747     -2.822390     -2.822386
   3.24279     -2.763892     -2.763888
   3.18811     -2.713643     -2.713639
   3.13342     -2.700929     -2.700925
   3.07874     -2.735906     -2.735902
   3.02406     -2.780074     -2.780071
   2.96937     -2.812327     -2.812324
   2.91469     -2.823928     -2.823925
   2.91469     -2.823928     -2.823925
   2.85647     -2.805098     -2.805095
   2.79826     -2.762526     -2.762523
   2.74004     -2.719357     -2.719354
   2.68182     -2.692689     -2.692686
   2.62360     -2.686392     -2.686389
   2.56539     -2.688957     -2.688953
   2.50717     -2.690647     -2.690644
   2.50717     -2.690647     -2.690644
   2.45249     -2.683049     -2.683044
   2.39780     -2.671701     -2.671696
   2.34312     -2.658996     -2.658991
   2.28844     -2.653330     -2.653325
   2.23375     -2.665186     -2.665181
   2.17907     -2.693054     -2.693049
   2.12439     -2.738028     -2.738024
   2.06971     -2.799592     -2.799587
   2.01502     -2.871587     -2.871583
   1.96034     -2.943685     -2.943681
   1.90566     -3.005039     -3.005035
   1.85097     -3.046776     -3.046772
   1.79629     -3.061922     -3.061918
   1.79629     -3.061922     -3.061918
   1.73496     -2.980546     -2.980542
   1.67364     -2.856136     -2.856132
   1.61231     -2.713704     -2.713700
   1.55098     -2.567076     -2.567071
   1.48965     -2.453236     -2.453231
   1.42832     -2.414164     -2.414160
   1.36700     -2.440524     -2.440519
   1.30567     -2.624944     -2.624941
   1.30567     -2.624944     -2.624941
   1.24745     -2.634100     -2.634097
   1.18923     -2.655867     -2.655863
   1.13102     -2.682856     -2.682853
   1.07280     -2.716936     -2.716933
   1.01458     -2.761760     -2.761757
   0.95636     -2.805295     -2.805293
   0.89815     -2.823984     -2.823982
   0.89815     -2.823984     -2.823982
   0.83682     -2.823607     -2.823604
   0.77549     -2.848873     -2.848870
   0.71416     -2.915242     -2.915238
   0.65283     -2.977207     -2.977204
   0.59151     -3.011239     -3.011236
   0.53018     -3.022679     -3.022676
   0.46885     -3.023712     -3.023709
   0.40752     -3.023114     -3.023111
   0.40752     -3.023114     -3.023111
   0.34931     -2.998747     -2.998743
   0.29109     -2.980903     -2.980899
   0.23287     -2.988497     -2.988493
   0.17465     -2.990320     -2.990316
   0.11644     -3.000398     -3.000394
   0.05822     -3.039246     -3.039243
   0.00000     -3.061922     -3.061918
 
# Band-Index   53
   0.00000     -2.575142     -2.575136
   0.05822     -2.558034     -2.558031
   0.11644     -2.522486     -2.522483
   0.17465     -2.507043     -2.507040
   0.23287     -2.510662     -2.510659
   0.29109     -2.478930     -2.478925
   0.34931     -2.391761     -2.391756
   0.40752     -2.275360     -2.275358
   0.40752     -2.275360     -2.275358
   0.46885     -2.338452     -2.338447
   0.53018     -2.404684     -2.404680
   0.59151     -2.457538     -2.457534
   0.65283     -2.502158     -2.502154
   0.71416     -2.537334     -2.537330
   0.77549     -2.536261     -2.536256
   0.83682     -2.457784     -2.457779
   0.89815     -2.365824     -2.365817
   0.89815     -2.365824     -2.365817
   0.95636     -2.381474     -2.381468
   1.01458     -2.401574     -2.401568
   1.07280     -2.401624     -2.401619
   1.13102     -2.382304     -2.382300
   1.18923     -2.361496     -2.361492
   1.24745     -2.352692     -2.352689
   1.30567     -2.351927     -2.351924
   1.30567     -2.351927     -2.351924
   1.36700     -2.353897     -2.353894
   1.42832     -2.343282     -2.343278
   1.48965     -2.418522     -2.418515
   1.55098     -2.556655     -2.556648
   1.61231     -2.642309     -2.642305
   1.67364     -2.620919     -2.620916
   1.73496     -2.587486     -2.587485
   1.79629     -2.575142     -2.575139
   1.79629     -2.575142     -2.575139
   1.85097     -2.582440     -2.582437
   1.90566     -2.602495     -2.602492
   1.96034     -2.631007     -2.631004
   2.01502     -2.662865     -2.662863
   2.06971     -2.690996     -2.690994
   2.12439     -2.701207     -2.701204
   2.17907     -2.680748     -2.680745
   2.23375     -2.639923     -2.639920
   2.28844     -2.628707     -2.628704
   2.34312     -2.618112     -2.618109
   2.39780     -2.600302     -2.600298
   2.45249     -2.576081     -2.576077
   2.50717     -2.545746     -2.545742
   2.50717     -2.545746     -2.545742
   2.56539     -2.543020     -2.543016
   2.62360     -2.535538     -2.535534
   2.68182     -2.519473     -2.519469
   2.74004     -2.484916     -2.484911
   2.79826     -2.434068     -2.434064
   2.85647     -2.386113     -2.386110
   2.91469     -2.366391     -2.366388
   2.91469     -2.366391     -2.366388
   2.96937     -2.384944     -2.384942
   3.02406     -2.433319     -2.433317
   3.07874     -2.495584     -2.495581
   3.13342     -2.547354     -2.547351
   3.18811     -2.547744     -2.547740
   3.24279     -2.504647     -2.504642
   3.29747     -2.451713     -2.451708
   3.35215     -2.405371     -2.405366
   3.40684     -2.372318     -2.372313
   3.46152     -2.347897     -2.347891
   3.51620     -2.323833     -2.323828
   3.57089     -2.296085     -2.296080
   3.62557     -2.275360     -2.275358
   3.62557     -2.275360     -2.275358
   3.68279     -2.288067     -2.288063
   3.74000     -2.313390     -2.313386
   3.79722     -2.343670     -2.343665
   3.85443     -2.376839     -2.376835
   3.91165     -2.411654     -2.411649
   3.96887     -2.446731     -2.446726
   4.02608     -2.479324     -2.479318
   4.08330     -2.503652     -2.503646
   4.14052     -2.512658     -2.512651
   4.14052     -2.512658     -2.512651
   4.19873     -2.549309     -2.549304
   4.25695     -2.602018     -2.602016
   4.31517     -2.643440     -2.643436
   4.37339     -2.656241     -2.656236
   4.43160     -2.644034     -2.644030
   4.48982     -2.625252     -2.625248
   4.54804     -2.616902     -2.616898
   4.54804     -2.616902     -2.616898
   4.60526     -2.617046     -2.617042
   4.66247     -2.615145     -2.615140
   4.71969     -2.604353     -2.604349
   4.77691     -2.579615     -2.579611
   4.83412     -2.546121     -2.546116
   4.89134     -2.512164     -2.512160
   4.94856     -2.522456     -2.522455
   5.00577     -2.561407     -2.561404
   5.06299     -2.575142     -2.575139
 
# Band-Index   54
   5.06299     -2.455869     -2.455865
   5.00577     -2.463139     -2.463135
   4.94856     -2.483156     -2.483152
   4.89134     -2.463537     -2.463537
   4.83412     -2.390542     -2.390538
   4.77691     -2.309222     -2.309217
   4.71969     -2.230607     -2.230602
   4.66247     -2.237416     -2.237412
   4.60526     -2.245861     -2.245857
   4.54804     -2.248931     -2.248928
   4.54804     -2.248931     -2.248928
   4.48982     -2.242824     -2.242820
   4.43160     -2.226562     -2.226558
   4.37339     -2.209378     -2.209374
   4.31517     -2.209046     -2.209042
   4.25695     -2.277108     -2.277103
   4.19873     -2.419619     -2.419614
   4.14052     -2.511999     -2.511993
   4.14052     -2.511999     -2.511993
   4.08330     -2.502625     -2.502619
   4.02608     -2.477900     -2.477894
   3.96887     -2.445009     -2.445003
   3.91165     -2.409660     -2.409654
   3.85443     -2.374576     -2.374571
   3.79722     -2.341148     -2.341142
   3.74000     -2.310700     -2.310694
   3.68279     -2.285624     -2.285618
   3.62557     -2.274074     -2.274066
   3.62557     -2.274074     -2.274066
   3.57089     -2.292566     -2.292560
   3.51620     -2.320039     -2.320034
   3.46152     -2.344274     -2.344270
   3.40684     -2.369030     -2.369027
   3.35215     -2.402506     -2.402503
   3.29747     -2.449281     -2.449278
   3.24279     -2.502581     -2.502579
   3.18811     -2.546118     -2.546116
   3.13342     -2.546876     -2.546874
   3.07874     -2.495281     -2.495277
   3.02406     -2.432950     -2.432946
   2.96937     -2.384268     -2.384264
   2.91469     -2.365445     -2.365441
   2.91469     -2.365445     -2.365441
   2.85647     -2.385034     -2.385029
   2.79826     -2.432940     -2.432935
   2.74004     -2.483966     -2.483961
   2.68182     -2.518521     -2.518516
   2.62360     -2.534213     -2.534209
   2.56539     -2.541308     -2.541304
   2.50717     -2.544010     -2.544007
   2.50717     -2.544010     -2.544007
   2.45249     -2.510540     -2.510536
   2.39780     -2.494931     -2.494927
   2.34312     -2.526672     -2.526669
   2.28844     -2.584709     -2.584706
   2.23375     -2.629917     -2.629914
   2.17907     -2.627772     -2.627769
   2.12439     -2.620619     -2.620616
   2.06971     -2.604031     -2.604028
   2.01502     -2.576356     -2.576353
   1.96034     -2.540084     -2.540080
   1.90566     -2.501190     -2.501187
   1.85097     -2.468985     -2.468981
   1.79629     -2.455869     -2.455865
   1.79629     -2.455869     -2.455865
   1.73496     -2.459105     -2.459102
   1.67364     -2.464538     -2.464534
   1.61231     -2.463621     -2.463618
   1.55098     -2.449091     -2.449088
   1.48965     -2.402309     -2.402305
   1.42832     -2.331517     -2.331513
   1.36700     -2.343430     -2.343427
   1.30567     -2.349037     -2.349034
   1.30567     -2.349037     -2.349034
   1.24745     -2.349578     -2.349575
   1.18923     -2.358112     -2.358110
   1.13102     -2.379066     -2.379064
   1.07280     -2.398823     -2.398820
   1.01458     -2.399073     -2.399070
   0.95636     -2.378995     -2.378992
   0.89815     -2.363146     -2.363144
   0.89815     -2.363146     -2.363143
   0.83682     -2.455322     -2.455319
   0.77549     -2.534134     -2.534132
   0.71416     -2.535451     -2.535450
   0.65283     -2.499967     -2.499965
   0.59151     -2.454759     -2.454756
   0.53018     -2.401259     -2.401255
   0.46885     -2.334631     -2.334626
   0.40752     -2.274074     -2.274066
   0.40752     -2.274074     -2.274066
   0.34931     -2.329449     -2.329445
   0.29109     -2.413997     -2.413993
   0.23287     -2.477246     -2.477242
   0.17465     -2.504711     -2.504707
   0.11644     -2.494229     -2.494225
   0.05822     -2.468431     -2.468427
   0.00000     -2.455869     -2.455865
 
# Band-Index   55
   0.00000     -2.113179     -2.113176
   0.05822     -2.165124     -2.165120
   0.11644     -2.228865     -2.228861
   0.17465     -2.237193     -2.237189
   0.23287     -2.178291     -2.178286
   0.29109     -2.102471     -2.102466
   0.34931     -2.138946     -2.138941
   0.40752     -2.224687     -2.224681
   0.40752     -2.224687     -2.224681
   0.46885     -2.154603     -2.154598
   0.53018     -2.070854     -2.070849
   0.59151     -2.019332     -2.019325
   0.65283     -2.005001     -2.004994
   0.71416     -2.009887     -2.009880
   0.77549     -2.050610     -2.050603
   0.83682     -2.147392     -2.147386
   0.89815     -2.241161     -2.241156
   0.89815     -2.241161     -2.241156
   0.95636     -2.217005     -2.216999
   1.01458     -2.172297     -2.172290
   1.07280     -2.133743     -2.133736
   1.13102     -2.111779     -2.111773
   1.18923     -2.103539     -2.103534
   1.24745     -2.099666     -2.099660
   1.30567     -2.097802     -2.097797
   1.30567     -2.097802     -2.097797
   1.36700     -2.158461     -2.158454
   1.42832     -2.259406     -2.259400
   1.48965     -2.307905     -2.307903
   1.55098     -2.287985     -2.287983
   1.61231     -2.245991     -2.245988
   1.67364     -2.179733     -2.179730
   1.73496     -2.100187     -2.100183
   1.79629     -2.113179     -2.113176
   1.79629     -2.113179     -2.113176
   1.85097     -2.095300     -2.095297
   1.90566     -2.048738     -2.048734
   1.96034     -2.027378     -2.027375
   2.01502     -2.032176     -2.032173
   2.06971     -2.039783     -2.039779
   2.12439     -2.050551     -2.050547
   2.17907     -2.072900     -2.072896
   2.23375     -2.125788     -2.125784
   2.28844     -2.206450     -2.206446
   2.34312     -2.285636     -2.285631
   2.39780     -2.332722     -2.332717
   2.45249     -2.328844     -2.328838
   2.50717     -2.305605     -2.305599
   2.50717     -2.305605     -2.305599
   2.56539     -2.304378     -2.304372
   2.62360     -2.297513     -2.297507
   2.68182     -2.279578     -2.279572
   2.74004     -2.249405     -2.249398
   2.79826     -2.207981     -2.207973
   2.85647     -2.149448     -2.149440
   2.91469     -2.087171     -2.087162
   2.91469     -2.087171     -2.087162
   2.96937     -2.100155     -2.100146
   3.02406     -2.121852     -2.121843
   3.07874     -2.142369     -2.142360
   3.13342     -2.156854     -2.156846
   3.18811     -2.161522     -2.161514
   3.24279     -2.159303     -2.159297
   3.29747     -2.154270     -2.154264
   3.35215     -2.144670     -2.144664
   3.40684     -2.134616     -2.134610
   3.46152     -2.139364     -2.139359
   3.51620     -2.164981     -2.164976
   3.57089     -2.201328     -2.201323
   3.62557     -2.224686     -2.224681
   3.62557     -2.224687     -2.224681
   3.68279     -2.214574     -2.214569
   3.74000     -2.195301     -2.195295
   3.79722     -2.178027     -2.178022
   3.85443     -2.171773     -2.171768
   3.91165     -2.184890     -2.184885
   3.96887     -2.216365     -2.216361
   4.02608     -2.254056     -2.254052
   4.08330     -2.283877     -2.283873
   4.14052     -2.295203     -2.295199
   4.14052     -2.295203     -2.295199
   4.19873     -2.268057     -2.268053
   4.25695     -2.226503     -2.226499
   4.31517     -2.136543     -2.136539
   4.37339     -2.063172     -2.063167
   4.43160     -2.066829     -2.066823
   4.48982     -2.065925     -2.065919
   4.54804     -2.064633     -2.064626
   4.54804     -2.064633     -2.064626
   4.60526     -2.087722     -2.087716
   4.66247     -2.146794     -2.146789
   4.71969     -2.218731     -2.218727
   4.77691     -2.207453     -2.207449
   4.83412     -2.185967     -2.185963
   4.89134     -2.155966     -2.155963
   4.94856     -2.114152     -2.114148
   5.00577     -2.101636     -2.101632
   5.06299     -2.113179     -2.113176
 
# Band-Index   56
   5.06299     -2.022770     -2.022766
   5.00577     -2.060804     -2.060801
   4.94856     -2.070353     -2.070350
   4.89134     -2.027375     -2.027372
   4.83412     -1.981942     -1.981938
   4.77691     -1.941899     -1.941895
   4.71969     -1.911135     -1.911131
   4.66247     -1.889162     -1.889158
   4.60526     -1.874804     -1.874800
   4.54804     -1.869494     -1.869490
   4.54804     -1.869494     -1.869490
   4.48982     -1.885247     -1.885242
   4.43160     -1.933095     -1.933090
   4.37339     -2.007855     -2.007849
   4.31517     -2.054460     -2.054452
   4.25695     -2.168243     -2.168238
   4.19873     -2.258614     -2.258609
   4.14052     -2.293779     -2.293776
   4.14052     -2.293779     -2.293776
   4.08330     -2.282702     -2.282698
   4.02608     -2.253075     -2.253070
   3.96887     -2.214790     -2.214785
   3.91165     -2.182471     -2.182465
   3.85443     -2.168640     -2.168634
   3.79722     -2.174466     -2.174460
   3.74000     -2.191613     -2.191607
   3.68279     -2.211153     -2.211148
   3.62557     -2.221983     -2.221979
   3.62557     -2.221983     -2.221979
   3.57089     -2.197740     -2.197735
   3.51620     -2.161873     -2.161867
   3.46152     -2.137346     -2.137340
   3.40684     -2.133318     -2.133311
   3.35215     -2.142535     -2.142529
   3.29747     -2.151279     -2.151273
   3.24279     -2.156008     -2.156002
   3.18811     -2.158427     -2.158421
   3.13342     -2.153979     -2.153973
   3.07874     -2.139255     -2.139250
   3.02406     -2.118093     -2.118088
   2.96937     -2.095586     -2.095581
   2.91469     -2.082097     -2.082094
   2.91469     -2.082097     -2.082094
   2.85647     -2.146323     -2.146319
   2.79826     -2.205893     -2.205888
   2.74004     -2.247056     -2.247051
   2.68182     -2.275058     -2.275053
   2.62360     -2.290476     -2.290470
   2.56539     -2.295547     -2.295541
   2.50717     -2.296162     -2.296156
   2.50717     -2.296162     -2.296156
   2.45249     -2.268258     -2.268252
   2.39780     -2.230533     -2.230527
   2.34312     -2.178889     -2.178883
   2.28844     -2.104206     -2.104200
   2.23375     -2.005135     -2.005129
   2.17907     -1.899559     -1.899553
   2.12439     -1.835196     -1.835191
   2.06971     -1.853955     -1.853950
   2.01502     -1.916400     -1.916396
   1.96034     -1.985743     -1.985739
   1.90566     -2.025045     -2.025042
   1.85097     -2.023569     -2.023566
   1.79629     -2.022770     -2.022766
   1.79629     -2.022770     -2.022766
   1.73496     -2.091437     -2.091434
   1.67364     -2.065354     -2.065350
   1.61231     -2.017933     -2.017928
   1.55098     -1.969164     -1.969159
   1.48965     -1.942515     -1.942510
   1.42832     -2.001446     -2.001440
   1.36700     -2.064989     -2.064983
   1.30567     -2.089205     -2.089197
   1.30567     -2.089205     -2.089197
   1.24745     -2.091747     -2.091739
   1.18923     -2.097282     -2.097275
   1.13102     -2.107133     -2.107127
   1.07280     -2.130181     -2.130176
   1.01458     -2.169784     -2.169779
   0.95636     -2.214983     -2.214978
   0.89815     -2.238713     -2.238708
   0.89815     -2.238713     -2.238708
   0.83682     -2.145799     -2.145794
   0.77549     -2.049020     -2.049014
   0.71416     -2.007624     -2.007619
   0.65283     -2.002601     -2.002596
   0.59151     -2.018112     -2.018106
   0.53018     -2.069033     -2.069027
   0.46885     -2.151093     -2.151087
   0.40752     -2.221983     -2.221979
   0.40752     -2.221983     -2.221979
   0.34931     -2.128228     -2.128221
   0.29109     -2.014102     -2.014098
   0.23287     -1.965335     -1.965331
   0.17465     -1.932948     -1.932944
   0.11644     -1.939129     -1.939126
   0.05822     -1.981152     -1.981149
   0.00000     -2.022770     -2.022766
 
# Band-Index   57
   0.00000     -1.899694     -1.899689
   0.05822     -1.882960     -1.882955
   0.11644     -1.845927     -1.845921
   0.17465     -1.838341     -1.838334
   0.23287     -1.902377     -1.902370
   0.29109     -2.004207     -2.004200
   0.34931     -1.961619     -1.961615
   0.40752     -1.866205     -1.866199
   0.40752     -1.866205     -1.866199
   0.46885     -1.869793     -1.869788
   0.53018     -1.873533     -1.873527
   0.59151     -1.859389     -1.859382
   0.65283     -1.830945     -1.830938
   0.71416     -1.816220     -1.816212
   0.77549     -1.806979     -1.806971
   0.83682     -1.780321     -1.780311
   0.89815     -1.759321     -1.759312
   0.89815     -1.759321     -1.759312
   0.95636     -1.766083     -1.766073
   1.01458     -1.775408     -1.775398
   1.07280     -1.773547     -1.773538
   1.13102     -1.756262     -1.756254
   1.18923     -1.731932     -1.731925
   1.24745     -1.713518     -1.713512
   1.30567     -1.707310     -1.707303
   1.30567     -1.707310     -1.707303
   1.36700     -1.759689     -1.759684
   1.42832     -1.785667     -1.785661
   1.48965     -1.743131     -1.743123
   1.55098     -1.650719     -1.650710
   1.61231     -1.625895     -1.625888
   1.67364     -1.706125     -1.706119
   1.73496     -1.820680     -1.820675
   1.79629     -1.899694     -1.899689
   1.79629     -1.899694     -1.899689
   1.85097     -1.884356     -1.884351
   1.90566     -1.843173     -1.843167
   1.96034     -1.786454     -1.786449
   2.01502     -1.727916     -1.727911
   2.06971     -1.686787     -1.686781
   2.12439     -1.686332     -1.686327
   2.17907     -1.741353     -1.741347
   2.23375     -1.779071     -1.779064
   2.28844     -1.758910     -1.758903
   2.34312     -1.699417     -1.699410
   2.39780     -1.633324     -1.633316
   2.45249     -1.593571     -1.593563
   2.50717     -1.574098     -1.574090
   2.50717     -1.574098     -1.574090
   2.56539     -1.576819     -1.576810
   2.62360     -1.586502     -1.586494
   2.68182     -1.614868     -1.614860
   2.74004     -1.686049     -1.686041
   2.79826     -1.800412     -1.800403
   2.85647     -1.927972     -1.927964
   2.91469     -2.019383     -2.019374
   2.91469     -2.019383     -2.019374
   2.96937     -1.997715     -1.997707
   3.02406     -1.956654     -1.956646
   3.07874     -1.916816     -1.916808
   3.13342     -1.887778     -1.887770
   3.18811     -1.870745     -1.870738
   3.24279     -1.858957     -1.858951
   3.29747     -1.851923     -1.851917
   3.35215     -1.855852     -1.855846
   3.40684     -1.867307     -1.867301
   3.46152     -1.874301     -1.874295
   3.51620     -1.872563     -1.872557
   3.57089     -1.868136     -1.868130
   3.62557     -1.866205     -1.866199
   3.62557     -1.866205     -1.866199
   3.68279     -1.865774     -1.865768
   3.74000     -1.865407     -1.865402
   3.79722     -1.866366     -1.866360
   3.85443     -1.866507     -1.866501
   3.91165     -1.858819     -1.858812
   3.96887     -1.840494     -1.840487
   4.02608     -1.818404     -1.818397
   4.08330     -1.801869     -1.801862
   4.14052     -1.795929     -1.795922
   4.14052     -1.795929     -1.795922
   4.19873     -1.877349     -1.877343
   4.25695     -1.952840     -1.952834
   4.31517     -2.011515     -2.011509
   4.37339     -1.933047     -1.933042
   4.43160     -1.815399     -1.815393
   4.48982     -1.716710     -1.716703
   4.54804     -1.689037     -1.689033
   4.54804     -1.689037     -1.689033
   4.60526     -1.681413     -1.681408
   4.66247     -1.661322     -1.661316
   4.71969     -1.634254     -1.634246
   4.77691     -1.619790     -1.619784
   4.83412     -1.625982     -1.625976
   4.89134     -1.671414     -1.671408
   4.94856     -1.755308     -1.755303
   5.00577     -1.846779     -1.846774
   5.06299     -1.899694     -1.899689
 
# Band-Index   58
   5.06299     -1.540363     -1.540358
   5.00577     -1.547569     -1.547564
   4.94856     -1.561703     -1.561697
   4.89134     -1.571484     -1.571477
   4.83412     -1.572992     -1.572983
   4.77691     -1.604029     -1.604020
   4.71969     -1.626362     -1.626355
   4.66247     -1.641714     -1.641707
   4.60526     -1.661307     -1.661300
   4.54804     -1.670982     -1.670975
   4.54804     -1.670982     -1.670975
   4.48982     -1.675956     -1.675951
   4.43160     -1.640650     -1.640645
   4.37339     -1.593750     -1.593744
   4.31517     -1.567112     -1.567104
   4.25695     -1.637552     -1.637545
   4.19873     -1.714736     -1.714729
   4.14052     -1.795902     -1.795895
   4.14052     -1.795902     -1.795895
   4.08330     -1.801547     -1.801541
   4.02608     -1.817717     -1.817711
   3.96887     -1.839573     -1.839567
   3.91165     -1.858000     -1.857995
   3.85443     -1.866059     -1.866053
   3.79722     -1.866147     -1.866142
   3.74000     -1.864939     -1.864934
   3.68279     -1.865079     -1.865075
   3.62557     -1.865428     -1.865423
   3.62557     -1.865428     -1.865423
   3.57089     -1.867385     -1.867380
   3.51620     -1.871798     -1.871794
   3.46152     -1.873335     -1.873330
   3.40684     -1.866065     -1.866060
   3.35215     -1.854604     -1.854599
   3.29747     -1.850967     -1.850961
   3.24279     -1.858088     -1.858083
   3.18811     -1.869084     -1.869080
   3.13342     -1.884924     -1.884920
   3.07874     -1.912879     -1.912875
   3.02406     -1.951878     -1.951872
   2.96937     -1.992404     -1.992398
   2.91469     -2.013909     -2.013902
   2.91469     -2.013909     -2.013902
   2.85647     -1.923925     -1.923919
   2.79826     -1.796950     -1.796944
   2.74004     -1.683498     -1.683492
   2.68182     -1.612874     -1.612865
   2.62360     -1.584920     -1.584911
   2.56539     -1.575949     -1.575939
   2.50717     -1.573768     -1.573759
   2.50717     -1.573768     -1.573759
   2.45249     -1.560741     -1.560732
   2.39780     -1.549287     -1.549278
   2.34312     -1.543765     -1.543757
   2.28844     -1.560341     -1.560333
   2.23375     -1.569250     -1.569242
   2.17907     -1.570046     -1.570038
   2.12439     -1.592369     -1.592361
   2.06971     -1.586039     -1.586030
   2.01502     -1.568444     -1.568437
   1.96034     -1.575901     -1.575894
   1.90566     -1.565030     -1.565024
   1.85097     -1.548555     -1.548549
   1.79629     -1.540363     -1.540358
   1.79629     -1.540363     -1.540358
   1.73496     -1.536816     -1.536811
   1.67364     -1.535071     -1.535061
   1.61231     -1.579345     -1.579336
   1.55098     -1.601205     -1.601199
   1.48965     -1.614961     -1.614954
   1.42832     -1.638507     -1.638499
   1.36700     -1.648797     -1.648793
   1.30567     -1.705450     -1.705447
   1.30567     -1.705450     -1.705447
   1.24745     -1.711757     -1.711753
   1.18923     -1.730815     -1.730809
   1.13102     -1.755109     -1.755103
   1.07280     -1.770881     -1.770875
   1.01458     -1.771411     -1.771404
   0.95636     -1.761083     -1.761076
   0.89815     -1.753801     -1.753794
   0.89815     -1.753801     -1.753794
   0.83682     -1.775509     -1.775502
   0.77549     -1.803371     -1.803364
   0.71416     -1.814586     -1.814578
   0.65283     -1.828824     -1.828816
   0.59151     -1.856518     -1.856512
   0.53018     -1.871698     -1.871693
   0.46885     -1.868788     -1.868784
   0.40752     -1.865428     -1.865423
   0.40752     -1.865428     -1.865423
   0.34931     -1.780383     -1.780377
   0.29109     -1.721576     -1.721571
   0.23287     -1.701488     -1.701482
   0.17465     -1.706528     -1.706522
   0.11644     -1.671065     -1.671058
   0.05822     -1.601585     -1.601578
   0.00000     -1.540363     -1.540358
 
# Band-Index   59
   0.00000     -1.503215     -1.503205
   0.05822     -1.442772     -1.442764
   0.11644     -1.406183     -1.406174
   0.17465     -1.407807     -1.407800
   0.23287     -1.427057     -1.427051
   0.29109     -1.422032     -1.422026
   0.34931     -1.412531     -1.412525
   0.40752     -1.409610     -1.409606
   0.40752     -1.409610     -1.409606
   0.46885     -1.415081     -1.415076
   0.53018     -1.428697     -1.428689
   0.59151     -1.442934     -1.442927
   0.65283     -1.454274     -1.454267
   0.71416     -1.509350     -1.509341
   0.77549     -1.569141     -1.569132
   0.83682     -1.621873     -1.621863
   0.89815     -1.649281     -1.649272
   0.89815     -1.649281     -1.649272
   0.95636     -1.635119     -1.635109
   1.01458     -1.604654     -1.604644
   1.07280     -1.573716     -1.573706
   1.13102     -1.553053     -1.553043
   1.18923     -1.557806     -1.557799
   1.24745     -1.576567     -1.576559
   1.30567     -1.584068     -1.584060
   1.30567     -1.584068     -1.584060
   1.36700     -1.624023     -1.624015
   1.42832     -1.613837     -1.613832
   1.48965     -1.600602     -1.600596
   1.55098     -1.563674     -1.563667
   1.61231     -1.496565     -1.496558
   1.67364     -1.520765     -1.520760
   1.73496     -1.510940     -1.510930
   1.79629     -1.503215     -1.503205
   1.79629     -1.503215     -1.503205
   1.85097     -1.507162     -1.507152
   1.90566     -1.518874     -1.518864
   1.96034     -1.537523     -1.537513
   2.01502     -1.560989     -1.560980
   2.06971     -1.533095     -1.533087
   2.12439     -1.537728     -1.537719
   2.17907     -1.553293     -1.553286
   2.23375     -1.522030     -1.522023
   2.28844     -1.525904     -1.525896
   2.34312     -1.537670     -1.537662
   2.39780     -1.506016     -1.506008
   2.45249     -1.431145     -1.431137
   2.50717     -1.342604     -1.342595
   2.50717     -1.342604     -1.342595
   2.56539     -1.336271     -1.336262
   2.62360     -1.323916     -1.323908
   2.68182     -1.326497     -1.326491
   2.74004     -1.338992     -1.338985
   2.79826     -1.323751     -1.323744
   2.85647     -1.283564     -1.283556
   2.91469     -1.242100     -1.242090
   2.91469     -1.242100     -1.242090
   2.96937     -1.305667     -1.305659
   3.02406     -1.387376     -1.387369
   3.07874     -1.461527     -1.461521
   3.13342     -1.512085     -1.512078
   3.18811     -1.527054     -1.527046
   3.24279     -1.506450     -1.506442
   3.29747     -1.474376     -1.474367
   3.35215     -1.472477     -1.472467
   3.40684     -1.472843     -1.472833
   3.46152     -1.460006     -1.459997
   3.51620     -1.438366     -1.438358
   3.57089     -1.418028     -1.418023
   3.62557     -1.409610     -1.409606
   3.62557     -1.409610     -1.409606
   3.68279     -1.419111     -1.419106
   3.74000     -1.444065     -1.444059
   3.79722     -1.475230     -1.475225
   3.85443     -1.501362     -1.501356
   3.91165     -1.514866     -1.514861
   3.96887     -1.513702     -1.513696
   4.02608     -1.498887     -1.498879
   4.08330     -1.475865     -1.475856
   4.14052     -1.462301     -1.462290
   4.14052     -1.462301     -1.462290
   4.19873     -1.476623     -1.476615
   4.25695     -1.504281     -1.504274
   4.31517     -1.546009     -1.546003
   4.37339     -1.508089     -1.508081
   4.43160     -1.496653     -1.496645
   4.48982     -1.522573     -1.522564
   4.54804     -1.531444     -1.531437
   4.54804     -1.531444     -1.531436
   4.60526     -1.533863     -1.533855
   4.66247     -1.538136     -1.538129
   4.71969     -1.540715     -1.540707
   4.77691     -1.546793     -1.546786
   4.83412     -1.563602     -1.563594
   4.89134     -1.543590     -1.543580
   4.94856     -1.520996     -1.520986
   5.00577     -1.507528     -1.507518
   5.06299     -1.503215     -1.503205
 
# Band-Index   60
   5.06299     -1.406026     -1.406017
   5.00577     -1.392734     -1.392725
   4.94856     -1.364955     -1.364946
   4.89134     -1.342828     -1.342819
   4.83412     -1.340368     -1.340359
   4.77691     -1.337431     -1.337422
   4.71969     -1.333191     -1.333183
   4.66247     -1.406160     -1.406153
   4.60526     -1.480153     -1.480145
   4.54804     -1.506260     -1.506251
   4.54804     -1.506260     -1.506251
   4.48982     -1.488905     -1.488896
   4.43160     -1.477295     -1.477286
   4.37339     -1.455682     -1.455674
   4.31517     -1.409128     -1.409119
   4.25695     -1.424054     -1.424046
   4.19873     -1.445427     -1.445419
   4.14052     -1.462185     -1.462180
   4.14052     -1.462185     -1.462180
   4.08330     -1.475244     -1.475238
   4.02608     -1.498502     -1.498495
   3.96887     -1.513034     -1.513024
   3.91165     -1.513482     -1.513472
   3.85443     -1.499523     -1.499514
   3.79722     -1.473394     -1.473386
   3.74000     -1.442711     -1.442703
   3.68279     -1.418403     -1.418394
   3.62557     -1.409139     -1.409130
   3.62557     -1.409139     -1.409130
   3.57089     -1.417678     -1.417669
   3.51620     -1.438058     -1.438051
   3.46152     -1.459273     -1.459268
   3.40684     -1.471591     -1.471586
   3.35215     -1.470980     -1.470974
   3.29747     -1.473802     -1.473795
   3.24279     -1.505822     -1.505814
   3.18811     -1.526340     -1.526331
   3.13342     -1.511495     -1.511484
   3.07874     -1.460448     -1.460438
   3.02406     -1.385832     -1.385822
   2.96937     -1.303936     -1.303927
   2.91469     -1.239189     -1.239179
   2.91469     -1.239188     -1.239179
   2.85647     -1.280454     -1.280445
   2.79826     -1.320566     -1.320557
   2.74004     -1.336386     -1.336377
   2.68182     -1.324935     -1.324926
   2.62360     -1.323359     -1.323351
   2.56539     -1.336012     -1.336005
   2.50717     -1.342389     -1.342382
   2.50717     -1.342389     -1.342382
   2.45249     -1.272203     -1.272194
   2.39780     -1.244429     -1.244420
   2.34312     -1.272462     -1.272454
   2.28844     -1.333335     -1.333327
   2.23375     -1.394866     -1.394858
   2.17907     -1.429713     -1.429705
   2.12439     -1.463487     -1.463478
   2.06971     -1.483023     -1.483015
   2.01502     -1.472659     -1.472651
   1.96034     -1.438190     -1.438183
   1.90566     -1.390633     -1.390626
   1.85097     -1.395751     -1.395742
   1.79629     -1.406026     -1.406017
   1.79629     -1.406026     -1.406017
   1.73496     -1.405719     -1.405710
   1.67364     -1.421901     -1.421894
   1.61231     -1.465394     -1.465389
   1.55098     -1.436526     -1.436516
   1.48965     -1.467958     -1.467949
   1.42832     -1.507379     -1.507369
   1.36700     -1.544096     -1.544086
   1.30567     -1.580981     -1.580972
   1.30567     -1.580981     -1.580972
   1.24745     -1.573630     -1.573621
   1.18923     -1.555566     -1.555559
   1.13102     -1.550887     -1.550880
   1.07280     -1.570808     -1.570800
   1.01458     -1.601457     -1.601450
   0.95636     -1.631930     -1.631923
   0.89815     -1.646141     -1.646133
   0.89815     -1.646141     -1.646133
   0.83682     -1.618686     -1.618679
   0.77549     -1.565932     -1.565925
   0.71416     -1.506275     -1.506268
   0.65283     -1.452186     -1.452178
   0.59151     -1.441625     -1.441619
   0.53018     -1.428156     -1.428151
   0.46885     -1.414908     -1.414900
   0.40752     -1.409139     -1.409130
   0.40752     -1.409139     -1.409130
   0.34931     -1.407203     -1.407195
   0.29109     -1.404449     -1.404441
   0.23287     -1.403613     -1.403605
   0.17465     -1.404696     -1.404688
   0.11644     -1.375111     -1.375104
   0.05822     -1.406152     -1.406143
   0.00000     -1.406026     -1.406017
 
# Band-Index   61
   0.00000     -1.321390     -1.321384
   0.05822     -1.335333     -1.335326
   0.11644     -1.365410     -1.365402
   0.17465     -1.305728     -1.305718
   0.23287     -1.312650     -1.312640
   0.29109     -1.313234     -1.313225
   0.34931     -1.307146     -1.307137
   0.40752     -1.292929     -1.292919
   0.40752     -1.292929     -1.292919
   0.46885     -1.302806     -1.302797
   0.53018     -1.334512     -1.334503
   0.59151     -1.384640     -1.384633
   0.65283     -1.439335     -1.439327
   0.71416     -1.443489     -1.443482
   0.77549     -1.436096     -1.436089
   0.83682     -1.431594     -1.431587
   0.89815     -1.430554     -1.430547
   0.89815     -1.430554     -1.430547
   0.95636     -1.434982     -1.434974
   1.01458     -1.448581     -1.448573
   1.07280     -1.471532     -1.471524
   1.13102     -1.499060     -1.499051
   1.18923     -1.511227     -1.511218
   1.24745     -1.508100     -1.508090
   1.30567     -1.506123     -1.506113
   1.30567     -1.506123     -1.506113
   1.36700     -1.487910     -1.487901
   1.42832     -1.420930     -1.420921
   1.48965     -1.297744     -1.297735
   1.55098     -1.355389     -1.355382
   1.61231     -1.414419     -1.414410
   1.67364     -1.406780     -1.406771
   1.73496     -1.354275     -1.354269
   1.79629     -1.321390     -1.321384
   1.79629     -1.321390     -1.321384
   1.85097     -1.343723     -1.343716
   1.90566     -1.370485     -1.370477
   1.96034     -1.337305     -1.337297
   2.01502     -1.346619     -1.346610
   2.06971     -1.432065     -1.432057
   2.12439     -1.458124     -1.458118
   2.17907     -1.378058     -1.378052
   2.23375     -1.286739     -1.286733
   2.28844     -1.194435     -1.194429
   2.34312     -1.121782     -1.121773
   2.39780     -1.107576     -1.107566
   2.45249     -1.074619     -1.074610
   2.50717     -1.059729     -1.059724
   2.50717     -1.059729     -1.059724
   2.56539     -1.084474     -1.084467
   2.62360     -1.141836     -1.141826
   2.68182     -1.183720     -1.183709
   2.74004     -1.178331     -1.178320
   2.79826     -1.164173     -1.164163
   2.85647     -1.181622     -1.181615
   2.91469     -1.218537     -1.218530
   2.91469     -1.218537     -1.218530
   2.96937     -1.176805     -1.176798
   3.02406     -1.155654     -1.155648
   3.07874     -1.164639     -1.164631
   3.13342     -1.214631     -1.214622
   3.18811     -1.285764     -1.285755
   3.24279     -1.348537     -1.348529
   3.29747     -1.374181     -1.374174
   3.35215     -1.335062     -1.335054
   3.40684     -1.286984     -1.286976
   3.46152     -1.269733     -1.269725
   3.51620     -1.277096     -1.277088
   3.57089     -1.288312     -1.288302
   3.62557     -1.292929     -1.292919
   3.62557     -1.292929     -1.292919
   3.68279     -1.286144     -1.286134
   3.74000     -1.270725     -1.270716
   3.79722     -1.265526     -1.265518
   3.85443     -1.279671     -1.279661
   3.91165     -1.295574     -1.295565
   3.96887     -1.307717     -1.307706
   4.02608     -1.318098     -1.318088
   4.08330     -1.329945     -1.329935
   4.14052     -1.337382     -1.337369
   4.14052     -1.337380     -1.337364
   4.19873     -1.367556     -1.367548
   4.25695     -1.380933     -1.380924
   4.31517     -1.405571     -1.405563
   4.37339     -1.394478     -1.394470
   4.43160     -1.377064     -1.377056
   4.48982     -1.336259     -1.336251
   4.54804     -1.303713     -1.303705
   4.54804     -1.303713     -1.303705
   4.60526     -1.295306     -1.295298
   4.66247     -1.279928     -1.279920
   4.71969     -1.280081     -1.280071
   4.77691     -1.301260     -1.301250
   4.83412     -1.324938     -1.324929
   4.89134     -1.333127     -1.333118
   4.94856     -1.323491     -1.323483
   5.00577     -1.320772     -1.320765
   5.06299     -1.321390     -1.321384
 
# Band-Index   62
   5.06299     -1.270708     -1.270697
   5.00577     -1.267068     -1.267057
   4.94856     -1.248202     -1.248192
   4.89134     -1.196736     -1.196726
   4.83412     -1.163308     -1.163300
   4.77691     -1.155140     -1.155133
   4.71969     -1.253668     -1.253661
   4.66247     -1.272204     -1.272194
   4.60526     -1.248509     -1.248500
   4.54804     -1.237192     -1.237182
   4.54804     -1.237192     -1.237182
   4.48982     -1.210686     -1.210677
   4.43160     -1.189484     -1.189476
   4.37339     -1.195255     -1.195246
   4.31517     -1.218556     -1.218548
   4.25695     -1.252360     -1.252351
   4.19873     -1.293563     -1.293555
   4.14052     -1.335072     -1.335066
   4.14052     -1.335072     -1.335066
   4.08330     -1.327767     -1.327761
   4.02608     -1.316218     -1.316211
   3.96887     -1.306094     -1.306089
   3.91165     -1.294168     -1.294163
   3.85443     -1.278506     -1.278495
   3.79722     -1.264570     -1.264558
   3.74000     -1.270014     -1.270004
   3.68279     -1.285825     -1.285816
   3.62557     -1.292834     -1.292825
   3.62557     -1.292834     -1.292825
   3.57089     -1.287946     -1.287937
   3.51620     -1.276533     -1.276524
   3.46152     -1.269087     -1.269078
   3.40684     -1.285723     -1.285716
   3.35215     -1.333352     -1.333345
   3.29747     -1.371747     -1.371741
   3.24279     -1.345433     -1.345427
   3.18811     -1.282500     -1.282494
   3.13342     -1.211415     -1.211408
   3.07874     -1.162145     -1.162138
   3.02406     -1.154173     -1.154164
   2.96937     -1.176063     -1.176053
   2.91469     -1.217130     -1.217120
   2.91469     -1.217130     -1.217120
   2.85647     -1.181028     -1.181019
   2.79826     -1.163266     -1.163258
   2.74004     -1.176608     -1.176600
   2.68182     -1.181805     -1.181797
   2.62360     -1.140950     -1.140942
   2.56539     -1.083139     -1.083130
   2.50717     -1.057729     -1.057720
   2.50717     -1.057729     -1.057720
   2.45249     -1.065767     -1.065760
   2.39780     -1.083391     -1.083385
   2.34312     -1.119508     -1.119501
   2.28844     -1.146323     -1.146312
   2.23375     -1.249971     -1.249961
   2.17907     -1.307402     -1.307392
   2.12439     -1.258031     -1.258022
   2.06971     -1.259354     -1.259346
   2.01502     -1.298611     -1.298603
   1.96034     -1.305711     -1.305701
   1.90566     -1.285936     -1.285926
   1.85097     -1.274607     -1.274597
   1.79629     -1.270708     -1.270697
   1.79629     -1.270708     -1.270697
   1.73496     -1.270170     -1.270159
   1.67364     -1.266864     -1.266854
   1.61231     -1.257898     -1.257888
   1.55098     -1.248353     -1.248345
   1.48965     -1.283214     -1.283206
   1.42832     -1.372482     -1.372475
   1.36700     -1.462547     -1.462539
   1.30567     -1.505682     -1.505674
   1.30567     -1.505682     -1.505674
   1.24745     -1.507447     -1.507439
   1.18923     -1.510340     -1.510332
   1.13102     -1.497425     -1.497418
   1.07280     -1.469770     -1.469762
   1.01458     -1.447067     -1.447059
   0.95636     -1.433745     -1.433737
   0.89815     -1.429439     -1.429430
   0.89815     -1.429439     -1.429430
   0.83682     -1.430401     -1.430392
   0.77549     -1.434656     -1.434649
   0.71416     -1.441797     -1.441790
   0.65283     -1.437843     -1.437835
   0.59151     -1.382338     -1.382331
   0.53018     -1.332774     -1.332765
   0.46885     -1.302011     -1.302002
   0.40752     -1.292834     -1.292825
   0.40752     -1.292834     -1.292825
   0.34931     -1.265726     -1.265716
   0.29109     -1.238944     -1.238934
   0.23287     -1.253398     -1.253389
   0.17465     -1.303705     -1.303697
   0.11644     -1.291600     -1.291590
   0.05822     -1.277288     -1.277278
   0.00000     -1.270708     -1.270697
 
# Band-Index   63
   0.00000     -1.182856     -1.182845
   0.05822     -1.178725     -1.178714
   0.11644     -1.169443     -1.169432
   0.17465     -1.158971     -1.158961
   0.23287     -1.149436     -1.149426
   0.29109     -1.142509     -1.142499
   0.34931     -1.140809     -1.140799
   0.40752     -1.142369     -1.142359
   0.40752     -1.142369     -1.142359
   0.46885     -1.144951     -1.144940
   0.53018     -1.144090     -1.144080
   0.59151     -1.134168     -1.134158
   0.65283     -1.119616     -1.119605
   0.71416     -1.109574     -1.109563
   0.77549     -1.125677     -1.125668
   0.83682     -1.164735     -1.164727
   0.89815     -1.182845     -1.182837
   0.89815     -1.182845     -1.182837
   0.95636     -1.175635     -1.175627
   1.01458     -1.154944     -1.154935
   1.07280     -1.128237     -1.128226
   1.13102     -1.117224     -1.117211
   1.18923     -1.115431     -1.115417
   1.24745     -1.110651     -1.110636
   1.30567     -1.107853     -1.107839
   1.30567     -1.107853     -1.107839
   1.36700     -1.129835     -1.129823
   1.42832     -1.163959     -1.163947
   1.48965     -1.235368     -1.235360
   1.55098     -1.151461     -1.151451
   1.61231     -1.106785     -1.106774
   1.67364     -1.123085     -1.123074
   1.73496     -1.159818     -1.159808
   1.79629     -1.182856     -1.182845
   1.79629     -1.182856     -1.182845
   1.85097     -1.171287     -1.171277
   1.90566     -1.152318     -1.152308
   1.96034     -1.137414     -1.137404
   2.01502     -1.138214     -1.138204
   2.06971     -1.177924     -1.177913
   2.12439     -1.228284     -1.228276
   2.17907     -1.196737     -1.196729
   2.23375     -1.159297     -1.159289
   2.28844     -1.118377     -1.118369
   2.34312     -1.068876     -1.068868
   2.39780     -1.009509     -1.009500
   2.45249     -0.995157     -0.995150
   2.50717     -0.993106     -0.993100
   2.50717     -0.993106     -0.993100
   2.56539     -0.993018     -0.993009
   2.62360     -0.994715     -0.994706
   2.68182     -1.002757     -1.002748
   2.74004     -1.020294     -1.020284
   2.79826     -1.040007     -1.039996
   2.85647     -1.041904     -1.041895
   2.91469     -1.036450     -1.036442
   2.91469     -1.036450     -1.036442
   2.96937     -1.025913     -1.025904
   3.02406     -1.007176     -1.007167
   3.07874     -1.045975     -1.045968
   3.13342     -1.071890     -1.071883
   3.18811     -1.073070     -1.073064
   3.24279     -1.069480     -1.069473
   3.29747     -1.078656     -1.078649
   3.35215     -1.104580     -1.104571
   3.40684     -1.130601     -1.130593
   3.46152     -1.142394     -1.142385
   3.51620     -1.143024     -1.143015
   3.57089     -1.142364     -1.142354
   3.62557     -1.142369     -1.142359
   3.62557     -1.142369     -1.142359
   3.68279     -1.156875     -1.156865
   3.74000     -1.183218     -1.183207
   3.79722     -1.187341     -1.187330
   3.85443     -1.156998     -1.156988
   3.91165     -1.114727     -1.114718
   3.96887     -1.077634     -1.077626
   4.02608     -1.065079     -1.065071
   4.08330     -1.080242     -1.080234
   4.14052     -1.091095     -1.091086
   4.14052     -1.091095     -1.091086
   4.19873     -1.140948     -1.140940
   4.25695     -1.175844     -1.175837
   4.31517     -1.155474     -1.155465
   4.37339     -1.086976     -1.086966
   4.43160     -1.007729     -1.007718
   4.48982     -1.002281     -1.002270
   4.54804     -1.012110     -1.012099
   4.54804     -1.012110     -1.012099
   4.60526     -1.032046     -1.032035
   4.66247     -1.060412     -1.060402
   4.71969     -1.060739     -1.060730
   4.77691     -1.035172     -1.035163
   4.83412     -1.106551     -1.106543
   4.89134     -1.193523     -1.193514
   4.94856     -1.208559     -1.208549
   5.00577     -1.196258     -1.196247
   5.06299     -1.182856     -1.182845
 
# Band-Index   64
   5.06299     -1.052341     -1.052329
   5.00577     -1.028436     -1.028425
   4.94856     -0.980093     -0.980082
   4.89134     -0.931303     -0.931292
   4.83412     -0.966946     -0.966937
   4.77691     -1.019569     -1.019561
   4.71969     -1.012090     -1.012081
   4.66247     -0.963814     -0.963805
   4.60526     -0.924877     -0.924867
   4.54804     -0.911307     -0.911296
   4.54804     -0.911307     -0.911296
   4.48982     -0.942199     -0.942188
   4.43160     -0.968554     -0.968543
   4.37339     -0.924261     -0.924251
   4.31517     -0.964296     -0.964286
   4.25695     -1.006125     -1.006116
   4.19873     -1.046225     -1.046216
   4.14052     -1.090401     -1.090393
   4.14052     -1.090401     -1.090393
   4.08330     -1.079097     -1.079089
   4.02608     -1.063627     -1.063619
   3.96887     -1.076551     -1.076544
   3.91165     -1.113881     -1.113874
   3.85443     -1.156025     -1.156018
   3.79722     -1.185964     -1.185958
   3.74000     -1.181504     -1.181496
   3.68279     -1.155059     -1.155049
   3.62557     -1.140607     -1.140596
   3.62557     -1.140607     -1.140596
   3.57089     -1.140663     -1.140652
   3.51620     -1.141515     -1.141504
   3.46152     -1.141154     -1.141142
   3.40684     -1.129062     -1.129051
   3.35215     -1.102528     -1.102518
   3.29747     -1.076328     -1.076317
   3.24279     -1.067356     -1.067346
   3.18811     -1.071584     -1.071575
   3.13342     -1.070868     -1.070859
   3.07874     -1.044752     -1.044743
   3.02406     -1.006049     -1.006039
   2.96937     -1.024124     -1.024113
   2.91469     -1.034981     -1.034971
   2.91469     -1.034981     -1.034971
   2.85647     -1.041060     -1.041051
   2.79826     -1.039881     -1.039874
   2.74004     -1.019768     -1.019761
   2.68182     -1.001913     -1.001907
   2.62360     -0.993649     -0.993643
   2.56539     -0.991710     -0.991702
   2.50717     -0.991890     -0.991879
   2.50717     -0.991890     -0.991879
   2.45249     -0.981947     -0.981938
   2.39780     -0.979777     -0.979769
   2.34312     -1.027864     -1.027855
   2.28844     -1.106735     -1.106725
   2.23375     -1.105002     -1.104992
   2.17907     -1.101197     -1.101187
   2.12439     -1.147587     -1.147575
   2.06971     -1.148476     -1.148467
   2.01502     -1.127813     -1.127803
   1.96034     -1.039711     -1.039702
   1.90566     -1.021937     -1.021926
   1.85097     -1.044046     -1.044034
   1.79629     -1.052341     -1.052329
   1.79629     -1.052341     -1.052329
   1.73496     -1.051904     -1.051893
   1.67364     -1.047774     -1.047763
   1.61231     -1.033158     -1.033147
   1.55098     -1.079058     -1.079048
   1.48965     -1.123208     -1.123199
   1.42832     -1.073571     -1.073560
   1.36700     -1.086308     -1.086297
   1.30567     -1.101885     -1.101877
   1.30567     -1.101885     -1.101877
   1.24745     -1.105054     -1.105045
   1.18923     -1.110918     -1.110909
   1.13102     -1.114379     -1.114371
   1.07280     -1.127123     -1.127115
   1.01458     -1.154368     -1.154360
   0.95636     -1.174821     -1.174812
   0.89815     -1.181888     -1.181879
   0.89815     -1.181888     -1.181879
   0.83682     -1.164071     -1.164061
   0.77549     -1.125324     -1.125314
   0.71416     -1.108571     -1.108561
   0.65283     -1.118485     -1.118475
   0.59151     -1.132883     -1.132872
   0.53018     -1.142603     -1.142592
   0.46885     -1.143213     -1.143202
   0.40752     -1.140607     -1.140596
   0.40752     -1.140607     -1.140596
   0.34931     -1.139020     -1.139010
   0.29109     -1.117390     -1.117380
   0.23287     -1.107991     -1.107981
   0.17465     -1.099663     -1.099652
   0.11644     -1.079498     -1.079486
   0.05822     -1.060235     -1.060223
   0.00000     -1.052341     -1.052329
 
# Band-Index   65
   0.00000     -0.843679     -0.843670
   0.05822     -0.827117     -0.827109
   0.11644     -0.785429     -0.785420
   0.17465     -0.815529     -0.815518
   0.23287     -0.953811     -0.953801
   0.29109     -1.014427     -1.014419
   0.34931     -0.952776     -0.952768
   0.40752     -0.856126     -0.856119
   0.40752     -0.856126     -0.856119
   0.46885     -0.840258     -0.840251
   0.53018     -0.802387     -0.802379
   0.59151     -0.759781     -0.759773
   0.65283     -0.775385     -0.775373
   0.71416     -0.886546     -0.886535
   0.77549     -0.948460     -0.948450
   0.83682     -0.954168     -0.954159
   0.89815     -0.949575     -0.949565
   0.89815     -0.949575     -0.949565
   0.95636     -0.968357     -0.968348
   1.01458     -1.007554     -1.007544
   1.07280     -1.034946     -1.034938
   1.13102     -1.015498     -1.015490
   1.18923     -0.956746     -0.956737
   1.24745     -0.886404     -0.886395
   1.30567     -0.832226     -0.832218
   1.30567     -0.832226     -0.832218
   1.36700     -0.946449     -0.946444
   1.42832     -1.060047     -1.060041
   1.48965     -1.061722     -1.061711
   1.55098     -1.037783     -1.037772
   1.61231     -0.990350     -0.990341
   1.67364     -0.912390     -0.912380
   1.73496     -0.861341     -0.861332
   1.79629     -0.843678     -0.843670
   1.79629     -0.843679     -0.843669
   1.85097     -0.868541     -0.868532
   1.90566     -0.938717     -0.938708
   1.96034     -0.996668     -0.996658
   2.01502     -1.002668     -1.002659
   2.06971     -1.087482     -1.087473
   2.12439     -1.100415     -1.100404
   2.17907     -1.083772     -1.083761
   2.23375     -1.012668     -1.012657
   2.28844     -0.948784     -0.948773
   2.34312     -0.902920     -0.902909
   2.39780     -0.875608     -0.875596
   2.45249     -0.846171     -0.846160
   2.50717     -0.807635     -0.807623
   2.50717     -0.807635     -0.807623
   2.56539     -0.812678     -0.812666
   2.62360     -0.826967     -0.826955
   2.68182     -0.848166     -0.848154
   2.74004     -0.870529     -0.870518
   2.79826     -0.887838     -0.887828
   2.85647     -0.896428     -0.896418
   2.91469     -0.897263     -0.897253
   2.91469     -0.897263     -0.897253
   2.96937     -0.926205     -0.926196
   3.02406     -0.974700     -0.974690
   3.07874     -0.971169     -0.971159
   3.13342     -0.963261     -0.963251
   3.18811     -0.968325     -0.968316
   3.24279     -0.978622     -0.978612
   3.29747     -0.975930     -0.975918
   3.35215     -0.950048     -0.950037
   3.40684     -0.913433     -0.913424
   3.46152     -0.883792     -0.883783
   3.51620     -0.866632     -0.866625
   3.57089     -0.858477     -0.858470
   3.62557     -0.856126     -0.856119
   3.62557     -0.856126     -0.856119
   3.68279     -0.838351     -0.838343
   3.74000     -0.799646     -0.799637
   3.79722     -0.763616     -0.763606
   3.85443     -0.749804     -0.749793
   3.91165     -0.774855     -0.774843
   3.96887     -0.824358     -0.824346
   4.02608     -0.855131     -0.855121
   4.08330     -0.846947     -0.846939
   4.14052     -0.832698     -0.832690
   4.14052     -0.832698     -0.832690
   4.19873     -0.848697     -0.848687
   4.25695     -0.852443     -0.852432
   4.31517     -0.860855     -0.860845
   4.37339     -0.909731     -0.909721
   4.43160     -0.874666     -0.874657
   4.48982     -0.850780     -0.850769
   4.54804     -0.862525     -0.862513
   4.54804     -0.862525     -0.862513
   4.60526     -0.835846     -0.835834
   4.66247     -0.813510     -0.813499
   4.71969     -0.878710     -0.878704
   4.77691     -0.978813     -0.978806
   4.83412     -0.917139     -0.917131
   4.89134     -0.918853     -0.918845
   4.94856     -0.878690     -0.878681
   5.00577     -0.852655     -0.852645
   5.06299     -0.843679     -0.843670
 
# Band-Index   66
   5.06299     -0.507735     -0.507722
   5.00577     -0.514395     -0.514382
   4.94856     -0.534728     -0.534715
   4.89134     -0.659903     -0.659897
   4.83412     -0.817526     -0.817516
   4.77691     -0.827779     -0.827767
   4.71969     -0.813515     -0.813504
   4.66247     -0.792240     -0.792232
   4.60526     -0.821427     -0.821416
   4.54804     -0.824749     -0.824739
   4.54804     -0.824749     -0.824739
   4.48982     -0.839367     -0.839357
   4.43160     -0.837790     -0.837779
   4.37339     -0.835530     -0.835518
   4.31517     -0.844613     -0.844602
   4.25695     -0.821102     -0.821092
   4.19873     -0.811229     -0.811220
   4.14052     -0.829433     -0.829422
   4.14052     -0.829433     -0.829422
   4.08330     -0.844033     -0.844022
   4.02608     -0.852102     -0.852092
   3.96887     -0.821000     -0.820990
   3.91165     -0.770806     -0.770797
   3.85443     -0.745116     -0.745106
   3.79722     -0.758826     -0.758817
   3.74000     -0.795052     -0.795043
   3.68279     -0.834333     -0.834325
   3.62557     -0.852620     -0.852612
   3.62557     -0.852620     -0.852612
   3.57089     -0.854974     -0.854966
   3.51620     -0.863142     -0.863133
   3.46152     -0.880387     -0.880378
   3.40684     -0.910405     -0.910396
   3.35215     -0.947843     -0.947833
   3.29747     -0.974931     -0.974921
   3.24279     -0.977861     -0.977849
   3.18811     -0.966715     -0.966703
   3.13342     -0.961096     -0.961085
   3.07874     -0.968864     -0.968853
   3.02406     -0.973347     -0.973339
   2.96937     -0.923930     -0.923922
   2.91469     -0.894657     -0.894648
   2.91469     -0.894657     -0.894648
   2.85647     -0.894849     -0.894842
   2.79826     -0.886829     -0.886822
   2.74004     -0.869081     -0.869074
   2.68182     -0.845788     -0.845780
   2.62360     -0.824344     -0.824336
   2.56539     -0.811113     -0.811105
   2.50717     -0.807383     -0.807376
   2.50717     -0.807383     -0.807376
   2.45249     -0.793782     -0.793772
   2.39780     -0.839676     -0.839667
   2.34312     -0.837408     -0.837401
   2.28844     -0.783705     -0.783699
   2.23375     -0.765766     -0.765756
   2.17907     -0.793856     -0.793845
   2.12439     -0.825707     -0.825696
   2.06971     -0.849778     -0.849766
   2.01502     -0.815268     -0.815256
   1.96034     -0.665463     -0.665452
   1.90566     -0.518801     -0.518789
   1.85097     -0.509082     -0.509069
   1.79629     -0.507735     -0.507722
   1.79629     -0.507735     -0.507722
   1.73496     -0.514949     -0.514936
   1.67364     -0.613204     -0.613193
   1.61231     -0.805053     -0.805042
   1.55098     -0.936692     -0.936681
   1.48965     -0.921915     -0.921904
   1.42832     -0.882014     -0.882003
   1.36700     -0.839005     -0.838994
   1.30567     -0.830527     -0.830524
   1.30567     -0.830527     -0.830524
   1.24745     -0.884840     -0.884833
   1.18923     -0.955287     -0.955279
   1.13102     -1.014310     -1.014301
   1.07280     -1.034529     -1.034519
   1.01458     -1.006594     -1.006586
   0.95636     -0.966273     -0.966265
   0.89815     -0.947021     -0.947014
   0.89815     -0.947021     -0.947014
   0.83682     -0.951983     -0.951975
   0.77549     -0.947143     -0.947136
   0.71416     -0.885430     -0.885423
   0.65283     -0.773824     -0.773817
   0.59151     -0.756463     -0.756454
   0.53018     -0.798453     -0.798444
   0.46885     -0.836423     -0.836415
   0.40752     -0.852620     -0.852612
   0.40752     -0.852620     -0.852612
   0.34931     -0.749146     -0.749138
   0.29109     -0.650365     -0.650356
   0.23287     -0.649669     -0.649659
   0.17465     -0.712535     -0.712526
   0.11644     -0.656052     -0.656041
   0.05822     -0.548603     -0.548591
   0.00000     -0.507735     -0.507722
 
# Band-Index   67
   0.00000     -0.420399     -0.420388
   0.05822     -0.429079     -0.429069
   0.11644     -0.455365     -0.455355
   0.17465     -0.500658     -0.500649
   0.23287     -0.566090     -0.566081
   0.29109     -0.581776     -0.581766
   0.34931     -0.516114     -0.516104
   0.40752     -0.456474     -0.456464
   0.40752     -0.456474     -0.456464
   0.46885     -0.480481     -0.480471
   0.53018     -0.549089     -0.549079
   0.59151     -0.652080     -0.652070
   0.65283     -0.721921     -0.721915
   0.71416     -0.700676     -0.700669
   0.77549     -0.692999     -0.692991
   0.83682     -0.694801     -0.694792
   0.89815     -0.697057     -0.697048
   0.89815     -0.697057     -0.697048
   0.95636     -0.686227     -0.686218
   1.01458     -0.667015     -0.667006
   1.07280     -0.657768     -0.657758
   1.13102     -0.667288     -0.667278
   1.18923     -0.697361     -0.697351
   1.24745     -0.745234     -0.745224
   1.30567     -0.791510     -0.791496
   1.30567     -0.791510     -0.791496
   1.36700     -0.746240     -0.746228
   1.42832     -0.698292     -0.698280
   1.48965     -0.650034     -0.650022
   1.55098     -0.604433     -0.604420
   1.61231     -0.564654     -0.564641
   1.67364     -0.533399     -0.533387
   1.73496     -0.470133     -0.470122
   1.79629     -0.420399     -0.420388
   1.79629     -0.420399     -0.420388
   1.85097     -0.438051     -0.438040
   1.90566     -0.508105     -0.508092
   1.96034     -0.520425     -0.520412
   2.01502     -0.532955     -0.532942
   2.06971     -0.551011     -0.550998
   2.12439     -0.586596     -0.586587
   2.17907     -0.649569     -0.649561
   2.23375     -0.714308     -0.714301
   2.28844     -0.740307     -0.740296
   2.34312     -0.732534     -0.732524
   2.39780     -0.737257     -0.737246
   2.45249     -0.746514     -0.746503
   2.50717     -0.721933     -0.721920
   2.50717     -0.721933     -0.721920
   2.56539     -0.723987     -0.723975
   2.62360     -0.732921     -0.732909
   2.68182     -0.752070     -0.752060
   2.74004     -0.780709     -0.780698
   2.79826     -0.814842     -0.814832
   2.85647     -0.847319     -0.847309
   2.91469     -0.863306     -0.863297
   2.91469     -0.863306     -0.863297
   2.96937     -0.850408     -0.850399
   3.02406     -0.837405     -0.837396
   3.07874     -0.828030     -0.828020
   3.13342     -0.819970     -0.819961
   3.18811     -0.812351     -0.812343
   3.24279     -0.803392     -0.803384
   3.29747     -0.789050     -0.789044
   3.35215     -0.762297     -0.762290
   3.40684     -0.712046     -0.712037
   3.46152     -0.633656     -0.633646
   3.51620     -0.546801     -0.546791
   3.57089     -0.480852     -0.480842
   3.62557     -0.456474     -0.456464
   3.62557     -0.456474     -0.456464
   3.68279     -0.467857     -0.467847
   3.74000     -0.500508     -0.500498
   3.79722     -0.549310     -0.549300
   3.85443     -0.602530     -0.602521
   3.91165     -0.641190     -0.641181
   3.96887     -0.666910     -0.666901
   4.02608     -0.695679     -0.695669
   4.08330     -0.728695     -0.728685
   4.14052     -0.748226     -0.748216
   4.14052     -0.748226     -0.748216
   4.19873     -0.749542     -0.749532
   4.25695     -0.757263     -0.757253
   4.31517     -0.766576     -0.766565
   4.37339     -0.767828     -0.767817
   4.43160     -0.753682     -0.753670
   4.48982     -0.735581     -0.735568
   4.54804     -0.727896     -0.727884
   4.54804     -0.727896     -0.727884
   4.60526     -0.725842     -0.725835
   4.66247     -0.773921     -0.773911
   4.71969     -0.717781     -0.717769
   4.77691     -0.659618     -0.659606
   4.83412     -0.607838     -0.607826
   4.89134     -0.564964     -0.564951
   4.94856     -0.504473     -0.504466
   5.00577     -0.436211     -0.436201
   5.06299     -0.420399     -0.420388
 
# Band-Index   68
   5.06299     -0.240260     -0.240252
   5.00577     -0.285408     -0.285399
   4.94856     -0.379601     -0.379590
   4.89134     -0.448704     -0.448692
   4.83412     -0.507529     -0.507517
   4.77691     -0.568294     -0.568282
   4.71969     -0.627968     -0.627956
   4.66247     -0.678949     -0.678937
   4.60526     -0.714184     -0.714171
   4.54804     -0.704849     -0.704843
   4.54804     -0.704849     -0.704843
   4.48982     -0.698376     -0.698369
   4.43160     -0.688848     -0.688841
   4.37339     -0.688788     -0.688781
   4.31517     -0.703046     -0.703038
   4.25695     -0.728102     -0.728094
   4.19873     -0.746038     -0.746029
   4.14052     -0.745867     -0.745857
   4.14052     -0.745867     -0.745857
   4.08330     -0.726915     -0.726906
   4.02608     -0.694259     -0.694250
   3.96887     -0.665550     -0.665541
   3.91165     -0.639767     -0.639759
   3.85443     -0.600951     -0.600943
   3.79722     -0.547568     -0.547559
   3.74000     -0.498615     -0.498605
   3.68279     -0.465871     -0.465862
   3.62557     -0.454459     -0.454450
   3.62557     -0.454459     -0.454450
   3.57089     -0.478839     -0.478830
   3.51620     -0.544811     -0.544802
   3.46152     -0.631814     -0.631806
   3.40684     -0.710681     -0.710674
   3.35215     -0.761401     -0.761393
   3.29747     -0.788080     -0.788071
   3.24279     -0.802289     -0.802280
   3.18811     -0.811241     -0.811232
   3.13342     -0.818963     -0.818955
   3.07874     -0.827172     -0.827164
   3.02406     -0.836636     -0.836629
   2.96937     -0.849635     -0.849628
   2.91469     -0.862653     -0.862648
   2.91469     -0.862653     -0.862648
   2.85647     -0.846094     -0.846087
   2.79826     -0.813342     -0.813334
   2.74004     -0.779159     -0.779150
   2.68182     -0.750146     -0.750137
   2.62360     -0.730072     -0.730062
   2.56539     -0.719837     -0.719827
   2.50717     -0.717056     -0.717045
   2.50717     -0.717056     -0.717045
   2.45249     -0.695970     -0.695958
   2.39780     -0.685357     -0.685345
   2.34312     -0.674469     -0.674457
   2.28844     -0.654850     -0.654838
   2.23375     -0.628146     -0.628133
   2.17907     -0.599215     -0.599203
   2.12439     -0.571072     -0.571061
   2.06971     -0.523037     -0.523031
   2.01502     -0.467608     -0.467601
   1.96034     -0.415869     -0.415862
   1.90566     -0.357080     -0.357074
   1.85097     -0.279402     -0.279394
   1.79629     -0.240260     -0.240252
   1.79629     -0.240260     -0.240252
   1.73496     -0.258088     -0.258080
   1.67364     -0.299408     -0.299401
   1.61231     -0.355904     -0.355897
   1.55098     -0.427287     -0.427281
   1.48965     -0.512506     -0.512500
   1.42832     -0.609346     -0.609340
   1.36700     -0.714935     -0.714929
   1.30567     -0.789690     -0.789680
   1.30567     -0.789690     -0.789680
   1.24745     -0.743745     -0.743737
   1.18923     -0.695926     -0.695918
   1.13102     -0.665836     -0.665828
   1.07280     -0.656294     -0.656286
   1.01458     -0.665552     -0.665544
   0.95636     -0.684793     -0.684786
   0.89815     -0.695626     -0.695619
   0.89815     -0.695626     -0.695619
   0.83682     -0.693583     -0.693576
   0.77549     -0.692265     -0.692257
   0.71416     -0.699610     -0.699601
   0.65283     -0.719770     -0.719761
   0.59151     -0.650134     -0.650126
   0.53018     -0.546966     -0.546957
   0.46885     -0.478405     -0.478396
   0.40752     -0.454459     -0.454450
   0.40752     -0.454459     -0.454450
   0.34931     -0.401399     -0.401389
   0.29109     -0.354640     -0.354630
   0.23287     -0.315345     -0.315335
   0.17465     -0.283575     -0.283566
   0.11644     -0.259929     -0.259920
   0.05822     -0.245243     -0.245235
   0.00000     -0.240260     -0.240252
 
# Band-Index   69
   0.00000      1.645057      1.645055
   0.05822      1.700874      1.700873
   0.11644      1.855431      1.855430
   0.17465      2.080827      2.080828
   0.23287      2.350057      2.350059
   0.29109      2.642387      2.642389
   0.34931      2.942639      2.942641
   0.40752      3.237968      3.237972
   0.40752      3.237968      3.237972
   0.46885      3.250036      3.250040
   0.53018      3.284516      3.284520
   0.59151      3.336807      3.336810
   0.65283      3.400891      3.400894
   0.71416      3.472926      3.472927
   0.77549      3.552402      3.552403
   0.83682      3.637376      3.637376
   0.89815      3.696742      3.696741
   0.89815      3.696742      3.696741
   0.95636      3.601670      3.601670
   1.01458      3.472803      3.472802
   1.07280      3.354004      3.354002
   1.13102      3.252620      3.252618
   1.18923      3.173713      3.173710
   1.24745      3.121881      3.121878
   1.30567      3.103426      3.103422
   1.30567      3.103426      3.103422
   1.36700      3.108681      3.108679
   1.42832      2.884091      2.884092
   1.48965      2.620531      2.620533
   1.55098      2.351274      2.351275
   1.61231      2.092683      2.092683
   1.67364      1.866708      1.866707
   1.73496      1.705139      1.705137
   1.79629      1.645057      1.645055
   1.79629      1.645057      1.645055
   1.85097      1.693191      1.693189
   1.90566      1.822537      1.822537
   1.96034      2.002704      2.002703
   2.01502      2.207423      2.207424
   2.06971      2.419041      2.419042
   2.12439      2.625805      2.625805
   2.17907      2.819390      2.819391
   2.23375      2.995116      2.995116
   2.28844      3.155188      3.155188
   2.34312      3.310366      3.310366
   2.39780      3.471705      3.471705
   2.45249      3.603770      3.603766
   2.50717      3.692144      3.692140
   2.50717      3.692144      3.692140
   2.56539      3.702713      3.702709
   2.62360      3.730407      3.730404
   2.68182      3.768173      3.768170
   2.74004      3.811991      3.811989
   2.79826      3.859110      3.859109
   2.85647      3.903141      3.903141
   2.91469      3.928962      3.928962
   2.91469      3.928962      3.928962
   2.96937      3.851833      3.851833
   3.02406      3.766612      3.766611
   3.07874      3.684960      3.684959
   3.13342      3.613884      3.613883
   3.18811      3.558393      3.558392
   3.24279      3.518412      3.518412
   3.29747      3.487109      3.487110
   3.35215      3.453048      3.453050
   3.40684      3.407521      3.407524
   3.46152      3.351482      3.351486
   3.51620      3.295348      3.295352
   3.57089      3.253492      3.253496
   3.62557      3.237968      3.237972
   3.62557      3.237968      3.237972
   3.68279      3.246366      3.246369
   3.74000      3.271253      3.271257
   3.79722      3.311521      3.311525
   3.85443      3.364715      3.364718
   3.91165      3.426345      3.426349
   3.96887      3.489403      3.489406
   4.02608      3.544679      3.544683
   4.08330      3.582637      3.582641
   4.14052      3.596167      3.596170
   4.14052      3.596167      3.596170
   4.19873      3.516355      3.516358
   4.25695      3.442676      3.442678
   4.31517      3.381315      3.381316
   4.37339      3.335252      3.335253
   4.43160      3.304641      3.304641
   4.48982      3.287732      3.287732
   4.54804      3.282414      3.282415
   4.54804      3.282414      3.282415
   4.60526      3.202941      3.202941
   4.66247      3.022534      3.022534
   4.71969      2.798787      2.798786
   4.77691      2.555014      2.555013
   4.83412      2.305416      2.305416
   4.89134      2.064737      2.064736
   4.94856      1.853466      1.853464
   5.00577      1.701684      1.701683
   5.06299      1.645057      1.645055
 
# Band-Index   70
   5.06299      3.308633      3.308628
   5.00577      3.316902      3.316897
   4.94856      3.342002      3.341997
   4.89134      3.384824      3.384819
   4.83412      3.446823      3.446818
   4.77691      3.529855      3.529850
   4.71969      3.635665      3.635659
   4.66247      3.764282      3.764276
   4.60526      3.818505      3.818502
   4.54804      3.767542      3.767538
   4.54804      3.767542      3.767538
   4.48982      3.794237      3.794234
   4.43160      3.852222      3.852221
   4.37339      3.865145      3.865147
   4.31517      3.819338      3.819341
   4.25695      3.753075      3.753078
   4.19873      3.677514      3.677517
   4.14052      3.597476      3.597477
   4.14052      3.597476      3.597477
   4.08330      3.584024      3.584025
   4.02608      3.546152      3.546154
   3.96887      3.490796      3.490798
   3.91165      3.427523      3.427525
   3.85443      3.365735      3.365738
   3.79722      3.312559      3.312562
   3.74000      3.272362      3.272365
   3.68279      3.247499      3.247503
   3.62557      3.239100      3.239103
   3.62557      3.239100      3.239103
   3.57089      3.254634      3.254637
   3.51620      3.296526      3.296529
   3.46152      3.352736      3.352739
   3.40684      3.408894      3.408896
   3.35215      3.454534      3.454535
   3.29747      3.488588      3.488589
   3.24279      3.519695      3.519695
   3.18811      3.559399      3.559398
   3.13342      3.614832      3.614830
   3.07874      3.686189      3.686187
   3.02406      3.768242      3.768240
   2.96937      3.853853      3.853851
   2.91469      3.931741      3.931741
   2.91469      3.931741      3.931741
   2.85647      3.904787      3.904785
   2.79826      3.860323      3.860321
   2.74004      3.813015      3.813013
   2.68182      3.769298      3.769296
   2.62360      3.731713      3.731710
   2.56539      3.704007      3.704003
   2.50717      3.693373      3.693370
   2.50717      3.693373      3.693370
   2.45249      3.632832      3.632831
   2.39780      3.513542      3.513538
   2.34312      3.449510      3.449506
   2.28844      3.413255      3.413251
   2.23375      3.395453      3.395448
   2.17907      3.381561      3.381556
   2.12439      3.365436      3.365431
   2.06971      3.349064      3.349059
   2.01502      3.334702      3.334697
   1.96034      3.323291      3.323286
   1.90566      3.315124      3.315119
   1.85097      3.310248      3.310243
   1.79629      3.308633      3.308628
   1.79629      3.308633      3.308628
   1.73496      3.314837      3.314832
   1.67364      3.332791      3.332786
   1.61231      3.358523      3.358518
   1.55098      3.372531      3.372526
   1.48965      3.306787      3.306783
   1.42832      3.186149      3.186144
   1.36700      3.112333      3.112332
   1.30567      3.110534      3.110531
   1.30567      3.110534      3.110531
   1.24745      3.128498      3.128494
   1.18923      3.178935      3.178932
   1.13102      3.255834      3.255832
   1.07280      3.355014      3.355013
   1.01458      3.473896      3.473895
   0.95636      3.604652      3.604651
   0.89815      3.703140      3.703139
   0.89815      3.703140      3.703139
   0.83682      3.641923      3.641923
   0.77549      3.555937      3.555937
   0.71416      3.475304      3.475306
   0.65283      3.402069      3.402071
   0.59151      3.337598      3.337601
   0.53018      3.285629      3.285631
   0.46885      3.251218      3.251220
   0.40752      3.239100      3.239103
   0.40752      3.239100      3.239103
   0.34931      3.518464      3.518468
   0.29109      3.768987      3.768991
   0.23287      3.878659      3.878656
   0.17465      3.650913      3.650910
   0.11644      3.468821      3.468817
   0.05822      3.350050      3.350046
   0.00000      3.308633      3.308628
 
# Band-Index   71
   0.00000      4.179162      4.179162
   0.05822      4.176935      4.176936
   0.11644      4.161779      4.161781
   0.17465      4.104287      4.104291
   0.23287      3.971864      3.971869
   0.29109      4.134292      4.134291
   0.34931      4.400995      4.400993
   0.40752      4.644734      4.644735
   0.40752      4.644734      4.644735
   0.46885      4.561610      4.561608
   0.53018      4.393285      4.393282
   0.59151      4.228255      4.228252
   0.65283      4.095529      4.095526
   0.71416      3.997489      3.997487
   0.77549      3.919724      3.919723
   0.83682      3.844114      3.844114
   0.89815      3.787832      3.787833
   0.89815      3.787832      3.787833
   0.95636      3.853057      3.853057
   1.01458      3.856054      3.856055
   1.07280      3.753542      3.753543
   1.13102      3.609645      3.609645
   1.18923      3.478264      3.478264
   1.24745      3.389812      3.389812
   1.30567      3.359058      3.359058
   1.30567      3.359058      3.359058
   1.36700      3.222637      3.222632
   1.42832      3.351014      3.351011
   1.48965      3.555003      3.555000
   1.55098      3.681276      3.681272
   1.61231      3.919746      3.919743
   1.67364      4.189554      4.189556
   1.73496      4.184205      4.184206
   1.79629      4.179162      4.179162
   1.79629      4.179162      4.179162
   1.85097      4.172693      4.172694
   1.90566      4.150470      4.150471
   1.96034      4.101762      4.101763
   2.01502      4.018930      4.018931
   2.06971      3.878782      3.878779
   2.12439      3.752070      3.752066
   2.17907      3.667482      3.667479
   2.23375      3.634637      3.634633
   2.28844      3.653321      3.653317
   2.34312      3.712030      3.712026
   2.39780      3.797000      3.796996
   2.45249      3.883541      3.883539
   2.50717      3.886863      3.886863
   2.50717      3.886863      3.886863
   2.56539      3.889473      3.889473
   2.62360      3.897581      3.897581
   2.68182      3.911101      3.911101
   2.74004      3.927777      3.927777
   2.79826      3.942701      3.942701
   2.85647      3.948583      3.948583
   2.91469      3.942054      3.942053
   2.91469      3.942054      3.942053
   2.96937      4.014080      4.014080
   3.02406      4.082586      4.082587
   3.07874      4.129539      4.129540
   3.13342      4.141579      4.141580
   3.18811      4.132645      4.132645
   3.24279      4.126468      4.126468
   3.29747      4.138381      4.138380
   3.35215      4.179332      4.179330
   3.40684      4.255432      4.255430
   3.46152      4.363288      4.363286
   3.51620      4.488162      4.488160
   3.57089      4.600079      4.600078
   3.62557      4.644734      4.644735
   3.62557      4.644734      4.644735
   3.68279      4.644031      4.644032
   3.74000      4.642671      4.642672
   3.79722      4.641828      4.641828
   3.85443      4.643681      4.643680
   3.91165      4.653098      4.653096
   3.96887      4.674242      4.674241
   4.02608      4.707373      4.707371
   4.08330      4.746782      4.746781
   4.14052      4.769818      4.769817
   4.14052      4.769818      4.769817
   4.19873      4.669321      4.669318
   4.25695      4.505539      4.505535
   4.31517      4.332319      4.332315
   4.37339      4.163718      4.163714
   4.43160      4.089106      4.089103
   4.48982      4.021472      4.021466
   4.54804      3.998420      3.998413
   4.54804      3.998420      3.998413
   4.60526      3.907120      3.907114
   4.66247      3.913565      3.913563
   4.71969      3.998202      3.998200
   4.77691      4.060987      4.060986
   4.83412      4.106354      4.106354
   4.89134      4.139094      4.139094
   4.94856      4.161564      4.161565
   5.00577      4.174788      4.174789
   5.06299      4.179162      4.179162
 
# Band-Index   72
   5.06299      4.595516      4.595514
   5.00577      4.580878      4.580877
   4.94856      4.539283      4.539282
   4.89134      4.476336      4.476334
   4.83412      4.398772      4.398771
   4.77691      4.314317      4.314315
   4.71969      4.233392      4.233391
   4.66247      4.169026      4.169025
   4.60526      4.129683      4.129683
   4.54804      4.116673      4.116673
   4.54804      4.116673      4.116673
   4.48982      4.101888      4.101888
   4.43160      4.089588      4.089583
   4.37339      4.198559      4.198553
   4.31517      4.341383      4.341378
   4.25695      4.536603      4.536600
   4.19873      4.711712      4.711711
   4.14052      4.771187      4.771183
   4.14052      4.771187      4.771183
   4.08330      4.749117      4.749113
   4.02608      4.710461      4.710458
   3.96887      4.677635      4.677632
   3.91165      4.656374      4.656372
   3.85443      4.646392      4.646389
   3.79722      4.643592      4.643590
   3.74000      4.643731      4.643730
   3.68279      4.644947      4.644946
   3.62557      4.645649      4.645648
   3.62557      4.645649      4.645648
   3.57089      4.602872      4.602871
   3.51620      4.492107      4.492104
   3.46152      4.367335      4.367332
   3.40684      4.259020      4.259017
   3.35215      4.182117      4.182115
   3.29747      4.140217      4.140216
   3.24279      4.127381      4.127380
   3.18811      4.133009      4.133009
   3.13342      4.142729      4.142730
   3.07874      4.131641      4.131641
   3.02406      4.085112      4.085112
   2.96937      4.016563      4.016563
   2.91469      3.944036      3.944035
   2.91469      3.944036      3.944035
   2.85647      3.950472      3.950472
   2.79826      3.944334      3.944334
   2.74004      3.928878      3.928878
   2.68182      3.911963      3.911963
   2.62360      3.898763      3.898763
   2.56539      3.890903      3.890903
   2.50717      3.888327      3.888327
   2.50717      3.888327      3.888327
   2.45249      3.916235      3.916233
   2.39780      3.967840      3.967838
   2.34312      3.910943      3.910941
   2.28844      3.834892      3.834890
   2.23375      3.787933      3.787930
   2.17907      3.788602      3.788600
   2.12439      3.837201      3.837200
   2.06971      3.921128      3.921128
   2.01502      4.037292      4.037289
   1.96034      4.218043      4.218041
   1.90566      4.410675      4.410673
   1.85097      4.563777      4.563775
   1.79629      4.595516      4.595514
   1.79629      4.595516      4.595514
   1.73496      4.510499      4.510497
   1.67364      4.210820      4.210818
   1.61231      4.047601      4.047601
   1.55098      3.797129      3.797127
   1.48965      3.572253      3.572249
   1.42832      3.557480      3.557477
   1.36700      3.501967      3.501965
   1.30567      3.360358      3.360368
   1.30567      3.360358      3.360357
   1.24745      3.391392      3.391391
   1.18923      3.480437      3.480437
   1.13102      3.612360      3.612360
   1.07280      3.756522      3.756523
   1.01458      3.858501      3.858502
   0.95636      3.854222      3.854222
   0.89815      3.791090      3.791091
   0.89815      3.791090      3.791091
   0.83682      3.846506      3.846505
   0.77549      3.921796      3.921794
   0.71416      3.999383      3.999381
   0.65283      4.097799      4.097796
   0.59151      4.231304      4.231301
   0.53018      4.396886      4.396883
   0.46885      4.564743      4.564741
   0.40752      4.645649      4.645648
   0.40752      4.645649      4.645648
   0.34931      4.605784      4.605782
   0.29109      4.550553      4.550550
   0.23287      4.512275      4.512271
   0.17465      4.509404      4.509400
   0.11644      4.542788      4.542785
   0.05822      4.580293      4.580292
   0.00000      4.595516      4.595514
 
# Band-Index   73
   0.00000      4.702776      4.702774
   0.05822      4.712594      4.712591
   0.11644      4.739431      4.739429
   0.17465      4.781746      4.781744
   0.23287      4.828723      4.828722
   0.29109      4.776680      4.776679
   0.34931      4.724308      4.724306
   0.40752      4.684135      4.684134
   0.40752      4.684135      4.684134
   0.46885      4.683641      4.683640
   0.53018      4.695146      4.695145
   0.59151      4.711582      4.711582
   0.65283      4.722663      4.722663
   0.71416      4.709880      4.709880
   0.77549      4.662481      4.662481
   0.83682      4.610761      4.610761
   0.89815      4.590378      4.590378
   0.89815      4.590378      4.590378
   0.95636      4.521719      4.521718
   1.01458      4.477560      4.477560
   1.07280      4.488895      4.488894
   1.13102      4.448330      4.448327
   1.18923      4.382867      4.382863
   1.24745      4.337596      4.337591
   1.30567      4.322118      4.322113
   1.30567      4.322118      4.322113
   1.36700      4.276779      4.276776
   1.42832      4.334073      4.334072
   1.48965      4.467780      4.467780
   1.55098      4.361999      4.361998
   1.61231      4.291737      4.291736
   1.67364      4.348919      4.348916
   1.73496      4.522037      4.522035
   1.79629      4.702776      4.702774
   1.79629      4.702776      4.702774
   1.85097      4.597104      4.597102
   1.90566      4.489951      4.489948
   1.96034      4.419916      4.419912
   2.01502      4.391532      4.391529
   2.06971      4.408250      4.408248
   2.12439      4.457505      4.457503
   2.17907      4.526345      4.526345
   2.23375      4.575276      4.575278
   2.28844      4.471513      4.471512
   2.34312      4.309702      4.309700
   2.39780      4.168720      4.168717
   2.45249      4.119855      4.119852
   2.50717      4.097457      4.097453
   2.50717      4.097457      4.097453
   2.56539      4.123206      4.123202
   2.62360      4.200367      4.200363
   2.68182      4.323258      4.323254
   2.74004      4.469825      4.469822
   2.79826      4.545618      4.545618
   2.85647      4.516184      4.516185
   2.91469      4.499143      4.499144
   2.91469      4.499143      4.499144
   2.96937      4.470852      4.470852
   3.02406      4.417384      4.417383
   3.07874      4.384161      4.384159
   3.13342      4.396676      4.396675
   3.18811      4.442338      4.442338
   3.24279      4.497083      4.497083
   3.29747      4.548440      4.548440
   3.35215      4.591389      4.591389
   3.40684      4.624318      4.624318
   3.46152      4.647628      4.647627
   3.51620      4.662936      4.662936
   3.57089      4.673627      4.673627
   3.62557      4.684135      4.684134
   3.62557      4.684135      4.684134
   3.68279      4.682397      4.682396
   3.74000      4.678991      4.678989
   3.79722      4.679078      4.679076
   3.85443      4.689465      4.689463
   3.91165      4.714905      4.714903
   3.96887      4.758254      4.758252
   4.02608      4.817643      4.817641
   4.08330      4.867112      4.867110
   4.14052      4.873617      4.873615
   4.14052      4.873617      4.873615
   4.19873      4.815132      4.815129
   4.25695      4.719200      4.719198
   4.31517      4.605284      4.605283
   4.37339      4.485002      4.485001
   4.43160      4.384497      4.384495
   4.48982      4.318172      4.318169
   4.54804      4.294873      4.294870
   4.54804      4.294873      4.294870
   4.60526      4.403411      4.403408
   4.66247      4.568043      4.568041
   4.71969      4.644284      4.644282
   4.77691      4.679668      4.679667
   4.83412      4.704908      4.704906
   4.89134      4.717733      4.717731
   4.94856      4.715831      4.715830
   5.00577      4.707151      4.707149
   5.06299      4.702776      4.702774
 
# Band-Index   74
   5.06299      5.001737      5.001738
   5.00577      4.983205      4.983206
   4.94856      4.959789      4.959789
   4.89134      4.942069      4.942069
   4.83412      4.927641      4.927641
   4.77691      4.910701      4.910700
   4.71969      4.875737      4.875734
   4.66247      4.728228      4.728224
   4.60526      4.668678      4.668675
   4.54804      4.657266      4.657263
   4.54804      4.657266      4.657263
   4.48982      4.683302      4.683300
   4.43160      4.737148      4.737146
   4.37339      4.783516      4.783514
   4.31517      4.817660      4.817658
   4.25695      4.868345      4.868343
   4.19873      4.947996      4.947994
   4.14052      4.875372      4.875372
   4.14052      4.875372      4.875372
   4.08330      4.868326      4.868324
   4.02608      4.818655      4.818654
   3.96887      4.759627      4.759625
   3.91165      4.716579      4.716577
   3.85443      4.691109      4.691107
   3.79722      4.680377      4.680375
   3.74000      4.679923      4.679921
   3.68279      4.682919      4.682917
   3.62557      4.684334      4.684332
   3.62557      4.684334      4.684332
   3.57089      4.674440      4.674438
   3.51620      4.663289      4.663288
   3.46152      4.647800      4.647799
   3.40684      4.624598      4.624597
   3.35215      4.591829      4.591828
   3.29747      4.549040      4.549039
   3.24279      4.497813      4.497812
   3.18811      4.443066      4.443065
   3.13342      4.397227      4.397226
   3.07874      4.385334      4.385334
   3.02406      4.419564      4.419564
   2.96937      4.473953      4.473955
   2.91469      4.502757      4.502759
   2.91469      4.502757      4.502759
   2.85647      4.519155      4.519157
   2.79826      4.546711      4.546712
   2.74004      4.470872      4.470869
   2.68182      4.324841      4.324837
   2.62360      4.202467      4.202463
   2.56539      4.125808      4.125804
   2.50717      4.100280      4.100276
   2.50717      4.100280      4.100276
   2.45249      4.170115      4.170112
   2.39780      4.331508      4.331506
   2.34312      4.488509      4.488508
   2.28844      4.622397      4.622396
   2.23375      4.723671      4.723666
   2.17907      4.823640      4.823640
   2.12439      4.894111      4.894111
   2.06971      4.943676      4.943676
   2.01502      4.973032      4.973033
   1.96034      4.986239      4.986240
   1.90566      4.989537      4.989538
   1.85097      4.990075      4.990077
   1.79629      5.001737      5.001738
   1.79629      5.001737      5.001738
   1.73496      4.968831      4.968832
   1.67364      4.892975      4.892976
   1.61231      4.774384      4.774386
   1.55098      4.625889      4.625890
   1.48965      4.474212      4.474213
   1.42832      4.592526      4.592523
   1.36700      4.441432      4.441428
   1.30567      4.323561      4.323558
   1.30567      4.323561      4.323558
   1.24745      4.338988      4.338984
   1.18923      4.384256      4.384252
   1.13102      4.450055      4.450052
   1.07280      4.490697      4.490696
   1.01458      4.479041      4.479041
   0.95636      4.522080      4.522081
   0.89815      4.591836      4.591835
   0.89815      4.591836      4.591835
   0.83682      4.612125      4.612124
   0.77549      4.663610      4.663610
   0.71416      4.710648      4.710648
   0.65283      4.724036      4.724036
   0.59151      4.712974      4.712973
   0.53018      4.695999      4.695998
   0.46885      4.684002      4.684001
   0.40752      4.684334      4.684332
   0.40752      4.684334      4.684332
   0.34931      4.891874      4.891874
   0.29109      4.914549      4.914546
   0.23287      4.840384      4.840381
   0.17465      4.883895      4.883894
   0.11644      4.941881      4.941879
   0.05822      4.995647      4.995645
   0.00000      5.001737      5.001738
 
# Band-Index   75
   0.00000      5.021309      5.021308
   0.05822      5.010578      5.010580
   0.11644      5.035321      5.035323
   0.17465      5.068796      5.068801
   0.23287      5.088674      5.088679
   0.29109      5.043114      5.043114
   0.34931      5.002037      5.002034
   0.40752      5.095676      5.095674
   0.40752      5.095676      5.095674
   0.46885      5.131686      5.131685
   0.53018      5.156892      5.156892
   0.59151      5.130119      5.130120
   0.65283      5.071092      5.071091
   0.71416      4.964962      4.964961
   0.77549      4.859641      4.859640
   0.83682      4.799460      4.799461
   0.89815      4.779850      4.779852
   0.89815      4.779850      4.779852
   0.95636      4.850676      4.850677
   1.01458      4.837206      4.837203
   1.07280      4.768480      4.768478
   1.13102      4.802753      4.802753
   1.18923      4.887229      4.887231
   1.24745      4.953381      4.953384
   1.30567      4.977429      4.977432
   1.30567      4.977429      4.977432
   1.36700      4.791672      4.791674
   1.42832      4.622082      4.622082
   1.48965      4.755338      4.755334
   1.55098      4.904715      4.904711
   1.61231      5.030058      5.030055
   1.67364      5.128107      5.128105
   1.73496      5.187349      5.187348
   1.79629      5.021309      5.021308
   1.79629      5.021309      5.021308
   1.85097      5.137295      5.137294
   1.90566      5.252964      5.252963
   1.96034      5.232300      5.232298
   2.01502      5.177149      5.177147
   2.06971      5.089135      5.089133
   2.12439      4.973918      4.973915
   2.17907      4.840185      4.840200
   2.23375      4.733248      4.733247
   2.28844      4.750464      4.750461
   2.34312      4.810634      4.810632
   2.39780      4.799151      4.799148
   2.45249      4.733574      4.733569
   2.50717      4.737070      4.737065
   2.50717      4.737070      4.737065
   2.56539      4.734466      4.734461
   2.62360      4.722223      4.722219
   2.68182      4.694662      4.694660
   2.74004      4.658359      4.658357
   2.79826      4.690238      4.690234
   2.85647      4.800672      4.800669
   2.91469      4.847982      4.847979
   2.91469      4.847982      4.847979
   2.96937      4.877362      4.877359
   3.02406      4.937537      4.937536
   3.07874      5.000082      5.000081
   3.13342      5.062812      5.062811
   3.18811      5.131595      5.131594
   3.24279      5.206094      5.206093
   3.29747      5.256141      5.256141
   3.35215      5.250924      5.250924
   3.40684      5.231149      5.231149
   3.46152      5.205658      5.205657
   3.51620      5.168757      5.168756
   3.57089      5.121878      5.121876
   3.62557      5.095676      5.095674
   3.62557      5.095676      5.095674
   3.68279      5.107274      5.107271
   3.74000      5.140387      5.140384
   3.79722      5.188748      5.188745
   3.85443      5.236351      5.236348
   3.91165      5.247119      5.247116
   3.96887      5.195291      5.195288
   4.02608      5.122075      5.122071
   4.08330      5.089451      5.089448
   4.14052      5.117285      5.117282
   4.14052      5.117285      5.117282
   4.19873      4.966885      4.966884
   4.25695      5.069615      5.069612
   4.31517      5.217467      5.217464
   4.37339      5.147006      5.147006
   4.43160      4.999047      4.999047
   4.48982      4.909320      4.909320
   4.54804      4.880650      4.880649
   4.54804      4.880648      4.880649
   4.60526      4.882989      4.882989
   4.66247      4.891720      4.891720
   4.71969      4.935812      4.935812
   4.77691      5.140961      5.140958
   4.83412      5.154112      5.154109
   4.89134      5.096475      5.096473
   4.94856      5.062323      5.062322
   5.00577      5.038272      5.038271
   5.06299      5.021309      5.021308
 
# Band-Index   76
   5.06299      5.240698      5.240698
   5.00577      5.247946      5.247946
   4.94856      5.267223      5.267223
   4.89134      5.292875      5.292875
   4.83412      5.319203      5.319202
   4.77691      5.242199      5.242196
   4.71969      5.350169      5.350166
   4.66247      5.394567      5.394565
   4.60526      5.429985      5.429984
   4.54804      5.464833      5.464833
   4.54804      5.464833      5.464833
   4.48982      5.471048      5.471048
   4.43160      5.482376      5.482373
   4.37339      5.375847      5.375844
   4.31517      5.330838      5.330838
   4.25695      5.341627      5.341624
   4.19873      5.245711      5.245707
   4.14052      5.117300      5.117298
   4.14052      5.117300      5.117298
   4.08330      5.090559      5.090556
   4.02608      5.123592      5.123590
   3.96887      5.196396      5.196393
   3.91165      5.247791      5.247788
   3.85443      5.237307      5.237304
   3.79722      5.190011      5.190007
   3.74000      5.141804      5.141800
   3.68279      5.108756      5.108752
   3.62557      5.097177      5.097173
   3.62557      5.097177      5.097173
   3.57089      5.124082      5.124080
   3.51620      5.170910      5.170908
   3.46152      5.207278      5.207277
   3.40684      5.232440      5.232440
   3.35215      5.252341      5.252341
   3.29747      5.258140      5.258141
   3.24279      5.208081      5.208081
   3.18811      5.133567      5.133566
   3.13342      5.064822      5.064821
   3.07874      5.002016      5.002015
   3.02406      4.939191      4.939190
   2.96937      4.878533      4.878531
   2.91469      4.848874      4.848872
   2.91469      4.848875      4.848872
   2.85647      4.801359      4.801357
   2.79826      4.690938      4.690935
   2.74004      4.659033      4.659032
   2.68182      4.695076      4.695073
   2.62360      4.723050      4.723047
   2.56539      4.735157      4.735152
   2.50717      4.737600      4.737594
   2.50717      4.737600      4.737594
   2.45249      4.826091      4.826086
   2.39780      4.956749      4.956745
   2.34312      5.082317      5.082314
   2.28844      5.173341      5.173339
   2.23375      5.245688      5.245687
   2.17907      5.317095      5.317094
   2.12439      5.395704      5.395704
   2.06971      5.484424      5.484423
   2.01502      5.574099      5.574098
   1.96034      5.497829      5.497828
   1.90566      5.318454      5.318453
   1.85097      5.247867      5.247866
   1.79629      5.240698      5.240698
   1.79629      5.240698      5.240698
   1.73496      5.203752      5.203751
   1.67364      5.389426      5.389426
   1.61231      5.532102      5.532104
   1.55098      5.586470      5.586472
   1.48965      5.506684      5.506687
   1.42832      5.350947      5.350950
   1.36700      5.168902      5.168905
   1.30567      4.979331      4.979333
   1.30567      4.979331      4.979333
   1.24745      4.955285      4.955287
   1.18923      4.889351      4.889352
   1.13102      4.805434      4.805435
   1.07280      4.770663      4.770661
   1.01458      4.837399      4.837397
   0.95636      4.851662      4.851661
   0.89815      4.780747      4.780748
   0.89815      4.780747      4.780748
   0.83682      4.800041      4.800041
   0.77549      4.859922      4.859922
   0.71416      4.965041      4.965039
   0.65283      5.071337      5.071336
   0.59151      5.130959      5.130959
   0.53018      5.158796      5.158795
   0.46885      5.134193      5.134191
   0.40752      5.097177      5.097173
   0.40752      5.097177      5.097173
   0.34931      5.187736      5.187733
   0.29109      5.263466      5.263464
   0.23287      5.311347      5.311344
   0.17465      5.323513      5.323512
   0.11644      5.301909      5.301908
   0.05822      5.262896      5.262896
   0.00000      5.240698      5.240698
 
# Band-Index   77
   0.00000      5.681827      5.681823
   0.05822      5.650988      5.650976
   0.11644      5.616263      5.616258
   0.17465      5.599507      5.599502
   0.23287      5.589739      5.589735
   0.29109      5.585391      5.585389
   0.34931      5.622636      5.622634
   0.40752      5.696193      5.696192
   0.40752      5.696192      5.696192
   0.46885      5.696213      5.696213
   0.53018      5.583369      5.583369
   0.59151      5.389713      5.389714
   0.65283      5.206566      5.206567
   0.71416      5.120870      5.120870
   0.77549      5.127442      5.127441
   0.83682      5.165176      5.165173
   0.89815      5.186680      5.186676
   0.89815      5.186680      5.186676
   0.95636      5.150006      5.150004
   1.01458      5.208046      5.208047
   1.07280      5.376978      5.376979
   1.13102      5.558879      5.558880
   1.18923      5.719419      5.719420
   1.24745      5.829894      5.829896
   1.30567      5.868621      5.868787
   1.30567      5.868621      5.868621
   1.36700      5.841886      5.840692
   1.42832      5.804800      5.804801
   1.48965      5.769918      5.769919
   1.55098      5.740564      5.740565
   1.61231      5.717563      5.717562
   1.67364      5.699836      5.699836
   1.73496      5.687187      5.687184
   1.79629      5.681827      5.681823
   1.79629      5.681828      5.681823
   1.85097      5.676347      5.676344
   1.90566      5.660658      5.660656
   1.96034      5.638552      5.638551
   2.01502      5.615414      5.615413
   2.06971      5.595129      5.595128
   2.12439      5.579233      5.579233
   2.17907      5.567744      5.567742
   2.23375      5.556678      5.556675
   2.28844      5.439267      5.439262
   2.34312      5.233331      5.233326
   2.39780      5.123799      5.123796
   2.45249      5.125290      5.125289
   2.50717      5.155208      5.155209
   2.50717      5.155208      5.155209
   2.56539      5.173682      5.173682
   2.62360      5.227583      5.227581
   2.68182      5.303281      5.303280
   2.74004      5.365328      5.365326
   2.79826      5.393316      5.393314
   2.85647      5.424675      5.424672
   2.91469      5.476029      5.476025
   2.91469      5.476029      5.476025
   2.96937      5.475977      5.475974
   3.02406      5.481005      5.481002
   3.07874      5.473233      5.473231
   3.13342      5.443289      5.443287
   3.18811      5.402730      5.402728
   3.24279      5.368225      5.368223
   3.29747      5.378593      5.378591
   3.35215      5.465293      5.465292
   3.40684      5.576085      5.576085
   3.46152      5.677521      5.677519
   3.51620      5.729134      5.729133
   3.57089      5.710987      5.710989
   3.62557      5.696192      5.696194
   3.62557      5.696193      5.696194
   3.68279      5.703422      5.703425
   3.74000      5.718741      5.718741
   3.79722      5.696689      5.696688
   3.85443      5.621369      5.621367
   3.91165      5.572667      5.572664
   3.96887      5.574283      5.574281
   4.02608      5.499982      5.499980
   4.08330      5.354342      5.354339
   4.14052      5.262302      5.262258
   4.14052      5.262264      5.262258
   4.19873      5.274214      5.274211
   4.25695      5.379489      5.379487
   4.31517      5.444583      5.444581
   4.37339      5.477141      5.477139
   4.43160      5.494420      5.494420
   4.48982      5.486590      5.486586
   4.54804      5.486640      5.486636
   4.54804      5.486640      5.486636
   4.60526      5.525407      5.525405
   4.66247      5.467331      5.467327
   4.71969      5.366963      5.366962
   4.77691      5.343380      5.343379
   4.83412      5.358774      5.358772
   4.89134      5.543448      5.543445
   4.94856      5.667256      5.667252
   5.00577      5.677918      5.677896
   5.06299      5.681827      5.681823
 
# Band-Index   78
   5.06299      5.736990      5.736988
   5.00577      5.723789      5.723787
   4.94856      5.668061      5.668058
   4.89134      5.652862      5.652859
   4.83412      5.637704      5.637701
   4.77691      5.622032      5.622030
   4.71969      5.601166      5.601164
   4.66247      5.568881      5.568879
   4.60526      5.568656      5.568652
   4.54804      5.605855      5.605851
   4.54804      5.605855      5.605851
   4.48982      5.599913      5.599910
   4.43160      5.526765      5.526763
   4.37339      5.532253      5.532251
   4.31517      5.457460      5.457459
   4.25695      5.520348      5.520348
   4.19873      5.420872      5.420868
   4.14052      5.264117      5.264112
   4.14052      5.264186      5.264112
   4.08330      5.356361      5.356357
   4.02608      5.502156      5.502153
   3.96887      5.575454      5.575452
   3.91165      5.573357      5.573356
   3.85443      5.621812      5.621810
   3.79722      5.696867      5.696866
   3.74000      5.719112      5.719111
   3.68279      5.703803      5.703802
   3.62557      5.696540      5.696540
   3.62557      5.696540      5.696540
   3.57089      5.711933      5.711933
   3.51620      5.730672      5.730670
   3.46152      5.678421      5.678420
   3.40684      5.576704      5.576702
   3.35215      5.466146      5.466144
   3.29747      5.379856      5.379853
   3.24279      5.369048      5.369046
   3.18811      5.403391      5.403390
   3.13342      5.444265      5.444264
   3.07874      5.474856      5.474854
   3.02406      5.483511      5.483508
   2.96937      5.479509      5.479506
   2.91469      5.480412      5.480408
   2.91469      5.480412      5.480408
   2.85647      5.427042      5.427040
   2.79826      5.394663      5.394661
   2.74004      5.366455      5.366454
   2.68182      5.304754      5.304753
   2.62360      5.228772      5.228771
   2.56539      5.174334      5.174334
   2.50717      5.155728      5.155728
   2.50717      5.155728      5.155728
   2.45249      5.191694      5.191695
   2.39780      5.246567      5.246569
   2.34312      5.347369      5.347379
   2.28844      5.502519      5.502520
   2.23375      5.670627      5.670629
   2.17907      5.807740      5.807743
   2.12439      5.869055      5.869059
   2.06971      5.809864      5.809866
   2.01502      5.681574      5.681575
   1.96034      5.680152      5.680152
   1.90566      5.729538      5.729537
   1.85097      5.739137      5.739135
   1.79629      5.736990      5.736988
   1.79629      5.736990      5.736988
   1.73496      5.750059      5.750056
   1.67364      5.782671      5.782669
   1.61231      5.812229      5.812228
   1.55098      5.803237      5.803238
   1.48965      5.820968      5.820927
   1.42832      5.857675      5.857677
   1.36700      5.904742      5.876628
   1.30567      5.868696      5.868699
   1.30567      5.868697      5.875969
   1.24745      5.830234      5.830235
   1.18923      5.720123      5.720124
   1.13102      5.559874      5.559875
   1.07280      5.378135      5.378137
   1.01458      5.209123      5.209124
   0.95636      5.150561      5.150560
   0.89815      5.186847      5.186846
   0.89815      5.186847      5.186846
   0.83682      5.165363      5.165362
   0.77549      5.127600      5.127599
   0.71416      5.121419      5.121419
   0.65283      5.207496      5.207495
   0.59151      5.390429      5.390428
   0.53018      5.584248      5.584246
   0.46885      5.697515      5.697513
   0.40752      5.696539      5.696539
   0.40752      5.696541      5.696538
   0.34931      5.781545      5.781546
   0.29109      5.777374      5.777375
   0.23287      5.773200      5.773198
   0.17465      5.788988      5.788986
   0.11644      5.790020      5.790018
   0.05822      5.764662      5.764660
   0.00000      5.736990      5.736988
 
# Band-Index   79
   0.00000      5.776759      5.776759
   0.05822      5.785847      5.785846
   0.11644      5.811805      5.811805
   0.17465      5.847797      5.847797
   0.23287      5.873149      5.873149
   0.29109      5.852831      5.852832
   0.34931      5.810299      5.810298
   0.40752      5.863880      5.863820
   0.40752      5.863852      5.863814
   0.46885      5.822633      5.822634
   0.53018      5.849906      5.849906
   0.59151      5.928174      5.928173
   0.65283      5.963413      5.963413
   0.71416      5.934027      5.934026
   0.77549      5.858586      5.858584
   0.83682      5.776973      5.776971
   0.89815      5.739979      5.739976
   0.89815      5.739979      5.739976
   0.95636      5.815349      5.815347
   1.01458      5.960616      5.960615
   1.07280      6.093044      6.093043
   1.13102      6.187116      6.187116
   1.18923      6.249168      6.249167
   1.24745      6.293314      6.293313
   1.30567      6.312784      6.312782
   1.30567      6.312783      6.312782
   1.36700      6.246658      6.246656
   1.42832      6.169755      6.169752
   1.48965      6.082159      6.082156
   1.55098      6.004724      6.004722
   1.61231      5.993304      5.993304
   1.67364      6.034227      6.034278
   1.73496      5.859848      5.859848
   1.79629      5.776759      5.776759
   1.79629      5.776759      5.776759
   1.85097      5.803315      5.803313
   1.90566      5.883018      5.883016
   1.96034      6.007280      6.007279
   2.01502      6.097796      6.097796
   2.06971      6.111423      6.111421
   2.12439      6.143337      6.143333
   2.17907      5.950420      5.950416
   2.23375      5.705915      5.705911
   2.28844      5.573207      5.573205
   2.34312      5.560531      5.560529
   2.39780      5.549562      5.549559
   2.45249      5.553871      5.553868
   2.50717      5.594437      5.594433
   2.50717      5.594437      5.594433
   2.56539      5.603083      5.603079
   2.62360      5.625344      5.625341
   2.68182      5.651682      5.651678
   2.74004      5.672873      5.672869
   2.79826      5.667693      5.667690
   2.85647      5.606798      5.606795
   2.91469      5.533779      5.533777
   2.91469      5.533779      5.533777
   2.96937      5.551694      5.551691
   3.02406      5.593964      5.593961
   3.07874      5.668112      5.668109
   3.13342      5.768959      5.768956
   3.18811      5.871711      5.871709
   3.24279      5.953937      5.953935
   3.29747      6.000102      6.000101
   3.35215      6.001517      6.001517
   3.40684      5.959746      5.959744
   3.46152      5.894323      5.894322
   3.51620      5.848792      5.848798
   3.57089      5.856035      5.856040
   3.62557      5.863834      5.863821
   3.62557      5.863803      5.863811
   3.68279      5.848632      5.848608
   3.74000      5.806524      5.806523
   3.79722      5.779561      5.779561
   3.85443      5.788352      5.788352
   3.91165      5.769712      5.769710
   3.96887      5.703393      5.703391
   4.02608      5.691024      5.691021
   4.08330      5.730389      5.730386
   4.14052      5.748240      5.748237
   4.14052      5.748240      5.748237
   4.19873      5.670431      5.670430
   4.25695      5.609384      5.609380
   4.31517      5.668721      5.668719
   4.37339      5.599956      5.599955
   4.43160      5.656804      5.656799
   4.48982      5.678995      5.678991
   4.54804      5.709367      5.709362
   4.54804      5.709366      5.709362
   4.60526      5.719136      5.719132
   4.66247      5.787335      5.787332
   4.71969      5.824866      5.824864
   4.77691      5.827151      5.827149
   4.83412      5.822377      5.822376
   4.89134      5.809789      5.809788
   4.94856      5.794094      5.794093
   5.00577      5.781518      5.781517
   5.06299      5.776759      5.776759
 
# Band-Index   80
   5.06299      6.146177      6.146176
   5.00577      6.120210      6.120212
   4.94856      6.069345      6.069347
   4.89134      6.039017      6.039017
   4.83412      6.028562      6.028561
   4.77691      5.992818      5.992817
   4.71969      5.894932      5.894929
   4.66247      5.821233      5.821231
   4.60526      5.819873      5.819871
   4.54804      5.819838      5.819836
   4.54804      5.819838      5.819836
   4.48982      5.767481      5.767480
   4.43160      5.679852      5.679851
   4.37339      5.668108      5.668103
   4.31517      5.674506      5.674502
   4.25695      5.792881      5.792878
   4.19873      5.769503      5.769500
   4.14052      5.748288      5.748286
   4.14052      5.748288      5.748286
   4.08330      5.730657      5.730655
   4.02608      5.691646      5.691644
   3.96887      5.705125      5.705122
   3.91165      5.771443      5.771442
   3.85443      5.789576      5.789575
   3.79722      5.780374      5.780374
   3.74000      5.806808      5.806892
   3.68279      5.848742      5.848714
   3.62557      5.863878      5.863892
   3.62557      5.863937      5.863885
   3.57089      5.856341      5.856364
   3.51620      5.849247      5.849241
   3.46152      5.894975      5.894972
   3.40684      5.960803      5.960800
   3.35215      6.002702      6.002699
   3.29747      6.001502      6.001499
   3.24279      5.955731      5.955727
   3.18811      5.873906      5.873902
   3.13342      5.771430      5.771427
   3.07874      5.670594      5.670591
   3.02406      5.595739      5.595736
   2.96937      5.552381      5.552378
   2.91469      5.535049      5.535046
   2.91469      5.535049      5.535046
   2.85647      5.608319      5.608315
   2.79826      5.669345      5.669341
   2.74004      5.674590      5.674586
   2.68182      5.653028      5.653024
   2.62360      5.626092      5.626090
   2.56539      5.603493      5.603490
   2.50717      5.594768      5.594766
   2.50717      5.594768      5.594766
   2.45249      5.678043      5.678041
   2.39780      5.798370      5.798367
   2.34312      5.946190      5.946188
   2.28844      6.109851      6.109849
   2.23375      6.261754      6.261753
   2.17907      6.238408      6.238405
   2.12439      6.169891      6.169888
   2.06971      6.254053      6.254051
   2.01502      6.151580      6.151560
   1.96034      6.078905      6.078905
   1.90566      6.085527      6.085529
   1.85097      6.123609      6.123612
   1.79629      6.146177      6.146176
   1.79629      6.146173      6.146180
   1.73496      6.118517      6.118519
   1.67364      6.055438      6.055439
   1.61231      6.206794      6.206769
   1.55098      6.331030      6.331035
   1.48965      6.393763      6.393734
   1.42832      6.401493      6.401491
   1.36700      6.369121      6.369119
   1.30567      6.314178      6.314176
   1.30567      6.314178      6.314176
   1.24745      6.294692      6.294690
   1.18923      6.250444      6.250442
   1.13102      6.188162      6.188161
   1.07280      6.093837      6.093836
   1.01458      5.961272      5.961271
   0.95636      5.816107      5.816107
   0.89815      5.740918      5.740918
   0.89815      5.740918      5.740918
   0.83682      5.777700      5.777699
   0.77549      5.859076      5.859076
   0.71416      5.934773      5.934772
   0.65283      5.964548      5.964546
   0.59151      5.929498      5.929496
   0.53018      5.850819      5.850817
   0.46885      5.823133      5.823132
   0.40752      5.863982      5.863902
   0.40752      5.863960      5.863902
   0.34931      5.929196      5.929078
   0.29109      5.997534      5.997529
   0.23287      6.071570      6.071571
   0.17465      6.125107      6.125109
   0.11644      6.143901      6.143904
   0.05822      6.146543      6.146546
   0.00000      6.146173      6.146178
 
# Band-Index   81
   0.00000      6.649640      6.649641
   0.05822      6.611823      6.611824
   0.11644      6.518165      6.518166
   0.17465      6.413647      6.413647
   0.23287      6.337626      6.337624
   0.29109      6.291131      6.291129
   0.34931      6.300852      6.300860
   0.40752      6.334390      6.334389
   0.40752      6.334390      6.334389
   0.46885      6.375672      6.375670
   0.53018      6.478072      6.478066
   0.59151      6.616649      6.616647
   0.65283      6.775778      6.775776
   0.71416      6.945264      6.945263
   0.77549      7.119819      7.119817
   0.83682      7.290579      7.290583
   0.89815      7.407599      7.407585
   0.89815      7.407618      7.407583
   0.95636      7.400329      7.400325
   1.01458      7.390969      7.391084
   1.07280      7.388026      7.388080
   1.13102      7.369875      7.369911
   1.18923      7.311630      7.311625
   1.24745      7.239954      7.239951
   1.30567      7.206545      7.206535
   1.30567      7.206556      7.206535
   1.36700      7.040096      7.040092
   1.42832      6.934636      6.934634
   1.48965      6.891004      6.891000
   1.55098      6.872005      6.871970
   1.61231      6.817375      6.817350
   1.67364      6.725161      6.725154
   1.73496      6.665060      6.665061
   1.79629      6.649640      6.649641
   1.79629      6.649640      6.649641
   1.85097      6.633932      6.633932
   1.90566      6.631047      6.631047
   1.96034      6.637062      6.637059
   2.01502      6.649439      6.649438
   2.06971      6.605307      6.605297
   2.12439      6.557696      6.557678
   2.17907      6.473970      6.473968
   2.23375      6.326544      6.326541
   2.28844      6.185208      6.185192
   2.34312      6.102848      6.102846
   2.39780      6.105409      6.105408
   2.45249      6.187297      6.187296
   2.50717      6.322735      6.322734
   2.50717      6.322735      6.322734
   2.56539      6.276652      6.276651
   2.62360      6.179697      6.179695
   2.68182      6.099832      6.099830
   2.74004      6.087926      6.087924
   2.79826      6.165808      6.165806
   2.85647      6.312547      6.312545
   2.91469      6.430169      6.430167
   2.91469      6.430169      6.430167
   2.96937      6.426658      6.426654
   3.02406      6.427109      6.427106
   3.07874      6.435874      6.435872
   3.13342      6.444273      6.444270
   3.18811      6.441305      6.441302
   3.24279      6.417506      6.417504
   3.29747      6.371771      6.371769
   3.35215      6.318113      6.318111
   3.40684      6.277092      6.277090
   3.46152      6.261905      6.261903
   3.51620      6.277851      6.277850
   3.57089      6.314192      6.314191
   3.62557      6.334390      6.334389
   3.62557      6.334390      6.334389
   3.68279      6.315822      6.315821
   3.74000      6.272613      6.272607
   3.79722      6.227015      6.227013
   3.85443      6.190791      6.190790
   3.91165      6.164639      6.164639
   3.96887      6.146648      6.146648
   4.02608      6.134860      6.134862
   4.08330      6.127039      6.127041
   4.14052      6.124015      6.124016
   4.14052      6.124015      6.124017
   4.19873      5.982255      5.982255
   4.25695      5.813525      5.813524
   4.31517      5.922846      5.922843
   4.37339      6.070232      6.070229
   4.43160      6.027832      6.027832
   4.48982      5.966725      5.966725
   4.54804      5.922848      5.922849
   4.54804      5.922848      5.922849
   4.60526      5.966289      5.966289
   4.66247      6.040940      6.040940
   4.71969      6.102629      6.102629
   4.77691      6.167566      6.167565
   4.83412      6.280224      6.280223
   4.89134      6.408120      6.408119
   4.94856      6.518691      6.518690
   5.00577      6.601151      6.601151
   5.06299      6.649640      6.649641
 
# Band-Index   82
   5.06299      6.649890      6.649888
   5.00577      6.660730      6.660730
   4.94856      6.630794      6.630794
   4.89134      6.562973      6.562973
   4.83412      6.473099      6.473099
   4.77691      6.380946      6.380946
   4.71969      6.300125      6.300124
   4.66247      6.239241      6.239239
   4.60526      6.202386      6.202385
   4.54804      6.190060      6.190058
   4.54804      6.190060      6.190058
   4.48982      6.179866      6.179864
   4.43160      6.147668      6.147667
   4.37339      6.075462      6.075461
   4.31517      6.107210      6.107209
   4.25695      6.134810      6.134808
   4.19873      6.192940      6.192938
   4.14052      6.124189      6.124191
   4.14052      6.124192      6.124192
   4.08330      6.127269      6.127271
   4.02608      6.135146      6.135148
   3.96887      6.146834      6.146834
   3.91165      6.164896      6.164896
   3.85443      6.191448      6.191447
   3.79722      6.227846      6.227844
   3.74000      6.273507      6.273502
   3.68279      6.316752      6.316752
   3.62557      6.335338      6.335336
   3.62557      6.335338      6.335336
   3.57089      6.315011      6.314987
   3.51620      6.278277      6.278275
   3.46152      6.262212      6.262210
   3.40684      6.277919      6.277917
   3.35215      6.319377      6.319375
   3.29747      6.373137      6.373135
   3.24279      6.418686      6.418685
   3.18811      6.442227      6.442227
   3.13342      6.445052      6.445052
   3.07874      6.436656      6.436656
   3.02406      6.427976      6.427975
   2.96937      6.427669      6.427668
   2.91469      6.431319      6.431318
   2.91469      6.431319      6.431318
   2.85647      6.312941      6.312939
   2.79826      6.166280      6.166278
   2.74004      6.088424      6.088422
   2.68182      6.100611      6.100610
   2.62360      6.180649      6.180648
   2.56539      6.277499      6.277499
   2.50717      6.323460      6.323459
   2.50717      6.323460      6.323459
   2.45249      6.482840      6.482837
   2.39780      6.627279      6.627279
   2.34312      6.685001      6.685000
   2.28844      6.572363      6.572361
   2.23375      6.436711      6.436707
   2.17907      6.477480      6.477478
   2.12439      6.585978      6.585977
   2.06971      6.645785      6.645784
   2.01502      6.747168      6.747166
   1.96034      6.745160      6.745159
   1.90566      6.717030      6.717030
   1.85097      6.680968      6.680967
   1.79629      6.649890      6.649888
   1.79629      6.649890      6.649888
   1.73496      6.703127      6.703126
   1.67364      6.825323      6.825322
   1.61231      6.969847      6.969939
   1.55098      7.136256      7.136260
   1.48965      7.309826      7.309808
   1.42832      7.450983      7.451365
   1.36700      7.407290      7.407287
   1.30567      7.207085      7.206903
   1.30567      7.206906      7.206903
   1.24745      7.240303      7.240220
   1.18923      7.311707      7.311709
   1.13102      7.370011      7.370138
   1.07280      7.388498      7.388588
   1.01458      7.391805      7.392002
   0.95636      7.401267      7.401244
   0.89815      7.408867      7.408634
   0.89815      7.408635      7.408866
   0.83682      7.291416      7.291407
   0.77549      7.120432      7.120452
   0.71416      6.945609      6.945605
   0.65283      6.775949      6.775943
   0.59151      6.617069      6.617042
   0.53018      6.478771      6.478769
   0.46885      6.376604      6.376597
   0.40752      6.335337      6.335342
   0.40752      6.335337      6.335335
   0.34931      6.349632      6.349621
   0.29109      6.339913      6.339912
   0.23287      6.349030      6.349030
   0.17465      6.436312      6.436311
   0.11644      6.546340      6.546338
   0.05822      6.623589      6.623588
   0.00000      6.649890      6.649888
 
# Band-Index   83
   0.00000      6.964443      6.964441
   0.05822      6.972707      6.972704
   0.11644      6.997807      6.997804
   0.17465      7.041304      7.041302
   0.23287      7.097404      7.097401
   0.29109      7.083283      7.083285
   0.34931      7.012478      7.012479
   0.40752      7.012082      7.012080
   0.40752      7.012084      7.012078
   0.46885      7.056084      7.056034
   0.53018      7.167420      7.167418
   0.59151      7.310835      7.310915
   0.65283      7.460178      7.460188
   0.71416      7.592733      7.592788
   0.77549      7.650697      7.650966
   0.83682      7.599232      7.599267
   0.89815      7.516899      7.516905
   0.89815      7.516902      7.516896
   0.95636      7.525324      7.525323
   1.01458      7.536254      7.536191
   1.07280      7.533219      7.532891
   1.13102      7.525553      7.525465
   1.18923      7.534069      7.533522
   1.24745      7.547035      7.547112
   1.30567      7.552969      7.553046
   1.30567      7.553369      7.552934
   1.36700      7.531275      7.531305
   1.42832      7.501199      7.501116
   1.48965      7.432296      7.431418
   1.55098      7.312869      7.312868
   1.61231      7.174175      7.174149
   1.67364      7.059205      7.059193
   1.73496      6.988121      6.988118
   1.79629      6.964443      6.964441
   1.79629      6.964444      6.964441
   1.85097      6.961160      6.961157
   1.90566      6.940191      6.940188
   1.96034      6.873885      6.873883
   2.01502      6.763988      6.763988
   2.06971      6.790151      6.790150
   2.12439      6.830212      6.830211
   2.17907      6.844205      6.844204
   2.23375      6.827888      6.827887
   2.28844      6.800463      6.800462
   2.34312      6.787114      6.787112
   2.39780      6.847564      6.847563
   2.45249      6.891848      6.891848
   2.50717      6.942962      6.942962
   2.50717      6.942961      6.942962
   2.56539      6.959241      6.959240
   2.62360      6.968978      6.969010
   2.68182      6.935444      6.935443
   2.74004      6.871630      6.871627
   2.79826      6.797866      6.797863
   2.85647      6.697663      6.697660
   2.91469      6.599743      6.599740
   2.91469      6.599743      6.599740
   2.96937      6.636749      6.636746
   3.02406      6.731470      6.731467
   3.07874      6.855395      6.855393
   3.13342      6.956258      6.956258
   3.18811      6.981448      6.981447
   3.24279      6.969019      6.969018
   3.29747      6.966630      6.966631
   3.35215      6.983991      6.983991
   3.40684      7.011304      7.011300
   3.46152      7.034034      7.034033
   3.51620      7.038455      7.038460
   3.57089      7.023371      7.023369
   3.62557      7.012081      7.012078
   3.62557      7.012083      7.012078
   3.68279      6.982909      6.982908
   3.74000      6.882045      6.882043
   3.79722      6.723137      6.723135
   3.85443      6.551822      6.551820
   3.91165      6.412563      6.412561
   3.96887      6.338630      6.338628
   4.02608      6.322400      6.322398
   4.08330      6.329744      6.329741
   4.14052      6.335083      6.335080
   4.14052      6.335083      6.335080
   4.19873      6.214421      6.214423
   4.25695      6.268444      6.268444
   4.31517      6.310846      6.310848
   4.37339      6.382455      6.382454
   4.43160      6.509770      6.509771
   4.48982      6.649124      6.649125
   4.54804      6.723627      6.723628
   4.54804      6.723627      6.723628
   4.60526      6.730204      6.730204
   4.66247      6.744509      6.744508
   4.71969      6.762446      6.762445
   4.77691      6.790190      6.790188
   4.83412      6.830815      6.830813
   4.89134      6.878353      6.878351
   4.94856      6.922420      6.922417
   5.00577      6.953333      6.953330
   5.06299      6.964444      6.964441
 
# Band-Index   84
   5.06299      7.424455      7.424314
   5.00577      7.423407      7.423739
   4.94856      7.363860      7.363859
   4.89134      7.258728      7.258729
   4.83412      7.143654      7.143653
   4.77691      7.033348      7.033347
   4.71969      6.939238      6.939236
   4.66247      6.894871      6.885088
   4.60526      6.854259      6.854257
   4.54804      6.846433      6.846431
   4.54804      6.846433      6.846431
   4.48982      6.806476      6.806475
   4.43160      6.742908      6.742906
   4.37339      6.706371      6.706370
   4.31517      6.709584      6.709583
   4.25695      6.751287      6.751286
   4.19873      6.550306      6.550304
   4.14052      6.335279      6.335277
   4.14052      6.335279      6.335277
   4.08330      6.330103      6.330101
   4.02608      6.323018      6.323016
   3.96887      6.339358      6.339356
   3.91165      6.413417      6.413415
   3.85443      6.552914      6.552912
   3.79722      6.724222      6.724221
   3.74000      6.883015      6.883004
   3.68279      6.984018      6.984024
   3.62557      7.013412      7.013375
   3.62557      7.013378      7.013377
   3.57089      7.024726      7.024724
   3.51620      7.039880      7.039880
   3.46152      7.035433      7.035431
   3.40684      7.012558      7.012555
   3.35215      6.984980      6.984980
   3.29747      6.967301      6.967301
   3.24279      6.969418      6.969425
   3.18811      6.981631      6.981630
   3.13342      6.956674      6.956673
   3.07874      6.856686      6.856684
   3.02406      6.733359      6.733357
   2.96937      6.638961      6.638959
   2.91469      6.602129      6.602127
   2.91469      6.602130      6.602126
   2.85647      6.698865      6.698863
   2.79826      6.798636      6.798633
   2.74004      6.872435      6.872433
   2.68182      6.936246      6.936244
   2.62360      6.969602      6.969576
   2.56539      6.959749      6.959749
   2.50717      6.943490      6.943491
   2.50717      6.943489      6.943489
   2.45249      7.015827      7.015828
   2.39780      7.109407      7.109420
   2.34312      7.220548      7.220548
   2.28844      7.324650      7.324651
   2.23375      7.166807      7.166812
   2.17907      7.021886      7.021885
   2.12439      6.969709      6.969708
   2.06971      7.049497      7.166579
   2.01502      7.163529      7.163528
   1.96034      7.269725      7.269724
   1.90566      7.365337      7.365334
   1.85097      7.411220      7.411022
   1.79629      7.424442      7.424604
   1.79629      7.424384      7.424790
   1.73496      7.425417      7.425516
   1.67364      7.432111      7.432132
   1.61231      7.471497      7.471387
   1.55098      7.571232      7.571236
   1.48965      7.669381      7.669422
   1.42832      7.606047      7.605880
   1.36700      7.545117      7.545004
   1.30567      7.560903      7.554128
   1.30567      7.554315      7.554680
   1.24745      7.549320      7.548585
   1.18923      7.534591      7.534883
   1.13102      7.526626      7.526063
   1.07280      7.533420      7.533157
   1.01458      7.536530      7.536724
   0.95636      7.525823      7.525823
   0.89815      7.517533      7.517524
   0.89815      7.517512      7.517518
   0.83682      7.599845      7.599958
   0.77549      7.651146      7.651804
   0.71416      7.592968      7.593684
   0.65283      7.460805      7.461145
   0.59151      7.311759      7.311829
   0.53018      7.168659      7.168676
   0.46885      7.057393      7.057361
   0.40752      7.013380      7.013399
   0.40752      7.013380      7.013375
   0.34931      7.085208      7.085206
   0.29109      7.223645      7.173299
   0.23287      7.226175      7.226181
   0.17465      7.264191      7.264215
   0.11644      7.319648      7.319832
   0.05822      7.388991      7.389258
   0.00000      7.424813      7.424579
 
# Band-Index   85
   0.00000      7.461126      7.461121
   0.05822      7.454503      7.454569
   0.11644      7.426024      7.426026
   0.17465      7.359685      7.359685
   0.23287      7.260428      7.260424
   0.29109      7.236334      7.236335
   0.34931      7.305055      7.305047
   0.40752      7.355336      7.355330
   0.40752      7.355333      7.355329
   0.46885      7.373270      7.373268
   0.53018      7.424858      7.424857
   0.59151      7.513154      7.513113
   0.65283      7.640940      7.641289
   0.71416      7.779415      7.780162
   0.77549      7.899867      7.899054
   0.83682      7.996977      7.996205
   0.89815      8.037184      8.036875
   0.89815      8.037529      8.037965
   0.95636      7.985373      7.985388
   1.01458      7.919170      7.919594
   1.07280      7.888016      7.888431
   1.13102      7.894625      7.894764
   1.18923      7.913167      7.912981
   1.24745      7.928034      7.928284
   1.30567      7.935999      7.935971
   1.30567      7.936163      7.935844
   1.36700      7.883985      7.884005
   1.42832      7.809681      7.810097
   1.48965      7.700090      7.700316
   1.55098      7.607772      7.608432
   1.61231      7.534926      7.534912
   1.67364      7.487220      7.487312
   1.73496      7.466047      7.466057
   1.79629      7.461123      7.464058
   1.79629      7.461126      7.461130
   1.85097      7.435661      7.435497
   1.90566      7.376206      7.376250
   1.96034      7.325494      7.325507
   2.01502      7.259429      7.259447
   2.06971      7.191647      7.191645
   2.12439      7.163641      7.163640
   2.17907      7.215594      7.215594
   2.23375      7.327547      7.327547
   2.28844      7.371627      7.350033
   2.34312      7.226623      7.226621
   2.39780      7.211018      7.211014
   2.45249      7.334374      7.334383
   2.50717      7.496066      7.496061
   2.50717      7.496064      7.496061
   2.56539      7.513860      7.513851
   2.62360      7.570736      7.570789
   2.68182      7.609474      7.609459
   2.74004      7.473878      7.473884
   2.79826      7.336571      7.336573
   2.85647      7.286212      7.286192
   2.91469      7.321832      7.321827
   2.91469      7.321833      7.321827
   2.96937      7.306347      7.306343
   3.02406      7.284722      7.284722
   3.07874      7.274509      7.274507
   3.13342      7.300967      7.300972
   3.18811      7.369681      7.369742
   3.24279      7.398657      7.398816
   3.29747      7.393240      7.393236
   3.35215      7.378076      7.378062
   3.40684      7.360826      7.360832
   3.46152      7.347289      7.347419
   3.51620      7.343615      7.343526
   3.57089      7.350138      7.350133
   3.62557      7.355361      7.355331
   3.62557      7.355333      7.355330
   3.68279      7.321651      7.321649
   3.74000      7.267460      7.267462
   3.79722      7.221219      7.221222
   3.85443      7.171189      7.171189
   3.91165      7.114404      7.114403
   3.96887      7.054752      7.054751
   4.02608      6.998283      6.998283
   4.08330      6.955239      6.955239
   4.14052      6.938735      6.938735
   4.14052      6.938735      6.938735
   4.19873      6.827947      6.827891
   4.25695      6.781837      6.781835
   4.31517      6.979414      6.979412
   4.37339      7.079668      7.079675
   4.43160      7.074535      7.074533
   4.48982      7.008360      7.008350
   4.54804      6.956096      6.956100
   4.54804      6.956094      6.956094
   4.60526      6.930895      6.930895
   4.66247      6.908765      6.908764
   4.71969      6.947158      6.947157
   4.77691      7.036230      7.036230
   4.83412      7.173024      7.173020
   4.89134      7.314042      7.314052
   4.94856      7.400025      7.400076
   5.00577      7.436186      7.436231
   5.06299      7.461155      7.461121
 
# Band-Index   86
   5.06299      7.982412      7.982213
   5.00577      7.950331      7.950947
   4.94856      7.866330      7.866222
   4.89134      7.781081      7.781221
   4.83412      7.733454      7.733516
   4.77691      7.690188      7.690294
   4.71969      7.574916      7.574898
   4.66247      7.426738      7.426737
   4.60526      7.292572      7.292571
   4.54804      7.229516      7.229511
   4.54804      7.229512      7.229511
   4.48982      7.302309      7.302313
   4.43160      7.462885      7.462884
   4.37339      7.458796      7.458567
   4.31517      7.340549      7.340486
   4.25695      7.230416      7.230295
   4.19873      7.080947      7.080911
   4.14052      6.939200      6.939211
   4.14052      6.939200      6.939199
   4.08330      6.955632      6.955631
   4.02608      6.998559      6.998558
   3.96887      7.054998      7.054998
   3.91165      7.114715      7.114715
   3.85443      7.171600      7.171599
   3.79722      7.221723      7.221726
   3.74000      7.267952      7.267951
   3.68279      7.321918      7.321929
   3.62557      7.355474      7.355472
   3.62557      7.355626      7.355472
   3.57089      7.350284      7.350270
   3.51620      7.343756      7.343654
   3.46152      7.347602      7.347574
   3.40684      7.360993      7.360964
   3.35215      7.378105      7.378124
   3.29747      7.393598      7.393847
   3.24279      7.399146      7.399248
   3.18811      7.370721      7.370856
   3.13342      7.302414      7.302411
   3.07874      7.275279      7.275276
   3.02406      7.284788      7.284784
   2.96937      7.306824      7.306819
   2.91469      7.322625      7.322625
   2.91469      7.322628      7.322625
   2.85647      7.286669      7.286680
   2.79826      7.336981      7.337032
   2.74004      7.474277      7.474283
   2.68182      7.609743      7.609745
   2.62360      7.570949      7.575025
   2.56539      7.514152      7.514164
   2.50717      7.496314      7.496308
   2.50717      7.496311      7.496308
   2.45249      7.606643      7.606642
   2.39780      7.587091      7.587093
   2.34312      7.477423      7.477423
   2.28844      7.373541      7.373539
   2.23375      7.479947      7.479946
   2.17907      7.619082      7.619080
   2.12439      7.760514      7.760480
   2.06971      7.901048      7.901047
   2.01502      7.905132      7.905358
   1.96034      7.913409      7.912831
   1.90566      7.940954      7.940891
   1.85097      7.969360      7.968890
   1.79629      7.983244      7.982252
   1.79629      7.982384      7.983971
   1.73496      7.972053      7.971887
   1.67364      8.012734      8.011544
   1.61231      8.105782      8.106941
   1.55098      8.077055      8.076244
   1.48965      8.001496      7.999701
   1.42832      7.958013      7.957700
   1.36700      7.961399      7.960711
   1.30567      7.939627      7.936525
   1.30567      7.938257      7.937043
   1.24745      7.929335      7.936233
   1.18923      7.914845      7.914881
   1.13102      7.896465      7.896603
   1.07280      7.889518      7.891959
   1.01458      7.919728      7.933825
   0.95636      7.987607      7.986881
   0.89815      8.040928      8.040683
   0.89815      8.042138      8.042248
   0.83682      7.998948      8.000449
   0.77549      7.903711      7.907230
   0.71416      7.780518      7.781758
   0.65283      7.641672      7.641622
   0.59151      7.513682      7.513670
   0.53018      7.425008      7.425043
   0.46885      7.373431      7.373422
   0.40752      7.355475      7.355514
   0.40752      7.355475      7.355482
   0.34931      7.382755      7.382754
   0.29109      7.429852      7.429986
   0.23287      7.537809      7.537807
   0.17465      7.680374      7.680162
   0.11644      7.814756      7.814490
   0.05822      7.922543      7.924082
   0.00000      7.982551      7.982953
 
# Band-Index   87
   0.00000      8.017337      8.014655
   0.05822      7.997552      7.997848
   0.11644      7.913183      7.913456
   0.17465      7.820943      7.820995
   0.23287      7.756154      7.756239
   0.29109      7.733240      7.733435
   0.34931      7.762283      7.761870
   0.40752      7.852128      7.852053
   0.40752      7.852168      7.852065
   0.46885      7.876205      7.875990
   0.53018      7.941981      7.941920
   0.59151      8.019515      8.021311
   0.65283      8.059680      8.057871
   0.71416      8.071607      8.075118
   0.77549      8.108269      8.106552
   0.83682      8.149723      8.155520
   0.89815      8.164868      8.166583
   0.89815      8.166752      8.165395
   0.95636      8.204900      8.205055
   1.01458      8.234263      8.238669
   1.07280      8.217094      8.217547
   1.13102      8.181194      8.181596
   1.18923      8.156130      8.154980
   1.24745      8.137723      8.133692
   1.30567      8.119579      8.119454
   1.30567      8.119616      8.119481
   1.36700      8.060209      8.061856
   1.42832      8.024809      8.026154
   1.48965      8.054760      8.055719
   1.55098      8.126941      8.126640
   1.61231      8.111479      8.110775
   1.67364      8.079679      8.209255
   1.73496      8.033733      8.096145
   1.79629      8.014661      8.014679
   1.79629      8.035060      8.034056
   1.85097      8.032052      8.066891
   1.90566      8.074868      8.074866
   1.96034      8.112887      8.112897
   2.01502      8.034452      8.035050
   2.06971      7.910707      7.910483
   2.12439      7.883974      7.883714
   2.17907      7.776517      7.776516
   2.23375      7.574028      7.574027
   2.28844      7.463648      7.463647
   2.34312      7.606295      7.606288
   2.39780      7.750906      7.750893
   2.45249      7.891137      7.885552
   2.50717      7.976132      7.976015
   2.50717      7.976013      7.976133
   2.56539      7.933506      7.933547
   2.62360      7.822126      7.822341
   2.68182      7.721941      7.721984
   2.74004      7.759470      7.759334
   2.79826      7.681562      7.681565
   2.85647      7.530936      7.530931
   2.91469      7.423428      7.423428
   2.91469      7.423466      7.423426
   2.96937      7.456359      7.456360
   3.02406      7.520086      7.520191
   3.07874      7.564135      7.564136
   3.13342      7.566539      7.567291
   3.18811      7.598282      7.598203
   3.24279      7.725994      7.726095
   3.29747      7.893504      7.893345
   3.35215      8.040097      8.040297
   3.40684      8.121809      8.122860
   3.46152      8.097473      8.097432
   3.51620      7.988713      7.988697
   3.57089      7.889468      7.889578
   3.62557      7.851991      7.852045
   3.62557      7.852263      7.851904
   3.68279      7.889424      7.889374
   3.74000      7.964553      7.963277
   3.79722      8.007916      8.007687
   3.85443      7.935473      7.935464
   3.91165      7.782798      7.782765
   3.96887      7.623571      7.623579
   4.02608      7.494652      7.494636
   4.08330      7.413660      7.413982
   4.14052      7.386500      7.386495
   4.14052      7.386600      7.386561
   4.19873      7.356022      7.354772
   4.25695      7.362205      7.361840
   4.31517      7.449276      7.449231
   4.37339      7.578722      7.578714
   4.43160      7.589402      7.589401
   4.48982      7.674629      7.674629
   4.54804      7.700851      7.700846
   4.54804      7.700848      7.700849
   4.60526      7.718256      7.718251
   4.66247      7.763593      7.763609
   4.71969      7.752642      7.752599
   4.77691      7.779385      7.779643
   4.83412      7.872451      7.872354
   4.89134      7.960512      7.962694
   4.94856      8.013199      8.013550
   5.00577      8.013954      8.013949
   5.06299      8.101660      8.014655
 
# Band-Index   88
   5.06299      8.298825      8.033972
   5.00577      8.032439      8.035379
   4.94856      8.020360      8.020398
   4.89134      8.266478      8.040561
   4.83412      8.031564      8.103461
   4.77691      7.985320      7.943508
   4.71969      7.846642      7.846641
   4.66247      7.768631      7.922025
   4.60526      7.793177      7.793435
   4.54804      7.827217      7.827701
   4.54804      7.827293      7.827607
   4.48982      7.792867      7.792768
   4.43160      7.700467      7.700562
   4.37339      7.647011      7.646727
   4.31517      7.606611      7.606751
   4.25695      7.518459      7.518487
   4.19873      7.442820      7.442819
   4.14052      7.387348      7.386816
   4.14052      7.386665      7.386657
   4.08330      7.414210      7.414219
   4.02608      7.495373      7.495523
   3.96887      7.624378      7.624373
   3.91165      7.783581      7.783478
   3.85443      7.936104      7.937697
   3.79722      8.008608      8.008489
   3.74000      7.965059      7.964017
   3.68279      7.890649      7.890476
   3.62557      7.853677      7.853608
   3.62557      7.854618      7.854820
   3.57089      7.891358      7.891153
   3.51620      7.990943      7.990882
   3.46152      8.101602      8.099605
   3.40684      8.122340      8.175872
   3.35215      8.041964      8.041874
   3.29747      7.894338      7.895537
   3.24279      7.727933      7.727470
   3.18811      7.599746      7.599662
   3.13342      7.567413      7.567662
   3.07874      7.564705      7.564706
   3.02406      7.520570      7.520755
   2.96937      7.456788      7.456786
   2.91469      7.423782      7.423657
   2.91469      7.423656      7.423658
   2.85647      7.531949      7.531494
   2.79826      7.682580      7.682353
   2.74004      7.760639      7.759923
   2.68182      7.722112      7.722042
   2.62360      7.822630      7.824799
   2.56539      7.934466      7.935418
   2.50717      7.976816      7.976816
   2.50717      8.059347      8.059258
   2.45249      7.998578      7.998911
   2.39780      8.060072      8.060069
   2.34312      7.958179      7.958175
   2.28844      7.892781      7.892763
   2.23375      7.871089      7.871090
   2.17907      7.905577      8.076661
   2.12439      8.040054      8.040049
   2.06971      8.132190      8.130603
   2.01502      8.165087      8.165223
   1.96034      8.184815      8.183156
   1.90566      8.136818      8.136573
   1.85097      8.067240      8.291770
   1.79629      8.292776      8.249262
   1.79629      8.034475      8.034521
   1.73496      8.097235      8.273296
   1.67364      8.209330      8.227731
   1.61231      8.201926      8.199093
   1.55098      8.206529      8.216680
   1.48965      8.212674      8.210640
   1.42832      8.200354      8.198950
   1.36700      8.171424      8.172375
   1.30567      8.127107      8.123318
   1.30567      8.127477      8.119701
   1.24745      8.142577      8.154094
   1.18923      8.158666      8.156999
   1.13102      8.191153      8.194095
   1.07280      8.218384      8.221293
   1.01458      8.238504      8.259036
   0.95636      8.210025      8.217871
   0.89815      8.168389      8.192385
   0.89815      8.166856      8.168437
   0.83682      8.152454      8.167828
   0.77549      8.136645      8.120701
   0.71416      8.075830      8.084023
   0.65283      8.066157      8.060158
   0.59151      8.022472      8.025437
   0.53018      7.943569      7.942913
   0.46885      7.878775      7.877796
   0.40752      7.853342      7.853353
   0.40752      7.853590      7.854029
   0.34931      7.989199      7.990690
   0.29109      8.132156      8.137046
   0.23287      8.122838      8.123471
   0.17465      8.103396      8.103231
   0.11644      8.090865      8.086170
   0.05822      8.051945      8.051942
   0.00000      8.034026      8.033985
 
# Band-Index   89
   0.00000      8.293413      8.292551
   0.05822      8.321953      8.324623
   0.11644      8.357623      8.356866
   0.17465      8.346833      8.346920
   0.23287      8.256613      8.257669
   0.29109      8.166533      8.166273
   0.34931      8.200375      8.200787
   0.40752      8.224570      8.223956
   0.40752      8.225405      8.224106
   0.46885      8.225064      8.225426
   0.53018      8.231475      8.231518
   0.59151      8.261219      8.260754
   0.65283      8.343370      8.342926
   0.71416      8.462833      8.458538
   0.77549      8.546819      8.549049
   0.83682      8.570698      8.574012
   0.89815      8.577626      8.575140
   0.89815      8.576729      8.579358
   0.95636      8.567142      8.569405
   1.01458      8.546885      8.544712
   1.07280      8.518891      8.521123
   1.13102      8.503820      8.503942
   1.18923      8.518079      8.515949
   1.24745      8.570268      8.571313
   1.30567      8.613743      8.611426
   1.30567      8.612760      8.611559
   1.36700      8.527789      8.522964
   1.42832      8.435489      8.444275
   1.48965      8.388301      8.382445
   1.55098      8.267502      8.262721
   1.61231      8.238293      8.233115
   1.67364      8.228877      8.350056
   1.73496      8.272751      8.403203
   1.79629      8.292526      8.292525
   1.79629      8.392917      8.293337
   1.85097      8.295022      8.391907
   1.90566      8.270662      8.270630
   1.96034      8.200747      8.199219
   2.01502      8.218823      8.217537
   2.06971      8.282245      8.278790
   2.12439      8.336204      8.334574
   2.17907      8.336505      8.336921
   2.23375      8.305662      8.306347
   2.28844      8.366196      8.361451
   2.34312      8.204704      8.202727
   2.39780      8.100379      8.098859
   2.45249      8.083034      8.082554
   2.50717      8.060186      8.059944
   2.50717      8.059336      8.059286
   2.56539      8.061124      8.053299
   2.62360      8.034067      8.035003
   2.68182      7.986585      7.988096
   2.74004      7.932106      7.932077
   2.79826      7.971890      7.971977
   2.85647      8.043993      8.044370
   2.91469      8.078112      8.077760
   2.91469      8.079508      8.077710
   2.96937      8.024599      8.024351
   3.02406      7.936329      7.936209
   3.07874      7.903391      7.903223
   3.13342      7.968476      7.969341
   3.18811      8.087518      8.088118
   3.24279      8.211174      8.211656
   3.29747      8.309793      8.310098
   3.35215      8.366005      8.369361
   3.40684      8.370367      8.370514
   3.46152      8.312829      8.311098
   3.51620      8.265013      8.265625
   3.57089      8.236160      8.236857
   3.62557      8.224716      8.224149
   3.62557      8.223815      8.223924
   3.68279      8.231769      8.232108
   3.74000      8.241046      8.241585
   3.79722      8.240417      8.241959
   3.85443      8.297478      8.297437
   3.91165      8.398937      8.398949
   3.96887      8.437242      8.434351
   4.02608      8.351424      8.351354
   4.08330      8.288325      8.332609
   4.14052      8.266250      8.265950
   4.14052      8.272764      8.269911
   4.19873      8.191224      8.191882
   4.25695      8.062259      8.062286
   4.31517      7.865652      7.865662
   4.37339      7.714019      7.714019
   4.43160      7.786990      7.786967
   4.48982      7.845649      7.845888
   4.54804      7.867441      7.867379
   4.54804      7.867306      7.867338
   4.60526      7.928028      7.927986
   4.66247      8.037216      8.036947
   4.71969      8.137434      8.135864
   4.77691      8.148803      8.148956
   4.83412      8.155470      8.152114
   4.89134      8.298288      8.218412
   4.94856      8.277434      8.275920
   5.00577      8.285130      8.285044
   5.06299      8.399550      8.292668
 
# Band-Index   90
   5.06299      8.458985      8.424128
   5.00577      8.375492      8.375002
   4.94856      8.315006      8.317404
   4.89134      8.350133      8.297893
   4.83412      8.297230      8.294951
   4.77691      8.287903      8.287899
   4.71969      8.184298      8.186372
   4.66247      8.118670      8.118714
   4.60526      8.107573      8.107219
   4.54804      8.103966      8.104306
   4.54804      8.107501      8.103393
   4.48982      8.144948      8.145480
   4.43160      8.202148      8.201915
   4.37339      8.177940      8.177941
   4.31517      8.154546      8.153672
   4.25695      8.152209      8.155022
   4.19873      8.235574      8.235440
   4.14052      8.340267      8.272307
   4.14052      8.268121      8.266785
   4.08330      8.290897      8.504874
   4.02608      8.354199      8.357399
   3.96887      8.439843      8.435467
   3.91165      8.400299      8.411048
   3.85443      8.298224      8.297912
   3.79722      8.241361      8.263560
   3.74000      8.244462      8.245442
   3.68279      8.234144      8.234149
   3.62557      8.226561      8.227043
   3.62557      8.228345      8.228529
   3.57089      8.240556      8.246849
   3.51620      8.284879      8.267922
   3.46152      8.317481      8.315647
   3.40684      8.374034      8.384679
   3.35215      8.366734      8.375933
   3.29747      8.311312      8.312778
   3.24279      8.212217      8.214430
   3.18811      8.089100      8.092108
   3.13342      7.969208      7.970967
   3.07874      7.904381      7.903675
   3.02406      7.937159      7.937010
   2.96937      8.024610      8.026376
   2.91469      8.329380      8.078332
   2.91469      8.082891      8.330638
   2.85647      8.047391      8.045564
   2.79826      7.972072      7.972935
   2.74004      7.933465      7.933058
   2.68182      7.987844      8.083840
   2.62360      8.035282      8.042051
   2.56539      8.187016      8.055745
   2.50717      8.061294      8.060190
   2.50717      8.168906      8.374766
   2.45249      8.139023      8.134794
   2.39780      8.223755      8.151453
   2.34312      8.245414      8.244655
   2.28844      8.390136      8.388093
   2.23375      8.396691      8.399849
   2.17907      8.386050      8.386972
   2.12439      8.348552      8.342577
   2.06971      8.361814      8.360940
   2.01502      8.347390      8.351133
   1.96034      8.319890      8.318806
   1.90566      8.339159      8.338723
   1.85097      8.391595      8.419284
   1.79629      8.426430      8.426703
   1.79629      8.425640      8.425733
   1.73496      8.405103      8.422907
   1.67364      8.349885      8.437299
   1.61231      8.383985      8.387039
   1.55098      8.396818      8.388791
   1.48965      8.426637      8.424710
   1.42832      8.631443      8.558848
   1.36700      8.622918      8.613626
   1.30567      8.653035      8.619905
   1.30567      8.630560      8.612797
   1.24745      8.596929      8.580286
   1.18923      8.520278      8.540909
   1.13102      8.527761      8.535436
   1.07280      8.532330      8.525269
   1.01458      8.562772      8.585146
   0.95636      8.572739      8.573550
   0.89815      8.582450      8.587341
   0.89815      8.591859      8.598813
   0.83682      8.585102      8.592707
   0.77549      8.562444      8.561374
   0.71416      8.477897      8.468138
   0.65283      8.352820      8.343602
   0.59151      8.274484      8.262851
   0.53018      8.237379      8.235713
   0.46885      8.229402      8.233632
   0.40752      8.235074      8.226511
   0.40752      8.227938      8.226709
   0.34931      8.248031      8.250949
   0.29109      8.285814      8.286263
   0.23287      8.333836      8.334999
   0.17465      8.365906      8.372941
   0.11644      8.417494      8.413276
   0.05822      8.447165      8.447475
   0.00000      8.424202      8.423404
 
# Band-Index   91
   0.00000      8.452042      8.452096
   0.05822      8.479718      8.452434
   0.11644      8.542111      8.535891
   0.17465      8.656278      8.661899
   0.23287      8.648373      8.660576
   0.29109      8.625566      8.655406
   0.34931      8.618937      8.624097
   0.40752      8.653537      8.654279
   0.40752      8.653493      8.653669
   0.46885      8.658077      8.658410
   0.53018      8.665960      8.668300
   0.59151      8.660970      8.661139
   0.65283      8.622181      8.621943
   0.71416      8.593014      8.593905
   0.77549      8.604142      8.597402
   0.83682      8.643415      8.655940
   0.89815      8.721306      8.656950
   0.89815      8.677174      8.655727
   0.95636      8.678840      8.658905
   1.01458      8.675686      8.689585
   1.07280      8.711462      8.715956
   1.13102      8.728014      8.729027
   1.18923      8.705331      8.701461
   1.24745      8.677502      8.682271
   1.30567      8.672120      8.662956
   1.30567      8.665394      8.675537
   1.36700      8.677273      8.673072
   1.42832      8.686197      8.588423
   1.48965      8.509401      8.513207
   1.55098      8.518721      8.521032
   1.61231      8.414126      8.410880
   1.67364      8.403855      8.609277
   1.73496      8.427550      8.463076
   1.79629      8.447334      8.458489
   1.79629      8.473416      8.443499
   1.85097      8.497302      8.528970
   1.90566      8.403396      8.405104
   1.96034      8.462450      8.457155
   2.01502      8.556856      8.565034
   2.06971      8.450121      8.455825
   2.12439      8.392898      8.492775
   2.17907      8.442247      8.443243
   2.23375      8.497171      8.491907
   2.28844      8.564113      8.479662
   2.34312      8.308817      8.305876
   2.39780      8.368408      8.223757
   2.45249      8.209568      8.205115
   2.50717      8.374930      8.380875
   2.50717      8.431456      8.374858
   2.56539      8.392800      8.393129
   2.62360      8.428514      8.428621
   2.68182      8.457385      8.456865
   2.74004      8.456563      8.455375
   2.79826      8.413916      8.415843
   2.85647      8.357124      8.357826
   2.91469      8.329157      8.333299
   2.91469      8.332922      8.327933
   2.96937      8.372630      8.372244
   3.02406      8.455928      8.455282
   3.07874      8.559739      8.561253
   3.13342      8.687985      8.687880
   3.18811      8.829452      8.832093
   3.24279      8.890610      8.881463
   3.29747      8.855991      8.856736
   3.35215      8.746661      8.749136
   3.40684      8.641633      8.638782
   3.46152      8.630836      8.624031
   3.51620      8.646562      8.658006
   3.57089      8.654188      8.674287
   3.62557      8.658407      8.653489
   3.62557      8.653469      8.653862
   3.68279      8.657093      8.657033
   3.74000      8.665549      8.665653
   3.79722      8.677111      8.676975
   3.85443      8.677327      8.677222
   3.91165      8.645099      8.643999
   3.96887      8.576132      8.572739
   4.02608      8.547909      8.547538
   4.08330      8.503973      8.518425
   4.14052      8.486226      8.487830
   4.14052      8.485583      8.487035
   4.19873      8.506899      8.498685
   4.25695      8.614720      8.614017
   4.31517      8.593204      8.590973
   4.37339      8.548404      8.548446
   4.43160      8.330987      8.330982
   4.48982      8.310559      8.273971
   4.54804      8.400894      8.424196
   4.54804      8.569126      8.281383
   4.60526      8.283315      8.459237
   4.66247      8.288600      8.289955
   4.71969      8.418640      8.297683
   4.77691      8.384819      8.383761
   4.83412      8.386606      8.371001
   4.89134      8.504887      8.351646
   4.94856      8.384325      8.365598
   5.00577      8.449591      8.435533
   5.06299      8.466908      8.438607
 
# Band-Index   92
   5.06299      8.610822      8.595849
   5.00577      8.578624      8.628659
   4.94856      8.536761      8.528201
   4.89134      8.601636      8.505072
   4.83412      8.533714      8.533669
   4.77691      8.393903      8.574079
   4.71969      8.648941      8.417913
   4.66247      8.469443      8.470014
   4.60526      8.516888      8.515171
   4.54804      8.659197      8.535561
   4.54804      8.535682      8.536017
   4.48982      8.539010      8.539269
   4.43160      8.549375      8.548467
   4.37339      8.564339      8.567109
   4.31517      8.918864      8.777487
   4.25695      8.763591      8.760910
   4.19873      8.639631      8.635378
   4.14052      8.493302      8.491801
   4.14052      8.490380      8.489933
   4.08330      8.508924      8.716761
   4.02608      8.557388      8.552342
   3.96887      8.577797      8.573259
   3.91165      8.653377      8.658052
   3.85443      8.685320      8.678762
   3.79722      8.683722      8.717627
   3.74000      8.678326      8.674727
   3.68279      8.675126      8.693306
   3.62557      8.655390      8.655852
   3.62557      8.685967      8.667199
   3.57089      8.659459      8.737333
   3.51620      8.685622      8.703405
   3.46152      8.694504      8.669760
   3.40684      8.674595      8.666434
   3.35215      8.766057      8.756599
   3.29747      8.888015      8.872057
   3.24279      8.895892      8.903377
   3.18811      8.844045      8.850366
   3.13342      8.704932      8.714266
   3.07874      8.564155      8.563684
   3.02406      8.457526      8.467090
   2.96937      8.373673      8.375753
   2.91469      8.399062      8.334888
   2.91469      8.336633      8.709000
   2.85647      8.373102      8.367847
   2.79826      8.422474      8.430665
   2.74004      8.460074      8.465287
   2.68182      8.463513      8.463786
   2.62360      8.431264      8.531650
   2.56539      8.393050      8.398370
   2.50717      8.458642      8.375747
   2.50717      8.391539      8.622452
   2.45249      8.578089      8.553244
   2.39780      8.711123      8.719285
   2.34312      8.701599      8.696408
   2.28844      8.627670      8.626549
   2.23375      8.549204      8.542026
   2.17907      8.568101      8.591597
   2.12439      8.626249      8.607413
   2.06971      8.635932      8.653869
   2.01502      8.616117      8.678646
   1.96034      8.671638      8.650957
   1.90566      8.633399      8.634582
   1.85097      8.624254      8.612089
   1.79629      8.596078      8.605854
   1.79629      8.607970      8.603285
   1.73496      8.599034      8.599073
   1.67364      8.619346      8.749744
   1.61231      8.613175      8.623798
   1.55098      8.594131      8.606335
   1.48965      8.659755      8.656912
   1.42832      8.795066      8.683285
   1.36700      8.771865      8.730619
   1.30567      8.752014      8.702554
   1.30567      8.754408      8.688251
   1.24745      8.700969      8.753212
   1.18923      8.732328      8.714615
   1.13102      8.752751      8.749907
   1.07280      8.759267      8.776586
   1.01458      8.729316      8.790975
   0.95636      8.751684      8.774812
   0.89815      8.726810      8.809326
   0.89815      8.754857      8.695226
   0.83682      8.702664      8.705598
   0.77549      8.737244      8.636588
   0.71416      8.603741      8.607646
   0.65283      8.656675      8.679480
   0.59151      8.692516      8.694481
   0.53018      8.686086      8.674491
   0.46885      8.672351      8.658692
   0.40752      8.667496      8.658758
   0.40752      8.664568      8.671858
   0.34931      8.714656      8.722951
   0.29109      8.751639      8.750481
   0.23287      8.727530      8.760664
   0.17465      8.687530      8.712309
   0.11644      8.638141      8.594253
   0.05822      8.584909      8.576723
   0.00000      8.596396      8.595413
 
# Band-Index   93
   0.00000      8.780909      8.783209
   0.05822      8.797892      8.787279
   0.11644      8.779083      8.773852
   0.17465      8.741998      8.778116
   0.23287      8.764313      8.807474
   0.29109      8.836613      8.832597
   0.34931      8.936353      8.944241
   0.40752      9.099301      9.060882
   0.40752      9.056506      9.073623
   0.46885      9.014446      9.007274
   0.53018      8.964902      8.959880
   0.59151      8.897425      8.876175
   0.65283      8.889478      8.877221
   0.71416      8.939379      8.964274
   0.77549      9.004642      8.972059
   0.83682      9.084104      9.061412
   0.89815      9.104439      9.084370
   0.89815      9.092950      9.115648
   0.95636      9.040545      9.050121
   1.01458      9.044163      9.024797
   1.07280      8.976433      8.975964
   1.13102      8.966818      8.943032
   1.18923      8.941406      8.945008
   1.24745      8.891691      8.897423
   1.30567      8.887007      8.868707
   1.30567      8.919948      8.885351
   1.36700      8.802243      8.786330
   1.42832      8.870633      8.917956
   1.48965      8.884649      8.871976
   1.55098      8.708551      8.688278
   1.61231      8.651593      8.643425
   1.67364      8.712152      8.799792
   1.73496      8.762513      8.768936
   1.79629      8.791164      8.826298
   1.79629      8.785070      8.789040
   1.85097      8.827086      8.772039
   1.90566      8.750288      8.737184
   1.96034      8.723841      8.716235
   2.01502      8.782204      8.778794
   2.06971      8.874867      8.874019
   2.12439      8.925987      8.894743
   2.17907      8.953558      8.969428
   2.23375      9.038857      9.041770
   2.28844      8.944747      8.944141
   2.34312      8.834920      8.828349
   2.39780      8.762156      8.766032
   2.45249      8.857265      8.837976
   2.50717      8.924228      8.925149
   2.50717      8.945483      8.923996
   2.56539      8.912287      8.907298
   2.62360      8.870564      8.864335
   2.68182      8.795151      8.796212
   2.74004      8.722129      8.739596
   2.79826      8.704262      8.708327
   2.85647      8.709754      8.711674
   2.91469      8.719910      8.717096
   2.91469      8.720572      8.718632
   2.96937      8.740676      8.741224
   3.02406      8.793875      8.793184
   3.07874      8.861873      8.853844
   3.13342      8.878289      8.879219
   3.18811      8.918295      8.908440
   3.24279      8.973089      8.978370
   3.29747      9.029119      9.030074
   3.35215      9.078988      9.079273
   3.40684      9.146939      9.146009
   3.46152      9.159626      9.166322
   3.51620      9.096703      9.118718
   3.57089      9.076454      9.084187
   3.62557      9.100385      9.059705
   3.62557      9.069850      9.052969
   3.68279      9.056371      9.030399
   3.74000      8.995759      8.988680
   3.79722      8.957161      8.957899
   3.85443      8.856345      8.855454
   3.91165      8.698421      8.699278
   3.96887      8.662060      8.669932
   4.02608      8.716062      8.717431
   4.08330      8.793280      8.793321
   4.14052      8.822799      8.825125
   4.14052      8.826712      8.828034
   4.19873      8.755902      8.764956
   4.25695      8.776662      8.779594
   4.31517      8.918904      8.908334
   4.37339      8.881132      8.906038
   4.43160      8.862975      8.862016
   4.48982      8.818084      8.824477
   4.54804      8.806823      8.805586
   4.54804      8.809228      8.815440
   4.60526      8.786730      8.781598
   4.66247      8.721196      8.732288
   4.71969      8.770504      8.644125
   4.77691      8.572932      8.709730
   4.83412      8.567903      8.554040
   4.89134      8.795780      8.604584
   4.94856      8.688457      8.684813
   5.00577      8.749649      8.752384
   5.06299      8.794219      8.799480
 
# Band-Index   94
   5.06299      8.905875      8.880842
   5.00577      9.022382      8.995824
   4.94856      9.060387      9.028923
   4.89134      8.866465      8.879770
   4.83412      8.658183      8.637224
   4.77691      8.668147      8.836928
   4.71969      8.878672      8.756882
   4.66247      8.897904      8.887500
   4.60526      8.938121      8.940640
   4.54804      8.950857      8.933281
   4.54804      8.936379      8.932892
   4.48982      8.900408      9.016091
   4.43160      8.902343      8.886936
   4.37339      8.961290      8.962290
   4.31517      8.980382      9.029297
   4.25695      8.946520      8.934328
   4.19873      8.902412      8.909184
   4.14052      8.842510      8.853568
   4.14052      8.839967      8.841013
   4.08330      8.802116      8.816879
   4.02608      8.759739      8.732774
   3.96887      8.676566      8.679162
   3.91165      8.716682      8.718050
   3.85443      8.868153      8.882337
   3.79722      9.043921      8.994233
   3.74000      9.058746      9.048345
   3.68279      9.083948      9.053435
   3.62557      9.113716      9.173265
   3.62557      9.189195      9.105712
   3.57089      9.092239      9.235826
   3.51620      9.127179      9.263725
   3.46152      9.207031      9.207819
   3.40684      9.229213      9.193487
   3.35215      9.222762      9.183528
   3.29747      9.097967      9.047182
   3.24279      9.064974      9.007138
   3.18811      8.969849      8.954693
   3.13342      8.910694      8.931394
   3.07874      8.896628      8.861736
   3.02406      8.807949      8.819801
   2.96937      8.760407      8.758410
   2.91469      8.789494      8.723752
   2.91469      8.721871      8.717135
   2.85647      8.743492      8.751810
   2.79826      8.715173      8.772376
   2.74004      8.741598      8.791687
   2.68182      8.828217      8.846993
   2.62360      8.957885      8.950836
   2.56539      8.934439      8.918046
   2.50717      8.989714      8.976904
   2.50717      9.099217      8.949771
   2.45249      9.133403      9.046615
   2.39780      9.247358      9.194623
   2.34312      9.294459      9.246740
   2.28844      9.160936      9.152130
   2.23375      9.061677      9.064633
   2.17907      9.181122      9.195237
   2.12439      9.088027      9.081357
   2.06971      9.119068      8.948375
   2.01502      8.857775      8.859461
   1.96034      8.980751      8.968350
   1.90566      9.014884      8.964681
   1.85097      8.949776      8.914370
   1.79629      8.929519      8.892102
   1.79629      8.929455      8.997648
   1.73496      8.933509      8.978479
   1.67364      9.008914      8.994348
   1.61231      9.118226      8.937885
   1.55098      8.975773      8.891101
   1.48965      9.012289      8.960382
   1.42832      9.114692      8.927243
   1.36700      8.938637      8.925658
   1.30567      9.003401      9.015499
   1.30567      8.951470      8.954468
   1.24745      8.934055      8.963510
   1.18923      8.961449      8.959123
   1.13102      9.112513      9.119100
   1.07280      9.006771      9.029044
   1.01458      9.097283      9.123018
   0.95636      9.177440      9.243037
   0.89815      9.178069      9.183085
   0.89815      9.184529      9.234758
   0.83682      9.212988      9.189790
   0.77549      9.186590      9.128737
   0.71416      8.980489      9.066131
   0.65283      9.138930      9.143885
   0.59151      9.116927      8.994802
   0.53018      9.051135      9.147366
   0.46885      9.160085      9.089271
   0.40752      9.303802      9.201523
   0.40752      9.202402      9.167810
   0.34931      9.165701      9.283915
   0.29109      9.155237      9.209637
   0.23287      9.253236      9.215492
   0.17465      9.178187      9.137310
   0.11644      9.003203      9.036962
   0.05822      8.929960      9.072782
   0.00000      8.908827      8.942358
 
# Band-Index   95
   0.00000      9.256606      9.299310
   0.05822      9.185453      9.247059
   0.11644      9.337568      9.333243
   0.17465      9.556865      9.298532
   0.23287      9.487746      9.543966
   0.29109      9.430161      9.373200
   0.34931      9.390297      9.470918
   0.40752      9.401204      9.422757
   0.40752      9.482987      9.411436
   0.46885      9.465688      9.587765
   0.53018      9.548723      9.517763
   0.59151      9.507747      9.539436
   0.65283      9.502175      9.439380
   0.71416      9.402528      9.502756
   0.77549      9.399422      9.329165
   0.83682      9.345277      9.293052
   0.89815      9.362399      9.388490
   0.89815      9.299082      9.332328
   0.95636      9.335252      9.353695
   1.01458      9.439218      9.411285
   1.07280      9.472374      9.455591
   1.13102      9.445657      9.434956
   1.18923      9.346621      9.353461
   1.24745      9.275274      9.303980
   1.30567      9.287685      9.237070
   1.30567      9.274207      9.253084
   1.36700      9.212866      9.287359
   1.42832      9.276640      9.240993
   1.48965      9.147424      9.086958
   1.55098      9.338517      9.261535
   1.61231      9.335253      9.271929
   1.67364      9.337730      9.371504
   1.73496      9.345208      9.361892
   1.79629      9.360969      9.286957
   1.79629      9.546060      9.256894
   1.85097      9.416225      9.212750
   1.90566      9.266437      9.165001
   1.96034      9.117334      9.064924
   2.01502      9.140033      9.261349
   2.06971      9.326735      9.265502
   2.12439      9.507355      9.427888
   2.17907      9.317981      9.278407
   2.23375      9.400061      9.428279
   2.28844      9.400893      9.328928
   2.34312      9.382271      9.336206
   2.39780      9.331431      9.386137
   2.45249      9.373507      9.355471
   2.50717      9.414705      9.371840
   2.50717      9.377065      9.408910
   2.56539      9.358130      9.363070
   2.62360      9.309051      9.332930
   2.68182      9.328469      9.316992
   2.74004      9.378465      9.388122
   2.79826      9.423887      9.361213
   2.85647      9.308675      9.351135
   2.91469      9.303183      9.268269
   2.91469      9.417453      9.277513
   2.96937      9.377185      9.537872
   3.02406      9.360600      9.553244
   3.07874      9.486166      9.533949
   3.13342      9.560911      9.467219
   3.18811      9.497011      9.509891
   3.24279      9.493215      9.465749
   3.29747      9.527724      9.510691
   3.35215      9.463073      9.479343
   3.40684      9.417896      9.524067
   3.46152      9.483127      9.317484
   3.51620      9.390297      9.320747
   3.57089      9.465013      9.393657
   3.62557      9.427105      9.417814
   3.62557      9.470808      9.384841
   3.68279      9.398510      9.390706
   3.74000      9.238208      9.253443
   3.79722      9.117103      9.105004
   3.85443      9.037126      9.032764
   3.91165      9.093486      9.088099
   3.96887      9.180221      9.198112
   4.02608      9.250327      9.253061
   4.08330      9.363358      9.388543
   4.14052      9.424807      9.373457
   4.14052      9.423566      9.414087
   4.19873      9.362009      9.299433
   4.25695      9.161819      9.150099
   4.31517      9.128543      9.192981
   4.37339      9.195135      9.290973
   4.43160      9.183048      9.130295
   4.48982      9.025024      9.044966
   4.54804      8.979444      8.954216
   4.54804      9.164007      8.964536
   4.60526      8.987963      9.041457
   4.66247      9.126474      9.107249
   4.71969      9.182622      9.166762
   4.77691      9.350028      9.278752
   4.83412      9.339208      9.212924
   4.89134      9.182160      9.350903
   4.94856      9.219168      9.178690
   5.00577      9.279437      9.317239
   5.06299      9.325684      9.469088
 
# Band-Index   96
   5.06299      9.846259      9.643630
   5.00577      9.749970      9.638942
   4.94856      9.663499      9.656228
   4.89134      9.601853      9.663270
   4.83412      9.745179      9.762470
   4.77691      9.622952      9.937777
   4.71969      9.669120      9.633331
   4.66247      9.621978      9.464670
   4.60526      9.296647      9.518213
   4.54804      9.432958      9.402374
   4.54804      9.426026      9.330544
   4.48982      9.296445      9.438790
   4.43160      9.410624      9.324805
   4.37339      9.430863      9.625027
   4.31517      9.336757      9.371345
   4.25695      9.364121      9.475090
   4.19873      9.631831      9.534047
   4.14052      9.668493      9.666666
   4.14052      9.749378      9.498977
   4.08330      9.428943      9.702361
   4.02608      9.307409      9.442179
   3.96887      9.416751      9.356354
   3.91165      9.113761      9.462611
   3.85443      9.092914      9.086168
   3.79722      9.214059      9.781386
   3.74000      9.308808      9.639333
   3.68279      9.536988      9.431244
   3.62557      9.753992      9.575411
   3.62557      9.753417      9.690028
   3.57089      9.757751      9.755970
   3.51620      9.580672      9.655489
   3.46152      9.733813      9.462365
   3.40684      9.523728      9.719163
   3.35215      9.603474      9.736164
   3.29747      9.614071      9.700589
   3.24279      9.613641      9.764608
   3.18811      9.682725      9.655778
   3.13342      9.669175      9.653901
   3.07874      9.560834      9.676172
   3.02406      9.552508      9.719663
   2.96937      9.732423      9.600919
   2.91469      9.684063      9.531526
   2.91469      9.674819      9.437295
   2.85647      9.596790      9.495406
   2.79826      9.550954      9.471849
   2.74004      9.404071      9.474463
   2.68182      9.396627      9.410674
   2.62360      9.407762      9.458993
   2.56539      9.415041      9.538588
   2.50717      9.454296      9.476513
   2.50717      9.538557      9.452184
   2.45249      9.572666      9.465906
   2.39780      9.504745      9.529649
   2.34312      9.648083      9.607600
   2.28844      9.677103      9.723507
   2.23375      9.653724      9.765345
   2.17907      9.544524      9.557743
   2.12439      9.686029      9.564434
   2.06971      9.709022      9.741152
   2.01502      9.768099      9.765045
   1.96034      9.630588      9.581361
   1.90566      9.874921      9.577777
   1.85097      9.699050      9.783825
   1.79629      9.656231      9.671780
   1.79629      9.726505      9.791351
   1.73496      9.638240      9.720815
   1.67364      9.515222      9.590464
   1.61231      9.563673      9.521336
   1.55098      9.607461      9.614121
   1.48965      9.466997      9.549789
   1.42832      9.509371      9.333640
   1.36700      9.384908      9.392270
   1.30567      9.452110      9.412964
   1.30567      9.462330      9.299423
   1.24745      9.343946      9.533776
   1.18923      9.411849      9.517387
   1.13102      9.478152      9.649092
   1.07280      9.577867      9.535680
   1.01458      9.561429      9.545024
   0.95636      9.488814      9.527359
   0.89815      9.533625      9.736348
   0.89815      9.432627      9.513676
   0.83682      9.463427      9.465672
   0.77549      9.638438      9.539911
   0.71416      9.510257      9.606751
   0.65283      9.575300      9.603035
   0.59151      9.640877      9.563598
   0.53018      9.712077      9.686128
   0.46885      9.704844      9.711294
   0.40752      9.726315      9.689491
   0.40752      9.592700      9.621174
   0.34931      9.689152      9.577982
   0.29109      9.717183      9.665017
   0.23287      9.628710      9.821381
   0.17465      9.758292      9.564785
   0.11644      9.648624      9.645557
   0.05822      9.612141      9.591068
   0.00000      9.555634      9.576444
