#K-Path(1/A)         Spin-Up(eV)   Spin-down(eV)
# NKPTS & NBANDS:  89  96
# Band-Index    1
   0.00000    -26.461545    -26.461546
   0.05654    -26.461553    -26.461554
   0.11307    -26.461572    -26.461573
   0.16961    -26.461602    -26.461603
   0.22614    -26.461642    -26.461643
   0.28268    -26.461690    -26.461691
   0.33922    -26.461742    -26.461743
   0.39575    -26.461795    -26.461796
   0.45229    -26.461847    -26.461848
   0.50883    -26.461895    -26.461896
   0.56536    -26.461936    -26.461937
   0.62190    -26.461968    -26.461969
   0.67843    -26.461987    -26.461988
   0.73497    -26.461994    -26.461995
   0.73497    -26.461548    -26.461549
   0.76727    -26.461547    -26.461548
   0.79958    -26.461546    -26.461547
   0.83188    -26.461549    -26.461550
   0.86418    -26.461545    -26.461546
   0.86418    -26.461545    -26.461546
   0.92069    -26.461553    -26.461554
   0.97719    -26.461573    -26.461574
   1.03369    -26.461604    -26.461605
   1.09019    -26.461645    -26.461646
   1.14669    -26.461694    -26.461695
   1.20320    -26.461747    -26.461748
   1.25970    -26.461802    -26.461803
   1.31620    -26.461856    -26.461857
   1.37270    -26.461905    -26.461906
   1.42921    -26.461947    -26.461948
   1.48571    -26.461980    -26.461981
   1.54221    -26.461999    -26.462000
   1.59871    -26.462006    -26.462007
   1.59871    -26.462019    -26.462020
   1.65611    -26.462011    -26.462012
   1.71352    -26.461989    -26.461990
   1.77092    -26.461956    -26.461957
   1.82832    -26.461914    -26.461915
   1.88572    -26.461864    -26.461865
   1.94313    -26.461809    -26.461810
   2.00053    -26.461753    -26.461753
   2.05793    -26.461699    -26.461700
   2.11534    -26.461649    -26.461650
   2.17274    -26.461607    -26.461608
   2.23014    -26.461574    -26.461575
   2.28754    -26.461553    -26.461554
   2.34495    -26.461545    -26.461546
   2.34495    -26.461545    -26.461546
   2.40231    -26.461553    -26.461554
   2.45968    -26.461573    -26.461574
   2.51704    -26.461604    -26.461605
   2.57441    -26.461646    -26.461647
   2.63178    -26.461694    -26.461695
   2.68914    -26.461747    -26.461748
   2.74651    -26.461802    -26.461803
   2.80388    -26.461856    -26.461857
   2.86124    -26.461905    -26.461906
   2.91861    -26.461946    -26.461947
   2.97598    -26.461978    -26.461979
   3.03334    -26.461999    -26.462000
   3.09071    -26.462006    -26.462007
   3.09071    -26.462019    -26.462020
   3.14725    -26.462011    -26.462012
   3.20379    -26.461991    -26.461992
   3.26033    -26.461957    -26.461958
   3.31687    -26.461914    -26.461915
   3.37341    -26.461864    -26.461865
   3.42995    -26.461809    -26.461810
   3.48650    -26.461753    -26.461754
   3.54304    -26.461698    -26.461699
   3.59958    -26.461648    -26.461649
   3.65612    -26.461606    -26.461607
   3.71266    -26.461574    -26.461575
   3.76920    -26.461553    -26.461554
   3.82574    -26.461545    -26.461546
   3.82574    -26.461545    -26.461546
   3.88314    -26.461553    -26.461554
   3.94054    -26.461572    -26.461573
   3.99795    -26.461603    -26.461604
   4.05535    -26.461643    -26.461644
   4.11275    -26.461690    -26.461691
   4.17015    -26.461742    -26.461743
   4.22755    -26.461795    -26.461796
   4.28495    -26.461848    -26.461849
   4.34235    -26.461895    -26.461896
   4.39975    -26.461935    -26.461936
   4.45716    -26.461966    -26.461967
   4.51456    -26.461986    -26.461987
   4.57196    -26.461993    -26.461994
 
# Band-Index    2
   4.57196    -26.459919    -26.459920
   4.51456    -26.459912    -26.459913
   4.45716    -26.459894    -26.459895
   4.39975    -26.459866    -26.459867
   4.34235    -26.459829    -26.459830
   4.28495    -26.459786    -26.459787
   4.22755    -26.459738    -26.459739
   4.17015    -26.459690    -26.459690
   4.11275    -26.459643    -26.459643
   4.05535    -26.459599    -26.459600
   3.99795    -26.459563    -26.459563
   3.94054    -26.459534    -26.459535
   3.88314    -26.459517    -26.459517
   3.82574    -26.459510    -26.459510
   3.82574    -26.459510    -26.459510
   3.76920    -26.459517    -26.459518
   3.71266    -26.459535    -26.459535
   3.65612    -26.459561    -26.459562
   3.59958    -26.459596    -26.459597
   3.54304    -26.459638    -26.459638
   3.48650    -26.459683    -26.459684
   3.42995    -26.459730    -26.459731
   3.37341    -26.459776    -26.459776
   3.31687    -26.459817    -26.459818
   3.26033    -26.459853    -26.459854
   3.20379    -26.459881    -26.459882
   3.14725    -26.459898    -26.459899
   3.09071    -26.459905    -26.459906
   3.09071    -26.459897    -26.459897
   3.03334    -26.459890    -26.459891
   2.97598    -26.459873    -26.459874
   2.91861    -26.459847    -26.459847
   2.86124    -26.459812    -26.459813
   2.80388    -26.459771    -26.459772
   2.74651    -26.459726    -26.459727
   2.68914    -26.459680    -26.459681
   2.63178    -26.459636    -26.459637
   2.57441    -26.459595    -26.459595
   2.51704    -26.459560    -26.459561
   2.45968    -26.459533    -26.459534
   2.40231    -26.459516    -26.459517
   2.34495    -26.459510    -26.459510
   2.34495    -26.459510    -26.459510
   2.28754    -26.459517    -26.459517
   2.23014    -26.459534    -26.459535
   2.17274    -26.459562    -26.459563
   2.11534    -26.459597    -26.459598
   2.05793    -26.459639    -26.459639
   2.00053    -26.459683    -26.459684
   1.94313    -26.459730    -26.459731
   1.88572    -26.459776    -26.459777
   1.82832    -26.459817    -26.459818
   1.77092    -26.459852    -26.459853
   1.71352    -26.459880    -26.459881
   1.65611    -26.459898    -26.459899
   1.59871    -26.459905    -26.459906
   1.59871    -26.459897    -26.459898
   1.54221    -26.459891    -26.459892
   1.48571    -26.459875    -26.459876
   1.42921    -26.459847    -26.459848
   1.37270    -26.459812    -26.459813
   1.31620    -26.459771    -26.459772
   1.25970    -26.459726    -26.459727
   1.20320    -26.459680    -26.459681
   1.14669    -26.459635    -26.459636
   1.09019    -26.459594    -26.459595
   1.03369    -26.459559    -26.459560
   0.97719    -26.459534    -26.459534
   0.92069    -26.459516    -26.459517
   0.86418    -26.459510    -26.459510
   0.86418    -26.459510    -26.459510
   0.83188    -26.459513    -26.459514
   0.79958    -26.459511    -26.459512
   0.76727    -26.459512    -26.459513
   0.73497    -26.459512    -26.459513
   0.73497    -26.459919    -26.459920
   0.67843    -26.459913    -26.459913
   0.62190    -26.459896    -26.459896
   0.56536    -26.459867    -26.459867
   0.50883    -26.459829    -26.459830
   0.45229    -26.459786    -26.459787
   0.39575    -26.459738    -26.459739
   0.33922    -26.459689    -26.459690
   0.28268    -26.459642    -26.459643
   0.22614    -26.459598    -26.459599
   0.16961    -26.459562    -26.459563
   0.11307    -26.459535    -26.459536
   0.05654    -26.459517    -26.459517
   0.00000    -26.459510    -26.459510
 
# Band-Index    3
   0.00000    -26.456682    -26.456684
   0.05654    -26.456680    -26.456682
   0.11307    -26.456669    -26.456671
   0.16961    -26.456648    -26.456649
   0.22614    -26.456617    -26.456618
   0.28268    -26.456576    -26.456578
   0.33922    -26.456524    -26.456526
   0.39575    -26.456461    -26.456463
   0.45229    -26.456387    -26.456389
   0.50883    -26.456306    -26.456307
   0.56536    -26.456223    -26.456225
   0.62190    -26.456149    -26.456151
   0.67843    -26.456095    -26.456097
   0.73497    -26.456076    -26.456078
   0.73497    -26.456685    -26.456687
   0.76727    -26.456684    -26.456686
   0.79958    -26.456684    -26.456685
   0.83188    -26.456686    -26.456688
   0.86418    -26.456682    -26.456684
   0.86418    -26.456682    -26.456684
   0.92069    -26.456680    -26.456682
   0.97719    -26.456669    -26.456671
   1.03369    -26.456647    -26.456649
   1.09019    -26.456616    -26.456618
   1.14669    -26.456575    -26.456577
   1.20320    -26.456522    -26.456523
   1.25970    -26.456456    -26.456458
   1.31620    -26.456379    -26.456381
   1.37270    -26.456293    -26.456294
   1.42921    -26.456204    -26.456206
   1.48571    -26.456123    -26.456125
   1.54221    -26.456063    -26.456065
   1.59871    -26.456041    -26.456043
   1.59871    -26.456067    -26.456069
   1.65611    -26.456086    -26.456088
   1.71352    -26.456141    -26.456143
   1.77092    -26.456219    -26.456220
   1.82832    -26.456304    -26.456306
   1.88572    -26.456388    -26.456389
   1.94313    -26.456462    -26.456464
   2.00053    -26.456526    -26.456528
   2.05793    -26.456579    -26.456581
   2.11534    -26.456620    -26.456622
   2.17274    -26.456650    -26.456651
   2.23014    -26.456669    -26.456671
   2.28754    -26.456680    -26.456682
   2.34495    -26.456682    -26.456684
   2.34495    -26.456682    -26.456684
   2.40231    -26.456680    -26.456682
   2.45968    -26.456668    -26.456670
   2.51704    -26.456648    -26.456649
   2.57441    -26.456617    -26.456619
   2.63178    -26.456576    -26.456578
   2.68914    -26.456522    -26.456524
   2.74651    -26.456456    -26.456457
   2.80388    -26.456378    -26.456380
   2.86124    -26.456292    -26.456294
   2.91861    -26.456203    -26.456205
   2.97598    -26.456122    -26.456123
   3.03334    -26.456063    -26.456064
   3.09071    -26.456041    -26.456043
   3.09071    -26.456068    -26.456069
   3.14725    -26.456087    -26.456089
   3.20379    -26.456143    -26.456145
   3.26033    -26.456220    -26.456221
   3.31687    -26.456304    -26.456306
   3.37341    -26.456388    -26.456389
   3.42995    -26.456462    -26.456464
   3.48650    -26.456526    -26.456528
   3.54304    -26.456578    -26.456580
   3.59958    -26.456619    -26.456620
   3.65612    -26.456649    -26.456651
   3.71266    -26.456670    -26.456672
   3.76920    -26.456680    -26.456682
   3.82574    -26.456682    -26.456684
   3.82574    -26.456682    -26.456684
   3.88314    -26.456680    -26.456682
   3.94054    -26.456668    -26.456670
   3.99795    -26.456648    -26.456650
   4.05535    -26.456618    -26.456619
   4.11275    -26.456577    -26.456579
   4.17015    -26.456524    -26.456526
   4.22755    -26.456461    -26.456462
   4.28495    -26.456387    -26.456388
   4.34235    -26.456305    -26.456307
   4.39975    -26.456222    -26.456224
   4.45716    -26.456148    -26.456150
   4.51456    -26.456095    -26.456097
   4.57196    -26.456075    -26.456077
 
# Band-Index    4
   4.57196    -26.454173    -26.454174
   4.51456    -26.454133    -26.454135
   4.45716    -26.454024    -26.454026
   4.39975    -26.453861    -26.453862
   4.34235    -26.453661    -26.453663
   4.28495    -26.453442    -26.453443
   4.22755    -26.453215    -26.453217
   4.17015    -26.452994    -26.452996
   4.11275    -26.452791    -26.452792
   4.05535    -26.452610    -26.452612
   3.99795    -26.452462    -26.452463
   3.94054    -26.452351    -26.452352
   3.88314    -26.452281    -26.452283
   3.82574    -26.452258    -26.452260
   3.82574    -26.452258    -26.452260
   3.76920    -26.452282    -26.452284
   3.71266    -26.452353    -26.452355
   3.65612    -26.452466    -26.452467
   3.59958    -26.452616    -26.452618
   3.54304    -26.452800    -26.452802
   3.48650    -26.453010    -26.453012
   3.42995    -26.453235    -26.453236
   3.37341    -26.453465    -26.453467
   3.31687    -26.453691    -26.453692
   3.26033    -26.453897    -26.453899
   3.20379    -26.454067    -26.454069
   3.14725    -26.454181    -26.454182
   3.09071    -26.454222    -26.454224
   3.09071    -26.454257    -26.454258
   3.03334    -26.454214    -26.454216
   2.97598    -26.454096    -26.454098
   2.91861    -26.453923    -26.453925
   2.86124    -26.453713    -26.453715
   2.80388    -26.453483    -26.453485
   2.74651    -26.453248    -26.453249
   2.68914    -26.453018    -26.453020
   2.63178    -26.452807    -26.452809
   2.57441    -26.452621    -26.452623
   2.51704    -26.452468    -26.452470
   2.45968    -26.452353    -26.452355
   2.40231    -26.452282    -26.452284
   2.34495    -26.452258    -26.452260
   2.34495    -26.452258    -26.452260
   2.28754    -26.452283    -26.452284
   2.23014    -26.452353    -26.452355
   2.17274    -26.452466    -26.452468
   2.11534    -26.452618    -26.452619
   2.05793    -26.452801    -26.452803
   2.00053    -26.453009    -26.453011
   1.94313    -26.453234    -26.453236
   1.88572    -26.453466    -26.453468
   1.82832    -26.453691    -26.453693
   1.77092    -26.453897    -26.453899
   1.71352    -26.454066    -26.454068
   1.65611    -26.454180    -26.454182
   1.59871    -26.454222    -26.454224
   1.59871    -26.454257    -26.454259
   1.54221    -26.454215    -26.454216
   1.48571    -26.454098    -26.454100
   1.42921    -26.453923    -26.453925
   1.37270    -26.453712    -26.453714
   1.31620    -26.453482    -26.453483
   1.25970    -26.453247    -26.453249
   1.20320    -26.453019    -26.453021
   1.14669    -26.452806    -26.452808
   1.09019    -26.452620    -26.452621
   1.03369    -26.452467    -26.452469
   0.97719    -26.452353    -26.452355
   0.92069    -26.452282    -26.452284
   0.86418    -26.452258    -26.452260
   0.86418    -26.452258    -26.452260
   0.83188    -26.452261    -26.452263
   0.79958    -26.452260    -26.452261
   0.76727    -26.452262    -26.452263
   0.73497    -26.452262    -26.452264
   0.73497    -26.454173    -26.454175
   0.67843    -26.454134    -26.454135
   0.62190    -26.454025    -26.454027
   0.56536    -26.453861    -26.453862
   0.50883    -26.453660    -26.453662
   0.45229    -26.453440    -26.453442
   0.39575    -26.453215    -26.453216
   0.33922    -26.452995    -26.452997
   0.28268    -26.452789    -26.452791
   0.22614    -26.452609    -26.452611
   0.16961    -26.452461    -26.452463
   0.11307    -26.452351    -26.452352
   0.05654    -26.452282    -26.452283
   0.00000    -26.452258    -26.452260
 
# Band-Index    5
   0.00000    -26.450332    -26.450332
   0.05654    -26.450350    -26.450350
   0.11307    -26.450398    -26.450398
   0.16961    -26.450476    -26.450476
   0.22614    -26.450580    -26.450580
   0.28268    -26.450707    -26.450706
   0.33922    -26.450848    -26.450848
   0.39575    -26.450997    -26.450997
   0.45229    -26.451145    -26.451145
   0.50883    -26.451283    -26.451283
   0.56536    -26.451402    -26.451402
   0.62190    -26.451493    -26.451493
   0.67843    -26.451549    -26.451549
   0.73497    -26.451568    -26.451568
   0.73497    -26.450335    -26.450335
   0.76727    -26.450334    -26.450334
   0.79958    -26.450334    -26.450334
   0.83188    -26.450336    -26.450336
   0.86418    -26.450332    -26.450332
   0.86418    -26.450332    -26.450332
   0.92069    -26.450350    -26.450350
   0.97719    -26.450398    -26.450398
   1.03369    -26.450476    -26.450475
   1.09019    -26.450579    -26.450579
   1.14669    -26.450706    -26.450705
   1.20320    -26.450847    -26.450847
   1.25970    -26.450995    -26.450995
   1.31620    -26.451142    -26.451142
   1.37270    -26.451279    -26.451279
   1.42921    -26.451397    -26.451397
   1.48571    -26.451488    -26.451488
   1.54221    -26.451544    -26.451544
   1.59871    -26.451563    -26.451563
   1.59871    -26.451580    -26.451580
   1.65611    -26.451559    -26.451559
   1.71352    -26.451499    -26.451499
   1.77092    -26.451408    -26.451408
   1.82832    -26.451291    -26.451291
   1.88572    -26.451153    -26.451153
   1.94313    -26.451003    -26.451003
   2.00053    -26.450853    -26.450853
   2.05793    -26.450711    -26.450711
   2.11534    -26.450584    -26.450584
   2.17274    -26.450478    -26.450478
   2.23014    -26.450400    -26.450400
   2.28754    -26.450350    -26.450350
   2.34495    -26.450332    -26.450332
   2.34495    -26.450332    -26.450332
   2.40231    -26.450350    -26.450350
   2.45968    -26.450398    -26.450398
   2.51704    -26.450476    -26.450476
   2.57441    -26.450581    -26.450581
   2.63178    -26.450706    -26.450706
   2.68914    -26.450847    -26.450847
   2.74651    -26.450996    -26.450996
   2.80388    -26.451143    -26.451143
   2.86124    -26.451280    -26.451280
   2.91861    -26.451396    -26.451396
   2.97598    -26.451486    -26.451486
   3.03334    -26.451544    -26.451544
   3.09071    -26.451564    -26.451564
   3.09071    -26.451579    -26.451579
   3.14725    -26.451559    -26.451559
   3.20379    -26.451502    -26.451502
   3.26033    -26.451410    -26.451409
   3.31687    -26.451290    -26.451290
   3.37341    -26.451151    -26.451151
   3.42995    -26.451003    -26.451003
   3.48650    -26.450853    -26.450853
   3.54304    -26.450710    -26.450710
   3.59958    -26.450583    -26.450583
   3.65612    -26.450478    -26.450478
   3.71266    -26.450400    -26.450400
   3.76920    -26.450350    -26.450350
   3.82574    -26.450332    -26.450332
   3.82574    -26.450332    -26.450332
   3.88314    -26.450350    -26.450350
   3.94054    -26.450398    -26.450398
   3.99795    -26.450477    -26.450477
   4.05535    -26.450581    -26.450581
   4.11275    -26.450708    -26.450707
   4.17015    -26.450848    -26.450848
   4.22755    -26.450998    -26.450998
   4.28495    -26.451147    -26.451146
   4.34235    -26.451284    -26.451283
   4.39975    -26.451401    -26.451401
   4.45716    -26.451491    -26.451491
   4.51456    -26.451549    -26.451549
   4.57196    -26.451570    -26.451570
 
# Band-Index    6
   4.57196    -26.451178    -26.451178
   4.51456    -26.451165    -26.451165
   4.45716    -26.451126    -26.451126
   4.39975    -26.451063    -26.451063
   4.34235    -26.450979    -26.450978
   4.28495    -26.450878    -26.450878
   4.22755    -26.450765    -26.450764
   4.17015    -26.450646    -26.450646
   4.11275    -26.450528    -26.450528
   4.05535    -26.450417    -26.450417
   3.99795    -26.450321    -26.450321
   3.94054    -26.450246    -26.450246
   3.88314    -26.450198    -26.450198
   3.82574    -26.450182    -26.450182
   3.82574    -26.450182    -26.450182
   3.76920    -26.450199    -26.450199
   3.71266    -26.450247    -26.450247
   3.65612    -26.450322    -26.450322
   3.59958    -26.450418    -26.450418
   3.54304    -26.450529    -26.450529
   3.48650    -26.450649    -26.450649
   3.42995    -26.450769    -26.450769
   3.37341    -26.450882    -26.450882
   3.31687    -26.450984    -26.450984
   3.26033    -26.451069    -26.451069
   3.20379    -26.451134    -26.451134
   3.14725    -26.451174    -26.451174
   3.09071    -26.451190    -26.451190
   3.09071    -26.451175    -26.451175
   3.03334    -26.451162    -26.451162
   2.97598    -26.451123    -26.451123
   2.91861    -26.451060    -26.451059
   2.86124    -26.450976    -26.450975
   2.80388    -26.450875    -26.450875
   2.74651    -26.450762    -26.450762
   2.68914    -26.450643    -26.450643
   2.63178    -26.450526    -26.450526
   2.57441    -26.450415    -26.450415
   2.51704    -26.450320    -26.450320
   2.45968    -26.450246    -26.450246
   2.40231    -26.450198    -26.450198
   2.34495    -26.450182    -26.450182
   2.34495    -26.450182    -26.450182
   2.28754    -26.450199    -26.450199
   2.23014    -26.450247    -26.450247
   2.17274    -26.450322    -26.450322
   2.11534    -26.450419    -26.450419
   2.05793    -26.450531    -26.450531
   2.00053    -26.450649    -26.450649
   1.94313    -26.450768    -26.450768
   1.88572    -26.450882    -26.450882
   1.82832    -26.450984    -26.450984
   1.77092    -26.451070    -26.451070
   1.71352    -26.451134    -26.451134
   1.65611    -26.451174    -26.451174
   1.59871    -26.451188    -26.451188
   1.59871    -26.451177    -26.451177
   1.54221    -26.451162    -26.451162
   1.48571    -26.451123    -26.451123
   1.42921    -26.451059    -26.451059
   1.37270    -26.450975    -26.450975
   1.31620    -26.450875    -26.450874
   1.25970    -26.450762    -26.450762
   1.20320    -26.450644    -26.450644
   1.14669    -26.450525    -26.450525
   1.09019    -26.450414    -26.450414
   1.03369    -26.450319    -26.450319
   0.97719    -26.450246    -26.450246
   0.92069    -26.450198    -26.450198
   0.86418    -26.450182    -26.450182
   0.86418    -26.450182    -26.450182
   0.83188    -26.450185    -26.450185
   0.79958    -26.450183    -26.450183
   0.76727    -26.450186    -26.450186
   0.73497    -26.450187    -26.450187
   0.73497    -26.451180    -26.451180
   0.67843    -26.451165    -26.451165
   0.62190    -26.451126    -26.451126
   0.56536    -26.451062    -26.451062
   0.50883    -26.450978    -26.450978
   0.45229    -26.450877    -26.450877
   0.39575    -26.450765    -26.450765
   0.33922    -26.450646    -26.450646
   0.28268    -26.450527    -26.450526
   0.22614    -26.450416    -26.450416
   0.16961    -26.450320    -26.450320
   0.11307    -26.450246    -26.450246
   0.05654    -26.450198    -26.450198
   0.00000    -26.450182    -26.450182
 
# Band-Index    7
   0.00000    -26.396475    -26.396477
   0.05654    -26.396505    -26.396507
   0.11307    -26.396592    -26.396593
   0.16961    -26.396736    -26.396738
   0.22614    -26.396948    -26.396950
   0.28268    -26.397254    -26.397256
   0.33922    -26.397623    -26.397625
   0.39575    -26.398015    -26.398017
   0.45229    -26.398399    -26.398401
   0.50883    -26.398754    -26.398756
   0.56536    -26.399057    -26.399060
   0.62190    -26.399289    -26.399291
   0.67843    -26.399431    -26.399433
   0.73497    -26.399481    -26.399483
   0.73497    -26.396476    -26.396478
   0.76727    -26.396476    -26.396478
   0.79958    -26.396476    -26.396478
   0.83188    -26.396477    -26.396478
   0.86418    -26.396475    -26.396477
   0.86418    -26.396475    -26.396477
   0.92069    -26.396514    -26.396515
   0.97719    -26.396629    -26.396631
   1.03369    -26.396822    -26.396824
   1.09019    -26.397089    -26.397091
   1.14669    -26.397417    -26.397419
   1.20320    -26.397787    -26.397789
   1.25970    -26.398174    -26.398176
   1.31620    -26.398554    -26.398555
   1.37270    -26.398904    -26.398906
   1.42921    -26.399205    -26.399207
   1.48571    -26.399434    -26.399436
   1.54221    -26.399575    -26.399576
   1.59871    -26.399624    -26.399626
   1.59871    -26.399760    -26.399762
   1.65611    -26.399708    -26.399710
   1.71352    -26.399563    -26.399565
   1.77092    -26.399333    -26.399335
   1.82832    -26.399030    -26.399032
   1.88572    -26.398675    -26.398677
   1.94313    -26.398290    -26.398291
   2.00053    -26.397893    -26.397895
   2.05793    -26.397512    -26.397514
   2.11534    -26.397167    -26.397168
   2.17274    -26.396877    -26.396879
   2.23014    -26.396658    -26.396660
   2.28754    -26.396522    -26.396524
   2.34495    -26.396475    -26.396477
   2.34495    -26.396475    -26.396477
   2.40231    -26.396514    -26.396515
   2.45968    -26.396629    -26.396631
   2.51704    -26.396822    -26.396824
   2.57441    -26.397089    -26.397091
   2.63178    -26.397417    -26.397419
   2.68914    -26.397787    -26.397788
   2.74651    -26.398174    -26.398176
   2.80388    -26.398554    -26.398556
   2.86124    -26.398904    -26.398906
   2.91861    -26.399203    -26.399205
   2.97598    -26.399431    -26.399433
   3.03334    -26.399574    -26.399576
   3.09071    -26.399625    -26.399627
   3.09071    -26.399759    -26.399761
   3.14725    -26.399708    -26.399710
   3.20379    -26.399566    -26.399568
   3.26033    -26.399334    -26.399336
   3.31687    -26.399030    -26.399032
   3.37341    -26.398675    -26.398677
   3.42995    -26.398289    -26.398291
   3.48650    -26.397894    -26.397895
   3.54304    -26.397512    -26.397514
   3.59958    -26.397166    -26.397168
   3.65612    -26.396877    -26.396879
   3.71266    -26.396658    -26.396660
   3.76920    -26.396522    -26.396524
   3.82574    -26.396475    -26.396477
   3.82574    -26.396475    -26.396477
   3.88314    -26.396505    -26.396507
   3.94054    -26.396592    -26.396593
   3.99795    -26.396736    -26.396738
   4.05535    -26.396948    -26.396950
   4.11275    -26.397254    -26.397256
   4.17015    -26.397623    -26.397625
   4.22755    -26.398015    -26.398017
   4.28495    -26.398400    -26.398402
   4.34235    -26.398754    -26.398756
   4.39975    -26.399056    -26.399058
   4.45716    -26.399286    -26.399288
   4.51456    -26.399431    -26.399433
   4.57196    -26.399482    -26.399484
 
# Band-Index    8
   4.57196    -26.398361    -26.398363
   4.51456    -26.398332    -26.398334
   4.45716    -26.398250    -26.398251
   4.39975    -26.398118    -26.398120
   4.34235    -26.397946    -26.397948
   4.28495    -26.397741    -26.397743
   4.22755    -26.397515    -26.397517
   4.17015    -26.397279    -26.397280
   4.11275    -26.397041    -26.397043
   4.05535    -26.396794    -26.396796
   3.99795    -26.396541    -26.396543
   3.94054    -26.396331    -26.396333
   3.88314    -26.396196    -26.396198
   3.82574    -26.396149    -26.396151
   3.82574    -26.396149    -26.396151
   3.76920    -26.396180    -26.396182
   3.71266    -26.396267    -26.396269
   3.65612    -26.396404    -26.396405
   3.59958    -26.396581    -26.396583
   3.54304    -26.396788    -26.396790
   3.48650    -26.397016    -26.397018
   3.42995    -26.397249    -26.397251
   3.37341    -26.397474    -26.397476
   3.31687    -26.397681    -26.397682
   3.26033    -26.397855    -26.397857
   3.20379    -26.397988    -26.397990
   3.14725    -26.398070    -26.398072
   3.09071    -26.398100    -26.398101
   3.09071    -26.398200    -26.398202
   3.03334    -26.398171    -26.398173
   2.97598    -26.398088    -26.398090
   2.91861    -26.397956    -26.397958
   2.86124    -26.397782    -26.397784
   2.80388    -26.397575    -26.397577
   2.74651    -26.397346    -26.397348
   2.68914    -26.397108    -26.397110
   2.63178    -26.396872    -26.396874
   2.57441    -26.396650    -26.396652
   2.51704    -26.396453    -26.396455
   2.45968    -26.396293    -26.396295
   2.40231    -26.396187    -26.396189
   2.34495    -26.396149    -26.396151
   2.34495    -26.396149    -26.396151
   2.28754    -26.396180    -26.396182
   2.23014    -26.396267    -26.396269
   2.17274    -26.396404    -26.396405
   2.11534    -26.396581    -26.396583
   2.05793    -26.396789    -26.396791
   2.00053    -26.397016    -26.397018
   1.94313    -26.397249    -26.397251
   1.88572    -26.397475    -26.397477
   1.82832    -26.397681    -26.397683
   1.77092    -26.397854    -26.397856
   1.71352    -26.397987    -26.397989
   1.65611    -26.398070    -26.398072
   1.59871    -26.398100    -26.398102
   1.59871    -26.398199    -26.398201
   1.54221    -26.398171    -26.398173
   1.48571    -26.398089    -26.398091
   1.42921    -26.397957    -26.397959
   1.37270    -26.397782    -26.397784
   1.31620    -26.397574    -26.397576
   1.25970    -26.397346    -26.397348
   1.20320    -26.397108    -26.397110
   1.14669    -26.396872    -26.396874
   1.09019    -26.396650    -26.396652
   1.03369    -26.396453    -26.396455
   0.97719    -26.396293    -26.396295
   0.92069    -26.396187    -26.396189
   0.86418    -26.396149    -26.396151
   0.86418    -26.396149    -26.396151
   0.83188    -26.396151    -26.396153
   0.79958    -26.396150    -26.396152
   0.76727    -26.396151    -26.396153
   0.73497    -26.396151    -26.396153
   0.73497    -26.398360    -26.398362
   0.67843    -26.398332    -26.398334
   0.62190    -26.398251    -26.398252
   0.56536    -26.398119    -26.398121
   0.50883    -26.397946    -26.397947
   0.45229    -26.397740    -26.397742
   0.39575    -26.397515    -26.397516
   0.33922    -26.397279    -26.397281
   0.28268    -26.397041    -26.397042
   0.22614    -26.396794    -26.396796
   0.16961    -26.396541    -26.396543
   0.11307    -26.396331    -26.396333
   0.05654    -26.396196    -26.396198
   0.00000    -26.396149    -26.396151
 
# Band-Index    9
   0.00000    -26.394464    -26.394466
   0.05654    -26.394511    -26.394513
   0.11307    -26.394649    -26.394651
   0.16961    -26.394869    -26.394871
   0.22614    -26.395159    -26.395161
   0.28268    -26.395505    -26.395507
   0.33922    -26.395886    -26.395888
   0.39575    -26.396282    -26.396284
   0.45229    -26.396668    -26.396669
   0.50883    -26.397023    -26.397025
   0.56536    -26.397328    -26.397330
   0.62190    -26.397560    -26.397562
   0.67843    -26.397703    -26.397705
   0.73497    -26.397753    -26.397755
   0.73497    -26.394465    -26.394467
   0.76727    -26.394465    -26.394467
   0.79958    -26.394464    -26.394466
   0.83188    -26.394465    -26.394467
   0.86418    -26.394464    -26.394466
   0.86418    -26.394464    -26.394466
   0.92069    -26.394495    -26.394497
   0.97719    -26.394586    -26.394587
   1.03369    -26.394734    -26.394736
   1.09019    -26.394937    -26.394939
   1.14669    -26.395194    -26.395196
   1.20320    -26.395507    -26.395509
   1.25970    -26.395859    -26.395861
   1.31620    -26.396220    -26.396222
   1.37270    -26.396561    -26.396563
   1.42921    -26.396859    -26.396861
   1.48571    -26.397087    -26.397089
   1.54221    -26.397228    -26.397230
   1.59871    -26.397278    -26.397280
   1.59871    -26.397482    -26.397484
   1.65611    -26.397430    -26.397432
   1.71352    -26.397285    -26.397288
   1.77092    -26.397057    -26.397060
   1.82832    -26.396760    -26.396762
   1.88572    -26.396416    -26.396418
   1.94313    -26.396046    -26.396048
   2.00053    -26.395675    -26.395677
   2.05793    -26.395329    -26.395331
   2.11534    -26.395027    -26.395029
   2.17274    -26.394785    -26.394787
   2.23014    -26.394608    -26.394610
   2.28754    -26.394500    -26.394502
   2.34495    -26.394464    -26.394466
   2.34495    -26.394464    -26.394466
   2.40231    -26.394495    -26.394497
   2.45968    -26.394586    -26.394587
   2.51704    -26.394734    -26.394736
   2.57441    -26.394937    -26.394939
   2.63178    -26.395195    -26.395197
   2.68914    -26.395507    -26.395509
   2.74651    -26.395859    -26.395861
   2.80388    -26.396220    -26.396222
   2.86124    -26.396562    -26.396563
   2.91861    -26.396857    -26.396859
   2.97598    -26.397084    -26.397086
   3.03334    -26.397228    -26.397230
   3.09071    -26.397279    -26.397281
   3.09071    -26.397481    -26.397483
   3.14725    -26.397430    -26.397432
   3.20379    -26.397288    -26.397290
   3.26033    -26.397059    -26.397061
   3.31687    -26.396760    -26.396762
   3.37341    -26.396415    -26.396417
   3.42995    -26.396046    -26.396048
   3.48650    -26.395675    -26.395677
   3.54304    -26.395328    -26.395330
   3.59958    -26.395027    -26.395029
   3.65612    -26.394785    -26.394787
   3.71266    -26.394608    -26.394610
   3.76920    -26.394500    -26.394502
   3.82574    -26.394464    -26.394466
   3.82574    -26.394464    -26.394466
   3.88314    -26.394511    -26.394513
   3.94054    -26.394649    -26.394650
   3.99795    -26.394869    -26.394871
   4.05535    -26.395160    -26.395161
   4.11275    -26.395505    -26.395507
   4.17015    -26.395886    -26.395888
   4.22755    -26.396282    -26.396284
   4.28495    -26.396668    -26.396670
   4.34235    -26.397023    -26.397025
   4.39975    -26.397326    -26.397328
   4.45716    -26.397557    -26.397559
   4.51456    -26.397703    -26.397705
   4.57196    -26.397754    -26.397756
 
# Band-Index   10
   4.57196    -26.395799    -26.395801
   4.51456    -26.395770    -26.395772
   4.45716    -26.395686    -26.395688
   4.39975    -26.395553    -26.395555
   4.34235    -26.395378    -26.395380
   4.28495    -26.395170    -26.395173
   4.22755    -26.394943    -26.394945
   4.17015    -26.394707    -26.394710
   4.11275    -26.394479    -26.394482
   4.05535    -26.394271    -26.394273
   3.99795    -26.394094    -26.394096
   3.94054    -26.393959    -26.393961
   3.88314    -26.393874    -26.393876
   3.82574    -26.393845    -26.393847
   3.82574    -26.393845    -26.393847
   3.76920    -26.393886    -26.393888
   3.71266    -26.394002    -26.394004
   3.65612    -26.394183    -26.394185
   3.59958    -26.394409    -26.394411
   3.54304    -26.394663    -26.394665
   3.48650    -26.394929    -26.394931
   3.42995    -26.395191    -26.395193
   3.37341    -26.395437    -26.395439
   3.31687    -26.395658    -26.395660
   3.26033    -26.395843    -26.395845
   3.20379    -26.395983    -26.395985
   3.14725    -26.396069    -26.396071
   3.09071    -26.396099    -26.396101
   3.09071    -26.396269    -26.396271
   3.03334    -26.396238    -26.396241
   2.97598    -26.396153    -26.396155
   2.91861    -26.396016    -26.396018
   2.86124    -26.395833    -26.395835
   2.80388    -26.395613    -26.395615
   2.74651    -26.395361    -26.395363
   2.68914    -26.395082    -26.395085
   2.63178    -26.394786    -26.394789
   2.57441    -26.394492    -26.394494
   2.51704    -26.394228    -26.394230
   2.45968    -26.394022    -26.394024
   2.40231    -26.393890    -26.393892
   2.34495    -26.393845    -26.393847
   2.34495    -26.393845    -26.393847
   2.28754    -26.393886    -26.393888
   2.23014    -26.394002    -26.394004
   2.17274    -26.394183    -26.394185
   2.11534    -26.394409    -26.394411
   2.05793    -26.394663    -26.394666
   2.00053    -26.394929    -26.394931
   1.94313    -26.395191    -26.395193
   1.88572    -26.395438    -26.395440
   1.82832    -26.395658    -26.395660
   1.77092    -26.395842    -26.395844
   1.71352    -26.395981    -26.395983
   1.65611    -26.396069    -26.396071
   1.59871    -26.396100    -26.396102
   1.59871    -26.396268    -26.396270
   1.54221    -26.396238    -26.396240
   1.48571    -26.396154    -26.396156
   1.42921    -26.396016    -26.396019
   1.37270    -26.395833    -26.395835
   1.31620    -26.395612    -26.395614
   1.25970    -26.395361    -26.395363
   1.20320    -26.395083    -26.395085
   1.14669    -26.394786    -26.394788
   1.09019    -26.394492    -26.394494
   1.03369    -26.394228    -26.394230
   0.97719    -26.394022    -26.394024
   0.92069    -26.393890    -26.393892
   0.86418    -26.393845    -26.393847
   0.86418    -26.393845    -26.393847
   0.83188    -26.393846    -26.393848
   0.79958    -26.393846    -26.393848
   0.76727    -26.393846    -26.393848
   0.73497    -26.393846    -26.393848
   0.73497    -26.395798    -26.395800
   0.67843    -26.395770    -26.395772
   0.62190    -26.395687    -26.395689
   0.56536    -26.395553    -26.395556
   0.50883    -26.395377    -26.395380
   0.45229    -26.395170    -26.395172
   0.39575    -26.394942    -26.394945
   0.33922    -26.394708    -26.394710
   0.28268    -26.394479    -26.394481
   0.22614    -26.394271    -26.394273
   0.16961    -26.394094    -26.394096
   0.11307    -26.393959    -26.393961
   0.05654    -26.393874    -26.393876
   0.00000    -26.393845    -26.393847
 
# Band-Index   11
   0.00000    -26.390847    -26.390848
   0.05654    -26.390877    -26.390878
   0.11307    -26.390962    -26.390964
   0.16961    -26.391099    -26.391101
   0.22614    -26.391282    -26.391283
   0.28268    -26.391514    -26.391516
   0.33922    -26.391835    -26.391837
   0.39575    -26.392212    -26.392214
   0.45229    -26.392591    -26.392592
   0.50883    -26.392942    -26.392944
   0.56536    -26.393244    -26.393246
   0.62190    -26.393474    -26.393476
   0.67843    -26.393615    -26.393617
   0.73497    -26.393665    -26.393667
   0.73497    -26.390848    -26.390850
   0.76727    -26.390848    -26.390850
   0.79958    -26.390847    -26.390849
   0.83188    -26.390848    -26.390850
   0.86418    -26.390847    -26.390848
   0.86418    -26.390847    -26.390848
   0.92069    -26.390888    -26.390889
   0.97719    -26.391007    -26.391009
   1.03369    -26.391202    -26.391203
   1.09019    -26.391465    -26.391466
   1.14669    -26.391785    -26.391786
   1.20320    -26.392145    -26.392146
   1.25970    -26.392523    -26.392525
   1.31620    -26.392896    -26.392898
   1.37270    -26.393241    -26.393242
   1.42921    -26.393537    -26.393539
   1.48571    -26.393763    -26.393765
   1.54221    -26.393901    -26.393903
   1.59871    -26.393950    -26.393952
   1.59871    -26.393984    -26.393986
   1.65611    -26.393933    -26.393935
   1.71352    -26.393792    -26.393794
   1.77092    -26.393566    -26.393568
   1.82832    -26.393269    -26.393271
   1.88572    -26.392923    -26.392925
   1.94313    -26.392547    -26.392549
   2.00053    -26.392165    -26.392166
   2.05793    -26.391801    -26.391802
   2.11534    -26.391476    -26.391478
   2.17274    -26.391209    -26.391211
   2.23014    -26.391011    -26.391012
   2.28754    -26.390889    -26.390890
   2.34495    -26.390847    -26.390848
   2.34495    -26.390847    -26.390848
   2.40231    -26.390888    -26.390889
   2.45968    -26.391007    -26.391009
   2.51704    -26.391202    -26.391203
   2.57441    -26.391465    -26.391466
   2.63178    -26.391785    -26.391786
   2.68914    -26.392145    -26.392146
   2.74651    -26.392524    -26.392525
   2.80388    -26.392897    -26.392898
   2.86124    -26.393241    -26.393243
   2.91861    -26.393536    -26.393537
   2.97598    -26.393761    -26.393762
   3.03334    -26.393901    -26.393902
   3.09071    -26.393951    -26.393952
   3.09071    -26.393984    -26.393986
   3.14725    -26.393934    -26.393936
   3.20379    -26.393794    -26.393796
   3.26033    -26.393567    -26.393569
   3.31687    -26.393269    -26.393271
   3.37341    -26.392923    -26.392925
   3.42995    -26.392547    -26.392549
   3.48650    -26.392165    -26.392167
   3.54304    -26.391800    -26.391802
   3.59958    -26.391476    -26.391478
   3.65612    -26.391209    -26.391211
   3.71266    -26.391011    -26.391012
   3.76920    -26.390889    -26.390890
   3.82574    -26.390847    -26.390848
   3.82574    -26.390847    -26.390848
   3.88314    -26.390877    -26.390878
   3.94054    -26.390962    -26.390964
   3.99795    -26.391099    -26.391101
   4.05535    -26.391282    -26.391283
   4.11275    -26.391515    -26.391516
   4.17015    -26.391835    -26.391837
   4.22755    -26.392212    -26.392214
   4.28495    -26.392591    -26.392593
   4.34235    -26.392942    -26.392944
   4.39975    -26.393242    -26.393244
   4.45716    -26.393472    -26.393474
   4.51456    -26.393615    -26.393617
   4.57196    -26.393666    -26.393668
 
# Band-Index   12
   4.57196    -26.392758    -26.392760
   4.51456    -26.392729    -26.392731
   4.45716    -26.392647    -26.392649
   4.39975    -26.392517    -26.392518
   4.34235    -26.392345    -26.392346
   4.28495    -26.392140    -26.392141
   4.22755    -26.391911    -26.391913
   4.17015    -26.391666    -26.391668
   4.11275    -26.391387    -26.391389
   4.05535    -26.391077    -26.391079
   3.99795    -26.390803    -26.390805
   3.94054    -26.390595    -26.390596
   3.88314    -26.390464    -26.390466
   3.82574    -26.390418    -26.390420
   3.82574    -26.390418    -26.390420
   3.76920    -26.390454    -26.390456
   3.71266    -26.390554    -26.390556
   3.65612    -26.390711    -26.390712
   3.59958    -26.390909    -26.390911
   3.54304    -26.391137    -26.391139
   3.48650    -26.391383    -26.391384
   3.42995    -26.391631    -26.391633
   3.37341    -26.391870    -26.391871
   3.31687    -26.392086    -26.392087
   3.26033    -26.392268    -26.392270
   3.20379    -26.392407    -26.392408
   3.14725    -26.392493    -26.392495
   3.09071    -26.392524    -26.392525
   3.09071    -26.392452    -26.392454
   3.03334    -26.392422    -26.392424
   2.97598    -26.392337    -26.392339
   2.91861    -26.392204    -26.392205
   2.86124    -26.392028    -26.392030
   2.80388    -26.391819    -26.391821
   2.74651    -26.391588    -26.391590
   2.68914    -26.391347    -26.391349
   2.63178    -26.391111    -26.391112
   2.57441    -26.390890    -26.390892
   2.51704    -26.390698    -26.390700
   2.45968    -26.390549    -26.390550
   2.40231    -26.390452    -26.390454
   2.34495    -26.390418    -26.390420
   2.34495    -26.390418    -26.390420
   2.28754    -26.390454    -26.390456
   2.23014    -26.390554    -26.390556
   2.17274    -26.390711    -26.390712
   2.11534    -26.390909    -26.390911
   2.05793    -26.391138    -26.391140
   2.00053    -26.391383    -26.391385
   1.94313    -26.391632    -26.391633
   1.88572    -26.391871    -26.391872
   1.82832    -26.392086    -26.392088
   1.77092    -26.392267    -26.392269
   1.71352    -26.392406    -26.392407
   1.65611    -26.392493    -26.392494
   1.59871    -26.392525    -26.392526
   1.59871    -26.392451    -26.392453
   1.54221    -26.392422    -26.392424
   1.48571    -26.392339    -26.392341
   1.42921    -26.392204    -26.392206
   1.37270    -26.392028    -26.392029
   1.31620    -26.391818    -26.391820
   1.25970    -26.391588    -26.391590
   1.20320    -26.391347    -26.391349
   1.14669    -26.391110    -26.391112
   1.09019    -26.390890    -26.390892
   1.03369    -26.390698    -26.390700
   0.97719    -26.390549    -26.390551
   0.92069    -26.390452    -26.390454
   0.86418    -26.390418    -26.390420
   0.86418    -26.390418    -26.390420
   0.83188    -26.390420    -26.390422
   0.79958    -26.390419    -26.390421
   0.76727    -26.390420    -26.390421
   0.73497    -26.390420    -26.390422
   0.73497    -26.392757    -26.392759
   0.67843    -26.392729    -26.392731
   0.62190    -26.392648    -26.392650
   0.56536    -26.392518    -26.392519
   0.50883    -26.392345    -26.392346
   0.45229    -26.392139    -26.392141
   0.39575    -26.391911    -26.391913
   0.33922    -26.391666    -26.391668
   0.28268    -26.391387    -26.391389
   0.22614    -26.391077    -26.391079
   0.16961    -26.390803    -26.390805
   0.11307    -26.390595    -26.390596
   0.05654    -26.390464    -26.390466
   0.00000    -26.390418    -26.390420
 
# Band-Index   13
   0.00000    -26.388890    -26.388892
   0.05654    -26.388919    -26.388920
   0.11307    -26.389007    -26.389009
   0.16961    -26.389163    -26.389164
   0.22614    -26.389393    -26.389395
   0.28268    -26.389695    -26.389697
   0.33922    -26.390046    -26.390049
   0.39575    -26.390417    -26.390420
   0.45229    -26.390776    -26.390779
   0.50883    -26.391105    -26.391108
   0.56536    -26.391384    -26.391387
   0.62190    -26.391594    -26.391597
   0.67843    -26.391721    -26.391724
   0.73497    -26.391767    -26.391770
   0.73497    -26.388891    -26.388893
   0.76727    -26.388892    -26.388893
   0.79958    -26.388891    -26.388892
   0.83188    -26.388891    -26.388893
   0.86418    -26.388890    -26.388892
   0.86418    -26.388890    -26.388892
   0.92069    -26.388938    -26.388939
   0.97719    -26.389081    -26.389082
   1.03369    -26.389308    -26.389310
   1.09019    -26.389605    -26.389606
   1.14669    -26.389953    -26.389955
   1.20320    -26.390333    -26.390334
   1.25970    -26.390719    -26.390721
   1.31620    -26.391087    -26.391089
   1.37270    -26.391421    -26.391422
   1.42921    -26.391701    -26.391702
   1.48571    -26.391910    -26.391912
   1.54221    -26.392037    -26.392039
   1.59871    -26.392083    -26.392084
   1.59871    -26.391724    -26.391727
   1.65611    -26.391677    -26.391679
   1.71352    -26.391546    -26.391548
   1.77092    -26.391338    -26.391340
   1.82832    -26.391060    -26.391062
   1.88572    -26.390731    -26.390733
   1.94313    -26.390370    -26.390371
   2.00053    -26.389998    -26.390000
   2.05793    -26.389649    -26.389650
   2.11534    -26.389354    -26.389355
   2.17274    -26.389138    -26.389139
   2.23014    -26.388996    -26.388997
   2.28754    -26.388916    -26.388918
   2.34495    -26.388890    -26.388892
   2.34495    -26.388890    -26.388892
   2.40231    -26.388938    -26.388939
   2.45968    -26.389081    -26.389082
   2.51704    -26.389309    -26.389310
   2.57441    -26.389605    -26.389607
   2.63178    -26.389954    -26.389955
   2.68914    -26.390332    -26.390334
   2.74651    -26.390719    -26.390721
   2.80388    -26.391088    -26.391090
   2.86124    -26.391421    -26.391422
   2.91861    -26.391699    -26.391701
   2.97598    -26.391908    -26.391909
   3.03334    -26.392037    -26.392039
   3.09071    -26.392083    -26.392085
   3.09071    -26.391724    -26.391726
   3.14725    -26.391677    -26.391679
   3.20379    -26.391549    -26.391551
   3.26033    -26.391339    -26.391341
   3.31687    -26.391060    -26.391062
   3.37341    -26.390730    -26.390732
   3.42995    -26.390369    -26.390371
   3.48650    -26.389999    -26.390000
   3.54304    -26.389649    -26.389650
   3.59958    -26.389354    -26.389355
   3.65612    -26.389138    -26.389139
   3.71266    -26.388996    -26.388997
   3.76920    -26.388916    -26.388918
   3.82574    -26.388890    -26.388892
   3.82574    -26.388890    -26.388892
   3.88314    -26.388919    -26.388920
   3.94054    -26.389007    -26.389009
   3.99795    -26.389163    -26.389165
   4.05535    -26.389393    -26.389395
   4.11275    -26.389695    -26.389697
   4.17015    -26.390046    -26.390049
   4.22755    -26.390417    -26.390420
   4.28495    -26.390777    -26.390780
   4.34235    -26.391105    -26.391108
   4.39975    -26.391383    -26.391386
   4.45716    -26.391591    -26.391594
   4.51456    -26.391721    -26.391724
   4.57196    -26.391768    -26.391771
 
# Band-Index   14
   4.57196    -26.390183    -26.390185
   4.51456    -26.390160    -26.390162
   4.45716    -26.390096    -26.390097
   4.39975    -26.389992    -26.389993
   4.34235    -26.389855    -26.389857
   4.28495    -26.389692    -26.389694
   4.22755    -26.389511    -26.389512
   4.17015    -26.389317    -26.389319
   4.11275    -26.389118    -26.389120
   4.05535    -26.388916    -26.388918
   3.99795    -26.388718    -26.388720
   3.94054    -26.388545    -26.388548
   3.88314    -26.388429    -26.388432
   3.82574    -26.388389    -26.388392
   3.82574    -26.388389    -26.388392
   3.76920    -26.388431    -26.388434
   3.71266    -26.388553    -26.388556
   3.65612    -26.388733    -26.388736
   3.59958    -26.388938    -26.388941
   3.54304    -26.389140    -26.389143
   3.48650    -26.389335    -26.389338
   3.42995    -26.389522    -26.389525
   3.37341    -26.389698    -26.389700
   3.31687    -26.389857    -26.389859
   3.26033    -26.389992    -26.389994
   3.20379    -26.390094    -26.390096
   3.14725    -26.390157    -26.390159
   3.09071    -26.390179    -26.390181
   3.09071    -26.389847    -26.389850
   3.03334    -26.389825    -26.389828
   2.97598    -26.389762    -26.389764
   2.91861    -26.389660    -26.389663
   2.86124    -26.389528    -26.389531
   2.80388    -26.389371    -26.389374
   2.74651    -26.389200    -26.389203
   2.68914    -26.389024    -26.389027
   2.63178    -26.388854    -26.388857
   2.57441    -26.388700    -26.388703
   2.51704    -26.388570    -26.388573
   2.45968    -26.388471    -26.388474
   2.40231    -26.388409    -26.388412
   2.34495    -26.388389    -26.388392
   2.34495    -26.388389    -26.388392
   2.28754    -26.388431    -26.388434
   2.23014    -26.388553    -26.388556
   2.17274    -26.388733    -26.388736
   2.11534    -26.388938    -26.388941
   2.05793    -26.389140    -26.389143
   2.00053    -26.389335    -26.389338
   1.94313    -26.389522    -26.389525
   1.88572    -26.389698    -26.389701
   1.82832    -26.389857    -26.389860
   1.77092    -26.389991    -26.389993
   1.71352    -26.390093    -26.390095
   1.65611    -26.390157    -26.390159
   1.59871    -26.390180    -26.390182
   1.59871    -26.389847    -26.389849
   1.54221    -26.389825    -26.389828
   1.48571    -26.389763    -26.389766
   1.42921    -26.389661    -26.389664
   1.37270    -26.389527    -26.389530
   1.31620    -26.389370    -26.389373
   1.25970    -26.389200    -26.389203
   1.20320    -26.389024    -26.389027
   1.14669    -26.388854    -26.388857
   1.09019    -26.388700    -26.388703
   1.03369    -26.388570    -26.388573
   0.97719    -26.388471    -26.388474
   0.92069    -26.388409    -26.388412
   0.86418    -26.388389    -26.388392
   0.86418    -26.388389    -26.388392
   0.83188    -26.388390    -26.388393
   0.79958    -26.388389    -26.388392
   0.76727    -26.388390    -26.388393
   0.73497    -26.388390    -26.388393
   0.73497    -26.390183    -26.390184
   0.67843    -26.390160    -26.390162
   0.62190    -26.390097    -26.390098
   0.56536    -26.389993    -26.389994
   0.50883    -26.389855    -26.389856
   0.45229    -26.389691    -26.389693
   0.39575    -26.389511    -26.389512
   0.33922    -26.389318    -26.389319
   0.28268    -26.389118    -26.389120
   0.22614    -26.388915    -26.388918
   0.16961    -26.388717    -26.388720
   0.11307    -26.388546    -26.388548
   0.05654    -26.388429    -26.388432
   0.00000    -26.388389    -26.388392
 
# Band-Index   15
   0.00000    -26.385236    -26.385237
   0.05654    -26.385287    -26.385288
   0.11307    -26.385434    -26.385435
   0.16961    -26.385662    -26.385663
   0.22614    -26.385954    -26.385956
   0.28268    -26.386298    -26.386300
   0.33922    -26.386690    -26.386692
   0.39575    -26.387118    -26.387119
   0.45229    -26.387548    -26.387550
   0.50883    -26.387952    -26.387953
   0.56536    -26.388299    -26.388301
   0.62190    -26.388565    -26.388567
   0.67843    -26.388729    -26.388730
   0.73497    -26.388786    -26.388787
   0.73497    -26.385237    -26.385239
   0.76727    -26.385237    -26.385238
   0.79958    -26.385236    -26.385238
   0.83188    -26.385237    -26.385238
   0.86418    -26.385236    -26.385237
   0.86418    -26.385236    -26.385237
   0.92069    -26.385272    -26.385274
   0.97719    -26.385370    -26.385372
   1.03369    -26.385521    -26.385522
   1.09019    -26.385743    -26.385745
   1.14669    -26.386072    -26.386073
   1.20320    -26.386467    -26.386469
   1.25970    -26.386902    -26.386904
   1.31620    -26.387337    -26.387338
   1.37270    -26.387741    -26.387743
   1.42921    -26.388090    -26.388092
   1.48571    -26.388356    -26.388358
   1.54221    -26.388519    -26.388521
   1.59871    -26.388577    -26.388578
   1.59871    -26.388777    -26.388778
   1.65611    -26.388716    -26.388718
   1.71352    -26.388548    -26.388549
   1.77092    -26.388282    -26.388284
   1.82832    -26.387935    -26.387937
   1.88572    -26.387531    -26.387532
   1.94313    -26.387097    -26.387099
   2.00053    -26.386664    -26.386666
   2.05793    -26.386272    -26.386273
   2.11534    -26.385931    -26.385933
   2.17274    -26.385642    -26.385643
   2.23014    -26.385419    -26.385420
   2.28754    -26.385281    -26.385282
   2.34495    -26.385236    -26.385237
   2.34495    -26.385236    -26.385237
   2.40231    -26.385272    -26.385274
   2.45968    -26.385370    -26.385372
   2.51704    -26.385521    -26.385522
   2.57441    -26.385743    -26.385744
   2.63178    -26.386072    -26.386074
   2.68914    -26.386466    -26.386468
   2.74651    -26.386902    -26.386904
   2.80388    -26.387338    -26.387339
   2.86124    -26.387742    -26.387744
   2.91861    -26.388088    -26.388089
   2.97598    -26.388352    -26.388354
   3.03334    -26.388519    -26.388521
   3.09071    -26.388579    -26.388580
   3.09071    -26.388774    -26.388776
   3.14725    -26.388716    -26.388718
   3.20379    -26.388552    -26.388553
   3.26033    -26.388285    -26.388286
   3.31687    -26.387935    -26.387937
   3.37341    -26.387530    -26.387532
   3.42995    -26.387096    -26.387098
   3.48650    -26.386664    -26.386666
   3.54304    -26.386271    -26.386273
   3.59958    -26.385931    -26.385932
   3.65612    -26.385642    -26.385644
   3.71266    -26.385419    -26.385421
   3.76920    -26.385281    -26.385282
   3.82574    -26.385236    -26.385237
   3.82574    -26.385236    -26.385237
   3.88314    -26.385287    -26.385288
   3.94054    -26.385434    -26.385435
   3.99795    -26.385662    -26.385664
   4.05535    -26.385954    -26.385956
   4.11275    -26.386298    -26.386300
   4.17015    -26.386690    -26.386691
   4.22755    -26.387118    -26.387120
   4.28495    -26.387549    -26.387551
   4.34235    -26.387952    -26.387954
   4.39975    -26.388297    -26.388299
   4.45716    -26.388561    -26.388563
   4.51456    -26.388729    -26.388730
   4.57196    -26.388788    -26.388789
 
# Band-Index   16
   4.57196    -26.388199    -26.388201
   4.51456    -26.388157    -26.388159
   4.45716    -26.388040    -26.388041
   4.39975    -26.387849    -26.387851
   4.34235    -26.387594    -26.387596
   4.28495    -26.387290    -26.387291
   4.22755    -26.386948    -26.386949
   4.17015    -26.386578    -26.386580
   4.11275    -26.386200    -26.386202
   4.05535    -26.385848    -26.385849
   3.99795    -26.385560    -26.385562
   3.94054    -26.385355    -26.385356
   3.88314    -26.385236    -26.385238
   3.82574    -26.385197    -26.385199
   3.82574    -26.385197    -26.385199
   3.76920    -26.385240    -26.385242
   3.71266    -26.385362    -26.385364
   3.65612    -26.385564    -26.385566
   3.59958    -26.385848    -26.385850
   3.54304    -26.386201    -26.386202
   3.48650    -26.386577    -26.386579
   3.42995    -26.386942    -26.386943
   3.37341    -26.387282    -26.387283
   3.31687    -26.387586    -26.387588
   3.26033    -26.387842    -26.387844
   3.20379    -26.388034    -26.388036
   3.14725    -26.388151    -26.388152
   3.09071    -26.388194    -26.388195
   3.09071    -26.387991    -26.387993
   3.03334    -26.387950    -26.387951
   2.97598    -26.387833    -26.387834
   2.91861    -26.387643    -26.387644
   2.86124    -26.387389    -26.387390
   2.80388    -26.387086    -26.387088
   2.74651    -26.386749    -26.386750
   2.68914    -26.386387    -26.386388
   2.63178    -26.386013    -26.386015
   2.57441    -26.385689    -26.385691
   2.51704    -26.385428    -26.385429
   2.45968    -26.385275    -26.385277
   2.40231    -26.385214    -26.385216
   2.34495    -26.385197    -26.385199
   2.34495    -26.385197    -26.385199
   2.28754    -26.385240    -26.385242
   2.23014    -26.385362    -26.385364
   2.17274    -26.385564    -26.385566
   2.11534    -26.385849    -26.385850
   2.05793    -26.386201    -26.386202
   2.00053    -26.386576    -26.386578
   1.94313    -26.386942    -26.386943
   1.88572    -26.387282    -26.387284
   1.82832    -26.387586    -26.387588
   1.77092    -26.387841    -26.387843
   1.71352    -26.388032    -26.388034
   1.65611    -26.388151    -26.388152
   1.59871    -26.388193    -26.388195
   1.59871    -26.387992    -26.387994
   1.54221    -26.387950    -26.387952
   1.48571    -26.387835    -26.387836
   1.42921    -26.387644    -26.387645
   1.37270    -26.387389    -26.387391
   1.31620    -26.387086    -26.387088
   1.25970    -26.386748    -26.386750
   1.20320    -26.386387    -26.386388
   1.14669    -26.386013    -26.386015
   1.09019    -26.385689    -26.385691
   1.03369    -26.385428    -26.385429
   0.97719    -26.385276    -26.385277
   0.92069    -26.385214    -26.385216
   0.86418    -26.385197    -26.385199
   0.86418    -26.385197    -26.385199
   0.83188    -26.385198    -26.385200
   0.79958    -26.385198    -26.385199
   0.76727    -26.385198    -26.385200
   0.73497    -26.385198    -26.385200
   0.73497    -26.388200    -26.388201
   0.67843    -26.388158    -26.388159
   0.62190    -26.388042    -26.388043
   0.56536    -26.387850    -26.387852
   0.50883    -26.387595    -26.387596
   0.45229    -26.387290    -26.387291
   0.39575    -26.386948    -26.386949
   0.33922    -26.386578    -26.386580
   0.28268    -26.386200    -26.386202
   0.22614    -26.385847    -26.385849
   0.16961    -26.385560    -26.385561
   0.11307    -26.385355    -26.385357
   0.05654    -26.385236    -26.385238
   0.00000    -26.385197    -26.385199
 
# Band-Index   17
   0.00000    -26.384969    -26.384971
   0.05654    -26.385009    -26.385010
   0.11307    -26.385116    -26.385117
   0.16961    -26.385276    -26.385277
   0.22614    -26.385472    -26.385474
   0.28268    -26.385693    -26.385695
   0.33922    -26.385930    -26.385932
   0.39575    -26.386171    -26.386172
   0.45229    -26.386401    -26.386402
   0.50883    -26.386610    -26.386612
   0.56536    -26.386787    -26.386789
   0.62190    -26.386921    -26.386923
   0.67843    -26.387004    -26.387006
   0.73497    -26.387033    -26.387035
   0.73497    -26.384971    -26.384973
   0.76727    -26.384971    -26.384972
   0.79958    -26.384970    -26.384971
   0.83188    -26.384970    -26.384972
   0.86418    -26.384969    -26.384971
   0.86418    -26.384969    -26.384971
   0.92069    -26.385031    -26.385033
   0.97719    -26.385186    -26.385188
   1.03369    -26.385376    -26.385377
   1.09019    -26.385630    -26.385632
   1.14669    -26.385892    -26.385894
   1.20320    -26.386131    -26.386132
   1.25970    -26.386370    -26.386372
   1.31620    -26.386599    -26.386601
   1.37270    -26.386808    -26.386809
   1.42921    -26.386984    -26.386986
   1.48571    -26.387118    -26.387119
   1.54221    -26.387201    -26.387202
   1.59871    -26.387229    -26.387231
   1.59871    -26.387065    -26.387067
   1.65611    -26.387035    -26.387036
   1.71352    -26.386950    -26.386952
   1.77092    -26.386815    -26.386816
   1.82832    -26.386637    -26.386639
   1.88572    -26.386427    -26.386428
   1.94313    -26.386195    -26.386196
   2.00053    -26.385952    -26.385954
   2.05793    -26.385713    -26.385715
   2.11534    -26.385487    -26.385489
   2.17274    -26.385285    -26.385286
   2.23014    -26.385118    -26.385120
   2.28754    -26.385008    -26.385010
   2.34495    -26.384969    -26.384971
   2.34495    -26.384969    -26.384971
   2.40231    -26.385031    -26.385033
   2.45968    -26.385186    -26.385188
   2.51704    -26.385376    -26.385377
   2.57441    -26.385631    -26.385632
   2.63178    -26.385893    -26.385894
   2.68914    -26.386131    -26.386132
   2.74651    -26.386370    -26.386372
   2.80388    -26.386600    -26.386602
   2.86124    -26.386808    -26.386810
   2.91861    -26.386984    -26.386985
   2.97598    -26.387118    -26.387119
   3.03334    -26.387201    -26.387203
   3.09071    -26.387230    -26.387232
   3.09071    -26.387064    -26.387066
   3.14725    -26.387034    -26.387036
   3.20379    -26.386950    -26.386952
   3.26033    -26.386815    -26.386817
   3.31687    -26.386637    -26.386639
   3.37341    -26.386426    -26.386428
   3.42995    -26.386195    -26.386196
   3.48650    -26.385953    -26.385954
   3.54304    -26.385713    -26.385714
   3.59958    -26.385487    -26.385489
   3.65612    -26.385285    -26.385286
   3.71266    -26.385118    -26.385120
   3.76920    -26.385008    -26.385010
   3.82574    -26.384969    -26.384971
   3.82574    -26.384969    -26.384971
   3.88314    -26.385009    -26.385010
   3.94054    -26.385116    -26.385117
   3.99795    -26.385275    -26.385277
   4.05535    -26.385472    -26.385474
   4.11275    -26.385693    -26.385695
   4.17015    -26.385930    -26.385931
   4.22755    -26.386171    -26.386172
   4.28495    -26.386402    -26.386403
   4.34235    -26.386611    -26.386612
   4.39975    -26.386787    -26.386788
   4.45716    -26.386922    -26.386923
   4.51456    -26.387005    -26.387006
   4.57196    -26.387034    -26.387036
 
# Band-Index   18
   4.57196    -26.386573    -26.386574
   4.51456    -26.386548    -26.386549
   4.45716    -26.386477    -26.386478
   4.39975    -26.386365    -26.386367
   4.34235    -26.386218    -26.386220
   4.28495    -26.386044    -26.386046
   4.22755    -26.385853    -26.385855
   4.17015    -26.385657    -26.385658
   4.11275    -26.385467    -26.385469
   4.05535    -26.385295    -26.385296
   3.99795    -26.385150    -26.385152
   3.94054    -26.385041    -26.385043
   3.88314    -26.384975    -26.384977
   3.82574    -26.384955    -26.384956
   3.82574    -26.384955    -26.384956
   3.76920    -26.384980    -26.384982
   3.71266    -26.385051    -26.385053
   3.65612    -26.385165    -26.385166
   3.59958    -26.385313    -26.385314
   3.54304    -26.385488    -26.385489
   3.48650    -26.385680    -26.385682
   3.42995    -26.385877    -26.385879
   3.37341    -26.386069    -26.386071
   3.31687    -26.386245    -26.386247
   3.26033    -26.386396    -26.386397
   3.20379    -26.386510    -26.386512
   3.14725    -26.386580    -26.386582
   3.09071    -26.386605    -26.386606
   3.09071    -26.386767    -26.386768
   3.03334    -26.386741    -26.386743
   2.97598    -26.386671    -26.386673
   2.91861    -26.386560    -26.386562
   2.86124    -26.386415    -26.386416
   2.80388    -26.386242    -26.386244
   2.74651    -26.386053    -26.386055
   2.68914    -26.385859    -26.385861
   2.63178    -26.385672    -26.385674
   2.57441    -26.385500    -26.385502
   2.51704    -26.385320    -26.385322
   2.45968    -26.385112    -26.385114
   2.40231    -26.384988    -26.384990
   2.34495    -26.384955    -26.384956
   2.34495    -26.384955    -26.384956
   2.28754    -26.384980    -26.384982
   2.23014    -26.385051    -26.385053
   2.17274    -26.385165    -26.385167
   2.11534    -26.385313    -26.385315
   2.05793    -26.385488    -26.385490
   2.00053    -26.385680    -26.385682
   1.94313    -26.385878    -26.385880
   1.88572    -26.386071    -26.386072
   1.82832    -26.386246    -26.386248
   1.77092    -26.386394    -26.386396
   1.71352    -26.386507    -26.386509
   1.65611    -26.386579    -26.386581
   1.59871    -26.386605    -26.386607
   1.59871    -26.386766    -26.386767
   1.54221    -26.386742    -26.386744
   1.48571    -26.386674    -26.386676
   1.42921    -26.386562    -26.386564
   1.37270    -26.386414    -26.386416
   1.31620    -26.386241    -26.386243
   1.25970    -26.386053    -26.386054
   1.20320    -26.385859    -26.385861
   1.14669    -26.385671    -26.385673
   1.09019    -26.385500    -26.385502
   1.03369    -26.385320    -26.385322
   0.97719    -26.385112    -26.385114
   0.92069    -26.384988    -26.384990
   0.86418    -26.384955    -26.384956
   0.86418    -26.384955    -26.384956
   0.83188    -26.384956    -26.384958
   0.79958    -26.384955    -26.384957
   0.76727    -26.384956    -26.384958
   0.73497    -26.384955    -26.384957
   0.73497    -26.386572    -26.386574
   0.67843    -26.386548    -26.386550
   0.62190    -26.386479    -26.386481
   0.56536    -26.386367    -26.386368
   0.50883    -26.386218    -26.386219
   0.45229    -26.386043    -26.386045
   0.39575    -26.385853    -26.385854
   0.33922    -26.385657    -26.385659
   0.28268    -26.385467    -26.385469
   0.22614    -26.385295    -26.385296
   0.16961    -26.385150    -26.385152
   0.11307    -26.385041    -26.385043
   0.05654    -26.384975    -26.384977
   0.00000    -26.384955    -26.384956
 
# Band-Index   19
   0.00000    -26.214009    -26.214010
   0.05654    -26.214004    -26.214004
   0.11307    -26.213989    -26.213989
   0.16961    -26.213973    -26.213974
   0.22614    -26.213973    -26.213973
   0.28268    -26.214005    -26.214006
   0.33922    -26.214092    -26.214093
   0.39575    -26.214255    -26.214255
   0.45229    -26.214508    -26.214509
   0.50883    -26.214811    -26.214811
   0.56536    -26.215081    -26.215082
   0.62190    -26.215274    -26.215274
   0.67843    -26.215379    -26.215379
   0.73497    -26.215412    -26.215413
   0.73497    -26.214011    -26.214012
   0.76727    -26.214011    -26.214012
   0.79958    -26.214010    -26.214011
   0.83188    -26.214012    -26.214013
   0.86418    -26.214009    -26.214010
   0.86418    -26.214009    -26.214010
   0.92069    -26.214005    -26.214005
   0.97719    -26.213994    -26.213995
   1.03369    -26.213986    -26.213987
   1.09019    -26.213999    -26.213999
   1.14669    -26.214053    -26.214054
   1.20320    -26.214175    -26.214175
   1.25970    -26.214381    -26.214381
   1.31620    -26.214663    -26.214663
   1.37270    -26.214967    -26.214967
   1.42921    -26.215232    -26.215232
   1.48571    -26.215424    -26.215424
   1.54221    -26.215534    -26.215534
   1.59871    -26.215570    -26.215570
   1.59871    -26.215454    -26.215454
   1.65611    -26.215417    -26.215418
   1.71352    -26.215308    -26.215308
   1.77092    -26.215116    -26.215117
   1.82832    -26.214849    -26.214849
   1.88572    -26.214547    -26.214547
   1.94313    -26.214285    -26.214286
   2.00053    -26.214111    -26.214112
   2.05793    -26.214018    -26.214019
   2.11534    -26.213981    -26.213981
   2.17274    -26.213978    -26.213978
   2.23014    -26.213991    -26.213991
   2.28754    -26.214004    -26.214005
   2.34495    -26.214009    -26.214010
   2.34495    -26.214009    -26.214010
   2.40231    -26.214005    -26.214005
   2.45968    -26.213994    -26.213995
   2.51704    -26.213986    -26.213987
   2.57441    -26.213999    -26.214000
   2.63178    -26.214054    -26.214055
   2.68914    -26.214174    -26.214175
   2.74651    -26.214381    -26.214381
   2.80388    -26.214663    -26.214664
   2.86124    -26.214968    -26.214968
   2.91861    -26.215232    -26.215232
   2.97598    -26.215422    -26.215422
   3.03334    -26.215534    -26.215534
   3.09071    -26.215571    -26.215571
   3.09071    -26.215453    -26.215453
   3.14725    -26.215417    -26.215418
   3.20379    -26.215310    -26.215310
   3.26033    -26.215117    -26.215117
   3.31687    -26.214848    -26.214848
   3.37341    -26.214546    -26.214546
   3.42995    -26.214285    -26.214285
   3.48650    -26.214112    -26.214112
   3.54304    -26.214017    -26.214018
   3.59958    -26.213980    -26.213980
   3.65612    -26.213977    -26.213978
   3.71266    -26.213991    -26.213991
   3.76920    -26.214004    -26.214005
   3.82574    -26.214009    -26.214010
   3.82574    -26.214009    -26.214010
   3.88314    -26.214004    -26.214004
   3.94054    -26.213989    -26.213989
   3.99795    -26.213974    -26.213974
   4.05535    -26.213973    -26.213974
   4.11275    -26.214006    -26.214006
   4.17015    -26.214092    -26.214092
   4.22755    -26.214255    -26.214256
   4.28495    -26.214509    -26.214509
   4.34235    -26.214812    -26.214812
   4.39975    -26.215081    -26.215081
   4.45716    -26.215272    -26.215272
   4.51456    -26.215379    -26.215379
   4.57196    -26.215413    -26.215414
 
# Band-Index   20
   4.57196    -26.214663    -26.214663
   4.51456    -26.214613    -26.214613
   4.45716    -26.214477    -26.214477
   4.39975    -26.214274    -26.214274
   4.34235    -26.214011    -26.214011
   4.28495    -26.213661    -26.213661
   4.22755    -26.213155    -26.213155
   4.17015    -26.212468    -26.212467
   4.11275    -26.212125    -26.212125
   4.05535    -26.212083    -26.212083
   3.99795    -26.212065    -26.212065
   3.94054    -26.212059    -26.212059
   3.88314    -26.212059    -26.212059
   3.82574    -26.212060    -26.212060
   3.82574    -26.212060    -26.212060
   3.76920    -26.212060    -26.212060
   3.71266    -26.212061    -26.212061
   3.65612    -26.212067    -26.212067
   3.59958    -26.212087    -26.212087
   3.54304    -26.212132    -26.212132
   3.48650    -26.212405    -26.212406
   3.42995    -26.213081    -26.213082
   3.37341    -26.213580    -26.213580
   3.31687    -26.213933    -26.213933
   3.26033    -26.214200    -26.214200
   3.20379    -26.214405    -26.214405
   3.14725    -26.214538    -26.214538
   3.09071    -26.214587    -26.214588
   3.09071    -26.214340    -26.214340
   3.03334    -26.214292    -26.214292
   2.97598    -26.214161    -26.214161
   2.91861    -26.213959    -26.213959
   2.86124    -26.213691    -26.213691
   2.80388    -26.213343    -26.213343
   2.74651    -26.212867    -26.212867
   2.68914    -26.212237    -26.212237
   2.63178    -26.212136    -26.212136
   2.57441    -26.212090    -26.212090
   2.51704    -26.212068    -26.212068
   2.45968    -26.212061    -26.212061
   2.40231    -26.212060    -26.212060
   2.34495    -26.212060    -26.212060
   2.34495    -26.212060    -26.212060
   2.28754    -26.212060    -26.212060
   2.23014    -26.212061    -26.212061
   2.17274    -26.212067    -26.212067
   2.11534    -26.212089    -26.212089
   2.05793    -26.212133    -26.212133
   2.00053    -26.212405    -26.212405
   1.94313    -26.213080    -26.213081
   1.88572    -26.213581    -26.213581
   1.82832    -26.213933    -26.213934
   1.77092    -26.214199    -26.214199
   1.71352    -26.214402    -26.214403
   1.65611    -26.214537    -26.214538
   1.59871    -26.214587    -26.214587
   1.59871    -26.214340    -26.214340
   1.54221    -26.214293    -26.214293
   1.48571    -26.214164    -26.214164
   1.42921    -26.213960    -26.213960
   1.37270    -26.213691    -26.213691
   1.31620    -26.213342    -26.213342
   1.25970    -26.212867    -26.212867
   1.20320    -26.212238    -26.212238
   1.14669    -26.212135    -26.212135
   1.09019    -26.212089    -26.212089
   1.03369    -26.212068    -26.212068
   0.97719    -26.212061    -26.212061
   0.92069    -26.212060    -26.212060
   0.86418    -26.212060    -26.212060
   0.86418    -26.212060    -26.212060
   0.83188    -26.212063    -26.212063
   0.79958    -26.212061    -26.212061
   0.76727    -26.212062    -26.212062
   0.73497    -26.212062    -26.212062
   0.73497    -26.214663    -26.214663
   0.67843    -26.214614    -26.214614
   0.62190    -26.214479    -26.214479
   0.56536    -26.214275    -26.214275
   0.50883    -26.214011    -26.214011
   0.45229    -26.213660    -26.213660
   0.39575    -26.213155    -26.213155
   0.33922    -26.212468    -26.212468
   0.28268    -26.212124    -26.212124
   0.22614    -26.212083    -26.212083
   0.16961    -26.212064    -26.212064
   0.11307    -26.212059    -26.212059
   0.05654    -26.212059    -26.212059
   0.00000    -26.212060    -26.212060
 
# Band-Index   21
   0.00000    -26.210226    -26.210227
   0.05654    -26.210226    -26.210226
   0.11307    -26.210224    -26.210225
   0.16961    -26.210228    -26.210228
   0.22614    -26.210684    -26.210683
   0.28268    -26.211626    -26.211626
   0.33922    -26.212188    -26.212188
   0.39575    -26.212279    -26.212279
   0.45229    -26.212385    -26.212385
   0.50883    -26.212494    -26.212494
   0.56536    -26.212591    -26.212591
   0.62190    -26.212665    -26.212665
   0.67843    -26.212709    -26.212709
   0.73497    -26.212725    -26.212725
   0.73497    -26.210228    -26.210229
   0.76727    -26.210228    -26.210229
   0.79958    -26.210227    -26.210228
   0.83188    -26.210230    -26.210230
   0.86418    -26.210226    -26.210227
   0.86418    -26.210226    -26.210227
   0.92069    -26.210226    -26.210227
   0.97719    -26.210228    -26.210229
   1.03369    -26.210235    -26.210236
   1.09019    -26.210496    -26.210496
   1.14669    -26.211417    -26.211417
   1.20320    -26.212191    -26.212191
   1.25970    -26.212302    -26.212302
   1.31620    -26.212412    -26.212413
   1.37270    -26.212524    -26.212524
   1.42921    -26.212621    -26.212621
   1.48571    -26.212694    -26.212694
   1.54221    -26.212735    -26.212735
   1.59871    -26.212749    -26.212750
   1.59871    -26.212776    -26.212776
   1.65611    -26.212758    -26.212758
   1.71352    -26.212708    -26.212708
   1.77092    -26.212629    -26.212629
   1.82832    -26.212526    -26.212526
   1.88572    -26.212410    -26.212410
   1.94313    -26.212297    -26.212297
   2.00053    -26.212199    -26.212199
   2.05793    -26.211570    -26.211570
   2.11534    -26.210632    -26.210632
   2.17274    -26.210236    -26.210236
   2.23014    -26.210228    -26.210229
   2.28754    -26.210227    -26.210227
   2.34495    -26.210226    -26.210227
   2.34495    -26.210226    -26.210227
   2.40231    -26.210227    -26.210227
   2.45968    -26.210228    -26.210229
   2.51704    -26.210236    -26.210236
   2.57441    -26.210497    -26.210497
   2.63178    -26.211417    -26.211417
   2.68914    -26.212191    -26.212191
   2.74651    -26.212302    -26.212302
   2.80388    -26.212413    -26.212413
   2.86124    -26.212524    -26.212524
   2.91861    -26.212620    -26.212621
   2.97598    -26.212692    -26.212692
   3.03334    -26.212735    -26.212735
   3.09071    -26.212750    -26.212750
   3.09071    -26.212776    -26.212776
   3.14725    -26.212758    -26.212758
   3.20379    -26.212710    -26.212710
   3.26033    -26.212629    -26.212629
   3.31687    -26.212525    -26.212525
   3.37341    -26.212410    -26.212410
   3.42995    -26.212297    -26.212297
   3.48650    -26.212199    -26.212199
   3.54304    -26.211569    -26.211569
   3.59958    -26.210631    -26.210631
   3.65612    -26.210235    -26.210236
   3.71266    -26.210228    -26.210229
   3.76920    -26.210227    -26.210227
   3.82574    -26.210226    -26.210227
   3.82574    -26.210226    -26.210227
   3.88314    -26.210226    -26.210226
   3.94054    -26.210224    -26.210225
   3.99795    -26.210228    -26.210229
   4.05535    -26.210684    -26.210684
   4.11275    -26.211626    -26.211626
   4.17015    -26.212188    -26.212188
   4.22755    -26.212280    -26.212280
   4.28495    -26.212386    -26.212386
   4.34235    -26.212494    -26.212494
   4.39975    -26.212590    -26.212590
   4.45716    -26.212664    -26.212664
   4.51456    -26.212709    -26.212709
   4.57196    -26.212725    -26.212725
 
# Band-Index   22
   4.57196    -26.210850    -26.210850
   4.51456    -26.210834    -26.210835
   4.45716    -26.210790    -26.210790
   4.39975    -26.210719    -26.210720
   4.34235    -26.210627    -26.210627
   4.28495    -26.210523    -26.210524
   4.22755    -26.210423    -26.210424
   4.17015    -26.210339    -26.210340
   4.11275    -26.210278    -26.210279
   4.05535    -26.210241    -26.210242
   3.99795    -26.209694    -26.209694
   3.94054    -26.208754    -26.208754
   3.88314    -26.208026    -26.208026
   3.82574    -26.207749    -26.207749
   3.82574    -26.207749    -26.207749
   3.76920    -26.207988    -26.207988
   3.71266    -26.208705    -26.208705
   3.65612    -26.209643    -26.209643
   3.59958    -26.210253    -26.210253
   3.54304    -26.210295    -26.210295
   3.48650    -26.210360    -26.210361
   3.42995    -26.210448    -26.210448
   3.37341    -26.210549    -26.210549
   3.31687    -26.210651    -26.210652
   3.26033    -26.210743    -26.210743
   3.20379    -26.210813    -26.210813
   3.14725    -26.210854    -26.210854
   3.09071    -26.210869    -26.210869
   3.09071    -26.210880    -26.210881
   3.03334    -26.210865    -26.210866
   2.97598    -26.210823    -26.210824
   2.91861    -26.210755    -26.210755
   2.86124    -26.210663    -26.210664
   2.80388    -26.210559    -26.210560
   2.74651    -26.210455    -26.210456
   2.68914    -26.210365    -26.210366
   2.63178    -26.210298    -26.210299
   2.57441    -26.210254    -26.210255
   2.51704    -26.209516    -26.209516
   2.45968    -26.208578    -26.208578
   2.40231    -26.207853    -26.207852
   2.34495    -26.207749    -26.207749
   2.34495    -26.207749    -26.207749
   2.28754    -26.207988    -26.207988
   2.23014    -26.208705    -26.208705
   2.17274    -26.209643    -26.209643
   2.11534    -26.210254    -26.210255
   2.05793    -26.210296    -26.210296
   2.00053    -26.210360    -26.210361
   1.94313    -26.210448    -26.210448
   1.88572    -26.210549    -26.210550
   1.82832    -26.210652    -26.210652
   1.77092    -26.210742    -26.210743
   1.71352    -26.210811    -26.210812
   1.65611    -26.210854    -26.210854
   1.59871    -26.210869    -26.210870
   1.59871    -26.210880    -26.210880
   1.54221    -26.210865    -26.210866
   1.48571    -26.210825    -26.210826
   1.42921    -26.210755    -26.210756
   1.37270    -26.210663    -26.210664
   1.31620    -26.210559    -26.210559
   1.25970    -26.210455    -26.210456
   1.20320    -26.210366    -26.210366
   1.14669    -26.210298    -26.210298
   1.09019    -26.210253    -26.210254
   1.03369    -26.209516    -26.209516
   0.97719    -26.208578    -26.208578
   0.92069    -26.207853    -26.207852
   0.86418    -26.207749    -26.207749
   0.86418    -26.207749    -26.207749
   0.83188    -26.207751    -26.207751
   0.79958    -26.207750    -26.207750
   0.76727    -26.207750    -26.207750
   0.73497    -26.207750    -26.207750
   0.73497    -26.210849    -26.210850
   0.67843    -26.210834    -26.210835
   0.62190    -26.210792    -26.210792
   0.56536    -26.210719    -26.210720
   0.50883    -26.210626    -26.210627
   0.45229    -26.210523    -26.210524
   0.39575    -26.210423    -26.210424
   0.33922    -26.210339    -26.210340
   0.28268    -26.210278    -26.210278
   0.22614    -26.210241    -26.210241
   0.16961    -26.209694    -26.209694
   0.11307    -26.208754    -26.208754
   0.05654    -26.208026    -26.208026
   0.00000    -26.207749    -26.207749
 
# Band-Index   23
   0.00000    -26.207539    -26.207539
   0.05654    -26.207573    -26.207573
   0.11307    -26.207633    -26.207633
   0.16961    -26.207718    -26.207718
   0.22614    -26.207825    -26.207824
   0.28268    -26.207945    -26.207945
   0.33922    -26.208072    -26.208072
   0.39575    -26.208252    -26.208252
   0.45229    -26.208786    -26.208786
   0.50883    -26.209234    -26.209233
   0.56536    -26.209592    -26.209591
   0.62190    -26.209854    -26.209854
   0.67843    -26.210013    -26.210012
   0.73497    -26.210068    -26.210068
   0.73497    -26.207540    -26.207540
   0.76727    -26.207540    -26.207540
   0.79958    -26.207540    -26.207540
   0.83188    -26.207540    -26.207540
   0.86418    -26.207539    -26.207539
   0.86418    -26.207539    -26.207539
   0.92069    -26.207750    -26.207750
   0.97719    -26.207814    -26.207814
   1.03369    -26.207897    -26.207897
   1.09019    -26.208003    -26.208003
   1.14669    -26.208122    -26.208122
   1.20320    -26.208248    -26.208248
   1.25970    -26.208590    -26.208590
   1.31620    -26.209118    -26.209118
   1.37270    -26.209563    -26.209562
   1.42921    -26.209921    -26.209920
   1.48571    -26.210186    -26.210186
   1.54221    -26.210348    -26.210348
   1.59871    -26.210405    -26.210404
   1.59871    -26.210085    -26.210084
   1.65611    -26.210030    -26.210029
   1.71352    -26.209873    -26.209873
   1.77092    -26.209620    -26.209619
   1.82832    -26.209274    -26.209273
   1.88572    -26.208839    -26.208839
   1.94313    -26.208318    -26.208317
   2.00053    -26.208132    -26.208132
   2.05793    -26.208005    -26.208005
   2.11534    -26.207884    -26.207884
   2.17274    -26.207776    -26.207776
   2.23014    -26.207688    -26.207688
   2.28754    -26.207614    -26.207614
   2.34495    -26.207539    -26.207539
   2.34495    -26.207539    -26.207539
   2.40231    -26.207750    -26.207750
   2.45968    -26.207814    -26.207814
   2.51704    -26.207898    -26.207898
   2.57441    -26.208003    -26.208003
   2.63178    -26.208123    -26.208123
   2.68914    -26.208248    -26.208248
   2.74651    -26.208590    -26.208590
   2.80388    -26.209119    -26.209119
   2.86124    -26.209563    -26.209562
   2.91861    -26.209920    -26.209919
   2.97598    -26.210184    -26.210183
   3.03334    -26.210348    -26.210347
   3.09071    -26.210405    -26.210405
   3.09071    -26.210084    -26.210084
   3.14725    -26.210030    -26.210029
   3.20379    -26.209876    -26.209875
   3.26033    -26.209621    -26.209620
   3.31687    -26.209273    -26.209273
   3.37341    -26.208838    -26.208838
   3.42995    -26.208318    -26.208318
   3.48650    -26.208132    -26.208132
   3.54304    -26.208004    -26.208004
   3.59958    -26.207884    -26.207883
   3.65612    -26.207776    -26.207776
   3.71266    -26.207688    -26.207688
   3.76920    -26.207614    -26.207614
   3.82574    -26.207539    -26.207539
   3.82574    -26.207539    -26.207539
   3.88314    -26.207573    -26.207573
   3.94054    -26.207633    -26.207633
   3.99795    -26.207718    -26.207718
   4.05535    -26.207824    -26.207824
   4.11275    -26.207946    -26.207945
   4.17015    -26.208072    -26.208072
   4.22755    -26.208253    -26.208252
   4.28495    -26.208787    -26.208787
   4.34235    -26.209234    -26.209233
   4.39975    -26.209590    -26.209590
   4.45716    -26.209852    -26.209851
   4.51456    -26.210012    -26.210012
   4.57196    -26.210069    -26.210068
 
# Band-Index   24
   4.57196    -26.208619    -26.208619
   4.51456    -26.208604    -26.208604
   4.45716    -26.208565    -26.208565
   4.39975    -26.208502    -26.208502
   4.34235    -26.208419    -26.208419
   4.28495    -26.208316    -26.208316
   4.22755    -26.208198    -26.208198
   4.17015    -26.207635    -26.207634
   4.11275    -26.206954    -26.206953
   4.05535    -26.206244    -26.206243
   3.99795    -26.205563    -26.205563
   3.94054    -26.205027    -26.205027
   3.88314    -26.204828    -26.204827
   3.82574    -26.204796    -26.204795
   3.82574    -26.204796    -26.204795
   3.76920    -26.204871    -26.204870
   3.71266    -26.205166    -26.205165
   3.65612    -26.205701    -26.205700
   3.59958    -26.206360    -26.206359
   3.54304    -26.207052    -26.207051
   3.48650    -26.207717    -26.207716
   3.42995    -26.208258    -26.208258
   3.37341    -26.208375    -26.208375
   3.31687    -26.208479    -26.208479
   3.26033    -26.208565    -26.208564
   3.20379    -26.208629    -26.208628
   3.14725    -26.208667    -26.208667
   3.09071    -26.208681    -26.208681
   3.09071    -26.208792    -26.208791
   3.03334    -26.208777    -26.208777
   2.97598    -26.208738    -26.208738
   2.91861    -26.208676    -26.208676
   2.86124    -26.208592    -26.208592
   2.80388    -26.208490    -26.208490
   2.74651    -26.208373    -26.208373
   2.68914    -26.207981    -26.207980
   2.63178    -26.207309    -26.207309
   2.57441    -26.206607    -26.206606
   2.51704    -26.205927    -26.205926
   2.45968    -26.205341    -26.205341
   2.40231    -26.204939    -26.204939
   2.34495    -26.204796    -26.204795
   2.34495    -26.204796    -26.204795
   2.28754    -26.204871    -26.204870
   2.23014    -26.205166    -26.205165
   2.17274    -26.205701    -26.205700
   2.11534    -26.206361    -26.206360
   2.05793    -26.207053    -26.207052
   2.00053    -26.207716    -26.207716
   1.94313    -26.208259    -26.208258
   1.88572    -26.208376    -26.208376
   1.82832    -26.208480    -26.208479
   1.77092    -26.208564    -26.208564
   1.71352    -26.208628    -26.208627
   1.65611    -26.208668    -26.208667
   1.59871    -26.208683    -26.208682
   1.59871    -26.208790    -26.208790
   1.54221    -26.208777    -26.208777
   1.48571    -26.208739    -26.208739
   1.42921    -26.208677    -26.208677
   1.37270    -26.208592    -26.208592
   1.31620    -26.208489    -26.208489
   1.25970    -26.208373    -26.208373
   1.20320    -26.207982    -26.207981
   1.14669    -26.207309    -26.207309
   1.09019    -26.206607    -26.206606
   1.03369    -26.205927    -26.205926
   0.97719    -26.205341    -26.205341
   0.92069    -26.204939    -26.204939
   0.86418    -26.204796    -26.204795
   0.86418    -26.204796    -26.204795
   0.83188    -26.204797    -26.204797
   0.79958    -26.204797    -26.204796
   0.76727    -26.204797    -26.204797
   0.73497    -26.204797    -26.204796
   0.73497    -26.208617    -26.208617
   0.67843    -26.208604    -26.208604
   0.62190    -26.208566    -26.208566
   0.56536    -26.208503    -26.208503
   0.50883    -26.208418    -26.208418
   0.45229    -26.208314    -26.208314
   0.39575    -26.208198    -26.208197
   0.33922    -26.207636    -26.207635
   0.28268    -26.206954    -26.206954
   0.22614    -26.206243    -26.206243
   0.16961    -26.205563    -26.205563
   0.11307    -26.205027    -26.205027
   0.05654    -26.204828    -26.204827
   0.00000    -26.204796    -26.204795
 
# Band-Index   25
   0.00000    -26.204304    -26.204303
   0.05654    -26.204434    -26.204433
   0.11307    -26.204679    -26.204678
   0.16961    -26.204788    -26.204787
   0.22614    -26.204859    -26.204858
   0.28268    -26.205244    -26.205244
   0.33922    -26.205907    -26.205906
   0.39575    -26.206509    -26.206509
   0.45229    -26.207032    -26.207032
   0.50883    -26.207471    -26.207471
   0.56536    -26.207822    -26.207822
   0.62190    -26.208080    -26.208079
   0.67843    -26.208235    -26.208235
   0.73497    -26.208289    -26.208289
   0.73497    -26.204305    -26.204304
   0.76727    -26.204305    -26.204304
   0.79958    -26.204305    -26.204304
   0.83188    -26.204305    -26.204304
   0.86418    -26.204304    -26.204303
   0.86418    -26.204304    -26.204303
   0.92069    -26.204317    -26.204317
   0.97719    -26.204350    -26.204349
   1.03369    -26.204395    -26.204394
   1.09019    -26.204543    -26.204543
   1.14669    -26.205235    -26.205235
   1.20320    -26.205902    -26.205902
   1.25970    -26.206509    -26.206509
   1.31620    -26.207038    -26.207038
   1.37270    -26.207484    -26.207484
   1.42921    -26.207843    -26.207843
   1.48571    -26.208108    -26.208108
   1.54221    -26.208269    -26.208269
   1.59871    -26.208325    -26.208325
   1.59871    -26.208189    -26.208189
   1.65611    -26.208131    -26.208131
   1.71352    -26.207967    -26.207967
   1.77092    -26.207701    -26.207702
   1.82832    -26.207342    -26.207342
   1.88572    -26.206893    -26.206893
   1.94313    -26.206358    -26.206358
   2.00053    -26.205745    -26.205745
   2.05793    -26.205073    -26.205073
   2.11534    -26.204700    -26.204700
   2.17274    -26.204624    -26.204623
   2.23014    -26.204527    -26.204526
   2.28754    -26.204387    -26.204386
   2.34495    -26.204304    -26.204303
   2.34495    -26.204304    -26.204303
   2.40231    -26.204317    -26.204317
   2.45968    -26.204350    -26.204349
   2.51704    -26.204395    -26.204394
   2.57441    -26.204544    -26.204544
   2.63178    -26.205235    -26.205235
   2.68914    -26.205901    -26.205901
   2.74651    -26.206509    -26.206509
   2.80388    -26.207039    -26.207039
   2.86124    -26.207484    -26.207484
   2.91861    -26.207842    -26.207842
   2.97598    -26.208105    -26.208105
   3.03334    -26.208268    -26.208268
   3.09071    -26.208325    -26.208325
   3.09071    -26.208188    -26.208188
   3.14725    -26.208131    -26.208131
   3.20379    -26.207969    -26.207969
   3.26033    -26.207703    -26.207703
   3.31687    -26.207341    -26.207341
   3.37341    -26.206892    -26.206892
   3.42995    -26.206358    -26.206358
   3.48650    -26.205746    -26.205746
   3.54304    -26.205072    -26.205072
   3.59958    -26.204700    -26.204700
   3.65612    -26.204624    -26.204623
   3.71266    -26.204527    -26.204526
   3.76920    -26.204387    -26.204386
   3.82574    -26.204304    -26.204303
   3.82574    -26.204304    -26.204303
   3.88314    -26.204434    -26.204433
   3.94054    -26.204679    -26.204678
   3.99795    -26.204788    -26.204787
   4.05535    -26.204859    -26.204858
   4.11275    -26.205244    -26.205244
   4.17015    -26.205906    -26.205906
   4.22755    -26.206509    -26.206509
   4.28495    -26.207033    -26.207033
   4.34235    -26.207471    -26.207471
   4.39975    -26.207821    -26.207821
   4.45716    -26.208077    -26.208077
   4.51456    -26.208235    -26.208234
   4.57196    -26.208290    -26.208289
 
# Band-Index   26
   4.57196    -26.205316    -26.205315
   4.51456    -26.205307    -26.205306
   4.45716    -26.205284    -26.205283
   4.39975    -26.205247    -26.205246
   4.34235    -26.205199    -26.205198
   4.28495    -26.205140    -26.205139
   4.22755    -26.205073    -26.205072
   4.17015    -26.205001    -26.205001
   4.11275    -26.204930    -26.204929
   4.05535    -26.204557    -26.204557
   3.99795    -26.203897    -26.203897
   3.94054    -26.203338    -26.203337
   3.88314    -26.202965    -26.202965
   3.82574    -26.202843    -26.202842
   3.82574    -26.202843    -26.202842
   3.76920    -26.202854    -26.202854
   3.71266    -26.203119    -26.203119
   3.65612    -26.203697    -26.203697
   3.59958    -26.204372    -26.204372
   3.54304    -26.204773    -26.204773
   3.48650    -26.204848    -26.204847
   3.42995    -26.204920    -26.204920
   3.37341    -26.204987    -26.204987
   3.31687    -26.205047    -26.205047
   3.26033    -26.205097    -26.205097
   3.20379    -26.205135    -26.205135
   3.14725    -26.205158    -26.205157
   3.09071    -26.205167    -26.205166
   3.09071    -26.204888    -26.204888
   3.03334    -26.204879    -26.204879
   2.97598    -26.204857    -26.204856
   2.91861    -26.204821    -26.204820
   2.86124    -26.204774    -26.204773
   2.80388    -26.204717    -26.204716
   2.74651    -26.204652    -26.204651
   2.68914    -26.204583    -26.204582
   2.63178    -26.204515    -26.204515
   2.57441    -26.204451    -26.204450
   2.51704    -26.203880    -26.203880
   2.45968    -26.203318    -26.203318
   2.40231    -26.202954    -26.202953
   2.34495    -26.202843    -26.202842
   2.34495    -26.202843    -26.202842
   2.28754    -26.202854    -26.202854
   2.23014    -26.203119    -26.203119
   2.17274    -26.203698    -26.203698
   2.11534    -26.204373    -26.204373
   2.05793    -26.204774    -26.204774
   2.00053    -26.204848    -26.204848
   1.94313    -26.204921    -26.204920
   1.88572    -26.204988    -26.204988
   1.82832    -26.205048    -26.205047
   1.77092    -26.205097    -26.205096
   1.71352    -26.205134    -26.205134
   1.65611    -26.205158    -26.205158
   1.59871    -26.205168    -26.205167
   1.59871    -26.204887    -26.204886
   1.54221    -26.204879    -26.204878
   1.48571    -26.204858    -26.204857
   1.42921    -26.204822    -26.204821
   1.37270    -26.204773    -26.204773
   1.31620    -26.204716    -26.204715
   1.25970    -26.204651    -26.204651
   1.20320    -26.204583    -26.204582
   1.14669    -26.204514    -26.204514
   1.09019    -26.204451    -26.204450
   1.03369    -26.203879    -26.203879
   0.97719    -26.203318    -26.203318
   0.92069    -26.202954    -26.202953
   0.86418    -26.202843    -26.202842
   0.86418    -26.202843    -26.202842
   0.83188    -26.202844    -26.202844
   0.79958    -26.202843    -26.202843
   0.76727    -26.202844    -26.202844
   0.73497    -26.202844    -26.202843
   0.73497    -26.205315    -26.205314
   0.67843    -26.205307    -26.205306
   0.62190    -26.205285    -26.205284
   0.56536    -26.205248    -26.205247
   0.50883    -26.205198    -26.205197
   0.45229    -26.205138    -26.205138
   0.39575    -26.205072    -26.205071
   0.33922    -26.205001    -26.205000
   0.28268    -26.204929    -26.204928
   0.22614    -26.204557    -26.204556
   0.16961    -26.203897    -26.203897
   0.11307    -26.203338    -26.203337
   0.05654    -26.202965    -26.202965
   0.00000    -26.202843    -26.202842
 
# Band-Index   27
   0.00000    -26.202572    -26.202572
   0.05654    -26.202599    -26.202599
   0.11307    -26.202642    -26.202642
   0.16961    -26.202691    -26.202691
   0.22614    -26.202747    -26.202747
   0.28268    -26.202809    -26.202809
   0.33922    -26.202876    -26.202876
   0.39575    -26.202942    -26.202942
   0.45229    -26.203005    -26.203005
   0.50883    -26.203061    -26.203061
   0.56536    -26.203108    -26.203109
   0.62190    -26.203144    -26.203144
   0.67843    -26.203164    -26.203164
   0.73497    -26.203172    -26.203172
   0.73497    -26.202572    -26.202573
   0.76727    -26.202573    -26.202573
   0.79958    -26.202572    -26.202572
   0.83188    -26.202573    -26.202573
   0.86418    -26.202572    -26.202572
   0.86418    -26.202572    -26.202572
   0.92069    -26.202612    -26.202612
   0.97719    -26.202669    -26.202669
   1.03369    -26.202721    -26.202721
   1.09019    -26.202778    -26.202778
   1.14669    -26.202840    -26.202840
   1.20320    -26.202906    -26.202906
   1.25970    -26.202972    -26.202972
   1.31620    -26.203033    -26.203033
   1.37270    -26.203088    -26.203088
   1.42921    -26.203135    -26.203135
   1.48571    -26.203170    -26.203170
   1.54221    -26.203190    -26.203190
   1.59871    -26.203197    -26.203197
   1.59871    -26.203385    -26.203385
   1.65611    -26.203376    -26.203376
   1.71352    -26.203354    -26.203353
   1.77092    -26.203319    -26.203319
   1.82832    -26.203274    -26.203274
   1.88572    -26.203219    -26.203219
   1.94313    -26.203158    -26.203158
   2.00053    -26.203093    -26.203093
   2.05793    -26.203029    -26.203029
   2.11534    -26.202969    -26.202969
   2.17274    -26.202917    -26.202917
   2.23014    -26.202875    -26.202875
   2.28754    -26.202714    -26.202715
   2.34495    -26.202572    -26.202572
   2.34495    -26.202572    -26.202572
   2.40231    -26.202612    -26.202612
   2.45968    -26.202669    -26.202669
   2.51704    -26.202721    -26.202721
   2.57441    -26.202778    -26.202778
   2.63178    -26.202841    -26.202841
   2.68914    -26.202906    -26.202906
   2.74651    -26.202972    -26.202972
   2.80388    -26.203034    -26.203034
   2.86124    -26.203089    -26.203089
   2.91861    -26.203134    -26.203134
   2.97598    -26.203168    -26.203168
   3.03334    -26.203190    -26.203190
   3.09071    -26.203199    -26.203199
   3.09071    -26.203384    -26.203384
   3.14725    -26.203375    -26.203375
   3.20379    -26.203355    -26.203354
   3.26033    -26.203320    -26.203320
   3.31687    -26.203273    -26.203273
   3.37341    -26.203218    -26.203218
   3.42995    -26.203157    -26.203157
   3.48650    -26.203093    -26.203093
   3.54304    -26.203029    -26.203028
   3.59958    -26.202969    -26.202969
   3.65612    -26.202917    -26.202917
   3.71266    -26.202875    -26.202875
   3.76920    -26.202714    -26.202715
   3.82574    -26.202572    -26.202572
   3.82574    -26.202572    -26.202572
   3.88314    -26.202599    -26.202599
   3.94054    -26.202642    -26.202642
   3.99795    -26.202691    -26.202691
   4.05535    -26.202747    -26.202747
   4.11275    -26.202810    -26.202810
   4.17015    -26.202876    -26.202876
   4.22755    -26.202943    -26.202943
   4.28495    -26.203006    -26.203006
   4.34235    -26.203062    -26.203062
   4.39975    -26.203107    -26.203108
   4.45716    -26.203142    -26.203143
   4.51456    -26.203165    -26.203165
   4.57196    -26.203173    -26.203173
 
# Band-Index   28
   4.57196    -26.195468    -26.195468
   4.51456    -26.195493    -26.195494
   4.45716    -26.195570    -26.195571
   4.39975    -26.195698    -26.195698
   4.34235    -26.195880    -26.195880
   4.28495    -26.196133    -26.196134
   4.22755    -26.196488    -26.196488
   4.17015    -26.196986    -26.196986
   4.11275    -26.197653    -26.197653
   4.05535    -26.198474    -26.198474
   3.99795    -26.199387    -26.199387
   3.94054    -26.200286    -26.200287
   3.88314    -26.200999    -26.201000
   3.82574    -26.201283    -26.201283
   3.82574    -26.201283    -26.201283
   3.76920    -26.200998    -26.200999
   3.71266    -26.200285    -26.200286
   3.65612    -26.199386    -26.199387
   3.59958    -26.198476    -26.198476
   3.54304    -26.197660    -26.197660
   3.48650    -26.196999    -26.196999
   3.42995    -26.196505    -26.196506
   3.37341    -26.196154    -26.196154
   3.31687    -26.195905    -26.195905
   3.26033    -26.195726    -26.195726
   3.20379    -26.195600    -26.195600
   3.14725    -26.195523    -26.195523
   3.09071    -26.195499    -26.195499
   3.09071    -26.195580    -26.195580
   3.03334    -26.195605    -26.195605
   2.97598    -26.195681    -26.195681
   2.91861    -26.195807    -26.195807
   2.86124    -26.195986    -26.195986
   2.80388    -26.196233    -26.196233
   2.74651    -26.196576    -26.196577
   2.68914    -26.197056    -26.197056
   2.63178    -26.197701    -26.197701
   2.57441    -26.198499    -26.198499
   2.51704    -26.199395    -26.199395
   2.45968    -26.200286    -26.200286
   2.40231    -26.200998    -26.200998
   2.34495    -26.201283    -26.201283
   2.34495    -26.201283    -26.201283
   2.28754    -26.200999    -26.200999
   2.23014    -26.200285    -26.200286
   2.17274    -26.199386    -26.199387
   2.11534    -26.198476    -26.198476
   2.05793    -26.197660    -26.197661
   2.00053    -26.196999    -26.196999
   1.94313    -26.196506    -26.196506
   1.88572    -26.196154    -26.196154
   1.82832    -26.195904    -26.195904
   1.77092    -26.195724    -26.195724
   1.71352    -26.195598    -26.195598
   1.65611    -26.195522    -26.195522
   1.59871    -26.195498    -26.195498
   1.59871    -26.195580    -26.195581
   1.54221    -26.195605    -26.195606
   1.48571    -26.195683    -26.195683
   1.42921    -26.195808    -26.195809
   1.37270    -26.195986    -26.195986
   1.31620    -26.196232    -26.196233
   1.25970    -26.196576    -26.196576
   1.20320    -26.197056    -26.197056
   1.14669    -26.197700    -26.197700
   1.09019    -26.198498    -26.198498
   1.03369    -26.199395    -26.199395
   0.97719    -26.200286    -26.200287
   0.92069    -26.200998    -26.200998
   0.86418    -26.201283    -26.201283
   0.86418    -26.201283    -26.201283
   0.83188    -26.201287    -26.201288
   0.79958    -26.201284    -26.201285
   0.76727    -26.201285    -26.201286
   0.73497    -26.201286    -26.201287
   0.73497    -26.195469    -26.195469
   0.67843    -26.195494    -26.195494
   0.62190    -26.195572    -26.195572
   0.56536    -26.195699    -26.195700
   0.50883    -26.195880    -26.195881
   0.45229    -26.196132    -26.196133
   0.39575    -26.196487    -26.196488
   0.33922    -26.196985    -26.196986
   0.28268    -26.197652    -26.197653
   0.22614    -26.198473    -26.198473
   0.16961    -26.199386    -26.199387
   0.11307    -26.200287    -26.200287
   0.05654    -26.200999    -26.201000
   0.00000    -26.201283    -26.201283
 
# Band-Index   29
   0.00000    -26.193134    -26.193134
   0.05654    -26.193132    -26.193132
   0.11307    -26.193134    -26.193133
   0.16961    -26.193127    -26.193127
   0.22614    -26.193082    -26.193082
   0.28268    -26.192962    -26.192962
   0.33922    -26.192744    -26.192743
   0.39575    -26.192433    -26.192432
   0.45229    -26.192065    -26.192065
   0.50883    -26.191698    -26.191697
   0.56536    -26.191378    -26.191377
   0.62190    -26.191133    -26.191133
   0.67843    -26.190980    -26.190980
   0.73497    -26.190930    -26.190930
   0.73497    -26.193135    -26.193135
   0.76727    -26.193135    -26.193135
   0.79958    -26.193135    -26.193134
   0.83188    -26.193135    -26.193135
   0.86418    -26.193134    -26.193134
   0.86418    -26.193134    -26.193134
   0.92069    -26.193098    -26.193098
   0.97719    -26.192995    -26.192995
   1.03369    -26.192939    -26.192939
   1.09019    -26.192878    -26.192878
   1.14669    -26.192737    -26.192737
   1.20320    -26.192499    -26.192498
   1.25970    -26.192172    -26.192171
   1.31620    -26.191795    -26.191795
   1.37270    -26.191424    -26.191424
   1.42921    -26.191129    -26.191129
   1.48571    -26.190983    -26.190983
   1.54221    -26.190892    -26.190892
   1.59871    -26.190861    -26.190861
   1.59871    -26.190896    -26.190896
   1.65611    -26.190944    -26.190944
   1.71352    -26.191094    -26.191094
   1.77092    -26.191338    -26.191339
   1.82832    -26.191659    -26.191660
   1.88572    -26.192028    -26.192028
   1.94313    -26.192398    -26.192398
   2.00053    -26.192711    -26.192711
   2.05793    -26.192933    -26.192933
   2.11534    -26.193057    -26.193057
   2.17274    -26.193108    -26.193108
   2.23014    -26.193120    -26.193120
   2.28754    -26.193128    -26.193128
   2.34495    -26.193134    -26.193134
   2.34495    -26.193134    -26.193134
   2.40231    -26.193098    -26.193098
   2.45968    -26.192995    -26.192995
   2.51704    -26.192939    -26.192939
   2.57441    -26.192878    -26.192878
   2.63178    -26.192738    -26.192738
   2.68914    -26.192499    -26.192499
   2.74651    -26.192172    -26.192172
   2.80388    -26.191795    -26.191795
   2.86124    -26.191424    -26.191424
   2.91861    -26.191128    -26.191128
   2.97598    -26.190982    -26.190982
   3.03334    -26.190892    -26.190892
   3.09071    -26.190862    -26.190862
   3.09071    -26.190895    -26.190895
   3.14725    -26.190944    -26.190944
   3.20379    -26.191096    -26.191097
   3.26033    -26.191340    -26.191340
   3.31687    -26.191660    -26.191660
   3.37341    -26.192027    -26.192028
   3.42995    -26.192396    -26.192397
   3.48650    -26.192710    -26.192711
   3.54304    -26.192933    -26.192933
   3.59958    -26.193057    -26.193057
   3.65612    -26.193108    -26.193108
   3.71266    -26.193120    -26.193120
   3.76920    -26.193128    -26.193128
   3.82574    -26.193134    -26.193134
   3.82574    -26.193134    -26.193134
   3.88314    -26.193132    -26.193132
   3.94054    -26.193133    -26.193133
   3.99795    -26.193128    -26.193128
   4.05535    -26.193082    -26.193082
   4.11275    -26.192962    -26.192962
   4.17015    -26.192744    -26.192744
   4.22755    -26.192433    -26.192433
   4.28495    -26.192065    -26.192065
   4.34235    -26.191697    -26.191697
   4.39975    -26.191376    -26.191376
   4.45716    -26.191131    -26.191131
   4.51456    -26.190980    -26.190980
   4.57196    -26.190931    -26.190931
 
# Band-Index   30
   4.57196    -26.190693    -26.190693
   4.51456    -26.190722    -26.190722
   4.45716    -26.190813    -26.190813
   4.39975    -26.190958    -26.190958
   4.34235    -26.191152    -26.191152
   4.28495    -26.191386    -26.191385
   4.22755    -26.191646    -26.191646
   4.17015    -26.191919    -26.191919
   4.11275    -26.192190    -26.192190
   4.05535    -26.192441    -26.192441
   3.99795    -26.192656    -26.192655
   3.94054    -26.192816    -26.192815
   3.88314    -26.192910    -26.192910
   3.82574    -26.192940    -26.192940
   3.82574    -26.192940    -26.192940
   3.76920    -26.192916    -26.192915
   3.71266    -26.192830    -26.192830
   3.65612    -26.192676    -26.192675
   3.59958    -26.192465    -26.192465
   3.54304    -26.192217    -26.192216
   3.48650    -26.191948    -26.191948
   3.42995    -26.191677    -26.191677
   3.37341    -26.191417    -26.191417
   3.31687    -26.191186    -26.191186
   3.26033    -26.190995    -26.190994
   3.20379    -26.190851    -26.190851
   3.14725    -26.190761    -26.190761
   3.09071    -26.190732    -26.190731
   3.09071    -26.190654    -26.190654
   3.03334    -26.190703    -26.190703
   2.97598    -26.190854    -26.190854
   2.91861    -26.191097    -26.191097
   2.86124    -26.191318    -26.191317
   2.80388    -26.191551    -26.191551
   2.74651    -26.191811    -26.191811
   2.68914    -26.192084    -26.192083
   2.63178    -26.192354    -26.192354
   2.57441    -26.192607    -26.192607
   2.51704    -26.192823    -26.192823
   2.45968    -26.192945    -26.192945
   2.40231    -26.192942    -26.192942
   2.34495    -26.192940    -26.192940
   2.34495    -26.192940    -26.192940
   2.28754    -26.192916    -26.192915
   2.23014    -26.192830    -26.192829
   2.17274    -26.192676    -26.192675
   2.11534    -26.192465    -26.192465
   2.05793    -26.192217    -26.192216
   2.00053    -26.191948    -26.191948
   1.94313    -26.191677    -26.191676
   1.88572    -26.191418    -26.191418
   1.82832    -26.191186    -26.191186
   1.77092    -26.190994    -26.190993
   1.71352    -26.190850    -26.190850
   1.65611    -26.190761    -26.190761
   1.59871    -26.190733    -26.190732
   1.59871    -26.190653    -26.190653
   1.54221    -26.190703    -26.190703
   1.48571    -26.190856    -26.190856
   1.42921    -26.191099    -26.191099
   1.37270    -26.191318    -26.191317
   1.31620    -26.191550    -26.191550
   1.25970    -26.191811    -26.191811
   1.20320    -26.192084    -26.192084
   1.14669    -26.192354    -26.192354
   1.09019    -26.192606    -26.192606
   1.03369    -26.192823    -26.192823
   0.97719    -26.192945    -26.192945
   0.92069    -26.192942    -26.192942
   0.86418    -26.192940    -26.192940
   0.86418    -26.192940    -26.192940
   0.83188    -26.192941    -26.192941
   0.79958    -26.192940    -26.192940
   0.76727    -26.192941    -26.192941
   0.73497    -26.192941    -26.192940
   0.73497    -26.190692    -26.190692
   0.67843    -26.190723    -26.190723
   0.62190    -26.190814    -26.190814
   0.56536    -26.190959    -26.190959
   0.50883    -26.191152    -26.191152
   0.45229    -26.191385    -26.191385
   0.39575    -26.191646    -26.191646
   0.33922    -26.191920    -26.191920
   0.28268    -26.192190    -26.192190
   0.22614    -26.192441    -26.192441
   0.16961    -26.192656    -26.192655
   0.11307    -26.192816    -26.192815
   0.05654    -26.192910    -26.192910
   0.00000    -26.192940    -26.192940
 
# Band-Index   31
   0.00000    -26.192625    -26.192625
   0.05654    -26.192480    -26.192480
   0.11307    -26.192079    -26.192079
   0.16961    -26.191506    -26.191506
   0.22614    -26.190855    -26.190855
   0.28268    -26.190207    -26.190207
   0.33922    -26.189617    -26.189617
   0.39575    -26.189117    -26.189117
   0.45229    -26.188714    -26.188714
   0.50883    -26.188404    -26.188404
   0.56536    -26.188175    -26.188175
   0.62190    -26.188017    -26.188017
   0.67843    -26.187923    -26.187923
   0.73497    -26.187893    -26.187893
   0.73497    -26.192628    -26.192628
   0.76727    -26.192627    -26.192627
   0.79958    -26.192626    -26.192626
   0.83188    -26.192629    -26.192629
   0.86418    -26.192625    -26.192625
   0.86418    -26.192625    -26.192625
   0.92069    -26.192482    -26.192482
   0.97719    -26.192085    -26.192085
   1.03369    -26.191515    -26.191515
   1.09019    -26.190864    -26.190864
   1.14669    -26.190214    -26.190214
   1.20320    -26.189620    -26.189621
   1.25970    -26.189116    -26.189117
   1.31620    -26.188712    -26.188712
   1.37270    -26.188401    -26.188401
   1.42921    -26.188172    -26.188172
   1.48571    -26.188013    -26.188014
   1.54221    -26.187919    -26.187919
   1.59871    -26.187888    -26.187889
   1.59871    -26.188053    -26.188053
   1.65611    -26.188082    -26.188082
   1.71352    -26.188174    -26.188174
   1.77092    -26.188329    -26.188329
   1.82832    -26.188553    -26.188553
   1.88572    -26.188854    -26.188854
   1.94313    -26.189244    -26.189244
   2.00053    -26.189726    -26.189726
   2.05793    -26.190294    -26.190294
   2.11534    -26.190919    -26.190919
   2.17274    -26.191547    -26.191547
   2.23014    -26.192100    -26.192100
   2.28754    -26.192486    -26.192486
   2.34495    -26.192625    -26.192625
   2.34495    -26.192625    -26.192625
   2.40231    -26.192482    -26.192482
   2.45968    -26.192085    -26.192085
   2.51704    -26.191515    -26.191516
   2.57441    -26.190866    -26.190866
   2.63178    -26.190215    -26.190215
   2.68914    -26.189620    -26.189621
   2.74651    -26.189117    -26.189117
   2.80388    -26.188712    -26.188713
   2.86124    -26.188400    -26.188401
   2.91861    -26.188170    -26.188171
   2.97598    -26.188012    -26.188012
   3.03334    -26.187918    -26.187919
   3.09071    -26.187888    -26.187888
   3.09071    -26.188054    -26.188054
   3.14725    -26.188083    -26.188083
   3.20379    -26.188175    -26.188175
   3.26033    -26.188330    -26.188330
   3.31687    -26.188553    -26.188553
   3.37341    -26.188854    -26.188854
   3.42995    -26.189243    -26.189243
   3.48650    -26.189726    -26.189726
   3.54304    -26.190294    -26.190294
   3.59958    -26.190919    -26.190919
   3.65612    -26.191547    -26.191547
   3.71266    -26.192100    -26.192100
   3.76920    -26.192486    -26.192486
   3.82574    -26.192625    -26.192625
   3.82574    -26.192625    -26.192625
   3.88314    -26.192480    -26.192480
   3.94054    -26.192079    -26.192079
   3.99795    -26.191506    -26.191506
   4.05535    -26.190856    -26.190856
   4.11275    -26.190208    -26.190208
   4.17015    -26.189617    -26.189618
   4.22755    -26.189117    -26.189117
   4.28495    -26.188715    -26.188715
   4.34235    -26.188403    -26.188403
   4.39975    -26.188174    -26.188174
   4.45716    -26.188015    -26.188015
   4.51456    -26.187922    -26.187923
   4.57196    -26.187892    -26.187892
 
# Band-Index   32
   4.57196    -26.185758    -26.185758
   4.51456    -26.185790    -26.185790
   4.45716    -26.185885    -26.185885
   4.39975    -26.186046    -26.186046
   4.34235    -26.186278    -26.186278
   4.28495    -26.186587    -26.186587
   4.22755    -26.186982    -26.186982
   4.17015    -26.187465    -26.187465
   4.11275    -26.188028    -26.188028
   4.05535    -26.188639    -26.188639
   3.99795    -26.189245    -26.189245
   3.94054    -26.189775    -26.189775
   3.88314    -26.190142    -26.190142
   3.82574    -26.190274    -26.190274
   3.82574    -26.190274    -26.190274
   3.76920    -26.190136    -26.190136
   3.71266    -26.189753    -26.189753
   3.65612    -26.189199    -26.189199
   3.59958    -26.188566    -26.188566
   3.54304    -26.187931    -26.187931
   3.48650    -26.187349    -26.187349
   3.42995    -26.186852    -26.186852
   3.37341    -26.186450    -26.186450
   3.31687    -26.186140    -26.186140
   3.26033    -26.185911    -26.185911
   3.20379    -26.185753    -26.185753
   3.14725    -26.185659    -26.185659
   3.09071    -26.185630    -26.185630
   3.09071    -26.185634    -26.185634
   3.03334    -26.185665    -26.185665
   2.97598    -26.185759    -26.185759
   2.91861    -26.185919    -26.185919
   2.86124    -26.186151    -26.186151
   2.80388    -26.186464    -26.186464
   2.74651    -26.186866    -26.186867
   2.68914    -26.187364    -26.187364
   2.63178    -26.187946    -26.187946
   2.57441    -26.188579    -26.188579
   2.51704    -26.189208    -26.189208
   2.45968    -26.189757    -26.189757
   2.40231    -26.190137    -26.190137
   2.34495    -26.190274    -26.190274
   2.34495    -26.190274    -26.190274
   2.28754    -26.190136    -26.190136
   2.23014    -26.189753    -26.189753
   2.17274    -26.189199    -26.189200
   2.11534    -26.188567    -26.188567
   2.05793    -26.187931    -26.187932
   2.00053    -26.187349    -26.187349
   1.94313    -26.186853    -26.186853
   1.88572    -26.186450    -26.186450
   1.82832    -26.186140    -26.186140
   1.77092    -26.185910    -26.185910
   1.71352    -26.185751    -26.185752
   1.65611    -26.185659    -26.185659
   1.59871    -26.185629    -26.185629
   1.59871    -26.185635    -26.185635
   1.54221    -26.185665    -26.185665
   1.48571    -26.185761    -26.185761
   1.42921    -26.185921    -26.185921
   1.37270    -26.186151    -26.186151
   1.31620    -26.186464    -26.186464
   1.25970    -26.186866    -26.186866
   1.20320    -26.187364    -26.187364
   1.14669    -26.187945    -26.187945
   1.09019    -26.188578    -26.188578
   1.03369    -26.189207    -26.189208
   0.97719    -26.189757    -26.189757
   0.92069    -26.190137    -26.190137
   0.86418    -26.190274    -26.190274
   0.86418    -26.190274    -26.190274
   0.83188    -26.190278    -26.190278
   0.79958    -26.190275    -26.190275
   0.76727    -26.190276    -26.190276
   0.73497    -26.190277    -26.190277
   0.73497    -26.185759    -26.185759
   0.67843    -26.185790    -26.185790
   0.62190    -26.185886    -26.185886
   0.56536    -26.186047    -26.186047
   0.50883    -26.186278    -26.186278
   0.45229    -26.186587    -26.186587
   0.39575    -26.186982    -26.186982
   0.33922    -26.187465    -26.187465
   0.28268    -26.188027    -26.188027
   0.22614    -26.188637    -26.188637
   0.16961    -26.189245    -26.189245
   0.11307    -26.189775    -26.189775
   0.05654    -26.190142    -26.190142
   0.00000    -26.190274    -26.190274
 
# Band-Index   33
   0.00000    -26.184285    -26.184286
   0.05654    -26.184266    -26.184267
   0.11307    -26.184214    -26.184214
   0.16961    -26.184137    -26.184138
   0.22614    -26.184046    -26.184046
   0.28268    -26.183939    -26.183940
   0.33922    -26.183809    -26.183810
   0.39575    -26.183649    -26.183650
   0.45229    -26.183464    -26.183465
   0.50883    -26.183275    -26.183275
   0.56536    -26.183103    -26.183104
   0.62190    -26.182968    -26.182968
   0.67843    -26.182879    -26.182880
   0.73497    -26.182851    -26.182851
   0.73497    -26.184286    -26.184287
   0.76727    -26.184286    -26.184287
   0.79958    -26.184285    -26.184286
   0.83188    -26.184286    -26.184287
   0.86418    -26.184285    -26.184286
   0.86418    -26.184285    -26.184286
   0.92069    -26.184291    -26.184291
   0.97719    -26.184307    -26.184308
   1.03369    -26.184322    -26.184322
   1.09019    -26.184317    -26.184317
   1.14669    -26.184275    -26.184276
   1.20320    -26.184186    -26.184187
   1.25970    -26.184047    -26.184048
   1.31620    -26.183870    -26.183871
   1.37270    -26.183679    -26.183679
   1.42921    -26.183501    -26.183502
   1.48571    -26.183358    -26.183358
   1.54221    -26.183264    -26.183264
   1.59871    -26.183234    -26.183234
   1.59871    -26.182796    -26.182796
   1.65611    -26.182824    -26.182824
   1.71352    -26.182911    -26.182911
   1.77092    -26.183051    -26.183052
   1.82832    -26.183229    -26.183230
   1.88572    -26.183428    -26.183428
   1.94313    -26.183623    -26.183624
   2.00053    -26.183794    -26.183795
   2.05793    -26.183935    -26.183936
   2.11534    -26.184049    -26.184050
   2.17274    -26.184143    -26.184143
   2.23014    -26.184217    -26.184218
   2.28754    -26.184267    -26.184268
   2.34495    -26.184285    -26.184286
   2.34495    -26.184285    -26.184286
   2.40231    -26.184291    -26.184291
   2.45968    -26.184307    -26.184308
   2.51704    -26.184322    -26.184322
   2.57441    -26.184317    -26.184318
   2.63178    -26.184275    -26.184276
   2.68914    -26.184186    -26.184187
   2.74651    -26.184048    -26.184048
   2.80388    -26.183870    -26.183870
   2.86124    -26.183678    -26.183679
   2.91861    -26.183499    -26.183500
   2.97598    -26.183355    -26.183356
   3.03334    -26.183264    -26.183264
   3.09071    -26.183234    -26.183235
   3.09071    -26.182795    -26.182795
   3.14725    -26.182824    -26.182824
   3.20379    -26.182914    -26.182914
   3.26033    -26.183053    -26.183053
   3.31687    -26.183230    -26.183230
   3.37341    -26.183427    -26.183428
   3.42995    -26.183622    -26.183623
   3.48650    -26.183794    -26.183795
   3.54304    -26.183935    -26.183936
   3.59958    -26.184049    -26.184050
   3.65612    -26.184143    -26.184143
   3.71266    -26.184217    -26.184218
   3.76920    -26.184267    -26.184268
   3.82574    -26.184285    -26.184286
   3.82574    -26.184285    -26.184286
   3.88314    -26.184266    -26.184267
   3.94054    -26.184214    -26.184214
   3.99795    -26.184137    -26.184138
   4.05535    -26.184046    -26.184047
   4.11275    -26.183939    -26.183940
   4.17015    -26.183809    -26.183810
   4.22755    -26.183649    -26.183650
   4.28495    -26.183464    -26.183465
   4.34235    -26.183274    -26.183275
   4.39975    -26.183102    -26.183102
   4.45716    -26.182966    -26.182966
   4.51456    -26.182879    -26.182880
   4.57196    -26.182852    -26.182852
 
# Band-Index   34
   4.57196    -26.182302    -26.182302
   4.51456    -26.182325    -26.182325
   4.45716    -26.182398    -26.182398
   4.39975    -26.182513    -26.182513
   4.34235    -26.182664    -26.182664
   4.28495    -26.182840    -26.182840
   4.22755    -26.183028    -26.183028
   4.17015    -26.183212    -26.183212
   4.11275    -26.183377    -26.183377
   4.05535    -26.183503    -26.183503
   3.99795    -26.183581    -26.183581
   3.94054    -26.183615    -26.183615
   3.88314    -26.183626    -26.183626
   3.82574    -26.183628    -26.183628
   3.82574    -26.183628    -26.183628
   3.76920    -26.183624    -26.183624
   3.71266    -26.183609    -26.183609
   3.65612    -26.183567    -26.183567
   3.59958    -26.183484    -26.183484
   3.54304    -26.183356    -26.183356
   3.48650    -26.183194    -26.183194
   3.42995    -26.183014    -26.183014
   3.37341    -26.182831    -26.182831
   3.31687    -26.182662    -26.182663
   3.26033    -26.182519    -26.182520
   3.20379    -26.182410    -26.182410
   3.14725    -26.182340    -26.182340
   3.09071    -26.182318    -26.182318
   3.09071    -26.181928    -26.181928
   3.03334    -26.181950    -26.181950
   2.97598    -26.182020    -26.182020
   2.91861    -26.182131    -26.182131
   2.86124    -26.182280    -26.182280
   2.80388    -26.182458    -26.182458
   2.74651    -26.182655    -26.182655
   2.68914    -26.182860    -26.182859
   2.63178    -26.183061    -26.183061
   2.57441    -26.183247    -26.183247
   2.51704    -26.183405    -26.183405
   2.45968    -26.183526    -26.183526
   2.40231    -26.183602    -26.183602
   2.34495    -26.183628    -26.183628
   2.34495    -26.183628    -26.183628
   2.28754    -26.183624    -26.183624
   2.23014    -26.183609    -26.183608
   2.17274    -26.183567    -26.183567
   2.11534    -26.183484    -26.183484
   2.05793    -26.183356    -26.183356
   2.00053    -26.183194    -26.183194
   1.94313    -26.183014    -26.183014
   1.88572    -26.182832    -26.182832
   1.82832    -26.182662    -26.182663
   1.77092    -26.182518    -26.182519
   1.71352    -26.182408    -26.182409
   1.65611    -26.182340    -26.182340
   1.59871    -26.182318    -26.182319
   1.59871    -26.181927    -26.181927
   1.54221    -26.181950    -26.181950
   1.48571    -26.182021    -26.182021
   1.42921    -26.182132    -26.182132
   1.37270    -26.182280    -26.182280
   1.31620    -26.182457    -26.182457
   1.25970    -26.182655    -26.182655
   1.20320    -26.182860    -26.182860
   1.14669    -26.183061    -26.183061
   1.09019    -26.183247    -26.183247
   1.03369    -26.183405    -26.183405
   0.97719    -26.183526    -26.183526
   0.92069    -26.183602    -26.183602
   0.86418    -26.183628    -26.183628
   0.86418    -26.183628    -26.183628
   0.83188    -26.183629    -26.183629
   0.79958    -26.183628    -26.183628
   0.76727    -26.183629    -26.183629
   0.73497    -26.183629    -26.183629
   0.73497    -26.182301    -26.182301
   0.67843    -26.182325    -26.182325
   0.62190    -26.182399    -26.182399
   0.56536    -26.182515    -26.182514
   0.50883    -26.182664    -26.182664
   0.45229    -26.182839    -26.182839
   0.39575    -26.183028    -26.183028
   0.33922    -26.183212    -26.183212
   0.28268    -26.183377    -26.183376
   0.22614    -26.183503    -26.183503
   0.16961    -26.183581    -26.183581
   0.11307    -26.183615    -26.183615
   0.05654    -26.183626    -26.183626
   0.00000    -26.183628    -26.183628
 
# Band-Index   35
   0.00000    -26.181799    -26.181799
   0.05654    -26.181774    -26.181774
   0.11307    -26.181700    -26.181700
   0.16961    -26.181584    -26.181584
   0.22614    -26.181431    -26.181432
   0.28268    -26.181253    -26.181253
   0.33922    -26.181124    -26.181124
   0.39575    -26.180990    -26.180990
   0.45229    -26.180826    -26.180825
   0.50883    -26.180653    -26.180652
   0.56536    -26.180494    -26.180493
   0.62190    -26.180366    -26.180366
   0.67843    -26.180282    -26.180282
   0.73497    -26.180255    -26.180255
   0.73497    -26.181800    -26.181800
   0.76727    -26.181800    -26.181800
   0.79958    -26.181799    -26.181799
   0.83188    -26.181800    -26.181800
   0.86418    -26.181799    -26.181799
   0.86418    -26.181799    -26.181799
   0.92069    -26.181798    -26.181798
   0.97719    -26.181798    -26.181798
   1.03369    -26.181795    -26.181795
   1.09019    -26.181776    -26.181776
   1.14669    -26.181726    -26.181726
   1.20320    -26.181637    -26.181637
   1.25970    -26.181504    -26.181505
   1.31620    -26.181339    -26.181339
   1.37270    -26.181162    -26.181162
   1.42921    -26.180998    -26.180998
   1.48571    -26.180866    -26.180866
   1.54221    -26.180779    -26.180779
   1.59871    -26.180752    -26.180752
   1.59871    -26.180736    -26.180737
   1.65611    -26.180763    -26.180763
   1.71352    -26.180846    -26.180847
   1.77092    -26.180980    -26.180980
   1.82832    -26.181145    -26.181145
   1.88572    -26.181324    -26.181324
   1.94313    -26.181491    -26.181491
   2.00053    -26.181623    -26.181623
   2.05793    -26.181714    -26.181714
   2.11534    -26.181765    -26.181765
   2.17274    -26.181787    -26.181787
   2.23014    -26.181794    -26.181794
   2.28754    -26.181797    -26.181797
   2.34495    -26.181799    -26.181799
   2.34495    -26.181799    -26.181799
   2.40231    -26.181798    -26.181798
   2.45968    -26.181798    -26.181798
   2.51704    -26.181795    -26.181795
   2.57441    -26.181776    -26.181776
   2.63178    -26.181727    -26.181727
   2.68914    -26.181637    -26.181637
   2.74651    -26.181505    -26.181505
   2.80388    -26.181339    -26.181339
   2.86124    -26.181161    -26.181161
   2.91861    -26.180996    -26.180996
   2.97598    -26.180864    -26.180864
   3.03334    -26.180779    -26.180779
   3.09071    -26.180752    -26.180753
   3.09071    -26.180735    -26.180735
   3.14725    -26.180763    -26.180763
   3.20379    -26.180849    -26.180849
   3.26033    -26.180981    -26.180981
   3.31687    -26.181145    -26.181145
   3.37341    -26.181323    -26.181323
   3.42995    -26.181490    -26.181490
   3.48650    -26.181623    -26.181623
   3.54304    -26.181714    -26.181714
   3.59958    -26.181765    -26.181765
   3.65612    -26.181787    -26.181787
   3.71266    -26.181794    -26.181794
   3.76920    -26.181797    -26.181797
   3.82574    -26.181799    -26.181799
   3.82574    -26.181799    -26.181799
   3.88314    -26.181774    -26.181774
   3.94054    -26.181700    -26.181700
   3.99795    -26.181584    -26.181584
   4.05535    -26.181432    -26.181432
   4.11275    -26.181253    -26.181253
   4.17015    -26.181125    -26.181124
   4.22755    -26.180991    -26.180990
   4.28495    -26.180826    -26.180825
   4.34235    -26.180652    -26.180652
   4.39975    -26.180492    -26.180492
   4.45716    -26.180364    -26.180363
   4.51456    -26.180282    -26.180282
   4.57196    -26.180256    -26.180256
 
# Band-Index   36
   4.57196    -26.180153    -26.180153
   4.51456    -26.180175    -26.180175
   4.45716    -26.180243    -26.180243
   4.39975    -26.180351    -26.180351
   4.34235    -26.180495    -26.180495
   4.28495    -26.180667    -26.180667
   4.22755    -26.180858    -26.180858
   4.17015    -26.181055    -26.181055
   4.11275    -26.181214    -26.181214
   4.05535    -26.181267    -26.181266
   3.99795    -26.181284    -26.181283
   3.94054    -26.181279    -26.181279
   3.88314    -26.181271    -26.181270
   3.82574    -26.181267    -26.181267
   3.82574    -26.181267    -26.181267
   3.76920    -26.181251    -26.181250
   3.71266    -26.181197    -26.181196
   3.65612    -26.181102    -26.181102
   3.59958    -26.180967    -26.180967
   3.54304    -26.180800    -26.180800
   3.48650    -26.180615    -26.180614
   3.42995    -26.180422    -26.180422
   3.37341    -26.180234    -26.180233
   3.31687    -26.180063    -26.180063
   3.26033    -26.179920    -26.179920
   3.20379    -26.179812    -26.179812
   3.14725    -26.179744    -26.179744
   3.09071    -26.179722    -26.179721
   3.09071    -26.179678    -26.179677
   3.03334    -26.179700    -26.179699
   2.97598    -26.179769    -26.179769
   2.91861    -26.179879    -26.179879
   2.86124    -26.180026    -26.180025
   2.80388    -26.180200    -26.180199
   2.74651    -26.180391    -26.180390
   2.68914    -26.180587    -26.180586
   2.63178    -26.180777    -26.180776
   2.57441    -26.180948    -26.180948
   2.51704    -26.181089    -26.181088
   2.45968    -26.181189    -26.181189
   2.40231    -26.181248    -26.181247
   2.34495    -26.181267    -26.181267
   2.34495    -26.181267    -26.181267
   2.28754    -26.181251    -26.181250
   2.23014    -26.181197    -26.181196
   2.17274    -26.181102    -26.181102
   2.11534    -26.180967    -26.180967
   2.05793    -26.180801    -26.180800
   2.00053    -26.180615    -26.180614
   1.94313    -26.180422    -26.180422
   1.88572    -26.180234    -26.180234
   1.82832    -26.180063    -26.180063
   1.77092    -26.179919    -26.179919
   1.71352    -26.179811    -26.179811
   1.65611    -26.179744    -26.179743
   1.59871    -26.179723    -26.179722
   1.59871    -26.179677    -26.179676
   1.54221    -26.179700    -26.179700
   1.48571    -26.179770    -26.179770
   1.42921    -26.179880    -26.179880
   1.37270    -26.180025    -26.180025
   1.31620    -26.180199    -26.180199
   1.25970    -26.180391    -26.180390
   1.20320    -26.180587    -26.180587
   1.14669    -26.180777    -26.180776
   1.09019    -26.180948    -26.180948
   1.03369    -26.181089    -26.181088
   0.97719    -26.181189    -26.181189
   0.92069    -26.181248    -26.181247
   0.86418    -26.181267    -26.181267
   0.86418    -26.181267    -26.181267
   0.83188    -26.181268    -26.181268
   0.79958    -26.181268    -26.181267
   0.76727    -26.181268    -26.181268
   0.73497    -26.181268    -26.181268
   0.73497    -26.180152    -26.180152
   0.67843    -26.180175    -26.180175
   0.62190    -26.180244    -26.180244
   0.56536    -26.180352    -26.180352
   0.50883    -26.180495    -26.180495
   0.45229    -26.180667    -26.180667
   0.39575    -26.180858    -26.180858
   0.33922    -26.181056    -26.181056
   0.28268    -26.181214    -26.181213
   0.22614    -26.181266    -26.181266
   0.16961    -26.181283    -26.181283
   0.11307    -26.181280    -26.181279
   0.05654    -26.181271    -26.181270
   0.00000    -26.181267    -26.181267
 
# Band-Index   37
   0.00000    -11.032422    -11.032406
   0.05654    -11.029983    -11.029968
   0.11307    -11.022779    -11.022763
   0.16961    -11.011179    -11.011164
   0.22614    -10.995800    -10.995784
   0.28268    -10.977437    -10.977421
   0.33922    -10.957050    -10.957034
   0.39575    -10.935717    -10.935701
   0.45229    -10.914557    -10.914541
   0.50883    -10.894666    -10.894650
   0.56536    -10.877078    -10.877062
   0.62190    -10.862679    -10.862662
   0.67843    -10.852225    -10.852208
   0.73497    -10.847220    -10.847202
   0.73497    -11.012997    -11.012979
   0.76727    -11.020458    -11.020443
   0.79958    -11.026992    -11.026976
   0.83188    -11.031049    -11.031033
   0.86418    -11.032422    -11.032406
   0.86418    -11.032422    -11.032406
   0.92069    -11.029990    -11.029974
   0.97719    -11.022804    -11.022789
   1.03369    -11.011235    -11.011220
   1.09019    -10.995896    -10.995880
   1.14669    -10.977581    -10.977565
   1.20320    -10.957249    -10.957233
   1.25970    -10.935971    -10.935955
   1.31620    -10.914866    -10.914849
   1.37270    -10.895025    -10.895009
   1.42921    -10.877480    -10.877463
   1.48571    -10.863107    -10.863091
   1.54221    -10.852647    -10.852630
   1.59871    -10.847510    -10.847492
   1.59871    -10.852180    -10.852163
   1.65611    -10.854116    -10.854100
   1.71352    -10.859851    -10.859834
   1.77092    -10.869604    -10.869587
   1.82832    -10.886801    -10.886785
   1.88572    -10.907885    -10.907869
   1.94313    -10.930333    -10.930317
   2.00053    -10.952919    -10.952903
   2.05793    -10.974461    -10.974445
   2.11534    -10.993835    -10.993819
   2.17274    -11.010048    -11.010032
   2.23014    -11.022267    -11.022251
   2.28754    -11.029855    -11.029839
   2.34495    -11.032422    -11.032406
   2.34495    -11.032422    -11.032406
   2.40231    -11.029862    -11.029846
   2.45968    -11.022309    -11.022293
   2.51704    -11.010175    -11.010160
   2.57441    -10.994148    -10.994132
   2.63178    -10.975118    -10.975102
   2.68914    -10.954167    -10.954151
   2.74651    -10.932504    -10.932488
   2.80388    -10.911394    -10.911378
   2.86124    -10.892074    -10.892057
   2.91861    -10.875700    -10.875683
   2.97598    -10.863242    -10.863225
   3.03334    -10.855450    -10.855434
   3.09071    -10.852804    -10.852787
   3.09071    -10.847156    -10.847138
   3.14725    -10.852207    -10.852190
   3.20379    -10.862672    -10.862655
   3.26033    -10.877075    -10.877059
   3.31687    -10.894665    -10.894649
   3.37341    -10.914556    -10.914540
   3.42995    -10.935717    -10.935701
   3.48650    -10.957051    -10.957035
   3.54304    -10.977437    -10.977422
   3.59958    -10.995801    -10.995785
   3.65612    -11.011180    -11.011165
   3.71266    -11.022779    -11.022764
   3.76920    -11.029984    -11.029968
   3.82574    -11.032422    -11.032406
   3.82574    -11.032422    -11.032406
   3.88314    -11.029853    -11.029837
   3.94054    -11.022273    -11.022257
   3.99795    -11.010096    -11.010080
   4.05535    -10.994011    -10.993995
   4.11275    -10.974913    -10.974897
   4.17015    -10.953887    -10.953872
   4.22755    -10.932148    -10.932132
   4.28495    -10.910966    -10.910949
   4.34235    -10.891579    -10.891563
   4.39975    -10.875153    -10.875136
   4.45716    -10.862656    -10.862640
   4.51456    -10.854841    -10.854824
   4.57196    -10.852185    -10.852169
 
# Band-Index   38
   4.57196    -10.833975    -10.833958
   4.51456    -10.837772    -10.837755
   4.45716    -10.846332    -10.846316
   4.39975    -10.858144    -10.858128
   4.34235    -10.872410    -10.872394
   4.28495    -10.888251    -10.888235
   4.22755    -10.904728    -10.904713
   4.17015    -10.920862    -10.920847
   4.11275    -10.935710    -10.935694
   4.05535    -10.948398    -10.948383
   3.99795    -10.958199    -10.958183
   3.94054    -10.964581    -10.964565
   3.88314    -10.967331    -10.967315
   3.82574    -10.967413    -10.967396
   3.82574    -10.967413    -10.967396
   3.76920    -10.965416    -10.965399
   3.71266    -10.959541    -10.959525
   3.65612    -10.950140    -10.950123
   3.59958    -10.937785    -10.937768
   3.54304    -10.923250    -10.923233
   3.48650    -10.907487    -10.907470
   3.42995    -10.891545    -10.891528
   3.37341    -10.876500    -10.876484
   3.31687    -10.863373    -10.863357
   3.26033    -10.853061    -10.853045
   3.20379    -10.846289    -10.846273
   3.14725    -10.843535    -10.843519
   3.09071    -10.844098    -10.844084
   3.09071    -10.834266    -10.834248
   3.03334    -10.838001    -10.837984
   2.97598    -10.846504    -10.846488
   2.91861    -10.858262    -10.858246
   2.86124    -10.872477    -10.872461
   2.80388    -10.888273    -10.888257
   2.74651    -10.904712    -10.904697
   2.68914    -10.920817    -10.920802
   2.63178    -10.935646    -10.935631
   2.57441    -10.948326    -10.948311
   2.51704    -10.958131    -10.958115
   2.45968    -10.964528    -10.964512
   2.40231    -10.967305    -10.967289
   2.34495    -10.967413    -10.967396
   2.34495    -10.967413    -10.967396
   2.28754    -10.967320    -10.967304
   2.23014    -10.964620    -10.964604
   2.17274    -10.958426    -10.958410
   2.11534    -10.949019    -10.949004
   2.05793    -10.936999    -10.936984
   2.00053    -10.923154    -10.923139
   1.94313    -10.908390    -10.908375
   1.88572    -10.893655    -10.893639
   1.82832    -10.879835    -10.879820
   1.77092    -10.866383    -10.866369
   1.71352    -10.851451    -10.851436
   1.65611    -10.839851    -10.839835
   1.59871    -10.833992    -10.833974
   1.59871    -10.844763    -10.844748
   1.54221    -10.844101    -10.844086
   1.48571    -10.846822    -10.846806
   1.42921    -10.853560    -10.853544
   1.37270    -10.863825    -10.863809
   1.31620    -10.876889    -10.876873
   1.25970    -10.891855    -10.891839
   1.20320    -10.907712    -10.907695
   1.14669    -10.923398    -10.923381
   1.09019    -10.937872    -10.937855
   1.03369    -10.950186    -10.950169
   0.97719    -10.959560    -10.959543
   0.92069    -10.965420    -10.965404
   0.86418    -10.967413    -10.967396
   0.86418    -10.967413    -10.967396
   0.83188    -10.977170    -10.977155
   0.79958    -10.989253    -10.989238
   0.76727    -11.000915    -11.000900
   0.73497    -11.010135    -11.010121
   0.73497    -10.844022    -10.844007
   0.67843    -10.843506    -10.843490
   0.62190    -10.846275    -10.846259
   0.56536    -10.853054    -10.853038
   0.50883    -10.863371    -10.863355
   0.45229    -10.876502    -10.876486
   0.39575    -10.891550    -10.891533
   0.33922    -10.907493    -10.907476
   0.28268    -10.923255    -10.923238
   0.22614    -10.937788    -10.937771
   0.16961    -10.950142    -10.950125
   0.11307    -10.959542    -10.959525
   0.05654    -10.965416    -10.965399
   0.00000    -10.967413    -10.967396
 
# Band-Index   39
   0.00000    -10.962769    -10.962756
   0.05654    -10.960780    -10.960767
   0.11307    -10.954930    -10.954917
   0.16961    -10.945564    -10.945551
   0.22614    -10.933231    -10.933218
   0.28268    -10.918642    -10.918629
   0.33922    -10.902624    -10.902611
   0.39575    -10.886066    -10.886053
   0.45229    -10.869903    -10.869889
   0.50883    -10.855086    -10.855072
   0.56536    -10.842511    -10.842497
   0.62190    -10.832941    -10.832926
   0.67843    -10.826955    -10.826940
   0.73497    -10.824916    -10.824901
   0.73497    -10.938782    -10.938768
   0.76727    -10.940642    -10.940627
   0.79958    -10.946012    -10.945998
   0.83188    -10.954285    -10.954271
   0.86418    -10.962769    -10.962756
   0.86418    -10.962769    -10.962756
   0.92069    -10.960785    -10.960773
   0.97719    -10.954949    -10.954936
   1.03369    -10.945601    -10.945588
   1.09019    -10.933284    -10.933271
   1.14669    -10.918703    -10.918690
   1.20320    -10.902681    -10.902668
   1.25970    -10.886111    -10.886098
   1.31620    -10.869937    -10.869923
   1.37270    -10.855116    -10.855102
   1.42921    -10.842542    -10.842528
   1.48571    -10.832977    -10.832962
   1.54221    -10.826994    -10.826979
   1.59871    -10.824957    -10.824942
   1.59871    -10.830020    -10.830008
   1.65611    -10.828742    -10.828728
   1.71352    -10.830595    -10.830580
   1.77092    -10.836622    -10.836607
   1.82832    -10.846415    -10.846401
   1.88572    -10.859314    -10.859299
   1.94313    -10.874475    -10.874460
   2.00053    -10.890951    -10.890937
   2.05793    -10.907746    -10.907731
   2.11534    -10.923859    -10.923845
   2.17274    -10.938341    -10.938327
   2.23014    -10.950328    -10.950314
   2.28754    -10.958996    -10.958983
   2.34495    -10.962769    -10.962756
   2.34495    -10.962769    -10.962756
   2.40231    -10.959019    -10.959005
   2.45968    -10.950440    -10.950426
   2.51704    -10.938647    -10.938632
   2.57441    -10.924480    -10.924466
   2.63178    -10.908806    -10.908791
   2.68914    -10.892542    -10.892527
   2.74651    -10.876620    -10.876605
   2.80388    -10.861951    -10.861936
   2.86124    -10.849374    -10.849359
   2.91861    -10.839604    -10.839589
   2.97598    -10.833165    -10.833151
   3.03334    -10.830304    -10.830290
   3.09071    -10.830178    -10.830166
   3.09071    -10.824922    -10.824907
   3.14725    -10.826960    -10.826946
   3.20379    -10.832947    -10.832932
   3.26033    -10.842518    -10.842503
   3.31687    -10.855094    -10.855080
   3.37341    -10.869913    -10.869899
   3.42995    -10.886077    -10.886064
   3.48650    -10.902634    -10.902621
   3.54304    -10.918650    -10.918637
   3.59958    -10.933237    -10.933224
   3.65612    -10.945568    -10.945555
   3.71266    -10.954932    -10.954919
   3.76920    -10.960781    -10.960768
   3.82574    -10.962769    -10.962756
   3.82574    -10.962769    -10.962756
   3.88314    -10.958985    -10.958971
   3.94054    -10.950360    -10.950346
   3.99795    -10.938520    -10.938506
   4.05535    -10.924309    -10.924295
   4.11275    -10.908596    -10.908582
   4.17015    -10.892299    -10.892284
   4.22755    -10.876353    -10.876339
   4.28495    -10.861671    -10.861656
   4.34235    -10.849090    -10.849076
   4.39975    -10.839328    -10.839314
   4.45716    -10.832909    -10.832894
   4.51456    -10.830085    -10.830071
   4.57196    -10.830013    -10.830000
 
# Band-Index   40
   4.57196     -9.741463     -9.741430
   4.51456     -9.750712     -9.750681
   4.45716     -9.769320     -9.769290
   4.39975     -9.793895     -9.793865
   4.34235     -9.822648     -9.822618
   4.28495     -9.853706     -9.853677
   4.22755     -9.885145     -9.885116
   4.17015     -9.915122     -9.915093
   4.11275     -9.941964     -9.941935
   4.05535     -9.964260     -9.964231
   3.99795     -9.980902     -9.980873
   3.94054     -9.991126     -9.991097
   3.88314     -9.994651     -9.994622
   3.82574     -9.993413     -9.993382
   3.82574     -9.993413     -9.993382
   3.76920     -9.990159     -9.990128
   3.71266     -9.980542     -9.980511
   3.65612     -9.964996     -9.964964
   3.59958     -9.944259     -9.944227
   3.54304     -9.919389     -9.919358
   3.48650     -9.891761     -9.891729
   3.42995     -9.862963     -9.862932
   3.37341     -9.834668     -9.834638
   3.31687     -9.808539     -9.808509
   3.26033     -9.786178     -9.786148
   3.20379     -9.769023     -9.768993
   3.14725     -9.758233     -9.758203
   3.09071     -9.754550     -9.754519
   3.09071     -9.741895     -9.741863
   3.03334     -9.751363     -9.751332
   2.97598     -9.769925     -9.769895
   2.91861     -9.794389     -9.794359
   2.86124     -9.823013     -9.822983
   2.80388     -9.853942     -9.853912
   2.74651     -9.885262     -9.885232
   2.68914     -9.915138     -9.915109
   2.63178     -9.941904     -9.941875
   2.57441     -9.964153     -9.964124
   2.51704     -9.980778     -9.980749
   2.45968     -9.991017     -9.990988
   2.40231     -9.994589     -9.994559
   2.34495     -9.993413     -9.993382
   2.34495     -9.993413     -9.993382
   2.28754     -9.994622     -9.994593
   2.23014     -9.991180     -9.991151
   2.17274     -9.981252     -9.981223
   2.11534     -9.965175     -9.965146
   2.05793     -9.943710     -9.943681
   2.00053     -9.917919     -9.917890
   1.94313     -9.889107     -9.889078
   1.88572     -9.858777     -9.858748
   1.82832     -9.828538     -9.828508
   1.77092     -9.800009     -9.799979
   1.71352     -9.774712     -9.774682
   1.65611     -9.754027     -9.753997
   1.59871     -9.741315     -9.741282
   1.59871     -9.755787     -9.755757
   1.54221     -9.759455     -9.759424
   1.48571     -9.770196     -9.770166
   1.42921     -9.787271     -9.787240
   1.37270     -9.809521     -9.809491
   1.31620     -9.835509     -9.835479
   1.25970     -9.863634     -9.863603
   1.20320     -9.892244     -9.892213
   1.14669     -9.919695     -9.919663
   1.09019     -9.944428     -9.944396
   1.03369     -9.965077     -9.965045
   0.97719     -9.980573     -9.980542
   0.92069     -9.990166     -9.990134
   0.86418     -9.993413     -9.993382
   0.86418     -9.993413     -9.993382
   0.83188    -10.012073    -10.012044
   0.79958    -10.028809    -10.028780
   0.76727    -10.039440    -10.039411
   0.73497    -10.043082    -10.043053
   0.73497     -9.754562     -9.754531
   0.67843     -9.758247     -9.758216
   0.62190     -9.769039     -9.769009
   0.56536     -9.786196     -9.786166
   0.50883     -9.808561     -9.808531
   0.45229     -9.834693     -9.834663
   0.39575     -9.862990     -9.862959
   0.33922     -9.891788     -9.891756
   0.28268     -9.919412     -9.919380
   0.22614     -9.944274     -9.944243
   0.16961     -9.965005     -9.964973
   0.11307     -9.980546     -9.980514
   0.05654     -9.990160     -9.990128
   0.00000     -9.993413     -9.993382
 
# Band-Index   41
   0.00000     -9.986696     -9.986671
   0.05654     -9.983449     -9.983423
   0.11307     -9.973853     -9.973827
   0.16961     -9.958326     -9.958301
   0.22614     -9.937538     -9.937512
   0.28268     -9.912359     -9.912333
   0.33922     -9.883828     -9.883801
   0.39575     -9.853149     -9.853122
   0.45229     -9.821730     -9.821702
   0.50883     -9.791131     -9.791103
   0.56536     -9.762932     -9.762903
   0.62190     -9.738625     -9.738595
   0.67843     -9.719550     -9.719520
   0.73497     -9.708979     -9.708946
   0.73497     -9.889798     -9.889767
   0.76727     -9.911387     -9.911358
   0.79958     -9.937964     -9.937936
   0.83188     -9.964658     -9.964630
   0.86418     -9.986696     -9.986671
   0.86418     -9.986696     -9.986671
   0.92069     -9.983459     -9.983433
   0.97719     -9.973890     -9.973864
   1.03369     -9.958397     -9.958371
   1.09019     -9.937633     -9.937607
   1.14669     -9.912453     -9.912427
   1.20320     -9.883896     -9.883869
   1.25970     -9.853188     -9.853161
   1.31620     -9.821759     -9.821732
   1.37270     -9.791176     -9.791148
   1.42921     -9.763011     -9.762982
   1.48571     -9.738753     -9.738723
   1.54221     -9.719753     -9.719723
   1.59871     -9.709383     -9.709351
   1.59871     -9.735196     -9.735170
   1.65611     -9.728510     -9.728481
   1.71352     -9.725539     -9.725509
   1.77092     -9.729792     -9.729759
   1.82832     -9.751173     -9.751143
   1.88572     -9.780742     -9.780713
   1.94313     -9.813430     -9.813401
   2.00053     -9.847299     -9.847270
   2.05793     -9.880605     -9.880576
   2.11534     -9.911740     -9.911712
   2.17274     -9.939273     -9.939245
   2.23014     -9.961955     -9.961927
   2.28754     -9.978668     -9.978641
   2.34495     -9.986696     -9.986671
   2.34495     -9.986696     -9.986671
   2.40231     -9.978723     -9.978695
   2.45968     -9.962223     -9.962195
   2.51704     -9.940069     -9.940041
   2.57441     -9.913549     -9.913521
   2.63178     -9.884065     -9.884037
   2.68914     -9.853208     -9.853179
   2.74651     -9.822723     -9.822694
   2.80388     -9.794411     -9.794382
   2.86124     -9.770044     -9.770015
   2.91861     -9.751226     -9.751197
   2.97598     -9.739237     -9.739208
   3.03334     -9.734828     -9.734799
   3.09071     -9.736448     -9.736421
   3.09071     -9.709015     -9.708982
   3.14725     -9.719545     -9.719515
   3.20379     -9.738613     -9.738584
   3.26033     -9.762922     -9.762893
   3.31687     -9.791126     -9.791098
   3.37341     -9.821730     -9.821703
   3.42995     -9.853156     -9.853129
   3.48650     -9.883839     -9.883813
   3.54304     -9.912371     -9.912345
   3.59958     -9.937547     -9.937521
   3.65612     -9.958332     -9.958307
   3.71266     -9.973855     -9.973830
   3.76920     -9.983450     -9.983424
   3.82574     -9.986696     -9.986671
   3.82574     -9.986696     -9.986671
   3.88314     -9.978637     -9.978609
   3.94054     -9.962021     -9.961993
   3.99795     -9.939740     -9.939712
   4.05535     -9.913085     -9.913056
   4.11275     -9.883466     -9.883437
   4.17015     -9.852478     -9.852449
   4.22755     -9.821876     -9.821847
   4.28495     -9.793465     -9.793436
   4.34235     -9.769024     -9.768995
   4.39975     -9.750156     -9.750127
   4.45716     -9.738137     -9.738108
   4.51456     -9.733684     -9.733655
   4.57196     -9.735053     -9.735026
 
# Band-Index   42
   4.57196     -9.689188     -9.689159
   4.51456     -9.691410     -9.691381
   4.45716     -9.697935     -9.697906
   4.39975     -9.708320     -9.708291
   4.34235     -9.721877     -9.721849
   4.28495     -9.737736     -9.737707
   4.22755     -9.754913     -9.754885
   4.17015     -9.772383     -9.772355
   4.11275     -9.789141     -9.789113
   4.05535     -9.804259     -9.804231
   3.99795     -9.816924     -9.816896
   3.94054     -9.826464     -9.826436
   3.88314     -9.832389     -9.832361
   3.82574     -9.834398     -9.834370
   3.82574     -9.834398     -9.834370
   3.76920     -9.832053     -9.832025
   3.71266     -9.825156     -9.825128
   3.65612     -9.814120     -9.814092
   3.59958     -9.799625     -9.799597
   3.54304     -9.782595     -9.782567
   3.48650     -9.764159     -9.764130
   3.42995     -9.745608     -9.745579
   3.37341     -9.728339     -9.728310
   3.31687     -9.713751     -9.713722
   3.26033     -9.703161     -9.703132
   3.20379     -9.697670     -9.697642
   3.14725     -9.697994     -9.697966
   3.09071     -9.702126     -9.702101
   3.09071     -9.688886     -9.688858
   3.03334     -9.691115     -9.691087
   2.97598     -9.697659     -9.697630
   2.91861     -9.708070     -9.708041
   2.86124     -9.721658     -9.721629
   2.80388     -9.737550     -9.737521
   2.74651     -9.754762     -9.754733
   2.68914     -9.772266     -9.772238
   2.63178     -9.789057     -9.789029
   2.57441     -9.804203     -9.804175
   2.51704     -9.816891     -9.816863
   2.45968     -9.826450     -9.826422
   2.40231     -9.832385     -9.832357
   2.34495     -9.834398     -9.834370
   2.34495     -9.834398     -9.834370
   2.28754     -9.832386     -9.832358
   2.23014     -9.826476     -9.826448
   2.17274     -9.817039     -9.817011
   2.11534     -9.804690     -9.804662
   2.05793     -9.790265     -9.790237
   2.00053     -9.774786     -9.774758
   1.94313     -9.759424     -9.759396
   1.88572     -9.745414     -9.745386
   1.82832     -9.733852     -9.733824
   1.77092     -9.722562     -9.722536
   1.71352     -9.705106     -9.705078
   1.65611     -9.693213     -9.693184
   1.59871     -9.689131     -9.689103
   1.59871     -9.702109     -9.702084
   1.54221     -9.698130     -9.698102
   1.48571     -9.697851     -9.697823
   1.42921     -9.703355     -9.703327
   1.37270     -9.713940     -9.713912
   1.31620     -9.728513     -9.728485
   1.25970     -9.745758     -9.745730
   1.20320     -9.764280     -9.764252
   1.14669     -9.782685     -9.782657
   1.09019     -9.799686     -9.799658
   1.03369     -9.814155     -9.814127
   0.97719     -9.825173     -9.825145
   0.92069     -9.832057     -9.832029
   0.86418     -9.834398     -9.834370
   0.86418     -9.834398     -9.834370
   0.83188     -9.837929     -9.837901
   0.79958     -9.848259     -9.848231
   0.76727     -9.864580     -9.864552
   0.73497     -9.882683     -9.882658
   0.73497     -9.702212     -9.702186
   0.67843     -9.698039     -9.698011
   0.62190     -9.697706     -9.697677
   0.56536     -9.703191     -9.703162
   0.50883     -9.713776     -9.713748
   0.45229     -9.728360     -9.728332
   0.39575     -9.745625     -9.745596
   0.33922     -9.764171     -9.764143
   0.28268     -9.782604     -9.782575
   0.22614     -9.799630     -9.799602
   0.16961     -9.814122     -9.814094
   0.11307     -9.825157     -9.825129
   0.05654     -9.832053     -9.832025
   0.00000     -9.834398     -9.834370
 
# Band-Index   43
   0.00000     -8.858340     -8.858342
   0.05654     -8.858486     -8.858488
   0.11307     -8.858919     -8.858921
   0.16961     -8.859630     -8.859633
   0.22614     -8.860597     -8.860599
   0.28268     -8.861790     -8.861792
   0.33922     -8.863165     -8.863167
   0.39575     -8.864661     -8.864663
   0.45229     -8.866197     -8.866199
   0.50883     -8.867680     -8.867682
   0.56536     -8.869002     -8.869004
   0.62190     -8.870048     -8.870050
   0.67843     -8.870716     -8.870718
   0.73497     -8.870947     -8.870950
   0.73497     -8.858340     -8.858343
   0.76727     -8.858340     -8.858343
   0.79958     -8.858340     -8.858343
   0.83188     -8.858342     -8.858345
   0.86418     -8.858340     -8.858342
   0.86418     -8.858340     -8.858342
   0.92069     -8.858403     -8.858406
   0.97719     -8.858766     -8.858769
   1.03369     -8.859466     -8.859469
   1.09019     -8.860428     -8.860431
   1.14669     -8.861618     -8.861621
   1.20320     -8.862990     -8.862993
   1.25970     -8.864483     -8.864486
   1.31620     -8.866016     -8.866019
   1.37270     -8.867496     -8.867499
   1.42921     -8.868815     -8.868818
   1.48571     -8.869859     -8.869862
   1.54221     -8.870525     -8.870528
   1.59871     -8.870756     -8.870759
   1.59871     -8.870820     -8.870823
   1.65611     -8.870586     -8.870589
   1.71352     -8.869913     -8.869916
   1.77092     -8.868871     -8.868873
   1.82832     -8.867553     -8.867556
   1.88572     -8.866069     -8.866072
   1.94313     -8.864531     -8.864534
   2.00053     -8.863036     -8.863039
   2.05793     -8.861662     -8.861664
   2.11534     -8.860470     -8.860472
   2.17274     -8.859507     -8.859509
   2.23014     -8.858808     -8.858811
   2.28754     -8.858426     -8.858429
   2.34495     -8.858340     -8.858342
   2.34495     -8.858340     -8.858342
   2.40231     -8.858403     -8.858406
   2.45968     -8.858767     -8.858770
   2.51704     -8.859466     -8.859469
   2.57441     -8.860428     -8.860431
   2.63178     -8.861617     -8.861621
   2.68914     -8.862990     -8.862993
   2.74651     -8.864483     -8.864486
   2.80388     -8.866018     -8.866021
   2.86124     -8.867499     -8.867502
   2.91861     -8.868815     -8.868818
   2.97598     -8.869854     -8.869857
   3.03334     -8.870523     -8.870527
   3.09071     -8.870755     -8.870759
   3.09071     -8.870820     -8.870822
   3.14725     -8.870588     -8.870590
   3.20379     -8.869919     -8.869922
   3.26033     -8.868873     -8.868875
   3.31687     -8.867551     -8.867554
   3.37341     -8.866068     -8.866071
   3.42995     -8.864532     -8.864534
   3.48650     -8.863036     -8.863038
   3.54304     -8.861661     -8.861664
   3.59958     -8.860470     -8.860472
   3.65612     -8.859507     -8.859509
   3.71266     -8.858808     -8.858810
   3.76920     -8.858426     -8.858429
   3.82574     -8.858340     -8.858342
   3.82574     -8.858340     -8.858342
   3.88314     -8.858486     -8.858488
   3.94054     -8.858919     -8.858922
   3.99795     -8.859630     -8.859633
   4.05535     -8.860597     -8.860599
   4.11275     -8.861790     -8.861792
   4.17015     -8.863165     -8.863167
   4.22755     -8.864661     -8.864663
   4.28495     -8.866199     -8.866202
   4.34235     -8.867683     -8.867686
   4.39975     -8.869002     -8.869004
   4.45716     -8.870044     -8.870046
   4.51456     -8.870715     -8.870717
   4.57196     -8.870948     -8.870950
 
# Band-Index   44
   4.57196     -8.869734     -8.869737
   4.51456     -8.869499     -8.869502
   4.45716     -8.868824     -8.868827
   4.39975     -8.867779     -8.867782
   4.34235     -8.866462     -8.866465
   4.28495     -8.864981     -8.864984
   4.22755     -8.863446     -8.863449
   4.17015     -8.861953     -8.861956
   4.11275     -8.860581     -8.860584
   4.05535     -8.859390     -8.859393
   3.99795     -8.858425     -8.858428
   3.94054     -8.858248     -8.858251
   3.88314     -8.858163     -8.858166
   3.82574     -8.858133     -8.858136
   3.82574     -8.858133     -8.858136
   3.76920     -8.858224     -8.858227
   3.71266     -8.858361     -8.858364
   3.65612     -8.858510     -8.858513
   3.59958     -8.859406     -8.859408
   3.54304     -8.860598     -8.860599
   3.48650     -8.861970     -8.861972
   3.42995     -8.863464     -8.863465
   3.37341     -8.864998     -8.865000
   3.31687     -8.866480     -8.866482
   3.26033     -8.867804     -8.867805
   3.20379     -8.868853     -8.868855
   3.14725     -8.869525     -8.869526
   3.09071     -8.869758     -8.869760
   3.09071     -8.869807     -8.869809
   3.03334     -8.869571     -8.869574
   2.97598     -8.868895     -8.868898
   2.91861     -8.867851     -8.867853
   2.86124     -8.866535     -8.866537
   2.80388     -8.865057     -8.865059
   2.74651     -8.863525     -8.863528
   2.68914     -8.862036     -8.862038
   2.63178     -8.860666     -8.860668
   2.57441     -8.859477     -8.859479
   2.51704     -8.858544     -8.858546
   2.45968     -8.858399     -8.858401
   2.40231     -8.858246     -8.858248
   2.34495     -8.858133     -8.858136
   2.34495     -8.858133     -8.858136
   2.28754     -8.858224     -8.858227
   2.23014     -8.858361     -8.858364
   2.17274     -8.858510     -8.858513
   2.11534     -8.859406     -8.859408
   2.05793     -8.860597     -8.860599
   2.00053     -8.861970     -8.861971
   1.94313     -8.863462     -8.863464
   1.88572     -8.864997     -8.864999
   1.82832     -8.866480     -8.866482
   1.77092     -8.867800     -8.867802
   1.71352     -8.868848     -8.868850
   1.65611     -8.869526     -8.869528
   1.59871     -8.869763     -8.869764
   1.59871     -8.869800     -8.869803
   1.54221     -8.869568     -8.869571
   1.48571     -8.868899     -8.868902
   1.42921     -8.867853     -8.867855
   1.37270     -8.866534     -8.866536
   1.31620     -8.865056     -8.865058
   1.25970     -8.863526     -8.863528
   1.20320     -8.862035     -8.862038
   1.14669     -8.860666     -8.860668
   1.09019     -8.859476     -8.859479
   1.03369     -8.858544     -8.858546
   0.97719     -8.858399     -8.858401
   0.92069     -8.858246     -8.858248
   0.86418     -8.858133     -8.858136
   0.86418     -8.858133     -8.858136
   0.83188     -8.858136     -8.858139
   0.79958     -8.858134     -8.858137
   0.76727     -8.858134     -8.858137
   0.73497     -8.858134     -8.858137
   0.73497     -8.869730     -8.869733
   0.67843     -8.869498     -8.869501
   0.62190     -8.868829     -8.868832
   0.56536     -8.867782     -8.867785
   0.50883     -8.866461     -8.866464
   0.45229     -8.864980     -8.864983
   0.39575     -8.863446     -8.863449
   0.33922     -8.861953     -8.861956
   0.28268     -8.860581     -8.860584
   0.22614     -8.859390     -8.859393
   0.16961     -8.858425     -8.858428
   0.11307     -8.858248     -8.858251
   0.05654     -8.858163     -8.858166
   0.00000     -8.858133     -8.858136
 
# Band-Index   45
   0.00000     -8.857224     -8.857226
   0.05654     -8.857307     -8.857310
   0.11307     -8.857718     -8.857721
   0.16961     -8.858382     -8.858385
   0.22614     -8.858560     -8.858563
   0.28268     -8.859464     -8.859466
   0.33922     -8.860835     -8.860836
   0.39575     -8.862327     -8.862328
   0.45229     -8.863860     -8.863861
   0.50883     -8.865342     -8.865343
   0.56536     -8.866667     -8.866669
   0.62190     -8.867722     -8.867723
   0.67843     -8.868398     -8.868399
   0.73497     -8.868633     -8.868634
   0.73497     -8.857224     -8.857227
   0.76727     -8.857225     -8.857227
   0.79958     -8.857225     -8.857227
   0.83188     -8.857227     -8.857229
   0.86418     -8.857224     -8.857226
   0.86418     -8.857224     -8.857226
   0.92069     -8.857370     -8.857373
   0.97719     -8.857803     -8.857805
   1.03369     -8.858512     -8.858515
   1.09019     -8.858723     -8.858725
   1.14669     -8.858934     -8.858936
   1.20320     -8.860160     -8.860161
   1.25970     -8.861644     -8.861645
   1.31620     -8.863170     -8.863171
   1.37270     -8.864646     -8.864647
   1.42921     -8.865965     -8.865966
   1.48571     -8.867013     -8.867015
   1.54221     -8.867685     -8.867686
   1.59871     -8.867918     -8.867919
   1.59871     -8.868241     -8.868245
   1.65611     -8.868004     -8.868008
   1.71352     -8.867325     -8.867328
   1.77092     -8.866275     -8.866279
   1.82832     -8.864955     -8.864959
   1.88572     -8.863475     -8.863479
   1.94313     -8.861946     -8.861949
   2.00053     -8.860463     -8.860466
   2.05793     -8.859106     -8.859109
   2.11534     -8.858692     -8.858695
   2.17274     -8.858441     -8.858442
   2.23014     -8.857734     -8.857735
   2.28754     -8.857321     -8.857322
   2.34495     -8.857224     -8.857226
   2.34495     -8.857224     -8.857226
   2.40231     -8.857370     -8.857373
   2.45968     -8.857803     -8.857805
   2.51704     -8.858512     -8.858515
   2.57441     -8.858723     -8.858726
   2.63178     -8.858934     -8.858936
   2.68914     -8.860160     -8.860161
   2.74651     -8.861644     -8.861645
   2.80388     -8.863172     -8.863173
   2.86124     -8.864649     -8.864650
   2.91861     -8.865965     -8.865966
   2.97598     -8.867011     -8.867013
   3.03334     -8.867688     -8.867689
   3.09071     -8.867924     -8.867925
   3.09071     -8.868235     -8.868238
   3.14725     -8.868000     -8.868003
   3.20379     -8.867325     -8.867329
   3.26033     -8.866274     -8.866277
   3.31687     -8.864951     -8.864955
   3.37341     -8.863473     -8.863476
   3.42995     -8.861946     -8.861949
   3.48650     -8.860462     -8.860465
   3.54304     -8.859106     -8.859109
   3.59958     -8.858692     -8.858695
   3.65612     -8.858441     -8.858442
   3.71266     -8.857734     -8.857735
   3.76920     -8.857321     -8.857322
   3.82574     -8.857224     -8.857226
   3.82574     -8.857224     -8.857226
   3.88314     -8.857307     -8.857310
   3.94054     -8.857718     -8.857721
   3.99795     -8.858382     -8.858385
   4.05535     -8.858560     -8.858563
   4.11275     -8.859464     -8.859466
   4.17015     -8.860835     -8.860836
   4.22755     -8.862326     -8.862327
   4.28495     -8.863861     -8.863862
   4.34235     -8.865345     -8.865346
   4.39975     -8.866669     -8.866670
   4.45716     -8.867721     -8.867723
   4.51456     -8.868403     -8.868404
   4.57196     -8.868640     -8.868641
 
# Band-Index   46
   4.57196     -8.860111     -8.860114
   4.51456     -8.860081     -8.860084
   4.45716     -8.859996     -8.859999
   4.39975     -8.859860     -8.859863
   4.34235     -8.859681     -8.859684
   4.28495     -8.859470     -8.859473
   4.22755     -8.859239     -8.859242
   4.17015     -8.859001     -8.859004
   4.11275     -8.858770     -8.858773
   4.05535     -8.858275     -8.858277
   3.99795     -8.857446     -8.857448
   3.94054     -8.857309     -8.857310
   3.88314     -8.857203     -8.857204
   3.82574     -8.857110     -8.857112
   3.82574     -8.857110     -8.857112
   3.76920     -8.857190     -8.857193
   3.71266     -8.857295     -8.857299
   3.65612     -8.857435     -8.857438
   3.59958     -8.857943     -8.857946
   3.54304     -8.858905     -8.858908
   3.48650     -8.859137     -8.859140
   3.42995     -8.859376     -8.859379
   3.37341     -8.859609     -8.859611
   3.31687     -8.859822     -8.859824
   3.26033     -8.860003     -8.860006
   3.20379     -8.860141     -8.860143
   3.14725     -8.860226     -8.860228
   3.09071     -8.860256     -8.860258
   3.09071     -8.860269     -8.860271
   3.03334     -8.860239     -8.860242
   2.97598     -8.860154     -8.860157
   2.91861     -8.860019     -8.860021
   2.86124     -8.859842     -8.859844
   2.80388     -8.859631     -8.859634
   2.74651     -8.859401     -8.859403
   2.68914     -8.859164     -8.859166
   2.63178     -8.858800     -8.858801
   2.57441     -8.857633     -8.857633
   2.51704     -8.857356     -8.857358
   2.45968     -8.857223     -8.857225
   2.40231     -8.857139     -8.857141
   2.34495     -8.857110     -8.857112
   2.34495     -8.857110     -8.857112
   2.28754     -8.857190     -8.857193
   2.23014     -8.857296     -8.857299
   2.17274     -8.857435     -8.857438
   2.11534     -8.857944     -8.857947
   2.05793     -8.858905     -8.858908
   2.00053     -8.859138     -8.859141
   1.94313     -8.859378     -8.859380
   1.88572     -8.859611     -8.859613
   1.82832     -8.859823     -8.859826
   1.77092     -8.860003     -8.860005
   1.71352     -8.860140     -8.860142
   1.65611     -8.860226     -8.860229
   1.59871     -8.860257     -8.860260
   1.59871     -8.860268     -8.860270
   1.54221     -8.860239     -8.860241
   1.48571     -8.860155     -8.860158
   1.42921     -8.860019     -8.860022
   1.37270     -8.859840     -8.859843
   1.31620     -8.859630     -8.859632
   1.25970     -8.859400     -8.859402
   1.20320     -8.859163     -8.859166
   1.14669     -8.858801     -8.858802
   1.09019     -8.857632     -8.857633
   1.03369     -8.857356     -8.857358
   0.97719     -8.857222     -8.857225
   0.92069     -8.857139     -8.857141
   0.86418     -8.857110     -8.857112
   0.86418     -8.857110     -8.857112
   0.83188     -8.857112     -8.857114
   0.79958     -8.857110     -8.857112
   0.76727     -8.857110     -8.857112
   0.73497     -8.857110     -8.857112
   0.73497     -8.860110     -8.860113
   0.67843     -8.860081     -8.860084
   0.62190     -8.859997     -8.860000
   0.56536     -8.859860     -8.859863
   0.50883     -8.859680     -8.859683
   0.45229     -8.859468     -8.859471
   0.39575     -8.859238     -8.859241
   0.33922     -8.859000     -8.859003
   0.28268     -8.858770     -8.858773
   0.22614     -8.858275     -8.858277
   0.16961     -8.857446     -8.857448
   0.11307     -8.857309     -8.857310
   0.05654     -8.857203     -8.857204
   0.00000     -8.857110     -8.857112
 
# Band-Index   47
   0.00000     -8.856039     -8.856041
   0.05654     -8.856182     -8.856183
   0.11307     -8.856608     -8.856610
   0.16961     -8.857313     -8.857315
   0.22614     -8.857624     -8.857626
   0.28268     -8.857835     -8.857836
   0.33922     -8.858065     -8.858067
   0.39575     -8.858302     -8.858304
   0.45229     -8.858533     -8.858535
   0.50883     -8.858745     -8.858747
   0.56536     -8.858925     -8.858926
   0.62190     -8.859061     -8.859063
   0.67843     -8.859145     -8.859147
   0.73497     -8.859174     -8.859176
   0.73497     -8.856039     -8.856041
   0.76727     -8.856039     -8.856041
   0.79958     -8.856039     -8.856041
   0.83188     -8.856041     -8.856043
   0.86418     -8.856039     -8.856041
   0.86418     -8.856039     -8.856041
   0.92069     -8.856082     -8.856083
   0.97719     -8.856242     -8.856244
   1.03369     -8.856731     -8.856731
   1.09019     -8.857532     -8.857534
   1.14669     -8.857741     -8.857743
   1.20320     -8.857970     -8.857972
   1.25970     -8.858206     -8.858208
   1.31620     -8.858435     -8.858437
   1.37270     -8.858645     -8.858648
   1.42921     -8.858824     -8.858826
   1.48571     -8.858960     -8.858962
   1.54221     -8.859043     -8.859046
   1.59871     -8.859072     -8.859074
   1.59871     -8.859175     -8.859179
   1.65611     -8.859145     -8.859148
   1.71352     -8.859058     -8.859061
   1.77092     -8.858921     -8.858925
   1.82832     -8.858742     -8.858745
   1.88572     -8.858530     -8.858533
   1.94313     -8.858297     -8.858300
   2.00053     -8.858058     -8.858061
   2.05793     -8.857826     -8.857829
   2.11534     -8.857614     -8.857617
   2.17274     -8.857033     -8.857036
   2.23014     -8.856427     -8.856430
   2.28754     -8.856125     -8.856127
   2.34495     -8.856039     -8.856041
   2.34495     -8.856039     -8.856041
   2.40231     -8.856082     -8.856083
   2.45968     -8.856243     -8.856244
   2.51704     -8.856731     -8.856731
   2.57441     -8.857532     -8.857535
   2.63178     -8.857741     -8.857744
   2.68914     -8.857970     -8.857973
   2.74651     -8.858207     -8.858209
   2.80388     -8.858437     -8.858439
   2.86124     -8.858647     -8.858649
   2.91861     -8.858824     -8.858826
   2.97598     -8.858959     -8.858961
   3.03334     -8.859044     -8.859046
   3.09071     -8.859073     -8.859075
   3.09071     -8.859174     -8.859177
   3.14725     -8.859145     -8.859148
   3.20379     -8.859060     -8.859063
   3.26033     -8.858922     -8.858925
   3.31687     -8.858741     -8.858744
   3.37341     -8.858528     -8.858531
   3.42995     -8.858296     -8.858299
   3.48650     -8.858057     -8.858060
   3.54304     -8.857826     -8.857829
   3.59958     -8.857614     -8.857617
   3.65612     -8.857033     -8.857036
   3.71266     -8.856427     -8.856429
   3.76920     -8.856125     -8.856127
   3.82574     -8.856039     -8.856041
   3.82574     -8.856039     -8.856041
   3.88314     -8.856182     -8.856183
   3.94054     -8.856608     -8.856610
   3.99795     -8.857313     -8.857314
   4.05535     -8.857625     -8.857626
   4.11275     -8.857835     -8.857837
   4.17015     -8.858066     -8.858067
   4.22755     -8.858304     -8.858305
   4.28495     -8.858535     -8.858537
   4.34235     -8.858746     -8.858748
   4.39975     -8.858924     -8.858926
   4.45716     -8.859060     -8.859062
   4.51456     -8.859145     -8.859147
   4.57196     -8.859175     -8.859177
 
# Band-Index   48
   4.57196     -8.857237     -8.857240
   4.51456     -8.857208     -8.857210
   4.45716     -8.857123     -8.857126
   4.39975     -8.856989     -8.856991
   4.34235     -8.856812     -8.856814
   4.28495     -8.856603     -8.856605
   4.22755     -8.856373     -8.856376
   4.17015     -8.856137     -8.856139
   4.11275     -8.855908     -8.855910
   4.05535     -8.855698     -8.855700
   3.99795     -8.855518     -8.855521
   3.94054     -8.855380     -8.855382
   3.88314     -8.855289     -8.855291
   3.82574     -8.855257     -8.855259
   3.82574     -8.855257     -8.855259
   3.76920     -8.855347     -8.855349
   3.71266     -8.855563     -8.855564
   3.65612     -8.855802     -8.855803
   3.59958     -8.856034     -8.856035
   3.54304     -8.856272     -8.856273
   3.48650     -8.856518     -8.856518
   3.42995     -8.856763     -8.856764
   3.37341     -8.856999     -8.857000
   3.31687     -8.857214     -8.857215
   3.26033     -8.857396     -8.857397
   3.20379     -8.857535     -8.857535
   3.14725     -8.857620     -8.857620
   3.09071     -8.857650     -8.857650
   3.09071     -8.857906     -8.857909
   3.03334     -8.857877     -8.857879
   2.97598     -8.857792     -8.857795
   2.91861     -8.857657     -8.857660
   2.86124     -8.857480     -8.857482
   2.80388     -8.857269     -8.857272
   2.74651     -8.857038     -8.857041
   2.68914     -8.856798     -8.856801
   2.63178     -8.856562     -8.856564
   2.57441     -8.856334     -8.856337
   2.51704     -8.856097     -8.856100
   2.45968     -8.855743     -8.855746
   2.40231     -8.855389     -8.855391
   2.34495     -8.855257     -8.855259
   2.34495     -8.855257     -8.855259
   2.28754     -8.855347     -8.855349
   2.23014     -8.855563     -8.855564
   2.17274     -8.855802     -8.855803
   2.11534     -8.856035     -8.856036
   2.05793     -8.856273     -8.856273
   2.00053     -8.856518     -8.856519
   1.94313     -8.856765     -8.856765
   1.88572     -8.857001     -8.857002
   1.82832     -8.857215     -8.857216
   1.77092     -8.857396     -8.857397
   1.71352     -8.857534     -8.857534
   1.65611     -8.857620     -8.857621
   1.59871     -8.857651     -8.857652
   1.59871     -8.857905     -8.857908
   1.54221     -8.857876     -8.857879
   1.48571     -8.857793     -8.857796
   1.42921     -8.857657     -8.857660
   1.37270     -8.857478     -8.857481
   1.31620     -8.857267     -8.857270
   1.25970     -8.857036     -8.857039
   1.20320     -8.856797     -8.856800
   1.14669     -8.856561     -8.856564
   1.09019     -8.856334     -8.856337
   1.03369     -8.856097     -8.856100
   0.97719     -8.855743     -8.855746
   0.92069     -8.855389     -8.855391
   0.86418     -8.855257     -8.855259
   0.86418     -8.855257     -8.855259
   0.83188     -8.855259     -8.855261
   0.79958     -8.855257     -8.855259
   0.76727     -8.855257     -8.855259
   0.73497     -8.855257     -8.855259
   0.73497     -8.857236     -8.857238
   0.67843     -8.857207     -8.857210
   0.62190     -8.857124     -8.857127
   0.56536     -8.856989     -8.856991
   0.50883     -8.856811     -8.856813
   0.45229     -8.856601     -8.856603
   0.39575     -8.856372     -8.856374
   0.33922     -8.856136     -8.856139
   0.28268     -8.855907     -8.855910
   0.22614     -8.855697     -8.855699
   0.16961     -8.855518     -8.855521
   0.11307     -8.855379     -8.855382
   0.05654     -8.855289     -8.855291
   0.00000     -8.855257     -8.855259
 
# Band-Index   49
   0.00000     -8.796322     -8.796324
   0.05654     -8.796324     -8.796325
   0.11307     -8.796406     -8.796408
   0.16961     -8.796545     -8.796546
   0.22614     -8.796735     -8.796737
   0.28268     -8.796973     -8.796975
   0.33922     -8.797248     -8.797250
   0.39575     -8.797548     -8.797549
   0.45229     -8.797851     -8.797853
   0.50883     -8.798140     -8.798142
   0.56536     -8.798394     -8.798396
   0.62190     -8.798592     -8.798594
   0.67843     -8.798715     -8.798716
   0.73497     -8.798758     -8.798759
   0.73497     -8.796323     -8.796325
   0.76727     -8.796323     -8.796325
   0.79958     -8.796323     -8.796325
   0.83188     -8.796323     -8.796325
   0.86418     -8.796322     -8.796324
   0.86418     -8.796322     -8.796324
   0.92069     -8.796350     -8.796352
   0.97719     -8.796434     -8.796436
   1.03369     -8.796573     -8.796574
   1.09019     -8.796763     -8.796765
   1.14669     -8.797000     -8.797002
   1.20320     -8.797275     -8.797277
   1.25970     -8.797573     -8.797575
   1.31620     -8.797876     -8.797878
   1.37270     -8.798164     -8.798166
   1.42921     -8.798417     -8.798419
   1.48571     -8.798614     -8.798616
   1.54221     -8.798736     -8.798738
   1.59871     -8.798779     -8.798781
   1.59871     -8.798788     -8.798790
   1.65611     -8.798744     -8.798745
   1.71352     -8.798617     -8.798619
   1.77092     -8.798418     -8.798420
   1.82832     -8.798164     -8.798166
   1.88572     -8.797872     -8.797874
   1.94313     -8.797564     -8.797566
   2.00053     -8.797263     -8.797264
   2.05793     -8.796984     -8.796986
   2.11534     -8.796743     -8.796745
   2.17274     -8.796550     -8.796552
   2.23014     -8.796409     -8.796411
   2.28754     -8.796326     -8.796327
   2.34495     -8.796322     -8.796324
   2.34495     -8.796322     -8.796324
   2.40231     -8.796350     -8.796352
   2.45968     -8.796434     -8.796436
   2.51704     -8.796573     -8.796574
   2.57441     -8.796763     -8.796765
   2.63178     -8.797000     -8.797002
   2.68914     -8.797276     -8.797277
   2.74651     -8.797573     -8.797575
   2.80388     -8.797877     -8.797879
   2.86124     -8.798165     -8.798167
   2.91861     -8.798416     -8.798418
   2.97598     -8.798612     -8.798614
   3.03334     -8.798736     -8.798738
   3.09071     -8.798779     -8.798781
   3.09071     -8.798787     -8.798789
   3.14725     -8.798743     -8.798745
   3.20379     -8.798619     -8.798621
   3.26033     -8.798419     -8.798421
   3.31687     -8.798163     -8.798165
   3.37341     -8.797871     -8.797873
   3.42995     -8.797564     -8.797566
   3.48650     -8.797262     -8.797264
   3.54304     -8.796984     -8.796986
   3.59958     -8.796743     -8.796745
   3.65612     -8.796550     -8.796552
   3.71266     -8.796409     -8.796411
   3.76920     -8.796326     -8.796327
   3.82574     -8.796322     -8.796324
   3.82574     -8.796322     -8.796324
   3.88314     -8.796324     -8.796325
   3.94054     -8.796406     -8.796408
   3.99795     -8.796545     -8.796546
   4.05535     -8.796735     -8.796737
   4.11275     -8.796973     -8.796975
   4.17015     -8.797249     -8.797251
   4.22755     -8.797548     -8.797550
   4.28495     -8.797852     -8.797854
   4.34235     -8.798141     -8.798143
   4.39975     -8.798393     -8.798395
   4.45716     -8.798590     -8.798592
   4.51456     -8.798715     -8.798717
   4.57196     -8.798758     -8.798760
 
# Band-Index   50
   4.57196     -8.797636     -8.797637
   4.51456     -8.797592     -8.797594
   4.45716     -8.797467     -8.797468
   4.39975     -8.797269     -8.797271
   4.34235     -8.797017     -8.797018
   4.28495     -8.796726     -8.796728
   4.22755     -8.796420     -8.796422
   4.17015     -8.796120     -8.796122
   4.11275     -8.795842     -8.795844
   4.05535     -8.795603     -8.795605
   3.99795     -8.795411     -8.795413
   3.94054     -8.795643     -8.795645
   3.88314     -8.796143     -8.796144
   3.82574     -8.796285     -8.796287
   3.82574     -8.796285     -8.796287
   3.76920     -8.796142     -8.796144
   3.71266     -8.795642     -8.795644
   3.65612     -8.795403     -8.795405
   3.59958     -8.795596     -8.795598
   3.54304     -8.795837     -8.795839
   3.48650     -8.796116     -8.796117
   3.42995     -8.796418     -8.796420
   3.37341     -8.796725     -8.796727
   3.31687     -8.797017     -8.797018
   3.26033     -8.797273     -8.797275
   3.20379     -8.797473     -8.797475
   3.14725     -8.797597     -8.797599
   3.09071     -8.797641     -8.797643
   3.09071     -8.797619     -8.797621
   3.03334     -8.797577     -8.797578
   2.97598     -8.797453     -8.797454
   2.91861     -8.797258     -8.797259
   2.86124     -8.797008     -8.797009
   2.80388     -8.796721     -8.796723
   2.74651     -8.796419     -8.796421
   2.68914     -8.796123     -8.796125
   2.63178     -8.795849     -8.795851
   2.57441     -8.795613     -8.795615
   2.51704     -8.795424     -8.795426
   2.45968     -8.795618     -8.795620
   2.40231     -8.796117     -8.796118
   2.34495     -8.796285     -8.796287
   2.34495     -8.796285     -8.796287
   2.28754     -8.796142     -8.796144
   2.23014     -8.795642     -8.795644
   2.17274     -8.795403     -8.795405
   2.11534     -8.795596     -8.795598
   2.05793     -8.795837     -8.795839
   2.00053     -8.796116     -8.796118
   1.94313     -8.796418     -8.796420
   1.88572     -8.796725     -8.796727
   1.82832     -8.797017     -8.797019
   1.77092     -8.797272     -8.797273
   1.71352     -8.797470     -8.797472
   1.65611     -8.797597     -8.797599
   1.59871     -8.797642     -8.797643
   1.59871     -8.797619     -8.797621
   1.54221     -8.797576     -8.797578
   1.48571     -8.797455     -8.797457
   1.42921     -8.797258     -8.797260
   1.37270     -8.797007     -8.797009
   1.31620     -8.796720     -8.796722
   1.25970     -8.796419     -8.796420
   1.20320     -8.796122     -8.796124
   1.14669     -8.795849     -8.795851
   1.09019     -8.795613     -8.795615
   1.03369     -8.795424     -8.795426
   0.97719     -8.795618     -8.795620
   0.92069     -8.796117     -8.796118
   0.86418     -8.796285     -8.796287
   0.86418     -8.796285     -8.796287
   0.83188     -8.796287     -8.796288
   0.79958     -8.796286     -8.796288
   0.76727     -8.796286     -8.796288
   0.73497     -8.796286     -8.796288
   0.73497     -8.797635     -8.797637
   0.67843     -8.797592     -8.797594
   0.62190     -8.797469     -8.797471
   0.56536     -8.797270     -8.797272
   0.50883     -8.797016     -8.797017
   0.45229     -8.796725     -8.796727
   0.39575     -8.796420     -8.796422
   0.33922     -8.796119     -8.796121
   0.28268     -8.795842     -8.795844
   0.22614     -8.795603     -8.795605
   0.16961     -8.795411     -8.795413
   0.11307     -8.795643     -8.795644
   0.05654     -8.796143     -8.796144
   0.00000     -8.796285     -8.796287
 
# Band-Index   51
   0.00000     -8.795177     -8.795179
   0.05654     -8.795188     -8.795190
   0.11307     -8.795272     -8.795273
   0.16961     -8.794841     -8.794843
   0.22614     -8.793872     -8.793874
   0.28268     -8.794110     -8.794111
   0.33922     -8.794385     -8.794386
   0.39575     -8.794685     -8.794686
   0.45229     -8.794989     -8.794991
   0.50883     -8.795279     -8.795280
   0.56536     -8.795534     -8.795535
   0.62190     -8.795733     -8.795734
   0.67843     -8.795856     -8.795857
   0.73497     -8.795899     -8.795900
   0.73497     -8.795178     -8.795180
   0.76727     -8.795178     -8.795180
   0.79958     -8.795178     -8.795179
   0.83188     -8.795178     -8.795180
   0.86418     -8.795177     -8.795179
   0.86418     -8.795177     -8.795179
   0.92069     -8.795204     -8.795206
   0.97719     -8.795287     -8.795288
   1.03369     -8.794820     -8.794822
   1.09019     -8.793902     -8.793903
   1.14669     -8.794146     -8.794147
   1.20320     -8.794428     -8.794429
   1.25970     -8.794734     -8.794736
   1.31620     -8.795045     -8.795047
   1.37270     -8.795340     -8.795342
   1.42921     -8.795599     -8.795600
   1.48571     -8.795801     -8.795803
   1.54221     -8.795926     -8.795927
   1.59871     -8.795969     -8.795971
   1.59871     -8.795953     -8.795954
   1.65611     -8.795908     -8.795909
   1.71352     -8.795780     -8.795781
   1.77092     -8.795578     -8.795579
   1.82832     -8.795320     -8.795321
   1.88572     -8.795023     -8.795024
   1.94313     -8.794711     -8.794712
   2.00053     -8.794404     -8.794405
   2.05793     -8.794121     -8.794122
   2.11534     -8.793876     -8.793877
   2.17274     -8.794842     -8.794843
   2.23014     -8.795262     -8.795264
   2.28754     -8.795178     -8.795179
   2.34495     -8.795177     -8.795179
   2.34495     -8.795177     -8.795179
   2.40231     -8.795204     -8.795206
   2.45968     -8.795287     -8.795289
   2.51704     -8.794820     -8.794822
   2.57441     -8.793902     -8.793903
   2.63178     -8.794146     -8.794147
   2.68914     -8.794429     -8.794430
   2.74651     -8.794735     -8.794736
   2.80388     -8.795046     -8.795047
   2.86124     -8.795341     -8.795342
   2.91861     -8.795598     -8.795599
   2.97598     -8.795798     -8.795800
   3.03334     -8.795926     -8.795927
   3.09071     -8.795970     -8.795971
   3.09071     -8.795953     -8.795954
   3.14725     -8.795908     -8.795909
   3.20379     -8.795782     -8.795783
   3.26033     -8.795579     -8.795580
   3.31687     -8.795319     -8.795320
   3.37341     -8.795023     -8.795024
   3.42995     -8.794711     -8.794712
   3.48650     -8.794404     -8.794405
   3.54304     -8.794121     -8.794122
   3.59958     -8.793876     -8.793877
   3.65612     -8.794842     -8.794843
   3.71266     -8.795262     -8.795264
   3.76920     -8.795178     -8.795179
   3.82574     -8.795177     -8.795179
   3.82574     -8.795177     -8.795179
   3.88314     -8.795188     -8.795190
   3.94054     -8.795272     -8.795273
   3.99795     -8.794841     -8.794843
   4.05535     -8.793872     -8.793874
   4.11275     -8.794110     -8.794111
   4.17015     -8.794386     -8.794387
   4.22755     -8.794685     -8.794686
   4.28495     -8.794990     -8.794991
   4.34235     -8.795280     -8.795281
   4.39975     -8.795533     -8.795534
   4.45716     -8.795730     -8.795732
   4.51456     -8.795856     -8.795857
   4.57196     -8.795899     -8.795901
 
# Band-Index   52
   4.57196     -8.784533     -8.784534
   4.51456     -8.784704     -8.784706
   4.45716     -8.785210     -8.785212
   4.39975     -8.786021     -8.786023
   4.34235     -8.787090     -8.787091
   4.28495     -8.788352     -8.788353
   4.22755     -8.789732     -8.789734
   4.17015     -8.791152     -8.791154
   4.11275     -8.792529     -8.792531
   4.05535     -8.793784     -8.793785
   3.99795     -8.793692     -8.793693
   3.94054     -8.794493     -8.794494
   3.88314     -8.794992     -8.794994
   3.82574     -8.795145     -8.795146
   3.82574     -8.795145     -8.795146
   3.76920     -8.795004     -8.795006
   3.71266     -8.794504     -8.794505
   3.65612     -8.793703     -8.793704
   3.59958     -8.793784     -8.793785
   3.54304     -8.792530     -8.792532
   3.48650     -8.791152     -8.791154
   3.42995     -8.789733     -8.789734
   3.37341     -8.788351     -8.788353
   3.31687     -8.787090     -8.787091
   3.26033     -8.786024     -8.786025
   3.20379     -8.785215     -8.785216
   3.14725     -8.784706     -8.784708
   3.09071     -8.784534     -8.784536
   3.09071     -8.784560     -8.784562
   3.03334     -8.784731     -8.784732
   2.97598     -8.785234     -8.785236
   2.91861     -8.786042     -8.786043
   2.86124     -8.787105     -8.787106
   2.80388     -8.788361     -8.788362
   2.74651     -8.789735     -8.789737
   2.68914     -8.791148     -8.791150
   2.63178     -8.792519     -8.792520
   2.57441     -8.793767     -8.793769
   2.51704     -8.793706     -8.793707
   2.45968     -8.794478     -8.794480
   2.40231     -8.794977     -8.794979
   2.34495     -8.795145     -8.795146
   2.34495     -8.795145     -8.795146
   2.28754     -8.795004     -8.795006
   2.23014     -8.794504     -8.794506
   2.17274     -8.793703     -8.793704
   2.11534     -8.793784     -8.793786
   2.05793     -8.792529     -8.792531
   2.00053     -8.791152     -8.791154
   1.94313     -8.789733     -8.789734
   1.88572     -8.788352     -8.788354
   1.82832     -8.787091     -8.787092
   1.77092     -8.786022     -8.786024
   1.71352     -8.785212     -8.785213
   1.65611     -8.784706     -8.784708
   1.59871     -8.784536     -8.784537
   1.59871     -8.784559     -8.784560
   1.54221     -8.784731     -8.784732
   1.48571     -8.785237     -8.785239
   1.42921     -8.786043     -8.786045
   1.37270     -8.787104     -8.787106
   1.31620     -8.788360     -8.788361
   1.25970     -8.789735     -8.789737
   1.20320     -8.791148     -8.791150
   1.14669     -8.792519     -8.792521
   1.09019     -8.793767     -8.793769
   1.03369     -8.793705     -8.793707
   0.97719     -8.794478     -8.794480
   0.92069     -8.794977     -8.794979
   0.86418     -8.795145     -8.795146
   0.86418     -8.795145     -8.795146
   0.83188     -8.795146     -8.795148
   0.79958     -8.795145     -8.795147
   0.76727     -8.795146     -8.795147
   0.73497     -8.795146     -8.795147
   0.73497     -8.784532     -8.784533
   0.67843     -8.784704     -8.784706
   0.62190     -8.785213     -8.785215
   0.56536     -8.786023     -8.786024
   0.50883     -8.787089     -8.787091
   0.45229     -8.788351     -8.788352
   0.39575     -8.789732     -8.789734
   0.33922     -8.791152     -8.791154
   0.28268     -8.792530     -8.792531
   0.22614     -8.793783     -8.793785
   0.16961     -8.793692     -8.793693
   0.11307     -8.794492     -8.794494
   0.05654     -8.794992     -8.794994
   0.00000     -8.795145     -8.795146
 
# Band-Index   53
   0.00000     -8.793449     -8.793450
   0.05654     -8.793462     -8.793463
   0.11307     -8.793544     -8.793546
   0.16961     -8.793682     -8.793684
   0.22614     -8.792634     -8.792635
   0.28268     -8.791380     -8.791382
   0.33922     -8.790003     -8.790005
   0.39575     -8.788584     -8.788585
   0.45229     -8.787202     -8.787204
   0.50883     -8.785941     -8.785943
   0.56536     -8.784875     -8.784877
   0.62190     -8.784066     -8.784067
   0.67843     -8.783557     -8.783558
   0.73497     -8.783384     -8.783386
   0.73497     -8.793450     -8.793451
   0.76727     -8.793450     -8.793451
   0.79958     -8.793449     -8.793451
   0.83188     -8.793450     -8.793451
   0.86418     -8.793449     -8.793450
   0.86418     -8.793449     -8.793450
   0.92069     -8.793476     -8.793478
   0.97719     -8.793562     -8.793564
   1.03369     -8.793681     -8.793682
   1.09019     -8.792627     -8.792629
   1.14669     -8.791379     -8.791380
   1.20320     -8.790008     -8.790009
   1.25970     -8.788594     -8.788596
   1.31620     -8.787219     -8.787220
   1.37270     -8.785963     -8.785965
   1.42921     -8.784902     -8.784903
   1.48571     -8.784096     -8.784097
   1.54221     -8.783589     -8.783590
   1.59871     -8.783417     -8.783418
   1.59871     -8.783396     -8.783397
   1.65611     -8.783566     -8.783568
   1.71352     -8.784072     -8.784073
   1.77092     -8.784883     -8.784884
   1.82832     -8.785951     -8.785952
   1.88572     -8.787213     -8.787214
   1.94313     -8.788593     -8.788595
   2.00053     -8.790013     -8.790015
   2.05793     -8.791390     -8.791392
   2.11534     -8.792645     -8.792647
   2.17274     -8.793680     -8.793681
   2.23014     -8.793537     -8.793538
   2.28754     -8.793451     -8.793452
   2.34495     -8.793449     -8.793450
   2.34495     -8.793449     -8.793450
   2.40231     -8.793476     -8.793478
   2.45968     -8.793562     -8.793564
   2.51704     -8.793681     -8.793682
   2.57441     -8.792627     -8.792629
   2.63178     -8.791378     -8.791380
   2.68914     -8.790008     -8.790009
   2.74651     -8.788594     -8.788596
   2.80388     -8.787220     -8.787221
   2.86124     -8.785964     -8.785965
   2.91861     -8.784900     -8.784901
   2.97598     -8.784093     -8.784094
   3.03334     -8.783589     -8.783590
   3.09071     -8.783418     -8.783420
   3.09071     -8.783395     -8.783396
   3.14725     -8.783566     -8.783568
   3.20379     -8.784075     -8.784076
   3.26033     -8.784884     -8.784886
   3.31687     -8.785950     -8.785952
   3.37341     -8.787212     -8.787213
   3.42995     -8.788593     -8.788595
   3.48650     -8.790013     -8.790015
   3.54304     -8.791391     -8.791392
   3.59958     -8.792645     -8.792646
   3.65612     -8.793680     -8.793681
   3.71266     -8.793537     -8.793538
   3.76920     -8.793450     -8.793452
   3.82574     -8.793449     -8.793450
   3.82574     -8.793449     -8.793450
   3.88314     -8.793462     -8.793463
   3.94054     -8.793544     -8.793546
   3.99795     -8.793682     -8.793684
   4.05535     -8.792634     -8.792636
   4.11275     -8.791380     -8.791381
   4.17015     -8.790003     -8.790005
   4.22755     -8.788584     -8.788585
   4.28495     -8.787203     -8.787205
   4.34235     -8.785942     -8.785943
   4.39975     -8.784874     -8.784875
   4.45716     -8.784063     -8.784064
   4.51456     -8.783557     -8.783558
   4.57196     -8.783386     -8.783387
 
# Band-Index   54
   4.57196     -8.781593     -8.781594
   4.51456     -8.781765     -8.781766
   4.45716     -8.782274     -8.782275
   4.39975     -8.783089     -8.783090
   4.34235     -8.784163     -8.784164
   4.28495     -8.785432     -8.785433
   4.22755     -8.786819     -8.786820
   4.17015     -8.788246     -8.788248
   4.11275     -8.789630     -8.789632
   4.05535     -8.790891     -8.790892
   3.99795     -8.791955     -8.791956
   3.94054     -8.792760     -8.792761
   3.88314     -8.793262     -8.793264
   3.82574     -8.793418     -8.793420
   3.82574     -8.793418     -8.793420
   3.76920     -8.793276     -8.793277
   3.71266     -8.792773     -8.792774
   3.65612     -8.791968     -8.791969
   3.59958     -8.790905     -8.790906
   3.54304     -8.789645     -8.789646
   3.48650     -8.788260     -8.788261
   3.42995     -8.786833     -8.786834
   3.37341     -8.785445     -8.785446
   3.31687     -8.784177     -8.784178
   3.26033     -8.783106     -8.783107
   3.20379     -8.782292     -8.782293
   3.14725     -8.781781     -8.781782
   3.09071     -8.781609     -8.781610
   3.09071     -8.781640     -8.781640
   3.03334     -8.781811     -8.781812
   2.97598     -8.782317     -8.782318
   2.91861     -8.783128     -8.783129
   2.86124     -8.784196     -8.784197
   2.80388     -8.785458     -8.785459
   2.74651     -8.786839     -8.786840
   2.68914     -8.788259     -8.788260
   2.63178     -8.789636     -8.789637
   2.57441     -8.790890     -8.790891
   2.51704     -8.791948     -8.791949
   2.45968     -8.792750     -8.792751
   2.40231     -8.793250     -8.793251
   2.34495     -8.793418     -8.793420
   2.34495     -8.793418     -8.793420
   2.28754     -8.793276     -8.793277
   2.23014     -8.792773     -8.792775
   2.17274     -8.791968     -8.791969
   2.11534     -8.790905     -8.790906
   2.05793     -8.789644     -8.789645
   2.00053     -8.788260     -8.788261
   1.94313     -8.786833     -8.786834
   1.88572     -8.785446     -8.785447
   1.82832     -8.784178     -8.784179
   1.77092     -8.783104     -8.783105
   1.71352     -8.782289     -8.782290
   1.65611     -8.781781     -8.781782
   1.59871     -8.781610     -8.781611
   1.59871     -8.781638     -8.781639
   1.54221     -8.781811     -8.781812
   1.48571     -8.782320     -8.782321
   1.42921     -8.783129     -8.783130
   1.37270     -8.784196     -8.784197
   1.31620     -8.785457     -8.785458
   1.25970     -8.786839     -8.786840
   1.20320     -8.788258     -8.788259
   1.14669     -8.789636     -8.789637
   1.09019     -8.790890     -8.790891
   1.03369     -8.791948     -8.791949
   0.97719     -8.792749     -8.792750
   0.92069     -8.793250     -8.793251
   0.86418     -8.793418     -8.793420
   0.86418     -8.793418     -8.793420
   0.83188     -8.793420     -8.793421
   0.79958     -8.793419     -8.793420
   0.76727     -8.793419     -8.793420
   0.73497     -8.793419     -8.793420
   0.73497     -8.781592     -8.781593
   0.67843     -8.781766     -8.781767
   0.62190     -8.782277     -8.782278
   0.56536     -8.783091     -8.783092
   0.50883     -8.784163     -8.784164
   0.45229     -8.785431     -8.785432
   0.39575     -8.786819     -8.786820
   0.33922     -8.788246     -8.788247
   0.28268     -8.789631     -8.789632
   0.22614     -8.790891     -8.790892
   0.16961     -8.791955     -8.791956
   0.11307     -8.792760     -8.792761
   0.05654     -8.793262     -8.793264
   0.00000     -8.793418     -8.793420
 
# Band-Index   55
   0.00000     -8.404727     -8.404718
   0.05654     -8.402657     -8.402649
   0.11307     -8.396497     -8.396489
   0.16961     -8.386393     -8.386384
   0.22614     -8.372615     -8.372606
   0.28268     -8.355581     -8.355572
   0.33922     -8.335878     -8.335869
   0.39575     -8.314294     -8.314284
   0.45229     -8.291826     -8.291816
   0.50883     -8.269645     -8.269635
   0.56536     -8.249055     -8.249044
   0.62190     -8.231381     -8.231370
   0.67843     -8.217857     -8.217846
   0.73497     -8.210598     -8.210586
   0.73497     -8.379568     -8.379559
   0.76727     -8.389096     -8.389088
   0.79958     -8.397495     -8.397487
   0.83188     -8.402878     -8.402870
   0.86418     -8.404727     -8.404718
   0.86418     -8.404727     -8.404718
   0.92069     -8.402662     -8.402654
   0.97719     -8.396515     -8.396507
   1.03369     -8.386434     -8.386425
   1.09019     -8.372687     -8.372679
   1.14669     -8.355694     -8.355685
   1.20320     -8.336041     -8.336031
   1.25970     -8.314512     -8.314502
   1.31620     -8.292104     -8.292094
   1.37270     -8.269984     -8.269974
   1.42921     -8.249451     -8.249440
   1.48571     -8.231823     -8.231812
   1.54221     -8.218317     -8.218306
   1.59871     -8.210908     -8.210896
   1.59871     -8.218000     -8.217989
   1.65611     -8.220169     -8.220157
   1.71352     -8.226517     -8.226506
   1.77092     -8.237440     -8.237428
   1.82832     -8.258453     -8.258442
   1.88572     -8.282415     -8.282405
   1.94313     -8.306734     -8.306724
   2.00053     -8.330106     -8.330096
   2.05793     -8.351448     -8.351440
   2.11534     -8.369906     -8.369898
   2.17274     -8.384843     -8.384834
   2.23014     -8.395800     -8.395792
   2.28754     -8.402483     -8.402474
   2.34495     -8.404727     -8.404718
   2.34495     -8.404727     -8.404718
   2.40231     -8.402489     -8.402481
   2.45968     -8.395838     -8.395830
   2.51704     -8.384969     -8.384961
   2.57441     -8.370232     -8.370224
   2.63178     -8.352168     -8.352159
   2.68914     -8.331526     -8.331517
   2.74651     -8.309298     -8.309289
   2.80388     -8.286717     -8.286707
   2.86124     -8.265203     -8.265193
   2.91861     -8.246286     -8.246275
   2.97598     -8.231458     -8.231447
   3.03334     -8.221986     -8.221974
   3.09071     -8.218727     -8.218715
   3.09071     -8.210517     -8.210505
   3.14725     -8.217839     -8.217827
   3.20379     -8.231371     -8.231360
   3.26033     -8.249047     -8.249036
   3.31687     -8.269639     -8.269628
   3.37341     -8.291820     -8.291810
   3.42995     -8.314289     -8.314279
   3.48650     -8.335874     -8.335865
   3.54304     -8.355578     -8.355569
   3.59958     -8.372613     -8.372604
   3.65612     -8.386392     -8.386384
   3.71266     -8.396497     -8.396489
   3.76920     -8.402658     -8.402650
   3.82574     -8.404727     -8.404718
   3.82574     -8.404727     -8.404718
   3.88314     -8.402480     -8.402472
   3.94054     -8.395803     -8.395794
   3.99795     -8.384890     -8.384881
   4.05535     -8.370093     -8.370085
   4.11275     -8.351956     -8.351947
   4.17015     -8.331231     -8.331222
   4.22755     -8.308914     -8.308904
   4.28495     -8.286243     -8.286233
   4.34235     -8.264645     -8.264635
   4.39975     -8.245657     -8.245646
   4.45716     -8.230775     -8.230764
   4.51456     -8.221268     -8.221257
   4.57196     -8.217997     -8.217986
 
# Band-Index   56
   4.57196     -8.193077     -8.193065
   4.51456     -8.198569     -8.198558
   4.45716     -8.209340     -8.209329
   4.39975     -8.223372     -8.223362
   4.34235     -8.239518     -8.239508
   4.28495     -8.256629     -8.256619
   4.22755     -8.273626     -8.273617
   4.17015     -8.289568     -8.289559
   4.11275     -8.303678     -8.303670
   4.05535     -8.315339     -8.315331
   3.99795     -8.324094     -8.324086
   3.94054     -8.329639     -8.329631
   3.88314     -8.331844     -8.331836
   3.82574     -8.331482     -8.331474
   3.82574     -8.331482     -8.331474
   3.76920     -8.329666     -8.329658
   3.71266     -8.324282     -8.324274
   3.65612     -8.315537     -8.315528
   3.59958     -8.303795     -8.303786
   3.54304     -8.289608     -8.289599
   3.48650     -8.273748     -8.273739
   3.42995     -8.257206     -8.257196
   3.37341     -8.241134     -8.241124
   3.31687     -8.226773     -8.226763
   3.26033     -8.215369     -8.215359
   3.20379     -8.208053     -8.208042
   3.14725     -8.205658     -8.205647
   3.09071     -8.207510     -8.207500
   3.09071     -8.193347     -8.193335
   3.03334     -8.198702     -8.198690
   2.97598     -8.209389     -8.209378
   2.91861     -8.223354     -8.223343
   2.86124     -8.239444     -8.239434
   2.80388     -8.256514     -8.256505
   2.74651     -8.273487     -8.273478
   2.68914     -8.289419     -8.289411
   2.63178     -8.303533     -8.303525
   2.57441     -8.315209     -8.315201
   2.51704     -8.323988     -8.323981
   2.45968     -8.329565     -8.329557
   2.40231     -8.331807     -8.331800
   2.34495     -8.331482     -8.331474
   2.34495     -8.331482     -8.331474
   2.28754     -8.331826     -8.331819
   2.23014     -8.329650     -8.329642
   2.17274     -8.324246     -8.324239
   2.11534     -8.315827     -8.315819
   2.05793     -8.304800     -8.304791
   2.00053     -8.291737     -8.291728
   1.94313     -8.277373     -8.277364
   1.88572     -8.262588     -8.262578
   1.82832     -8.248335     -8.248325
   1.77092     -8.234470     -8.234460
   1.71352     -8.216274     -8.216264
   1.65611     -8.201412     -8.201401
   1.59871     -8.193111     -8.193099
   1.59871     -8.208199     -8.208188
   1.54221     -8.206243     -8.206232
   1.48571     -8.208613     -8.208602
   1.42921     -8.215895     -8.215884
   1.37270     -8.227248     -8.227238
   1.31620     -8.241541     -8.241531
   1.25970     -8.257529     -8.257520
   1.20320     -8.273979     -8.273969
   1.14669     -8.289753     -8.289744
   1.09019     -8.303876     -8.303867
   1.03369     -8.315576     -8.315568
   0.97719     -8.324297     -8.324289
   0.92069     -8.329669     -8.329661
   0.86418     -8.331482     -8.331474
   0.86418     -8.331482     -8.331474
   0.83188     -8.341312     -8.341305
   0.79958     -8.353503     -8.353495
   0.76727     -8.366086     -8.366078
   0.73497     -8.377024     -8.377017
   0.73497     -8.207418     -8.207408
   0.67843     -8.205629     -8.205618
   0.62190     -8.208033     -8.208023
   0.56536     -8.215352     -8.215341
   0.50883     -8.226756     -8.226746
   0.45229     -8.241118     -8.241108
   0.39575     -8.257193     -8.257183
   0.33922     -8.273740     -8.273730
   0.28268     -8.289604     -8.289594
   0.22614     -8.303793     -8.303785
   0.16961     -8.315537     -8.315528
   0.11307     -8.324282     -8.324274
   0.05654     -8.329666     -8.329658
   0.00000     -8.331482     -8.331474
 
# Band-Index   57
   0.00000     -8.328803     -8.328797
   0.05654     -8.326979     -8.326973
   0.11307     -8.321574     -8.321568
   0.16961     -8.312791     -8.312784
   0.22614     -8.300974     -8.300967
   0.28268     -8.286610     -8.286602
   0.33922     -8.270326     -8.270318
   0.39575     -8.252902     -8.252893
   0.45229     -8.235292     -8.235283
   0.50883     -8.218604     -8.218594
   0.56536     -8.204014     -8.204004
   0.62190     -8.192637     -8.192626
   0.67843     -8.185396     -8.185385
   0.73497     -8.182908     -8.182898
   0.73497     -8.308063     -8.308056
   0.76727     -8.309525     -8.309518
   0.79958     -8.313837     -8.313830
   0.83188     -8.320776     -8.320769
   0.86418     -8.328803     -8.328797
   0.86418     -8.328803     -8.328797
   0.92069     -8.326982     -8.326976
   0.97719     -8.321584     -8.321577
   1.03369     -8.312807     -8.312800
   1.09019     -8.300990     -8.300983
   1.14669     -8.286610     -8.286603
   1.20320     -8.270296     -8.270288
   1.25970     -8.252840     -8.252832
   1.31620     -8.235210     -8.235201
   1.37270     -8.218515     -8.218505
   1.42921     -8.203927     -8.203917
   1.48571     -8.192555     -8.192545
   1.54221     -8.185318     -8.185308
   1.59871     -8.182833     -8.182823
   1.59871     -8.189807     -8.189797
   1.65611     -8.187285     -8.187275
   1.71352     -8.189222     -8.189211
   1.77092     -8.196445     -8.196435
   1.82832     -8.208125     -8.208116
   1.88572     -8.223121     -8.223112
   1.94313     -8.240161     -8.240153
   2.00053     -8.257986     -8.257978
   2.05793     -8.275449     -8.275441
   2.11534     -8.291578     -8.291570
   2.17274     -8.305588     -8.305580
   2.23014     -8.316882     -8.316875
   2.28754     -8.324989     -8.324982
   2.34495     -8.328803     -8.328797
   2.34495     -8.328803     -8.328797
   2.40231     -8.325011     -8.325004
   2.45968     -8.316972     -8.316965
   2.51704     -8.305821     -8.305813
   2.57441     -8.292054     -8.292046
   2.63178     -8.276283     -8.276275
   2.68914     -8.259290     -8.259282
   2.74651     -8.242022     -8.242013
   2.80388     -8.225564     -8.225554
   2.86124     -8.211060     -8.211050
   2.91861     -8.199613     -8.199603
   2.97598     -8.192141     -8.192131
   3.03334     -8.189200     -8.189190
   3.09071     -8.189879     -8.189870
   3.09071     -8.182880     -8.182869
   3.14725     -8.185366     -8.185355
   3.20379     -8.192605     -8.192595
   3.26033     -8.203982     -8.203972
   3.31687     -8.218571     -8.218562
   3.37341     -8.235261     -8.235252
   3.42995     -8.252875     -8.252867
   3.48650     -8.270306     -8.270298
   3.54304     -8.286598     -8.286590
   3.59958     -8.300968     -8.300961
   3.65612     -8.312788     -8.312782
   3.71266     -8.321574     -8.321567
   3.76920     -8.326980     -8.326973
   3.82574     -8.328803     -8.328797
   3.82574     -8.328803     -8.328797
   3.88314     -8.324973     -8.324966
   3.94054     -8.316891     -8.316884
   3.99795     -8.305698     -8.305690
   4.05535     -8.291891     -8.291884
   4.11275     -8.276085     -8.276077
   4.17015     -8.259063     -8.259055
   4.22755     -8.241773     -8.241764
   4.28495     -8.225303     -8.225294
   4.34235     -8.210801     -8.210791
   4.39975     -8.199370     -8.199360
   4.45716     -8.191932     -8.191922
   4.51456     -8.189053     -8.189043
   4.57196     -8.189861     -8.189851
 
# Band-Index   58
   4.57196     -3.701553     -3.701562
   4.51456     -3.712599     -3.712608
   4.45716     -3.744738     -3.744748
   4.39975     -3.795109     -3.795120
   4.34235     -3.859463     -3.859474
   4.28495     -3.932781     -3.932793
   4.22755     -4.009910     -4.009923
   4.17015     -4.086048     -4.086062
   4.11275     -4.157032     -4.157046
   4.05535     -4.219440     -4.219455
   3.99795     -4.270591     -4.270606
   3.94054     -4.308486     -4.308501
   3.88314     -4.331754     -4.331769
   3.82574     -4.339599     -4.339614
   3.82574     -4.339599     -4.339614
   3.76920     -4.332426     -4.332441
   3.71266     -4.311101     -4.311116
   3.65612     -4.276203     -4.276218
   3.59958     -4.228731     -4.228745
   3.54304     -4.170160     -4.170174
   3.48650     -4.102483     -4.102496
   3.42995     -4.028313     -4.028325
   3.37341     -3.950954     -3.950965
   3.31687     -3.874458     -3.874468
   3.26033     -3.803559     -3.803568
   3.20379     -3.743253     -3.743261
   3.14725     -3.697808     -3.697815
   3.09071     -3.670145     -3.670154
   3.09071     -3.705798     -3.705805
   3.03334     -3.716737     -3.716744
   2.97598     -3.748575     -3.748583
   2.91861     -3.798501     -3.798509
   2.86124     -3.862326     -3.862336
   2.80388     -3.935095     -3.935105
   2.74651     -4.011698     -4.011710
   2.68914     -4.087363     -4.087376
   2.63178     -4.157942     -4.157956
   2.57441     -4.220019     -4.220033
   2.51704     -4.270915     -4.270930
   2.45968     -4.308629     -4.308644
   2.40231     -4.331790     -4.331805
   2.34495     -4.339599     -4.339614
   2.34495     -4.339599     -4.339614
   2.28754     -4.331761     -4.331776
   2.23014     -4.308452     -4.308467
   2.17274     -4.270277     -4.270292
   2.11534     -4.218287     -4.218301
   2.05793     -4.154004     -4.154018
   2.00053     -4.079477     -4.079490
   1.94313     -3.997367     -3.997379
   1.88572     -3.911035     -3.911046
   1.82832     -3.824643     -3.824653
   1.77092     -3.761140     -3.761150
   1.71352     -3.730312     -3.730320
   1.65611     -3.709685     -3.709693
   1.59871     -3.702392     -3.702400
   1.59871     -3.672435     -3.672443
   1.54221     -3.699882     -3.699890
   1.48571     -3.745159     -3.745167
   1.42921     -3.805243     -3.805252
   1.37270     -3.875886     -3.875895
   1.31620     -3.952117     -3.952128
   1.25970     -4.029221     -4.029233
   1.20320     -4.103158     -4.103171
   1.14669     -4.170631     -4.170645
   1.09019     -4.229034     -4.229048
   1.03369     -4.276373     -4.276387
   0.97719     -4.311177     -4.311192
   0.92069     -4.332445     -4.332460
   0.86418     -4.339599     -4.339614
   0.86418     -4.339599     -4.339614
   0.83188     -4.332522     -4.332537
   0.79958     -4.311434     -4.311450
   0.76727     -4.276789     -4.276804
   0.73497     -4.229755     -4.229770
   0.73497     -3.670288     -3.670299
   0.67843     -3.697456     -3.697465
   0.62190     -3.742939     -3.742948
   0.56536     -3.803306     -3.803316
   0.50883     -3.874268     -3.874279
   0.45229     -3.950821     -3.950833
   0.39575     -4.028225     -4.028237
   0.33922     -4.102427     -4.102440
   0.28268     -4.170127     -4.170141
   0.22614     -4.228713     -4.228727
   0.16961     -4.276193     -4.276208
   0.11307     -4.311097     -4.311112
   0.05654     -4.332425     -4.332440
   0.00000     -4.339599     -4.339614
 
# Band-Index   59
   0.00000     -3.948149     -3.948166
   0.05654     -3.943268     -3.943285
   0.11307     -3.928836     -3.928853
   0.16961     -3.905791     -3.905808
   0.22614     -3.875891     -3.875907
   0.28268     -3.840946     -3.840961
   0.33922     -3.803053     -3.803068
   0.39575     -3.764728     -3.764741
   0.45229     -3.728681     -3.728694
   0.50883     -3.697594     -3.697606
   0.56536     -3.673896     -3.673908
   0.62190     -3.659733     -3.659744
   0.67843     -3.657233     -3.657242
   0.73497     -3.667834     -3.667841
   0.73497     -4.229016     -4.229030
   0.76727     -4.170457     -4.170471
   0.79958     -4.101808     -4.101823
   0.83188     -4.026066     -4.026081
   0.86418     -3.948149     -3.948166
   0.86418     -3.948149     -3.948166
   0.92069     -3.943300     -3.943317
   0.97719     -3.929081     -3.929098
   1.03369     -3.906524     -3.906539
   1.09019     -3.877084     -3.877099
   1.14669     -3.842501     -3.842515
   1.20320     -3.804928     -3.804941
   1.25970     -3.766882     -3.766895
   1.31620     -3.731063     -3.731075
   1.37270     -3.700139     -3.700150
   1.42921     -3.676536     -3.676546
   1.48571     -3.662409     -3.662417
   1.54221     -3.659901     -3.659909
   1.59871     -3.670851     -3.670858
   1.59871     -3.579751     -3.579760
   1.65611     -3.616133     -3.616140
   1.71352     -3.671970     -3.671977
   1.77092     -3.743104     -3.743112
   1.82832     -3.798277     -3.798288
   1.88572     -3.838043     -3.838055
   1.94313     -3.876988     -3.877000
   2.00053     -3.912185     -3.912198
   2.05793     -3.941223     -3.941237
   2.11534     -3.962229     -3.962244
   2.17274     -3.973868     -3.973882
   2.23014     -3.975329     -3.975344
   2.28754     -3.966329     -3.966344
   2.34495     -3.948149     -3.948166
   2.34495     -3.948149     -3.948166
   2.40231     -3.966147     -3.966163
   2.45968     -3.974439     -3.974454
   2.51704     -3.971191     -3.971206
   2.57441     -3.956144     -3.956159
   2.63178     -3.929573     -3.929587
   2.68914     -3.892336     -3.892350
   2.74651     -3.845992     -3.846005
   2.80388     -3.792921     -3.792933
   2.86124     -3.736559     -3.736570
   2.91861     -3.681546     -3.681557
   2.97598     -3.633555     -3.633565
   3.03334     -3.598059     -3.598067
   3.09071     -3.579107     -3.579116
   3.09071     -3.668790     -3.668796
   3.14725     -3.657671     -3.657679
   3.20379     -3.660146     -3.660156
   3.26033     -3.674278     -3.674289
   3.31687     -3.697932     -3.697944
   3.37341     -3.728964     -3.728977
   3.42995     -3.764952     -3.764965
   3.48650     -3.803220     -3.803234
   3.54304     -3.841062     -3.841077
   3.59958     -3.875965     -3.875981
   3.65612     -3.905827     -3.905843
   3.71266     -3.928843     -3.928859
   3.76920     -3.943268     -3.943285
   3.82574     -3.948149     -3.948166
   3.82574     -3.948149     -3.948166
   3.88314     -3.966427     -3.966442
   3.94054     -3.974980     -3.974995
   3.99795     -3.971972     -3.971987
   4.05535     -3.957135     -3.957149
   4.11275     -3.930744     -3.930757
   4.17015     -3.893653     -3.893666
   4.22755     -3.847416     -3.847428
   4.28495     -3.794406     -3.794417
   4.34235     -3.738053     -3.738063
   4.39975     -3.682988     -3.682997
   4.45716     -3.634877     -3.634886
   4.51456     -3.599183     -3.599190
   4.57196     -3.579502     -3.579511
 
# Band-Index   60
   4.57196     -3.577993     -3.578000
   4.51456     -3.572427     -3.572436
   4.45716     -3.576713     -3.576723
   4.39975     -3.588695     -3.588706
   4.34235     -3.607358     -3.607371
   4.28495     -3.632850     -3.632863
   4.22755     -3.665296     -3.665311
   4.17015     -3.704059     -3.704074
   4.11275     -3.747539     -3.747554
   4.05535     -3.793396     -3.793411
   3.99795     -3.838910     -3.838925
   3.94054     -3.881315     -3.881330
   3.88314     -3.918062     -3.918077
   3.82574     -3.945893     -3.945907
   3.82574     -3.945893     -3.945907
   3.76920     -3.941016     -3.941029
   3.71266     -3.926574     -3.926587
   3.65612     -3.902875     -3.902888
   3.59958     -3.870285     -3.870299
   3.54304     -3.829965     -3.829978
   3.48650     -3.783585     -3.783598
   3.42995     -3.733167     -3.733180
   3.37341     -3.681115     -3.681127
   3.31687     -3.630240     -3.630251
   3.26033     -3.583832     -3.583842
   3.20379     -3.545726     -3.545734
   3.14725     -3.520181     -3.520188
   3.09071     -3.511124     -3.511131
   3.09071     -3.576528     -3.576536
   3.03334     -3.571750     -3.571759
   2.97598     -3.576410     -3.576420
   2.91861     -3.588787     -3.588799
   2.86124     -3.607841     -3.607853
   2.80388     -3.633667     -3.633680
   2.74651     -3.666350     -3.666364
   2.68914     -3.705225     -3.705239
   2.63178     -3.748690     -3.748704
   2.57441     -3.794424     -3.794439
   2.51704     -3.839734     -3.839749
   2.45968     -3.881884     -3.881899
   2.40231     -3.918349     -3.918364
   2.34495     -3.945893     -3.945907
   2.34495     -3.945893     -3.945907
   2.28754     -3.918156     -3.918171
   2.23014     -3.880974     -3.880989
   2.17274     -3.837134     -3.837149
   2.11534     -3.788835     -3.788850
   2.05793     -3.738705     -3.738720
   2.00053     -3.689685     -3.689699
   1.94313     -3.644793     -3.644807
   1.88572     -3.606794     -3.606807
   1.82832     -3.577846     -3.577858
   1.77092     -3.559342     -3.559353
   1.71352     -3.552211     -3.552220
   1.65611     -3.557716     -3.557724
   1.59871     -3.576669     -3.576675
   1.59871     -3.509143     -3.509153
   1.54221     -3.518219     -3.518229
   1.48571     -3.543816     -3.543827
   1.42921     -3.582002     -3.582013
   1.37270     -3.628511     -3.628523
   1.31620     -3.679505     -3.679519
   1.25970     -3.731694     -3.731708
   1.20320     -3.782269     -3.782283
   1.14669     -3.828830     -3.828845
   1.09019     -3.869379     -3.869394
   1.03369     -3.902303     -3.902317
   0.97719     -3.926393     -3.926407
   0.92069     -3.940998     -3.941011
   0.86418     -3.945893     -3.945907
   0.86418     -3.945893     -3.945907
   0.83188     -3.870262     -3.870277
   0.79958     -3.803640     -3.803656
   0.76727     -3.757107     -3.757124
   0.73497     -3.740206     -3.740223
   0.73497     -3.512275     -3.512283
   0.67843     -3.521294     -3.521302
   0.62190     -3.546734     -3.546742
   0.56536     -3.584693     -3.584703
   0.50883     -3.630940     -3.630950
   0.45229     -3.681656     -3.681668
   0.39575     -3.733566     -3.733579
   0.33922     -3.783866     -3.783879
   0.28268     -3.830152     -3.830165
   0.22614     -3.870400     -3.870414
   0.16961     -3.902931     -3.902944
   0.11307     -3.926588     -3.926602
   0.05654     -3.941018     -3.941031
   0.00000     -3.945893     -3.945907
 
# Band-Index   61
   0.00000     -2.135404     -2.135392
   0.05654     -2.134203     -2.134191
   0.11307     -2.131239     -2.131227
   0.16961     -2.128686     -2.128674
   0.22614     -2.131299     -2.131287
   0.28268     -2.149420     -2.149407
   0.33922     -2.201398     -2.201385
   0.39575     -2.297366     -2.297356
   0.45229     -2.420281     -2.420274
   0.50883     -2.544383     -2.544380
   0.56536     -2.653355     -2.653355
   0.62190     -2.743857     -2.743864
   0.67843     -2.799763     -2.799770
   0.73497     -2.816514     -2.816520
   0.73497     -2.455402     -2.455390
   0.76727     -2.430933     -2.430921
   0.79958     -2.361899     -2.361887
   0.83188     -2.258549     -2.258538
   0.86418     -2.135404     -2.135392
   0.86418     -2.135404     -2.135392
   0.92069     -2.134198     -2.134186
   0.97719     -2.131220     -2.131208
   1.03369     -2.128598     -2.128586
   1.09019     -2.130823     -2.130811
   1.14669     -2.147893     -2.147883
   1.20320     -2.200156     -2.200149
   1.25970     -2.297143     -2.297138
   1.31620     -2.420902     -2.420899
   1.37270     -2.545537     -2.545536
   1.42921     -2.654810     -2.654811
   1.48571     -2.744888     -2.744895
   1.54221     -2.800942     -2.800949
   1.59871     -2.817839     -2.817846
   1.59871     -2.900341     -2.900344
   1.65611     -2.880027     -2.880030
   1.71352     -2.820448     -2.820450
   1.77092     -2.725156     -2.725156
   1.82832     -2.599309     -2.599307
   1.88572     -2.450068     -2.450064
   1.94313     -2.297625     -2.297613
   2.00053     -2.280776     -2.280763
   2.05793     -2.267968     -2.267956
   2.11534     -2.252589     -2.252577
   2.17274     -2.231840     -2.231829
   2.23014     -2.204675     -2.204664
   2.28754     -2.171136     -2.171125
   2.34495     -2.135404     -2.135392
   2.34495     -2.135404     -2.135392
   2.40231     -2.170953     -2.170942
   2.45968     -2.204133     -2.204122
   2.51704     -2.230522     -2.230512
   2.57441     -2.249851     -2.249840
   2.63178     -2.263014     -2.263003
   2.68914     -2.272709     -2.272698
   2.74651     -2.285632     -2.285622
   2.80388     -2.413244     -2.413245
   2.86124     -2.582167     -2.582169
   2.91861     -2.718851     -2.718855
   2.97598     -2.819413     -2.819418
   3.03334     -2.880968     -2.880973
   3.09071     -2.901703     -2.901708
   3.09071     -2.815346     -2.815350
   3.14725     -2.799111     -2.799116
   3.20379     -2.743117     -2.743122
   3.26033     -2.652967     -2.652965
   3.31687     -2.544076     -2.544072
   3.37341     -2.419902     -2.419895
   3.42995     -2.296879     -2.296869
   3.48650     -2.200834     -2.200823
   3.54304     -2.148930     -2.148917
   3.59958     -2.131060     -2.131048
   3.65612     -2.128587     -2.128575
   3.71266     -2.131201     -2.131189
   3.76920     -2.134194     -2.134182
   3.82574     -2.135404     -2.135392
   3.82574     -2.135404     -2.135392
   3.88314     -2.171386     -2.171374
   3.94054     -2.204958     -2.204946
   3.99795     -2.231662     -2.231649
   4.05535     -2.251184     -2.251171
   4.11275     -2.264352     -2.264338
   4.17015     -2.273744     -2.273730
   4.22755     -2.285812     -2.285798
   4.28495     -2.412472     -2.412471
   4.34235     -2.581410     -2.581410
   4.39975     -2.718106     -2.718108
   4.45716     -2.818679     -2.818682
   4.51456     -2.880239     -2.880242
   4.57196     -2.900974     -2.900977
 
# Band-Index   62
   4.57196     -2.706173     -2.706183
   4.51456     -2.706374     -2.706384
   4.45716     -2.665234     -2.665244
   4.39975     -2.584146     -2.584154
   4.34235     -2.470209     -2.470215
   4.28495     -2.334138     -2.334140
   4.22755     -2.216155     -2.216152
   4.17015     -2.068994     -2.068991
   4.11275     -1.998068     -1.998061
   4.05535     -1.985009     -1.985001
   3.99795     -2.007257     -2.007247
   3.94054     -2.045280     -2.045270
   3.88314     -2.088591     -2.088581
   3.82574     -2.128244     -2.128234
   3.82574     -2.128244     -2.128234
   3.76920     -2.127065     -2.127055
   3.71266     -2.124189     -2.124179
   3.65612     -2.121841     -2.121830
   3.59958     -2.124693     -2.124682
   3.54304     -2.140875     -2.140865
   3.48650     -2.182050     -2.182040
   3.42995     -2.260136     -2.260129
   3.37341     -2.369199     -2.369195
   3.31687     -2.514955     -2.514958
   3.26033     -2.647392     -2.647396
   3.20379     -2.737757     -2.737758
   3.14725     -2.793264     -2.793267
   3.09071     -2.814758     -2.814762
   3.09071     -2.706547     -2.706557
   3.03334     -2.705399     -2.705408
   2.97598     -2.663993     -2.664001
   2.91861     -2.582786     -2.582791
   2.86124     -2.468854     -2.468856
   2.80388     -2.333061     -2.333059
   2.74651     -2.217000     -2.216999
   2.68914     -2.068884     -2.068874
   2.63178     -1.998840     -1.998828
   2.57441     -1.986236     -1.986223
   2.51704     -2.008430     -2.008418
   2.45968     -2.046141     -2.046130
   2.40231     -2.089036     -2.089025
   2.34495     -2.128244     -2.128234
   2.34495     -2.128244     -2.128234
   2.28754     -2.088871     -2.088860
   2.23014     -2.046021     -2.046010
   2.17274     -2.009821     -2.009810
   2.11534     -1.994961     -1.994949
   2.05793     -2.030022     -2.030010
   2.00053     -2.136420     -2.136410
   1.94313     -2.288710     -2.288703
   1.88572     -2.333719     -2.333711
   1.82832     -2.460593     -2.460598
   1.77092     -2.581541     -2.581547
   1.71352     -2.664185     -2.664194
   1.65611     -2.705292     -2.705302
   1.59871     -2.706396     -2.706406
   1.59871     -2.815778     -2.815784
   1.54221     -2.794919     -2.794924
   1.48571     -2.739382     -2.739386
   1.42921     -2.648791     -2.648796
   1.37270     -2.516509     -2.516514
   1.31620     -2.368728     -2.368722
   1.25970     -2.260135     -2.260125
   1.20320     -2.182789     -2.182776
   1.14669     -2.141844     -2.141832
   1.09019     -2.124860     -2.124849
   1.03369     -2.121790     -2.121780
   0.97719     -2.124155     -2.124145
   0.92069     -2.127058     -2.127048
   0.86418     -2.128244     -2.128234
   0.86418     -2.128244     -2.128234
   0.83188     -1.991539     -1.991529
   0.79958     -1.845759     -1.845749
   0.76727     -1.701840     -1.701828
   0.73497     -1.570515     -1.570502
   0.73497     -2.814346     -2.814350
   0.67843     -2.793384     -2.793388
   0.62190     -2.737837     -2.737839
   0.56536     -2.647895     -2.647899
   0.50883     -2.515612     -2.515616
   0.45229     -2.369735     -2.369734
   0.39575     -2.260460     -2.260456
   0.33922     -2.182061     -2.182054
   0.28268     -2.140731     -2.140722
   0.22614     -2.124637     -2.124626
   0.16961     -2.121828     -2.121818
   0.11307     -2.124184     -2.124174
   0.05654     -2.127064     -2.127054
   0.00000     -2.128244     -2.128234
 
# Band-Index   63
   0.00000     -1.275916     -1.275903
   0.05654     -1.277352     -1.277339
   0.11307     -1.282418     -1.282404
   0.16961     -1.300012     -1.299997
   0.22614     -1.486188     -1.486180
   0.28268     -1.717147     -1.717142
   0.33922     -1.944595     -1.944593
   0.39575     -2.158222     -2.158222
   0.45229     -2.350497     -2.350499
   0.50883     -2.487780     -2.487782
   0.56536     -2.595951     -2.595956
   0.62190     -2.681803     -2.681809
   0.67843     -2.737082     -2.737090
   0.73497     -2.756222     -2.756230
   0.73497     -1.563453     -1.563443
   0.76727     -1.449039     -1.449027
   0.79958     -1.356297     -1.356284
   0.83188     -1.296758     -1.296745
   0.86418     -1.275916     -1.275903
   0.86418     -1.275916     -1.275903
   0.92069     -1.277325     -1.277311
   0.97719     -1.282298     -1.282285
   1.03369     -1.299847     -1.299836
   1.09019     -1.487111     -1.487103
   1.14669     -1.717999     -1.717994
   1.20320     -1.945391     -1.945389
   1.25970     -2.158958     -2.158958
   1.31620     -2.351010     -2.351012
   1.37270     -2.485884     -2.485882
   1.42921     -2.593844     -2.593845
   1.48571     -2.679573     -2.679577
   1.54221     -2.734796     -2.734801
   1.59871     -2.753922     -2.753928
   1.59871     -2.702694     -2.702702
   1.65611     -2.665908     -2.665916
   1.71352     -2.596369     -2.596374
   1.77092     -2.504938     -2.504940
   1.82832     -2.407522     -2.407520
   1.88572     -2.305953     -2.305955
   1.94313     -2.123354     -2.123353
   2.00053     -1.918739     -1.918735
   2.05793     -1.699820     -1.699813
   2.11534     -1.478398     -1.478388
   2.17274     -1.319473     -1.319460
   2.23014     -1.290558     -1.290545
   2.28754     -1.279329     -1.279316
   2.34495     -1.275916     -1.275903
   2.34495     -1.275916     -1.275903
   2.40231     -1.279405     -1.279391
   2.45968     -1.293111     -1.293099
   2.51704     -1.351087     -1.351078
   2.57441     -1.537354     -1.537347
   2.63178     -1.768096     -1.768091
   2.68914     -1.999012     -1.999009
   2.74651     -2.190600     -2.190595
   2.80388     -2.319521     -2.319515
   2.86124     -2.399370     -2.399370
   2.91861     -2.501511     -2.501514
   2.97598     -2.594597     -2.594603
   3.03334     -2.665157     -2.665164
   3.09071     -2.702610     -2.702618
   3.09071     -2.755237     -2.755244
   3.14725     -2.736099     -2.736106
   3.20379     -2.680833     -2.680838
   3.26033     -2.595019     -2.595021
   3.31687     -2.486910     -2.486909
   3.37341     -2.349626     -2.349626
   3.42995     -2.157390     -2.157388
   3.48650     -1.943747     -1.943742
   3.54304     -1.716272     -1.716264
   3.59958     -1.485250     -1.485238
   3.65612     -1.299259     -1.299244
   3.71266     -1.282334     -1.282320
   3.76920     -1.277338     -1.277324
   3.82574     -1.275916     -1.275903
   3.82574     -1.275916     -1.275903
   3.88314     -1.279467     -1.279453
   3.94054     -1.293366     -1.293351
   3.99795     -1.351262     -1.351247
   4.05535     -1.536824     -1.536814
   4.11275     -1.767420     -1.767413
   4.17015     -1.998321     -1.998316
   4.22755     -2.191588     -2.191588
   4.28495     -2.318345     -2.318335
   4.34235     -2.397461     -2.397459
   4.39975     -2.500256     -2.500259
   4.45716     -2.594113     -2.594120
   4.51456     -2.665372     -2.665381
   4.57196     -2.704328     -2.704337
 
# Band-Index   64
   4.57196     -2.133408     -2.133384
   4.51456     -2.168993     -2.168973
   4.45716     -2.188791     -2.188772
   4.39975     -2.193099     -2.193082
   4.34235     -2.177403     -2.177391
   4.28495     -2.114771     -2.114765
   4.22755     -1.985453     -1.985450
   4.17015     -1.817584     -1.817579
   4.11275     -1.632790     -1.632783
   4.05535     -1.444405     -1.444395
   3.99795     -1.266084     -1.266071
   3.94054     -1.113820     -1.113804
   3.88314     -1.005980     -1.005963
   3.82574     -0.961555     -0.961531
   3.82574     -0.961555     -0.961531
   3.76920     -1.002992     -1.002969
   3.71266     -1.109262     -1.109240
   3.65612     -1.259409     -1.259390
   3.59958     -1.427962     -1.427947
   3.54304     -1.591909     -1.591896
   3.48650     -1.722248     -1.722237
   3.42995     -1.802020     -1.802009
   3.37341     -1.844294     -1.844282
   3.31687     -1.872430     -1.872416
   3.26033     -1.898504     -1.898488
   3.20379     -1.922630     -1.922611
   3.14725     -1.943540     -1.943513
   3.09071     -1.954801     -1.954772
   3.09071     -2.132945     -2.132920
   3.03334     -2.169018     -2.168997
   2.97598     -2.187872     -2.187853
   2.91861     -2.191128     -2.191110
   2.86124     -2.174528     -2.174512
   2.80388     -2.112312     -2.112302
   2.74651     -1.984469     -1.984460
   2.68914     -1.817460     -1.817451
   2.63178     -1.633060     -1.633049
   2.57441     -1.444814     -1.444800
   2.51704     -1.266581     -1.266565
   2.45968     -1.114289     -1.114270
   2.40231     -1.006333     -1.006312
   2.34495     -0.961555     -0.961531
   2.34495     -0.961555     -0.961531
   2.28754     -1.000411     -1.000387
   2.23014     -1.104224     -1.104203
   2.17274     -1.248383     -1.248366
   2.11534     -1.400836     -1.400821
   2.05793     -1.576646     -1.576634
   2.00053     -1.761812     -1.761803
   1.94313     -1.931548     -1.931540
   1.88572     -2.065411     -2.065400
   1.82832     -2.141296     -2.141280
   1.77092     -2.169842     -2.169822
   1.71352     -2.174478     -2.174456
   1.65611     -2.162071     -2.162048
   1.59871     -2.133411     -2.133388
   1.59871     -1.957779     -1.957752
   1.54221     -1.945764     -1.945737
   1.48571     -1.920240     -1.920218
   1.42921     -1.895597     -1.895580
   1.37270     -1.869709     -1.869694
   1.31620     -1.842078     -1.842064
   1.25970     -1.800700     -1.800687
   1.20320     -1.722093     -1.722080
   1.14669     -1.592610     -1.592597
   1.09019     -1.428985     -1.428971
   1.03369     -1.260839     -1.260821
   0.97719     -1.110405     -1.110386
   0.92069     -1.004018     -1.003997
   0.86418     -0.961555     -0.961531
   0.86418     -0.961555     -0.961531
   0.83188     -0.968108     -0.968089
   0.79958     -0.974751     -0.974733
   0.76727     -0.978914     -0.978896
   0.73497     -0.980324     -0.980306
   0.73497     -1.953414     -1.953389
   0.67843     -1.942769     -1.942744
   0.62190     -1.924122     -1.924104
   0.56536     -1.900167     -1.900152
   0.50883     -1.873891     -1.873878
   0.45229     -1.845412     -1.845401
   0.39575     -1.802765     -1.802757
   0.33922     -1.722709     -1.722703
   0.28268     -1.592275     -1.592268
   0.22614     -1.428377     -1.428367
   0.16961     -1.259723     -1.259710
   0.11307     -1.109770     -1.109755
   0.05654     -1.003546     -1.003528
   0.00000     -0.961555     -0.961531
 
# Band-Index   65
   0.00000     -0.959529     -0.959507
   0.05654     -0.982539     -0.982521
   0.11307     -1.070935     -1.070917
   0.16961     -1.249510     -1.249502
   0.22614     -1.360438     -1.360427
   0.28268     -1.519584     -1.519575
   0.33922     -1.655383     -1.655375
   0.39575     -1.748100     -1.748091
   0.45229     -1.799752     -1.799741
   0.50883     -1.831289     -1.831276
   0.56536     -1.864093     -1.864076
   0.62190     -1.904477     -1.904457
   0.67843     -1.933394     -1.933378
   0.73497     -1.933159     -1.933138
   0.73497     -0.979509     -0.979485
   0.76727     -0.978100     -0.978075
   0.79958     -0.973929     -0.973905
   0.83188     -0.967212     -0.967188
   0.86418     -0.959529     -0.959507
   0.86418     -0.959529     -0.959507
   0.92069     -0.981959     -0.981941
   0.97719     -1.071701     -1.071681
   1.03369     -1.250029     -1.250016
   1.09019     -1.360003     -1.359993
   1.14669     -1.519773     -1.519767
   1.20320     -1.656725     -1.656719
   1.25970     -1.750968     -1.750962
   1.31620     -1.803899     -1.803889
   1.37270     -1.836211     -1.836197
   1.42921     -1.869207     -1.869189
   1.48571     -1.908690     -1.908670
   1.54221     -1.930911     -1.930894
   1.59871     -1.931500     -1.931478
   1.59871     -2.128382     -2.128357
   1.65611     -2.078265     -2.078240
   1.71352     -2.002927     -2.002903
   1.77092     -1.905684     -1.905660
   1.82832     -1.790393     -1.790369
   1.88572     -1.665060     -1.665037
   1.94313     -1.566528     -1.566515
   2.00053     -1.567077     -1.567065
   2.05793     -1.517805     -1.517792
   2.11534     -1.390531     -1.390516
   2.17274     -1.238058     -1.238043
   2.23014     -1.078167     -1.078146
   2.28754     -0.985333     -0.985310
   2.34495     -0.959529     -0.959507
   2.34495     -0.959529     -0.959507
   2.40231     -0.978284     -0.978265
   2.45968     -1.068127     -1.068108
   2.51704     -1.219880     -1.219864
   2.57441     -1.329398     -1.329389
   2.63178     -1.458101     -1.458094
   2.68914     -1.538757     -1.538751
   2.74651     -1.573504     -1.573497
   2.80388     -1.627320     -1.627305
   2.86124     -1.755180     -1.755158
   2.91861     -1.883294     -1.883272
   2.97598     -1.990275     -1.990253
   3.03334     -2.072989     -2.072967
   3.09071     -2.130736     -2.130717
   3.09071     -1.932344     -1.932323
   3.14725     -1.932363     -1.932340
   3.20379     -1.905649     -1.905622
   3.26033     -1.865485     -1.865463
   3.31687     -1.832444     -1.832427
   3.37341     -1.800480     -1.800467
   3.42995     -1.748316     -1.748306
   3.48650     -1.655094     -1.655084
   3.54304     -1.518955     -1.518943
   3.59958     -1.359641     -1.359626
   3.65612     -1.249396     -1.249382
   3.71266     -1.070620     -1.070600
   3.76920     -0.981721     -0.981698
   3.82574     -0.959529     -0.959507
   3.82574     -0.959529     -0.959507
   3.88314     -0.978760     -0.978742
   3.94054     -1.066624     -1.066609
   3.99795     -1.219099     -1.219090
   4.05535     -1.329594     -1.329583
   4.11275     -1.457424     -1.457414
   4.17015     -1.536840     -1.536830
   4.22755     -1.570821     -1.570811
   4.28495     -1.625055     -1.625039
   4.34235     -1.752939     -1.752919
   4.39975     -1.881112     -1.881091
   4.45716     -1.988328     -1.988307
   4.51456     -2.071442     -2.071422
   4.57196     -2.128508     -2.128491
 
# Band-Index   66
   4.57196     -1.653399     -1.653377
   4.51456     -1.643871     -1.643849
   4.45716     -1.615039     -1.615017
   4.39975     -1.567301     -1.567280
   4.34235     -1.507244     -1.507226
   4.28495     -1.491175     -1.491154
   4.22755     -1.382867     -1.382852
   4.17015     -1.340386     -1.340373
   4.11275     -1.308427     -1.308416
   4.05535     -1.279045     -1.279034
   3.99795     -1.186047     -1.186034
   3.94054     -1.059062     -1.059050
   3.88314     -0.972455     -0.972431
   3.82574     -0.956810     -0.956793
   3.82574     -0.956810     -0.956793
   3.76920     -0.975530     -0.975511
   3.71266     -1.061998     -1.061978
   3.65612     -1.201622     -1.201604
   3.59958     -1.303858     -1.303844
   3.54304     -1.335545     -1.335530
   3.48650     -1.389782     -1.389766
   3.42995     -1.473712     -1.473693
   3.37341     -1.578453     -1.578431
   3.31687     -1.685426     -1.685404
   3.26033     -1.780165     -1.780143
   3.20379     -1.854565     -1.854542
   3.14725     -1.904847     -1.904824
   3.09071     -1.928615     -1.928593
   3.09071     -1.648831     -1.648806
   3.03334     -1.639354     -1.639330
   2.97598     -1.610681     -1.610658
   2.91861     -1.563223     -1.563200
   2.86124     -1.511594     -1.511578
   2.80388     -1.495672     -1.495649
   2.74651     -1.380574     -1.380556
   2.68914     -1.338839     -1.338825
   2.63178     -1.307547     -1.307532
   2.57441     -1.278807     -1.278792
   2.51704     -1.185427     -1.185415
   2.45968     -1.057879     -1.057867
   2.40231     -0.972014     -0.971992
   2.34495     -0.956810     -0.956793
   2.34495     -0.956810     -0.956793
   2.28754     -0.977883     -0.977864
   2.23014     -1.058342     -1.058323
   2.17274     -1.217917     -1.217899
   2.11534     -1.324208     -1.324194
   2.05793     -1.372744     -1.372729
   2.00053     -1.443198     -1.443181
   1.94313     -1.543151     -1.543131
   1.88572     -1.548474     -1.548459
   1.82832     -1.537762     -1.537744
   1.77092     -1.558232     -1.558208
   1.71352     -1.602993     -1.602966
   1.65611     -1.638495     -1.638467
   1.59871     -1.651235     -1.651207
   1.59871     -1.924423     -1.924409
   1.54221     -1.902060     -1.902042
   1.48571     -1.852071     -1.852052
   1.42921     -1.777838     -1.777818
   1.37270     -1.683201     -1.683181
   1.31620     -1.576363     -1.576343
   1.25970     -1.471895     -1.471877
   1.20320     -1.388414     -1.388398
   1.14669     -1.334647     -1.334633
   1.09019     -1.303283     -1.303269
   1.03369     -1.201783     -1.201771
   0.97719     -1.062668     -1.062657
   0.92069     -0.974670     -0.974648
   0.86418     -0.956810     -0.956793
   0.86418     -0.956810     -0.956793
   0.83188     -0.947267     -0.947250
   0.79958     -0.935025     -0.935007
   0.76727     -0.922297     -0.922278
   0.73497     -0.913092     -0.913068
   0.73497     -1.931013     -1.931001
   0.67843     -1.906336     -1.906319
   0.62190     -1.855757     -1.855739
   0.56536     -1.781104     -1.781085
   0.50883     -1.686155     -1.686136
   0.45229     -1.578999     -1.578981
   0.39575     -1.474071     -1.474054
   0.33922     -1.389945     -1.389930
   0.28268     -1.335545     -1.335531
   0.22614     -1.303699     -1.303686
   0.16961     -1.202545     -1.202532
   0.11307     -1.063286     -1.063275
   0.05654     -0.974950     -0.974925
   0.00000     -0.956810     -0.956793
 
# Band-Index   67
   0.00000     -0.954796     -0.954774
   0.05654     -0.952996     -0.952973
   0.11307     -1.002732     -1.002708
   0.16961     -1.040161     -1.040138
   0.22614     -1.084760     -1.084737
   0.28268     -1.133786     -1.133764
   0.33922     -1.184431     -1.184410
   0.39575     -1.312055     -1.312031
   0.45229     -1.470323     -1.470301
   0.50883     -1.597650     -1.597632
   0.56536     -1.683396     -1.683381
   0.62190     -1.725885     -1.725874
   0.67843     -1.741821     -1.741812
   0.73497     -1.745750     -1.745741
   0.73497     -0.910955     -0.910933
   0.76727     -0.920949     -0.920927
   0.79958     -0.933940     -0.933916
   0.83188     -0.946274     -0.946250
   0.86418     -0.954796     -0.954774
   0.86418     -0.954796     -0.954774
   0.92069     -0.953430     -0.953409
   0.97719     -1.002453     -1.002431
   1.03369     -1.039738     -1.039717
   1.09019     -1.084129     -1.084108
   1.14669     -1.132917     -1.132897
   1.20320     -1.183320     -1.183301
   1.25970     -1.315264     -1.315238
   1.31620     -1.473697     -1.473674
   1.37270     -1.601207     -1.601188
   1.42921     -1.687371     -1.687356
   1.48571     -1.730535     -1.730523
   1.54221     -1.746964     -1.746953
   1.59871     -1.751055     -1.751045
   1.59871     -1.464830     -1.464811
   1.65611     -1.488641     -1.488622
   1.71352     -1.494118     -1.494098
   1.77092     -1.472540     -1.472518
   1.82832     -1.417739     -1.417715
   1.88572     -1.327251     -1.327225
   1.94313     -1.228081     -1.228066
   2.00053     -1.182156     -1.182140
   2.05793     -1.134476     -1.134459
   2.11534     -1.087597     -1.087580
   2.17274     -1.044198     -1.044180
   2.23014     -1.006858     -1.006840
   2.28754     -0.950091     -0.950074
   2.34495     -0.954796     -0.954774
   2.34495     -0.954796     -0.954774
   2.40231     -0.957130     -0.957109
   2.45968     -0.997791     -0.997770
   2.51704     -1.033447     -1.033426
   2.57441     -1.076256     -1.076235
   2.63178     -1.123270     -1.123250
   2.68914     -1.189335     -1.189306
   2.74651     -1.374301     -1.374275
   2.80388     -1.435449     -1.435431
   2.86124     -1.501028     -1.501007
   2.91861     -1.502143     -1.502127
   2.97598     -1.490607     -1.490591
   3.03334     -1.479693     -1.479676
   3.09071     -1.469323     -1.469304
   3.09071     -1.746304     -1.746295
   3.14725     -1.742289     -1.742280
   3.20379     -1.726111     -1.726100
   3.26033     -1.683359     -1.683342
   3.31687     -1.597537     -1.597515
   3.37341     -1.470213     -1.470186
   3.42995     -1.311919     -1.311889
   3.48650     -1.185243     -1.185227
   3.54304     -1.134566     -1.134549
   3.59958     -1.085512     -1.085495
   3.65612     -1.040878     -1.040860
   3.71266     -1.003394     -1.003376
   3.76920     -0.953864     -0.953847
   3.82574     -0.954796     -0.954774
   3.82574     -0.954796     -0.954774
   3.88314     -0.956526     -0.956503
   3.94054     -0.998230     -0.998207
   3.99795     -1.034045     -1.034021
   4.05535     -1.077080     -1.077057
   4.11275     -1.124343     -1.124321
   4.17015     -1.186376     -1.186349
   4.22755     -1.370881     -1.370856
   4.28495     -1.438450     -1.438434
   4.34235     -1.504117     -1.504101
   4.39975     -1.497109     -1.497094
   4.45716     -1.485569     -1.485554
   4.51456     -1.474763     -1.474748
   4.57196     -1.464266     -1.464251
 
# Band-Index   68
   4.57196     -1.461522     -1.461506
   4.51456     -1.445833     -1.445817
   4.45716     -1.417519     -1.417502
   4.39975     -1.370716     -1.370698
   4.34235     -1.300076     -1.300052
   4.28495     -1.262743     -1.262723
   4.22755     -1.219792     -1.219771
   4.17015     -1.172801     -1.172779
   4.11275     -1.073310     -1.073288
   4.05535     -1.030139     -1.030117
   3.99795     -0.994626     -0.994604
   3.94054     -0.969462     -0.969439
   3.88314     -0.929442     -0.929428
   3.82574     -0.878938     -0.878921
   3.82574     -0.878938     -0.878921
   3.76920     -0.927290     -0.927268
   3.71266     -0.961630     -0.961613
   3.65612     -0.980370     -0.980353
   3.59958     -1.008210     -1.008193
   3.54304     -1.042695     -1.042679
   3.48650     -1.131824     -1.131792
   3.42995     -1.234801     -1.234786
   3.37341     -1.280916     -1.280901
   3.31687     -1.321459     -1.321444
   3.26033     -1.354738     -1.354724
   3.20379     -1.379436     -1.379422
   3.14725     -1.394614     -1.394601
   3.09071     -1.399735     -1.399721
   3.09071     -1.465672     -1.465657
   3.03334     -1.449943     -1.449926
   2.97598     -1.421049     -1.421030
   2.91861     -1.373524     -1.373504
   2.86124     -1.301333     -1.301312
   2.80388     -1.260982     -1.260964
   2.74651     -1.218236     -1.218217
   2.68914     -1.171482     -1.171462
   2.63178     -1.072950     -1.072930
   2.57441     -1.030043     -1.030023
   2.51704     -0.994760     -0.994740
   2.45968     -0.969800     -0.969779
   2.40231     -0.930167     -0.930150
   2.34495     -0.878938     -0.878921
   2.34495     -0.878938     -0.878921
   2.28754     -0.926101     -0.926079
   2.23014     -0.952619     -0.952601
   2.17274     -0.965162     -0.965144
   2.11534     -0.992792     -0.992772
   2.05793     -1.043375     -1.043359
   2.00053     -1.098446     -1.098431
   1.94313     -1.203492     -1.203463
   1.88572     -1.269829     -1.269814
   1.82832     -1.354121     -1.354098
   1.77092     -1.407121     -1.407105
   1.71352     -1.415466     -1.415453
   1.65611     -1.426716     -1.426698
   1.59871     -1.462694     -1.462676
   1.59871     -1.396750     -1.396733
   1.54221     -1.391654     -1.391637
   1.48571     -1.376549     -1.376532
   1.42921     -1.351969     -1.351952
   1.37270     -1.318854     -1.318836
   1.31620     -1.278512     -1.278494
   1.25970     -1.232637     -1.232618
   1.20320     -1.135059     -1.135031
   1.14669     -1.041376     -1.041357
   1.09019     -1.007181     -1.007162
   1.03369     -0.979584     -0.979564
   0.97719     -0.961039     -0.961018
   0.92069     -0.928928     -0.928911
   0.86418     -0.878938     -0.878921
   0.86418     -0.878938     -0.878921
   0.83188     -0.881057     -0.881041
   0.79958     -0.887109     -0.887094
   0.76727     -0.896223     -0.896208
   0.73497     -0.904664     -0.904653
   0.73497     -1.398835     -1.398816
   0.67843     -1.393718     -1.393699
   0.62190     -1.378546     -1.378527
   0.56536     -1.353858     -1.353839
   0.50883     -1.320595     -1.320575
   0.45229     -1.280071     -1.280050
   0.39575     -1.233981     -1.233960
   0.33922     -1.132035     -1.132009
   0.28268     -1.042029     -1.042008
   0.22614     -1.007515     -1.007493
   0.16961     -0.979644     -0.979621
   0.11307     -0.960866     -0.960843
   0.05654     -0.928211     -0.928196
   0.00000     -0.878938     -0.878921
 
# Band-Index   69
   0.00000     -0.876992     -0.876970
   0.05654     -0.884136     -0.884113
   0.11307     -0.902253     -0.902231
   0.16961     -0.930744     -0.930722
   0.22614     -0.967380     -0.967359
   0.28268     -1.009485     -1.009465
   0.33922     -1.080420     -1.080400
   0.39575     -1.119939     -1.119920
   0.45229     -1.183805     -1.183783
   0.50883     -1.266688     -1.266668
   0.56536     -1.314590     -1.314571
   0.62190     -1.331732     -1.331714
   0.67843     -1.326494     -1.326477
   0.73497     -1.307532     -1.307513
   0.73497     -0.903071     -0.903047
   0.76727     -0.894697     -0.894674
   0.79958     -0.885366     -0.885343
   0.83188     -0.879165     -0.879143
   0.86418     -0.876992     -0.876970
   0.86418     -0.876992     -0.876970
   0.92069     -0.883322     -0.883302
   0.97719     -0.901386     -0.901366
   1.03369     -0.929809     -0.929790
   1.09019     -0.966367     -0.966348
   1.14669     -1.008394     -1.008376
   1.20320     -1.079421     -1.079403
   1.25970     -1.118573     -1.118555
   1.31620     -1.183108     -1.183084
   1.37270     -1.266278     -1.266256
   1.42921     -1.314362     -1.314342
   1.48571     -1.331574     -1.331555
   1.54221     -1.326401     -1.326383
   1.59871     -1.309875     -1.309858
   1.59871     -1.409958     -1.409947
   1.65611     -1.411691     -1.411679
   1.71352     -1.381839     -1.381821
   1.77092     -1.333745     -1.333729
   1.82832     -1.305505     -1.305490
   1.88572     -1.249225     -1.249198
   1.94313     -1.153666     -1.153652
   2.00053     -1.052850     -1.052818
   2.05793     -1.009882     -1.009869
   2.11534     -0.982374     -0.982363
   2.17274     -0.944374     -0.944360
   2.23014     -0.909232     -0.909217
   2.28754     -0.886609     -0.886594
   2.34495     -0.876992     -0.876970
   2.34495     -0.876992     -0.876970
   2.40231     -0.882144     -0.882124
   2.45968     -0.896776     -0.896756
   2.51704     -0.919799     -0.919780
   2.57441     -0.949403     -0.949384
   2.63178     -0.985930     -0.985900
   2.68914     -1.120396     -1.120377
   2.74651     -1.169272     -1.169254
   2.80388     -1.225957     -1.225935
   2.86124     -1.297687     -1.297669
   2.91861     -1.343083     -1.343068
   2.97598     -1.377179     -1.377166
   3.03334     -1.398617     -1.398606
   3.09071     -1.406048     -1.406038
   3.09071     -1.307317     -1.307296
   3.14725     -1.326362     -1.326342
   3.20379     -1.331592     -1.331571
   3.26033     -1.314378     -1.314355
   3.31687     -1.266329     -1.266304
   3.37341     -1.183282     -1.183254
   3.42995     -1.120551     -1.120536
   3.48650     -1.081065     -1.081049
   3.54304     -1.010538     -1.010525
   3.59958     -0.968378     -0.968365
   3.65612     -0.931696     -0.931682
   3.71266     -0.903168     -0.903153
   3.76920     -0.885034     -0.885019
   3.82574     -0.876992     -0.876970
   3.82574     -0.876992     -0.876970
   3.88314     -0.882963     -0.882940
   3.94054     -0.897661     -0.897639
   3.99795     -0.920777     -0.920756
   4.05535     -0.950498     -0.950477
   4.11275     -0.984785     -0.984763
   4.17015     -1.121028     -1.121007
   4.22755     -1.170186     -1.170165
   4.28495     -1.228405     -1.228384
   4.34235     -1.299505     -1.299488
   4.39975     -1.346524     -1.346509
   4.45716     -1.381254     -1.381241
   4.51456     -1.403153     -1.403140
   4.57196     -1.410754     -1.410742
 
# Band-Index   70
   4.57196     -1.360827     -1.360807
   4.51456     -1.359282     -1.359262
   4.45716     -1.348875     -1.348855
   4.39975     -1.328730     -1.328710
   4.34235     -1.297122     -1.297107
   4.28495     -1.217822     -1.217802
   4.22755     -1.128944     -1.128920
   4.17015     -1.020837     -1.020818
   4.11275     -0.983031     -0.983004
   4.05535     -0.776908     -0.776877
   3.99795     -0.581954     -0.581919
   3.94054     -0.452080     -0.452045
   3.88314     -0.376175     -0.376139
   3.82574     -0.349846     -0.349810
   3.82574     -0.349846     -0.349810
   3.76920     -0.377646     -0.377602
   3.71266     -0.458043     -0.458001
   3.65612     -0.578146     -0.578106
   3.59958     -0.743541     -0.743504
   3.54304     -0.938840     -0.938806
   3.48650     -1.055333     -1.055320
   3.42995     -1.100051     -1.100040
   3.37341     -1.158543     -1.158528
   3.31687     -1.192800     -1.192785
   3.26033     -1.221416     -1.221401
   3.20379     -1.249860     -1.249840
   3.14725     -1.280343     -1.280323
   3.09071     -1.307020     -1.307003
   3.09071     -1.357822     -1.357806
   3.03334     -1.356942     -1.356926
   2.97598     -1.346684     -1.346667
   2.91861     -1.326653     -1.326636
   2.86124     -1.294989     -1.294971
   2.80388     -1.216655     -1.216638
   2.74651     -1.126788     -1.126761
   2.68914     -1.019491     -1.019474
   2.63178     -0.983365     -0.983347
   2.57441     -0.779419     -0.779386
   2.51704     -0.584670     -0.584632
   2.45968     -0.451688     -0.451648
   2.40231     -0.375616     -0.375577
   2.34495     -0.349846     -0.349810
   2.34495     -0.349846     -0.349810
   2.28754     -0.379224     -0.379180
   2.23014     -0.463953     -0.463910
   2.17274     -0.590183     -0.590143
   2.11534     -0.740327     -0.740289
   2.05793     -0.895340     -0.895305
   2.00053     -1.039614     -1.039601
   1.94313     -1.140197     -1.140170
   1.88572     -1.218339     -1.218315
   1.82832     -1.279834     -1.279813
   1.77092     -1.332723     -1.332706
   1.71352     -1.352310     -1.352296
   1.65611     -1.361372     -1.361358
   1.59871     -1.361290     -1.361273
   1.59871     -1.304267     -1.304248
   1.54221     -1.280169     -1.280151
   1.48571     -1.249907     -1.249889
   1.42921     -1.218608     -1.218593
   1.37270     -1.190139     -1.190123
   1.31620     -1.156202     -1.156185
   1.25970     -1.097709     -1.097692
   1.20320     -1.053080     -1.053063
   1.14669     -0.941972     -0.941941
   1.09019     -0.746695     -0.746661
   1.03369     -0.578723     -0.578684
   0.97719     -0.458088     -0.458050
   0.92069     -0.377640     -0.377601
   0.86418     -0.349846     -0.349810
   0.86418     -0.349846     -0.349810
   0.83188     -0.346929     -0.346893
   0.79958     -0.338481     -0.338445
   0.76727     -0.325775     -0.325736
   0.73497     -0.314438     -0.314392
   0.73497     -1.307105     -1.307090
   0.67843     -1.280508     -1.280491
   0.62190     -1.250030     -1.250012
   0.56536     -1.220929     -1.220910
   0.50883     -1.192269     -1.192250
   0.45229     -1.157974     -1.157954
   0.39575     -1.098885     -1.098866
   0.33922     -1.054225     -1.054206
   0.28268     -0.939106     -0.939078
   0.22614     -0.743792     -0.743761
   0.16961     -0.578447     -0.578413
   0.11307     -0.458514     -0.458479
   0.05654     -0.378182     -0.378146
   0.00000     -0.349846     -0.349810
 
# Band-Index   71
   0.00000     -0.349087     -0.349043
   0.05654     -0.353893     -0.353850
   0.11307     -0.398726     -0.398692
   0.16961     -0.556900     -0.556871
   0.22614     -0.718243     -0.718214
   0.28268     -0.862151     -0.862122
   0.33922     -0.987308     -0.987282
   0.39575     -1.079371     -1.079346
   0.45229     -1.141039     -1.141022
   0.50883     -1.182114     -1.182096
   0.56536     -1.217497     -1.217479
   0.62190     -1.242428     -1.242411
   0.67843     -1.255760     -1.255742
   0.73497     -1.260277     -1.260259
   0.73497     -0.312014     -0.311972
   0.76727     -0.325028     -0.324985
   0.79958     -0.337877     -0.337833
   0.83188     -0.346223     -0.346179
   0.86418     -0.349087     -0.349043
   0.86418     -0.349087     -0.349043
   0.92069     -0.354412     -0.354371
   0.97719     -0.400175     -0.400140
   1.03369     -0.557973     -0.557942
   1.09019     -0.717078     -0.717046
   1.14669     -0.861497     -0.861466
   1.20320     -0.987059     -0.987031
   1.25970     -1.079161     -1.079135
   1.31620     -1.140115     -1.140097
   1.37270     -1.182306     -1.182286
   1.42921     -1.217354     -1.217334
   1.48571     -1.239583     -1.239568
   1.54221     -1.252697     -1.252681
   1.59871     -1.257130     -1.257115
   1.59871     -1.358287     -1.358277
   1.65611     -1.347687     -1.347674
   1.71352     -1.325584     -1.325572
   1.77092     -1.293825     -1.293812
   1.82832     -1.253515     -1.253501
   1.88572     -1.206140     -1.206125
   1.94313     -1.112129     -1.112099
   2.00053     -1.031830     -1.031799
   2.05793     -0.881065     -0.881031
   2.11534     -0.704071     -0.704034
   2.17274     -0.532706     -0.532667
   2.23014     -0.384802     -0.384760
   2.28754     -0.352293     -0.352257
   2.34495     -0.349087     -0.349043
   2.34495     -0.349087     -0.349043
   2.40231     -0.356029     -0.355988
   2.45968     -0.413450     -0.413416
   2.51704     -0.563793     -0.563761
   2.57441     -0.704749     -0.704716
   2.63178     -0.854199     -0.854167
   2.68914     -0.999187     -0.999157
   2.74651     -1.075016     -1.074991
   2.80388     -1.201319     -1.201296
   2.86124     -1.259932     -1.259914
   2.91861     -1.297064     -1.297047
   2.97598     -1.326319     -1.326302
   3.03334     -1.346446     -1.346429
   3.09071     -1.355832     -1.355815
   3.09071     -1.260681     -1.260665
   3.14725     -1.256175     -1.256160
   3.20379     -1.242870     -1.242855
   3.26033     -1.217318     -1.217298
   3.31687     -1.181915     -1.181893
   3.37341     -1.142184     -1.142174
   3.42995     -1.079297     -1.079270
   3.48650     -0.987018     -0.986987
   3.54304     -0.861736     -0.861700
   3.59958     -0.717658     -0.717620
   3.65612     -0.556235     -0.556196
   3.71266     -0.398159     -0.398117
   3.76920     -0.354455     -0.354419
   3.82574     -0.349087     -0.349043
   3.82574     -0.349087     -0.349043
   3.88314     -0.355508     -0.355464
   3.94054     -0.412293     -0.412261
   3.99795     -0.565634     -0.565604
   4.05535     -0.706313     -0.706283
   4.11275     -0.855925     -0.855896
   4.17015     -1.001139     -1.001112
   4.22755     -1.074218     -1.074196
   4.28495     -1.199901     -1.199880
   4.34235     -1.261358     -1.261339
   4.39975     -1.298675     -1.298656
   4.45716     -1.328055     -1.328036
   4.51456     -1.348180     -1.348162
   4.57196     -1.356948     -1.356931
 
# Band-Index   72
   4.57196     -1.178762     -1.178747
   4.51456     -1.174957     -1.174942
   4.45716     -1.163683     -1.163667
   4.39975     -1.145355     -1.145340
   4.34235     -1.120693     -1.120677
   4.28495     -1.090743     -1.090726
   4.22755     -1.056875     -1.056857
   4.17015     -0.927017     -0.926992
   4.11275     -0.766415     -0.766389
   4.05535     -0.603157     -0.603128
   3.99795     -0.450883     -0.450853
   3.94054     -0.374265     -0.374221
   3.88314     -0.291669     -0.291633
   3.82574     -0.240611     -0.240565
   3.82574     -0.240611     -0.240565
   3.76920     -0.285423     -0.285379
   3.71266     -0.368480     -0.368443
   3.65612     -0.456718     -0.456678
   3.59958     -0.608104     -0.608067
   3.54304     -0.769087     -0.769053
   3.48650     -0.925862     -0.925830
   3.42995     -1.066469     -1.066439
   3.37341     -1.138907     -1.138883
   3.31687     -1.179563     -1.179553
   3.26033     -1.210473     -1.210464
   3.20379     -1.233510     -1.233502
   3.14725     -1.247706     -1.247698
   3.09071     -1.252503     -1.252496
   3.09071     -1.176916     -1.176903
   3.03334     -1.173120     -1.173107
   2.97598     -1.161875     -1.161862
   2.91861     -1.143600     -1.143586
   2.86124     -1.119009     -1.118995
   2.80388     -1.089147     -1.089132
   2.74651     -1.055392     -1.055376
   2.68914     -0.927354     -0.927327
   2.63178     -0.766467     -0.766438
   2.57441     -0.603100     -0.603069
   2.51704     -0.450880     -0.450847
   2.45968     -0.374668     -0.374628
   2.40231     -0.292875     -0.292837
   2.34495     -0.240611     -0.240565
   2.34495     -0.240611     -0.240565
   2.28754     -0.280055     -0.280011
   2.23014     -0.360133     -0.360096
   2.17274     -0.467735     -0.467696
   2.11534     -0.623316     -0.623279
   2.05793     -0.790320     -0.790285
   2.00053     -0.956516     -0.956483
   1.94313     -1.070341     -1.070329
   1.88572     -1.100016     -1.100005
   1.82832     -1.126780     -1.126770
   1.77092     -1.149118     -1.149108
   1.71352     -1.165874     -1.165865
   1.65611     -1.176240     -1.176231
   1.59871     -1.179749     -1.179740
   1.59871     -1.250254     -1.250238
   1.54221     -1.245428     -1.245413
   1.48571     -1.231164     -1.231149
   1.42921     -1.208057     -1.208041
   1.37270     -1.177103     -1.177087
   1.31620     -1.139108     -1.139087
   1.25970     -1.066849     -1.066825
   1.20320     -0.925831     -0.925804
   1.14669     -0.769086     -0.769057
   1.09019     -0.608242     -0.608211
   1.03369     -0.457073     -0.457040
   0.97719     -0.368334     -0.368293
   0.92069     -0.287283     -0.287244
   0.86418     -0.240611     -0.240565
   0.86418     -0.240611     -0.240565
   0.83188     -0.252839     -0.252801
   0.79958     -0.270663     -0.270629
   0.76727     -0.289270     -0.289238
   0.73497     -0.304137     -0.304105
   0.73497     -1.251016     -1.250999
   0.67843     -1.246231     -1.246214
   0.62190     -1.232071     -1.232054
   0.56536     -1.209082     -1.209064
   0.50883     -1.178217     -1.178198
   0.45229     -1.139015     -1.138994
   0.39575     -1.067343     -1.067322
   0.33922     -0.926723     -0.926698
   0.28268     -0.769962     -0.769935
   0.22614     -0.608950     -0.608922
   0.16961     -0.457503     -0.457473
   0.11307     -0.367951     -0.367907
   0.05654     -0.285963     -0.285928
   0.00000     -0.240611     -0.240565
 
# Band-Index   73
   0.00000     -0.238339     -0.238297
   0.05654     -0.256606     -0.256563
   0.11307     -0.332294     -0.332263
   0.16961     -0.390258     -0.390215
   0.22614     -0.419276     -0.419233
   0.28268     -0.453019     -0.452976
   0.33922     -0.489312     -0.489270
   0.39575     -0.525939     -0.525897
   0.45229     -0.560791     -0.560750
   0.50883     -0.591982     -0.591941
   0.56536     -0.617927     -0.617886
   0.62190     -0.637358     -0.637317
   0.67843     -0.649375     -0.649333
   0.73497     -0.653442     -0.653401
   0.73497     -0.301818     -0.301780
   0.76727     -0.288370     -0.288325
   0.79958     -0.269549     -0.269506
   0.83188     -0.251311     -0.251269
   0.86418     -0.238339     -0.238297
   0.86418     -0.238339     -0.238297
   0.92069     -0.255392     -0.255353
   0.97719     -0.332210     -0.332175
   1.03369     -0.390429     -0.390388
   1.09019     -0.419161     -0.419121
   1.14669     -0.452572     -0.452533
   1.20320     -0.488503     -0.488464
   1.25970     -0.524744     -0.524706
   1.31620     -0.559201     -0.559163
   1.37270     -0.589994     -0.589956
   1.42921     -0.615555     -0.615518
   1.48571     -0.634643     -0.634606
   1.54221     -0.646409     -0.646372
   1.59871     -0.650382     -0.650345
   1.59871     -0.753680     -0.753647
   1.65611     -0.747893     -0.747860
   1.71352     -0.730757     -0.730724
   1.77092     -0.702927     -0.702893
   1.82832     -0.665491     -0.665458
   1.88572     -0.619938     -0.619904
   1.94313     -0.568151     -0.568117
   2.00053     -0.512368     -0.512334
   2.05793     -0.455198     -0.455163
   2.11534     -0.400657     -0.400616
   2.17274     -0.373047     -0.373009
   2.23014     -0.339006     -0.338964
   2.28754     -0.262579     -0.262544
   2.34495     -0.238339     -0.238297
   2.34495     -0.238339     -0.238297
   2.40231     -0.250050     -0.250012
   2.45968     -0.326492     -0.326457
   2.51704     -0.404187     -0.404146
   2.57441     -0.442500     -0.442460
   2.63178     -0.486978     -0.486939
   2.68914     -0.534757     -0.534718
   2.74651     -0.582949     -0.582910
   2.80388     -0.628813     -0.628775
   2.86124     -0.669886     -0.669848
   2.91861     -0.704078     -0.704040
   2.97598     -0.729720     -0.729682
   3.03334     -0.745595     -0.745557
   3.09071     -0.750971     -0.750933
   3.09071     -0.653715     -0.653675
   3.14725     -0.649656     -0.649616
   3.20379     -0.637661     -0.637622
   3.26033     -0.618261     -0.618222
   3.31687     -0.592347     -0.592310
   3.37341     -0.561186     -0.561149
   3.42995     -0.526360     -0.526324
   3.48650     -0.489758     -0.489722
   3.54304     -0.453489     -0.453454
   3.59958     -0.419766     -0.419730
   3.65612     -0.390760     -0.390724
   3.71266     -0.331516     -0.331475
   3.76920     -0.257019     -0.256983
   3.82574     -0.238339     -0.238297
   3.82574     -0.238339     -0.238297
   3.88314     -0.251459     -0.251417
   3.94054     -0.326333     -0.326302
   3.99795     -0.403983     -0.403940
   4.05535     -0.442543     -0.442500
   4.11275     -0.487308     -0.487265
   4.17015     -0.535393     -0.535351
   4.22755     -0.583890     -0.583848
   4.28495     -0.630042     -0.630000
   4.34235     -0.671370     -0.671329
   4.39975     -0.705772     -0.705731
   4.45716     -0.731571     -0.731530
   4.51456     -0.747542     -0.747502
   4.57196     -0.752952     -0.752911
 
# Band-Index   74
   4.57196     -0.489225     -0.489183
   4.51456     -0.491343     -0.491303
   4.45716     -0.489516     -0.489475
   4.39975     -0.481179     -0.481139
   4.34235     -0.466479     -0.466439
   4.28495     -0.446048     -0.446007
   4.22755     -0.420827     -0.420786
   4.17015     -0.392029     -0.391988
   4.11275     -0.361102     -0.361060
   4.05535     -0.329686     -0.329644
   3.99795     -0.299587     -0.299544
   3.94054     -0.272717     -0.272673
   3.88314     -0.248050     -0.248015
   3.82574     -0.230354     -0.230331
   3.82574     -0.230354     -0.230331
   3.76920     -0.251215     -0.251171
   3.71266     -0.286178     -0.286144
   3.65612     -0.322614     -0.322581
   3.59958     -0.364208     -0.364176
   3.54304     -0.408784     -0.408753
   3.48650     -0.454122     -0.454092
   3.42995     -0.498086     -0.498057
   3.37341     -0.538722     -0.538695
   3.31687     -0.574335     -0.574309
   3.26033     -0.603516     -0.603492
   3.20379     -0.625154     -0.625130
   3.14725     -0.638449     -0.638427
   3.09071     -0.642936     -0.642914
   3.09071     -0.486448     -0.486409
   3.03334     -0.489144     -0.489107
   2.97598     -0.487475     -0.487438
   2.91861     -0.479193     -0.479156
   2.86124     -0.464533     -0.464496
   2.80388     -0.444151     -0.444114
   2.74651     -0.418995     -0.418958
   2.68914     -0.390281     -0.390243
   2.63178     -0.359456     -0.359417
   2.57441     -0.328162     -0.328122
   2.51704     -0.298193     -0.298154
   2.45968     -0.271444     -0.271404
   2.40231     -0.248566     -0.248528
   2.34495     -0.230354     -0.230331
   2.34495     -0.230354     -0.230331
   2.28754     -0.255133     -0.255090
   2.23014     -0.299438     -0.299405
   2.17274     -0.344773     -0.344742
   2.11534     -0.385896     -0.385869
   2.05793     -0.406733     -0.406702
   2.00053     -0.427388     -0.427357
   1.94313     -0.447583     -0.447551
   1.88572     -0.465817     -0.465786
   1.82832     -0.480658     -0.480626
   1.77092     -0.490870     -0.490839
   1.71352     -0.495552     -0.495519
   1.65611     -0.494247     -0.494213
   1.59871     -0.489502     -0.489462
   1.59871     -0.641038     -0.641002
   1.54221     -0.636507     -0.636471
   1.48571     -0.623108     -0.623072
   1.42921     -0.601358     -0.601322
   1.37270     -0.572098     -0.572062
   1.31620     -0.536454     -0.536417
   1.25970     -0.495836     -0.495798
   1.20320     -0.451935     -0.451897
   1.14669     -0.406695     -0.406656
   1.09019     -0.362238     -0.362199
   1.03369     -0.320773     -0.320734
   0.97719     -0.284460     -0.284420
   0.92069     -0.252215     -0.252179
   0.86418     -0.230354     -0.230331
   0.86418     -0.230354     -0.230331
   0.83188     -0.220649     -0.220617
   0.79958     -0.210525     -0.210491
   0.76727     -0.204126     -0.204091
   0.73497     -0.201944     -0.201909
   0.73497     -0.641707     -0.641670
   0.67843     -0.637233     -0.637196
   0.62190     -0.623973     -0.623935
   0.56536     -0.602383     -0.602345
   0.50883     -0.573257     -0.573218
   0.45229     -0.537702     -0.537663
   0.39575     -0.497125     -0.497085
   0.33922     -0.453221     -0.453181
   0.28268     -0.407945     -0.407904
   0.22614     -0.363431     -0.363389
   0.16961     -0.321898     -0.321856
   0.11307     -0.285527     -0.285483
   0.05654     -0.251871     -0.251838
   0.00000     -0.230354     -0.230331
 
# Band-Index   75
   0.00000     -0.228888     -0.228844
   0.05654     -0.222091     -0.222049
   0.11307     -0.220406     -0.220363
   0.16961     -0.227416     -0.227374
   0.22614     -0.242096     -0.242053
   0.28268     -0.262761     -0.262719
   0.33922     -0.287384     -0.287343
   0.39575     -0.313841     -0.313800
   0.45229     -0.340076     -0.340035
   0.50883     -0.364218     -0.364177
   0.56536     -0.384688     -0.384648
   0.62190     -0.400219     -0.400178
   0.67843     -0.409893     -0.409852
   0.73497     -0.413178     -0.413138
   0.73497     -0.199733     -0.199690
   0.76727     -0.201958     -0.201916
   0.79958     -0.208495     -0.208453
   0.83188     -0.218868     -0.218825
   0.86418     -0.228888     -0.228844
   0.86418     -0.228888     -0.228844
   0.92069     -0.221555     -0.221516
   0.97719     -0.219766     -0.219727
   1.03369     -0.226704     -0.226664
   1.09019     -0.241298     -0.241259
   1.14669     -0.261860     -0.261821
   1.20320     -0.286365     -0.286326
   1.25970     -0.312698     -0.312660
   1.31620     -0.338811     -0.338773
   1.37270     -0.362843     -0.362806
   1.42921     -0.383221     -0.383183
   1.48571     -0.398682     -0.398644
   1.54221     -0.408311     -0.408273
   1.59871     -0.411583     -0.411546
   1.59871     -0.481168     -0.481146
   1.65611     -0.469964     -0.469937
   1.71352     -0.449632     -0.449603
   1.77092     -0.423757     -0.423727
   1.82832     -0.393610     -0.393579
   1.88572     -0.360662     -0.360631
   1.94313     -0.326672     -0.326640
   2.00053     -0.293667     -0.293636
   2.05793     -0.263860     -0.263827
   2.11534     -0.239537     -0.239504
   2.17274     -0.222873     -0.222841
   2.23014     -0.215714     -0.215681
   2.28754     -0.219280     -0.219249
   2.34495     -0.228888     -0.228844
   2.34495     -0.228888     -0.228844
   2.40231     -0.225467     -0.225427
   2.45968     -0.226960     -0.226921
   2.51704     -0.236652     -0.236613
   2.57441     -0.254018     -0.253979
   2.63178     -0.277778     -0.277739
   2.68914     -0.306212     -0.306173
   2.74651     -0.337380     -0.337342
   2.80388     -0.369301     -0.369264
   2.86124     -0.400097     -0.400060
   2.91861     -0.428072     -0.428035
   2.97598     -0.451775     -0.451739
   3.03334     -0.469911     -0.469876
   3.09071     -0.479313     -0.479279
   3.09071     -0.413961     -0.413930
   3.14725     -0.410673     -0.410642
   3.20379     -0.400993     -0.400962
   3.26033     -0.385454     -0.385423
   3.31687     -0.364972     -0.364941
   3.37341     -0.340818     -0.340787
   3.42995     -0.314569     -0.314537
   3.48650     -0.288097     -0.288065
   3.54304     -0.263462     -0.263430
   3.59958     -0.242789     -0.242757
   3.65612     -0.228109     -0.228077
   3.71266     -0.221117     -0.221085
   3.76920     -0.222870     -0.222840
   3.82574     -0.228888     -0.228844
   3.82574     -0.228888     -0.228844
   3.88314     -0.225849     -0.225807
   3.94054     -0.227398     -0.227355
   3.99795     -0.237109     -0.237067
   4.05535     -0.254517     -0.254475
   4.11275     -0.278351     -0.278309
   4.17015     -0.306892     -0.306850
   4.22755     -0.338185     -0.338144
   4.28495     -0.370237     -0.370196
   4.34235     -0.401162     -0.401122
   4.39975     -0.429242     -0.429202
   4.45716     -0.453003     -0.452963
   4.51456     -0.471051     -0.471012
   4.57196     -0.479897     -0.479860
 
# Band-Index   76
   4.57196      1.788933      1.788902
   4.51456      1.816168      1.816137
   4.45716      1.896935      1.896905
   4.39975      2.028444      2.028414
   4.34235      2.167979      2.167951
   4.28495      2.277961      2.277934
   4.22755      2.407184      2.407157
   4.17015      2.485183      2.485167
   4.11275      2.280757      2.280742
   4.05535      2.053321      2.053305
   3.99795      1.826083      1.826066
   3.94054      1.624786      1.624767
   3.88314      1.481455      1.481434
   3.82574      1.428666      1.428644
   3.82574      1.428666      1.428644
   3.76920      1.479651      1.479630
   3.71266      1.618252      1.618234
   3.65612      1.813480      1.813465
   3.59958      2.035347      2.035334
   3.54304      2.261045      2.261034
   3.48650      2.474020      2.474009
   3.42995      2.374046      2.374017
   3.37341      2.219846      2.219816
   3.31687      2.073514      2.073483
   3.26033      1.952656      1.952624
   3.20379      1.867952      1.867920
   3.14725      1.825857      1.825824
   3.09071      1.829696      1.829664
   3.09071      1.783065      1.783036
   3.03334      1.810365      1.810336
   2.97598      1.891319      1.891290
   2.91861      2.023112      2.023085
   2.86124      2.169811      2.169783
   2.80388      2.279507      2.279478
   2.74651      2.408571      2.408543
   2.68914      2.484021      2.484005
   2.63178      2.280025      2.280010
   2.57441      2.052901      2.052886
   2.51704      1.825873      1.825856
   2.45968      1.624702      1.624683
   2.40231      1.481435      1.481414
   2.34495      1.428666      1.428644
   2.34495      1.428666      1.428644
   2.28754      1.481499      1.481478
   2.23014      1.625496      1.625477
   2.17274      1.829450      1.829435
   2.11534      2.063203      2.063190
   2.05793      2.303503      2.303491
   2.00053      2.509108      2.509085
   1.94313      2.413153      2.413126
   1.88572      2.268171      2.268141
   1.82832      2.114856      2.114825
   1.77092      1.979123      1.979091
   1.71352      1.874987      1.874954
   1.65611      1.809993      1.809960
   1.59871      1.787936      1.787904
   1.59871      1.825779      1.825754
   1.54221      1.823573      1.823543
   1.48571      1.865867      1.865838
   1.42921      1.950776      1.950747
   1.37270      2.071884      2.071855
   1.31620      2.218556      2.218528
   1.25970      2.373241      2.373213
   1.20320      2.473845      2.473831
   1.14669      2.260861      2.260847
   1.09019      2.035185      2.035171
   1.03369      1.813357      1.813340
   0.97719      1.618179      1.618160
   0.92069      1.479628      1.479607
   0.86418      1.428666      1.428644
   0.86418      1.428666      1.428644
   0.83188      1.448453      1.448431
   0.79958      1.505003      1.504981
   0.76727      1.592765      1.592743
   0.73497      1.703113      1.703090
   0.73497      1.828782      1.828752
   0.67843      1.825666      1.825636
   0.62190      1.867804      1.867774
   0.56536      1.952486      1.952457
   0.50883      2.073259      2.073231
   0.45229      2.219446      2.219418
   0.39575      2.373448      2.373421
   0.33922      2.474514      2.474498
   0.28268      2.261340      2.261325
   0.22614      2.035498      2.035483
   0.16961      1.813540      1.813523
   0.11307      1.618266      1.618247
   0.05654      1.479652      1.479630
   0.00000      1.428666      1.428644
 
# Band-Index   77
   0.00000      2.230246      2.230225
   0.05654      2.264581      2.264559
   0.11307      2.354431      2.354409
   0.16961      2.467099      2.467077
   0.22614      2.557030      2.557008
   0.28268      2.576441      2.576417
   0.33922      2.506121      2.506095
   0.39575      2.662369      2.662352
   0.45229      2.525037      2.525011
   0.50883      2.304470      2.304443
   0.56536      2.121103      2.121074
   0.62190      1.978891      1.978862
   0.67843      1.881015      1.880985
   0.73497      1.830609      1.830579
   0.73497      1.704524      1.704503
   0.76727      1.830168      1.830146
   0.79958      1.964440      1.964418
   0.83188      2.100011      2.099988
   0.86418      2.230246      2.230225
   0.86418      2.230246      2.230225
   0.92069      2.265102      2.265080
   0.97719      2.355625      2.355601
   1.03369      2.468708      2.468684
   1.09019      2.558791      2.558767
   1.14669      2.577884      2.577858
   1.20320      2.506773      2.506745
   1.25970      2.661655      2.661640
   1.31620      2.522960      2.522933
   1.37270      2.302341      2.302313
   1.42921      2.118963      2.118934
   1.48571      1.976752      1.976723
   1.54221      1.878903      1.878873
   1.59871      1.829364      1.829329
   1.59871      2.107933      2.107904
   1.65611      2.118913      2.118883
   1.71352      2.167712      2.167683
   1.77092      2.250146      2.250116
   1.82832      2.358695      2.358666
   1.88572      2.482144      2.482116
   1.94313      2.603756      2.603729
   2.00053      2.532590      2.532579
   2.05793      2.523937      2.523917
   2.11534      2.467390      2.467371
   2.17274      2.374752      2.374732
   2.23014      2.283253      2.283232
   2.28754      2.226698      2.226674
   2.34495      2.230246      2.230225
   2.34495      2.230246      2.230225
   2.40231      2.227350      2.227327
   2.45968      2.290250      2.290229
   2.51704      2.399473      2.399454
   2.57441      2.529227      2.529209
   2.63178      2.623255      2.623228
   2.68914      2.535024      2.534997
   2.74651      2.595165      2.595142
   2.80388      2.414986      2.414959
   2.86124      2.200984      2.200956
   2.91861      2.092641      2.092612
   2.97598      2.055104      2.055075
   3.03334      2.060744      2.060714
   3.09071      2.108046      2.108013
   3.09071      1.830224      1.830191
   3.14725      1.881392      1.881360
   3.20379      1.979424      1.979392
   3.26033      2.121790      2.121759
   3.31687      2.305298      2.305268
   3.37341      2.525981      2.525952
   3.42995      2.661632      2.661620
   3.48650      2.506927      2.506900
   3.54304      2.577400      2.577376
   3.59958      2.558008      2.557986
   3.65612      2.467983      2.467962
   3.71266      2.355118      2.355096
   3.76920      2.264918      2.264896
   3.82574      2.230246      2.230225
   3.82574      2.230246      2.230225
   3.88314      2.227887      2.227863
   3.94054      2.291074      2.291051
   3.99795      2.400285      2.400263
   4.05535      2.529759      2.529738
   4.11275      2.621595      2.621570
   4.17015      2.533617      2.533590
   4.22755      2.597807      2.597784
   4.28495      2.419404      2.419376
   4.34235      2.205888      2.205860
   4.39975      2.090352      2.090324
   4.45716      2.052379      2.052351
   4.51456      2.057600      2.057572
   4.57196      2.104694      2.104668
 
# Band-Index   78
   4.57196      2.108019      2.107990
   4.51456      2.196338      2.196311
   4.45716      2.323086      2.323060
   4.39975      2.479877      2.479852
   4.34235      2.654143      2.654118
   4.28495      2.803557      2.803532
   4.22755      2.789896      2.789875
   4.17015      2.762456      2.762435
   4.11275      2.656376      2.656355
   4.05535      2.629796      2.629772
   3.99795      2.549231      2.549207
   3.94054      2.421690      2.421666
   3.88314      2.301868      2.301843
   3.82574      2.230892      2.230865
   3.82574      2.230892      2.230865
   3.76920      2.265944      2.265918
   3.71266      2.362308      2.362286
   3.65612      2.493450      2.493429
   3.59958      2.624227      2.624206
   3.54304      2.720370      2.720350
   3.48650      2.759379      2.759357
   3.42995      2.739901      2.739876
   3.37341      2.679216      2.679189
   3.31687      2.600554      2.600526
   3.26033      2.523387      2.523359
   3.20379      2.460792      2.460762
   3.14725      2.420526      2.420496
   3.09071      2.406697      2.406667
   3.09071      2.111665      2.111638
   3.03334      2.200086      2.200056
   2.97598      2.326934      2.326905
   2.91861      2.483624      2.483595
   2.86124      2.657400      2.657371
   2.80388      2.805399      2.805372
   2.74651      2.786724      2.786706
   2.68914      2.762949      2.762930
   2.63178      2.656319      2.656302
   2.57441      2.631650      2.631623
   2.51704      2.550943      2.550917
   2.45968      2.422954      2.422929
   2.40231      2.302519      2.302494
   2.34495      2.230892      2.230865
   2.34495      2.230892      2.230865
   2.28754      2.303059      2.303034
   2.23014      2.429318      2.429294
   2.17274      2.574195      2.574172
   2.11534      2.690309      2.690286
   2.05793      2.735385      2.735362
   2.00053      2.698786      2.698761
   1.94313      2.734210      2.734198
   1.88572      2.666358      2.666330
   1.82832      2.477526      2.477497
   1.77092      2.324814      2.324785
   1.71352      2.211434      2.211404
   1.65611      2.139139      2.139108
   1.59871      2.109156      2.109124
   1.59871      2.409092      2.409062
   1.54221      2.422923      2.422893
   1.48571      2.463190      2.463160
   1.42921      2.525776      2.525747
   1.37270      2.602897      2.602869
   1.31620      2.681428      2.681401
   1.25970      2.741857      2.741832
   1.20320      2.760848      2.760826
   1.14669      2.721246      2.721225
   1.09019      2.624561      2.624541
   1.03369      2.493416      2.493396
   0.97719      2.362112      2.362090
   0.92069      2.265837      2.265811
   0.86418      2.230892      2.230865
   0.86418      2.230892      2.230865
   0.83188      2.349501      2.349475
   0.79958      2.448615      2.448586
   0.76727      2.516933      2.516903
   0.73497      2.541836      2.541805
   0.73497      2.403589      2.403564
   0.67843      2.417496      2.417470
   0.62190      2.457997      2.457972
   0.56536      2.520991      2.520965
   0.50883      2.598721      2.598696
   0.45229      2.678101      2.678075
   0.39575      2.739540      2.739515
   0.33922      2.759735      2.759711
   0.28268      2.721173      2.721149
   0.22614      2.625194      2.625170
   0.16961      2.494364      2.494341
   0.11307      2.363017      2.362993
   0.05654      2.266287      2.266261
   0.00000      2.230892      2.230865
 
# Band-Index   79
   0.00000      3.332657      3.332646
   0.05654      3.368179      3.368168
   0.11307      3.459200      3.459190
   0.16961      3.553662      3.553653
   0.22614      3.590650      3.590642
   0.28268      3.369489      3.369466
   0.33922      3.062593      3.062568
   0.39575      2.780646      2.780620
   0.45229      2.819999      2.819979
   0.50883      2.939987      2.939964
   0.56536      3.027572      3.027545
   0.62190      3.056413      3.056384
   0.67843      3.016280      3.016251
   0.73497      3.002762      3.002732
   0.73497      3.166669      3.166664
   0.76727      3.181709      3.181704
   0.79958      3.221372      3.221364
   0.83188      3.275634      3.275624
   0.86418      3.332657      3.332646
   0.86418      3.332657      3.332646
   0.92069      3.368096      3.368085
   0.97719      3.458441      3.458432
   1.03369      3.552186      3.552180
   1.09019      3.588054      3.588049
   1.14669      3.367429      3.367405
   1.20320      3.060393      3.060367
   1.25970      2.778204      2.778178
   1.31620      2.818805      2.818787
   1.37270      2.938781      2.938760
   1.42921      3.026433      3.026409
   1.48571      3.062877      3.062851
   1.54221      3.022877      3.022851
   1.59871      3.009398      3.009371
   1.59871      3.036402      3.036379
   1.65611      3.043893      3.043870
   1.71352      3.065077      3.065056
   1.77092      3.096273      3.096254
   1.82832      3.029737      3.029719
   1.88572      2.908098      2.908083
   1.94313      2.897341      2.897312
   2.00053      3.150567      3.150540
   2.05793      3.431175      3.431156
   2.11534      3.559045      3.559034
   2.17274      3.570666      3.570660
   2.23014      3.439876      3.439868
   2.28754      3.354232      3.354222
   2.34495      3.332657      3.332646
   2.34495      3.332657      3.332646
   2.40231      3.352638      3.352628
   2.45968      3.427498      3.427491
   2.51704      3.529526      3.529522
   2.57441      3.629138      3.629134
   2.63178      3.315089      3.315066
   2.68914      3.008027      3.008004
   2.74651      2.830544      2.830522
   2.80388      2.847234      2.847217
   2.86124      2.935090      2.935069
   2.91861      2.990968      2.990945
   2.97598      3.020330      3.020303
   3.03334      3.033036      3.033008
   3.09071      3.036405      3.036377
   3.09071      3.003059      3.003035
   3.14725      3.016605      3.016581
   3.20379      3.056815      3.056791
   3.26033      3.025912      3.025893
   3.31687      2.938610      2.938594
   3.37341      2.818936      2.818922
   3.42995      2.781617      2.781588
   3.48650      3.063659      3.063631
   3.54304      3.370603      3.370576
   3.59958      3.590383      3.590377
   3.65612      3.553574      3.553567
   3.71266      3.459101      3.459092
   3.76920      3.368165      3.368155
   3.82574      3.332657      3.332646
   3.82574      3.332657      3.332646
   3.88314      3.353158      3.353148
   3.94054      3.428501      3.428493
   3.99795      3.530939      3.530933
   4.05535      3.630583      3.630577
   4.11275      3.318143      3.318120
   4.17015      3.011691      3.011667
   4.22755      2.829571      2.829548
   4.28495      2.849377      2.849358
   4.34235      2.937499      2.937477
   4.39975      2.993504      2.993478
   4.45716      3.022883      3.022854
   4.51456      3.035560      3.035530
   4.57196      3.038911      3.038880
 
# Band-Index   80
   4.57196      3.195764      3.195730
   4.51456      3.149348      3.149316
   4.45716      3.114081      3.114051
   4.39975      3.085332      3.085304
   4.34235      3.062767      3.062741
   4.28495      3.075879      3.075857
   4.22755      3.210752      3.210732
   4.17015      3.423229      3.423211
   4.11275      3.633732      3.633718
   4.05535      3.645610      3.645590
   3.99795      3.658224      3.658216
   3.94054      3.512293      3.512284
   3.88314      3.394261      3.394250
   3.82574      3.342897      3.342887
   3.82574      3.342897      3.342887
   3.76920      3.378695      3.378686
   3.71266      3.476995      3.476986
   3.65612      3.612927      3.612921
   3.59958      3.695783      3.695758
   3.54304      3.578347      3.578340
   3.48650      3.571068      3.571060
   3.42995      3.453464      3.453445
   3.37341      3.323263      3.323241
   3.31687      3.212030      3.212008
   3.26033      3.122567      3.122543
   3.20379      3.090134      3.090111
   3.14725      3.143108      3.143084
   3.09071      3.194572      3.194552
   3.09071      3.200453      3.200421
   3.03334      3.154221      3.154191
   2.97598      3.118856      3.118828
   2.91861      3.089965      3.089940
   2.86124      3.067411      3.067388
   2.80388      3.081191      3.081171
   2.74651      3.216232      3.216211
   2.68914      3.428271      3.428250
   2.63178      3.638074      3.638056
   2.57441      3.643224      3.643205
   2.51704      3.659617      3.659607
   2.45968      3.513202      3.513191
   2.40231      3.394750      3.394740
   2.34495      3.342897      3.342887
   2.34495      3.342897      3.342887
   2.28754      3.392940      3.392930
   2.23014      3.496268      3.496259
   2.17274      3.586365      3.586358
   2.11534      3.717017      3.717014
   2.05793      3.435623      3.435603
   2.00053      3.303920      3.303908
   1.94313      3.220779      3.220767
   1.88572      3.171421      3.171407
   1.82832      3.132571      3.132554
   1.77092      3.107854      3.107832
   1.71352      3.151134      3.151109
   1.65611      3.175237      3.175210
   1.59871      3.194737      3.194707
   1.59871      3.194072      3.194042
   1.54221      3.144210      3.144180
   1.48571      3.091007      3.090979
   1.42921      3.128298      3.128272
   1.37270      3.217296      3.217271
   1.31620      3.327973      3.327949
   1.25970      3.457607      3.457585
   1.20320      3.568203      3.568194
   1.14669      3.575455      3.575449
   1.09019      3.692829      3.692806
   1.03369      3.614483      3.614475
   0.97719      3.477774      3.477765
   0.92069      3.378799      3.378789
   0.86418      3.342897      3.342887
   0.86418      3.342897      3.342887
   0.83188      3.403982      3.403970
   0.79958      3.472258      3.472245
   0.76727      3.541735      3.541722
   0.73497      3.610163      3.610152
   0.73497      3.197600      3.197565
   0.67843      3.145138      3.145105
   0.62190      3.091980      3.091950
   0.56536      3.121952      3.121924
   0.50883      3.211124      3.211098
   0.45229      3.321930      3.321906
   0.39575      3.451631      3.451610
   0.33922      3.572660      3.572649
   0.28268      3.579239      3.579230
   0.22614      3.694698      3.694676
   0.16961      3.612634      3.612628
   0.11307      3.476825      3.476817
   0.05654      3.378668      3.378658
   0.00000      3.342897      3.342887
 
# Band-Index   81
   0.00000      3.783498      3.783487
   0.05654      3.825798      3.825787
   0.11307      3.943891      3.943880
   0.16961      4.011347      4.011329
   0.22614      3.725190      3.725186
   0.28268      3.713326      3.713316
   0.33922      3.592919      3.592902
   0.39575      3.571664      3.571647
   0.45229      3.546507      3.546482
   0.50883      3.486688      3.486656
   0.56536      3.407616      3.407581
   0.62190      3.328179      3.328143
   0.67843      3.257722      3.257686
   0.73497      3.198146      3.198111
   0.73497      3.610861      3.610848
   0.76727      3.675333      3.675321
   0.79958      3.730828      3.730816
   0.83188      3.769462      3.769451
   0.86418      3.783498      3.783487
   0.86418      3.783498      3.783487
   0.92069      3.825862      3.825851
   0.97719      3.944383      3.944373
   1.03369      4.012610      4.012593
   1.09019      3.728864      3.728856
   1.14669      3.718969      3.718956
   1.20320      3.599160      3.599141
   1.25970      3.567191      3.567176
   1.31620      3.542180      3.542158
   1.37270      3.483264      3.483235
   1.42921      3.405288      3.405256
   1.48571      3.326672      3.326640
   1.54221      3.256730      3.256697
   1.59871      3.199947      3.199914
   1.59871      3.197034      3.197008
   1.65611      3.225144      3.225117
   1.71352      3.270895      3.270867
   1.77092      3.337391      3.337364
   1.82832      3.425486      3.425461
   1.88572      3.532393      3.532369
   1.94313      3.649953      3.649932
   2.00053      3.758192      3.758176
   2.05793      3.801603      3.801597
   2.11534      3.741922      3.741898
   2.17274      4.065811      4.065788
   2.23014      3.940153      3.940143
   2.28754      3.824505      3.824494
   2.34495      3.783498      3.783487
   2.34495      3.783498      3.783487
   2.40231      3.824285      3.824275
   2.45968      3.932141      3.932131
   2.51704      3.942346      3.942328
   2.57441      3.744112      3.744101
   2.63178      3.733817      3.733815
   2.68914      3.844573      3.844568
   2.74651      3.895245      3.895211
   2.80388      3.738617      3.738583
   2.86124      3.585901      3.585868
   2.91861      3.455289      3.455257
   2.97598      3.348435      3.348403
   3.03334      3.264520      3.264489
   3.09071      3.201718      3.201688
   3.09071      3.196895      3.196861
   3.14725      3.255486      3.255458
   3.20379      3.325816      3.325788
   3.26033      3.405096      3.405069
   3.31687      3.484016      3.483991
   3.37341      3.543881      3.543863
   3.42995      3.569476      3.569463
   3.48650      3.595196      3.595179
   3.54304      3.715370      3.715359
   3.59958      3.726156      3.726150
   3.65612      4.013506      4.013485
   3.71266      3.944139      3.944130
   3.76920      3.825829      3.825818
   3.82574      3.783498      3.783487
   3.82574      3.783498      3.783487
   3.88314      3.824140      3.824129
   3.94054      3.931139      3.931127
   3.99795      3.941086      3.941068
   4.05535      3.741223      3.741216
   4.11275      3.735636      3.735633
   4.17015      3.846894      3.846888
   4.22755      3.896338      3.896300
   4.28495      3.735557      3.735522
   4.34235      3.582048      3.582013
   4.39975      3.450984      3.450950
   4.45716      3.343829      3.343795
   4.51456      3.259723      3.259690
   4.57196      3.196641      3.196609
 
# Band-Index   82
   4.57196      4.143415      4.143386
   4.51456      4.135572      4.135540
   4.45716      4.146587      4.146555
   4.39975      4.136036      4.136032
   4.34235      4.094078      4.094075
   4.28495      4.038495      4.038493
   4.22755      3.971817      3.971819
   4.17015      4.099950      4.099923
   4.11275      4.240422      4.240404
   4.05535      4.228803      4.228780
   3.99795      4.234362      4.234348
   3.94054      4.408315      4.408040
   3.88314      4.694831      4.694625
   3.82574      4.790051      4.790039
   3.82574      4.790048      4.790030
   3.76920      4.692560      4.692660
   3.71266      4.396075      4.396246
   3.65612      4.163479      4.163467
   3.59958      4.242302      4.242279
   3.54304      4.223057      4.223040
   3.48650      4.245859      4.245838
   3.42995      4.114181      4.114164
   3.37341      4.015168      4.015156
   3.31687      3.964213      3.964207
   3.26033      3.951364      3.951361
   3.20379      3.963452      3.963450
   3.14725      3.994731      3.994729
   3.09071      4.003489      4.003458
   3.09071      4.145774      4.145747
   3.03334      4.139227      4.139196
   2.97598      4.150440      4.150409
   2.91861      4.135546      4.135542
   2.86124      4.093498      4.093496
   2.80388      4.038196      4.038195
   2.74651      3.975131      3.975132
   2.68914      4.103778      4.103752
   2.63178      4.240863      4.240848
   2.57441      4.231412      4.231389
   2.51704      4.228609      4.228593
   2.45968      4.403423      4.403422
   2.40231      4.692762      4.693206
   2.34495      4.790074      4.790035
   2.34495      4.790054      4.790048
   2.28754      4.694736      4.694589
   2.23014      4.401260      4.401180
   2.17274      4.110567      4.110557
   2.11534      4.256024      4.256000
   2.05793      4.207421      4.207402
   2.00053      4.286282      4.286273
   1.94313      4.309989      4.309971
   1.88572      4.235030      4.235014
   1.82832      4.195206      4.195194
   1.77092      4.168272      4.168243
   1.71352      4.139849      4.139819
   1.65611      4.131289      4.131259
   1.59871      4.141168      4.141142
   1.59871      4.008733      4.008702
   1.54221      3.999806      3.999803
   1.48571      3.968544      3.968541
   1.42921      3.956501      3.956498
   1.37270      3.969453      3.969447
   1.31620      4.020318      4.020305
   1.25970      4.118698      4.118680
   1.20320      4.249135      4.249113
   1.14669      4.223806      4.223789
   1.09019      4.243535      4.243513
   1.03369      4.161087      4.161075
   0.97719      4.392905      4.392886
   0.92069      4.691214      4.691256
   0.86418      4.790053      4.790070
   0.86418      4.790046      4.790033
   0.83188      4.788861      4.788900
   0.79958      4.752896      4.752883
   0.76727      4.729456      4.729471
   0.73497      4.721341      4.721345
   0.73497      4.005029      4.004996
   0.67843      3.995248      3.995246
   0.62190      3.963729      3.963727
   0.56536      3.951305      3.951302
   0.50883      3.963742      3.963737
   0.45229      4.014397      4.014385
   0.39575      4.113428      4.113409
   0.33922      4.245398      4.245375
   0.28268      4.223113      4.223093
   0.22614      4.240770      4.240744
   0.16961      4.165367      4.165356
   0.11307      4.396041      4.396003
   0.05654      4.692591      4.692495
   0.00000      4.790054      4.790034
 
# Band-Index   83
   0.00000      4.832436      4.832448
   0.05654      4.737963      4.737966
   0.11307      4.566427      4.566426
   0.16961      4.385291      4.385277
   0.22614      4.346211      4.346201
   0.28268      4.357950      4.357928
   0.33922      4.307206      4.307191
   0.39575      4.342830      4.342798
   0.45229      4.243477      4.243445
   0.50883      4.159529      4.159496
   0.56536      4.092730      4.092697
   0.62190      4.044263      4.044231
   0.67843      4.014908      4.014875
   0.73497      4.042855      4.042853
   0.73497      4.957673      4.957593
   0.76727      4.921048      4.921045
   0.79958      4.859845      4.859868
   0.83188      4.809268      4.809268
   0.86418      4.832453      4.832451
   0.86418      4.832494      4.832472
   0.92069      4.735011      4.735091
   0.97719      4.562848      4.562926
   1.03369      4.389664      4.389669
   1.09019      4.344811      4.344801
   1.14669      4.359713      4.359691
   1.20320      4.308122      4.308110
   1.25970      4.345437      4.345406
   1.31620      4.246432      4.246401
   1.37270      4.162768      4.162737
   1.42921      4.096188      4.096156
   1.48571      4.047876      4.047844
   1.54221      4.018631      4.018599
   1.59871      4.046509      4.046508
   1.59871      4.144773      4.144739
   1.65611      4.174436      4.174406
   1.71352      4.200629      4.200624
   1.77092      4.188045      4.188037
   1.82832      4.217266      4.217237
   1.88572      4.284105      4.284075
   1.94313      4.368285      4.368256
   2.00053      4.407956      4.407936
   2.05793      4.417446      4.417434
   2.11534      4.290286      4.290276
   2.17274      4.392150      4.392135
   2.23014      4.562658      4.562787
   2.28754      4.732501      4.732526
   2.34495      4.832498      4.832507
   2.34495      4.832507      4.832461
   2.40231      4.724047      4.724040
   2.45968      4.553686      4.553648
   2.51704      4.381314      4.381272
   2.57441      4.351808      4.351786
   2.63178      4.262152      4.262126
   2.68914      4.304370      4.304356
   2.74651      4.333254      4.333243
   2.80388      4.302521      4.302491
   2.86124      4.232703      4.232672
   2.91861      4.181730      4.181699
   2.97598      4.172951      4.172947
   3.03334      4.176735      4.176703
   3.09071      4.150722      4.150688
   3.09071      4.041246      4.041244
   3.14725      4.013346      4.013316
   3.20379      4.042700      4.042669
   3.26033      4.091152      4.091122
   3.31687      4.157929      4.157900
   3.37341      4.241849      4.241819
   3.42995      4.341191      4.341162
   3.48650      4.306586      4.306574
   3.54304      4.357909      4.357887
   3.59958      4.345168      4.345159
   3.65612      4.387524      4.387491
   3.71266      4.566646      4.567173
   3.76920      4.738930      4.738631
   3.82574      4.832440      4.832437
   3.82574      4.832390      4.832428
   3.88314      4.727088      4.727380
   3.94054      4.556341      4.556337
   3.99795      4.377018      4.376992
   4.05535      4.352023      4.352001
   4.11275      4.259552      4.259526
   4.17015      4.303630      4.303615
   4.22755      4.332124      4.332111
   4.28495      4.299214      4.299182
   4.34235      4.229173      4.229141
   4.39975      4.178161      4.178129
   4.45716      4.173636      4.173630
   4.51456      4.173189      4.173157
   4.57196      4.145773      4.145737
 
# Band-Index   84
   4.57196      4.227302      4.227301
   4.51456      4.212276      4.212270
   4.45716      4.220401      4.220369
   4.39975      4.284868      4.284836
   4.34235      4.330800      4.330793
   4.28495      4.333817      4.333807
   4.22755      4.386766      4.386734
   4.17015      4.489462      4.489430
   4.11275      4.599434      4.599423
   4.05535      4.402473      4.402464
   3.99795      4.424318      4.424306
   3.94054      4.581412      4.581550
   3.88314      4.756883      4.756021
   3.82574      4.833855      4.833842
   3.82574      4.833825      4.833826
   3.76920      4.744694      4.744459
   3.71266      4.573739      4.573679
   3.65612      4.430471      4.430446
   3.59958      4.386831      4.386808
   3.54304      4.510252      4.510241
   3.48650      4.453490      4.453461
   3.42995      4.403207      4.403198
   3.37341      4.460222      4.460209
   3.31687      4.380007      4.379999
   3.26033      4.286710      4.286705
   3.20379      4.193447      4.193443
   3.14725      4.110943      4.110941
   3.09071      4.046953      4.046951
   3.09071      4.234639      4.234638
   3.03334      4.212014      4.212010
   2.97598      4.223832      4.223801
   2.91861      4.287964      4.287933
   2.86124      4.332625      4.332619
   2.80388      4.335506      4.335497
   2.74651      4.389922      4.389892
   2.68914      4.492210      4.492180
   2.63178      4.597237      4.597226
   2.57441      4.399319      4.399309
   2.51704      4.422127      4.422111
   2.45968      4.586059      4.586087
   2.40231      4.759505      4.759159
   2.34495      4.833853      4.833828
   2.34495      4.833843      4.833828
   2.28754      4.750166      4.750183
   2.23014      4.576308      4.576287
   2.17274      4.434581      4.434557
   2.11534      4.422033      4.422015
   2.05793      4.466623      4.466607
   2.00053      4.437043      4.437027
   1.94313      4.385199      4.385183
   1.88572      4.320922      4.320909
   1.82832      4.269225      4.269217
   1.77092      4.237539      4.237533
   1.71352      4.221663      4.221646
   1.65611      4.218936      4.218934
   1.59871      4.227730      4.227729
   1.59871      4.051920      4.051917
   1.54221      4.115952      4.115949
   1.48571      4.198239      4.198235
   1.42921      4.291116      4.291112
   1.37270      4.383867      4.383860
   1.31620      4.463608      4.463596
   1.25970      4.405054      4.405046
   1.20320      4.457399      4.457369
   1.14669      4.510849      4.510838
   1.09019      4.385628      4.385608
   1.03369      4.427257      4.427253
   0.97719      4.576339      4.576191
   0.92069      4.747106      4.747112
   0.86418      4.833948      4.834051
   0.86418      4.833904      4.833905
   0.83188      4.880821      4.880845
   0.79958      4.925127      4.925001
   0.76727      4.956581      4.956484
   0.73497      4.961304      4.961360
   0.73497      4.046652      4.046649
   0.67843      4.111688      4.111685
   0.62190      4.194363      4.194359
   0.56536      4.287854      4.287849
   0.50883      4.381446      4.381438
   0.45229      4.461774      4.461761
   0.39575      4.403765      4.403755
   0.33922      4.455265      4.455234
   0.28268      4.511705      4.511693
   0.22614      4.387637      4.387619
   0.16961      4.431030      4.431013
   0.11307      4.571847      4.571763
   0.05654      4.743866      4.743653
   0.00000      4.833846      4.833958
 
# Band-Index   85
   0.00000      5.036295      5.035971
   0.05654      4.995717      4.995336
   0.11307      4.932079      4.932038
   0.16961      4.825326      4.825294
   0.22614      4.703008      4.702975
   0.28268      4.577041      4.577011
   0.33922      4.565352      4.565336
   0.39575      4.527936      4.527920
   0.45229      4.483563      4.483556
   0.50883      4.539130      4.539124
   0.56536      4.531919      4.531888
   0.62190      4.496248      4.496217
   0.67843      4.474812      4.474781
   0.73497      4.468061      4.468033
   0.73497      5.004497      5.004482
   0.76727      5.006565      5.006528
   0.79958      5.013740      5.012955
   0.83188      5.023204      5.023356
   0.86418      5.035738      5.035990
   0.86418      5.037434      5.035875
   0.92069      4.994830      4.994485
   0.97719      4.931929      4.931897
   1.03369      4.825741      4.825713
   1.09019      4.704058      4.704034
   1.14669      4.578692      4.578662
   1.20320      4.565550      4.565536
   1.25970      4.528918      4.528902
   1.31620      4.485363      4.485358
   1.37270      4.541963      4.541958
   1.42921      4.534538      4.534508
   1.48571      4.498952      4.498922
   1.54221      4.477424      4.477395
   1.59871      4.470344      4.470316
   1.59871      4.250826      4.250825
   1.65611      4.231118      4.231116
   1.71352      4.229154      4.229139
   1.77092      4.294588      4.294559
   1.82832      4.379926      4.379896
   1.88572      4.460064      4.460061
   1.94313      4.398633      4.398629
   2.00053      4.467826      4.467797
   2.05793      4.578919      4.578890
   2.11534      4.697116      4.697089
   2.17274      4.815172      4.815145
   2.23014      4.921660      4.921617
   2.28754      4.995127      4.994945
   2.34495      5.036706      5.035863
   2.34495      5.036080      5.035845
   2.40231      4.993365      4.994824
   2.45968      4.943303      4.943246
   2.51704      4.842235      4.842207
   2.57441      4.725495      4.725469
   2.63178      4.606218      4.606189
   2.68914      4.664182      4.664161
   2.74651      4.559746      4.559716
   2.80388      4.459176      4.459146
   2.86124      4.367346      4.367315
   2.91861      4.332559      4.332554
   2.97598      4.289997      4.289994
   3.03334      4.249995      4.249993
   3.09071      4.252650      4.252646
   3.09071      4.465996      4.465968
   3.14725      4.473041      4.473013
   3.20379      4.494650      4.494620
   3.26033      4.530396      4.530366
   3.31687      4.539870      4.539865
   3.37341      4.483461      4.483455
   3.42995      4.526209      4.526193
   3.48650      4.563675      4.563660
   3.54304      4.575260      4.575232
   3.59958      4.701069      4.701041
   3.65612      4.823243      4.823213
   3.71266      4.929862      4.938208
   3.76920      4.996052      4.995601
   3.82574      5.035923      5.035792
   3.82574      5.035700      5.036284
   3.88314      4.994756      4.996107
   3.94054      4.943005      4.942965
   3.99795      4.841250      4.841219
   4.05535      4.723818      4.723786
   4.11275      4.603780      4.603749
   4.17015      4.662961      4.662926
   4.22755      4.557994      4.557963
   4.28495      4.456948      4.456917
   4.34235      4.364729      4.364697
   4.39975      4.331037      4.331032
   4.45716      4.282233      4.282230
   4.51456      4.242101      4.242099
   4.57196      4.253248      4.253243
 
# Band-Index   86
   4.57196      4.258515      4.258510
   4.51456      4.296915      4.296910
   4.45716      4.324119      4.324115
   4.39975      4.347652      4.347647
   4.34235      4.434693      4.434685
   4.28495      4.540149      4.540136
   4.22755      4.661934      4.661914
   4.17015      4.715445      4.715434
   4.11275      4.765800      4.765768
   4.05535      4.859819      4.859448
   3.99795      4.937425      4.937636
   3.94054      4.974609      4.974708
   3.88314      5.012792      5.013599
   3.82574      5.039573      5.039510
   3.82574      5.039856      5.039285
   3.76920      5.005108      5.005205
   3.71266      4.974191      4.974114
   3.65612      4.967092      4.966270
   3.59958      4.911401      4.911373
   3.54304      4.846559      4.846515
   3.48650      4.776132      4.776099
   3.42995      4.705130      4.705100
   3.37341      4.638133      4.638103
   3.31687      4.578974      4.578945
   3.26033      4.541894      4.541863
   3.20379      4.502065      4.502033
   3.14725      4.477344      4.477312
   3.09071      4.468791      4.468757
   3.09071      4.259694      4.259690
   3.03334      4.297281      4.297278
   2.97598      4.324931      4.324928
   2.91861      4.354914      4.354910
   2.86124      4.441389      4.441380
   2.80388      4.545808      4.545794
   2.74651      4.666194      4.666174
   2.68914      4.714965      4.714955
   2.63178      4.766618      4.766588
   2.57441      4.859973      4.859944
   2.51704      4.937778      4.937752
   2.45968      4.974473      4.974523
   2.40231      5.014902      5.015092
   2.34495      5.039808      5.039229
   2.34495      5.039293      5.039530
   2.28754      5.000230      5.000316
   2.23014      4.973889      4.973949
   2.17274      4.996323      4.996796
   2.11534      4.947375      4.947337
   2.05793      4.830933      4.830904
   2.00053      4.709924      4.709895
   1.94313      4.591147      4.591117
   1.88572      4.479981      4.479951
   1.82832      4.456264      4.456261
   1.77092      4.409494      4.409491
   1.71352      4.349417      4.349414
   1.65611      4.294596      4.294593
   1.59871      4.257159      4.257156
   1.59871      4.474298      4.474264
   1.54221      4.482780      4.482747
   1.48571      4.507472      4.507440
   1.42921      4.547313      4.547281
   1.37270      4.582860      4.582829
   1.31620      4.641811      4.641780
   1.25970      4.708522      4.708493
   1.20320      4.779223      4.779206
   1.14669      4.849399      4.849328
   1.09019      4.914077      4.914044
   1.03369      4.968917      4.969061
   0.97719      4.974359      4.974438
   0.92069      5.007174      5.007201
   0.86418      5.039674      5.039337
   0.86418      5.039212      5.039453
   0.83188      5.026032      5.034730
   0.79958      5.016544      5.015843
   0.76727      5.010113      5.010075
   0.73497      5.008216      5.008184
   0.73497      4.469633      4.469597
   0.67843      4.478480      4.478447
   0.62190      4.503368      4.503335
   0.56536      4.543281      4.543249
   0.50883      4.580505      4.580474
   0.45229      4.639689      4.639660
   0.39575      4.706698      4.706665
   0.33922      4.777706      4.777693
   0.28268      4.848126      4.848134
   0.22614      4.912963      4.913086
   0.16961      4.968241      4.967904
   0.11307      4.974212      4.974185
   0.05654      5.007532      5.007516
   0.00000      5.039546      5.039226
 
# Band-Index   87
   0.00000      5.040901      5.039934
   0.05654      5.036425      5.036248
   0.11307      5.009947      5.010324
   0.16961      5.010067      5.010058
   0.22614      4.951647      4.951621
   0.28268      4.909497      4.909468
   0.33922      4.822982      4.822951
   0.39575      4.739568      4.739536
   0.45229      4.663306      4.663274
   0.50883      4.597139      4.597107
   0.56536      4.573654      4.573649
   0.62190      4.592354      4.592350
   0.67843      4.601067      4.601063
   0.73497      4.603562      4.603559
   0.73497      5.133442      5.133212
   0.76727      5.106720      5.106515
   0.79958      5.080115      5.080643
   0.83188      5.057294      5.057631
   0.86418      5.039904      5.039917
   0.86418      5.040608      5.042081
   0.92069      5.037146      5.037178
   0.97719      5.010859      5.010910
   1.03369      5.011700      5.011693
   1.09019      4.950327      4.950300
   1.14669      4.908191      4.908171
   1.20320      4.827191      4.827160
   1.25970      4.743646      4.743615
   1.31620      4.667330      4.667298
   1.37270      4.601166      4.601134
   1.42921      4.577246      4.577242
   1.48571      4.596675      4.596671
   1.54221      4.605931      4.605926
   1.59871      4.608638      4.608634
   1.59871      4.668739      4.668707
   1.65611      4.673722      4.673690
   1.71352      4.688542      4.688510
   1.77092      4.712656      4.712624
   1.82832      4.745074      4.745042
   1.88572      4.784326      4.784295
   1.94313      4.828325      4.828293
   2.00053      4.874431      4.874400
   2.05793      4.912732      4.912708
   2.11534      4.961294      4.961309
   2.17274      5.010168      5.010161
   2.23014      5.024010      5.023675
   2.28754      5.041576      5.042548
   2.34495      5.040008      5.040753
   2.34495      5.042222      5.040463
   2.40231      5.033490      5.031496
   2.45968      4.995579      4.995908
   2.51704      5.015542      5.015520
   2.57441      4.933026      4.933003
   2.63178      4.918374      4.918356
   2.68914      4.802370      4.802344
   2.74651      4.729665      4.729653
   2.80388      4.706310      4.706295
   2.86124      4.693658      4.693641
   2.91861      4.703168      4.703150
   2.97598      4.694673      4.694640
   3.03334      4.678729      4.678697
   3.09071      4.673358      4.673326
   3.09071      4.607292      4.607287
   3.14725      4.604432      4.604427
   3.20379      4.594894      4.594889
   3.26033      4.575287      4.575283
   3.31687      4.595747      4.595716
   3.37341      4.661835      4.661805
   3.42995      4.738103      4.738072
   3.48650      4.821642      4.821613
   3.54304      4.908085      4.908058
   3.59958      4.952200      4.952176
   3.65612      5.009802      5.009802
   3.71266      5.008299      5.014810
   3.76920      5.034732      5.035501
   3.82574      5.040180      5.039884
   3.82574      5.040019      5.041537
   3.88314      5.030704      5.030900
   3.94054      4.995185      4.995162
   3.99795      5.014390      5.014388
   4.05535      4.934732      4.934709
   4.11275      4.921321      4.921302
   4.17015      4.799456      4.799430
   4.22755      4.729129      4.729115
   4.28495      4.705647      4.705631
   4.34235      4.693301      4.693283
   4.39975      4.703322      4.703303
   4.45716      4.691412      4.691380
   4.51456      4.675462      4.675429
   4.57196      4.670093      4.670061
 
# Band-Index   88
   4.57196      4.758464      4.758447
   4.51456      4.749488      4.749471
   4.45716      4.727102      4.727084
   4.39975      4.717733      4.717700
   4.34235      4.753354      4.753321
   4.28495      4.797542      4.797510
   4.22755      4.848879      4.848848
   4.17015      4.905707      4.905675
   4.11275      4.942432      4.942401
   4.05535      5.028218      5.028187
   3.99795      5.089887      5.089818
   3.94054      5.106004      5.105556
   3.88314      5.074826      5.076809
   3.82574      5.043167      5.047903
   3.82574      5.045635      5.043148
   3.76920      5.075101      5.075384
   3.71266      5.115771      5.114777
   3.65612      5.075510      5.075489
   3.59958      4.995041      4.995014
   3.54304      4.912055      4.912035
   3.48650      4.927010      4.926994
   3.42995      4.839627      4.839613
   3.37341      4.755123      4.755108
   3.31687      4.716931      4.716914
   3.26033      4.744498      4.744482
   3.20379      4.813187      4.813183
   3.14725      4.774613      4.774610
   3.09071      4.761322      4.761319
   3.09071      4.757311      4.757294
   3.03334      4.748455      4.748437
   2.97598      4.726429      4.726411
   2.91861      4.721121      4.721089
   2.86124      4.756797      4.756765
   2.80388      4.801101      4.801069
   2.74651      4.852611      4.852579
   2.68914      4.909665      4.909633
   2.63178      4.944950      4.944923
   2.57441      5.033044      5.033022
   2.51704      5.094478      5.094534
   2.45968      5.105322      5.105521
   2.40231      5.075110      5.074276
   2.34495      5.044564      5.043594
   2.34495      5.044021      5.044539
   2.28754      5.075758      5.075698
   2.23014      5.118974      5.119089
   2.17274      5.052657      5.052636
   2.11534      4.983625      4.983598
   2.05793      4.919870      4.919840
   2.00053      5.015586      5.015569
   1.94313      4.969892      4.969880
   1.88572      4.888323      4.888313
   1.82832      4.823031      4.823020
   1.77092      4.791545      4.791535
   1.71352      4.795883      4.795874
   1.65611      4.777764      4.777746
   1.59871      4.755678      4.755659
   1.59871      4.765344      4.765339
   1.54221      4.778451      4.778446
   1.48571      4.816639      4.816634
   1.42921      4.747951      4.747936
   1.37270      4.720592      4.720575
   1.31620      4.758530      4.758515
   1.25970      4.842332      4.842317
   1.20320      4.929133      4.929115
   1.14669      4.914351      4.914321
   1.09019      5.000577      5.000547
   1.03369      5.081170      5.081135
   0.97719      5.112174      5.111831
   0.92069      5.075254      5.075439
   0.86418      5.042212      5.045577
   0.86418      5.043133      5.043920
   0.83188      5.060601      5.063368
   0.79958      5.084632      5.084358
   0.76727      5.111463      5.111532
   0.73497      5.135716      5.135693
   0.73497      4.762578      4.762573
   0.67843      4.775545      4.775539
   0.62190      4.813496      4.813490
   0.56536      4.743530      4.743514
   0.50883      4.715680      4.715663
   0.45229      4.753715      4.753700
   0.39575      4.838401      4.838386
   0.33922      4.926248      4.926231
   0.28268      4.911918      4.911897
   0.22614      4.995844      4.995814
   0.16961      5.075932      5.075895
   0.11307      5.112545      5.113013
   0.05654      5.076308      5.076143
   0.00000      5.044596      5.043163
 
# Band-Index   89
   0.00000      5.213058      5.216879
   0.05654      5.082312      5.082587
   0.11307      5.141208      5.141377
   0.16961      5.121097      5.121077
   0.22614      5.027925      5.027912
   0.28268      4.991246      4.991227
   0.33922      5.040293      5.040278
   0.39575      5.119599      5.119608
   0.45229      5.037351      5.037346
   0.50883      4.951013      4.951008
   0.56536      4.873637      4.873631
   0.62190      4.825580      4.825566
   0.67843      4.942348      4.942336
   0.73497      5.047937      5.047920
   0.73497      5.138517      5.138286
   0.76727      5.163832      5.163552
   0.79958      5.192489      5.187896
   0.83188      5.205679      5.205838
   0.86418      5.214258      5.213509
   0.86418      5.218734      5.213933
   0.92069      5.080843      5.081624
   0.97719      5.138498      5.138436
   1.03369      5.121211      5.121189
   1.09019      5.031090      5.031075
   1.14669      4.994222      4.994201
   1.20320      5.036092      5.036077
   1.25970      5.124588      5.124589
   1.31620      5.042057      5.042044
   1.37270      4.955234      4.955228
   1.42921      4.877361      4.877356
   1.48571      4.829481      4.829467
   1.54221      4.945417      4.945406
   1.59871      5.041060      5.041045
   1.59871      4.866692      4.866685
   1.65611      4.826757      4.826750
   1.71352      4.837254      4.837241
   1.77092      4.920375      4.920361
   1.82832      5.013269      5.013255
   1.88572      5.096370      5.096355
   1.94313      5.119498      5.119481
   2.00053      5.030133      5.030120
   2.05793      5.039584      5.039571
   2.11534      5.035168      5.035155
   2.17274      5.110497      5.110482
   2.23014      5.127814      5.127812
   2.28754      5.083907      5.083837
   2.34495      5.216934      5.215083
   2.34495      5.219461      5.219523
   2.40231      5.086411      5.083945
   2.45968      5.146735      5.147658
   2.51704      5.096581      5.096276
   2.57441      5.034416      5.034394
   2.63178      4.970466      4.970436
   2.68914      5.052747      5.052726
   2.74651      5.105870      5.105862
   2.80388      4.989850      4.989842
   2.86124      4.871892      4.871883
   2.91861      4.782415      4.782406
   2.97598      4.747076      4.747068
   3.03334      4.780702      4.780695
   3.09071      4.867241      4.867234
   3.09071      5.043489      5.043477
   3.14725      4.942716      4.942703
   3.20379      4.826380      4.826366
   3.26033      4.874146      4.874141
   3.31687      4.952082      4.952078
   3.37341      5.038828      5.038828
   3.42995      5.121380      5.121384
   3.48650      5.039790      5.039775
   3.54304      4.991332      4.991314
   3.59958      5.027623      5.027611
   3.65612      5.122216      5.122180
   3.71266      5.138771      5.139514
   3.76920      5.084825      5.085261
   3.82574      5.221609      5.213702
   3.82574      5.218843      5.216516
   3.88314      5.082439      5.084743
   3.94054      5.147471      5.147445
   3.99795      5.096469      5.096366
   4.05535      5.031805      5.031789
   4.11275      4.966224      4.966196
   4.17015      5.055789      5.055779
   4.22755      5.100474      5.100469
   4.28495      4.986004      4.985995
   4.34235      4.868553      4.868544
   4.39975      4.778831      4.778822
   4.45716      4.742820      4.742812
   4.51456      4.776154      4.776148
   4.57196      4.863969      4.863963
 
# Band-Index   90
   4.57196      4.871853      4.871850
   4.51456      4.994698      4.994695
   4.45716      5.134451      5.134450
   4.39975      5.263558      5.263558
   4.34235      5.348819      5.348818
   4.28495      5.343426      5.343420
   4.22755      5.228138      5.228129
   4.17015      5.170968      5.170962
   4.11275      5.191804      5.191576
   4.05535      5.168781      5.168770
   3.99795      5.128561      5.128506
   3.94054      5.150001      5.149975
   3.88314      5.196145      5.210722
   3.82574      5.222772      5.222705
   3.82574      5.234198      5.222897
   3.76920      5.199094      5.195047
   3.71266      5.145924      5.191807
   3.65612      5.125889      5.125869
   3.59958      5.143897      5.143884
   3.54304      5.180637      5.180629
   3.48650      5.179712      5.179706
   3.42995      5.220716      5.220704
   3.37341      5.281483      5.281460
   3.31687      5.205882      5.205866
   3.26033      5.139012      5.139001
   3.20379      5.087322      5.087310
   3.14725      5.054747      5.054735
   3.09071      5.074484      5.074472
   3.09071      4.877610      4.877608
   3.03334      4.998897      4.998894
   2.97598      5.137937      5.137934
   2.91861      5.265874      5.265869
   2.86124      5.349239      5.349239
   2.80388      5.341702      5.341703
   2.74651      5.225409      5.225401
   2.68914      5.177764      5.177765
   2.63178      5.197696      5.197642
   2.57441      5.172355      5.172340
   2.51704      5.129675      5.129767
   2.45968      5.154056      5.154527
   2.40231      5.200646      5.201176
   2.34495      5.230820      5.228379
   2.34495      5.234784      5.227998
   2.28754      5.194356      5.196294
   2.23014      5.137552      5.137453
   2.17274      5.145741      5.145716
   2.11534      5.085484      5.085470
   2.05793      5.103691      5.103683
   2.00053      5.161054      5.161054
   1.94313      5.153814      5.153808
   1.88572      5.102588      5.102581
   1.82832      5.056546      5.056543
   1.77092      5.013344      5.013341
   1.71352      4.968159      4.968156
   1.65611      4.920520      4.920516
   1.59871      4.876581      4.876577
   1.59871      5.074924      5.074917
   1.54221      5.052225      5.052210
   1.48571      5.084669      5.084654
   1.42921      5.136114      5.136099
   1.37270      5.202669      5.202631
   1.31620      5.278051      5.278041
   1.25970      5.216913      5.216900
   1.20320      5.182467      5.182452
   1.14669      5.182342      5.182375
   1.09019      5.144360      5.144346
   1.03369      5.124170      5.124156
   0.97719      5.150834      5.150861
   0.92069      5.201005      5.200956
   0.86418      5.234695      5.230315
   0.86418      5.222013      5.220461
   0.83188      5.213985      5.213328
   0.79958      5.211703      5.195881
   0.76727      5.170653      5.170022
   0.73497      5.144462      5.144212
   0.73497      5.075117      5.075104
   0.67843      5.059065      5.059048
   0.62190      5.091522      5.091505
   0.56536      5.142943      5.142926
   0.50883      5.209283      5.209267
   0.45229      5.283926      5.283916
   0.39575      5.221252      5.221240
   0.33922      5.177720      5.177718
   0.28268      5.178853      5.178848
   0.22614      5.142598      5.142589
   0.16961      5.124993      5.124973
   0.11307      5.146801      5.147646
   0.05654      5.197481      5.195022
   0.00000      5.226249      5.234838
 
# Band-Index   91
   0.00000      5.243966      5.247544
   0.05654      5.525022      5.539575
   0.11307      5.337162      5.336189
   0.16961      5.219011      5.219002
   0.22614      5.297749      5.297805
   0.28268      5.325418      5.325411
   0.33922      5.375692      5.375682
   0.39575      5.352586      5.352573
   0.45229      5.363535      5.363522
   0.50883      5.414388      5.414376
   0.56536      5.389744      5.389733
   0.62190      5.316616      5.316607
   0.67843      5.206335      5.206325
   0.73497      5.075560      5.075552
   0.73497      5.286760      5.286618
   0.76727      5.242173      5.242169
   0.79958      5.232545      5.231564
   0.83188      5.233521      5.233794
   0.86418      5.236212      5.235346
   0.86418      5.266687      5.277064
   0.92069      5.525118      5.540481
   0.97719      5.336124      5.335855
   1.03369      5.215810      5.214931
   1.09019      5.292942      5.293089
   1.14669      5.321598      5.321459
   1.20320      5.375966      5.375955
   1.25970      5.348427      5.348416
   1.31620      5.358928      5.358916
   1.37270      5.411103      5.411102
   1.42921      5.388268      5.388259
   1.48571      5.316765      5.316756
   1.54221      5.207754      5.207745
   1.59871      5.080446      5.080434
   1.59871      5.556824      5.556815
   1.65611      5.497599      5.497589
   1.71352      5.447673      5.447665
   1.77092      5.406052      5.406042
   1.82832      5.371068      5.371058
   1.88572      5.339784      5.339772
   1.94313      5.301081      5.301067
   2.00053      5.283295      5.283280
   2.05793      5.324538      5.324532
   2.11534      5.266158      5.266150
   2.17274      5.208927      5.208909
   2.23014      5.366759      5.366271
   2.28754      5.544381      5.537016
   2.34495      5.280781      5.236416
   2.34495      5.239595      5.264965
   2.40231      5.508446      5.507175
   2.45968      5.310249      5.311123
   2.51704      5.225540      5.225645
   2.57441      5.278478      5.278459
   2.63178      5.263261      5.263258
   2.68914      5.358746      5.358732
   2.74651      5.468728      5.468745
   2.80388      5.483562      5.483555
   2.86124      5.511622      5.511615
   2.91861      5.532301      5.532291
   2.97598      5.543907      5.543948
   3.03334      5.550741      5.550735
   3.09071      5.556285      5.556277
   3.09071      5.076074      5.076063
   3.14725      5.205516      5.205506
   3.20379      5.314843      5.314833
   3.26033      5.387171      5.387161
   3.31687      5.411881      5.411923
   3.37341      5.362249      5.362236
   3.42995      5.351615      5.351609
   3.48650      5.376820      5.376807
   3.54304      5.325595      5.325599
   3.59958      5.294689      5.294876
   3.65612      5.216399      5.216373
   3.71266      5.339313      5.400055
   3.76920      5.524407      5.534050
   3.82574      5.243993      5.235801
   3.82574      5.236025      5.238628
   3.88314      5.513625      5.509140
   3.94054      5.311900      5.310766
   3.99795      5.229690      5.229693
   4.05535      5.284430      5.284403
   4.11275      5.266354      5.266346
   4.17015      5.361305      5.361282
   4.22755      5.471336      5.471336
   4.28495      5.485754      5.485731
   4.34235      5.513956      5.513973
   4.39975      5.535121      5.535109
   4.45716      5.547204      5.547192
   4.51456      5.554254      5.554244
   4.57196      5.558645      5.558632
 
# Band-Index   92
   4.57196      5.564346      5.564335
   4.51456      5.570234      5.570207
   4.45716      5.578764      5.578758
   4.39975      5.584097      5.584084
   4.34235      5.580527      5.580514
   4.28495      5.566211      5.566221
   4.22755      5.529887      5.529896
   4.17015      5.472192      5.472244
   4.11275      5.395146      5.393433
   4.05535      5.310446      5.310421
   3.99795      5.420672      5.420685
   3.94054      5.579023      5.572204
   3.88314      5.573313      5.580586
   3.82574      5.619871      5.618274
   3.82574      5.617710      5.619993
   3.76920      5.572997      5.564146
   3.71266      5.526764      5.568434
   3.65612      5.450041      5.450020
   3.59958      5.344746      5.344708
   3.54304      5.365390      5.365322
   3.48650      5.414149      5.413656
   3.42995      5.531756      5.531752
   3.37341      5.562132      5.562152
   3.31687      5.599334      5.599336
   3.26033      5.630873      5.630874
   3.20379      5.652132      5.652132
   3.14725      5.681300      5.681297
   3.09071      5.724200      5.724201
   3.09071      5.558177      5.558159
   3.03334      5.565350      5.565338
   2.97598      5.574169      5.574159
   2.91861      5.579879      5.579867
   2.86124      5.577033      5.577021
   2.80388      5.563321      5.564902
   2.74651      5.525994      5.526006
   2.68914      5.467526      5.467583
   2.63178      5.387919      5.387823
   2.57441      5.305186      5.305175
   2.51704      5.415931      5.417219
   2.45968      5.596116      5.570024
   2.40231      5.568705      5.590604
   2.34495      5.619927      5.620275
   2.34495      5.619779      5.617187
   2.28754      5.563030      5.555654
   2.23014      5.484057      5.499181
   2.17274      5.405738      5.404075
   2.11534      5.363214      5.363211
   2.05793      5.341564      5.341786
   2.00053      5.390998      5.390995
   1.94313      5.451999      5.452000
   1.88572      5.590631      5.590633
   1.82832      5.733145      5.733147
   1.77092      5.769385      5.769382
   1.71352      5.705964      5.706094
   1.65611      5.629806      5.629664
   1.59871      5.559579      5.559565
   1.59871      5.720120      5.720118
   1.54221      5.676083      5.676080
   1.48571      5.646929      5.646927
   1.42921      5.626276      5.626274
   1.37270      5.596518      5.596519
   1.31620      5.561802      5.561802
   1.25970      5.531974      5.531971
   1.20320      5.411635      5.411974
   1.14669      5.366615      5.366451
   1.09019      5.337810      5.337789
   1.03369      5.444119      5.443510
   0.97719      5.554364      5.539154
   0.92069      5.554237      5.582606
   0.86418      5.618749      5.621059
   0.86418      5.618433      5.620256
   0.83188      5.580400      5.574928
   0.79958      5.530361      5.526125
   0.76727      5.391371      5.391491
   0.73497      5.296028      5.296027
   0.73497      5.723889      5.723885
   0.67843      5.680792      5.680783
   0.62190      5.650593      5.650592
   0.56536      5.628674      5.628674
   0.50883      5.597637      5.597636
   0.45229      5.562375      5.562374
   0.39575      5.533504      5.533537
   0.33922      5.413525      5.413531
   0.28268      5.362965      5.362956
   0.22614      5.344857      5.344832
   0.16961      5.450040      5.450104
   0.11307      5.527431      5.524336
   0.05654      5.556625      5.562147
   0.00000      5.618721      5.621102
 
# Band-Index   93
   0.00000      5.627646      5.636704
   0.05654      5.609951      5.617969
   0.11307      5.681698      5.623181
   0.16961      5.450428      5.454456
   0.22614      5.392027      5.392021
   0.28268      5.391539      5.391518
   0.33922      5.478948      5.478941
   0.39575      5.589928      5.589917
   0.45229      5.772834      5.772833
   0.50883      5.889592      5.889572
   0.56536      5.905993      5.905974
   0.62190      5.856526      5.856517
   0.67843      5.789310      5.789305
   0.73497      5.731353      5.731361
   0.73497      5.513383      5.509702
   0.76727      5.516944      5.518682
   0.79958      5.558089      5.555453
   0.83188      5.620210      5.617664
   0.86418      5.623428      5.625528
   0.86418      5.634374      5.622447
   0.92069      5.625175      5.628260
   0.97719      5.586011      5.607137
   1.03369      5.463330      5.465872
   1.09019      5.395965      5.395954
   1.14669      5.387180      5.387171
   1.20320      5.475951      5.475994
   1.25970      5.587759      5.587756
   1.31620      5.768921      5.769864
   1.37270      5.883243      5.882849
   1.42921      5.897974      5.897909
   1.48571      5.848962      5.849036
   1.54221      5.782624      5.782620
   1.59871      5.723716      5.723709
   1.59871      5.914306      5.914308
   1.65611      5.908820      5.908821
   1.71352      5.886594      5.886610
   1.77092      5.832851      5.832853
   1.82832      5.785990      5.785986
   1.88572      5.724651      5.724508
   1.94313      5.595992      5.595981
   2.00053      5.462984      5.462982
   2.05793      5.401290      5.401278
   2.11534      5.407766      5.407746
   2.17274      5.479710      5.480078
   2.23014      5.607303      5.612364
   2.28754      5.594626      5.584779
   2.34495      5.626048      5.620230
   2.34495      5.629784      5.636243
   2.40231      5.643632      5.629931
   2.45968      5.626865      5.585044
   2.51704      5.500291      5.578060
   2.57441      5.444815      5.444811
   2.63178      5.478646      5.478631
   2.68914      5.505394      5.505333
   2.74651      5.529908      5.529902
   2.80388      5.695848      5.695844
   2.86124      5.817295      5.817291
   2.91861      5.880707      5.880706
   2.97598      5.903708      5.903707
   3.03334      5.908109      5.908108
   3.09071      5.908021      5.908021
   3.09071      5.730057      5.730055
   3.14725      5.787958      5.787958
   3.20379      5.854502      5.854512
   3.26033      5.903497      5.903525
   3.31687      5.887418      5.887429
   3.37341      5.771832      5.771698
   3.42995      5.589614      5.589594
   3.48650      5.476514      5.476515
   3.54304      5.388591      5.388584
   3.59958      5.394586      5.394569
   3.65612      5.453878      5.453104
   3.71266      5.592922      5.666105
   3.76920      5.617802      5.609053
   3.82574      5.634073      5.627042
   3.82574      5.622764      5.623470
   3.88314      5.633253      5.639838
   3.94054      5.657800      5.625813
   3.99795      5.495889      5.496414
   4.05535      5.439815      5.439774
   4.11275      5.473167      5.473098
   4.17015      5.506347      5.506342
   4.22755      5.533598      5.533588
   4.28495      5.701406      5.701440
   4.34235      5.823950      5.823954
   4.39975      5.887468      5.887466
   4.45716      5.909980      5.910138
   4.51456      5.913837      5.913836
   4.57196      5.913544      5.913543
 
# Band-Index   94
   4.57196      6.543530      6.542808
   4.51456      6.547980      6.539170
   4.45716      6.544307      6.564566
   4.39975      6.554277      6.541633
   4.34235      6.468111      6.468680
   4.28495      6.269198      6.280206
   4.22755      5.969565      5.985656
   4.17015      5.719108      5.725324
   4.11275      5.715323      5.691716
   4.05535      5.883170      5.819931
   3.99795      5.857688      5.852758
   3.94054      5.725658      5.719427
   3.88314      5.660990      5.653992
   3.82574      5.646631      5.637319
   3.82574      5.671738      5.669305
   3.76920      5.646271      5.666137
   3.71266      5.746612      5.753009
   3.65612      5.875225      5.858448
   3.59958      5.946484      5.924879
   3.54304      5.818096      5.818104
   3.48650      5.805314      5.803231
   3.42995      5.955921      5.953978
   3.37341      6.246725      6.221408
   3.31687      6.478559      6.470279
   3.26033      6.483537      6.489103
   3.20379      6.520821      6.521408
   3.14725      6.564217      6.564745
   3.09071      6.603844      6.604099
   3.09071      6.547508      6.549827
   3.03334      6.552076      6.547513
   2.97598      6.545655      6.563234
   2.91861      6.545627      6.539551
   2.86124      6.479864      6.482785
   2.80388      6.273935      6.265218
   2.74651      5.972740      5.982597
   2.68914      5.740946      5.718291
   2.63178      5.683823      5.683747
   2.57441      5.821649      5.833476
   2.51704      5.864133      5.888619
   2.45968      5.753951      5.735170
   2.40231      5.667923      5.668438
   2.34495      5.687753      5.651866
   2.34495      5.659115      5.639424
   2.28754      5.609003      5.628446
   2.23014      5.685554      5.683182
   2.17274      5.930391      5.851630
   2.11534      6.026738      6.006938
   2.05793      5.986699      5.997948
   2.00053      5.986776      5.984211
   1.94313      6.089877      6.105570
   1.88572      6.308388      6.301020
   1.82832      6.396544      6.409304
   1.77092      6.378746      6.385969
   1.71352      6.401603      6.402755
   1.65611      6.469373      6.464005
   1.59871      6.540911      6.540897
   1.59871      6.609490      6.609115
   1.54221      6.574427      6.572956
   1.48571      6.530649      6.555212
   1.42921      6.523976      6.494825
   1.37270      6.489155      6.481304
   1.31620      6.226082      6.241822
   1.25970      5.954416      5.952797
   1.20320      5.799319      5.799353
   1.14669      5.815479      5.831431
   1.09019      5.904406      5.921009
   1.03369      5.913070      5.873247
   0.97719      5.709222      5.726387
   0.92069      5.652060      5.691600
   0.86418      5.678541      5.649878
   0.86418      5.635027      5.634967
   0.83188      5.678504      5.671960
   0.79958      5.656851      5.649134
   0.76727      5.526306      5.539524
   0.73497      5.529662      5.514705
   0.73497      6.607164      6.604506
   0.67843      6.562907      6.563453
   0.62190      6.514670      6.512867
   0.56536      6.472028      6.471434
   0.50883      6.465753      6.466391
   0.45229      6.228259      6.251854
   0.39575      5.972462      5.953327
   0.33922      5.803886      5.803854
   0.28268      5.819047      5.834463
   0.22614      5.940576      5.950491
   0.16961      5.832220      5.822132
   0.11307      5.728580      5.697457
   0.05654      5.651932      5.646540
   0.00000      5.694552      5.659254
 
# Band-Index   95
   0.00000      5.740206      5.735481
   0.05654      5.748516      5.738224
   0.11307      5.818652      5.887361
   0.16961      5.989288      5.968240
   0.22614      6.066642      6.027876
   0.28268      6.131466      6.100848
   0.33922      6.313490      6.261659
   0.39575      6.460376      6.470727
   0.45229      6.550414      6.619535
   0.50883      6.514763      6.552733
   0.56536      6.723690      6.730872
   0.62190      6.693213      6.692516
   0.67843      6.657158      6.659755
   0.73497      6.641634      6.639555
   0.73497      5.802239      5.789105
   0.76727      5.782798      5.799656
   0.79958      5.755629      5.749613
   0.83188      5.699601      5.718178
   0.86418      5.726685      5.749593
   0.86418      5.711890      5.751754
   0.92069      5.717858      5.762715
   0.97719      5.883792      5.846883
   1.03369      5.977828      5.949328
   1.09019      6.081576      6.080053
   1.14669      6.117715      6.120323
   1.20320      6.239114      6.277674
   1.25970      6.425737      6.422350
   1.31620      6.550993      6.594710
   1.37270      6.654603      6.540803
   1.42921      6.722240      6.742679
   1.48571      6.712094      6.700409
   1.54221      6.663240      6.663837
   1.59871      6.632105      6.623344
   1.59871      6.551373      6.549384
   1.65611      6.704161      6.715461
   1.71352      6.765454      6.903337
   1.77092      6.761261      6.802110
   1.82832      6.574411      6.591563
   1.88572      6.494881      6.467224
   1.94313      6.330413      6.333430
   2.00053      6.118353      6.148739
   2.05793      6.060621      6.077182
   2.11534      6.078489      6.038653
   2.17274      6.034597      6.078410
   2.23014      5.918310      5.890557
   2.28754      5.732460      5.766863
   2.34495      5.754263      5.706666
   2.34495      5.748335      5.701676
   2.40231      5.688892      5.757497
   2.45968      5.859240      5.804611
   2.51704      5.919015      6.063300
   2.57441      6.039357      6.035845
   2.63178      6.137348      6.130974
   2.68914      6.276846      6.258082
   2.74651      6.345561      6.359783
   2.80388      6.444074      6.565381
   2.86124      6.558885      6.556112
   2.91861      6.606853      6.610607
   2.97598      6.605210      6.621125
   3.03334      6.574941      6.581422
   3.09071      6.564755      6.568308
   3.09071      6.620535      6.615902
   3.14725      6.649695      6.652679
   3.20379      6.737587      6.699102
   3.26033      6.745864      6.715793
   3.31687      6.526005      6.529337
   3.37341      6.623936      6.582860
   3.42995      6.472804      6.458892
   3.48650      6.248717      6.234273
   3.54304      6.107344      6.115741
   3.59958      6.024766      6.039446
   3.65612      5.960156      5.995339
   3.71266      5.877102      5.880557
   3.76920      5.729193      5.771692
   3.82574      5.729746      5.718161
   3.82574      5.770144      5.676006
   3.88314      5.691863      5.719078
   3.94054      5.784253      5.842827
   3.99795      5.927621      5.904874
   4.05535      6.083030      6.025963
   4.11275      6.190574      6.139597
   4.17015      6.250287      6.296914
   4.22755      6.356211      6.351464
   4.28495      6.443220      6.465181
   4.34235      6.555362      6.555842
   4.39975      6.604085      6.600272
   4.45716      6.592483      6.664607
   4.51456      6.598699      6.569519
   4.57196      6.554865      6.556240
 
# Band-Index   96
   4.57196      6.936133      6.935864
   4.51456      6.946429      6.935303
   4.45716      6.986980      6.941413
   4.39975      6.885513      6.834499
   4.34235      6.971529      6.794341
   4.28495      6.650203      6.719563
   4.22755      6.460874      6.738999
   4.17015      6.380165      6.502247
   4.11275      6.319076      6.281035
   4.05535      6.177365      6.096764
   3.99795      6.149064      6.096749
   3.94054      5.927225      5.989403
   3.88314      5.804459      5.793550
   3.82574      5.801261      5.778497
   3.82574      5.789350      5.792700
   3.76920      5.845720      5.864729
   3.71266      5.984599      6.020297
   3.65612      6.071917      6.150267
   3.59958      6.104815      6.124737
   3.54304      6.259806      6.242213
   3.48650      6.512483      6.504874
   3.42995      6.550407      6.661294
   3.37341      6.794788      6.769602
   3.31687      6.770574      6.840347
   3.26033      6.836631      6.770397
   3.20379      7.012848      6.988144
   3.14725      7.040721      7.031475
   3.09071      7.097941      7.081988
   3.09071      6.953424      6.952021
   3.03334      6.938876      6.937477
   2.97598      6.973559      6.914020
   2.91861      7.006780      6.859089
   2.86124      6.801079      6.775618
   2.80388      6.852639      6.873351
   2.74651      6.451625      6.590546
   2.68914      6.442327      6.530127
   2.63178      6.227398      6.255963
   2.57441      6.152214      6.089734
   2.51704      6.033542      6.248739
   2.45968      5.970873      5.934508
   2.40231      5.791435      5.805099
   2.34495      5.792836      5.791047
   2.34495      5.787739      5.796099
   2.28754      5.833830      5.823095
   2.23014      5.982142      5.978770
   2.17274      6.125892      6.142942
   2.11534      6.113679      6.115749
   2.05793      6.292176      6.186178
   2.00053      6.262965      6.280451
   1.94313      6.642090      6.521222
   1.88572      6.827069      6.821520
   1.82832      7.008895      6.997233
   1.77092      7.077312      6.938833
   1.71352      6.956604      6.960428
   1.65611      6.949511      6.957600
   1.59871      6.935449      6.933221
   1.59871      7.109828      7.132375
   1.54221      7.092053      7.040685
   1.48571      6.984853      7.167093
   1.42921      6.895324      6.788819
   1.37270      6.971793      6.729618
   1.31620      6.688047      6.656294
   1.25970      6.463375      6.519205
   1.20320      6.289304      6.430368
   1.14669      6.252769      6.257486
   1.09019      6.149096      6.180111
   1.03369      6.100503      6.105624
   0.97719      5.976211      5.930068
   0.92069      5.843306      5.829616
   0.86418      5.801968      5.795597
   0.86418      5.814480      5.785902
   0.83188      5.765704      5.815381
   0.79958      5.918823      5.790008
   0.76727      5.993945      5.905735
   0.73497      5.860387      5.814225
   0.73497      7.083491      7.262519
   0.67843      7.099286      7.034141
   0.62190      6.955698      7.021785
   0.56536      6.835684      6.819879
   0.50883      6.739163      6.801513
   0.45229      6.696382      6.789122
   0.39575      6.644657      6.610141
   0.33922      6.342643      6.445772
   0.28268      6.253244      6.280259
   0.22614      6.156318      6.099325
   0.16961      6.095249      6.142856
   0.11307      6.017002      5.962514
   0.05654      5.810063      5.897640
   0.00000      5.780214      5.818470
