20   
120  

1    
  0.0099996640745650  -0.0000000182080288  -0.0000819658192390
  -0.0549135700   -0.0137849400   -0.0050828700
  -0.0049438900    0.0038565000    0.0024361700
   0.0007453100    0.0041019900    0.0071041700
   0.0060965600   -0.0011962900   -0.0014877800
   0.0081838400    0.0104819700    0.0055503300
   0.0069371100   -0.0023297100    0.0019589200
  -0.0001358800   -0.0012186400   -0.0010419000
   0.0096031000   -0.0003924700   -0.0063678100
   0.0135839500    0.0025233300   -0.0147625000
  -0.0038981300    0.0009338600    0.0025452500
  -0.0084599000   -0.0012366300    0.0017096900
   0.0124260300   -0.0082530400    0.0039214400
  -0.0031929800    0.0022387500    0.0034557100
   0.0022187600    0.0022503000   -0.0024603200
   0.0051680100    0.0001025000   -0.0033043600
   0.0000861000   -0.0032424600    0.0017088300
   0.0043616200    0.0015798600    0.0001026900
   0.0016153700    0.0009971700    0.0042854800
   0.0006073100    0.0008254200    0.0039181200
   0.0039112800    0.0017625200   -0.0041892700

1    
 -0.0099996640745650   0.0000000182080288   0.0000819658192390
   0.0348797800   -0.0270791700   -0.0343777000
  -0.0049835200    0.0038809500    0.0040432200
  -0.0085634000   -0.0086113300   -0.0013625800
   0.0062892300   -0.0010744200   -0.0002588700
  -0.0029199800   -0.0033129000   -0.0004171000
  -0.0100211000    0.0094875500   -0.0040778600
  -0.0021465100   -0.0007786700    0.0003986100
  -0.0048755100   -0.0027222500    0.0126631800
   0.0020384700    0.0066990700    0.0134708900
  -0.0018931200    0.0005039500    0.0035413700
  -0.0063906800   -0.0020552500    0.0034371000
   0.0018636800    0.0156601900   -0.0070531700
  -0.0040866200    0.0019615100    0.0050577000
   0.0077079300    0.0019030200   -0.0015744400
   0.0054245000    0.0000251800   -0.0017012300
  -0.0079009300    0.0024011500    0.0068454600
  -0.0033586000    0.0015997300   -0.0080907500
   0.0006637800    0.0008739200    0.0052301100
   0.0006154400    0.0019710600    0.0059429100
  -0.0023428200   -0.0013332700   -0.0017168400

1    
 -0.0000000198189388   0.0099999999990878  -0.0000001336070276
  -0.0144416300   -0.0839080200   -0.0323766500
  -0.0042635800    0.0055839200    0.0036452400
   0.0031900200    0.0018661400    0.0079001300
   0.0068887100    0.0005323400   -0.0002622000
   0.0098316200    0.0098413900    0.0068738600
  -0.0072313200    0.0069728500   -0.0037632000
  -0.0007317400    0.0017646000    0.0000540800
   0.0039167800   -0.0043911500    0.0024389400
   0.0068269900    0.0013136600    0.0027553500
  -0.0021470100    0.0094960000    0.0039004400
  -0.0070069600   -0.0001720400    0.0030722300
  -0.0045375600    0.0151844100   -0.0079784500
  -0.0026588400    0.0011065700    0.0043809500
   0.0056076700    0.0072502800   -0.0018362800
   0.0061002700    0.0015496000   -0.0016493800
  -0.0059771600    0.0103202300    0.0095279400
   0.0014040500    0.0066496600   -0.0037358200
   0.0021905600   -0.0003193300    0.0048378900
   0.0011174900    0.0033426200    0.0051658000
   0.0019216600    0.0060162900   -0.0029508600

1    
  0.0000000198189388  -0.0099999999990878   0.0000001336070276
  -0.0186315800    0.0786919500    0.0217819600
  -0.0048380800    0.0001934700    0.0011461300
  -0.0099347300   -0.0082658100   -0.0037509200
   0.0063233200   -0.0048059500   -0.0029841700
  -0.0038459000   -0.0047122200   -0.0033624600
   0.0048001900   -0.0017159800    0.0000175200
  -0.0007351700   -0.0057470800   -0.0022841600
   0.0016163400   -0.0007045600    0.0023066000
   0.0093180400    0.0060146600   -0.0051915600
  -0.0029165400   -0.0098986700    0.0007361200
  -0.0070947300   -0.0050901700    0.0003607800
   0.0199771300   -0.0100241100    0.0031892300
  -0.0037683500    0.0010629100    0.0026384400
   0.0044516200   -0.0051409400   -0.0038476600
   0.0052828400   -0.0033150700   -0.0049742300
  -0.0023759100   -0.0105740600   -0.0009902800
   0.0004882600   -0.0055249500   -0.0066480800
   0.0009078800    0.0002372800    0.0030804700
   0.0009288200   -0.0025361700    0.0031211400
   0.0000465400   -0.0081445500   -0.0043448800

1    
 -0.0000328598155825  -0.0000001328167438   0.0099999460105982
  -0.0165252700   -0.0158387300   -0.1038340800
  -0.0045016200    0.0033995300    0.0047757500
   0.0015020100    0.0016966200    0.0046894900
   0.0067166800   -0.0017792400    0.0020579900
   0.0067862200    0.0071417800    0.0034291500
   0.0023895100    0.0002160300   -0.0007361700
  -0.0008695400   -0.0014181900    0.0019663000
  -0.0060386900   -0.0031628100    0.0127392200
  -0.0050188000    0.0067704400    0.0146282900
  -0.0020060600    0.0000928600    0.0030046500
  -0.0073346000   -0.0028778000    0.0093201000
   0.0143140100   -0.0033629500   -0.0001694100
  -0.0030278700    0.0024806500    0.0062366400
   0.0049446800    0.0014645500    0.0037429600
   0.0064065500   -0.0005767800   -0.0017409300
  -0.0048052800    0.0047821700    0.0116264900
   0.0041449600    0.0017243700    0.0134391100
   0.0009325800    0.0006921800    0.0070233200
   0.0016859900    0.0013269500    0.0049743200
   0.0003045300   -0.0027716600    0.0028268100

1    
  0.0000328598155825   0.0000001328167438  -0.0099999460105982
   0.0216354800    0.0225263100    0.0253774700
  -0.0065847900    0.0017964900    0.0039171900
  -0.0103115500   -0.0086912700    0.0033744200
   0.0044976600   -0.0030271400   -0.0016295600
  -0.0027039900   -0.0024844600    0.0039230800
  -0.0066893300    0.0043962000    0.0008102800
  -0.0025582200   -0.0031301700   -0.0004006800
   0.0095090300   -0.0025223500   -0.0042655000
   0.0202170000   -0.0004290700   -0.0144451700
  -0.0050280600   -0.0011200000    0.0053784800
  -0.0088328100   -0.0029547700   -0.0022058700
  -0.0010295300    0.0082168900   -0.0008864600
  -0.0053921000   -0.0008559800    0.0045463900
   0.0026691900    0.0001377500   -0.0055968200
   0.0030051000   -0.0018274700   -0.0010838000
  -0.0048356700   -0.0066185800    0.0001033600
  -0.0057395100   -0.0013021000   -0.0222092800
   0.0001740500   -0.0013938200    0.0046825800
  -0.0016280400   -0.0010888500    0.0071362200
  -0.0003738900    0.0003723500   -0.0065263400

2    
  0.0099996640745650  -0.0000000182080288  -0.0000819658192390
   0.0044352400    0.0036656500   -0.0046883600
  -0.0347553400   -0.0263743200    0.0341096800
  -0.0056415500   -0.0022039000    0.0003812100
   0.0092101000   -0.0075330100    0.0014616000
   0.0094828800    0.0096034500    0.0037028900
   0.0023760900   -0.0034823100    0.0000398200
   0.0044187400   -0.0021911600   -0.0118378000
   0.0016931500   -0.0013676200    0.0004243100
   0.0051446700    0.0043183500   -0.0028816500
   0.0012107500    0.0028269400   -0.0128156900
  -0.0037570300    0.0103451500    0.0059862400
   0.0045030000    0.0032042200   -0.0044983900
  -0.0080745500    0.0020072700    0.0018766200
   0.0036941200    0.0017973700   -0.0047532900
   0.0077464800    0.0028426400   -0.0065803400
  -0.0055574900   -0.0004596200    0.0019726000
  -0.0005789400    0.0015529800   -0.0054181800
   0.0034338700    0.0008636800    0.0079100200
   0.0019848200   -0.0005316100    0.0016321500
  -0.0009690100    0.0011158400   -0.0060234300

2    
 -0.0099996640745650   0.0000000182080288   0.0000819658192390
   0.0043921500    0.0036598900   -0.0031872200
   0.0550742600   -0.0136414100    0.0050224200
  -0.0054510700   -0.0022786700    0.0017104000
  -0.0000953300    0.0052267400   -0.0071323200
  -0.0075044500   -0.0022101500   -0.0023518500
  -0.0087030900    0.0103235800   -0.0059192800
  -0.0100395100    0.0001857300    0.0071882900
  -0.0003375700   -0.0017593800    0.0018557200
   0.0071476600    0.0047357500   -0.0018848300
  -0.0103478500   -0.0013598600    0.0154150500
  -0.0143271300   -0.0135047000   -0.0050024400
   0.0065726400    0.0040801200   -0.0027628300
  -0.0026011600    0.0024440000    0.0027265000
   0.0028280900    0.0021600700   -0.0031253100
  -0.0002200400   -0.0028269600   -0.0014220800
  -0.0053257300   -0.0004065000    0.0035441300
  -0.0015435700    0.0016850600   -0.0044693500
  -0.0042823400    0.0008581200   -0.0003005400
  -0.0042646100    0.0026090900    0.0040906600
  -0.0009713400    0.0000194600   -0.0039951100

2    
 -0.0000000198189388   0.0099999999990878  -0.0000001336070276
   0.0036875300    0.0053514100   -0.0043903400
   0.0150627100   -0.0831309300    0.0322118000
  -0.0062660300   -0.0005854100    0.0004961600
  -0.0025676500    0.0029464800   -0.0078820700
   0.0066453100    0.0070721900    0.0033792400
  -0.0103807800    0.0096517700   -0.0072458600
  -0.0043794900   -0.0038505700   -0.0016181100
   0.0002343400    0.0011893900    0.0007600700
   0.0053747300    0.0132717100   -0.0032364700
  -0.0036066900   -0.0025984000   -0.0021090300
   0.0026190800    0.0099017500    0.0068987500
   0.0050936800    0.0051155400   -0.0041253800
  -0.0060143500    0.0074070200    0.0021077800
   0.0022672300    0.0009908400   -0.0040512800
   0.0058216900    0.0107014800   -0.0092351600
  -0.0062895200    0.0010062600    0.0018923100
  -0.0021494700    0.0003326800   -0.0050193500
  -0.0013432800    0.0058880900    0.0035497500
  -0.0022994800    0.0068337600    0.0028565400
  -0.0015095900    0.0025049300   -0.0052393600

2    
  0.0000000198189388  -0.0099999999990878   0.0000001336070276
   0.0042499000    0.0000305800   -0.0017496700
   0.0194968900    0.0786343200   -0.0222385700
  -0.0057168500   -0.0059038700    0.0030981800
   0.0105491900   -0.0071494100    0.0038570700
  -0.0053897400   -0.0015640000   -0.0003833000
   0.0032672200   -0.0048419800    0.0029992500
  -0.0021096000   -0.0001307700   -0.0014806200
   0.0002343400   -0.0062978100    0.0031170000
   0.0061277300   -0.0060421800   -0.0000688900
  -0.0061085900    0.0021867300    0.0058590300
  -0.0219069300   -0.0152970700   -0.0042384300
   0.0051666200    0.0002054300   -0.0014143900
  -0.0048405400   -0.0049854500    0.0041547300
   0.0033427400    0.0009445900   -0.0023213600
   0.0021882500   -0.0100995500    0.0012719100
  -0.0054620100   -0.0037599000    0.0052536400
  -0.0008664300    0.0009590000   -0.0032634200
  -0.0004548400   -0.0062145800    0.0064763900
  -0.0004452500   -0.0073208900    0.0042681400
  -0.0013221000   -0.0033531800   -0.0031966700

2    
 -0.0000328598155825  -0.0000001328167438   0.0099999460105982
   0.0060264200    0.0016109300   -0.0045192800
  -0.0214238200    0.0227315700   -0.0262397700
  -0.0038500200   -0.0041299000    0.0017717700
   0.0109545600   -0.0075820300   -0.0032438000
   0.0061514200    0.0045383400   -0.0011568300
   0.0021573400   -0.0026273200   -0.0042693100
  -0.0099633200   -0.0019661700    0.0051160700
   0.0021001000   -0.0036969900    0.0012620900
   0.0082722400    0.0027238600   -0.0046902000
  -0.0169782100   -0.0042693700    0.0151392600
  -0.0008686000    0.0029237500   -0.0001429200
   0.0069379100    0.0023266800    0.0011774000
  -0.0030442200    0.0002787500    0.0059274200
   0.0050043000   -0.0009859600   -0.0042056500
   0.0046881700   -0.0061548700    0.0001982700
  -0.0031525800   -0.0022910300    0.0013862000
  -0.0000975000   -0.0006896300   -0.0048365400
   0.0058039400   -0.0020080800    0.0220356700
   0.0000095100    0.0011837500    0.0064717700
   0.0012723500   -0.0019162700   -0.0071816400

2    
  0.0000328598155825   0.0000001328167438  -0.0099999460105982
   0.0039250600    0.0032200200   -0.0054823500
   0.0171370700   -0.0160013800    0.1031604100
  -0.0060950000   -0.0028504800   -0.0018107100
  -0.0008807000    0.0028289300   -0.0046357500
  -0.0029829600    0.0003552200    0.0003778100
  -0.0073326300    0.0069987400   -0.0037692400
   0.0055756700   -0.0025631800   -0.0118933600
   0.0003673800   -0.0019348800   -0.0011227200
   0.0052306000    0.0039213200   -0.0023195600
   0.0082474400    0.0029119600   -0.0139560700
  -0.0162333900   -0.0086000600   -0.0008782200
   0.0054210400    0.0024574300   -0.0103498600
  -0.0053467600    0.0016850400   -0.0034481500
   0.0026425700    0.0024257700   -0.0058737000
   0.0046519300    0.0051970400   -0.0112954100
  -0.0065929600   -0.0010728700    0.0020067700
  -0.0008891400    0.0013958700   -0.0071773900
  -0.0040884700    0.0010156500   -0.0136108600
  -0.0006817500   -0.0019295300   -0.0029009300
  -0.0020750000    0.0005393700   -0.0050207300

3    
  0.0099996640745650  -0.0000000182080288  -0.0000819658192390
   0.0091541800    0.0075246200    0.0003464700
  -0.0066757000    0.0012675200    0.0007292100
  -0.0346535500    0.0276253700    0.0340451900
   0.0045968300   -0.0036751500   -0.0036090700
   0.0020536500    0.0009090000   -0.0000489600
   0.0040772000    0.0021481200   -0.0125946400
   0.0028283900    0.0034503000    0.0007742000
   0.0092235000   -0.0100501300    0.0041311100
   0.0051225700    0.0025284500   -0.0032721400
   0.0008601500   -0.0137373300    0.0064372700
  -0.0033116200   -0.0062295200   -0.0133048800
   0.0046283100    0.0014089100   -0.0041475400
  -0.0053977900   -0.0004001700    0.0015216700
   0.0074498700   -0.0033282800   -0.0060949200
   0.0041043600   -0.0023329300   -0.0052354800
  -0.0081474700   -0.0028646100    0.0022952300
  -0.0010071900   -0.0014905200   -0.0059863700
   0.0025678300    0.0002960400    0.0014431400
   0.0029687300   -0.0011258400    0.0080679700
  -0.0004422400   -0.0019238500   -0.0054974600

3    
 -0.0099996640745650   0.0000000182080288   0.0000819658192390
  -0.0001584200   -0.0051853100   -0.0082193000
  -0.0064908000    0.0013972700    0.0020626100
   0.0553354100    0.0139563800    0.0046104000
   0.0045460000   -0.0036191900   -0.0020810900
   0.0000125100    0.0013547400    0.0014080500
  -0.0103859500   -0.0001688700    0.0064389500
  -0.0082639900   -0.0103159300   -0.0051790100
  -0.0077708500    0.0017975400   -0.0018891500
   0.0071785000    0.0016971400   -0.0015212200
  -0.0097088700    0.0101567600   -0.0045303000
  -0.0148604400   -0.0019932700    0.0149403900
   0.0066161000    0.0010412300   -0.0031312000
  -0.0051786400   -0.0003996700    0.0031117400
  -0.0005232100    0.0023919600   -0.0009122200
   0.0032359600   -0.0026512700   -0.0035869200
  -0.0027061200   -0.0032536900    0.0031640200
  -0.0010138600   -0.0003418800   -0.0039363200
  -0.0036921400   -0.0027975600    0.0039196900
  -0.0047562700   -0.0010579500   -0.0001429700
  -0.0014149200   -0.0020084300   -0.0045261400

3    
 -0.0000000198189388   0.0099999999990878  -0.0000001336070276
   0.0105078500    0.0072186400    0.0027467400
  -0.0067325200    0.0050463900    0.0034670500
   0.0192694700   -0.0788724800   -0.0223743400
   0.0044300300    0.0000467600   -0.0006687900
   0.0006199400    0.0059173600    0.0026492400
  -0.0024403500    0.0001746900   -0.0022346200
   0.0037308300    0.0048848800    0.0037314800
  -0.0056187300    0.0011903600    0.0000487500
   0.0058050100    0.0056052500   -0.0001768100
  -0.0172681200    0.0119805000   -0.0037880500
  -0.0106084600   -0.0054998300    0.0053758800
   0.0056289700    0.0118577900   -0.0013358300
  -0.0052794500    0.0029784800    0.0048103500
   0.0019079400    0.0096628900    0.0017346900
   0.0037758300   -0.0013998000   -0.0028016900
  -0.0049266900    0.0042137200    0.0045805500
  -0.0013440500    0.0030564900   -0.0031528700
   0.0001533800    0.0071407700    0.0040907600
  -0.0008969400    0.0060430400    0.0066315200
  -0.0007139500   -0.0012458900   -0.0033339900

3    
  0.0000000198189388  -0.0099999999990878   0.0000001336070276
  -0.0025917500   -0.0029215700   -0.0088925700
  -0.0072722100   -0.0003027600    0.0007253800
   0.0145991600    0.0838852300    0.0317394300
   0.0038801500   -0.0053580200   -0.0031688900
   0.0006433100   -0.0015995300    0.0003187000
  -0.0047061000    0.0038564300   -0.0023647900
  -0.0099167500   -0.0096820000   -0.0065104500
   0.0064363500   -0.0075122100    0.0038358700
   0.0057432100    0.0006797800   -0.0028858700
   0.0072647800   -0.0132247500    0.0073752400
  -0.0080986600   -0.0008108000   -0.0025668600
   0.0048834500   -0.0075469400   -0.0044950100
  -0.0060678300   -0.0018910300    0.0014873900
   0.0055302500   -0.0112240300   -0.0087655300
   0.0026902600   -0.0014534600   -0.0045398800
  -0.0060545900   -0.0081884400    0.0025691400
  -0.0015049300   -0.0028299000   -0.0051930800
  -0.0016984000   -0.0070350200    0.0027042600
  -0.0017915200   -0.0061411700    0.0037149200
  -0.0019682000   -0.0006998200   -0.0050873900

3    
 -0.0000328598155825  -0.0000001328167438   0.0099999460105982
   0.0108959900    0.0076313900   -0.0042957600
  -0.0048832500    0.0032590800    0.0019645900
  -0.0213666600   -0.0222494600   -0.0257444100
   0.0061926400   -0.0016020400   -0.0033460700
   0.0024755000    0.0032964700    0.0007580000
  -0.0103220900    0.0019856500    0.0043114300
   0.0025927200    0.0026132800   -0.0035828000
   0.0059040200   -0.0049685300   -0.0007532100
   0.0075594700    0.0034860400    0.0023568100
   0.0037564900   -0.0062403200    0.0002823800
  -0.0214934400    0.0008708900    0.0146323700
   0.0077563700    0.0030106000   -0.0060066800
  -0.0029573100    0.0014216300    0.0009235400
   0.0043576600    0.0056526500    0.0006156200
   0.0053905900    0.0005366000   -0.0047483500
  -0.0030848500   -0.0010451100    0.0063348000
   0.0012531700    0.0016064100   -0.0071910600
   0.0005795400   -0.0013661700    0.0062587100
   0.0053361900    0.0017655800    0.0221915300
   0.0000572500    0.0003353800   -0.0049614600

3    
  0.0000328598155825   0.0000001328167438  -0.0099999460105982
  -0.0009173300   -0.0027736100   -0.0057825300
  -0.0071211400    0.0019826300   -0.0014621800
   0.0170461700    0.0159690400    0.1032876900
   0.0041010400   -0.0031564400   -0.0044207200
   0.0007402700    0.0015493000   -0.0016034700
   0.0052461900    0.0025983000   -0.0126636500
  -0.0068709800   -0.0069664300   -0.0030493600
  -0.0032248600   -0.0007416200    0.0008042800
   0.0060535400    0.0033413700   -0.0091276300
  -0.0116068900    0.0052755800   -0.0004369200
   0.0037329800   -0.0062425100   -0.0144506900
   0.0047260000    0.0018774800   -0.0035893500
  -0.0064193700    0.0002800800    0.0015505600
   0.0043604000   -0.0056410400   -0.0108406900
   0.0030590200   -0.0028879300   -0.0063670800
  -0.0054315600   -0.0024622200   -0.0030356500
  -0.0020983800   -0.0008424800   -0.0049918500
  -0.0000925300    0.0017450400   -0.0030895700
  -0.0045459100   -0.0012046300   -0.0134665700
  -0.0007366600   -0.0016999000   -0.0072646200

4    
  0.0099996640745650  -0.0000000182080288  -0.0000819658192390
   0.0060138900    0.0012937900   -0.0026837400
  -0.0003184800   -0.0049262300    0.0075934200
  -0.0038347300   -0.0046535700    0.0021989000
  -0.0552434300    0.0137266400   -0.0043507900
   0.0099146300    0.0000441300   -0.0068090200
  -0.0004865700    0.0012897600   -0.0017712000
   0.0073783700    0.0024326300    0.0027273000
   0.0078792700   -0.0107987300    0.0060056500
   0.0130246600    0.0140704500    0.0051946500
  -0.0038725700   -0.0020723100    0.0021846800
  -0.0084507400   -0.0041756000    0.0020773800
   0.0130511600    0.0033670600   -0.0160044500
   0.0002094000    0.0025476800    0.0012698200
   0.0048495000   -0.0004631700   -0.0027949300
   0.0025922900   -0.0027223900   -0.0028776100
  -0.0032956400   -0.0030288400    0.0038726900
   0.0038469300   -0.0020345100   -0.0041061000
   0.0011533400   -0.0009720100    0.0037520400
   0.0011167300   -0.0011101900    0.0044502600
   0.0044719900   -0.0018146000    0.0000710600

4    
 -0.0099996640745650   0.0000000182080288   0.0000819658192390
   0.0062046500    0.0012353300   -0.0012499500
  -0.0096305200    0.0078426800   -0.0010819400
  -0.0038730300   -0.0046784100    0.0035796000
   0.0345684100    0.0264105300   -0.0332309700
  -0.0045249900    0.0024398200    0.0122155900
  -0.0025394200    0.0009151600   -0.0003527100
  -0.0096267400   -0.0093908600   -0.0033401100
  -0.0031809500    0.0029887200    0.0000414100
   0.0024512800   -0.0097403200   -0.0058075500
  -0.0017944500   -0.0011542400    0.0039163400
  -0.0064392400   -0.0037866800    0.0030800600
   0.0014839900   -0.0008489100    0.0122216000
  -0.0077388500   -0.0031777300    0.0064554400
   0.0050679600   -0.0004647600   -0.0012649300
   0.0080573400   -0.0022327100   -0.0020660800
  -0.0041541100   -0.0026117800    0.0055218200
  -0.0023995800    0.0011283300   -0.0016754700
   0.0011528100   -0.0020483100    0.0057913200
   0.0001544600   -0.0009939300    0.0054093100
  -0.0032390200   -0.0018319200   -0.0081627800

4    
 -0.0000000198189388   0.0099999999990878  -0.0000001336070276
   0.0062646200    0.0049037700   -0.0040871200
  -0.0109811700    0.0074565600   -0.0034133700
  -0.0037029800   -0.0010207900    0.0007783300
  -0.0194092700   -0.0785800800    0.0229648600
   0.0019671400    0.0003599800    0.0018582100
  -0.0010727100    0.0058221200   -0.0030380200
   0.0052545300    0.0017917500    0.0007606300
  -0.0041112300    0.0043667400   -0.0029152200
   0.0205940300    0.0158674000    0.0044343300
  -0.0024800500    0.0018084000    0.0008249200
  -0.0074447800    0.0066102200    0.0002643600
   0.0087986400   -0.0001735100   -0.0064510700
  -0.0022099400    0.0098266700   -0.0014286000
   0.0049746200    0.0028952100   -0.0045080300
   0.0048353200    0.0047018900   -0.0043069800
  -0.0038380600   -0.0018198200    0.0030618000
   0.0000046400    0.0078991300   -0.0042881000
   0.0014992400    0.0023988800    0.0029543700
   0.0004343600   -0.0003801600    0.0032440900
   0.0006230600    0.0052656400   -0.0067093700

4    
  0.0000000198189388  -0.0099999999990878   0.0000001336070276
   0.0068257900   -0.0003959500   -0.0013605600
   0.0021524000   -0.0026600800    0.0082914700
  -0.0031296700   -0.0063702400    0.0033011300
  -0.0151774500    0.0833734100   -0.0314774200
   0.0042693900    0.0040856000    0.0020017100
  -0.0010836300   -0.0016519900   -0.0006840700
  -0.0067942600   -0.0068682100   -0.0030121800
   0.0095724000   -0.0101537800    0.0073366700
  -0.0039251700   -0.0093053600   -0.0067119300
  -0.0023916900   -0.0030789800    0.0035496600
  -0.0066720900   -0.0127446800    0.0034404900
   0.0063006900    0.0045724600    0.0015143600
  -0.0058168400   -0.0110442600    0.0091136200
   0.0057911100   -0.0019400600   -0.0011764300
   0.0059951600   -0.0076449100   -0.0022897900
  -0.0027319800   -0.0018190500    0.0048246100
   0.0018760200   -0.0062511700   -0.0028891400
   0.0016904600   -0.0034498200    0.0050104500
   0.0017175200    0.0002154300    0.0050121500
   0.0015318200   -0.0068683700   -0.0037948100

4    
 -0.0000328598155825  -0.0000001328167438   0.0099999460105982
   0.0066537700    0.0018659100    0.0008295900
   0.0004455900   -0.0025450500    0.0051627400
  -0.0033755400   -0.0042082400    0.0045047600
  -0.0171806000    0.0160163100   -0.1026325400
  -0.0057061200    0.0027896800    0.0122658100
  -0.0011987600    0.0014626600    0.0012196100
   0.0028509000   -0.0001147800    0.0000129500
   0.0065033400   -0.0074621700    0.0038530600
   0.0149264300    0.0091609900    0.0010789700
  -0.0027292600   -0.0004491200    0.0097671800
  -0.0065398900   -0.0033451100    0.0025106700
  -0.0055561900   -0.0008922800    0.0133915900
  -0.0046730400   -0.0054855500    0.0111574300
   0.0061177200    0.0001976500   -0.0012622600
   0.0053429700   -0.0019477200    0.0032933400
  -0.0031237500   -0.0032803700    0.0066311400
   0.0002402400    0.0025021900    0.0028798700
   0.0022706100   -0.0014954600    0.0047904500
   0.0004743100   -0.0008091500    0.0071706300
   0.0042572600   -0.0019603800    0.0133750000

4    
  0.0000328598155825   0.0000001328167438  -0.0099999460105982
   0.0044159400    0.0031642500   -0.0026307700
  -0.0113661000    0.0079003900    0.0036118300
  -0.0054639100   -0.0026198300    0.0034230800
   0.0211701600   -0.0227367600    0.0269912600
   0.0098636000    0.0022146200   -0.0047321300
  -0.0029424100    0.0032404000   -0.0011748200
  -0.0062879700   -0.0043245900    0.0015271600
  -0.0029578100    0.0021390300    0.0043550100
  -0.0004333800   -0.0023156900    0.0003309200
  -0.0042304900   -0.0002765700   -0.0017469400
  -0.0095669400   -0.0021886900    0.0048970400
   0.0196815300    0.0062547500   -0.0157427400
  -0.0046695100    0.0058217800   -0.0003178900
   0.0026578900    0.0013686200   -0.0006682200
   0.0030260900   -0.0004997600   -0.0061090300
  -0.0054557000    0.0001732800    0.0049827100
  -0.0004195600   -0.0005913600   -0.0065022600
  -0.0010889500    0.0009863200    0.0069548100
  -0.0003300900    0.0012488100    0.0048325100
  -0.0056023800    0.0010409800   -0.0222815200

5    
  0.0099996640745650  -0.0000000182080288  -0.0000819658192390
   0.0106180100    0.0089582600    0.0005632300
   0.0023236300    0.0086909700    0.0054728600
  -0.0037593400   -0.0036345400    0.0014289000
   0.0124775900   -0.0031488300   -0.0105600600
  -0.0612932100    0.0213274000   -0.0014745000
  -0.0079381200    0.0019143400   -0.0009268500
  -0.0082658700   -0.0001071600   -0.0022968300
  -0.0051196200   -0.0035533700    0.0009489000
   0.0251540000   -0.0080822800    0.0053930000
   0.0105962100   -0.0122632400    0.0096912000
  -0.0039501600   -0.0033377800    0.0000206100
   0.0237392800    0.0030127300   -0.0111758300
  -0.0010981700    0.0015424300    0.0023168100
   0.0091131200   -0.0020173900   -0.0057747700
   0.0034649200   -0.0002561900   -0.0076759600
  -0.0044794700   -0.0013400100    0.0043827300
  -0.0012052200   -0.0023995300   -0.0016429100
  -0.0036352000   -0.0059038900    0.0075648400
  -0.0017780700    0.0011124400    0.0036731100
   0.0050356800   -0.0005143800    0.0000715100

5    
 -0.0099996640745650   0.0000000182080288   0.0000819658192390
   0.0000423000   -0.0039127400   -0.0061054700
  -0.0137813800   -0.0034329400   -0.0010990300
  -0.0055016000   -0.0033230300    0.0022539900
  -0.0016023400   -0.0016062500    0.0070951200
   0.0630204800   -0.0169071600    0.0041815700
   0.0033326700    0.0027717800   -0.0030908200
   0.0044476700   -0.0043658900   -0.0002256500
   0.0083681300   -0.0021244400    0.0033111300
  -0.0112069700    0.0150713700   -0.0083000600
  -0.0178139100    0.0111785200   -0.0054257800
  -0.0124518400   -0.0022975400    0.0032031900
  -0.0108686500    0.0019463200    0.0061041500
  -0.0076130600    0.0001096900    0.0043498400
  -0.0010223400    0.0038132500   -0.0000453500
   0.0054723800   -0.0020024500    0.0005537800
  -0.0046001000   -0.0018518300    0.0031703800
   0.0009629900    0.0032232500   -0.0063717300
   0.0043134400    0.0052376900    0.0001377000
   0.0015705600   -0.0007268900    0.0043255000
  -0.0050684200   -0.0008007200   -0.0080224400

5    
 -0.0000000198189388   0.0099999999990878  -0.0000001336070276
   0.0118629700    0.0075147000    0.0010898200
  -0.0003050500    0.0047216700    0.0050751400
  -0.0048353100   -0.0017856500    0.0018870300
   0.0042997200   -0.0063159200   -0.0005921300
   0.0207451100   -0.0578155600   -0.0078399800
  -0.0018025600    0.0245465400   -0.0023537100
   0.0001772700    0.0009525800    0.0005754800
   0.0024509400    0.0009326400    0.0025486800
  -0.0009142500    0.0084500100   -0.0089418600
  -0.0136297200    0.0066279900   -0.0080234900
  -0.0096275600    0.0041099400    0.0018482900
   0.0043516000   -0.0054904500   -0.0020946900
  -0.0049692500    0.0028154800    0.0050319000
   0.0015025400    0.0087132000   -0.0009557100
   0.0042468000    0.0055070100   -0.0022125100
  -0.0054268000   -0.0056897900    0.0046516300
  -0.0035193500   -0.0012865500   -0.0000278500
  -0.0041871800    0.0005307500    0.0087111300
  -0.0006031900   -0.0045004800    0.0045712300
   0.0001832900    0.0074619000   -0.0029483800

5    
  0.0000000198189388  -0.0099999999990878   0.0000001336070276
  -0.0012246300   -0.0025488800   -0.0066667500
  -0.0112743300    0.0006373400   -0.0007474300
  -0.0045293700   -0.0051885800    0.0017257100
   0.0064368500    0.0015656200   -0.0027726900
  -0.0173659500    0.0627964000    0.0115412600
  -0.0029779700   -0.0198723700   -0.0016850700
  -0.0041223700   -0.0054535300   -0.0031529000
   0.0006986200   -0.0066231300    0.0016544200
   0.0148171900   -0.0016968400    0.0060821900
   0.0064534700   -0.0075823400    0.0122781400
  -0.0068694500   -0.0097523700    0.0013254500
   0.0085477400    0.0104300700   -0.0032813200
  -0.0037373000   -0.0014822400    0.0014225700
   0.0063845700   -0.0068769700   -0.0048764900
   0.0047702600   -0.0077946400   -0.0047529600
  -0.0037879400    0.0024653500    0.0028341900
   0.0031303800    0.0022152900   -0.0080506300
   0.0047955700   -0.0013270900   -0.0010494600
   0.0003291800    0.0048903100    0.0033939100
  -0.0004745300   -0.0088014200   -0.0052221300

5    
 -0.0000328598155825  -0.0000001328167438   0.0099999460105982
   0.0086406700    0.0064087400   -0.0036969000
  -0.0024508300    0.0056231400    0.0009415500
  -0.0047875700   -0.0036008000    0.0025968200
  -0.0028550600   -0.0010791500    0.0063205400
  -0.0016253600   -0.0073748100   -0.0623902000
  -0.0012892500    0.0027171900   -0.0059910100
  -0.0028680300   -0.0004961700    0.0148392000
   0.0005619700   -0.0031189800    0.0209871600
   0.0117843000   -0.0026316100   -0.0059388000
   0.0012123600   -0.0094224200   -0.0014860500
  -0.0084398400   -0.0034835300    0.0045355900
  -0.0002353500    0.0035247900    0.0096541100
  -0.0049494500    0.0023520500    0.0098501000
   0.0012248700    0.0033835400    0.0032980200
   0.0004512600   -0.0002110700   -0.0069974100
  -0.0038998900   -0.0004402300    0.0023860700
   0.0010919400    0.0032019600   -0.0012078100
   0.0019637600    0.0032715200    0.0050688400
   0.0005568900    0.0008631700    0.0037699100
   0.0059125900    0.0005126700    0.0034602800

5    
  0.0000328598155825   0.0000001328167438  -0.0099999460105982
   0.0019255100   -0.0014677500   -0.0019627700
  -0.0090571700   -0.0002928100    0.0034925100
  -0.0045679900   -0.0033780900    0.0010540600
   0.0137470200   -0.0036891500   -0.0097931700
   0.0045475400    0.0123817100    0.0656361400
  -0.0034376900    0.0019536800    0.0019299500
  -0.0010991700   -0.0041903200   -0.0174218500
   0.0025945700   -0.0023652500   -0.0167738800
   0.0022311700    0.0093967800    0.0032167400
  -0.0085417800    0.0084822000    0.0055613400
  -0.0080591400   -0.0021615400   -0.0013425200
   0.0129473800    0.0014049300   -0.0149284000
  -0.0039788400   -0.0006375300   -0.0032178900
   0.0068826100   -0.0017748500   -0.0092886800
   0.0085101000   -0.0020999400   -0.0002223600
  -0.0052982000   -0.0027785000    0.0051480600
  -0.0015216200   -0.0024633900   -0.0068574000
  -0.0013483800   -0.0039927800    0.0026391300
  -0.0008647400   -0.0005020300    0.0041699100
  -0.0056111900   -0.0018253800   -0.0110389400

6    
  0.0099996640745650  -0.0000000182080288  -0.0000819658192390
   0.0132655000   -0.0036010200    0.0004965200
  -0.0005569700   -0.0037364700    0.0055082300
   0.0022900200   -0.0027194700   -0.0069920200
   0.0061866700   -0.0022130500   -0.0021285200
  -0.0038455200    0.0029079600    0.0027309700
  -0.0635453500   -0.0170496100   -0.0045324100
  -0.0087790900   -0.0015611500   -0.0024708600
  -0.0048721400   -0.0049273400    0.0010681400
   0.0210939700    0.0150244800    0.0061020300
   0.0144959200    0.0112331100    0.0089783500
   0.0090205600   -0.0033428100   -0.0071558900
   0.0105917300    0.0029901100   -0.0042511500
   0.0006758100    0.0039459600    0.0003679700
   0.0072614800   -0.0000253100   -0.0040257100
   0.0044893700   -0.0013984600   -0.0028783300
  -0.0055769600   -0.0024581600   -0.0002663500
  -0.0041939200    0.0059445900   -0.0003135200
  -0.0008541000    0.0025191300    0.0061997700
   0.0047395500    0.0000217200    0.0079544800
  -0.0018865300   -0.0015542300   -0.0043917100

6    
 -0.0099996640745650   0.0000000182080288   0.0000819658192390
  -0.0028362100    0.0085067100   -0.0060709300
  -0.0111366100    0.0091490600   -0.0012089900
  -0.0118066000   -0.0042484800    0.0106673400
   0.0044393200   -0.0025337700   -0.0012658200
   0.0074304300    0.0020592200    0.0005550200
   0.0608344800    0.0211608000    0.0011295400
   0.0046977600   -0.0029936100   -0.0000978500
   0.0078465600   -0.0006705300    0.0031255400
  -0.0073123100   -0.0084217600   -0.0090170400
  -0.0218856800   -0.0119281500   -0.0047177800
  -0.0256101000   -0.0022730500    0.0101348200
   0.0020979700    0.0019505900   -0.0010665500
  -0.0094689200   -0.0018781400    0.0060965000
   0.0007553700    0.0014073800   -0.0019973500
   0.0043762400   -0.0008806300   -0.0040930700
  -0.0035824100   -0.0007072700    0.0079715900
   0.0037399600   -0.0052012100   -0.0077424600
   0.0013227500   -0.0031022900    0.0014702600
  -0.0053495300    0.0003139200   -0.0001318600
   0.0014475000    0.0002912200   -0.0037409100

6    
 -0.0000000198189388   0.0099999999990878  -0.0000001336070276
  -0.0002028500    0.0045417400   -0.0056850000
  -0.0123820900    0.0076964100   -0.0016867000
  -0.0036154100   -0.0074191800    0.0007276200
   0.0055176000   -0.0006747000   -0.0017779600
   0.0012961600    0.0246860900    0.0019946400
  -0.0212608500   -0.0579688800    0.0074723600
  -0.0028672000    0.0014945000   -0.0017022300
  -0.0005957800    0.0003908600    0.0002621100
   0.0169095900    0.0104701000    0.0087010500
   0.0042011400    0.0046072200    0.0096182400
  -0.0062086700   -0.0107785400    0.0010485200
   0.0077668200    0.0093952600   -0.0028976900
  -0.0018494200    0.0088490900    0.0012781800
   0.0046179800    0.0026837000   -0.0047100700
   0.0053157600   -0.0052331900   -0.0043611400
  -0.0043515500    0.0050524700    0.0025025400
   0.0043024700    0.0012371200   -0.0088852300
   0.0036301200   -0.0019909100   -0.0001471000
  -0.0005078800    0.0082865400    0.0028844000
   0.0002840600   -0.0053257000   -0.0046365500

6    
  0.0000000198189388  -0.0099999999990878   0.0000001336070276
   0.0107542500    0.0004554400    0.0001197000
   0.0007185300   -0.0023738800    0.0060611200
  -0.0057554900    0.0004585800    0.0029101600
   0.0052100500   -0.0040857800   -0.0016013700
   0.0024747100   -0.0197353500    0.0013401100
   0.0168501000    0.0626663600   -0.0119106500
  -0.0011220300   -0.0060603400   -0.0008339000
   0.0037086200   -0.0060118100    0.0040105400
  -0.0031823000   -0.0037401900   -0.0116046000
  -0.0115304100   -0.0055418800   -0.0054037900
  -0.0103950800    0.0051441200    0.0022369100
   0.0050042300   -0.0044577400   -0.0023729800
  -0.0067237900   -0.0067379100    0.0051962100
   0.0033825100   -0.0016170500   -0.0010973700
   0.0036747700    0.0029159200   -0.0025399500
  -0.0048719100   -0.0082535000    0.0050433700
  -0.0046752300   -0.0006228400    0.0008783100
  -0.0030234500    0.0015113300    0.0078723200
   0.0001468800   -0.0079777600    0.0051508100
  -0.0006449700    0.0040642600   -0.0034549300

6    
 -0.0000328598155825  -0.0000001328167438   0.0099999460105982
   0.0085452200   -0.0004682900   -0.0040875700
  -0.0024382400   -0.0012800000    0.0013120100
  -0.0130726800   -0.0048003400    0.0098919300
   0.0052516700   -0.0022833900   -0.0008736500
   0.0029274100    0.0020942400   -0.0023015100
  -0.0050465900    0.0122469700   -0.0660097600
  -0.0030106600   -0.0018006200    0.0176281600
   0.0006780300   -0.0047586000    0.0182519800
   0.0118289200    0.0123281500   -0.0048828900
   0.0010450800    0.0055523700   -0.0025412100
  -0.0148111600   -0.0038823100    0.0138860500
   0.0062097000    0.0031248600    0.0002990600
  -0.0072326900   -0.0016413500    0.0096140600
   0.0036361600   -0.0007762900    0.0035399800
   0.0051942700   -0.0023192200   -0.0048569200
  -0.0086246700   -0.0025512100    0.0005176300
   0.0014547200   -0.0032904600   -0.0028153800
   0.0016382500   -0.0031672100    0.0066894700
   0.0052894300   -0.0010008200    0.0109751600
   0.0005378300   -0.0013264700   -0.0042366000

6    
  0.0000328598155825   0.0000001328167438  -0.0099999460105982
   0.0019369000    0.0054523800   -0.0015159900
  -0.0091583700    0.0065906900    0.0030981400
   0.0035421000   -0.0021934300   -0.0062299400
   0.0054712500   -0.0024915000   -0.0024679500
   0.0007804500    0.0028551300    0.0056292000
   0.0011010600   -0.0075109200    0.0620376500
  -0.0009779200   -0.0025610600   -0.0201454000
   0.0024492200   -0.0010524400   -0.0140013100
   0.0020656600   -0.0055822000    0.0021587900
  -0.0085019900   -0.0064741700    0.0066171900
  -0.0016173600   -0.0017652100   -0.0107049800
   0.0065800100    0.0018044700   -0.0055852000
  -0.0015721900    0.0035162100   -0.0029771100
   0.0045979000    0.0022153700   -0.0095294600
   0.0037901700    0.0000146400   -0.0020960900
  -0.0005540600   -0.0006657000    0.0072874900
  -0.0018461900    0.0039771800   -0.0052456100
  -0.0009796600    0.0024979800    0.0010309600
  -0.0062319800    0.0013363500   -0.0035235100
  -0.0008750100    0.0000362300   -0.0038368600

7    
  0.0099996640745650  -0.0000000182080288  -0.0000819658192390
   0.0060754000    0.0023237800   -0.0032177600
   0.0011962300    0.0018952900   -0.0066314700
   0.0005348400    0.0029126600    0.0051333100
   0.0133734200    0.0037059000    0.0016086800
  -0.0045564900    0.0045814900    0.0006129500
  -0.0091849000    0.0016385800   -0.0032172900
  -0.0631448900    0.0171129400   -0.0037691200
  -0.0041428000   -0.0032542000    0.0031849500
   0.0111591600    0.0028527600   -0.0029983700
   0.0135904200    0.0000537600   -0.0066889200
   0.0099153600   -0.0145092400    0.0085024800
   0.0205238700   -0.0091728800    0.0048468700
  -0.0054644200    0.0017077900   -0.0006982400
   0.0041346700    0.0009671600   -0.0024181200
   0.0076195200   -0.0003990500   -0.0044937500
   0.0005591000   -0.0046922500    0.0008010400
  -0.0019789700    0.0012931900   -0.0043351200
   0.0052697200   -0.0001624400    0.0077882400
  -0.0013686700   -0.0026542100    0.0063593800
  -0.0041105800   -0.0062010300   -0.0003697400

7    
 -0.0099996640745650   0.0000000182080288   0.0000819658192390
   0.0043295300    0.0026324700   -0.0023685500
  -0.0128866400    0.0034292900    0.0110389200
  -0.0100533600   -0.0099658800   -0.0015536400
  -0.0027297100   -0.0084039500   -0.0049811800
   0.0081499500    0.0003278600    0.0026738700
   0.0043038100    0.0030734200   -0.0008422600
   0.0612402500   -0.0211021100    0.0018184700
   0.0071224600   -0.0024041800    0.0010128100
   0.0026659100    0.0038961300    0.0001857700
  -0.0210419400   -0.0010104700    0.0106100100
  -0.0264479300    0.0086360500   -0.0051855200
  -0.0078797100    0.0142633000   -0.0102622700
  -0.0034668000   -0.0000377700    0.0075411300
   0.0040203900    0.0004563800   -0.0036269800
   0.0011131900   -0.0018333300   -0.0024579800
  -0.0095894100    0.0011350800    0.0065327200
   0.0013579300   -0.0005492700   -0.0036826500
  -0.0048301500   -0.0004513900   -0.0002949900
   0.0007988200    0.0029640400    0.0016383500
   0.0038234100    0.0049443400   -0.0077960300

7    
 -0.0000000198189388   0.0099999999990878  -0.0000001336070276
   0.0051051400    0.0041866300   -0.0027056000
  -0.0068361200   -0.0012795500    0.0032704600
   0.0018089100    0.0015537900    0.0057079500
   0.0108688900   -0.0003565400    0.0012359000
   0.0040166300    0.0056645700    0.0035567000
  -0.0015127400    0.0061350600   -0.0015680100
   0.0171767200   -0.0625775300   -0.0112675500
   0.0021695900    0.0193901500    0.0017983000
   0.0055771600    0.0103044200   -0.0011161200
  -0.0058234300   -0.0084294400    0.0027139600
  -0.0160928600    0.0022541900   -0.0058687100
  -0.0037473600    0.0095829800   -0.0128478300
  -0.0047522200    0.0075042300    0.0046165400
   0.0033209300   -0.0033447900   -0.0020716100
   0.0037425200    0.0011907400   -0.0015556800
  -0.0068411100    0.0059922900    0.0056354000
  -0.0007296600   -0.0043245100   -0.0033943800
   0.0006736100    0.0078373100    0.0049924500
  -0.0035409200   -0.0016480300    0.0080408700
  -0.0045836800    0.0003640100    0.0008269400

7    
  0.0000000198189388  -0.0099999999990878   0.0000001336070276
   0.0054064000    0.0007761400   -0.0028798700
  -0.0047078400    0.0065926800    0.0011018300
  -0.0112985200   -0.0085172300   -0.0020400100
  -0.0000989200   -0.0044336500   -0.0046046600
  -0.0002925100   -0.0007358300   -0.0001852700
  -0.0032636400   -0.0014171900   -0.0024524900
  -0.0208130300    0.0580516400    0.0081969300
   0.0009863000   -0.0250325400    0.0024514100
   0.0083343600   -0.0035507200   -0.0016423900
  -0.0016398700    0.0074922200    0.0015206500
  -0.0003793000   -0.0078927100    0.0091471700
   0.0163394200   -0.0046237900    0.0074467500
  -0.0042381700   -0.0057980400    0.0020702100
   0.0049578300    0.0048071400   -0.0038942600
   0.0049736800   -0.0031135000   -0.0051726500
  -0.0019637400   -0.0095985800    0.0017111900
   0.0001966300    0.0050669900   -0.0045784300
   0.0000104800   -0.0084245400    0.0027206000
   0.0031035900    0.0018486600    0.0000221600
   0.0043868500   -0.0014971400   -0.0089388500

7    
 -0.0000328598155825  -0.0000001328167438   0.0099999460105982
   0.0051396000    0.0023765200   -0.0020131400
  -0.0141544600    0.0039750700    0.0102794600
  -0.0013513500    0.0004671700    0.0009891300
   0.0086520700    0.0005761600   -0.0030085100
   0.0009853800    0.0044082000    0.0178106800
  -0.0034067000    0.0018802900    0.0168690700
  -0.0046466300   -0.0121844000   -0.0652881600
   0.0026230000   -0.0024387200   -0.0018337100
   0.0067708500    0.0027199800    0.0015494500
  -0.0102370000    0.0005975200    0.0143601900
  -0.0035218600   -0.0088342500   -0.0030078300
   0.0112540600   -0.0064773600   -0.0061371400
  -0.0085024400    0.0018088200    0.0000813600
   0.0048316300    0.0018956800   -0.0043915700
   0.0039868300    0.0003476800    0.0030780500
  -0.0073472200    0.0008926200    0.0100453600
   0.0004556600    0.0010682200   -0.0041775100
   0.0058120900    0.0008629600    0.0108101000
   0.0011103000    0.0030267300    0.0068514000
   0.0015461800    0.0030311100   -0.0028666600

7    
  0.0000328598155825   0.0000001328167438  -0.0099999460105982
   0.0053609400    0.0026004000   -0.0035562400
   0.0024519900    0.0013710500   -0.0058624000
  -0.0080699700   -0.0074176800    0.0027269400
   0.0020447800   -0.0053496000   -0.0004173200
   0.0027591800    0.0007111800   -0.0144530500
  -0.0013781600    0.0026338400   -0.0208935900
   0.0015019000    0.0075945800    0.0627807600
   0.0004769700   -0.0031999100    0.0060841700
   0.0071467000    0.0040405700   -0.0043323800
   0.0029549000   -0.0015228800   -0.0102359500
  -0.0130684500    0.0031866700    0.0061426100
   0.0014963700    0.0114236400    0.0009084600
  -0.0004397000   -0.0000823000    0.0068567400
   0.0034337700   -0.0004416500   -0.0016334100
   0.0049552000   -0.0026440500   -0.0099942000
  -0.0016876600   -0.0042638600   -0.0025430000
  -0.0009639400   -0.0002958300   -0.0037808800
  -0.0057146800   -0.0014752200   -0.0036902400
  -0.0015005600   -0.0026340200    0.0011956100
  -0.0017595800   -0.0042349300   -0.0053026200

8    
  0.0099996640745650  -0.0000000182080288  -0.0000819658192390
   0.0123739400    0.0032465900   -0.0116676000
  -0.0048414200    0.0028126300    0.0018007500
   0.0034127300   -0.0095070700    0.0051019100
   0.0107272100   -0.0088510200    0.0016516300
  -0.0048060100    0.0032098500    0.0004929900
  -0.0086636000    0.0001847400   -0.0030442700
  -0.0075463600   -0.0018360200   -0.0001848600
  -0.0616322200   -0.0216813900   -0.0009511000
   0.0243110800    0.0028316900   -0.0099310000
   0.0006234000    0.0000525800    0.0004883100
   0.0060296000    0.0089810900    0.0092180900
   0.0245845000    0.0139251700    0.0041356700
  -0.0043637300    0.0005963800    0.0039472900
   0.0031138100   -0.0001666800   -0.0072139100
   0.0094672000    0.0015794500   -0.0062369700
  -0.0012128700   -0.0022895400    0.0027459100
   0.0049432000    0.0002548900    0.0001193400
  -0.0012512500   -0.0012516800    0.0035051500
  -0.0041532100    0.0057689900    0.0077265300
  -0.0011159900    0.0021393700   -0.0017038600

8    
 -0.0099996640745650   0.0000000182080288   0.0000819658192390
  -0.0017218400    0.0017147800    0.0059860400
  -0.0065959200    0.0024939400    0.0026266700
  -0.0126999800    0.0026162100   -0.0014417900
   0.0001458700    0.0040261200   -0.0050273000
   0.0086742000    0.0017768600    0.0028529400
   0.0040434800    0.0044422700   -0.0009703300
   0.0037183700   -0.0026868500   -0.0023424300
   0.0628234200    0.0164918800    0.0046394300
  -0.0103107900    0.0039009800    0.0073605200
  -0.0078842600   -0.0009872700    0.0036741200
  -0.0223909600   -0.0144603400   -0.0059007400
  -0.0117819400   -0.0092177000   -0.0095490000
  -0.0044872700    0.0011046500    0.0027368900
   0.0051091400    0.0015751200    0.0010149600
  -0.0006656700   -0.0042258300   -0.0005140900
  -0.0077349900   -0.0008502000    0.0047831600
  -0.0051596700    0.0005437800   -0.0079603900
   0.0020896400    0.0005898000    0.0041576600
   0.0037900300   -0.0053726700    0.0003005900
   0.0010391400   -0.0034755300   -0.0064269000

8    
 -0.0000000198189388   0.0099999999990878  -0.0000001336070276
   0.0063261900   -0.0014673000   -0.0039143000
  -0.0056167400    0.0043636200    0.0021226200
  -0.0101874900   -0.0014507100   -0.0010632200
  -0.0011228700    0.0026680400   -0.0056102300
   0.0010060400    0.0062796100    0.0012181100
  -0.0045217500    0.0055306500   -0.0039174100
  -0.0025863100    0.0199557300   -0.0009558300
  -0.0176182000   -0.0631980200    0.0120443700
   0.0091067700   -0.0045834000   -0.0020337200
  -0.0022949400    0.0064676800    0.0017950500
   0.0018887500    0.0042988200    0.0118067200
   0.0142371100    0.0075425500    0.0048244600
  -0.0036676100   -0.0032049900    0.0023956200
   0.0044062900    0.0073754900   -0.0042893000
   0.0067230200    0.0064404700   -0.0053360300
  -0.0038490200    0.0007358000    0.0018495900
  -0.0005586800    0.0085472700   -0.0051642400
   0.0008427400   -0.0050245900    0.0032227100
   0.0042679200    0.0011899300   -0.0008906700
   0.0032187900   -0.0024666500   -0.0081043200

8    
  0.0000000198189388  -0.0099999999990878   0.0000001336070276
   0.0041890900    0.0064178600   -0.0016939300
  -0.0059209800    0.0009587400    0.0022546100
   0.0007817000   -0.0055426300    0.0047082500
   0.0119754300   -0.0074151200    0.0021828100
   0.0027597100   -0.0012809500    0.0020862700
  -0.0002189100   -0.0008774500   -0.0001656600
  -0.0014096900   -0.0244694900   -0.0016045800
   0.0204098000    0.0574892300   -0.0073771500
   0.0049201100    0.0113347500   -0.0008427900
  -0.0050536100   -0.0073985100    0.0023204900
  -0.0182002700   -0.0099114700   -0.0084968900
  -0.0014792100   -0.0026011600   -0.0101906900
  -0.0053084200    0.0049396200    0.0042202800
   0.0038896300   -0.0059377100   -0.0017502600
   0.0018693700   -0.0091316600   -0.0014249000
  -0.0050843400   -0.0035636200    0.0054682000
   0.0000968800   -0.0077232200   -0.0028920000
  -0.0000781500    0.0043598500    0.0044062700
  -0.0047081800   -0.0006695200    0.0088762200
  -0.0034299700    0.0010224500   -0.0000845300

8    
 -0.0000328598155825  -0.0000001328167438   0.0099999460105982
  -0.0029652400    0.0011877500    0.0052269900
  -0.0058763800    0.0027818200    0.0029416600
  -0.0013639400   -0.0064434800    0.0005731000
   0.0087511100   -0.0063115700   -0.0025894900
   0.0008671100    0.0027820800    0.0205329700
  -0.0032645100    0.0005696100    0.0140923200
  -0.0008953200   -0.0026401900   -0.0052452600
  -0.0019028800    0.0070015400   -0.0619147500
   0.0003294800    0.0023238900    0.0109076100
  -0.0038714500    0.0001992500    0.0050067800
  -0.0033572900    0.0061394600   -0.0019562500
   0.0112090100    0.0084727300   -0.0071949000
  -0.0037847300   -0.0003064100    0.0019520200
   0.0000930800   -0.0002146000   -0.0065315700
   0.0015859600   -0.0038034100    0.0028307900
  -0.0050668200   -0.0030972800    0.0102842200
   0.0058191600   -0.0007705300    0.0035082200
   0.0010762600   -0.0010008900    0.0036044500
   0.0014409200   -0.0034107800    0.0052320300
   0.0011764600   -0.0034590000   -0.0012609400

8    
  0.0000328598155825   0.0000001328167438  -0.0099999460105982
   0.0136403100    0.0037940000   -0.0108908300
  -0.0056517700    0.0025581800    0.0014142000
  -0.0079717800   -0.0005324700    0.0031224900
   0.0020321900    0.0015769100   -0.0008758900
   0.0029063100    0.0020118700   -0.0172354300
  -0.0014967900    0.0042707900   -0.0181716400
  -0.0030444800   -0.0018709300    0.0026711400
   0.0042175300   -0.0127584100    0.0661957400
   0.0135200400    0.0044406300   -0.0136842400
  -0.0034882300   -0.0011222700   -0.0008775800
  -0.0131144100   -0.0117670700    0.0050817700
   0.0016689200   -0.0035440700    0.0019624700
  -0.0051806900    0.0020346400    0.0047094400
   0.0081554600    0.0016757500    0.0002332900
   0.0072328900    0.0013421800   -0.0097549800
  -0.0040932600   -0.0001067100   -0.0027931000
  -0.0056915500    0.0015695800   -0.0109807900
  -0.0003402200    0.0003654900    0.0039981100
  -0.0018677900    0.0038577200    0.0027990800
  -0.0014327000    0.0022041900   -0.0069232500

9    
  0.0099996640745650  -0.0000000182080288  -0.0000819658192390
   0.0090574600    0.0013955100   -0.0160352600
  -0.0083377700    0.0029165600    0.0028007200
  -0.0072879800   -0.0030974500    0.0014547900
   0.0079755900    0.0093107900    0.0044336300
   0.0187831000   -0.0050725900    0.0067748600
   0.0105050700    0.0128582600    0.0031496300
   0.0009696900   -0.0032641700   -0.0012988100
   0.0176378700   -0.0001746900   -0.0044493900
  -0.0927109100    0.0125324200   -0.0032762900
  -0.0080855400   -0.0009109200    0.0010921400
  -0.0075440500   -0.0310711600    0.0146116800
  -0.0001206000    0.0011449800   -0.0054951300
  -0.0056814500    0.0035917800    0.0036416800
   0.0144035400    0.0018193600    0.0060883800
   0.0165427300   -0.0135599700   -0.0125840800
  -0.0054778400    0.0017060300    0.0027291800
   0.0303120900    0.0011498800   -0.0055914200
  -0.0008214100    0.0021851900    0.0054577800
   0.0097836100    0.0079754200   -0.0000435000
   0.0000968000   -0.0014352400   -0.0034606100

9    
 -0.0099996640745650   0.0000000182080288   0.0000819658192390
   0.0011545400    0.0043297800    0.0112467300
  -0.0034799000    0.0031856500    0.0024234100
  -0.0023608600   -0.0031026300    0.0030364000
   0.0024350400   -0.0134731200   -0.0072391100
  -0.0152087400    0.0106407900   -0.0026088000
  -0.0155028900   -0.0073907000   -0.0063800400
  -0.0052047300   -0.0004468800   -0.0005078400
  -0.0146791300   -0.0046473600    0.0093036600
   0.1129976500   -0.0189641200   -0.0136901400
   0.0004945800    0.0007407500    0.0038203100
  -0.0092408600    0.0264313300   -0.0107011500
   0.0126617000    0.0045689500    0.0008795300
  -0.0034554200   -0.0011674800    0.0037703600
  -0.0065052600    0.0002773100   -0.0119597800
  -0.0079459600    0.0115825200    0.0062207900
  -0.0038889500   -0.0041269100    0.0055878100
  -0.0323327200    0.0000511500   -0.0012530400
   0.0011420800   -0.0020363400    0.0029457100
  -0.0105263600   -0.0073388700    0.0089731100
  -0.0005538100    0.0008861700   -0.0038679100

9    
 -0.0000000198189388   0.0099999999990878  -0.0000001336070276
   0.0043224200   -0.0002202300    0.0000042800
  -0.0049590600    0.0117162900    0.0027770300
  -0.0034990700   -0.0017883900    0.0009610500
   0.0168707100    0.0081991600    0.0045941200
  -0.0088894300    0.0090792000   -0.0040506800
   0.0104552300    0.0109488600    0.0073315700
  -0.0016618800    0.0061978400   -0.0016238700
   0.0019657900   -0.0092255300    0.0014311600
   0.0058676600   -0.1584527500   -0.0073695400
  -0.0018838500    0.0046816000    0.0030097500
  -0.0365112900    0.0205734900   -0.0092800000
   0.0091081500    0.0061726100    0.0038872900
  -0.0023363300   -0.0018363300    0.0024746100
   0.0069230300    0.0155943100   -0.0040799000
  -0.0036219600    0.0312050500    0.0082851900
  -0.0014156400   -0.0007359900    0.0053914700
  -0.0022558900    0.0142443100   -0.0036507800
   0.0016719800   -0.0045181000    0.0030543500
   0.0103264700    0.0386826300   -0.0080067900
  -0.0004770500   -0.0005180000   -0.0051403100

9    
  0.0000000198189388  -0.0099999999990878   0.0000001336070276
   0.0069383400    0.0056037900   -0.0056977500
  -0.0059511200   -0.0059191600    0.0020263800
  -0.0052328900   -0.0046442700    0.0031390600
  -0.0057043800   -0.0125609000   -0.0081263600
   0.0133493500   -0.0036292700    0.0076409500
  -0.0144123100   -0.0058220700   -0.0110862300
  -0.0016127700   -0.0101432600   -0.0007047200
   0.0017354100    0.0041292700    0.0030761300
  -0.0063451000    0.1555842900    0.0035105900
  -0.0048172500   -0.0051318200    0.0013899500
   0.0202645500   -0.0254148900    0.0125181800
   0.0043327600   -0.0006526200   -0.0090061100
  -0.0058734600    0.0040867900    0.0043849500
   0.0018140800   -0.0137597300   -0.0020732600
   0.0144191400   -0.0346902200   -0.0165409600
  -0.0070349400   -0.0019940700    0.0023536500
   0.0028438400   -0.0131024800   -0.0040521400
  -0.0004164900    0.0043759700    0.0047587800
  -0.0092447600   -0.0360249200    0.0151866300
   0.0009479800   -0.0002904400   -0.0026977200

9    
 -0.0000328598155825  -0.0000001328167438   0.0099999460105982
  -0.0079170100    0.0059538700    0.0105309000
  -0.0054006700    0.0030171500    0.0008489100
  -0.0049330800   -0.0022689400    0.0076202500
   0.0110569200    0.0044518500   -0.0016988300
   0.0087607100   -0.0044043800   -0.0026409500
   0.0052995800    0.0130990800   -0.0052405400
  -0.0033814400   -0.0013340800    0.0019715400
  -0.0068551300   -0.0026857200    0.0146875700
   0.0059529700   -0.0112116300   -0.1125762200
  -0.0046897100   -0.0004447400    0.0013710700
   0.0047741800   -0.0131507700    0.0020245700
   0.0037687000   -0.0031291700    0.0172556800
  -0.0056523600    0.0017682300    0.0058103600
   0.0088014800    0.0026029800    0.0229883300
  -0.0017755900    0.0164578200    0.0134869700
  -0.0043634800   -0.0021542800    0.0017457300
  -0.0002116800    0.0006111900    0.0066585300
   0.0002605600    0.0028195700    0.0031288400
  -0.0045714000   -0.0122867300    0.0193031100
   0.0010764500    0.0022886800   -0.0072758200

9    
  0.0000328598155825   0.0000001328167438  -0.0099999460105982
   0.0184213000   -0.0003101200   -0.0158209100
  -0.0060128200    0.0029693200    0.0041459900
  -0.0042951700   -0.0039196200   -0.0032980100
  -0.0001780600   -0.0085458900   -0.0014997800
  -0.0048869000    0.0100083000    0.0063159100
  -0.0098333600   -0.0077758900    0.0015835600
  -0.0003952300   -0.0024163800   -0.0041022300
   0.0102408700   -0.0021943300   -0.0100963500
   0.0039592400    0.0060762400    0.1013406300
  -0.0025120400    0.0001619800    0.0031774600
  -0.0210984100    0.0082187200    0.0017183400
   0.0092156300    0.0087141100   -0.0221198600
  -0.0030870700    0.0006730500    0.0012475500
  -0.0001282400   -0.0005834300   -0.0278379000
   0.0112514600   -0.0191059100   -0.0205040900
  -0.0045806700   -0.0003921400    0.0061581300
   0.0002201900    0.0008337500   -0.0139326600
   0.0005036300   -0.0027501100    0.0048820500
   0.0042969200    0.0132100100   -0.0109563600
  -0.0011012800   -0.0028716600   -0.0004014600

10   
  0.0099996640745650  -0.0000000182080288  -0.0000819658192390
   0.0031399900    0.0026315100   -0.0029485400
  -0.0014833000    0.0041437700   -0.0117845100
  -0.0015933500   -0.0149316200    0.0074397600
   0.0032170200   -0.0023698000   -0.0028285700
   0.0151791400   -0.0076206500    0.0060929900
   0.0148772300    0.0101305600    0.0023340600
   0.0144363000   -0.0044635000   -0.0083851200
   0.0049712600   -0.0013820000    0.0014198300
   0.0029646100    0.0042066400   -0.0030631400
  -0.1130497400   -0.0157541100    0.0128851100
  -0.0143435700   -0.0010839200   -0.0018512500
   0.0075516700    0.0313351500    0.0097300700
   0.0063288900    0.0000421800    0.0123624600
   0.0032886000   -0.0016750400   -0.0033712900
   0.0039640400   -0.0040452100   -0.0052202500
   0.0080096000    0.0107514500   -0.0058524000
  -0.0008664300   -0.0017130600   -0.0030396400
   0.0326240600   -0.0010329700    0.0011526100
   0.0004187900    0.0013450400    0.0038769600
   0.0103651700   -0.0085144300   -0.0089491400

10   
 -0.0099996640745650   0.0000000182080288   0.0000819658192390
   0.0079199600    0.0024077600   -0.0034758100
  -0.0094920500    0.0012340600    0.0153526200
  -0.0071820900    0.0078516700   -0.0043700100
   0.0080666000   -0.0023207500   -0.0014139000
  -0.0109131800    0.0126626600   -0.0035796000
  -0.0192021700   -0.0055481400   -0.0071999600
  -0.0179655700    0.0000539800    0.0052206200
  -0.0012894500   -0.0041561400    0.0020566800
   0.0114630500    0.0025918400   -0.0004834100
   0.0941753900    0.0149895400    0.0053329200
  -0.0016430300   -0.0044651000    0.0043714900
   0.0057879800   -0.0260873500   -0.0157245500
  -0.0146702600    0.0016227100   -0.0058420300
   0.0054369100    0.0031228900   -0.0033956400
   0.0054731700    0.0018304300   -0.0025139800
  -0.0165632100   -0.0143334400    0.0128033200
   0.0010156600    0.0025523400   -0.0057035800
  -0.0300852300    0.0001033200    0.0053389100
  -0.0003101000   -0.0009360400    0.0033201700
  -0.0100223900    0.0068237400   -0.0000942700

10   
 -0.0000000198189388   0.0099999999990878  -0.0000001336070276
   0.0045963900    0.0112020000   -0.0034725700
  -0.0046810000   -0.0003810600   -0.0007287200
  -0.0160212400    0.0067327600   -0.0045835500
   0.0043220300   -0.0010233300   -0.0009382400
  -0.0108163200    0.0107536400   -0.0077840100
   0.0085389100    0.0086006800    0.0035949600
  -0.0022306200   -0.0090067300   -0.0006982300
   0.0013889800    0.0053042200    0.0023632500
   0.0053148000    0.0081816900   -0.0024307300
  -0.0054762700   -0.1558176400    0.0099946700
  -0.0108162200    0.0005511100   -0.0050350700
   0.0347894700    0.0255229500    0.0081322800
  -0.0071432700    0.0153958300    0.0042926300
   0.0021558900   -0.0023051700   -0.0022541700
   0.0014773800   -0.0006230300   -0.0052011400
   0.0036461500    0.0304013500   -0.0080907200
  -0.0014226400   -0.0041532500   -0.0033320100
   0.0025449000    0.0131983800    0.0033797700
   0.0003214100   -0.0000267000    0.0049766400
  -0.0104887200    0.0374923000    0.0078149600

10   
  0.0000000198189388  -0.0099999999990878   0.0000001336070276
   0.0056098500   -0.0062479100   -0.0025483100
  -0.0072796900    0.0056490600    0.0051574100
   0.0065431500   -0.0137975900    0.0083310500
   0.0060981900   -0.0036825100   -0.0029103700
   0.0140811600   -0.0058343700    0.0108088000
  -0.0136851900   -0.0039226900   -0.0079111000
  -0.0019776100    0.0045397600   -0.0021474400
   0.0013748600   -0.0108520800    0.0016267600
   0.0082784200   -0.0014363900   -0.0006295000
   0.0063235000    0.1544887800   -0.0044983300
  -0.0060198400   -0.0060890900    0.0080446900
  -0.0219349300   -0.0202744200   -0.0134804700
  -0.0019838000   -0.0137773600    0.0024908800
   0.0057025900    0.0038015100   -0.0039771900
   0.0071019700   -0.0016837700   -0.0019778100
  -0.0143582200   -0.0352879000    0.0169261500
   0.0007036300    0.0049313100   -0.0048469900
  -0.0025655700   -0.0139580000    0.0039663400
  -0.0010933500    0.0003864800    0.0027218200
   0.0090808900   -0.0369528200   -0.0151464100

10   
 -0.0000328598155825  -0.0000001328167438   0.0099999460105982
   0.0056110700    0.0024685500   -0.0048302100
  -0.0188339700   -0.0004544500    0.0151524500
   0.0009592600   -0.0099524900    0.0015876400
   0.0050841000   -0.0031413500    0.0033836900
   0.0094500700   -0.0079552900   -0.0019968500
   0.0044802500    0.0095438300   -0.0067210400
  -0.0105600500   -0.0019585900    0.0108838700
   0.0001033600   -0.0033008200    0.0048829500
   0.0059053300    0.0036780900   -0.0025505800
  -0.0027759400    0.0083448900   -0.0996785100
  -0.0109586000    0.0031139400    0.0210135400
   0.0193456700    0.0131873600   -0.0028105800
  -0.0001217500   -0.0007746600    0.0281159500
   0.0028559100    0.0002092500   -0.0009812500
   0.0045917200   -0.0002550500   -0.0059226300
  -0.0112537000   -0.0198756100    0.0207544500
  -0.0002923800   -0.0023770700   -0.0051045300
   0.0000229500   -0.0002025600    0.0137055900
   0.0009040000   -0.0023626000    0.0002783400
  -0.0045173100    0.0120646300    0.0108377000

10   
  0.0000328598155825   0.0000001328167438  -0.0099999460105982
   0.0050233700    0.0024886900   -0.0014811800
   0.0075533000    0.0057860700   -0.0113384500
  -0.0102150300    0.0029555000    0.0015852700
   0.0057562100   -0.0015356300   -0.0075244300
  -0.0056493400    0.0129101100    0.0047896400
  -0.0091457400   -0.0048846700    0.0021604500
   0.0065605600   -0.0025116200   -0.0139906000
   0.0031247300   -0.0022736100   -0.0012390600
   0.0081043000    0.0030767800   -0.0008184800
  -0.0053509900   -0.0081968000    0.1155256900
  -0.0054731400   -0.0088201200   -0.0184117800
  -0.0064945200   -0.0082531500   -0.0032034500
  -0.0090084100    0.0023255600   -0.0227737800
   0.0054312800    0.0012210500   -0.0056354500
   0.0043858000   -0.0020023500   -0.0016009200
   0.0018195000    0.0156947100   -0.0132877000
   0.0000001500    0.0031896700   -0.0034361900
   0.0004507800   -0.0004293500   -0.0069383700
  -0.0012667100    0.0027311500    0.0071083000
   0.0043939000   -0.0134719800   -0.0194895100

11   
  0.0099996640745650  -0.0000000182080288  -0.0000819658192390
   0.0029482700    0.0020935000   -0.0040216900
  -0.0028225300    0.0137566100    0.0076877300
  -0.0005705700   -0.0053330600   -0.0122490200
   0.0030857400   -0.0029150500   -0.0019348900
   0.0050993500    0.0006582600    0.0008823200
   0.0138913200    0.0041610800   -0.0092378200
   0.0151136800   -0.0104263500    0.0029696500
   0.0146930800    0.0068945900    0.0064577700
   0.0079634600   -0.0258803100    0.0108836200
  -0.0099327500   -0.0025743200   -0.0014730400
  -0.1144924200    0.0196086500    0.0142807300
   0.0022268700    0.0012579400   -0.0044174500
   0.0079492600   -0.0118689000   -0.0063795300
   0.0034557300    0.0032440300   -0.0048518200
   0.0034966900    0.0008631900   -0.0039308800
   0.0060328200   -0.0011712900    0.0127018700
   0.0101166700    0.0079022700   -0.0090081300
   0.0007754200   -0.0018552100    0.0036219600
   0.0319099100    0.0005177700    0.0012198700
  -0.0009400200    0.0010666000   -0.0032012500

11   
 -0.0099996640745650   0.0000000182080288   0.0000819658192390
   0.0078651000    0.0021432300   -0.0024757000
  -0.0083784700   -0.0089958100   -0.0040285100
  -0.0084744000   -0.0023671800    0.0149414000
   0.0079391500   -0.0025923600   -0.0023887500
  -0.0010650300    0.0035116400    0.0015930500
  -0.0184604500   -0.0002786500    0.0044764000
  -0.0188946300    0.0053248900   -0.0064497500
  -0.0113031000   -0.0132918500   -0.0031529200
   0.0062549600    0.0316558800   -0.0144796400
   0.0028437400    0.0008813600    0.0048313700
   0.0913279800   -0.0126365500    0.0050238700
   0.0107959600    0.0029651100   -0.0017434400
  -0.0165402300    0.0132905900    0.0123490100
   0.0050330000   -0.0025455900   -0.0020527000
   0.0057109800   -0.0038511100   -0.0038616800
  -0.0148762500   -0.0026713100   -0.0054249600
  -0.0102222300   -0.0073988100   -0.0000349300
   0.0001428000    0.0004864300    0.0031404200
  -0.0306909700   -0.0005377200    0.0054984500
   0.0009920900   -0.0030921900   -0.0057610100

11   
 -0.0000000198189388   0.0099999999990878  -0.0000001336070276
   0.0057824200    0.0037025600   -0.0040298300
   0.0052708100    0.0129112200    0.0084628000
  -0.0063950200   -0.0066021700    0.0045386600
   0.0055199200    0.0062199100   -0.0014559500
   0.0014910500    0.0104205200    0.0010569700
  -0.0026014400   -0.0045639000   -0.0030280600
  -0.0135079400    0.0038688200   -0.0073067300
   0.0135868000    0.0053590600    0.0111434600
  -0.0215908600    0.0260448500   -0.0123669200
  -0.0016425300    0.0027271300    0.0084018100
   0.0056416700   -0.1557433300   -0.0024584100
   0.0074982800    0.0071370300   -0.0020189600
  -0.0144173400    0.0343590100    0.0163688800
   0.0065231000    0.0010918200   -0.0016723200
   0.0058336000   -0.0042841500   -0.0046014000
  -0.0022936600    0.0129676600    0.0028106100
   0.0087960900    0.0366402100   -0.0152517300
  -0.0007806700   -0.0006164100    0.0024413400
  -0.0033060900    0.0136822500    0.0040152500
   0.0005918000   -0.0053221000   -0.0050494600

11   
  0.0000000198189388  -0.0099999999990878   0.0000001336070276
   0.0040624200    0.0007987800   -0.0019435500
  -0.0172815200   -0.0079092500   -0.0041159000
  -0.0037492400   -0.0007704500   -0.0009886700
   0.0045476500   -0.0114254300   -0.0022805800
   0.0015427300   -0.0059735900    0.0020126800
  -0.0027872200    0.0087545700   -0.0013527900
   0.0087638600   -0.0088529300    0.0044287600
  -0.0112755200   -0.0114207800   -0.0072373000
   0.0352202800   -0.0200047500    0.0094794200
  -0.0064025700   -0.0041603100   -0.0044710900
  -0.0070360500    0.1588044700    0.0076652200
   0.0045921000   -0.0026679100   -0.0035931200
   0.0036094000   -0.0314696800   -0.0084253300
   0.0009534800   -0.0001294300   -0.0046417300
   0.0023472900    0.0015516000   -0.0026211600
  -0.0074025000   -0.0164675700    0.0048352000
  -0.0107516300   -0.0381195300    0.0079988000
   0.0006813500   -0.0004389000    0.0049050000
   0.0018545400   -0.0136676900    0.0036385300
  -0.0014888600    0.0035687800   -0.0032923800

11   
 -0.0000328598155825  -0.0000001328167438   0.0099999460105982
   0.0048374300    0.0029319100    0.0023405200
  -0.0002592600    0.0088346900    0.0020013600
  -0.0178736600   -0.0006877100    0.0148420000
   0.0055785400   -0.0026788000   -0.0036708000
   0.0002543600    0.0026402900    0.0044919500
  -0.0110893200    0.0017206400    0.0101924000
   0.0047364200   -0.0097828600   -0.0059224800
   0.0089928700    0.0073015500   -0.0014870200
   0.0197775700   -0.0076557600   -0.0015065200
  -0.0065285000   -0.0067085600    0.0215464000
  -0.0046776600   -0.0056481800   -0.1011880100
   0.0051936500    0.0018493100   -0.0037505200
  -0.0112664600    0.0187933900    0.0203554800
   0.0040864800   -0.0004858200   -0.0054025300
   0.0030664800   -0.0009511600   -0.0013880800
  -0.0003750800   -0.0002847800    0.0285950100
  -0.0047365300   -0.0126377300    0.0109548300
   0.0012699800    0.0019158500    0.0001748200
  -0.0006537800   -0.0002611800    0.0139293200
  -0.0003335300    0.0017949100   -0.0051081400

11   
  0.0000328598155825   0.0000001328167438  -0.0099999460105982
   0.0054445300    0.0012611100   -0.0085317800
  -0.0115145800   -0.0041702800    0.0020041000
   0.0084373700   -0.0069919500   -0.0116624300
   0.0049288300   -0.0027757700   -0.0002917400
   0.0032400000    0.0015515300   -0.0016222100
   0.0059522900    0.0022036300   -0.0146584100
  -0.0089611100    0.0045776100    0.0029778300
  -0.0061478400   -0.0136332100    0.0053039700
  -0.0061344900    0.0137138800   -0.0018726500
  -0.0011012900    0.0051410800   -0.0178739500
  -0.0060816100    0.0121415400    0.1136736600
   0.0073313700    0.0023955100   -0.0019968900
   0.0017166000   -0.0168089700   -0.0136333700
   0.0038356300    0.0011922900   -0.0010683600
   0.0055950100   -0.0020268700   -0.0060294600
  -0.0093156900   -0.0034520200   -0.0222402700
   0.0040920600    0.0128408600   -0.0193658400
  -0.0009269700   -0.0032637900    0.0070085000
  -0.0002575200   -0.0000783900   -0.0067040200
  -0.0001325900   -0.0038178000   -0.0034166900

12   
  0.0099996640745650  -0.0000000182080288  -0.0000819658192390
   0.0077071300   -0.0088876600    0.0033799800
  -0.0085290100    0.0025910300    0.0018985100
  -0.0074006000   -0.0034254700    0.0024988000
   0.0090301500   -0.0009730900   -0.0148657200
   0.0177846300    0.0001446300   -0.0048283200
   0.0004269000    0.0036574100   -0.0019783600
   0.0107533600   -0.0124698300    0.0039568100
   0.0183232900    0.0050316000    0.0072912100
   0.0002973200    0.0050091300   -0.0041732400
  -0.0031281800    0.0280830200    0.0151408300
  -0.0128104600   -0.0020606000    0.0006894200
  -0.0904409200   -0.0125151800   -0.0058032200
  -0.0055133600   -0.0021386800    0.0023606200
   0.0160300700    0.0133891100   -0.0120283100
   0.0146189800   -0.0019378100    0.0057132400
  -0.0059510300   -0.0040288700    0.0041413800
  -0.0001433200    0.0014882100   -0.0033369500
   0.0101590900   -0.0078313300   -0.0001586600
  -0.0014897400   -0.0020125300    0.0056901000
   0.0302757000   -0.0011130800   -0.0055881400

12   
 -0.0099996640745650   0.0000000182080288   0.0000819658192390
   0.0021338900    0.0139127400   -0.0083216700
  -0.0036485400    0.0026209400    0.0033981200
  -0.0025935600   -0.0036729100    0.0020457900
   0.0010514900   -0.0038892200    0.0123611000
  -0.0145817300    0.0046478900    0.0088602400
  -0.0057930800    0.0008644400   -0.0012532800
  -0.0153003300    0.0078037700   -0.0056292800
  -0.0157274200   -0.0106401200   -0.0021426500
   0.0130338600    0.0016171300    0.0021368900
  -0.0048721400   -0.0293595700   -0.0102176400
  -0.0042818300   -0.0036840200    0.0033522900
   0.1162161400    0.0182842700   -0.0150333600
  -0.0039855100    0.0037329300    0.0051543900
  -0.0084896600   -0.0116368000    0.0066839800
  -0.0063408100   -0.0003775400   -0.0124335500
  -0.0037846300    0.0007486200    0.0042019700
  -0.0008530300   -0.0008064300   -0.0038074900
  -0.0101915400    0.0075444400    0.0088179100
   0.0004274100    0.0022406300    0.0031179900
  -0.0324189600    0.0000488100   -0.0012917400

12   
 -0.0000000198189388   0.0099999999990878  -0.0000001336070276
  -0.0059787300    0.0128788200   -0.0092456500
  -0.0065109900    0.0040394900    0.0034791900
  -0.0050458300    0.0053165400    0.0016622900
   0.0068763700   -0.0052948000   -0.0046064300
   0.0018618100   -0.0042539600    0.0026086300
  -0.0021860900    0.0104365800   -0.0014598700
  -0.0141964200    0.0061187000   -0.0103438200
   0.0128593400    0.0035019500    0.0080780600
   0.0047288600    0.0067105400   -0.0077635700
   0.0246480000    0.0223420900    0.0129787900
  -0.0095690600    0.0020645000    0.0009044100
  -0.0035386100   -0.1538004200    0.0024478300
  -0.0070875000    0.0014589800    0.0019094700
   0.0138529500    0.0344127300   -0.0160453300
   0.0019805700    0.0135585900   -0.0025538000
  -0.0061573200   -0.0046103200    0.0048069400
   0.0006844400    0.0002519900   -0.0026540400
  -0.0088903000    0.0361006400    0.0150046300
  -0.0011145100   -0.0042961600    0.0049133400
   0.0027830300    0.0130635100   -0.0041210700

12   
  0.0000000198189388  -0.0099999999990878   0.0000001336070276
   0.0165611900   -0.0077624500    0.0036408900
  -0.0047732600    0.0013047200    0.0014851900
  -0.0040700500   -0.0122067200    0.0025694900
   0.0042290700    0.0006535800    0.0012822000
   0.0020857100    0.0092123800    0.0011363500
  -0.0022642600   -0.0057917500   -0.0022167000
   0.0106436600   -0.0105441600    0.0082294300
  -0.0093786200   -0.0090908700   -0.0034474700
   0.0094786400   -0.0000024700    0.0052919900
  -0.0321256000   -0.0235313000   -0.0086571300
  -0.0066487600   -0.0076319600    0.0026916100
   0.0090158500    0.1580176700   -0.0115134900
  -0.0015036900    0.0003107300    0.0051191500
  -0.0041355300   -0.0312542000    0.0088588600
   0.0070944900   -0.0156866600   -0.0043942900
  -0.0026576100    0.0014255800    0.0030687500
  -0.0007726700    0.0005818900   -0.0049298900
   0.0106541100   -0.0385369000   -0.0080300500
   0.0009625000    0.0047116100    0.0033725800
  -0.0023951400   -0.0141787200   -0.0035574600

12   
 -0.0000328598155825  -0.0000001328167438   0.0099999460105982
   0.0109136700   -0.0040501600   -0.0026004600
  -0.0060530700    0.0017368500    0.0081535800
  -0.0043415800   -0.0035597800    0.0006419200
  -0.0078495000   -0.0055747800    0.0118239800
  -0.0065782800    0.0026290500    0.0144150500
  -0.0038021400    0.0016961500    0.0014066200
   0.0056629700   -0.0127339500   -0.0043238600
   0.0084174300    0.0043445300   -0.0020124500
   0.0043011900    0.0092633300    0.0186775300
   0.0093205400    0.0101509800    0.0026811400
  -0.0092848700   -0.0025568000    0.0010758900
   0.0059035300    0.0115727100   -0.1172139300
  -0.0042842500    0.0016955700    0.0014893200
  -0.0021266100   -0.0165449000    0.0141049200
   0.0091402800   -0.0027498200    0.0227263300
  -0.0058005600   -0.0022323900    0.0064211500
   0.0009592900   -0.0022630300   -0.0070409100
  -0.0040777000    0.0124324700    0.0193139900
  -0.0002929800   -0.0026754900    0.0034732400
  -0.0001273600   -0.0005805500    0.0067869500

12   
  0.0000328598155825   0.0000001328167438  -0.0099999460105982
  -0.0003977500    0.0089430000   -0.0026373300
  -0.0054927900    0.0033942300   -0.0027629000
  -0.0050354400   -0.0034542600    0.0039764200
   0.0184380900    0.0007595200   -0.0147838400
   0.0104184900    0.0021545400   -0.0104718200
  -0.0008853300    0.0027905600   -0.0047735100
  -0.0095299500    0.0081814600    0.0024016800
  -0.0053153100   -0.0100132400    0.0068312100
   0.0096747100   -0.0025872000   -0.0207818300
  -0.0166439600   -0.0112223300    0.0022458600
  -0.0072005100   -0.0031003300    0.0027713200
   0.0054955500   -0.0061326400    0.0987499400
  -0.0045935800    0.0000121500    0.0057670300
   0.0107878800    0.0189831800   -0.0199128400
   0.0001536800    0.0004226700   -0.0282028100
  -0.0033338000   -0.0011548000    0.0017229400
  -0.0013051600    0.0029114800   -0.0002616500
   0.0047155600   -0.0130772400   -0.0110695200
  -0.0001206400    0.0029495900    0.0051055400
   0.0001702700   -0.0007603600   -0.0139138900

13   
  0.0099996640745650  -0.0000000182080288  -0.0000819658192390
   0.0054237100    0.0028835700   -0.0026918400
  -0.0120065700    0.0019252600    0.0019621300
  -0.0049140300   -0.0032136100    0.0025804800
   0.0092341800   -0.0013603600   -0.0027318800
   0.0050844300    0.0019225400    0.0013732200
   0.0025804300    0.0048485900   -0.0046319700
  -0.0030281300   -0.0025022100   -0.0051218800
   0.0016327300   -0.0018097300    0.0030184800
   0.0070315000    0.0046643000   -0.0025721300
   0.0078775700   -0.0023365600    0.0063922500
   0.0050340600   -0.0126888200   -0.0051113800
   0.0068167600    0.0003665300   -0.0024181100
  -0.0550628400    0.0108824800    0.0097760300
   0.0075009300    0.0021202400   -0.0045644800
   0.0083323000   -0.0018004900   -0.0028389400
  -0.0066257300   -0.0012920900    0.0039718500
  -0.0018655000   -0.0014268300   -0.0027637200
   0.0101213500    0.0009317800    0.0071101700
   0.0085224600   -0.0019635800    0.0038760800
  -0.0016896000   -0.0001510200   -0.0046143600

13   
 -0.0099996640745650   0.0000000182080288   0.0000819658192390
   0.0053339100    0.0021505900   -0.0029440800
   0.0016494200    0.0034800900    0.0022430500
  -0.0042459200   -0.0036800300    0.0010896400
   0.0017135400   -0.0033918400   -0.0004944600
  -0.0012403400    0.0032560400    0.0020239800
  -0.0073379500   -0.0003299500    0.0007326600
  -0.0008350400   -0.0019410700    0.0024595400
   0.0017066200   -0.0037674600    0.0012078500
   0.0071459700    0.0021368000   -0.0002162700
  -0.0150848400    0.0014942500   -0.0019939200
  -0.0215823600    0.0067202000    0.0081323100
   0.0062441200    0.0046484300   -0.0028963100
   0.0417753700   -0.0100686800   -0.0032432600
   0.0009609200   -0.0006162500   -0.0014528000
   0.0008479500   -0.0003869300   -0.0041406400
  -0.0023128200   -0.0018041100    0.0035823400
   0.0016426400    0.0022455700   -0.0052252400
  -0.0092452700   -0.0014987000    0.0005578400
  -0.0087646700    0.0024180200    0.0040641500
   0.0016287500   -0.0010649800   -0.0034863900

13   
 -0.0000000198189388   0.0099999999990878  -0.0000001336070276
   0.0056225900    0.0009550200   -0.0020911900
  -0.0063518900    0.0073513700    0.0020500100
  -0.0045390400   -0.0026571100    0.0013098000
   0.0058891100    0.0029131500   -0.0046295000
   0.0024676500    0.0054439200    0.0030471300
   0.0005406500    0.0105217000   -0.0046971200
  -0.0010958500    0.0049039600   -0.0005472200
   0.0014700100   -0.0063515400    0.0007868000
   0.0093760300   -0.0002754000   -0.0013650200
  -0.0043634800    0.0134983600    0.0005862100
  -0.0202202900    0.0287685100    0.0184437400
   0.0036563200    0.0023487700   -0.0017109600
   0.0061905300   -0.0954268800   -0.0110503400
   0.0029257300    0.0078869900   -0.0039334600
   0.0038031900    0.0027878000   -0.0050016700
  -0.0046926800   -0.0023352900    0.0026722800
   0.0000496700    0.0170232600   -0.0040015500
   0.0006509600   -0.0029764800    0.0041300200
  -0.0026149400    0.0024913200    0.0055547900
   0.0012357200    0.0031285700    0.0004472500

13   
  0.0000000198189388  -0.0099999999990878   0.0000001336070276
   0.0048991700    0.0043580100   -0.0036735000
  -0.0051573500   -0.0017128400    0.0022374400
  -0.0048502800   -0.0039944600    0.0022345500
   0.0048811100   -0.0076664300    0.0019289000
   0.0009620700    0.0003456700    0.0003769900
  -0.0055868600   -0.0057808800    0.0006975900
  -0.0028877600   -0.0091374300   -0.0021306100
   0.0016605900    0.0010478000    0.0033521600
   0.0045093900    0.0073651500   -0.0015413800
  -0.0030853600   -0.0141321100    0.0032870000
   0.0042874800   -0.0353176900   -0.0162773200
   0.0091757400    0.0029555600   -0.0037285200
  -0.0150566400    0.0925196000    0.0200693700
   0.0053239400   -0.0061418000   -0.0021960300
   0.0051798900   -0.0047936200   -0.0020995400
  -0.0044927500   -0.0004570400    0.0046499000
  -0.0004880600   -0.0162112000   -0.0041485000
  -0.0000054200    0.0026440700    0.0033541500
   0.0022660400   -0.0017503500    0.0022458800
  -0.0015349500   -0.0041400100   -0.0086385400

13   
 -0.0000328598155825  -0.0000001328167438   0.0099999460105982
   0.0051573600    0.0017620200   -0.0025037300
  -0.0051671300    0.0027814100    0.0065599300
  -0.0048698600   -0.0032131400    0.0010751300
   0.0048668300   -0.0033968100    0.0021035300
   0.0008263600    0.0041511700    0.0081754900
  -0.0052737700    0.0001977600    0.0042462700
  -0.0062007800   -0.0011721400   -0.0047803200
   0.0021306400   -0.0038305200    0.0007208700
   0.0070680000    0.0020312400    0.0007803400
   0.0062539300    0.0005711300    0.0283806600
  -0.0171953200    0.0089059700    0.0184188000
   0.0051001400    0.0010424200   -0.0049568600
   0.0011790900   -0.0155260900   -0.0873875000
   0.0023152600    0.0012681200   -0.0023824000
   0.0048774000   -0.0026086600   -0.0023138400
  -0.0044447500   -0.0009456400    0.0213533400
   0.0007016400    0.0020211200   -0.0050811300
   0.0054565400   -0.0002090600    0.0091552400
  -0.0018520300    0.0032352300    0.0031260600
  -0.0009295500    0.0029344800    0.0053101300

13   
  0.0000328598155825   0.0000001328167438  -0.0099999460105982
   0.0053422500    0.0032982100   -0.0029734800
  -0.0064340100    0.0026243800   -0.0019560000
  -0.0045618600   -0.0036539000    0.0028173300
   0.0060113200   -0.0010412500   -0.0053907200
   0.0027963300    0.0009819900   -0.0046623600
   0.0004173300    0.0044798400   -0.0081180200
   0.0020769900   -0.0032469900    0.0021444600
   0.0009545200   -0.0016902600    0.0036793200
   0.0068242800    0.0048211000   -0.0034031800
  -0.0125488400   -0.0014109300   -0.0217323600
   0.0009166900   -0.0150521200   -0.0152406100
   0.0076556400    0.0039799700   -0.0001783200
  -0.0106814700    0.0158380400    0.0888799000
   0.0058875400    0.0002519700   -0.0034791400
   0.0040133400    0.0004216800   -0.0044473800
  -0.0047519300   -0.0022392200   -0.0136702300
  -0.0011537100   -0.0011960300   -0.0027231000
  -0.0048187100   -0.0003042200   -0.0013595300
   0.0013968200   -0.0028004300    0.0050319200
   0.0006574700   -0.0040618300   -0.0132185000

14   
  0.0099996640745650  -0.0000000182080288  -0.0000819658192390
  -0.0022239600    0.0032806000   -0.0028737200
  -0.0058429700    0.0023307900    0.0023367600
  -0.0010409300   -0.0044681100    0.0006821500
   0.0049315300   -0.0025752100   -0.0009554400
   0.0068384900   -0.0001925200   -0.0010980500
   0.0007394800    0.0031162500   -0.0023850100
  -0.0021198700   -0.0032067400   -0.0003708600
   0.0004236200   -0.0025028400   -0.0016215100
   0.0183653200    0.0053321800    0.0026626300
  -0.0038654400   -0.0017060100    0.0008887100
  -0.0081026500   -0.0006420000    0.0018440500
   0.0197241900    0.0119969600   -0.0091808500
  -0.0013087000   -0.0004820700    0.0017720500
  -0.0421119400   -0.0101844100    0.0035703200
   0.0022124700   -0.0013509400   -0.0032964700
  -0.0009543500   -0.0008429000    0.0044277700
   0.0093582600   -0.0007965900   -0.0007358400
  -0.0015225600    0.0015405200    0.0050476600
  -0.0019434100   -0.0002404600    0.0034186100
   0.0084434100    0.0015935200   -0.0041329700

14   
 -0.0099996640745650   0.0000000182080288   0.0000819658192390
   0.0115686600    0.0017521600   -0.0025495700
  -0.0059443900    0.0030732400    0.0020696800
  -0.0085414500   -0.0024972000    0.0028032300
   0.0055917300   -0.0021098900   -0.0024265300
  -0.0030991900    0.0049935300    0.0042740400
  -0.0055921500    0.0017860900   -0.0017297200
  -0.0020512600   -0.0012493900   -0.0021742800
   0.0025992900   -0.0030649100    0.0059589900
  -0.0045895200    0.0015120000   -0.0057098700
  -0.0037579700    0.0008194900    0.0032477100
  -0.0086841200   -0.0049177900    0.0013695100
  -0.0068854800   -0.0073870500    0.0040654600
  -0.0078522400    0.0022566800    0.0048862900
   0.0546947000    0.0107297000   -0.0094550900
   0.0065116000   -0.0008351200   -0.0036768000
  -0.0084440900   -0.0022556800    0.0031311300
  -0.0100106600    0.0016385800   -0.0072841700
   0.0019727500   -0.0021303800    0.0025917400
   0.0013616200    0.0006735700    0.0045499400
  -0.0088478300   -0.0027876200   -0.0039416900

14   
 -0.0000000198189388   0.0099999999990878  -0.0000001336070276
   0.0058608700    0.0071789100   -0.0026770800
  -0.0061360900    0.0011374100    0.0014963400
  -0.0052282900    0.0017711200    0.0046843500
   0.0052206000   -0.0015466900   -0.0011797600
  -0.0010485400    0.0106636400    0.0043390100
  -0.0029724200    0.0053086400   -0.0034002000
  -0.0018867500   -0.0057850500    0.0000585600
   0.0006792600    0.0043485200    0.0013888100
   0.0076478200    0.0173419900    0.0000948800
  -0.0060911900   -0.0041176600    0.0020442500
  -0.0055133400   -0.0029320900    0.0006656400
   0.0183152300    0.0340109000   -0.0194477600
  -0.0032716900    0.0080278100    0.0042585400
  -0.0065182000   -0.0955399000    0.0113534200
   0.0045840800   -0.0018793300   -0.0023740700
  -0.0039081600    0.0023333900    0.0052947500
  -0.0005366400   -0.0022703900   -0.0043012200
   0.0000644400    0.0163238700    0.0038296000
  -0.0015563700    0.0039549100   -0.0005105000
   0.0022954100    0.0016700000   -0.0056175300

14   
  0.0000000198189388  -0.0099999999990878   0.0000001336070276
   0.0046207700   -0.0018973300   -0.0028309900
  -0.0054132000    0.0045444900    0.0030460600
  -0.0041923000   -0.0087624100   -0.0017704000
   0.0055322200   -0.0028951400   -0.0020815800
   0.0050796500   -0.0056431900   -0.0010614800
  -0.0014697200    0.0002029400   -0.0007386900
  -0.0020788300    0.0016067700   -0.0025137900
   0.0024661500   -0.0097029400    0.0029658400
   0.0063627100   -0.0102892900   -0.0026159100
  -0.0012317000    0.0035206000    0.0022130700
  -0.0110378000   -0.0023355300    0.0026761700
  -0.0061001900   -0.0299806000    0.0151888000
  -0.0056766100   -0.0060065200    0.0025136900
   0.0147051100    0.0923586500   -0.0197094900
   0.0043866400   -0.0000052500   -0.0043639900
  -0.0052923600   -0.0052518800    0.0023870900
   0.0001151300    0.0033468600   -0.0035320400
   0.0006019400   -0.0169200700    0.0039720500
   0.0012144200   -0.0033147300    0.0085703000
  -0.0025920300   -0.0025754300   -0.0023147200

14   
 -0.0000328598155825  -0.0000001328167438   0.0099999460105982
   0.0059185100    0.0024284400    0.0012770500
  -0.0058541500    0.0034658500    0.0024233000
  -0.0053553000   -0.0021230000    0.0055661300
   0.0052446900   -0.0025341400   -0.0027381000
  -0.0009163000    0.0046018900    0.0077567700
  -0.0033155100    0.0008213400    0.0043083000
  -0.0013851500   -0.0011084400   -0.0028347000
  -0.0024808900   -0.0037853300   -0.0013070300
   0.0158141400    0.0024090100    0.0224008500
  -0.0035232300    0.0009685700    0.0040812300
  -0.0094937000   -0.0012991000   -0.0008669400
  -0.0027691200   -0.0097282700    0.0141671300
  -0.0062015300    0.0003690000    0.0038047400
   0.0103030000    0.0156584900   -0.0885225200
   0.0046060400   -0.0017683700    0.0139566700
  -0.0040863600   -0.0000144800    0.0047413300
   0.0049556900    0.0004092400    0.0011922900
   0.0012401500   -0.0018928300    0.0025383800
  -0.0010088200   -0.0032447900    0.0131445100
  -0.0016921500   -0.0036330900   -0.0050893800

14   
  0.0000328598155825   0.0000001328167438  -0.0099999460105982
   0.0046558800    0.0026014300   -0.0071472700
  -0.0056687500    0.0019498000    0.0018876600
  -0.0041614400   -0.0045154300   -0.0019850800
   0.0055506200   -0.0021120400   -0.0009229100
   0.0047690500    0.0003378600   -0.0046070500
  -0.0013372300    0.0040097900   -0.0085369600
  -0.0025511500   -0.0032713200    0.0001160100
   0.0057802400   -0.0017354400    0.0056120500
  -0.0029666700    0.0044304400   -0.0276974600
  -0.0037892300   -0.0018109800   -0.0001059800
  -0.0069615300   -0.0042515700    0.0039052500
   0.0153188200    0.0141685200   -0.0194437100
  -0.0026643600    0.0014016400    0.0027016900
  -0.0015399700   -0.0156195700    0.0876817500
   0.0043412200   -0.0004907500   -0.0210630700
  -0.0049866600   -0.0030674000    0.0026031200
  -0.0053434800    0.0004925100   -0.0093290400
  -0.0005858800    0.0013133800    0.0049032900
   0.0006126300    0.0037572600   -0.0053813900
   0.0015279000    0.0024118500   -0.0031908900

15   
  0.0099996640745650  -0.0000000182080288  -0.0000819658192390
   0.0048198100    0.0026754600   -0.0020603000
  -0.0021187900    0.0036626600    0.0010173900
  -0.0047604900   -0.0031522400    0.0019838000
  -0.0020688200   -0.0031816000   -0.0017807500
   0.0007262800    0.0021576600   -0.0020739900
  -0.0025179200    0.0032824000   -0.0011137800
   0.0011300600   -0.0030401400   -0.0016373300
   0.0065201100   -0.0001636500   -0.0006352100
   0.0202949600   -0.0061765000   -0.0079368000
  -0.0035355000   -0.0026441400    0.0023184400
  -0.0084379000   -0.0015797300    0.0004189100
   0.0177970200    0.0005091900    0.0014160200
  -0.0008418800    0.0000949800    0.0039963300
   0.0018514200    0.0009225700   -0.0028305700
  -0.0417521600    0.0097940100    0.0031080500
  -0.0014288200   -0.0002661800    0.0022070100
   0.0083534900   -0.0018541500   -0.0040759600
  -0.0014265700    0.0001021800    0.0032559000
  -0.0020481800   -0.0016791100    0.0052146400
   0.0094438500    0.0005363200   -0.0007918000

15   
 -0.0099996640745650   0.0000000182080288   0.0000819658192390
   0.0054867800    0.0022153300   -0.0035241000
  -0.0096381300    0.0016576800    0.0031818200
  -0.0048514200   -0.0038947400    0.0017036100
   0.0116218900   -0.0016532900   -0.0014475300
   0.0029113100    0.0027198000    0.0055036100
  -0.0024427500    0.0013271600   -0.0029224100
  -0.0051933800   -0.0017064500   -0.0009860500
  -0.0033914300   -0.0053265500    0.0047196600
  -0.0063185200    0.0132586200    0.0053254600
  -0.0041045600    0.0016338400    0.0018400000
  -0.0083259800   -0.0041054700    0.0027742800
  -0.0051590200    0.0043378600   -0.0069636800
  -0.0083234600    0.0015100200    0.0026969800
   0.0061615100    0.0004103300   -0.0032150200
   0.0550376800   -0.0111971800   -0.0099157400
  -0.0079638300   -0.0030020400    0.0053178800
  -0.0089312400    0.0025307100   -0.0038858600
   0.0018901700   -0.0008127900    0.0043826500
   0.0014565400    0.0019923800    0.0027549600
  -0.0099221300   -0.0018952000   -0.0073405400

15   
 -0.0000000198189388   0.0099999999990878  -0.0000001336070276
   0.0054252600    0.0029950400   -0.0031868400
  -0.0052923500    0.0079570100   -0.0014609600
  -0.0043249800   -0.0053671300    0.0026959200
   0.0047472300    0.0019893600   -0.0017203000
   0.0027717000    0.0093563100    0.0025158700
  -0.0024686200   -0.0015300800   -0.0032601000
  -0.0010696600   -0.0001261700    0.0000089000
   0.0047628400    0.0052862300   -0.0005979000
  -0.0055811200    0.0358964200    0.0164994900
  -0.0064665500   -0.0009502400    0.0031500800
  -0.0058014400   -0.0068107700    0.0017442700
   0.0057997200    0.0161303500   -0.0038652900
  -0.0051704900    0.0045040400    0.0019547100
   0.0040295300   -0.0004230000   -0.0038964700
   0.0150822500   -0.0928265600   -0.0202309700
  -0.0057888300    0.0052565400    0.0029473400
  -0.0026755700    0.0023165500   -0.0022573800
   0.0017353100    0.0031763200    0.0084076600
   0.0000784500    0.0167788100    0.0041385600
   0.0002073100   -0.0036090200   -0.0035866000

15   
  0.0000000198189388  -0.0099999999990878   0.0000001336070276
   0.0051092700    0.0016498800   -0.0022840700
  -0.0062813000   -0.0026244000    0.0051132000
  -0.0050510300   -0.0019546200    0.0011392400
   0.0059517100   -0.0070636200   -0.0015899300
   0.0009863200   -0.0046917800    0.0009311000
  -0.0022876500    0.0058630100   -0.0006872800
  -0.0025834000   -0.0052288200   -0.0026575300
  -0.0013442300   -0.0109952400    0.0047834800
   0.0189343800   -0.0282313700   -0.0182573000
  -0.0009428000   -0.0003509400    0.0011356600
  -0.0106616400    0.0008352100    0.0015707200
   0.0070747600   -0.0114929100   -0.0011595600
  -0.0037961800   -0.0030788600    0.0048604400
   0.0042261400    0.0014542200   -0.0019149700
  -0.0062032100    0.0951434800    0.0109339500
  -0.0033903000   -0.0087696100    0.0046906600
   0.0022067300   -0.0019266400   -0.0055627100
  -0.0010352200   -0.0040922300   -0.0006785700
  -0.0004584100   -0.0164602900    0.0039927700
  -0.0004539400    0.0020155300   -0.0043593000

15   
 -0.0000328598155825  -0.0000001328167438   0.0099999460105982
   0.0051356600    0.0026324700   -0.0038514900
  -0.0064078700    0.0013131800    0.0059433700
  -0.0047702300   -0.0042879500    0.0020739800
   0.0060263500   -0.0023240100    0.0023730700
  -0.0021809000    0.0034414900   -0.0017594100
  -0.0017791600    0.0011841600   -0.0035871200
  -0.0029176100   -0.0007458100    0.0050501400
  -0.0012265300   -0.0049410500    0.0082046900
  -0.0022278300    0.0156210000    0.0154558800
  -0.0049245000   -0.0019845600   -0.0003972100
  -0.0080956000   -0.0042571700    0.0036099400
   0.0152726100    0.0034306200    0.0211607900
  -0.0039694600   -0.0007356300    0.0043086900
   0.0042444300    0.0013417400    0.0144169000
   0.0106500900   -0.0161340400   -0.0890184300
  -0.0063175000   -0.0011152300    0.0042372400
  -0.0017738400    0.0033788200   -0.0050376200
  -0.0004948300    0.0031101500    0.0129804000
   0.0007085600    0.0017460800    0.0027055500
   0.0050481800   -0.0006742700    0.0011306300

15   
  0.0000328598155825   0.0000001328167438  -0.0099999460105982
   0.0054444300    0.0022252300   -0.0019711400
  -0.0052740800    0.0036982700   -0.0016831200
  -0.0045784800   -0.0027836300    0.0014715900
   0.0047649700   -0.0025118200   -0.0060005400
   0.0060852200    0.0014102600    0.0051639200
  -0.0029413300    0.0033651700   -0.0006289900
  -0.0009349400   -0.0039522000   -0.0077868500
   0.0044551000   -0.0007056000   -0.0041491700
   0.0159324200   -0.0083603900   -0.0182220000
  -0.0024057400    0.0009696000    0.0043744200
  -0.0083749900   -0.0014778200   -0.0005779400
  -0.0035473500    0.0014192000   -0.0289621400
  -0.0049070000    0.0023370900    0.0021669100
   0.0040252800    0.0000800600   -0.0205934900
  -0.0011435300    0.0152238000    0.0872581700
  -0.0028181100   -0.0021657300    0.0031327900
   0.0014045100   -0.0026862100   -0.0031384700
   0.0011742000   -0.0039131200   -0.0055390900
  -0.0010672500   -0.0014360900    0.0050743600
  -0.0052933200   -0.0007360600   -0.0093892200

16   
  0.0099996640745650  -0.0000000182080288  -0.0000819658192390
   0.0091295000    0.0014579300   -0.0038483800
  -0.0059966800    0.0023924900    0.0029292400
  -0.0109997700   -0.0027292000    0.0016199300
   0.0055409300   -0.0027860100   -0.0015798600
   0.0019393800    0.0014657000    0.0025622500
  -0.0034110100    0.0025792500   -0.0058666500
   0.0029895300   -0.0047797100   -0.0038899800
   0.0047805400   -0.0022705800    0.0018256200
   0.0073947000    0.0054768200   -0.0011663600
   0.0096093800    0.0094267200   -0.0046548900
   0.0033025900   -0.0009572800    0.0059098100
   0.0064735700    0.0011795800   -0.0038245000
  -0.0065023000    0.0005417800    0.0035397700
   0.0079806100    0.0013708000   -0.0023762800
   0.0078610800   -0.0025481300   -0.0050281600
  -0.0552052700   -0.0116269200    0.0102415900
  -0.0017687800   -0.0001096000   -0.0045587500
   0.0090490800    0.0018253300    0.0037108300
   0.0096042000   -0.0010740500    0.0072756500
  -0.0017712900    0.0011650900   -0.0028208600

16   
 -0.0099996640745650   0.0000000182080288   0.0000819658192390
   0.0016062400    0.0034998800   -0.0015930900
  -0.0053357300    0.0028624200    0.0014435300
   0.0027993200   -0.0043046500    0.0018647800
   0.0054381600   -0.0020486900   -0.0018349900
   0.0020107300    0.0034237000    0.0007555000
  -0.0012374700    0.0020187200    0.0017156700
  -0.0069515100    0.0004123800    0.0014836400
  -0.0015516300   -0.0035997600    0.0024779500
   0.0068100500    0.0011990400   -0.0016423500
  -0.0170176800   -0.0100294200    0.0086188900
  -0.0196515100   -0.0047728100   -0.0024529700
   0.0065729700    0.0037111600   -0.0014671500
  -0.0022012800    0.0010574900    0.0031503400
   0.0004875000   -0.0000398200   -0.0036762100
   0.0013151500    0.0001933000   -0.0019172600
   0.0416615200    0.0093048500   -0.0028405000
   0.0015359500    0.0008080900   -0.0034298100
  -0.0082458900   -0.0025565500    0.0039011600
  -0.0097693100    0.0013625200    0.0007241400
   0.0017244100   -0.0025018600   -0.0052812500

16   
 -0.0000000198189388   0.0099999999990878  -0.0000001336070276
   0.0047572600    0.0077802700    0.0008460600
  -0.0059386800    0.0031720100    0.0025827800
  -0.0040541900    0.0008962900    0.0018784800
   0.0050091100   -0.0042614800   -0.0025642400
   0.0019649600   -0.0013934400    0.0028985200
  -0.0032796700    0.0092150900   -0.0028772300
  -0.0051925800    0.0058574200    0.0014451300
   0.0006546900   -0.0006924600    0.0008301600
   0.0097459000    0.0028901300   -0.0024756100
   0.0088602900    0.0320504600   -0.0158337000
  -0.0076515200    0.0108376400    0.0028195900
   0.0039417400   -0.0015222800   -0.0027942300
  -0.0043760700   -0.0002910000    0.0042148200
   0.0048248800    0.0043660400   -0.0016352600
   0.0056816500    0.0057115300   -0.0026592600
  -0.0151898300   -0.0932729300    0.0205118100
  -0.0016206600    0.0038790400   -0.0085815700
   0.0027900600    0.0016105000    0.0020801300
  -0.0005270900   -0.0027849100    0.0035192000
  -0.0004002500    0.0159521000   -0.0042055700

16   
  0.0000000198189388  -0.0099999999990878   0.0000001336070276
   0.0058119800   -0.0028307700   -0.0057709000
  -0.0056238400    0.0018370900    0.0016801000
  -0.0052801400   -0.0081779800    0.0016906900
   0.0057310200   -0.0008481300   -0.0009904300
   0.0017781200    0.0060074700    0.0003339800
  -0.0014943600   -0.0048277400   -0.0012894400
   0.0009351100   -0.0104439400   -0.0039501000
   0.0021628300   -0.0057883200    0.0035016600
   0.0042230300    0.0034960300   -0.0004569800
  -0.0156538000   -0.0320716800    0.0189432500
  -0.0089406600   -0.0167760400    0.0001111300
   0.0088081200    0.0061236700   -0.0026141400
  -0.0045787000    0.0015917500    0.0022419500
   0.0034473900   -0.0032106400   -0.0045357100
   0.0032839400   -0.0083140200   -0.0043953100
   0.0060725800    0.0946913700   -0.0106367800
   0.0011456500   -0.0033860000    0.0005043100
  -0.0020937400   -0.0026305600    0.0053920700
   0.0001308600    0.0028407600    0.0042965400
   0.0001346000   -0.0172823100   -0.0040559000

16   
 -0.0000328598155825  -0.0000001328167438   0.0099999460105982
   0.0047407400    0.0035176300    0.0010489100
  -0.0059582900    0.0023999300    0.0013912400
  -0.0040859900   -0.0036045300    0.0061528000
   0.0052639100   -0.0016665100   -0.0013706700
   0.0024397400    0.0035049600    0.0002660000
  -0.0065966300    0.0012692500   -0.0055271600
  -0.0048790400   -0.0001365600    0.0049894800
   0.0005213500   -0.0045121600    0.0086235600
   0.0056862500    0.0048112400   -0.0037004700
  -0.0126432700   -0.0122180500    0.0188979500
   0.0016791300   -0.0038817000    0.0278988000
   0.0065151200    0.0038138000   -0.0004732800
  -0.0043693900    0.0002169300    0.0209145100
   0.0045599600    0.0022005800   -0.0018511200
   0.0027120400   -0.0017083500   -0.0028473000
   0.0010425600    0.0147647100   -0.0869086000
  -0.0010607600   -0.0032087200    0.0053588700
  -0.0012895200   -0.0033908400    0.0029599200
   0.0049759000    0.0000898200    0.0093219800
   0.0007461900   -0.0022614400   -0.0051454300

16   
  0.0000328598155825   0.0000001328167438  -0.0099999460105982
   0.0059282800    0.0011192200   -0.0065446700
  -0.0056465000    0.0028186500    0.0032312400
  -0.0053389700   -0.0034413200   -0.0022636600
   0.0054493300   -0.0031849500   -0.0019191800
   0.0012725900    0.0013256300    0.0032254700
   0.0016714100    0.0033027500    0.0014050400
   0.0008067600   -0.0043848200   -0.0073659400
   0.0025014000   -0.0013065500   -0.0042129200
   0.0082090000    0.0018583800    0.0010763400
   0.0055038600    0.0117935200   -0.0147819400
  -0.0171222800   -0.0018462600   -0.0221972400
   0.0062400800    0.0010324900   -0.0046552600
  -0.0045980600    0.0014746500   -0.0140959500
   0.0036212400   -0.0008676400   -0.0039836300
   0.0062095000   -0.0006613000   -0.0039434300
  -0.0107958200   -0.0165969400    0.0892792100
   0.0006029600    0.0038127300   -0.0131493000
   0.0018904100    0.0026712600    0.0048619700
  -0.0053690200    0.0001532700   -0.0012000200
  -0.0010361600    0.0009272200   -0.0027661400

17   
  0.0099996640745650  -0.0000000182080288  -0.0000819658192390
   0.0093977000    0.0026224700   -0.0006152000
  -0.0050333500    0.0022020400    0.0015243300
  -0.0043742000   -0.0037114100    0.0025261100
   0.0087893700   -0.0023669200   -0.0020348100
   0.0011404300   -0.0010483700    0.0030487000
  -0.0060173800    0.0068715300   -0.0002754700
  -0.0032735600   -0.0028509100   -0.0004690700
   0.0069894900   -0.0031060700    0.0078817600
   0.0413816300    0.0000967500   -0.0015694500
  -0.0031084400   -0.0009978100    0.0019828100
   0.0034336700    0.0061961300   -0.0029189600
   0.0082786400    0.0037050600   -0.0015141300
  -0.0057105000    0.0009308200    0.0043500100
   0.0142813600    0.0004099900    0.0022746400
   0.0135854600   -0.0037780800   -0.0049759400
  -0.0057302200   -0.0029121600    0.0029911800
  -0.0866520600   -0.0076626700   -0.0121648700
   0.0015108600   -0.0008912300    0.0024899600
   0.0117642500    0.0060836800    0.0024790600
  -0.0006531500    0.0002071800   -0.0050106600

17   
 -0.0099996640745650   0.0000000182080288   0.0000819658192390
   0.0012511300    0.0021974000   -0.0049886800
  -0.0063281600    0.0030142200    0.0029610200
  -0.0048121200   -0.0033463700    0.0012278900
   0.0021123600   -0.0024541600   -0.0014520200
   0.0027078100    0.0058167800    0.0003125500
   0.0013650900   -0.0023090700   -0.0037600200
  -0.0005059000   -0.0017302700   -0.0020890300
  -0.0037797800   -0.0026135300   -0.0038128000
  -0.0248076800    0.0064791400   -0.0012276200
  -0.0040351900   -0.0000239500    0.0021822700
  -0.0198476900   -0.0119631400    0.0061268400
   0.0047142800    0.0011504900   -0.0037989000
  -0.0029547700    0.0006150800    0.0023038700
  -0.0059408900    0.0008906800   -0.0082671000
  -0.0044786800    0.0013635900   -0.0020216800
  -0.0031763700   -0.0003723100    0.0045652200
   0.0805925400    0.0104786700    0.0042391500
  -0.0007308100    0.0001847600    0.0051396200
  -0.0119949100   -0.0057632200    0.0054417600
   0.0006497200   -0.0016148100   -0.0030823200

17   
 -0.0000000198189388   0.0099999999990878  -0.0000001336070276
   0.0054201900    0.0070947900   -0.0021572100
  -0.0059188900    0.0001461900    0.0020348100
  -0.0051862100   -0.0028125600    0.0023554000
   0.0035956800    0.0006915200   -0.0004242200
  -0.0009856200    0.0004841800    0.0044624000
   0.0032490300    0.0031213600   -0.0056207400
  -0.0010762700   -0.0070800000   -0.0006263700
   0.0015518400    0.0051406700    0.0009630100
   0.0074287500    0.0155565100   -0.0018541600
  -0.0057032500   -0.0063557400   -0.0004482200
  -0.0002117900    0.0342471300   -0.0121489300
   0.0076367000    0.0009172400   -0.0049338900
  -0.0062926900    0.0169380600    0.0051393600
   0.0029729200   -0.0026226200   -0.0033000300
   0.0022763700    0.0004540000   -0.0002939500
  -0.0049235900    0.0014880100    0.0000429100
  -0.0094499500   -0.0749172700    0.0137475700
   0.0008600200    0.0036776100    0.0042617900
   0.0057149100   -0.0008548800    0.0023336400
  -0.0009581500    0.0046857900   -0.0035331600

17   
  0.0000000198189388  -0.0099999999990878   0.0000001336070276
   0.0050261400   -0.0021458000   -0.0038216900
  -0.0056527000    0.0051580200    0.0024115600
  -0.0041940300   -0.0041513000    0.0013326100
   0.0066957000   -0.0047440300   -0.0028249400
   0.0046672600    0.0042368500   -0.0011390400
  -0.0080447200    0.0015977700    0.0015556100
  -0.0028648200    0.0026040700   -0.0019658000
   0.0016335400   -0.0107760500    0.0032617500
   0.0063525600   -0.0088597700   -0.0010558900
  -0.0016439600    0.0054167800    0.0045023900
  -0.0155674500   -0.0377944000    0.0143011400
   0.0051308300    0.0039888200   -0.0004352200
  -0.0026068900   -0.0151551900    0.0015036400
   0.0051801100    0.0040600700   -0.0028302600
   0.0066492900   -0.0027060900   -0.0067588500
  -0.0041842100   -0.0047103500    0.0074219900
   0.0090533400    0.0731757300   -0.0197245100
  -0.0002493000   -0.0043143800    0.0033198400
  -0.0061406500    0.0011152800    0.0055487500
   0.0007599600   -0.0059960300   -0.0046030700

17   
 -0.0000328598155825  -0.0000001328167438   0.0099999460105982
   0.0075222900    0.0022954900    0.0076419000
  -0.0055036600    0.0029434400    0.0028479900
  -0.0047824800   -0.0038054900    0.0002905900
   0.0049056300   -0.0022782100    0.0020487100
   0.0044792600    0.0063906600    0.0044459100
   0.0015667500   -0.0026109000   -0.0008449800
  -0.0020947500   -0.0017355000   -0.0015614700
   0.0056688800   -0.0039502600    0.0090634500
   0.0050790000    0.0033599900    0.0087808400
  -0.0020156300    0.0005574200    0.0010248300
  -0.0122934600   -0.0145966200    0.0166014600
   0.0069627000    0.0038660500   -0.0063083800
  -0.0031944300    0.0009778700    0.0021586700
   0.0073750000    0.0001201600    0.0022594000
   0.0043221600    0.0006182700   -0.0043867800
  -0.0050121200   -0.0063292800    0.0130561700
  -0.0095130900    0.0177865000   -0.0662729500
  -0.0008923400   -0.0008267500    0.0049533400
  -0.0016764800   -0.0015363100    0.0014212200
  -0.0009032400   -0.0012465200    0.0027800600

17   
  0.0000328598155825   0.0000001328167438  -0.0099999460105982
   0.0020845000    0.0030716300   -0.0142978100
  -0.0059076200    0.0022829600    0.0013339000
  -0.0044648300   -0.0032382600    0.0032342700
   0.0058532200   -0.0024893100   -0.0057788400
  -0.0006197200   -0.0015969600   -0.0013402700
  -0.0061907500    0.0071443900   -0.0034167800
  -0.0017228600   -0.0028334100   -0.0012929100
  -0.0027909700   -0.0017489700   -0.0055673600
   0.0088474600    0.0033190200   -0.0117542700
  -0.0051830400   -0.0015957700    0.0028524000
  -0.0039609200    0.0092602400   -0.0136034500
   0.0059494100    0.0010207500    0.0006670800
  -0.0055354400    0.0005875600    0.0041930000
   0.0009578000    0.0011805000   -0.0085970000
   0.0046883500   -0.0029581500   -0.0028341500
  -0.0039619600    0.0031042800   -0.0057722800
   0.0081561800   -0.0161580800    0.0644692500
   0.0016518000    0.0001095200    0.0023931200
   0.0013062200    0.0017459000    0.0062561400
   0.0008431700   -0.0002078300   -0.0111440700

18   
  0.0099996640745650  -0.0000000182080288  -0.0000819658192390
   0.0058167700    0.0028358900   -0.0035650700
  -0.0017626500    0.0023802400    0.0043528900
  -0.0014236300   -0.0035662200    0.0015603500
   0.0054955400   -0.0022386300   -0.0010834400
  -0.0018713800   -0.0021546700    0.0034004500
  -0.0032155900    0.0056968600   -0.0006686100
   0.0033651400   -0.0020692600    0.0046574400
   0.0000911100   -0.0023087300    0.0029288100
   0.0073329800    0.0038208100   -0.0015001900
   0.0280549800    0.0026501000    0.0019113700
  -0.0065883600   -0.0041393900    0.0027462300
   0.0180066500   -0.0066576000   -0.0071642400
   0.0055523000    0.0010396500    0.0085916900
   0.0026494200    0.0004944700   -0.0019805100
   0.0031110500    0.0000698600   -0.0042735500
   0.0043310100    0.0008963100    0.0023107900
   0.0008002700    0.0008719400   -0.0053164600
  -0.0804525000    0.0097128700   -0.0044166700
  -0.0009255900   -0.0007673600    0.0030199600
   0.0116324900   -0.0065671200   -0.0055112500

18   
 -0.0099996640745650   0.0000000182080288   0.0000819658192390
   0.0045170200    0.0020258300   -0.0021173900
  -0.0099109800    0.0028109200    0.0000035800
  -0.0081147300   -0.0034616000    0.0021391600
   0.0050560200   -0.0026079800   -0.0023746400
   0.0055062000    0.0070140000   -0.0000851000
  -0.0016502000   -0.0011879700   -0.0034088500
  -0.0074148300   -0.0025458100   -0.0070468700
   0.0028523900   -0.0034102800    0.0013086200
   0.0063897200    0.0028455900   -0.0013055000
  -0.0380779000   -0.0037585800    0.0022351000
  -0.0101375100   -0.0015847000    0.0004669700
  -0.0052932300    0.0114672400    0.0018664900
  -0.0146325600    0.0005451100   -0.0019548100
   0.0053594400    0.0007955900   -0.0040288100
   0.0056202700   -0.0024566300   -0.0026997400
  -0.0136947800   -0.0042318200    0.0052686300
  -0.0013988700   -0.0001859800   -0.0026642300
   0.0867861400   -0.0083622700    0.0119961300
   0.0003284300    0.0010304400    0.0049454700
  -0.0120900500    0.0052589000   -0.0025442100

18   
 -0.0000000198189388   0.0099999999990878  -0.0000001336070276
   0.0054060400   -0.0000239700   -0.0026172700
  -0.0059532100    0.0072801100    0.0014921900
  -0.0029010000   -0.0004155600    0.0005231100
   0.0058704200   -0.0017072700   -0.0021949000
  -0.0037497300    0.0032620300    0.0052608900
   0.0004724900    0.0003436000   -0.0048158500
  -0.0019749000    0.0056989700   -0.0001218100
   0.0006649000   -0.0076388400    0.0014649700
   0.0089846500   -0.0025177700    0.0011298300
  -0.0041441900    0.0117055600    0.0025335000
  -0.0094902100   -0.0043672200    0.0038854100
  -0.0016708500    0.0395316000    0.0111100700
  -0.0033281200   -0.0024883900    0.0036263100
   0.0059541700    0.0168023000   -0.0048178800
   0.0048252800    0.0019473100    0.0002465800
  -0.0023894100    0.0000020400    0.0005901300
  -0.0007558900    0.0043771300   -0.0044336200
   0.0095791300   -0.0756361500   -0.0139347300
   0.0006483100    0.0055160900    0.0034699800
  -0.0060478900   -0.0016715600   -0.0023969100

18   
  0.0000000198189388  -0.0099999999990878   0.0000001336070276
   0.0051345400    0.0049756700   -0.0030211900
  -0.0055174800   -0.0019516900    0.0032342700
  -0.0060339700   -0.0058154700    0.0029451900
   0.0048718800   -0.0030517800   -0.0011796700
   0.0075258200    0.0017592000   -0.0019124300
  -0.0051706400    0.0041155200    0.0007735200
  -0.0020482100   -0.0102353400   -0.0024287300
   0.0024349000    0.0020209600    0.0028079500
   0.0049406600    0.0092689700   -0.0038283200
  -0.0030882200   -0.0126929900    0.0017287500
  -0.0070100600   -0.0013115400   -0.0006161900
   0.0137543600   -0.0325097700   -0.0153574700
  -0.0055664700    0.0042086100    0.0031467100
   0.0022853500   -0.0152784300   -0.0011820300
   0.0041041600   -0.0042728000   -0.0071310900
  -0.0067959300   -0.0031798800    0.0070443100
   0.0003322100   -0.0036197500   -0.0035036900
  -0.0088855400    0.0724358900    0.0195635500
  -0.0010590000   -0.0051647400    0.0045414400
   0.0057916400    0.0002993200   -0.0056248700

18   
 -0.0000328598155825  -0.0000001328167438   0.0099999460105982
   0.0053924500    0.0021016000   -0.0019422100
  -0.0025197700    0.0033159400    0.0137793800
  -0.0051834900   -0.0035814100    0.0058942500
   0.0051463400   -0.0021424200   -0.0031037200
   0.0056771000    0.0072830500    0.0030530700
   0.0001124800   -0.0017403500    0.0009736600
   0.0023761500   -0.0011927000    0.0064048100
   0.0012980600   -0.0033999500    0.0021275200
   0.0084604900    0.0022409800   -0.0021803600
  -0.0055704300   -0.0005288300    0.0124320500
  -0.0078076700   -0.0042716900   -0.0017190200
   0.0020873200    0.0145393000    0.0125518700
  -0.0013082000    0.0013128100    0.0089131400
   0.0051828400    0.0004483400   -0.0038770000
   0.0038513100    0.0035570300    0.0060590100
  -0.0047986200   -0.0034193500    0.0031177300
  -0.0015381800    0.0008115200   -0.0025758900
  -0.0080599600   -0.0168607300   -0.0646511600
  -0.0011706500    0.0006109800    0.0110737800
  -0.0016275800    0.0009158800   -0.0063309400

18   
  0.0000328598155825   0.0000001328167438  -0.0099999460105982
   0.0049916500    0.0027637800   -0.0034462200
  -0.0080853400    0.0024312100   -0.0083682200
  -0.0042110600   -0.0033724000   -0.0019140400
   0.0054656400   -0.0027013400   -0.0001268300
  -0.0020772500   -0.0024488400    0.0004969500
  -0.0049818800    0.0062723000   -0.0048022100
  -0.0060858700   -0.0034053300   -0.0082289600
   0.0016754400   -0.0023135500    0.0024143600
   0.0053170700    0.0044137500   -0.0003408400
  -0.0018066000   -0.0004705900   -0.0081037000
  -0.0088350100   -0.0014301000    0.0052643200
   0.0104656200   -0.0093061500   -0.0176419000
  -0.0077581800    0.0002748200   -0.0019351100
   0.0028828900    0.0008639500   -0.0018262500
   0.0049387100   -0.0058888700   -0.0127575400
  -0.0044630300    0.0001511600    0.0046824500
   0.0009771600   -0.0001296200   -0.0051274100
   0.0096501200    0.0170503600    0.0660773100
   0.0006128800   -0.0004088200   -0.0028323500
   0.0013270300   -0.0023457200   -0.0014838300

19   
  0.0099996640745650  -0.0000000182080288  -0.0000819658192390
   0.0053867300    0.0023359300   -0.0022140400
  -0.0025193200    0.0027286200    0.0019521000
  -0.0006742600   -0.0031856200    0.0040253200
   0.0059223700   -0.0027233900   -0.0024960400
   0.0004035800    0.0019421600    0.0024701700
   0.0029554300    0.0021267900    0.0039090400
  -0.0028276200   -0.0055958400    0.0000794600
  -0.0021751300    0.0018344700    0.0038486700
   0.0185590700    0.0125155400   -0.0059178300
  -0.0020013400    0.0008488100    0.0032180900
   0.0234830200   -0.0059226600    0.0014421900
   0.0067471000    0.0020347600   -0.0027569500
   0.0044805700   -0.0016581400    0.0018827600
   0.0027181300   -0.0005139700   -0.0038155700
   0.0029700900   -0.0009028100   -0.0024503900
   0.0054697300   -0.0017679900    0.0090269200
   0.0115715900    0.0063213000   -0.0054502800
  -0.0004363200    0.0006406700    0.0028466600
  -0.0809506500   -0.0099171600   -0.0042326800
   0.0009172400   -0.0011414800   -0.0053676100

19   
 -0.0099996640745650   0.0000000182080288   0.0000819658192390
   0.0049514200    0.0027235100   -0.0034268900
  -0.0091905100    0.0026640200    0.0024628600
  -0.0088240200   -0.0036498200   -0.0004112300
   0.0046313900   -0.0019307900   -0.0009775800
   0.0031522600    0.0030853800    0.0008575900
  -0.0077944200    0.0026394300   -0.0077926200
  -0.0012443800    0.0012477200   -0.0026624100
   0.0051938200   -0.0073771500    0.0003696100
  -0.0047040600   -0.0056309400    0.0031258400
  -0.0055798700   -0.0016916400    0.0009346700
  -0.0426621500    0.0004613600    0.0017628200
   0.0058404000    0.0029938900   -0.0025584000
  -0.0136087500    0.0035029800    0.0048297800
   0.0053008200    0.0020485700   -0.0022317000
   0.0057538500   -0.0012383100   -0.0044887900
  -0.0147785000   -0.0013069000   -0.0015254600
  -0.0121989900   -0.0055277400   -0.0024961000
   0.0008829300   -0.0011775900    0.0047871500
   0.0862167200    0.0082250800    0.0121700500
  -0.0013379500   -0.0000610600   -0.0027292100

19   
 -0.0000000198189388   0.0099999999990878  -0.0000001336070276
   0.0047688600    0.0031431500   -0.0023223600
  -0.0071175300    0.0050299400    0.0033573800
  -0.0044418200    0.0011386100    0.0028697200
   0.0052473200   -0.0048662400   -0.0019602500
   0.0027496700   -0.0023867200    0.0023534700
  -0.0024432600    0.0102927000   -0.0031732300
  -0.0047706800   -0.0040215600    0.0015185000
   0.0072268900   -0.0020869300   -0.0014646100
   0.0142705800    0.0383438900   -0.0140920500
  -0.0024170100   -0.0019821400   -0.0001421500
  -0.0076249300    0.0094171900    0.0012584100
   0.0043599100   -0.0034171800   -0.0050847200
  -0.0066361800    0.0024116200    0.0066162800
   0.0037164400    0.0038266600   -0.0066686700
   0.0026126200    0.0148673100   -0.0016499500
  -0.0056410800   -0.0049402000    0.0035841600
   0.0057409100   -0.0005453900   -0.0055621200
  -0.0005684800    0.0050364200    0.0043707200
  -0.0094914200   -0.0726062500    0.0197459300
   0.0004592000    0.0033450900   -0.0035544600

19   
  0.0000000198189388  -0.0099999999990878   0.0000001336070276
   0.0057590300    0.0018156100   -0.0032971400
  -0.0039756100   -0.0004443400    0.0008569300
  -0.0048546100   -0.0080972000    0.0011849700
   0.0055107400    0.0001290200   -0.0015202500
   0.0009609800    0.0072996300    0.0010150300
  -0.0023683800   -0.0056224000   -0.0008737900
   0.0008704800   -0.0002700200   -0.0040724000
  -0.0040681800   -0.0036006000    0.0057132100
  -0.0010678500   -0.0336785000    0.0123519800
  -0.0049239100    0.0010887700    0.0043551900
  -0.0087341700   -0.0149996100    0.0020648000
   0.0084152200    0.0083626900   -0.0001294500
  -0.0022723600   -0.0007418500    0.0001509700
   0.0044590500   -0.0023658800    0.0007105500
   0.0063023100   -0.0172313700   -0.0052805500
  -0.0034420000    0.0017404500    0.0040541400
  -0.0061265400    0.0014208800   -0.0023446200
   0.0011582400   -0.0056475300    0.0033041400
   0.0090600900    0.0754825200   -0.0137490500
  -0.0006625200   -0.0046402700   -0.0044946400

19   
 -0.0000328598155825  -0.0000001328167438   0.0099999460105982
   0.0050441600    0.0022397800   -0.0041909200
  -0.0062678600    0.0027795200    0.0062611000
  -0.0014992000   -0.0040547100    0.0133313200
   0.0055051200   -0.0020067700   -0.0008409000
   0.0016164700    0.0030464000    0.0016746100
   0.0019789900    0.0012622800    0.0056598000
   0.0005071600    0.0018090300    0.0017269800
   0.0053803500   -0.0076339400    0.0035012800
   0.0026764000   -0.0087082100    0.0138082500
  -0.0032325100    0.0009754400   -0.0012503500
  -0.0101517100   -0.0027609000    0.0119604500
   0.0078970800    0.0036031900   -0.0034324000
  -0.0046814000    0.0026654600    0.0026865000
   0.0035031100   -0.0039893300    0.0065257400
   0.0055493400   -0.0008828100   -0.0043379200
  -0.0014241700   -0.0020667500    0.0093484800
  -0.0017207900   -0.0011884700   -0.0062685200
  -0.0006318700   -0.0007641400    0.0109070600
  -0.0085893600    0.0167467100   -0.0644434300
  -0.0014593100   -0.0010717800   -0.0026271400

19   
  0.0000328598155825   0.0000001328167438  -0.0099999460105982
   0.0053560900    0.0028070100   -0.0012343300
  -0.0052994200    0.0025430500   -0.0015718800
  -0.0069401300   -0.0033033000   -0.0086355000
   0.0050991700   -0.0026586000   -0.0023440100
   0.0019794200    0.0019725600    0.0019565700
  -0.0064806900    0.0034834700   -0.0089784600
  -0.0045842100   -0.0061900000   -0.0040616500
  -0.0023856200    0.0021082000    0.0009475300
   0.0110179700    0.0151592800   -0.0163901300
  -0.0042658000   -0.0018516900    0.0057315100
  -0.0063673400   -0.0028111400   -0.0085763500
   0.0047477700    0.0014353900   -0.0015974300
  -0.0043483500   -0.0008934200    0.0042433100
   0.0045817500    0.0054651900   -0.0122973800
   0.0032381900   -0.0012868400   -0.0022951500
  -0.0078739400   -0.0010194400   -0.0015077900
   0.0012382900    0.0020896200   -0.0014334100
   0.0011332200    0.0002730000   -0.0030019800
   0.0090887700   -0.0171958500    0.0662351400
   0.0010648400   -0.0001264800   -0.0051886100

20   
  0.0099996640745650  -0.0000000182080288  -0.0000819658192390
   0.0086887700    0.0024579100   -0.0031458900
  -0.0054623700    0.0028859500    0.0028843000
  -0.0039449300   -0.0030235900    0.0011708400
   0.0095075200   -0.0025217400    0.0004831600
   0.0073007800    0.0027604300    0.0074363900
  -0.0036672500    0.0029248100   -0.0012171800
  -0.0056159700   -0.0067938800    0.0004676300
   0.0008364500    0.0006997500    0.0035007800
   0.0088482900    0.0021416200   -0.0002602400
   0.0080010500   -0.0094551500   -0.0024373200
  -0.0076786700   -0.0022909100    0.0015127700
   0.0407738900    0.0057749900   -0.0027898900
  -0.0056119800    0.0021634600    0.0025583400
   0.0132279400    0.0033471100   -0.0045124300
   0.0146402800   -0.0008384100    0.0018100800
  -0.0058253600   -0.0016798700    0.0047836300
  -0.0007371300   -0.0004658100   -0.0049557800
   0.0122880000   -0.0062257600    0.0023135100
   0.0009887600    0.0007479500    0.0026551700
  -0.0865580900    0.0073911400   -0.0122578500

20   
 -0.0099996640745650   0.0000000182080288   0.0000819658192390
   0.0019968900    0.0025629500   -0.0025637800
  -0.0059021700    0.0025249900    0.0015940200
  -0.0052424600   -0.0038324200    0.0026093600
   0.0013540100   -0.0020970100   -0.0038840400
  -0.0034803700    0.0022720500   -0.0042666200
  -0.0009038800    0.0018075700   -0.0028311500
   0.0017581200    0.0023836700   -0.0030075800
   0.0023941100   -0.0061569400    0.0007672200
   0.0052831500    0.0046989200   -0.0025391000
  -0.0152781000    0.0086501200    0.0065872400
  -0.0086095000   -0.0032582600    0.0017137100
  -0.0253154800   -0.0006522000   -0.0025122600
  -0.0030636800   -0.0003708500    0.0041329800
  -0.0048374000   -0.0017826800   -0.0015536000
  -0.0055872100   -0.0013176100   -0.0087262000
  -0.0030746400   -0.0013627800    0.0027383300
   0.0005574300    0.0013551300   -0.0030217000
  -0.0114752100    0.0056259600    0.0052801800
  -0.0012527100   -0.0003207100    0.0053082800
   0.0806791000   -0.0107299000    0.0041747000

20   
 -0.0000000198189388   0.0099999999990878  -0.0000001336070276
   0.0065705300    0.0048012500   -0.0039367200
  -0.0052775400    0.0033305200    0.0017144500
  -0.0045615700   -0.0059753000    0.0020655500
   0.0051199600    0.0022454800   -0.0027630600
   0.0019394600    0.0104343500    0.0028137300
  -0.0032544000   -0.0025246000   -0.0027124800
  -0.0076415500   -0.0015197200    0.0023024500
   0.0043570900   -0.0045770800   -0.0006816200
   0.0057016200    0.0018622600    0.0008202500
  -0.0109869600    0.0344501500    0.0147537200
  -0.0062127700   -0.0087036000    0.0040363100
   0.0057562200    0.0147116200   -0.0023037800
  -0.0040641300    0.0039640000    0.0069923400
   0.0062923900    0.0022803700   -0.0062941500
   0.0055378000   -0.0044836900   -0.0032938200
  -0.0027199900    0.0144128100    0.0019406800
   0.0006829800    0.0057429200   -0.0045443400
  -0.0056210100   -0.0012494000    0.0053891100
  -0.0007761200    0.0041726800    0.0034899800
   0.0091579800   -0.0733750200   -0.0197886200

20   
  0.0000000198189388  -0.0099999999990878   0.0000001336070276
   0.0035244100   -0.0005118800   -0.0015694000
  -0.0062790500    0.0019817300    0.0027133300
  -0.0048341200   -0.0009723700    0.0016774400
   0.0055372500   -0.0069966400   -0.0010185700
   0.0018581200   -0.0054847700    0.0005141100
  -0.0014790100    0.0071518200   -0.0013696500
   0.0036386400   -0.0030523600   -0.0048704600
  -0.0012910200   -0.0008340000    0.0049107100
   0.0082008600    0.0049243800   -0.0036746800
   0.0043449000   -0.0374730400   -0.0116529200
  -0.0102771800    0.0030703900   -0.0009186200
   0.0068853000   -0.0097137500   -0.0031132800
  -0.0048146700   -0.0022404700   -0.0003864600
   0.0019193200   -0.0008846700    0.0001694400
   0.0033310000    0.0021947200   -0.0037637100
  -0.0064161200   -0.0176894300    0.0055763900
  -0.0010551500   -0.0049517600   -0.0034771800
   0.0062374900    0.0007081900    0.0021691900
   0.0003404600   -0.0038187200    0.0044286100
  -0.0093714400    0.0745926400    0.0136556800

20   
 -0.0000328598155825  -0.0000001328167438   0.0099999460105982
   0.0048048700    0.0024057700    0.0009469400
  -0.0058738400    0.0029804900    0.0006395200
  -0.0044174700   -0.0037723400    0.0024653600
   0.0076689700   -0.0021620500    0.0088148800
   0.0059792000    0.0036036100    0.0086161300
  -0.0024945600    0.0018091600   -0.0023170000
   0.0019582500    0.0026829600   -0.0001049600
   0.0041679800   -0.0067350700    0.0048980700
   0.0075269000    0.0019789200   -0.0050600100
  -0.0077189600    0.0112781300    0.0170584000
  -0.0065896000   -0.0038495200    0.0005510200
   0.0044744900    0.0024832000    0.0075306600
  -0.0049011500    0.0055807000    0.0126186100
   0.0039644300   -0.0010474100   -0.0039292400
   0.0077285100   -0.0005501700    0.0017897300
  -0.0033151400   -0.0017292600    0.0025853600
  -0.0009929700    0.0009869500    0.0028283500
  -0.0011574500    0.0013937500    0.0012517700
  -0.0014184000    0.0006831000    0.0051156300
  -0.0093940700   -0.0180209100   -0.0662992400

20   
  0.0000328598155825   0.0000001328167438  -0.0099999460105982
   0.0057346900    0.0025630400   -0.0068707000
  -0.0055539000    0.0024180700    0.0036049800
  -0.0048210700   -0.0031024300    0.0009878400
   0.0021367000   -0.0030261800   -0.0132538000
  -0.0024944800    0.0014087200   -0.0060167000
  -0.0021158300    0.0029135100   -0.0020366300
  -0.0057899900   -0.0070663700   -0.0026679600
  -0.0009294300    0.0012529000   -0.0008845400
   0.0065191000    0.0048323500    0.0019271300
   0.0006042200   -0.0125082600   -0.0131181200
  -0.0097538600   -0.0016875000    0.0023878800
   0.0083117700    0.0025272400   -0.0130174900
  -0.0038410900   -0.0038484600   -0.0062025300
   0.0043258100    0.0025367300   -0.0023610700
   0.0013122900   -0.0016060400   -0.0090530700
  -0.0056482600   -0.0013328000    0.0046309300
   0.0007623400   -0.0000471000   -0.0110821600
   0.0018212000   -0.0018793700    0.0060988900
   0.0011240800   -0.0002505100    0.0025648500
   0.0082957200    0.0159024800    0.0643622600
