#K-Path(1/A)         Spin-Up(eV)   Spin-down(eV)
# NKPTS & NBANDS:  81 112
# Band-Index    1
   0.00000    -42.464382    -42.464380
   0.05944    -42.464233    -42.464230
   0.11888    -42.463800    -42.463797
   0.17832    -42.463100    -42.463097
   0.23776    -42.462153    -42.462151
   0.29720    -42.461007    -42.461005
   0.35664    -42.459708    -42.459705
   0.41607    -42.458489    -42.458487
   0.41607    -42.452721    -42.452719
   0.47679    -42.454966    -42.454963
   0.53751    -42.457179    -42.457176
   0.59823    -42.459208    -42.459205
   0.65895    -42.460976    -42.460973
   0.71967    -42.462425    -42.462422
   0.78039    -42.463497    -42.463494
   0.84111    -42.464157    -42.464154
   0.90183    -42.464382    -42.464380
   0.90183    -42.464382    -42.464380
   0.95804    -42.464379    -42.464377
   1.01426    -42.464378    -42.464376
   1.07047    -42.464378    -42.464376
   1.12668    -42.464375    -42.464373
   1.18289    -42.464373    -42.464370
   1.23910    -42.464372    -42.464370
   1.29532    -42.464369    -42.464367
   1.35153    -42.464368    -42.464366
   1.40774    -42.464369    -42.464367
   1.40774    -42.450900    -42.450899
   1.46145    -42.451298    -42.451297
   1.51516    -42.452271    -42.452270
   1.56887    -42.453510    -42.453508
   1.62257    -42.454851    -42.454849
   1.67628    -42.456218    -42.456216
   1.72999    -42.457562    -42.457560
   1.78370    -42.458845    -42.458843
   1.83741    -42.460041    -42.460039
   1.89111    -42.461129    -42.461127
   1.94482    -42.462082    -42.462080
   1.99853    -42.462890    -42.462887
   2.05224    -42.463534    -42.463532
   2.10595    -42.464000    -42.463997
   2.15966    -42.464285    -42.464283
   2.21336    -42.464382    -42.464380
   2.21336    -42.464382    -42.464380
   2.27085    -42.464281    -42.464279
   2.32834    -42.463983    -42.463981
   2.38584    -42.463498    -42.463495
   2.44333    -42.462825    -42.462823
   2.50082    -42.461980    -42.461978
   2.55831    -42.460976    -42.460974
   2.61580    -42.459826    -42.459824
   2.67329    -42.458554    -42.458552
   2.73078    -42.457176    -42.457174
   2.78827    -42.455716    -42.455714
   2.84576    -42.454198    -42.454196
   2.90325    -42.452715    -42.452713
   2.90325    -42.458482    -42.458479
   2.95783    -42.459128    -42.459126
   3.01242    -42.459922    -42.459920
   3.06700    -42.460686    -42.460684
   3.12159    -42.461401    -42.461398
   3.17617    -42.462059    -42.462057
   3.23075    -42.462652    -42.462650
   3.28534    -42.463164    -42.463161
   3.33992    -42.463593    -42.463591
   3.39451    -42.463935    -42.463932
   3.44909    -42.464179    -42.464176
   3.50367    -42.464330    -42.464328
   3.55826    -42.464382    -42.464380
   3.55826    -42.464382    -42.464380
   3.61640    -42.464203    -42.464200
   3.67455    -42.463678    -42.463675
   3.73269    -42.462824    -42.462822
   3.79084    -42.461666    -42.461664
   3.84898    -42.460249    -42.460246
   3.90712    -42.458619    -42.458617
   3.96527    -42.456835    -42.456833
   4.02341    -42.454980    -42.454978
   4.08156    -42.453161    -42.453160
   4.13970    -42.451606    -42.451604
   4.19785    -42.450898    -42.450898
 
# Band-Index    2
   4.19785    -42.450706    -42.450702
   4.13970    -42.450754    -42.450751
   4.08156    -42.450872    -42.450869
   4.02341    -42.451009    -42.451006
   3.96527    -42.451129    -42.451126
   3.90712    -42.451211    -42.451208
   3.84898    -42.451250    -42.451248
   3.79084    -42.451256    -42.451253
   3.73269    -42.451239    -42.451236
   3.67455    -42.451211    -42.451209
   3.61640    -42.451192    -42.451189
   3.55826    -42.451186    -42.451184
   3.55826    -42.451186    -42.451184
   3.50367    -42.451254    -42.451252
   3.44909    -42.451457    -42.451454
   3.39451    -42.451790    -42.451788
   3.33992    -42.452240    -42.452237
   3.28534    -42.452792    -42.452790
   3.23075    -42.453435    -42.453433
   3.17617    -42.454148    -42.454146
   3.12159    -42.454917    -42.454914
   3.06700    -42.455726    -42.455724
   3.01242    -42.456559    -42.456557
   2.95783    -42.457396    -42.457394
   2.90325    -42.458059    -42.458057
   2.90325    -42.452564    -42.452562
   2.84576    -42.451070    -42.451068
   2.78827    -42.449517    -42.449515
   2.73078    -42.448001    -42.447999
   2.67329    -42.447599    -42.447597
   2.61580    -42.448369    -42.448367
   2.55831    -42.449073    -42.449070
   2.50082    -42.449691    -42.449689
   2.44333    -42.450214    -42.450212
   2.38584    -42.450631    -42.450629
   2.32834    -42.450936    -42.450934
   2.27085    -42.451123    -42.451121
   2.21336    -42.451186    -42.451184
   2.21336    -42.451186    -42.451184
   2.15966    -42.451189    -42.451187
   2.10595    -42.451199    -42.451197
   2.05224    -42.451217    -42.451214
   1.99853    -42.451236    -42.451234
   1.94482    -42.451249    -42.451246
   1.89111    -42.451252    -42.451250
   1.83741    -42.451243    -42.451240
   1.78370    -42.451214    -42.451211
   1.72999    -42.451162    -42.451159
   1.67628    -42.451086    -42.451083
   1.62257    -42.450993    -42.450990
   1.56887    -42.450892    -42.450888
   1.51516    -42.450798    -42.450795
   1.46145    -42.450732    -42.450729
   1.40774    -42.450708    -42.450703
   1.40774    -42.451178    -42.451176
   1.35153    -42.451176    -42.451174
   1.29532    -42.451175    -42.451173
   1.23910    -42.451177    -42.451174
   1.18289    -42.451179    -42.451177
   1.12668    -42.451181    -42.451179
   1.07047    -42.451182    -42.451180
   1.01426    -42.451183    -42.451181
   0.95804    -42.451185    -42.451182
   0.90183    -42.451186    -42.451184
   0.90183    -42.451186    -42.451184
   0.84111    -42.451046    -42.451043
   0.78039    -42.450634    -42.450632
   0.71967    -42.449971    -42.449969
   0.65895    -42.449078    -42.449076
   0.59823    -42.447998    -42.447996
   0.53751    -42.448005    -42.448003
   0.47679    -42.450294    -42.450292
   0.41607    -42.452570    -42.452568
   0.41607    -42.458066    -42.458065
   0.35664    -42.456808    -42.456806
   0.29720    -42.455382    -42.455380
   0.23776    -42.454045    -42.454043
   0.17832    -42.452883    -42.452880
   0.11888    -42.451968    -42.451966
   0.05944    -42.451385    -42.451382
   0.00000    -42.451186    -42.451184
 
# Band-Index    3
   0.00000    -42.439398    -42.439395
   0.05944    -42.439368    -42.439365
   0.11888    -42.439284    -42.439282
   0.17832    -42.439156    -42.439153
   0.23776    -42.438998    -42.438995
   0.29720    -42.438838    -42.438835
   0.35664    -42.438706    -42.438704
   0.41607    -42.438651    -42.438648
   0.41607    -42.444178    -42.444176
   0.47679    -42.445449    -42.445447
   0.53751    -42.446760    -42.446758
   0.59823    -42.445832    -42.445830
   0.65895    -42.443873    -42.443871
   0.71967    -42.442178    -42.442175
   0.78039    -42.440804    -42.440801
   0.84111    -42.439816    -42.439813
   0.90183    -42.439398    -42.439395
   0.90183    -42.439398    -42.439395
   0.95804    -42.439398    -42.439395
   1.01426    -42.439399    -42.439396
   1.07047    -42.439398    -42.439396
   1.12668    -42.439397    -42.439395
   1.18289    -42.439396    -42.439394
   1.23910    -42.439396    -42.439393
   1.29532    -42.439396    -42.439394
   1.35153    -42.439397    -42.439395
   1.40774    -42.439397    -42.439395
   1.40774    -42.446039    -42.446039
   1.46145    -42.445968    -42.445968
   1.51516    -42.445740    -42.445739
   1.56887    -42.445381    -42.445380
   1.62257    -42.444923    -42.444922
   1.67628    -42.444392    -42.444390
   1.72999    -42.443808    -42.443807
   1.78370    -42.443194    -42.443192
   1.83741    -42.442567    -42.442566
   1.89111    -42.441945    -42.441943
   1.94482    -42.441344    -42.441342
   1.99853    -42.440780    -42.440777
   2.05224    -42.440268    -42.440266
   2.10595    -42.439837    -42.439834
   2.15966    -42.439522    -42.439519
   2.21336    -42.439398    -42.439395
   2.21336    -42.439398    -42.439395
   2.27085    -42.439595    -42.439592
   2.32834    -42.440094    -42.440091
   2.38584    -42.440801    -42.440799
   2.44333    -42.441681    -42.441679
   2.50082    -42.442709    -42.442707
   2.55831    -42.443870    -42.443868
   2.61580    -42.445151    -42.445148
   2.67329    -42.446525    -42.446523
   2.73078    -42.446752    -42.446749
   2.78827    -42.445883    -42.445881
   2.84576    -42.444988    -42.444986
   2.90325    -42.444166    -42.444164
   2.90325    -42.438655    -42.438653
   2.95783    -42.438675    -42.438673
   3.01242    -42.438728    -42.438725
   3.06700    -42.438802    -42.438800
   3.12159    -42.438890    -42.438888
   3.17617    -42.438985    -42.438982
   3.23075    -42.439079    -42.439077
   3.28534    -42.439167    -42.439164
   3.33992    -42.439245    -42.439243
   3.39451    -42.439310    -42.439308
   3.44909    -42.439358    -42.439355
   3.50367    -42.439388    -42.439385
   3.55826    -42.439398    -42.439395
   3.55826    -42.439398    -42.439395
   3.61640    -42.439619    -42.439617
   3.67455    -42.440143    -42.440141
   3.73269    -42.440831    -42.440829
   3.79084    -42.441617    -42.441615
   3.84898    -42.442456    -42.442454
   3.90712    -42.443310    -42.443309
   3.96527    -42.444136    -42.444135
   4.02341    -42.444885    -42.444883
   4.08156    -42.445501    -42.445500
   4.13970    -42.445913    -42.445912
   4.19785    -42.446050    -42.446050
 
# Band-Index    4
   4.19785    -42.445830    -42.445826
   4.13970    -42.445209    -42.445206
   4.08156    -42.443947    -42.443944
   4.02341    -42.442599    -42.442596
   3.96527    -42.441362    -42.441359
   3.90712    -42.440315    -42.440312
   3.84898    -42.439490    -42.439487
   3.79084    -42.438898    -42.438895
   3.73269    -42.438539    -42.438536
   3.67455    -42.438390    -42.438388
   3.61640    -42.438408    -42.438406
   3.55826    -42.438462    -42.438460
   3.55826    -42.438462    -42.438460
   3.50367    -42.438452    -42.438450
   3.44909    -42.438424    -42.438422
   3.39451    -42.438386    -42.438383
   3.33992    -42.438341    -42.438339
   3.28534    -42.438295    -42.438293
   3.23075    -42.438254    -42.438252
   3.17617    -42.438225    -42.438223
   3.12159    -42.438208    -42.438206
   3.06700    -42.438204    -42.438202
   3.01242    -42.438210    -42.438208
   2.95783    -42.438220    -42.438218
   2.90325    -42.438225    -42.438223
   2.90325    -42.443996    -42.443993
   2.84576    -42.443186    -42.443184
   2.78827    -42.442326    -42.442324
   2.73078    -42.441511    -42.441509
   2.67329    -42.440759    -42.440757
   2.61580    -42.440088    -42.440086
   2.55831    -42.439515    -42.439512
   2.50082    -42.439050    -42.439048
   2.44333    -42.438706    -42.438704
   2.38584    -42.438492    -42.438490
   2.32834    -42.438405    -42.438403
   2.27085    -42.438424    -42.438422
   2.21336    -42.438462    -42.438460
   2.21336    -42.438462    -42.438460
   2.15966    -42.438428    -42.438426
   2.10595    -42.438384    -42.438382
   2.05224    -42.438405    -42.438403
   1.99853    -42.438523    -42.438521
   1.94482    -42.438753    -42.438751
   1.89111    -42.439105    -42.439103
   1.83741    -42.439584    -42.439581
   1.78370    -42.440190    -42.440187
   1.72999    -42.440915    -42.440912
   1.67628    -42.441750    -42.441747
   1.62257    -42.442679    -42.442676
   1.56887    -42.443666    -42.443663
   1.51516    -42.444644    -42.444640
   1.46145    -42.445463    -42.445459
   1.40774    -42.445819    -42.445815
   1.40774    -42.438464    -42.438462
   1.35153    -42.438463    -42.438461
   1.29532    -42.438463    -42.438461
   1.23910    -42.438464    -42.438462
   1.18289    -42.438464    -42.438462
   1.12668    -42.438463    -42.438461
   1.07047    -42.438462    -42.438460
   1.01426    -42.438461    -42.438459
   0.95804    -42.438461    -42.438459
   0.90183    -42.438462    -42.438460
   0.90183    -42.438462    -42.438460
   0.84111    -42.438404    -42.438402
   0.78039    -42.438492    -42.438490
   0.71967    -42.438865    -42.438862
   0.65895    -42.439516    -42.439514
   0.59823    -42.440416    -42.440413
   0.53751    -42.441515    -42.441512
   0.47679    -42.442760    -42.442757
   0.41607    -42.444007    -42.444005
   0.41607    -42.438221    -42.438219
   0.35664    -42.438208    -42.438206
   0.29720    -42.438200    -42.438198
   0.23776    -42.438226    -42.438224
   0.17832    -42.438287    -42.438285
   0.11888    -42.438365    -42.438363
   0.05944    -42.438433    -42.438431
   0.00000    -42.438462    -42.438460
 
# Band-Index    5
   0.00000    -25.976924    -25.976926
   0.05944    -25.976910    -25.976911
   0.11888    -25.976864    -25.976865
   0.17832    -25.976790    -25.976791
   0.23776    -25.976694    -25.976695
   0.29720    -25.976577    -25.976579
   0.35664    -25.976458    -25.976459
   0.41607    -25.976388    -25.976390
   0.41607    -25.976536    -25.976537
   0.47679    -25.976591    -25.976592
   0.53751    -25.976683    -25.976684
   0.59823    -25.976758    -25.976760
   0.65895    -25.976821    -25.976823
   0.71967    -25.976870    -25.976871
   0.78039    -25.976902    -25.976904
   0.84111    -25.976919    -25.976921
   0.90183    -25.976924    -25.976926
   0.90183    -25.976924    -25.976926
   0.95804    -25.976861    -25.976863
   1.01426    -25.976681    -25.976682
   1.07047    -25.976442    -25.976443
   1.12668    -25.976683    -25.976684
   1.18289    -25.977097    -25.977098
   1.23910    -25.977491    -25.977492
   1.29532    -25.977810    -25.977812
   1.35153    -25.978019    -25.978021
   1.40774    -25.978092    -25.978094
   1.40774    -25.976655    -25.976657
   1.46145    -25.976654    -25.976656
   1.51516    -25.976652    -25.976653
   1.56887    -25.976655    -25.976657
   1.62257    -25.976671    -25.976672
   1.67628    -25.976696    -25.976697
   1.72999    -25.976728    -25.976729
   1.78370    -25.976764    -25.976765
   1.83741    -25.976798    -25.976800
   1.89111    -25.976830    -25.976832
   1.94482    -25.976859    -25.976861
   1.99853    -25.976883    -25.976884
   2.05224    -25.976902    -25.976903
   2.10595    -25.976915    -25.976916
   2.15966    -25.976922    -25.976924
   2.21336    -25.976924    -25.976926
   2.21336    -25.976924    -25.976926
   2.27085    -25.976926    -25.976927
   2.32834    -25.976929    -25.976931
   2.38584    -25.976933    -25.976935
   2.44333    -25.976936    -25.976937
   2.50082    -25.976934    -25.976935
   2.55831    -25.976925    -25.976926
   2.61580    -25.976908    -25.976909
   2.67329    -25.976880    -25.976882
   2.73078    -25.976841    -25.976843
   2.78827    -25.976791    -25.976792
   2.84576    -25.976736    -25.976737
   2.90325    -25.976707    -25.976708
   2.90325    -25.976613    -25.976615
   2.95783    -25.976739    -25.976740
   3.01242    -25.976890    -25.976891
   3.06700    -25.976981    -25.976982
   3.12159    -25.976991    -25.976993
   3.17617    -25.976911    -25.976912
   3.23075    -25.976752    -25.976754
   3.28534    -25.976546    -25.976548
   3.33992    -25.976431    -25.976432
   3.39451    -25.976598    -25.976600
   3.44909    -25.976769    -25.976770
   3.50367    -25.976885    -25.976886
   3.55826    -25.976924    -25.976926
   3.55826    -25.976924    -25.976926
   3.61640    -25.976917    -25.976918
   3.67455    -25.976891    -25.976892
   3.73269    -25.976850    -25.976852
   3.79084    -25.976800    -25.976801
   3.84898    -25.976746    -25.976747
   3.90712    -25.976693    -25.976695
   3.96527    -25.976650    -25.976652
   4.02341    -25.976622    -25.976623
   4.08156    -25.976607    -25.976608
   4.13970    -25.976610    -25.976611
   4.19785    -25.976615    -25.976616
 
# Band-Index    6
   4.19785    -25.976406    -25.976407
   4.13970    -25.976397    -25.976398
   4.08156    -25.976364    -25.976365
   4.02341    -25.976302    -25.976304
   3.96527    -25.976206    -25.976207
   3.90712    -25.976093    -25.976095
   3.84898    -25.975978    -25.975979
   3.79084    -25.975869    -25.975870
   3.73269    -25.975776    -25.975777
   3.67455    -25.975705    -25.975706
   3.61640    -25.975659    -25.975661
   3.55826    -25.975643    -25.975645
   3.55826    -25.975643    -25.975645
   3.50367    -25.975690    -25.975692
   3.44909    -25.975823    -25.975824
   3.39451    -25.976021    -25.976022
   3.33992    -25.976225    -25.976226
   3.28534    -25.976152    -25.976153
   3.23075    -25.975998    -25.975999
   3.17617    -25.975898    -25.975900
   3.12159    -25.975877    -25.975879
   3.06700    -25.975941    -25.975942
   3.01242    -25.976079    -25.976081
   2.95783    -25.976265    -25.976266
   2.90325    -25.976404    -25.976405
   2.90325    -25.976498    -25.976499
   2.84576    -25.976458    -25.976459
   2.78827    -25.976374    -25.976375
   2.73078    -25.976272    -25.976273
   2.67329    -25.976166    -25.976167
   2.61580    -25.976060    -25.976062
   2.55831    -25.975960    -25.975962
   2.50082    -25.975870    -25.975871
   2.44333    -25.975793    -25.975794
   2.38584    -25.975728    -25.975730
   2.32834    -25.975681    -25.975682
   2.27085    -25.975652    -25.975654
   2.21336    -25.975643    -25.975645
   2.21336    -25.975643    -25.975645
   2.15966    -25.975653    -25.975654
   2.10595    -25.975681    -25.975682
   2.05224    -25.975727    -25.975728
   1.99853    -25.975787    -25.975789
   1.94482    -25.975862    -25.975863
   1.89111    -25.975945    -25.975946
   1.83741    -25.976033    -25.976034
   1.78370    -25.976123    -25.976124
   1.72999    -25.976211    -25.976212
   1.67628    -25.976291    -25.976292
   1.62257    -25.976357    -25.976358
   1.56887    -25.976405    -25.976406
   1.51516    -25.976433    -25.976434
   1.46145    -25.976444    -25.976445
   1.40774    -25.976447    -25.976448
   1.40774    -25.974733    -25.974735
   1.35153    -25.974800    -25.974802
   1.29532    -25.974992    -25.974993
   1.23910    -25.975284    -25.975285
   1.18289    -25.975639    -25.975640
   1.12668    -25.976008    -25.976009
   1.07047    -25.976206    -25.976207
   1.01426    -25.975926    -25.975927
   0.95804    -25.975717    -25.975718
   0.90183    -25.975643    -25.975645
   0.90183    -25.975643    -25.975645
   0.84111    -25.975660    -25.975662
   0.78039    -25.975712    -25.975713
   0.71967    -25.975792    -25.975794
   0.65895    -25.975895    -25.975896
   0.59823    -25.976017    -25.976018
   0.53751    -25.976147    -25.976149
   0.47679    -25.976264    -25.976265
   0.41607    -25.976327    -25.976328
   0.41607    -25.976179    -25.976181
   0.35664    -25.976110    -25.976111
   0.29720    -25.975993    -25.975995
   0.23776    -25.975881    -25.975882
   0.17832    -25.975780    -25.975781
   0.11888    -25.975707    -25.975708
   0.05944    -25.975660    -25.975662
   0.00000    -25.975643    -25.975645
 
# Band-Index    7
   0.00000    -25.823760    -25.823760
   0.05944    -25.823712    -25.823712
   0.11888    -25.823570    -25.823570
   0.17832    -25.823337    -25.823337
   0.23776    -25.823028    -25.823028
   0.29720    -25.822649    -25.822650
   0.35664    -25.822226    -25.822226
   0.41607    -25.821840    -25.821841
   0.41607    -25.821873    -25.821874
   0.47679    -25.822229    -25.822229
   0.53751    -25.822606    -25.822606
   0.59823    -25.822939    -25.822940
   0.65895    -25.823224    -25.823225
   0.71967    -25.823454    -25.823454
   0.78039    -25.823623    -25.823623
   0.84111    -25.823725    -25.823726
   0.90183    -25.823760    -25.823760
   0.90183    -25.823760    -25.823760
   0.95804    -25.823818    -25.823818
   1.01426    -25.823985    -25.823985
   1.07047    -25.824241    -25.824241
   1.12668    -25.824555    -25.824556
   1.18289    -25.824890    -25.824891
   1.23910    -25.825205    -25.825206
   1.29532    -25.825464    -25.825464
   1.35153    -25.825632    -25.825633
   1.40774    -25.825690    -25.825691
   1.40774    -25.822518    -25.822519
   1.46145    -25.822519    -25.822520
   1.51516    -25.822563    -25.822564
   1.56887    -25.822646    -25.822647
   1.62257    -25.822759    -25.822760
   1.67628    -25.822894    -25.822895
   1.72999    -25.823035    -25.823035
   1.78370    -25.823176    -25.823177
   1.83741    -25.823312    -25.823313
   1.89111    -25.823434    -25.823435
   1.94482    -25.823536    -25.823537
   1.99853    -25.823619    -25.823620
   2.05224    -25.823683    -25.823684
   2.10595    -25.823727    -25.823727
   2.15966    -25.823751    -25.823752
   2.21336    -25.823760    -25.823760
   2.21336    -25.823760    -25.823760
   2.27085    -25.823763    -25.823763
   2.32834    -25.823772    -25.823773
   2.38584    -25.823781    -25.823781
   2.44333    -25.823779    -25.823780
   2.50082    -25.823761    -25.823762
   2.55831    -25.823717    -25.823718
   2.61580    -25.823631    -25.823631
   2.67329    -25.823497    -25.823498
   2.73078    -25.823311    -25.823311
   2.78827    -25.823068    -25.823069
   2.84576    -25.822775    -25.822775
   2.90325    -25.822478    -25.822479
   2.90325    -25.822344    -25.822345
   2.95783    -25.822728    -25.822728
   3.01242    -25.823128    -25.823128
   3.06700    -25.823462    -25.823463
   3.12159    -25.823714    -25.823714
   3.17617    -25.823877    -25.823878
   3.23075    -25.823958    -25.823959
   3.28534    -25.823973    -25.823974
   3.33992    -25.823939    -25.823940
   3.39451    -25.823880    -25.823881
   3.44909    -25.823820    -25.823821
   3.50367    -25.823776    -25.823777
   3.55826    -25.823760    -25.823760
   3.55826    -25.823760    -25.823760
   3.61640    -25.823722    -25.823723
   3.67455    -25.823615    -25.823615
   3.73269    -25.823446    -25.823447
   3.79084    -25.823234    -25.823235
   3.84898    -25.822999    -25.823000
   3.90712    -25.822761    -25.822762
   3.96527    -25.822542    -25.822543
   4.02341    -25.822359    -25.822360
   4.08156    -25.822217    -25.822217
   4.13970    -25.822139    -25.822140
   4.19785    -25.822133    -25.822133
 
# Band-Index    8
   4.19785    -25.822047    -25.822047
   4.13970    -25.822016    -25.822016
   4.08156    -25.821873    -25.821873
   4.02341    -25.821638    -25.821638
   3.96527    -25.821331    -25.821331
   3.90712    -25.820990    -25.820991
   3.84898    -25.820646    -25.820646
   3.79084    -25.820323    -25.820323
   3.73269    -25.820048    -25.820048
   3.67455    -25.819840    -25.819840
   3.61640    -25.819709    -25.819710
   3.55826    -25.819664    -25.819665
   3.55826    -25.819664    -25.819665
   3.50367    -25.819663    -25.819664
   3.44909    -25.819664    -25.819665
   3.39451    -25.819680    -25.819681
   3.33992    -25.819727    -25.819728
   3.28534    -25.819823    -25.819824
   3.23075    -25.819985    -25.819985
   3.17617    -25.820219    -25.820220
   3.12159    -25.820530    -25.820530
   3.06700    -25.820908    -25.820908
   3.01242    -25.821337    -25.821338
   2.95783    -25.821797    -25.821798
   2.90325    -25.822202    -25.822202
   2.90325    -25.822390    -25.822390
   2.84576    -25.822062    -25.822062
   2.78827    -25.821680    -25.821681
   2.73078    -25.821301    -25.821301
   2.67329    -25.820941    -25.820942
   2.61580    -25.820617    -25.820618
   2.55831    -25.820338    -25.820339
   2.50082    -25.820112    -25.820113
   2.44333    -25.819937    -25.819938
   2.38584    -25.819811    -25.819812
   2.32834    -25.819728    -25.819729
   2.27085    -25.819679    -25.819680
   2.21336    -25.819664    -25.819665
   2.21336    -25.819664    -25.819665
   2.15966    -25.819686    -25.819687
   2.10595    -25.819750    -25.819750
   2.05224    -25.819858    -25.819859
   1.99853    -25.820009    -25.820010
   1.94482    -25.820205    -25.820205
   1.89111    -25.820437    -25.820438
   1.83741    -25.820706    -25.820707
   1.78370    -25.821000    -25.821001
   1.72999    -25.821306    -25.821306
   1.67628    -25.821607    -25.821608
   1.62257    -25.821887    -25.821888
   1.56887    -25.822128    -25.822129
   1.51516    -25.822310    -25.822311
   1.46145    -25.822413    -25.822413
   1.40774    -25.822432    -25.822432
   1.40774    -25.818574    -25.818575
   1.35153    -25.818605    -25.818606
   1.29532    -25.818697    -25.818698
   1.23910    -25.818836    -25.818837
   1.18289    -25.819010    -25.819010
   1.12668    -25.819198    -25.819199
   1.07047    -25.819381    -25.819382
   1.01426    -25.819531    -25.819532
   0.95804    -25.819629    -25.819630
   0.90183    -25.819664    -25.819665
   0.90183    -25.819664    -25.819665
   0.84111    -25.819708    -25.819709
   0.78039    -25.819836    -25.819837
   0.71967    -25.820041    -25.820042
   0.65895    -25.820315    -25.820316
   0.59823    -25.820647    -25.820647
   0.53751    -25.821023    -25.821023
   0.47679    -25.821417    -25.821418
   0.41607    -25.821783    -25.821783
   0.41607    -25.821691    -25.821691
   0.35664    -25.821299    -25.821299
   0.29720    -25.820860    -25.820861
   0.23776    -25.820464    -25.820465
   0.17832    -25.820129    -25.820130
   0.11888    -25.819876    -25.819877
   0.05944    -25.819718    -25.819719
   0.00000    -25.819664    -25.819665
 
# Band-Index    9
   0.00000    -25.788458    -25.788456
   0.05944    -25.788493    -25.788492
   0.11888    -25.788588    -25.788586
   0.17832    -25.788707    -25.788706
   0.23776    -25.788822    -25.788820
   0.29720    -25.788886    -25.788884
   0.35664    -25.788893    -25.788891
   0.41607    -25.788875    -25.788873
   0.41607    -25.788282    -25.788279
   0.47679    -25.788306    -25.788304
   0.53751    -25.788356    -25.788354
   0.59823    -25.788394    -25.788392
   0.65895    -25.788424    -25.788422
   0.71967    -25.788443    -25.788442
   0.78039    -25.788453    -25.788452
   0.84111    -25.788457    -25.788455
   0.90183    -25.788458    -25.788456
   0.90183    -25.788458    -25.788456
   0.95804    -25.788532    -25.788530
   1.01426    -25.788743    -25.788742
   1.07047    -25.789063    -25.789062
   1.12668    -25.789448    -25.789446
   1.18289    -25.789852    -25.789851
   1.23910    -25.790225    -25.790224
   1.29532    -25.790523    -25.790522
   1.35153    -25.790716    -25.790715
   1.40774    -25.790782    -25.790781
   1.40774    -25.789705    -25.789703
   1.46145    -25.789701    -25.789698
   1.51516    -25.789687    -25.789684
   1.56887    -25.789662    -25.789659
   1.62257    -25.789623    -25.789621
   1.67628    -25.789567    -25.789564
   1.72999    -25.789487    -25.789485
   1.78370    -25.789385    -25.789383
   1.83741    -25.789259    -25.789257
   1.89111    -25.789115    -25.789113
   1.94482    -25.788959    -25.788957
   1.99853    -25.788805    -25.788803
   2.05224    -25.788666    -25.788665
   2.10595    -25.788556    -25.788554
   2.15966    -25.788483    -25.788482
   2.21336    -25.788458    -25.788456
   2.21336    -25.788458    -25.788456
   2.27085    -25.788483    -25.788481
   2.32834    -25.788554    -25.788553
   2.38584    -25.788667    -25.788665
   2.44333    -25.788807    -25.788806
   2.50082    -25.788964    -25.788962
   2.55831    -25.789125    -25.789123
   2.61580    -25.789276    -25.789275
   2.67329    -25.789405    -25.789404
   2.73078    -25.789503    -25.789501
   2.78827    -25.789562    -25.789561
   2.84576    -25.789584    -25.789581
   2.90325    -25.789585    -25.789582
   2.90325    -25.789959    -25.789956
   2.95783    -25.790041    -25.790039
   3.01242    -25.790116    -25.790115
   3.06700    -25.790127    -25.790126
   3.12159    -25.790062    -25.790061
   3.17617    -25.789921    -25.789919
   3.23075    -25.789710    -25.789709
   3.28534    -25.789449    -25.789447
   3.33992    -25.789164    -25.789163
   3.39451    -25.788889    -25.788888
   3.44909    -25.788662    -25.788661
   3.50367    -25.788511    -25.788509
   3.55826    -25.788458    -25.788456
   3.55826    -25.788458    -25.788456
   3.61640    -25.788476    -25.788474
   3.67455    -25.788524    -25.788523
   3.73269    -25.788587    -25.788585
   3.79084    -25.788637    -25.788635
   3.84898    -25.788649    -25.788646
   3.90712    -25.788606    -25.788604
   3.96527    -25.788515    -25.788513
   4.02341    -25.788394    -25.788391
   4.08156    -25.788261    -25.788259
   4.13970    -25.788171    -25.788168
   4.19785    -25.788140    -25.788137
 
# Band-Index   10
   4.19785    -25.787968    -25.787969
   4.13970    -25.787968    -25.787968
   4.08156    -25.787967    -25.787968
   4.02341    -25.787967    -25.787967
   3.96527    -25.787956    -25.787956
   3.90712    -25.787938    -25.787938
   3.84898    -25.787911    -25.787911
   3.79084    -25.787872    -25.787872
   3.73269    -25.787824    -25.787824
   3.67455    -25.787773    -25.787772
   3.61640    -25.787730    -25.787729
   3.55826    -25.787712    -25.787711
   3.55826    -25.787712    -25.787711
   3.50367    -25.787735    -25.787734
   3.44909    -25.787800    -25.787799
   3.39451    -25.787904    -25.787903
   3.33992    -25.788046    -25.788045
   3.28534    -25.788224    -25.788223
   3.23075    -25.788435    -25.788434
   3.17617    -25.788673    -25.788672
   3.12159    -25.788926    -25.788925
   3.06700    -25.789183    -25.789182
   3.01242    -25.789431    -25.789430
   2.95783    -25.789655    -25.789654
   2.90325    -25.789786    -25.789786
   2.90325    -25.789413    -25.789414
   2.84576    -25.789370    -25.789370
   2.78827    -25.789260    -25.789259
   2.73078    -25.789103    -25.789102
   2.67329    -25.788915    -25.788915
   2.61580    -25.788710    -25.788710
   2.55831    -25.788498    -25.788497
   2.50082    -25.788292    -25.788291
   2.44333    -25.788102    -25.788101
   2.38584    -25.787941    -25.787940
   2.32834    -25.787818    -25.787817
   2.27085    -25.787739    -25.787739
   2.21336    -25.787712    -25.787711
   2.21336    -25.787712    -25.787711
   2.15966    -25.787737    -25.787736
   2.10595    -25.787807    -25.787806
   2.05224    -25.787915    -25.787914
   1.99853    -25.788055    -25.788054
   1.94482    -25.788220    -25.788219
   1.89111    -25.788400    -25.788400
   1.83741    -25.788588    -25.788588
   1.78370    -25.788776    -25.788776
   1.72999    -25.788955    -25.788955
   1.67628    -25.789121    -25.789121
   1.62257    -25.789265    -25.789266
   1.56887    -25.789383    -25.789384
   1.51516    -25.789469    -25.789469
   1.46145    -25.789519    -25.789519
   1.40774    -25.789535    -25.789535
   1.40774    -25.788189    -25.788188
   1.35153    -25.788174    -25.788173
   1.29532    -25.788129    -25.788128
   1.23910    -25.788061    -25.788060
   1.18289    -25.787980    -25.787979
   1.12668    -25.787897    -25.787896
   1.07047    -25.787824    -25.787823
   1.01426    -25.787765    -25.787764
   0.95804    -25.787726    -25.787725
   0.90183    -25.787712    -25.787711
   0.90183    -25.787712    -25.787711
   0.84111    -25.787723    -25.787722
   0.78039    -25.787756    -25.787755
   0.71967    -25.787803    -25.787802
   0.65895    -25.787864    -25.787863
   0.59823    -25.787936    -25.787935
   0.53751    -25.788014    -25.788013
   0.47679    -25.788077    -25.788077
   0.41607    -25.788110    -25.788111
   0.41607    -25.788688    -25.788688
   0.35664    -25.788605    -25.788605
   0.29720    -25.788433    -25.788433
   0.23776    -25.788233    -25.788233
   0.17832    -25.788027    -25.788027
   0.11888    -25.787862    -25.787861
   0.05944    -25.787752    -25.787751
   0.00000    -25.787712    -25.787711
 
# Band-Index   11
   0.00000    -25.767102    -25.767101
   0.05944    -25.766931    -25.766931
   0.11888    -25.766434    -25.766433
   0.17832    -25.765657    -25.765656
   0.23776    -25.764669    -25.764668
   0.29720    -25.763532    -25.763531
   0.35664    -25.762323    -25.762323
   0.41607    -25.761213    -25.761213
   0.41607    -25.761162    -25.761161
   0.47679    -25.762194    -25.762193
   0.53751    -25.763283    -25.763283
   0.59823    -25.764307    -25.764306
   0.65895    -25.765233    -25.765232
   0.71967    -25.766016    -25.766015
   0.78039    -25.766607    -25.766607
   0.84111    -25.766976    -25.766976
   0.90183    -25.767102    -25.767101
   0.90183    -25.767102    -25.767101
   0.95804    -25.767065    -25.767064
   1.01426    -25.766958    -25.766958
   1.07047    -25.766794    -25.766794
   1.12668    -25.766594    -25.766594
   1.18289    -25.766385    -25.766384
   1.23910    -25.766188    -25.766187
   1.29532    -25.766027    -25.766027
   1.35153    -25.765923    -25.765922
   1.40774    -25.765887    -25.765886
   1.40774    -25.760218    -25.760217
   1.46145    -25.760253    -25.760252
   1.51516    -25.760434    -25.760433
   1.56887    -25.760748    -25.760747
   1.62257    -25.761177    -25.761176
   1.67628    -25.761708    -25.761708
   1.72999    -25.762323    -25.762323
   1.78370    -25.763002    -25.763002
   1.83741    -25.763718    -25.763718
   1.89111    -25.764442    -25.764442
   1.94482    -25.765142    -25.765142
   1.99853    -25.765783    -25.765783
   2.05224    -25.766329    -25.766329
   2.10595    -25.766748    -25.766748
   2.15966    -25.767012    -25.767012
   2.21336    -25.767102    -25.767101
   2.21336    -25.767102    -25.767101
   2.27085    -25.767019    -25.767019
   2.32834    -25.766776    -25.766776
   2.38584    -25.766386    -25.766386
   2.44333    -25.765865    -25.765865
   2.50082    -25.765239    -25.765239
   2.55831    -25.764535    -25.764535
   2.61580    -25.763780    -25.763779
   2.67329    -25.762992    -25.762992
   2.73078    -25.762200    -25.762199
   2.78827    -25.761419    -25.761419
   2.84576    -25.760664    -25.760663
   2.90325    -25.760001    -25.760000
   2.90325    -25.760017    -25.760017
   2.95783    -25.760655    -25.760654
   3.01242    -25.761432    -25.761431
   3.06700    -25.762236    -25.762236
   3.12159    -25.763046    -25.763046
   3.17617    -25.763841    -25.763841
   3.23075    -25.764598    -25.764598
   3.28534    -25.765294    -25.765293
   3.33992    -25.765905    -25.765904
   3.39451    -25.766409    -25.766409
   3.44909    -25.766788    -25.766788
   3.50367    -25.767023    -25.767022
   3.55826    -25.767102    -25.767101
   3.55826    -25.767102    -25.767101
   3.61640    -25.766967    -25.766967
   3.67455    -25.766577    -25.766577
   3.73269    -25.765979    -25.765979
   3.79084    -25.765236    -25.765235
   3.84898    -25.764417    -25.764417
   3.90712    -25.763595    -25.763595
   3.96527    -25.762837    -25.762837
   4.02341    -25.762194    -25.762194
   4.08156    -25.761697    -25.761697
   4.13970    -25.761397    -25.761397
   4.19785    -25.761333    -25.761332
 
# Band-Index   12
   4.19785    -25.761229    -25.761229
   4.13970    -25.761148    -25.761147
   4.08156    -25.760814    -25.760813
   4.02341    -25.760292    -25.760292
   3.96527    -25.759630    -25.759629
   3.90712    -25.758899    -25.758898
   3.84898    -25.758160    -25.758159
   3.79084    -25.757472    -25.757471
   3.73269    -25.756885    -25.756884
   3.67455    -25.756439    -25.756438
   3.61640    -25.756158    -25.756158
   3.55826    -25.756062    -25.756061
   3.55826    -25.756062    -25.756061
   3.50367    -25.756079    -25.756079
   3.44909    -25.756131    -25.756130
   3.39451    -25.756223    -25.756223
   3.33992    -25.756363    -25.756362
   3.28534    -25.756558    -25.756557
   3.23075    -25.756818    -25.756817
   3.17617    -25.757148    -25.757147
   3.12159    -25.757552    -25.757551
   3.06700    -25.758032    -25.758031
   3.01242    -25.758585    -25.758585
   2.95783    -25.759207    -25.759207
   2.90325    -25.759792    -25.759792
   2.90325    -25.759887    -25.759887
   2.84576    -25.759276    -25.759275
   2.78827    -25.758669    -25.758669
   2.73078    -25.758124    -25.758123
   2.67329    -25.757645    -25.757645
   2.61580    -25.757236    -25.757235
   2.55831    -25.756895    -25.756894
   2.50082    -25.756620    -25.756619
   2.44333    -25.756407    -25.756406
   2.38584    -25.756251    -25.756251
   2.32834    -25.756145    -25.756145
   2.27085    -25.756083    -25.756082
   2.21336    -25.756062    -25.756061
   2.21336    -25.756062    -25.756061
   2.15966    -25.756102    -25.756101
   2.10595    -25.756218    -25.756217
   2.05224    -25.756408    -25.756407
   1.99853    -25.756665    -25.756664
   1.94482    -25.756985    -25.756984
   1.89111    -25.757356    -25.757355
   1.83741    -25.757765    -25.757764
   1.78370    -25.758194    -25.758193
   1.72999    -25.758625    -25.758624
   1.67628    -25.759038    -25.759038
   1.62257    -25.759412    -25.759411
   1.56887    -25.759726    -25.759725
   1.51516    -25.759961    -25.759960
   1.46145    -25.760095    -25.760095
   1.40774    -25.760114    -25.760114
   1.40774    -25.754776    -25.754775
   1.35153    -25.754811    -25.754811
   1.29532    -25.754915    -25.754915
   1.23910    -25.755076    -25.755076
   1.18289    -25.755279    -25.755278
   1.12668    -25.755501    -25.755500
   1.07047    -25.755718    -25.755717
   1.01426    -25.755899    -25.755898
   0.95804    -25.756020    -25.756019
   0.90183    -25.756062    -25.756061
   0.90183    -25.756062    -25.756061
   0.84111    -25.756152    -25.756151
   0.78039    -25.756416    -25.756416
   0.71967    -25.756851    -25.756850
   0.65895    -25.757448    -25.757448
   0.59823    -25.758196    -25.758195
   0.53751    -25.759076    -25.759076
   0.47679    -25.760050    -25.760049
   0.41607    -25.761043    -25.761043
   0.41607    -25.760980    -25.760979
   0.35664    -25.759912    -25.759911
   0.29720    -25.758832    -25.758832
   0.23776    -25.757888    -25.757888
   0.17832    -25.757109    -25.757108
   0.11888    -25.756536    -25.756535
   0.05944    -25.756183    -25.756182
   0.00000    -25.756062    -25.756061
 
# Band-Index   13
   0.00000    -25.735768    -25.735768
   0.05944    -25.735715    -25.735714
   0.11888    -25.735551    -25.735551
   0.17832    -25.735286    -25.735286
   0.23776    -25.734939    -25.734939
   0.29720    -25.734513    -25.734512
   0.35664    -25.734037    -25.734037
   0.41607    -25.733573    -25.733572
   0.41607    -25.733560    -25.733559
   0.47679    -25.733954    -25.733953
   0.53751    -25.734374    -25.734373
   0.59823    -25.734758    -25.734758
   0.65895    -25.735098    -25.735098
   0.71967    -25.735381    -25.735381
   0.78039    -25.735594    -25.735594
   0.84111    -25.735725    -25.735725
   0.90183    -25.735768    -25.735768
   0.90183    -25.735768    -25.735768
   0.95804    -25.735709    -25.735709
   1.01426    -25.735541    -25.735541
   1.07047    -25.735283    -25.735283
   1.12668    -25.734964    -25.734964
   1.18289    -25.734624    -25.734624
   1.23910    -25.734304    -25.734304
   1.29532    -25.734042    -25.734042
   1.35153    -25.733870    -25.733870
   1.40774    -25.733810    -25.733810
   1.40774    -25.732884    -25.732882
   1.46145    -25.732902    -25.732900
   1.51516    -25.732987    -25.732986
   1.56887    -25.733138    -25.733137
   1.62257    -25.733344    -25.733344
   1.67628    -25.733594    -25.733593
   1.72999    -25.733873    -25.733872
   1.78370    -25.734174    -25.734173
   1.83741    -25.734480    -25.734480
   1.89111    -25.734778    -25.734778
   1.94482    -25.735055    -25.735054
   1.99853    -25.735297    -25.735297
   2.05224    -25.735498    -25.735498
   2.10595    -25.735647    -25.735646
   2.15966    -25.735738    -25.735738
   2.21336    -25.735768    -25.735768
   2.21336    -25.735768    -25.735768
   2.27085    -25.735739    -25.735738
   2.32834    -25.735652    -25.735652
   2.38584    -25.735510    -25.735510
   2.44333    -25.735318    -25.735317
   2.50082    -25.735080    -25.735080
   2.55831    -25.734807    -25.734806
   2.61580    -25.734506    -25.734505
   2.67329    -25.734185    -25.734184
   2.73078    -25.733852    -25.733851
   2.78827    -25.733517    -25.733517
   2.84576    -25.733189    -25.733189
   2.90325    -25.732915    -25.732913
   2.90325    -25.732996    -25.732995
   2.95783    -25.733068    -25.733067
   3.01242    -25.733209    -25.733208
   3.06700    -25.733407    -25.733406
   3.12159    -25.733663    -25.733663
   3.17617    -25.733972    -25.733971
   3.23075    -25.734317    -25.734316
   3.28534    -25.734677    -25.734676
   3.33992    -25.735024    -25.735024
   3.39451    -25.735329    -25.735328
   3.44909    -25.735566    -25.735566
   3.50367    -25.735717    -25.735717
   3.55826    -25.735768    -25.735768
   3.55826    -25.735768    -25.735768
   3.61640    -25.735724    -25.735724
   3.67455    -25.735590    -25.735590
   3.73269    -25.735372    -25.735372
   3.79084    -25.735086    -25.735085
   3.84898    -25.734750    -25.734749
   3.90712    -25.734386    -25.734386
   3.96527    -25.734025    -25.734025
   4.02341    -25.733700    -25.733699
   4.08156    -25.733433    -25.733432
   4.13970    -25.733270    -25.733269
   4.19785    -25.733232    -25.733230
 
# Band-Index   14
   4.19785    -25.733155    -25.733155
   4.13970    -25.733141    -25.733141
   4.08156    -25.733052    -25.733052
   4.02341    -25.732899    -25.732899
   3.96527    -25.732685    -25.732685
   3.90712    -25.732430    -25.732430
   3.84898    -25.732153    -25.732152
   3.79084    -25.731870    -25.731870
   3.73269    -25.731609    -25.731609
   3.67455    -25.731398    -25.731398
   3.61640    -25.731260    -25.731260
   3.55826    -25.731210    -25.731210
   3.55826    -25.731210    -25.731210
   3.50367    -25.731252    -25.731252
   3.44909    -25.731370    -25.731369
   3.39451    -25.731546    -25.731546
   3.33992    -25.731759    -25.731759
   3.28534    -25.731985    -25.731985
   3.23075    -25.732203    -25.732203
   3.17617    -25.732395    -25.732394
   3.12159    -25.732553    -25.732553
   3.06700    -25.732677    -25.732677
   3.01242    -25.732771    -25.732771
   2.95783    -25.732848    -25.732848
   2.90325    -25.732897    -25.732897
   2.90325    -25.732825    -25.732825
   2.84576    -25.732569    -25.732569
   2.78827    -25.732299    -25.732299
   2.73078    -25.732058    -25.732057
   2.67329    -25.731848    -25.731847
   2.61580    -25.731671    -25.731671
   2.55831    -25.731528    -25.731528
   2.50082    -25.731418    -25.731417
   2.44333    -25.731336    -25.731335
   2.38584    -25.731278    -25.731277
   2.32834    -25.731240    -25.731239
   2.27085    -25.731218    -25.731217
   2.21336    -25.731210    -25.731210
   2.21336    -25.731210    -25.731210
   2.15966    -25.731229    -25.731228
   2.10595    -25.731280    -25.731280
   2.05224    -25.731362    -25.731362
   1.99853    -25.731472    -25.731472
   1.94482    -25.731607    -25.731606
   1.89111    -25.731759    -25.731758
   1.83741    -25.731923    -25.731922
   1.78370    -25.732092    -25.732091
   1.72999    -25.732258    -25.732258
   1.67628    -25.732415    -25.732415
   1.62257    -25.732556    -25.732556
   1.56887    -25.732673    -25.732673
   1.51516    -25.732758    -25.732758
   1.46145    -25.732802    -25.732802
   1.40774    -25.732806    -25.732806
   1.40774    -25.732358    -25.732357
   1.35153    -25.732325    -25.732325
   1.29532    -25.732231    -25.732231
   1.23910    -25.732085    -25.732084
   1.18289    -25.731902    -25.731901
   1.12668    -25.731701    -25.731701
   1.07047    -25.731511    -25.731510
   1.01426    -25.731353    -25.731352
   0.95804    -25.731248    -25.731247
   0.90183    -25.731210    -25.731210
   0.90183    -25.731210    -25.731210
   0.84111    -25.731257    -25.731257
   0.78039    -25.731395    -25.731394
   0.71967    -25.731614    -25.731613
   0.65895    -25.731905    -25.731905
   0.59823    -25.732257    -25.732257
   0.53751    -25.732655    -25.732655
   0.47679    -25.733075    -25.733075
   0.41607    -25.733471    -25.733472
   0.41607    -25.733495    -25.733496
   0.35664    -25.733025    -25.733025
   0.29720    -25.732542    -25.732541
   0.23776    -25.732105    -25.732104
   0.17832    -25.731728    -25.731727
   0.11888    -25.731447    -25.731447
   0.05944    -25.731272    -25.731271
   0.00000    -25.731210    -25.731210
 
# Band-Index   15
   0.00000    -25.671463    -25.671464
   0.05944    -25.671434    -25.671435
   0.11888    -25.671349    -25.671350
   0.17832    -25.671212    -25.671213
   0.23776    -25.671039    -25.671040
   0.29720    -25.670833    -25.670834
   0.35664    -25.670616    -25.670617
   0.41607    -25.670410    -25.670411
   0.41607    -25.670523    -25.670524
   0.47679    -25.670710    -25.670711
   0.53751    -25.670898    -25.670899
   0.59823    -25.671056    -25.671057
   0.65895    -25.671196    -25.671197
   0.71967    -25.671313    -25.671314
   0.78039    -25.671396    -25.671397
   0.84111    -25.671447    -25.671447
   0.90183    -25.671463    -25.671464
   0.90183    -25.671463    -25.671464
   0.95804    -25.671433    -25.671434
   1.01426    -25.671344    -25.671345
   1.07047    -25.671208    -25.671209
   1.12668    -25.671042    -25.671043
   1.18289    -25.670868    -25.670869
   1.23910    -25.670705    -25.670706
   1.29532    -25.670571    -25.670572
   1.35153    -25.670484    -25.670485
   1.40774    -25.670454    -25.670455
   1.40774    -25.670360    -25.670361
   1.46145    -25.670369    -25.670370
   1.51516    -25.670403    -25.670404
   1.56887    -25.670456    -25.670457
   1.62257    -25.670527    -25.670528
   1.67628    -25.670616    -25.670616
   1.72999    -25.670717    -25.670718
   1.78370    -25.670828    -25.670829
   1.83741    -25.670943    -25.670944
   1.89111    -25.671058    -25.671059
   1.94482    -25.671168    -25.671168
   1.99853    -25.671266    -25.671267
   2.05224    -25.671349    -25.671350
   2.10595    -25.671412    -25.671413
   2.15966    -25.671451    -25.671452
   2.21336    -25.671463    -25.671464
   2.21336    -25.671463    -25.671464
   2.27085    -25.671454    -25.671454
   2.32834    -25.671423    -25.671424
   2.38584    -25.671373    -25.671374
   2.44333    -25.671305    -25.671306
   2.50082    -25.671223    -25.671224
   2.55831    -25.671131    -25.671132
   2.61580    -25.671031    -25.671032
   2.67329    -25.670924    -25.670925
   2.73078    -25.670813    -25.670814
   2.78827    -25.670699    -25.670700
   2.84576    -25.670584    -25.670585
   2.90325    -25.670471    -25.670472
   2.90325    -25.670399    -25.670400
   2.95783    -25.670419    -25.670420
   3.01242    -25.670450    -25.670451
   3.06700    -25.670500    -25.670501
   3.12159    -25.670575    -25.670576
   3.17617    -25.670676    -25.670677
   3.23075    -25.670802    -25.670803
   3.28534    -25.670946    -25.670947
   3.33992    -25.671097    -25.671098
   3.39451    -25.671240    -25.671241
   3.44909    -25.671359    -25.671360
   3.50367    -25.671436    -25.671437
   3.55826    -25.671463    -25.671464
   3.55826    -25.671463    -25.671464
   3.61640    -25.671443    -25.671444
   3.67455    -25.671383    -25.671384
   3.73269    -25.671293    -25.671294
   3.79084    -25.671183    -25.671184
   3.84898    -25.671064    -25.671065
   3.90712    -25.670948    -25.670949
   3.96527    -25.670848    -25.670849
   4.02341    -25.670767    -25.670768
   4.08156    -25.670700    -25.670701
   4.13970    -25.670662    -25.670663
   4.19785    -25.670654    -25.670655
 
# Band-Index   16
   4.19785    -25.670650    -25.670651
   4.13970    -25.670623    -25.670624
   4.08156    -25.670541    -25.670542
   4.02341    -25.670425    -25.670426
   3.96527    -25.670273    -25.670274
   3.90712    -25.670114    -25.670115
   3.84898    -25.669960    -25.669961
   3.79084    -25.669823    -25.669824
   3.73269    -25.669711    -25.669712
   3.67455    -25.669629    -25.669630
   3.61640    -25.669579    -25.669580
   3.55826    -25.669562    -25.669563
   3.55826    -25.669562    -25.669563
   3.50367    -25.669577    -25.669578
   3.44909    -25.669619    -25.669620
   3.39451    -25.669685    -25.669686
   3.33992    -25.669772    -25.669773
   3.28534    -25.669873    -25.669874
   3.23075    -25.669980    -25.669981
   3.17617    -25.670086    -25.670087
   3.12159    -25.670181    -25.670182
   3.06700    -25.670260    -25.670261
   3.01242    -25.670320    -25.670321
   2.95783    -25.670364    -25.670365
   2.90325    -25.670390    -25.670391
   2.90325    -25.670466    -25.670467
   2.84576    -25.670355    -25.670356
   2.78827    -25.670244    -25.670245
   2.73078    -25.670135    -25.670136
   2.67329    -25.670031    -25.670032
   2.61580    -25.669933    -25.669934
   2.55831    -25.669842    -25.669843
   2.50082    -25.669762    -25.669763
   2.44333    -25.669693    -25.669694
   2.38584    -25.669637    -25.669638
   2.32834    -25.669596    -25.669597
   2.27085    -25.669571    -25.669572
   2.21336    -25.669562    -25.669563
   2.21336    -25.669562    -25.669563
   2.15966    -25.669572    -25.669573
   2.10595    -25.669600    -25.669601
   2.05224    -25.669644    -25.669645
   1.99853    -25.669703    -25.669704
   1.94482    -25.669774    -25.669775
   1.89111    -25.669853    -25.669854
   1.83741    -25.669936    -25.669937
   1.78370    -25.670019    -25.670020
   1.72999    -25.670099    -25.670100
   1.67628    -25.670173    -25.670173
   1.62257    -25.670237    -25.670238
   1.56887    -25.670290    -25.670291
   1.51516    -25.670328    -25.670329
   1.46145    -25.670351    -25.670352
   1.40774    -25.670356    -25.670357
   1.40774    -25.670055    -25.670056
   1.35153    -25.670040    -25.670041
   1.29532    -25.669996    -25.669997
   1.23910    -25.669929    -25.669930
   1.18289    -25.669847    -25.669848
   1.12668    -25.669759    -25.669760
   1.07047    -25.669681    -25.669682
   1.01426    -25.669619    -25.669620
   0.95804    -25.669576    -25.669577
   0.90183    -25.669562    -25.669563
   0.90183    -25.669562    -25.669563
   0.84111    -25.669580    -25.669581
   0.78039    -25.669633    -25.669634
   0.71967    -25.669719    -25.669720
   0.65895    -25.669835    -25.669836
   0.59823    -25.669981    -25.669982
   0.53751    -25.670153    -25.670154
   0.47679    -25.670330    -25.670331
   0.41607    -25.670516    -25.670517
   0.41607    -25.670392    -25.670393
   0.35664    -25.670194    -25.670195
   0.29720    -25.670010    -25.670011
   0.23776    -25.669856    -25.669857
   0.17832    -25.669726    -25.669727
   0.11888    -25.669635    -25.669636
   0.05944    -25.669581    -25.669582
   0.00000    -25.669562    -25.669563
 
# Band-Index   17
   0.00000    -22.225625    -22.225624
   0.05944    -22.225312    -22.225310
   0.11888    -22.224245    -22.224244
   0.17832    -22.222166    -22.222164
   0.23776    -22.218893    -22.218891
   0.29720    -22.214373    -22.214371
   0.35664    -22.208730    -22.208728
   0.41607    -22.202378    -22.202376
   0.41607    -22.219865    -22.219862
   0.47679    -22.223321    -22.223319
   0.53751    -22.224250    -22.224248
   0.59823    -22.222521    -22.222519
   0.65895    -22.218537    -22.218535
   0.71967    -22.214991    -22.214989
   0.78039    -22.218579    -22.218577
   0.84111    -22.223693    -22.223691
   0.90183    -22.225625    -22.225624
   0.90183    -22.225625    -22.225624
   0.95804    -22.225562    -22.225561
   1.01426    -22.225380    -22.225379
   1.07047    -22.225097    -22.225096
   1.12668    -22.224746    -22.224744
   1.18289    -22.224379    -22.224378
   1.23910    -22.224032    -22.224030
   1.29532    -22.223742    -22.223741
   1.35153    -22.223558    -22.223556
   1.40774    -22.223498    -22.223496
   1.40774    -22.165965    -22.165963
   1.46145    -22.174969    -22.174967
   1.51516    -22.183752    -22.183750
   1.56887    -22.191527    -22.191525
   1.62257    -22.198042    -22.198040
   1.67628    -22.203151    -22.203149
   1.72999    -22.206812    -22.206810
   1.78370    -22.209088    -22.209086
   1.83741    -22.210272    -22.210270
   1.89111    -22.211184    -22.211182
   1.94482    -22.213227    -22.213225
   1.99853    -22.216613    -22.216612
   2.05224    -22.220194    -22.220192
   2.10595    -22.223115    -22.223114
   2.15966    -22.224987    -22.224986
   2.21336    -22.225625    -22.225624
   2.21336    -22.225625    -22.225624
   2.27085    -22.224732    -22.224730
   2.32834    -22.222134    -22.222132
   2.38584    -22.218315    -22.218314
   2.44333    -22.214870    -22.214868
   2.50082    -22.214825    -22.214823
   2.55831    -22.217310    -22.217308
   2.61580    -22.219820    -22.219818
   2.67329    -22.221484    -22.221482
   2.73078    -22.222072    -22.222071
   2.78827    -22.221562    -22.221560
   2.84576    -22.219974    -22.219972
   2.90325    -22.217403    -22.217400
   2.90325    -22.201193    -22.201191
   2.95783    -22.204835    -22.204834
   3.01242    -22.208426    -22.208425
   3.06700    -22.211764    -22.211763
   3.12159    -22.214793    -22.214791
   3.17617    -22.217478    -22.217477
   3.23075    -22.219781    -22.219779
   3.28534    -22.221684    -22.221683
   3.33992    -22.223186    -22.223185
   3.39451    -22.224302    -22.224300
   3.44909    -22.225054    -22.225053
   3.50367    -22.225485    -22.225483
   3.55826    -22.225625    -22.225624
   3.55826    -22.225625    -22.225624
   3.61640    -22.224476    -22.224474
   3.67455    -22.221217    -22.221216
   3.73269    -22.216591    -22.216590
   3.79084    -22.212583    -22.212581
   3.84898    -22.211061    -22.211059
   3.90712    -22.209527    -22.209525
   3.96527    -22.205840    -22.205838
   4.02341    -22.199422    -22.199420
   4.08156    -22.190276    -22.190274
   4.13970    -22.178817    -22.178815
   4.19785    -22.165978    -22.165976
 
# Band-Index   18
   4.19785    -22.165943    -22.165940
   4.13970    -22.166640    -22.166638
   4.08156    -22.169014    -22.169012
   4.02341    -22.173226    -22.173224
   3.96527    -22.179191    -22.179189
   3.90712    -22.186334    -22.186333
   3.84898    -22.193349    -22.193347
   3.79084    -22.197391    -22.197389
   3.73269    -22.195489    -22.195487
   3.67455    -22.189594    -22.189592
   3.61640    -22.185404    -22.185402
   3.55826    -22.185280    -22.185278
   3.55826    -22.185280    -22.185278
   3.50367    -22.185464    -22.185462
   3.44909    -22.185885    -22.185883
   3.39451    -22.186363    -22.186361
   3.33992    -22.186726    -22.186724
   3.28534    -22.186850    -22.186848
   3.23075    -22.186640    -22.186638
   3.17617    -22.186016    -22.186014
   3.12159    -22.185140    -22.185139
   3.06700    -22.189017    -22.189015
   3.01242    -22.193055    -22.193054
   2.95783    -22.197084    -22.197082
   2.90325    -22.200869    -22.200868
   2.90325    -22.217379    -22.217378
   2.84576    -22.213915    -22.213914
   2.78827    -22.209681    -22.209679
   2.73078    -22.204866    -22.204864
   2.67329    -22.199712    -22.199710
   2.61580    -22.194535    -22.194533
   2.55831    -22.189860    -22.189858
   2.50082    -22.194032    -22.194031
   2.44333    -22.196722    -22.196721
   2.38584    -22.193121    -22.193119
   2.32834    -22.186252    -22.186251
   2.27085    -22.185191    -22.185189
   2.21336    -22.185280    -22.185278
   2.21336    -22.185280    -22.185278
   2.15966    -22.185328    -22.185326
   2.10595    -22.186614    -22.186612
   2.05224    -22.190879    -22.190877
   1.99853    -22.195016    -22.195015
   1.94482    -22.197124    -22.197123
   1.89111    -22.195955    -22.195953
   1.83741    -22.191881    -22.191880
   1.78370    -22.186553    -22.186552
   1.72999    -22.181113    -22.181111
   1.67628    -22.176208    -22.176206
   1.62257    -22.172221    -22.172219
   1.56887    -22.169304    -22.169303
   1.51516    -22.167380    -22.167378
   1.46145    -22.166277    -22.166275
   1.40774    -22.165898    -22.165896
   1.40774    -22.191803    -22.191801
   1.35153    -22.191606    -22.191604
   1.29532    -22.191037    -22.191035
   1.23910    -22.190173    -22.190171
   1.18289    -22.189117    -22.189114
   1.12668    -22.187987    -22.187985
   1.07047    -22.186926    -22.186924
   1.01426    -22.186061    -22.186059
   0.95804    -22.185490    -22.185487
   0.90183    -22.185280    -22.185278
   0.90183    -22.185280    -22.185278
   0.84111    -22.184919    -22.184917
   0.78039    -22.193508    -22.193506
   0.71967    -22.196944    -22.196943
   0.65895    -22.190661    -22.190658
   0.59823    -22.198569    -22.198566
   0.53751    -22.206827    -22.206825
   0.47679    -22.214176    -22.214174
   0.41607    -22.219841    -22.219839
   0.41607    -22.202049    -22.202048
   0.35664    -22.195160    -22.195159
   0.29720    -22.187961    -22.187959
   0.23776    -22.182835    -22.182834
   0.17832    -22.184641    -22.184639
   0.11888    -22.185427    -22.185425
   0.05944    -22.185433    -22.185431
   0.00000    -22.185280    -22.185278
 
# Band-Index   19
   0.00000    -22.170385    -22.170383
   0.05944    -22.168274    -22.168272
   0.11888    -22.170021    -22.170019
   0.17832    -22.174912    -22.174910
   0.23776    -22.181056    -22.181054
   0.29720    -22.180035    -22.180033
   0.35664    -22.176434    -22.176432
   0.41607    -22.172430    -22.172428
   0.41607    -22.143535    -22.143533
   0.47679    -22.149856    -22.149854
   0.53751    -22.156447    -22.156445
   0.59823    -22.171246    -22.171244
   0.65895    -22.187065    -22.187063
   0.71967    -22.185384    -22.185381
   0.78039    -22.184288    -22.184286
   0.84111    -22.182289    -22.182287
   0.90183    -22.170385    -22.170383
   0.90183    -22.170385    -22.170383
   0.95804    -22.170315    -22.170313
   1.01426    -22.170111    -22.170109
   1.07047    -22.169800    -22.169798
   1.12668    -22.169409    -22.169407
   1.18289    -22.168997    -22.168995
   1.23910    -22.168607    -22.168605
   1.29532    -22.168289    -22.168287
   1.35153    -22.168083    -22.168081
   1.40774    -22.168010    -22.168008
   1.40774    -22.165127    -22.165126
   1.46145    -22.165233    -22.165232
   1.51516    -22.165615    -22.165613
   1.56887    -22.166231    -22.166230
   1.62257    -22.166982    -22.166980
   1.67628    -22.167797    -22.167796
   1.72999    -22.168735    -22.168733
   1.78370    -22.170023    -22.170021
   1.83741    -22.171923    -22.171921
   1.89111    -22.174372    -22.174370
   1.94482    -22.176928    -22.176926
   1.99853    -22.179180    -22.179178
   2.05224    -22.180754    -22.180751
   2.10595    -22.180459    -22.180457
   2.15966    -22.175722    -22.175720
   2.21336    -22.170385    -22.170383
   2.21336    -22.170385    -22.170383
   2.27085    -22.177840    -22.177838
   2.32834    -22.184945    -22.184943
   2.38584    -22.184699    -22.184697
   2.44333    -22.184932    -22.184929
   2.50082    -22.186481    -22.186479
   2.55831    -22.186093    -22.186092
   2.61580    -22.175694    -22.175693
   2.67329    -22.164146    -22.164144
   2.73078    -22.160173    -22.160171
   2.78827    -22.155784    -22.155782
   2.84576    -22.151105    -22.151103
   2.90325    -22.146506    -22.146504
   2.90325    -22.176389    -22.176387
   2.95783    -22.178992    -22.178990
   3.01242    -22.181398    -22.181396
   3.06700    -22.183394    -22.183392
   3.12159    -22.184820    -22.184818
   3.17617    -22.181174    -22.181173
   3.23075    -22.177556    -22.177554
   3.28534    -22.174253    -22.174252
   3.33992    -22.171368    -22.171366
   3.39451    -22.168990    -22.168989
   3.44909    -22.167446    -22.167444
   3.50367    -22.169623    -22.169621
   3.55826    -22.170385    -22.170383
   3.55826    -22.170385    -22.170383
   3.61640    -22.177945    -22.177943
   3.67455    -22.180882    -22.180879
   3.73269    -22.178717    -22.178714
   3.79084    -22.175525    -22.175522
   3.84898    -22.172493    -22.172491
   3.90712    -22.170439    -22.170437
   3.96527    -22.169095    -22.169093
   4.02341    -22.167938    -22.167936
   4.08156    -22.166856    -22.166854
   4.13970    -22.166020    -22.166019
   4.19785    -22.165677    -22.165675
 
# Band-Index   20
   4.19785    -22.165626    -22.165625
   4.13970    -22.152673    -22.152672
   4.08156    -22.142443    -22.142441
   4.02341    -22.145318    -22.145316
   3.96527    -22.151569    -22.151567
   3.90712    -22.156875    -22.156873
   3.84898    -22.160360    -22.160359
   3.79084    -22.161478    -22.161477
   3.73269    -22.160816    -22.160815
   3.67455    -22.159149    -22.159147
   3.61640    -22.157677    -22.157675
   3.55826    -22.165717    -22.165716
   3.55826    -22.165717    -22.165716
   3.50367    -22.166094    -22.166092
   3.44909    -22.167159    -22.167158
   3.39451    -22.163873    -22.163871
   3.33992    -22.159217    -22.159214
   3.28534    -22.156656    -22.156654
   3.23075    -22.158779    -22.158778
   3.17617    -22.161265    -22.161263
   3.12159    -22.164051    -22.164050
   3.06700    -22.167056    -22.167055
   3.01242    -22.170165    -22.170163
   2.95783    -22.173269    -22.173268
   2.90325    -22.176114    -22.176112
   2.90325    -22.146422    -22.146420
   2.84576    -22.142766    -22.142764
   2.78827    -22.143833    -22.143831
   2.73078    -22.152640    -22.152638
   2.67329    -22.164040    -22.164038
   2.61580    -22.167120    -22.167119
   2.55831    -22.169024    -22.169022
   2.50082    -22.169169    -22.169168
   2.44333    -22.167232    -22.167230
   2.38584    -22.163958    -22.163957
   2.32834    -22.160381    -22.160380
   2.27085    -22.157729    -22.157727
   2.21336    -22.165717    -22.165716
   2.21336    -22.165717    -22.165716
   2.15966    -22.159832    -22.159830
   2.10595    -22.158001    -22.157999
   2.05224    -22.159461    -22.159459
   1.99853    -22.160711    -22.160710
   1.94482    -22.161558    -22.161557
   1.89111    -22.161778    -22.161776
   1.83741    -22.161029    -22.161027
   1.78370    -22.158962    -22.158961
   1.72999    -22.155598    -22.155596
   1.67628    -22.151274    -22.151272
   1.62257    -22.146272    -22.146270
   1.56887    -22.141886    -22.141884
   1.51516    -22.147258    -22.147256
   1.46145    -22.156007    -22.156006
   1.40774    -22.165097    -22.165094
   1.40774    -22.165353    -22.165352
   1.35153    -22.165359    -22.165357
   1.29532    -22.165385    -22.165383
   1.23910    -22.165433    -22.165431
   1.18289    -22.165492    -22.165490
   1.12668    -22.165554    -22.165553
   1.07047    -22.165619    -22.165617
   1.01426    -22.165677    -22.165675
   0.95804    -22.165708    -22.165707
   0.90183    -22.165717    -22.165716
   0.90183    -22.165717    -22.165716
   0.84111    -22.158746    -22.158744
   0.78039    -22.163838    -22.163837
   0.71967    -22.167428    -22.167426
   0.65895    -22.166582    -22.166581
   0.59823    -22.162325    -22.162323
   0.53751    -22.153886    -22.153884
   0.47679    -22.141457    -22.141455
   0.41607    -22.143451    -22.143449
   0.41607    -22.172149    -22.172147
   0.35664    -22.167903    -22.167901
   0.29720    -22.163583    -22.163582
   0.23776    -22.159634    -22.159632
   0.17832    -22.156337    -22.156336
   0.11888    -22.162261    -22.162258
   0.05944    -22.166832    -22.166831
   0.00000    -22.165717    -22.165716
 
# Band-Index   21
   0.00000    -22.155367    -22.155365
   0.05944    -22.152992    -22.152990
   0.11888    -22.153919    -22.153917
   0.17832    -22.153034    -22.153032
   0.23776    -22.141319    -22.141317
   0.29720    -22.127795    -22.127792
   0.35664    -22.113234    -22.113232
   0.41607    -22.098865    -22.098864
   0.41607    -22.127248    -22.127246
   0.47679    -22.129439    -22.129437
   0.53751    -22.131576    -22.131574
   0.59823    -22.135345    -22.135343
   0.65895    -22.139134    -22.139132
   0.71967    -22.142724    -22.142722
   0.78039    -22.146109    -22.146107
   0.84111    -22.152744    -22.152742
   0.90183    -22.155367    -22.155365
   0.90183    -22.155367    -22.155365
   0.95804    -22.155363    -22.155361
   1.01426    -22.155339    -22.155337
   1.07047    -22.155292    -22.155290
   1.12668    -22.155222    -22.155220
   1.18289    -22.155134    -22.155132
   1.23910    -22.155028    -22.155027
   1.29532    -22.154930    -22.154928
   1.35153    -22.154858    -22.154856
   1.40774    -22.154829    -22.154827
   1.40774    -22.122970    -22.122969
   1.46145    -22.127298    -22.127296
   1.51516    -22.133644    -22.133642
   1.56887    -22.138236    -22.138234
   1.62257    -22.135723    -22.135722
   1.67628    -22.135307    -22.135305
   1.72999    -22.136700    -22.136699
   1.78370    -22.138688    -22.138687
   1.83741    -22.140738    -22.140736
   1.89111    -22.142692    -22.142691
   1.94482    -22.144565    -22.144563
   1.99853    -22.146436    -22.146434
   2.05224    -22.148484    -22.148483
   2.10595    -22.152154    -22.152152
   2.15966    -22.156146    -22.156144
   2.21336    -22.155367    -22.155365
   2.21336    -22.155367    -22.155365
   2.27085    -22.157165    -22.157163
   2.32834    -22.148514    -22.148512
   2.38584    -22.146396    -22.146395
   2.44333    -22.144252    -22.144250
   2.50082    -22.142007    -22.142005
   2.55831    -22.139632    -22.139630
   2.61580    -22.137130    -22.137129
   2.67329    -22.134549    -22.134548
   2.73078    -22.131972    -22.131970
   2.78827    -22.130367    -22.130366
   2.84576    -22.128596    -22.128595
   2.90325    -22.127063    -22.127061
   2.90325    -22.098744    -22.098742
   2.95783    -22.106842    -22.106839
   3.01242    -22.115370    -22.115368
   3.06700    -22.123849    -22.123847
   3.12159    -22.132057    -22.132054
   3.17617    -22.139841    -22.139839
   3.23075    -22.147057    -22.147054
   3.28534    -22.153549    -22.153547
   3.33992    -22.154922    -22.154920
   3.39451    -22.153625    -22.153624
   3.44909    -22.152777    -22.152776
   3.50367    -22.154539    -22.154537
   3.55826    -22.155367    -22.155365
   3.55826    -22.155367    -22.155365
   3.61640    -22.156078    -22.156076
   3.67455    -22.148995    -22.148993
   3.73269    -22.145874    -22.145873
   3.79084    -22.143111    -22.143110
   3.84898    -22.140304    -22.140302
   3.90712    -22.137392    -22.137390
   3.96527    -22.134851    -22.134849
   4.02341    -22.134590    -22.134588
   4.08156    -22.135982    -22.135981
   4.13970    -22.128872    -22.128871
   4.19785    -22.122715    -22.122714
 
# Band-Index   22
   4.19785    -22.122513    -22.122510
   4.13970    -22.122204    -22.122201
   4.08156    -22.121635    -22.121632
   4.02341    -22.120963    -22.120961
   3.96527    -22.119729    -22.119727
   3.90712    -22.119397    -22.119396
   3.84898    -22.121314    -22.121312
   3.79084    -22.126355    -22.126354
   3.73269    -22.134460    -22.134458
   3.67455    -22.144255    -22.144253
   3.61640    -22.150186    -22.150184
   3.55826    -22.151998    -22.151996
   3.55826    -22.151998    -22.151996
   3.50367    -22.152167    -22.152165
   3.44909    -22.151971    -22.151970
   3.39451    -22.148031    -22.148029
   3.33992    -22.142688    -22.142686
   3.28534    -22.136183    -22.136182
   3.23075    -22.128721    -22.128719
   3.17617    -22.120544    -22.120542
   3.12159    -22.111990    -22.111989
   3.06700    -22.103666    -22.103664
   3.01242    -22.096741    -22.096739
   2.95783    -22.092488    -22.092486
   2.90325    -22.098616    -22.098613
   2.90325    -22.126984    -22.126983
   2.84576    -22.127703    -22.127701
   2.78827    -22.129571    -22.129569
   2.73078    -22.128154    -22.128153
   2.67329    -22.125011    -22.125009
   2.61580    -22.122726    -22.122724
   2.55831    -22.122342    -22.122340
   2.50082    -22.124760    -22.124758
   2.44333    -22.130274    -22.130272
   2.38584    -22.138275    -22.138273
   2.32834    -22.147750    -22.147748
   2.27085    -22.150607    -22.150605
   2.21336    -22.151998    -22.151996
   2.21336    -22.151998    -22.151996
   2.15966    -22.150984    -22.150982
   2.10595    -22.148493    -22.148491
   2.05224    -22.142296    -22.142294
   1.99853    -22.135012    -22.135010
   1.94482    -22.128648    -22.128647
   1.89111    -22.123826    -22.123824
   1.83741    -22.120802    -22.120801
   1.78370    -22.119451    -22.119449
   1.72999    -22.119380    -22.119379
   1.67628    -22.120118    -22.120116
   1.62257    -22.121079    -22.121077
   1.56887    -22.121719    -22.121717
   1.51516    -22.122202    -22.122200
   1.46145    -22.122617    -22.122615
   1.40774    -22.122772    -22.122769
   1.40774    -22.152797    -22.152795
   1.35153    -22.152767    -22.152766
   1.29532    -22.152677    -22.152675
   1.23910    -22.152545    -22.152544
   1.18289    -22.152414    -22.152413
   1.12668    -22.152275    -22.152274
   1.07047    -22.152154    -22.152152
   1.01426    -22.152069    -22.152067
   0.95804    -22.152017    -22.152016
   0.90183    -22.151998    -22.151996
   0.90183    -22.151998    -22.151996
   0.84111    -22.149430    -22.149428
   0.78039    -22.138361    -22.138359
   0.71967    -22.127199    -22.127197
   0.65895    -22.122050    -22.122048
   0.59823    -22.122781    -22.122779
   0.53751    -22.126668    -22.126666
   0.47679    -22.128368    -22.128366
   0.41607    -22.127173    -22.127171
   0.41607    -22.098727    -22.098725
   0.35664    -22.095764    -22.095763
   0.29720    -22.108213    -22.108212
   0.23776    -22.122685    -22.122683
   0.17832    -22.135702    -22.135700
   0.11888    -22.146091    -22.146089
   0.05944    -22.152429    -22.152428
   0.00000    -22.151998    -22.151996
 
# Band-Index   23
   0.00000    -22.092617    -22.092616
   0.05944    -22.092441    -22.092440
   0.11888    -22.091916    -22.091915
   0.17832    -22.091027    -22.091025
   0.23776    -22.089657    -22.089655
   0.29720    -22.087628    -22.087627
   0.35664    -22.090003    -22.090002
   0.41607    -22.089740    -22.089738
   0.41607    -22.091450    -22.091449
   0.47679    -22.102216    -22.102215
   0.53751    -22.104256    -22.104255
   0.59823    -22.102925    -22.102924
   0.65895    -22.100748    -22.100747
   0.71967    -22.098107    -22.098106
   0.78039    -22.095422    -22.095421
   0.84111    -22.093389    -22.093388
   0.90183    -22.092617    -22.092616
   0.90183    -22.092617    -22.092616
   0.95804    -22.092595    -22.092593
   1.01426    -22.092545    -22.092543
   1.07047    -22.092473    -22.092471
   1.12668    -22.092372    -22.092370
   1.18289    -22.092271    -22.092269
   1.23910    -22.092174    -22.092172
   1.29532    -22.092089    -22.092087
   1.35153    -22.092042    -22.092041
   1.40774    -22.092024    -22.092022
   1.40774    -22.115280    -22.115279
   1.46145    -22.115433    -22.115432
   1.51516    -22.115695    -22.115694
   1.56887    -22.115347    -22.115345
   1.62257    -22.113598    -22.113596
   1.67628    -22.110556    -22.110554
   1.72999    -22.107103    -22.107101
   1.78370    -22.103918    -22.103916
   1.83741    -22.101207    -22.101205
   1.89111    -22.098963    -22.098961
   1.94482    -22.097102    -22.097101
   1.99853    -22.095556    -22.095555
   2.05224    -22.094316    -22.094315
   2.10595    -22.093393    -22.093391
   2.15966    -22.092817    -22.092815
   2.21336    -22.092617    -22.092616
   2.21336    -22.092617    -22.092616
   2.27085    -22.092982    -22.092981
   2.32834    -22.094006    -22.094004
   2.38584    -22.095557    -22.095556
   2.44333    -22.097436    -22.097434
   2.50082    -22.099411    -22.099409
   2.55831    -22.101244    -22.101243
   2.61580    -22.102827    -22.102825
   2.67329    -22.104117    -22.104116
   2.73078    -22.104863    -22.104861
   2.78827    -22.104127    -22.104125
   2.84576    -22.099902    -22.099900
   2.90325    -22.091175    -22.091174
   2.90325    -22.089312    -22.089310
   2.95783    -22.092094    -22.092093
   3.01242    -22.089382    -22.089381
   3.06700    -22.087918    -22.087916
   3.12159    -22.087645    -22.087642
   3.17617    -22.089035    -22.089033
   3.23075    -22.090069    -22.090067
   3.28534    -22.090877    -22.090875
   3.33992    -22.091511    -22.091509
   3.39451    -22.091996    -22.091995
   3.44909    -22.092338    -22.092336
   3.50367    -22.092547    -22.092545
   3.55826    -22.092617    -22.092616
   3.55826    -22.092617    -22.092616
   3.61640    -22.092963    -22.092961
   3.67455    -22.093965    -22.093963
   3.73269    -22.095528    -22.095527
   3.79084    -22.097635    -22.097633
   3.84898    -22.100384    -22.100383
   3.90712    -22.103978    -22.103976
   3.96527    -22.108448    -22.108446
   4.02341    -22.112950    -22.112948
   4.08156    -22.115543    -22.115542
   4.13970    -22.115859    -22.115857
   4.19785    -22.115684    -22.115683
 
# Band-Index   24
   4.19785    -22.115509    -22.115505
   4.13970    -22.108324    -22.108322
   4.08156    -22.097290    -22.097287
   4.02341    -22.084888    -22.084885
   3.96527    -22.072963    -22.072961
   3.90712    -22.068229    -22.068227
   3.84898    -22.072798    -22.072796
   3.79084    -22.077560    -22.077558
   3.73269    -22.080557    -22.080556
   3.67455    -22.082138    -22.082136
   3.61640    -22.082888    -22.082886
   3.55826    -22.083111    -22.083110
   3.55826    -22.083111    -22.083110
   3.50367    -22.083179    -22.083178
   3.44909    -22.083371    -22.083369
   3.39451    -22.083695    -22.083693
   3.33992    -22.084128    -22.084127
   3.28534    -22.084654    -22.084653
   3.23075    -22.085279    -22.085277
   3.17617    -22.085997    -22.085995
   3.12159    -22.086801    -22.086799
   3.06700    -22.085318    -22.085316
   3.01242    -22.081262    -22.081260
   2.95783    -22.085269    -22.085267
   2.90325    -22.089080    -22.089079
   2.90325    -22.091011    -22.091010
   2.84576    -22.079655    -22.079654
   2.78827    -22.067778    -22.067777
   2.73078    -22.056786    -22.056785
   2.67329    -22.047634    -22.047633
   2.61580    -22.057346    -22.057345
   2.55831    -22.066098    -22.066097
   2.50082    -22.073043    -22.073042
   2.44333    -22.077775    -22.077774
   2.38584    -22.080578    -22.080577
   2.32834    -22.082114    -22.082113
   2.27085    -22.082881    -22.082879
   2.21336    -22.083111    -22.083110
   2.21336    -22.083111    -22.083110
   2.15966    -22.083012    -22.083011
   2.10595    -22.082678    -22.082676
   2.05224    -22.082028    -22.082027
   1.99853    -22.080885    -22.080884
   1.94482    -22.078997    -22.078995
   1.89111    -22.076111    -22.076110
   1.83741    -22.072302    -22.072300
   1.78370    -22.068678    -22.068677
   1.72999    -22.069326    -22.069324
   1.67628    -22.076090    -22.076088
   1.62257    -22.084943    -22.084940
   1.56887    -22.094000    -22.093997
   1.51516    -22.102581    -22.102578
   1.46145    -22.110337    -22.110334
   1.40774    -22.115109    -22.115105
   1.40774    -22.082843    -22.082842
   1.35153    -22.082851    -22.082850
   1.29532    -22.082874    -22.082872
   1.23910    -22.082904    -22.082903
   1.18289    -22.082954    -22.082952
   1.12668    -22.082993    -22.082991
   1.07047    -22.083036    -22.083034
   1.01426    -22.083073    -22.083071
   0.95804    -22.083102    -22.083101
   0.90183    -22.083111    -22.083110
   0.90183    -22.083111    -22.083110
   0.84111    -22.082521    -22.082519
   0.78039    -22.080417    -22.080415
   0.71967    -22.075454    -22.075453
   0.65895    -22.065953    -22.065951
   0.59823    -22.052547    -22.052545
   0.53751    -22.057146    -22.057144
   0.47679    -22.074150    -22.074148
   0.41607    -22.091286    -22.091285
   0.41607    -22.089496    -22.089494
   0.35664    -22.081234    -22.081232
   0.29720    -22.087207    -22.087206
   0.23776    -22.086028    -22.086027
   0.17832    -22.084840    -22.084839
   0.11888    -22.083916    -22.083915
   0.05944    -22.083322    -22.083320
   0.00000    -22.083111    -22.083110
 
# Band-Index   25
   0.00000    -22.031489    -22.031486
   0.05944    -22.033070    -22.033068
   0.11888    -22.037744    -22.037741
   0.17832    -22.045365    -22.045362
   0.23776    -22.055602    -22.055599
   0.29720    -22.067877    -22.067874
   0.35664    -22.080992    -22.080989
   0.41607    -22.067405    -22.067403
   0.41607    -22.010145    -22.010143
   0.47679    -22.022899    -22.022897
   0.53751    -22.037555    -22.037554
   0.59823    -22.043921    -22.043920
   0.65895    -22.035943    -22.035941
   0.71967    -22.032408    -22.032406
   0.78039    -22.031401    -22.031398
   0.84111    -22.031397    -22.031394
   0.90183    -22.031489    -22.031486
   0.90183    -22.031489    -22.031486
   0.95804    -22.031489    -22.031487
   1.01426    -22.031485    -22.031483
   1.07047    -22.031488    -22.031486
   1.12668    -22.031483    -22.031480
   1.18289    -22.031488    -22.031485
   1.23910    -22.031485    -22.031482
   1.29532    -22.031476    -22.031473
   1.35153    -22.031474    -22.031472
   1.40774    -22.031469    -22.031466
   1.40774    -22.031468    -22.031466
   1.46145    -22.032327    -22.032325
   1.51516    -22.035125    -22.035124
   1.56887    -22.039339    -22.039338
   1.62257    -22.044465    -22.044464
   1.67628    -22.049802    -22.049800
   1.72999    -22.053720    -22.053718
   1.78370    -22.052463    -22.052460
   1.83741    -22.047759    -22.047757
   1.89111    -22.043204    -22.043201
   1.94482    -22.039464    -22.039461
   1.99853    -22.036512    -22.036509
   2.05224    -22.034286    -22.034283
   2.10595    -22.032721    -22.032718
   2.15966    -22.031799    -22.031797
   2.21336    -22.031489    -22.031486
   2.21336    -22.031489    -22.031486
   2.27085    -22.031434    -22.031431
   2.32834    -22.031315    -22.031312
   2.38584    -22.031336    -22.031333
   2.44333    -22.031784    -22.031782
   2.50082    -22.033099    -22.033097
   2.55831    -22.035822    -22.035819
   2.61580    -22.040518    -22.040516
   2.67329    -22.047443    -22.047441
   2.73078    -22.037388    -22.037386
   2.78827    -22.027408    -22.027406
   2.84576    -22.018031    -22.018030
   2.90325    -22.009764    -22.009762
   2.90325    -22.065747    -22.065744
   2.95783    -22.074409    -22.074406
   3.01242    -22.078538    -22.078536
   3.06700    -22.070903    -22.070900
   3.12159    -22.063418    -22.063416
   3.17617    -22.056435    -22.056433
   3.23075    -22.050118    -22.050115
   3.28534    -22.044590    -22.044587
   3.33992    -22.039952    -22.039950
   3.39451    -22.036285    -22.036282
   3.44909    -22.033633    -22.033631
   3.50367    -22.032030    -22.032028
   3.55826    -22.031489    -22.031486
   3.55826    -22.031489    -22.031486
   3.61640    -22.032070    -22.032067
   3.67455    -22.033826    -22.033823
   3.73269    -22.036812    -22.036810
   3.79084    -22.041145    -22.041143
   3.84898    -22.046975    -22.046973
   3.90712    -22.053187    -22.053185
   3.96527    -22.051828    -22.051826
   4.02341    -22.044798    -22.044796
   4.08156    -22.037896    -22.037895
   4.13970    -22.032942    -22.032941
   4.19785    -22.031253    -22.031252
 
# Band-Index   26
   4.19785    -22.031115    -22.031113
   4.13970    -22.031678    -22.031676
   4.08156    -22.032306    -22.032304
   4.02341    -22.031781    -22.031778
   3.96527    -22.028857    -22.028855
   3.90712    -22.022840    -22.022838
   3.84898    -22.014129    -22.014127
   3.79084    -22.004542    -22.004540
   3.73269    -21.995928    -21.995926
   3.67455    -21.989160    -21.989158
   3.61640    -21.984378    -21.984376
   3.55826    -21.982229    -21.982226
   3.55826    -21.982229    -21.982226
   3.50367    -21.983961    -21.983959
   3.44909    -21.987515    -21.987513
   3.39451    -21.992079    -21.992077
   3.33992    -21.997579    -21.997577
   3.28534    -22.003980    -22.003978
   3.23075    -22.011217    -22.011214
   3.17617    -22.019197    -22.019195
   3.12159    -22.027821    -22.027819
   3.06700    -22.036959    -22.036957
   3.01242    -22.046443    -22.046441
   2.95783    -22.056102    -22.056099
   2.90325    -22.065495    -22.065492
   2.90325    -22.009713    -22.009711
   2.84576    -22.003161    -22.003160
   2.78827    -21.998716    -21.998714
   2.73078    -21.995817    -21.995815
   2.67329    -21.993380    -21.993378
   2.61580    -21.990748    -21.990746
   2.55831    -21.987827    -21.987825
   2.50082    -21.984886    -21.984884
   2.44333    -21.983331    -21.983328
   2.38584    -21.982866    -21.982864
   2.32834    -21.982523    -21.982520
   2.27085    -21.982305    -21.982302
   2.21336    -21.982229    -21.982226
   2.21336    -21.982229    -21.982226
   2.15966    -21.983481    -21.983479
   2.10595    -21.986374    -21.986372
   2.05224    -21.990377    -21.990375
   1.99853    -21.995434    -21.995432
   1.94482    -22.001474    -22.001472
   1.89111    -22.008230    -22.008227
   1.83741    -22.015154    -22.015151
   1.78370    -22.021474    -22.021471
   1.72999    -22.026478    -22.026476
   1.67628    -22.029870    -22.029867
   1.62257    -22.031717    -22.031715
   1.56887    -22.032322    -22.032320
   1.51516    -22.032124    -22.032122
   1.46145    -22.031677    -22.031675
   1.40774    -22.031331    -22.031330
   1.40774    -21.982870    -21.982868
   1.35153    -21.982851    -21.982849
   1.29532    -21.982795    -21.982793
   1.23910    -21.982717    -21.982714
   1.18289    -21.982617    -21.982615
   1.12668    -21.982507    -21.982505
   1.07047    -21.982409    -21.982407
   1.01426    -21.982316    -21.982314
   0.95804    -21.982252    -21.982250
   0.90183    -21.982229    -21.982226
   0.90183    -21.982229    -21.982226
   0.84111    -21.982369    -21.982366
   0.78039    -21.982778    -21.982775
   0.71967    -21.983498    -21.983497
   0.65895    -21.987907    -21.987905
   0.59823    -21.992330    -21.992328
   0.53751    -21.996168    -21.996166
   0.47679    -22.001099    -22.001097
   0.41607    -22.010093    -22.010092
   0.41607    -22.067154    -22.067151
   0.35664    -22.050396    -22.050393
   0.29720    -22.033643    -22.033641
   0.23776    -22.018248    -22.018245
   0.17832    -22.004953    -22.004951
   0.11888    -21.994272    -21.994270
   0.05944    -21.986364    -21.986362
   0.00000    -21.982229    -21.982226
 
# Band-Index   27
   0.00000    -21.977450    -21.977449
   0.05944    -21.974645    -21.974643
   0.11888    -21.970638    -21.970636
   0.17832    -21.966302    -21.966300
   0.23776    -21.961598    -21.961597
   0.29720    -21.956632    -21.956630
   0.35664    -21.951610    -21.951609
   0.41607    -21.946971    -21.946969
   0.41607    -21.985645    -21.985643
   0.47679    -21.986439    -21.986437
   0.53751    -21.986019    -21.986017
   0.59823    -21.985168    -21.985166
   0.65895    -21.984245    -21.984242
   0.71967    -21.983423    -21.983420
   0.78039    -21.980103    -21.980102
   0.84111    -21.978100    -21.978099
   0.90183    -21.977450    -21.977449
   0.90183    -21.977450    -21.977449
   0.95804    -21.977448    -21.977446
   1.01426    -21.977450    -21.977449
   1.07047    -21.977450    -21.977449
   1.12668    -21.977447    -21.977446
   1.18289    -21.977449    -21.977448
   1.23910    -21.977444    -21.977442
   1.29532    -21.977446    -21.977444
   1.35153    -21.977446    -21.977445
   1.40774    -21.977445    -21.977443
   1.40774    -21.978798    -21.978798
   1.46145    -21.978364    -21.978361
   1.51516    -21.977276    -21.977273
   1.56887    -21.975799    -21.975797
   1.62257    -21.974242    -21.974240
   1.67628    -21.972875    -21.972873
   1.72999    -21.971864    -21.971862
   1.78370    -21.971292    -21.971290
   1.83741    -21.971181    -21.971179
   1.89111    -21.971483    -21.971481
   1.94482    -21.972133    -21.972131
   1.99853    -21.973050    -21.973049
   2.05224    -21.974171    -21.974169
   2.10595    -21.975437    -21.975436
   2.15966    -21.976731    -21.976730
   2.21336    -21.977450    -21.977449
   2.21336    -21.977450    -21.977449
   2.27085    -21.977741    -21.977740
   2.32834    -21.978633    -21.978632
   2.38584    -21.980133    -21.980132
   2.44333    -21.982246    -21.982244
   2.50082    -21.983885    -21.983883
   2.55831    -21.984514    -21.984511
   2.61580    -21.985185    -21.985183
   2.67329    -21.985833    -21.985831
   2.73078    -21.986393    -21.986391
   2.78827    -21.986757    -21.986755
   2.84576    -21.986725    -21.986722
   2.90325    -21.985965    -21.985964
   2.90325    -21.947054    -21.947052
   2.95783    -21.949629    -21.949627
   3.01242    -21.952492    -21.952491
   3.06700    -21.955408    -21.955407
   3.12159    -21.958330    -21.958329
   3.17617    -21.961213    -21.961212
   3.23075    -21.964015    -21.964014
   3.28534    -21.966697    -21.966696
   3.33992    -21.969252    -21.969250
   3.39451    -21.971679    -21.971677
   3.44909    -21.974003    -21.974001
   3.50367    -21.976186    -21.976185
   3.55826    -21.977450    -21.977449
   3.55826    -21.977450    -21.977449
   3.61640    -21.976266    -21.976264
   3.67455    -21.974470    -21.974469
   3.73269    -21.972884    -21.972883
   3.79084    -21.971675    -21.971673
   3.84898    -21.971036    -21.971034
   3.90712    -21.971148    -21.971146
   3.96527    -21.972115    -21.972113
   4.02341    -21.973845    -21.973843
   4.08156    -21.975943    -21.975941
   4.13970    -21.977759    -21.977756
   4.19785    -21.978528    -21.978527
 
# Band-Index   28
   4.19785    -21.978464    -21.978462
   4.13970    -21.977013    -21.977013
   4.08156    -21.973108    -21.973107
   4.02341    -21.967817    -21.967816
   3.96527    -21.961926    -21.961925
   3.90712    -21.955834    -21.955833
   3.84898    -21.949693    -21.949692
   3.79084    -21.943618    -21.943616
   3.73269    -21.937890    -21.937889
   3.67455    -21.933049    -21.933048
   3.61640    -21.929778    -21.929776
   3.55826    -21.928621    -21.928620
   3.55826    -21.928621    -21.928620
   3.50367    -21.928763    -21.928762
   3.44909    -21.929183    -21.929182
   3.39451    -21.929874    -21.929873
   3.33992    -21.930833    -21.930832
   3.28534    -21.932053    -21.932052
   3.23075    -21.933523    -21.933522
   3.17617    -21.935232    -21.935231
   3.12159    -21.937171    -21.937170
   3.06700    -21.939321    -21.939320
   3.01242    -21.941654    -21.941653
   2.95783    -21.944163    -21.944162
   2.90325    -21.946616    -21.946615
   2.90325    -21.985898    -21.985895
   2.84576    -21.983733    -21.983732
   2.78827    -21.979561    -21.979560
   2.73078    -21.973799    -21.973798
   2.67329    -21.967273    -21.967272
   2.61580    -21.960472    -21.960470
   2.55831    -21.953653    -21.953652
   2.50082    -21.947081    -21.947079
   2.44333    -21.941036    -21.941035
   2.38584    -21.935883    -21.935882
   2.32834    -21.931935    -21.931934
   2.27085    -21.929462    -21.929461
   2.21336    -21.928621    -21.928620
   2.21336    -21.928621    -21.928620
   2.15966    -21.929245    -21.929244
   2.10595    -21.931055    -21.931054
   2.05224    -21.933891    -21.933890
   1.99853    -21.937496    -21.937495
   1.94482    -21.941611    -21.941610
   1.89111    -21.945998    -21.945997
   1.83741    -21.950505    -21.950504
   1.78370    -21.955047    -21.955046
   1.72999    -21.959575    -21.959574
   1.67628    -21.964047    -21.964046
   1.62257    -21.968362    -21.968361
   1.56887    -21.972343    -21.972343
   1.51516    -21.975678    -21.975677
   1.46145    -21.977952    -21.977951
   1.40774    -21.978734    -21.978732
   1.40774    -21.928832    -21.928831
   1.35153    -21.928821    -21.928820
   1.29532    -21.928803    -21.928802
   1.23910    -21.928778    -21.928777
   1.18289    -21.928748    -21.928747
   1.12668    -21.928714    -21.928712
   1.07047    -21.928684    -21.928683
   1.01426    -21.928653    -21.928652
   0.95804    -21.928628    -21.928627
   0.90183    -21.928621    -21.928620
   0.90183    -21.928621    -21.928620
   0.84111    -21.930515    -21.930513
   0.78039    -21.935935    -21.935933
   0.71967    -21.944089    -21.944088
   0.65895    -21.953824    -21.953823
   0.59823    -21.964025    -21.964024
   0.53751    -21.973818    -21.973816
   0.47679    -21.981698    -21.981696
   0.41607    -21.985578    -21.985575
   0.41607    -21.946533    -21.946532
   0.35664    -21.942251    -21.942250
   0.29720    -21.938267    -21.938266
   0.23776    -21.934884    -21.934883
   0.17832    -21.932175    -21.932174
   0.11888    -21.930218    -21.930217
   0.05944    -21.929024    -21.929022
   0.00000    -21.928621    -21.928620
 
# Band-Index   29
   0.00000    -15.983090    -15.983093
   0.05944    -15.981520    -15.981523
   0.11888    -15.976961    -15.976964
   0.17832    -15.969880    -15.969883
   0.23776    -15.961134    -15.961136
   0.29720    -15.951994    -15.951996
   0.35664    -15.944161    -15.944163
   0.41607    -15.939279    -15.939279
   0.41607    -15.934191    -15.934191
   0.47679    -15.938874    -15.938875
   0.53751    -15.946866    -15.946867
   0.59823    -15.956203    -15.956205
   0.65895    -15.965169    -15.965172
   0.71967    -15.972754    -15.972757
   0.78039    -15.978425    -15.978428
   0.84111    -15.981913    -15.981916
   0.90183    -15.983090    -15.983093
   0.90183    -15.983090    -15.983093
   0.95804    -15.982018    -15.982021
   1.01426    -15.978845    -15.978848
   1.07047    -15.973679    -15.973682
   1.12668    -15.966731    -15.966734
   1.18289    -15.958337    -15.958339
   1.23910    -15.949014    -15.949016
   1.29532    -15.939657    -15.939659
   1.35153    -15.934979    -15.934978
   1.40774    -15.934641    -15.934640
   1.40774    -15.930258    -15.930257
   1.46145    -15.930403    -15.930402
   1.51516    -15.930946    -15.930946
   1.56887    -15.931870    -15.931870
   1.62257    -15.933156    -15.933156
   1.67628    -15.935195    -15.935195
   1.72999    -15.938400    -15.938400
   1.78370    -15.942836    -15.942837
   1.83741    -15.948446    -15.948447
   1.89111    -15.954953    -15.954955
   1.94482    -15.961869    -15.961871
   1.99853    -15.968590    -15.968592
   2.05224    -15.974527    -15.974530
   2.10595    -15.979153    -15.979156
   2.15966    -15.982088    -15.982091
   2.21336    -15.983090    -15.983093
   2.21336    -15.983090    -15.983093
   2.27085    -15.982054    -15.982057
   2.32834    -15.979007    -15.979010
   2.38584    -15.974154    -15.974157
   2.44333    -15.967828    -15.967831
   2.50082    -15.960513    -15.960515
   2.55831    -15.952840    -15.952842
   2.61580    -15.945549    -15.945550
   2.67329    -15.939358    -15.939359
   2.73078    -15.936722    -15.936722
   2.78827    -15.934619    -15.934619
   2.84576    -15.932724    -15.932724
   2.90325    -15.931448    -15.931447
   2.90325    -15.926567    -15.926568
   2.95783    -15.927175    -15.927176
   3.01242    -15.928941    -15.928942
   3.06700    -15.932138    -15.932140
   3.12159    -15.937015    -15.937017
   3.17617    -15.943468    -15.943470
   3.23075    -15.951010    -15.951012
   3.28534    -15.958979    -15.958982
   3.33992    -15.966660    -15.966663
   3.39451    -15.973398    -15.973401
   3.44909    -15.978633    -15.978636
   3.50367    -15.981955    -15.981958
   3.55826    -15.983090    -15.983093
   3.55826    -15.983090    -15.983093
   3.61640    -15.981834    -15.981837
   3.67455    -15.978139    -15.978142
   3.73269    -15.972237    -15.972240
   3.79084    -15.964572    -15.964575
   3.84898    -15.955851    -15.955853
   3.90712    -15.947102    -15.947103
   3.96527    -15.939563    -15.939563
   4.02341    -15.934002    -15.934001
   4.08156    -15.930338    -15.930337
   4.13970    -15.928245    -15.928244
   4.19785    -15.927565    -15.927564
 
# Band-Index   30
   4.19785    -15.927445    -15.927446
   4.13970    -15.927470    -15.927471
   4.08156    -15.927727    -15.927728
   4.02341    -15.928644    -15.928645
   3.96527    -15.930549    -15.930550
   3.90712    -15.933247    -15.933248
   3.84898    -15.936174    -15.936174
   3.79084    -15.938901    -15.938901
   3.73269    -15.941189    -15.941189
   3.67455    -15.942902    -15.942901
   3.61640    -15.943960    -15.943959
   3.55826    -15.944316    -15.944315
   3.55826    -15.944316    -15.944315
   3.50367    -15.944046    -15.944046
   3.44909    -15.943230    -15.943229
   3.39451    -15.941902    -15.941901
   3.33992    -15.940104    -15.940103
   3.28534    -15.937923    -15.937923
   3.23075    -15.935494    -15.935493
   3.17617    -15.932985    -15.932985
   3.12159    -15.930612    -15.930611
   3.06700    -15.928614    -15.928613
   3.01242    -15.927209    -15.927208
   2.95783    -15.926495    -15.926495
   2.90325    -15.926341    -15.926341
   2.90325    -15.931322    -15.931323
   2.84576    -15.931012    -15.931012
   2.78827    -15.932031    -15.932032
   2.73078    -15.934766    -15.934767
   2.67329    -15.938748    -15.938747
   2.61580    -15.940540    -15.940539
   2.55831    -15.941973    -15.941973
   2.50082    -15.943020    -15.943019
   2.44333    -15.943701    -15.943701
   2.38584    -15.944081    -15.944081
   2.32834    -15.944255    -15.944255
   2.27085    -15.944307    -15.944307
   2.21336    -15.944316    -15.944315
   2.21336    -15.944316    -15.944315
   2.15966    -15.944228    -15.944227
   2.10595    -15.943943    -15.943943
   2.05224    -15.943440    -15.943439
   1.99853    -15.942685    -15.942685
   1.94482    -15.941672    -15.941671
   1.89111    -15.940419    -15.940419
   1.83741    -15.938969    -15.938969
   1.78370    -15.937404    -15.937404
   1.72999    -15.935808    -15.935809
   1.67628    -15.934255    -15.934256
   1.62257    -15.932718    -15.932719
   1.56887    -15.931446    -15.931447
   1.51516    -15.930685    -15.930686
   1.46145    -15.930269    -15.930270
   1.40774    -15.930106    -15.930107
   1.40774    -15.928762    -15.928763
   1.35153    -15.931958    -15.931959
   1.29532    -15.935932    -15.935932
   1.23910    -15.937350    -15.937350
   1.18289    -15.939010    -15.939010
   1.12668    -15.940686    -15.940685
   1.07047    -15.942179    -15.942179
   1.01426    -15.943338    -15.943338
   0.95804    -15.944066    -15.944066
   0.90183    -15.944316    -15.944315
   0.90183    -15.944316    -15.944315
   0.84111    -15.943940    -15.943940
   0.78039    -15.942840    -15.942840
   0.71967    -15.941108    -15.941108
   0.65895    -15.938888    -15.938888
   0.59823    -15.936441    -15.936441
   0.53751    -15.934219    -15.934218
   0.47679    -15.933011    -15.933011
   0.41607    -15.934080    -15.934081
   0.41607    -15.939037    -15.939038
   0.35664    -15.937318    -15.937318
   0.29720    -15.937750    -15.937750
   0.23776    -15.939321    -15.939321
   0.17832    -15.941184    -15.941184
   0.11888    -15.942825    -15.942825
   0.05944    -15.943933    -15.943932
   0.00000    -15.944316    -15.944315
 
# Band-Index   31
   0.00000    -15.870999    -15.871000
   0.05944    -15.871631    -15.871632
   0.11888    -15.873359    -15.873360
   0.17832    -15.875688    -15.875690
   0.23776    -15.877856    -15.877858
   0.29720    -15.878800    -15.878803
   0.35664    -15.877227    -15.877230
   0.41607    -15.872303    -15.872307
   0.41607    -15.875737    -15.875739
   0.47679    -15.882205    -15.882207
   0.53751    -15.883993    -15.883995
   0.59823    -15.882584    -15.882586
   0.65895    -15.879712    -15.879714
   0.71967    -15.876496    -15.876497
   0.78039    -15.873648    -15.873650
   0.84111    -15.871695    -15.871697
   0.90183    -15.870999    -15.871000
   0.90183    -15.870999    -15.871000
   0.95804    -15.871213    -15.871214
   1.01426    -15.871818    -15.871820
   1.07047    -15.872739    -15.872740
   1.12668    -15.873866    -15.873868
   1.18289    -15.875090    -15.875091
   1.23910    -15.876320    -15.876322
   1.29532    -15.877599    -15.877601
   1.35153    -15.879168    -15.879172
   1.40774    -15.880277    -15.880282
   1.40774    -15.817987    -15.817989
   1.46145    -15.824287    -15.824291
   1.51516    -15.832132    -15.832136
   1.56887    -15.838816    -15.838820
   1.62257    -15.844497    -15.844501
   1.67628    -15.849676    -15.849679
   1.72999    -15.854724    -15.854727
   1.78370    -15.859476    -15.859478
   1.83741    -15.863499    -15.863502
   1.89111    -15.866552    -15.866554
   1.94482    -15.868628    -15.868630
   1.99853    -15.869889    -15.869890
   2.05224    -15.870568    -15.870569
   2.10595    -15.870870    -15.870872
   2.15966    -15.870981    -15.870982
   2.21336    -15.870999    -15.871000
   2.21336    -15.870999    -15.871000
   2.27085    -15.870750    -15.870751
   2.32834    -15.869974    -15.869976
   2.38584    -15.868607    -15.868608
   2.44333    -15.866560    -15.866562
   2.50082    -15.863682    -15.863684
   2.55831    -15.859887    -15.859889
   2.61580    -15.855350    -15.855353
   2.67329    -15.850961    -15.850964
   2.73078    -15.847932    -15.847935
   2.78827    -15.845945    -15.845948
   2.84576    -15.843798    -15.843802
   2.90325    -15.841044    -15.841046
   2.90325    -15.879755    -15.879759
   2.95783    -15.880084    -15.880088
   3.01242    -15.880158    -15.880161
   3.06700    -15.879968    -15.879971
   3.12159    -15.879552    -15.879555
   3.17617    -15.878877    -15.878880
   3.23075    -15.877895    -15.877897
   3.28534    -15.876618    -15.876620
   3.33992    -15.875134    -15.875135
   3.39451    -15.873608    -15.873610
   3.44909    -15.872265    -15.872266
   3.50367    -15.871334    -15.871335
   3.55826    -15.870999    -15.871000
   3.55826    -15.870999    -15.871000
   3.61640    -15.871626    -15.871627
   3.67455    -15.873372    -15.873374
   3.73269    -15.875857    -15.875859
   3.79084    -15.878472    -15.878474
   3.84898    -15.880341    -15.880343
   3.90712    -15.880226    -15.880228
   3.96527    -15.876623    -15.876626
   4.02341    -15.868470    -15.868474
   4.08156    -15.855940    -15.855944
   4.13970    -15.840107    -15.840111
   4.19785    -15.822828    -15.822830
 
# Band-Index   32
   4.19785    -15.821920    -15.821925
   4.13970    -15.822821    -15.822824
   4.08156    -15.823032    -15.823036
   4.02341    -15.822774    -15.822778
   3.96527    -15.822223    -15.822228
   3.90712    -15.821571    -15.821576
   3.84898    -15.820943    -15.820947
   3.79084    -15.820427    -15.820432
   3.73269    -15.820064    -15.820068
   3.67455    -15.819832    -15.819836
   3.61640    -15.819711    -15.819715
   3.55826    -15.819674    -15.819678
   3.55826    -15.819674    -15.819678
   3.50367    -15.820828    -15.820833
   3.44909    -15.824209    -15.824213
   3.39451    -15.829585    -15.829589
   3.33992    -15.836549    -15.836554
   3.28534    -15.844548    -15.844552
   3.23075    -15.852912    -15.852917
   3.17617    -15.860923    -15.860927
   3.12159    -15.867855    -15.867860
   3.06700    -15.873151    -15.873155
   3.01242    -15.876602    -15.876606
   2.95783    -15.878545    -15.878548
   2.90325    -15.879419    -15.879423
   2.90325    -15.840557    -15.840562
   2.84576    -15.836753    -15.836756
   2.78827    -15.831710    -15.831713
   2.73078    -15.825845    -15.825848
   2.67329    -15.827701    -15.827705
   2.61580    -15.829724    -15.829728
   2.55831    -15.828979    -15.828983
   2.50082    -15.827057    -15.827061
   2.44333    -15.824820    -15.824825
   2.38584    -15.822733    -15.822738
   2.32834    -15.821082    -15.821087
   2.27085    -15.820037    -15.820041
   2.21336    -15.819674    -15.819678
   2.21336    -15.819674    -15.819678
   2.15966    -15.820259    -15.820263
   2.10595    -15.821950    -15.821955
   2.05224    -15.824582    -15.824587
   1.99853    -15.827862    -15.827867
   1.94482    -15.831414    -15.831419
   1.89111    -15.834784    -15.834788
   1.83741    -15.837502    -15.837506
   1.78370    -15.839092    -15.839097
   1.72999    -15.839112    -15.839116
   1.67628    -15.837248    -15.837251
   1.62257    -15.833605    -15.833609
   1.56887    -15.828935    -15.828939
   1.51516    -15.824122    -15.824125
   1.46145    -15.819916    -15.819919
   1.40774    -15.817475    -15.817479
   1.40774    -15.871791    -15.871794
   1.35153    -15.869478    -15.869481
   1.29532    -15.862707    -15.862712
   1.23910    -15.853673    -15.853677
   1.18289    -15.844420    -15.844424
   1.12668    -15.836021    -15.836026
   1.07047    -15.829075    -15.829079
   1.01426    -15.823912    -15.823917
   0.95804    -15.820744    -15.820748
   0.90183    -15.819674    -15.819678
   0.90183    -15.819674    -15.819678
   0.84111    -15.818485    -15.818490
   0.78039    -15.814971    -15.814975
   0.71967    -15.809195    -15.809200
   0.65895    -15.816829    -15.816832
   0.59823    -15.832645    -15.832648
   0.53751    -15.848835    -15.848838
   0.47679    -15.863758    -15.863761
   0.41607    -15.875216    -15.875220
   0.41607    -15.871925    -15.871928
   0.35664    -15.863695    -15.863699
   0.29720    -15.853421    -15.853425
   0.23776    -15.842915    -15.842920
   0.17832    -15.833476    -15.833481
   0.11888    -15.826047    -15.826052
   0.05944    -15.821308    -15.821312
   0.00000    -15.819674    -15.819678
 
# Band-Index   33
   0.00000    -15.782107    -15.782109
   0.05944    -15.780957    -15.780960
   0.11888    -15.777514    -15.777516
   0.17832    -15.771817    -15.771819
   0.23776    -15.763892    -15.763895
   0.29720    -15.753742    -15.753745
   0.35664    -15.741410    -15.741412
   0.41607    -15.727202    -15.727204
   0.41607    -15.748279    -15.748283
   0.47679    -15.764353    -15.764357
   0.53751    -15.778770    -15.778774
   0.59823    -15.791060    -15.791064
   0.65895    -15.801197    -15.801202
   0.71967    -15.802761    -15.802764
   0.78039    -15.791677    -15.791679
   0.84111    -15.784554    -15.784557
   0.90183    -15.782107    -15.782109
   0.90183    -15.782107    -15.782109
   0.95804    -15.781704    -15.781707
   1.01426    -15.780523    -15.780525
   1.07047    -15.778687    -15.778689
   1.12668    -15.776413    -15.776415
   1.18289    -15.773958    -15.773960
   1.23910    -15.771611    -15.771613
   1.29532    -15.769668    -15.769670
   1.35153    -15.768378    -15.768380
   1.40774    -15.767930    -15.767932
   1.40774    -15.810742    -15.810745
   1.46145    -15.808869    -15.808872
   1.51516    -15.806021    -15.806024
   1.56887    -15.803146    -15.803150
   1.62257    -15.800412    -15.800415
   1.67628    -15.797830    -15.797832
   1.72999    -15.795385    -15.795388
   1.78370    -15.793082    -15.793084
   1.83741    -15.790917    -15.790919
   1.89111    -15.788908    -15.788911
   1.94482    -15.787078    -15.787081
   1.99853    -15.785454    -15.785456
   2.05224    -15.784086    -15.784088
   2.10595    -15.783025    -15.783027
   2.15966    -15.782346    -15.782348
   2.21336    -15.782107    -15.782109
   2.21336    -15.782107    -15.782109
   2.27085    -15.782867    -15.782869
   2.32834    -15.785105    -15.785107
   2.38584    -15.788709    -15.788712
   2.44333    -15.793523    -15.793526
   2.50082    -15.799303    -15.799306
   2.55831    -15.805749    -15.805752
   2.61580    -15.812541    -15.812544
   2.67329    -15.819335    -15.819338
   2.73078    -15.821102    -15.821107
   2.78827    -15.810123    -15.810127
   2.84576    -15.796013    -15.796017
   2.90325    -15.780199    -15.780202
   2.90325    -15.741415    -15.741417
   2.95783    -15.745341    -15.745343
   3.01242    -15.749082    -15.749085
   3.06700    -15.752709    -15.752711
   3.12159    -15.756460    -15.756462
   3.17617    -15.760468    -15.760470
   3.23075    -15.764712    -15.764714
   3.28534    -15.769035    -15.769037
   3.33992    -15.773181    -15.773183
   3.39451    -15.776829    -15.776831
   3.44909    -15.779682    -15.779685
   3.50367    -15.781496    -15.781498
   3.55826    -15.782107    -15.782109
   3.55826    -15.782107    -15.782109
   3.61640    -15.782942    -15.782944
   3.67455    -15.785356    -15.785359
   3.73269    -15.789089    -15.789091
   3.79084    -15.793778    -15.793781
   3.84898    -15.799010    -15.799012
   3.90712    -15.804345    -15.804347
   3.96527    -15.809394    -15.809396
   4.02341    -15.813846    -15.813849
   4.08156    -15.817466    -15.817469
   4.13970    -15.820138    -15.820141
   4.19785    -15.821560    -15.821563
 
# Band-Index   34
   4.19785    -15.821397    -15.821402
   4.13970    -15.802157    -15.802160
   4.08156    -15.781208    -15.781212
   4.02341    -15.759411    -15.759415
   3.96527    -15.737072    -15.737075
   3.90712    -15.714589    -15.714592
   3.84898    -15.692460    -15.692463
   3.79084    -15.671394    -15.671397
   3.73269    -15.652374    -15.652378
   3.67455    -15.636701    -15.636704
   3.61640    -15.626031    -15.626034
   3.55826    -15.622177    -15.622181
   3.55826    -15.622177    -15.622181
   3.50367    -15.625767    -15.625770
   3.44909    -15.635266    -15.635269
   3.39451    -15.648222    -15.648225
   3.33992    -15.662583    -15.662585
   3.28534    -15.676996    -15.676998
   3.23075    -15.690629    -15.690631
   3.17617    -15.702952    -15.702954
   3.12159    -15.713682    -15.713684
   3.06700    -15.722731    -15.722734
   3.01242    -15.730165    -15.730168
   2.95783    -15.736201    -15.736204
   2.90325    -15.740893    -15.740895
   2.90325    -15.779565    -15.779570
   2.84576    -15.762489    -15.762493
   2.78827    -15.744427    -15.744430
   2.73078    -15.726201    -15.726205
   2.67329    -15.708260    -15.708264
   2.61580    -15.691019    -15.691023
   2.55831    -15.674872    -15.674876
   2.50082    -15.660212    -15.660215
   2.44333    -15.647389    -15.647392
   2.38584    -15.636798    -15.636801
   2.32834    -15.628838    -15.628842
   2.27085    -15.623869    -15.623872
   2.21336    -15.622177    -15.622181
   2.21336    -15.622177    -15.622181
   2.15966    -15.624373    -15.624377
   2.10595    -15.630587    -15.630590
   2.05224    -15.640028    -15.640031
   1.99853    -15.651896    -15.651899
   1.94482    -15.665580    -15.665583
   1.89111    -15.680591    -15.680594
   1.83741    -15.696518    -15.696521
   1.78370    -15.712961    -15.712965
   1.72999    -15.729531    -15.729534
   1.67628    -15.745865    -15.745869
   1.62257    -15.761607    -15.761610
   1.56887    -15.776459    -15.776462
   1.51516    -15.790154    -15.790158
   1.46145    -15.802357    -15.802360
   1.40774    -15.810212    -15.810217
   1.40774    -15.692853    -15.692857
   1.35153    -15.691302    -15.691306
   1.29532    -15.686720    -15.686723
   1.23910    -15.679362    -15.679365
   1.18289    -15.669634    -15.669638
   1.12668    -15.658150    -15.658153
   1.07047    -15.645859    -15.645862
   1.01426    -15.634231    -15.634234
   0.95804    -15.625496    -15.625499
   0.90183    -15.622177    -15.622181
   0.90183    -15.622177    -15.622181
   0.84111    -15.625598    -15.625601
   0.78039    -15.635444    -15.635448
   0.71967    -15.650513    -15.650516
   0.65895    -15.669070    -15.669073
   0.59823    -15.689351    -15.689355
   0.53751    -15.709881    -15.709885
   0.47679    -15.729603    -15.729608
   0.41607    -15.747505    -15.747510
   0.41607    -15.726764    -15.726767
   0.35664    -15.710711    -15.710713
   0.29720    -15.693023    -15.693025
   0.23776    -15.674581    -15.674583
   0.17832    -15.656333    -15.656336
   0.11888    -15.639725    -15.639728
   0.05944    -15.627138    -15.627141
   0.00000    -15.622177    -15.622181
 
# Band-Index   35
   0.00000    -15.540167    -15.540167
   0.05944    -15.536134    -15.536134
   0.11888    -15.526257    -15.526257
   0.17832    -15.513992    -15.513993
   0.23776    -15.501500    -15.501501
   0.29720    -15.489985    -15.489986
   0.35664    -15.480194    -15.480196
   0.41607    -15.472680    -15.472682
   0.41607    -15.503602    -15.503602
   0.47679    -15.509635    -15.509636
   0.53751    -15.515943    -15.515944
   0.59823    -15.522133    -15.522134
   0.65895    -15.527905    -15.527905
   0.71967    -15.532931    -15.532931
   0.78039    -15.536837    -15.536837
   0.84111    -15.539310    -15.539310
   0.90183    -15.540167    -15.540167
   0.90183    -15.540167    -15.540167
   0.95804    -15.540130    -15.540130
   1.01426    -15.540023    -15.540023
   1.07047    -15.539862    -15.539862
   1.12668    -15.539669    -15.539669
   1.18289    -15.539481    -15.539481
   1.23910    -15.539318    -15.539319
   1.29532    -15.539182    -15.539182
   1.35153    -15.539100    -15.539100
   1.40774    -15.539077    -15.539077
   1.40774    -15.483559    -15.483560
   1.46145    -15.483802    -15.483804
   1.51516    -15.485462    -15.485464
   1.56887    -15.488144    -15.488146
   1.62257    -15.491720    -15.491722
   1.67628    -15.496011    -15.496013
   1.72999    -15.500813    -15.500814
   1.78370    -15.505940    -15.505941
   1.83741    -15.511215    -15.511216
   1.89111    -15.516515    -15.516516
   1.94482    -15.521771    -15.521772
   1.99853    -15.526910    -15.526911
   2.05224    -15.531776    -15.531776
   2.10595    -15.536017    -15.536018
   2.15966    -15.539048    -15.539048
   2.21336    -15.540167    -15.540167
   2.21336    -15.540167    -15.540167
   2.27085    -15.539834    -15.539834
   2.32834    -15.538834    -15.538834
   2.38584    -15.537137    -15.537137
   2.44333    -15.534701    -15.534702
   2.50082    -15.531506    -15.531506
   2.55831    -15.527585    -15.527585
   2.61580    -15.523016    -15.523017
   2.67329    -15.517927    -15.517927
   2.73078    -15.512498    -15.512499
   2.78827    -15.506979    -15.506979
   2.84576    -15.501590    -15.501591
   2.90325    -15.496667    -15.496667
   2.90325    -15.457038    -15.457038
   2.95783    -15.466429    -15.466430
   3.01242    -15.476252    -15.476253
   3.06700    -15.486012    -15.486014
   3.12159    -15.495337    -15.495338
   3.17617    -15.503963    -15.503964
   3.23075    -15.511759    -15.511760
   3.28534    -15.518711    -15.518712
   3.33992    -15.524897    -15.524898
   3.39451    -15.530395    -15.530395
   3.44909    -15.535163    -15.535164
   3.50367    -15.538753    -15.538753
   3.55826    -15.540167    -15.540167
   3.55826    -15.540167    -15.540167
   3.61640    -15.538045    -15.538045
   3.67455    -15.532419    -15.532419
   3.73269    -15.524649    -15.524650
   3.79084    -15.515802    -15.515802
   3.84898    -15.506612    -15.506612
   3.90712    -15.497650    -15.497651
   3.96527    -15.489432    -15.489433
   4.02341    -15.482433    -15.482434
   4.08156    -15.477070    -15.477072
   4.13970    -15.473709    -15.473710
   4.19785    -15.472888    -15.472889
 
# Band-Index   36
   4.19785    -15.472524    -15.472526
   4.13970    -15.472902    -15.472904
   4.08156    -15.473059    -15.473061
   4.02341    -15.473235    -15.473237
   3.96527    -15.473331    -15.473333
   3.90712    -15.473235    -15.473237
   3.84898    -15.472811    -15.472813
   3.79084    -15.471957    -15.471959
   3.73269    -15.470693    -15.470695
   3.67455    -15.469219    -15.469222
   3.61640    -15.467982    -15.467985
   3.55826    -15.467493    -15.467495
   3.55826    -15.467493    -15.467495
   3.50367    -15.465279    -15.465282
   3.44909    -15.459367    -15.459370
   3.39451    -15.451520    -15.451522
   3.33992    -15.443643    -15.443645
   3.28534    -15.437181    -15.437183
   3.23075    -15.432978    -15.432979
   3.17617    -15.431366    -15.431368
   3.12159    -15.432346    -15.432347
   3.06700    -15.435731    -15.435732
   3.01242    -15.441218    -15.441219
   2.95783    -15.448446    -15.448448
   2.90325    -15.456959    -15.456961
   2.90325    -15.496427    -15.496428
   2.84576    -15.492007    -15.492008
   2.78827    -15.488032    -15.488033
   2.73078    -15.484610    -15.484612
   2.67329    -15.481670    -15.481671
   2.61580    -15.479083    -15.479085
   2.55831    -15.476718    -15.476719
   2.50082    -15.474495    -15.474497
   2.44333    -15.472394    -15.472396
   2.38584    -15.470476    -15.470478
   2.32834    -15.468911    -15.468913
   2.27085    -15.467866    -15.467868
   2.21336    -15.467493    -15.467495
   2.21336    -15.467493    -15.467495
   2.15966    -15.467629    -15.467631
   2.10595    -15.467991    -15.467993
   2.05224    -15.468514    -15.468516
   1.99853    -15.469129    -15.469131
   1.94482    -15.469840    -15.469841
   1.89111    -15.470705    -15.470706
   1.83741    -15.471813    -15.471814
   1.78370    -15.473213    -15.473215
   1.72999    -15.474914    -15.474915
   1.67628    -15.476838    -15.476839
   1.62257    -15.478826    -15.478827
   1.56887    -15.480689    -15.480689
   1.51516    -15.482208    -15.482209
   1.46145    -15.483207    -15.483208
   1.40774    -15.483236    -15.483238
   1.40774    -15.396302    -15.396304
   1.35153    -15.397608    -15.397610
   1.29532    -15.401547    -15.401548
   1.23910    -15.408179    -15.408181
   1.18289    -15.417441    -15.417443
   1.12668    -15.428968    -15.428970
   1.07047    -15.441853    -15.441856
   1.01426    -15.454358    -15.454361
   0.95804    -15.463868    -15.463871
   0.90183    -15.467493    -15.467495
   0.90183    -15.467493    -15.467495
   0.84111    -15.468774    -15.468777
   0.78039    -15.472140    -15.472142
   0.71967    -15.476649    -15.476650
   0.65895    -15.481576    -15.481578
   0.59823    -15.486672    -15.486673
   0.53751    -15.491972    -15.491973
   0.47679    -15.497540    -15.497541
   0.41607    -15.503301    -15.503303
   0.41607    -15.472537    -15.472538
   0.35664    -15.467446    -15.467448
   0.29720    -15.464651    -15.464653
   0.23776    -15.463880    -15.463882
   0.17832    -15.464528    -15.464530
   0.11888    -15.465841    -15.465843
   0.05944    -15.467027    -15.467029
   0.00000    -15.467493    -15.467495
 
# Band-Index   37
   0.00000    -15.233440    -15.233440
   0.05944    -15.233594    -15.233594
   0.11888    -15.232985    -15.232986
   0.17832    -15.230359    -15.230359
   0.23776    -15.225266    -15.225266
   0.29720    -15.217637    -15.217637
   0.35664    -15.207554    -15.207554
   0.41607    -15.195235    -15.195235
   0.41607    -15.221682    -15.221682
   0.47679    -15.223767    -15.223767
   0.53751    -15.225866    -15.225866
   0.59823    -15.227873    -15.227874
   0.65895    -15.229707    -15.229707
   0.71967    -15.231267    -15.231267
   0.78039    -15.232452    -15.232452
   0.84111    -15.233188    -15.233188
   0.90183    -15.233440    -15.233440
   0.90183    -15.233440    -15.233440
   0.95804    -15.233243    -15.233243
   1.01426    -15.232662    -15.232663
   1.07047    -15.231750    -15.231750
   1.12668    -15.230615    -15.230615
   1.18289    -15.229394    -15.229394
   1.23910    -15.228236    -15.228236
   1.29532    -15.227276    -15.227277
   1.35153    -15.226646    -15.226646
   1.40774    -15.226427    -15.226427
   1.40774    -15.172482    -15.172482
   1.46145    -15.175015    -15.175015
   1.51516    -15.181383    -15.181383
   1.56887    -15.189479    -15.189479
   1.62257    -15.197890    -15.197890
   1.67628    -15.205834    -15.205834
   1.72999    -15.212897    -15.212897
   1.78370    -15.218891    -15.218891
   1.83741    -15.223753    -15.223753
   1.89111    -15.227507    -15.227508
   1.94482    -15.230226    -15.230227
   1.99853    -15.232014    -15.232014
   2.05224    -15.233011    -15.233011
   2.10595    -15.233407    -15.233407
   2.15966    -15.233466    -15.233466
   2.21336    -15.233440    -15.233440
   2.21336    -15.233440    -15.233440
   2.27085    -15.233389    -15.233389
   2.32834    -15.233218    -15.233219
   2.38584    -15.232878    -15.232878
   2.44333    -15.232336    -15.232336
   2.50082    -15.231536    -15.231537
   2.55831    -15.230430    -15.230430
   2.61580    -15.228990    -15.228990
   2.67329    -15.227226    -15.227226
   2.73078    -15.225198    -15.225198
   2.78827    -15.223006    -15.223006
   2.84576    -15.220797    -15.220797
   2.90325    -15.218748    -15.218749
   2.90325    -15.189895    -15.189895
   2.95783    -15.197035    -15.197035
   3.01242    -15.203717    -15.203716
   3.06700    -15.209868    -15.209867
   3.12159    -15.215451    -15.215451
   3.17617    -15.220412    -15.220412
   3.23075    -15.224660    -15.224660
   3.28534    -15.228100    -15.228100
   3.33992    -15.230653    -15.230653
   3.39451    -15.232301    -15.232302
   3.44909    -15.233143    -15.233143
   3.50367    -15.233413    -15.233414
   3.55826    -15.233440    -15.233440
   3.55826    -15.233440    -15.233440
   3.61640    -15.233392    -15.233392
   3.67455    -15.232892    -15.232892
   3.73269    -15.231353    -15.231353
   3.79084    -15.228419    -15.228419
   3.84898    -15.223974    -15.223974
   3.90712    -15.218018    -15.218018
   3.96527    -15.210682    -15.210682
   4.02341    -15.202308    -15.202308
   4.08156    -15.193668    -15.193668
   4.13970    -15.186452    -15.186453
   4.19785    -15.183456    -15.183456
 
# Band-Index   38
   4.19785    -15.183438    -15.183438
   4.13970    -15.183638    -15.183638
   4.08156    -15.184259    -15.184259
   4.02341    -15.185378    -15.185378
   3.96527    -15.187070    -15.187071
   3.90712    -15.189460    -15.189461
   3.84898    -15.192595    -15.192596
   3.79084    -15.196422    -15.196422
   3.73269    -15.200708    -15.200709
   3.67455    -15.204933    -15.204934
   3.61640    -15.208223    -15.208224
   3.55826    -15.209505    -15.209506
   3.55826    -15.209505    -15.209506
   3.50367    -15.208248    -15.208249
   3.44909    -15.204669    -15.204670
   3.39451    -15.199201    -15.199201
   3.33992    -15.192221    -15.192222
   3.28534    -15.184021    -15.184022
   3.23075    -15.174816    -15.174817
   3.17617    -15.164783    -15.164784
   3.12159    -15.155967    -15.155967
   3.06700    -15.165043    -15.165043
   3.01242    -15.173793    -15.173793
   2.95783    -15.182064    -15.182063
   2.90325    -15.189741    -15.189741
   2.90325    -15.218718    -15.218718
   2.84576    -15.216963    -15.216963
   2.78827    -15.215574    -15.215575
   2.73078    -15.214594    -15.214594
   2.67329    -15.213966    -15.213967
   2.61580    -15.213572    -15.213572
   2.55831    -15.213256    -15.213256
   2.50082    -15.212866    -15.212866
   2.44333    -15.212276    -15.212277
   2.38584    -15.211461    -15.211462
   2.32834    -15.210552    -15.210552
   2.27085    -15.209800    -15.209801
   2.21336    -15.209505    -15.209506
   2.21336    -15.209505    -15.209506
   2.15966    -15.208874    -15.208875
   2.10595    -15.207098    -15.207099
   2.05224    -15.204455    -15.204456
   1.99853    -15.201228    -15.201229
   1.94482    -15.197643    -15.197643
   1.89111    -15.193881    -15.193881
   1.83741    -15.190082    -15.190082
   1.78370    -15.186384    -15.186384
   1.72999    -15.182926    -15.182926
   1.67628    -15.179838    -15.179838
   1.62257    -15.177218    -15.177219
   1.56887    -15.175142    -15.175143
   1.51516    -15.173650    -15.173650
   1.46145    -15.172755    -15.172755
   1.40774    -15.172443    -15.172444
   1.40774    -15.211372    -15.211372
   1.35153    -15.211319    -15.211320
   1.29532    -15.211163    -15.211164
   1.23910    -15.210919    -15.210920
   1.18289    -15.210618    -15.210619
   1.12668    -15.210291    -15.210292
   1.07047    -15.209987    -15.209988
   1.01426    -15.209731    -15.209732
   0.95804    -15.209562    -15.209563
   0.90183    -15.209505    -15.209506
   0.90183    -15.209505    -15.209506
   0.84111    -15.209916    -15.209917
   0.78039    -15.210993    -15.210993
   0.71967    -15.212457    -15.212457
   0.65895    -15.214096    -15.214097
   0.59823    -15.215844    -15.215844
   0.53751    -15.217689    -15.217689
   0.47679    -15.219629    -15.219630
   0.41607    -15.221651    -15.221651
   0.41607    -15.195086    -15.195086
   0.35664    -15.180695    -15.180694
   0.29720    -15.164501    -15.164501
   0.23776    -15.164985    -15.164985
   0.17832    -15.181955    -15.181956
   0.11888    -15.196006    -15.196007
   0.05944    -15.205812    -15.205813
   0.00000    -15.209505    -15.209506
 
# Band-Index   39
   0.00000    -15.094439    -15.094438
   0.05944    -15.099585    -15.099585
   0.11888    -15.112562    -15.112561
   0.17832    -15.129293    -15.129292
   0.23776    -15.147099    -15.147098
   0.29720    -15.146199    -15.146200
   0.35664    -15.126724    -15.126725
   0.41607    -15.107973    -15.107973
   0.41607    -15.091356    -15.091355
   0.47679    -15.095893    -15.095892
   0.53751    -15.099408    -15.099407
   0.59823    -15.101598    -15.101598
   0.65895    -15.102345    -15.102345
   0.71967    -15.101631    -15.101630
   0.78039    -15.099565    -15.099564
   0.84111    -15.096548    -15.096547
   0.90183    -15.094439    -15.094438
   0.90183    -15.094439    -15.094438
   0.95804    -15.094561    -15.094561
   1.01426    -15.094909    -15.094909
   1.07047    -15.095429    -15.095428
   1.12668    -15.096053    -15.096052
   1.18289    -15.096707    -15.096706
   1.23910    -15.097307    -15.097306
   1.29532    -15.097792    -15.097791
   1.35153    -15.098106    -15.098106
   1.40774    -15.098213    -15.098212
   1.40774    -15.119132    -15.119133
   1.46145    -15.119225    -15.119225
   1.51516    -15.119514    -15.119513
   1.56887    -15.119869    -15.119869
   1.62257    -15.120134    -15.120134
   1.67628    -15.120132    -15.120131
   1.72999    -15.119703    -15.119702
   1.78370    -15.118728    -15.118728
   1.83741    -15.117118    -15.117118
   1.89111    -15.114825    -15.114824
   1.94482    -15.111842    -15.111842
   1.99853    -15.108215    -15.108215
   2.05224    -15.104097    -15.104097
   2.10595    -15.099829    -15.099828
   2.15966    -15.096125    -15.096125
   2.21336    -15.094439    -15.094438
   2.21336    -15.094439    -15.094438
   2.27085    -15.095407    -15.095406
   2.32834    -15.097346    -15.097345
   2.38584    -15.099337    -15.099336
   2.44333    -15.101060    -15.101060
   2.50082    -15.102396    -15.102396
   2.55831    -15.103292    -15.103291
   2.61580    -15.103711    -15.103711
   2.67329    -15.103622    -15.103621
   2.73078    -15.102986    -15.102986
   2.78827    -15.101755    -15.101754
   2.84576    -15.099891    -15.099891
   2.90325    -15.097437    -15.097437
   2.90325    -15.109082    -15.109083
   2.95783    -15.120057    -15.120057
   3.01242    -15.131473    -15.131474
   3.06700    -15.142893    -15.142894
   3.12159    -15.153971    -15.153972
   3.17617    -15.146381    -15.146381
   3.23075    -15.136721    -15.136720
   3.28534    -15.127044    -15.127043
   3.33992    -15.117619    -15.117619
   3.39451    -15.108864    -15.108864
   3.44909    -15.101446    -15.101445
   3.50367    -15.096308    -15.096307
   3.55826    -15.094439    -15.094438
   3.55826    -15.094439    -15.094438
   3.61640    -15.097474    -15.097474
   3.67455    -15.103240    -15.103239
   3.73269    -15.109072    -15.109071
   3.79084    -15.113898    -15.113897
   3.84898    -15.117284    -15.117283
   3.90712    -15.119149    -15.119149
   3.96527    -15.119669    -15.119669
   4.02341    -15.119212    -15.119212
   4.08156    -15.118272    -15.118272
   4.13970    -15.117412    -15.117411
   4.19785    -15.117083    -15.117083
 
# Band-Index   40
   4.19785    -15.117020    -15.117019
   4.13970    -15.113513    -15.113513
   4.08156    -15.104980    -15.104980
   4.02341    -15.094862    -15.094862
   3.96527    -15.085652    -15.085652
   3.90712    -15.078710    -15.078710
   3.84898    -15.076631    -15.076630
   3.79084    -15.078527    -15.078526
   3.73269    -15.080602    -15.080601
   3.67455    -15.082691    -15.082690
   3.61640    -15.084925    -15.084924
   3.55826    -15.086447    -15.086446
   3.55826    -15.086447    -15.086446
   3.50367    -15.086392    -15.086391
   3.44909    -15.086231    -15.086230
   3.39451    -15.085946    -15.085945
   3.33992    -15.085503    -15.085502
   3.28534    -15.084879    -15.084878
   3.23075    -15.084057    -15.084056
   3.17617    -15.083025    -15.083024
   3.12159    -15.081803    -15.081802
   3.06700    -15.082262    -15.082262
   3.01242    -15.089444    -15.089444
   2.95783    -15.098584    -15.098584
   2.90325    -15.108838    -15.108839
   2.90325    -15.097341    -15.097340
   2.84576    -15.094282    -15.094281
   2.78827    -15.090659    -15.090658
   2.73078    -15.086669    -15.086668
   2.67329    -15.082488    -15.082487
   2.61580    -15.078316    -15.078316
   2.55831    -15.074353    -15.074353
   2.50082    -15.072116    -15.072115
   2.44333    -15.075812    -15.075811
   2.38584    -15.079325    -15.079324
   2.32834    -15.082567    -15.082566
   2.27085    -15.085237    -15.085236
   2.21336    -15.086447    -15.086446
   2.21336    -15.086447    -15.086446
   2.15966    -15.085690    -15.085689
   2.10595    -15.084385    -15.084384
   2.05224    -15.083186    -15.083185
   1.99853    -15.082088    -15.082087
   1.94482    -15.081022    -15.081021
   1.89111    -15.079965    -15.079964
   1.83741    -15.079144    -15.079143
   1.78370    -15.080705    -15.080705
   1.72999    -15.084867    -15.084867
   1.67628    -15.090171    -15.090171
   1.62257    -15.096523    -15.096523
   1.56887    -15.103673    -15.103673
   1.51516    -15.110878    -15.110878
   1.46145    -15.116717    -15.116717
   1.40774    -15.119071    -15.119070
   1.40774    -15.088201    -15.088200
   1.35153    -15.088162    -15.088161
   1.29532    -15.088052    -15.088051
   1.23910    -15.087865    -15.087864
   1.18289    -15.087605    -15.087604
   1.12668    -15.087301    -15.087300
   1.07047    -15.086991    -15.086990
   1.01426    -15.086710    -15.086708
   0.95804    -15.086515    -15.086514
   0.90183    -15.086447    -15.086446
   0.90183    -15.086447    -15.086446
   0.84111    -15.083461    -15.083460
   0.78039    -15.077829    -15.077828
   0.71967    -15.071451    -15.071450
   0.65895    -15.069899    -15.069899
   0.59823    -15.074805    -15.074804
   0.53751    -15.080345    -15.080344
   0.47679    -15.085995    -15.085994
   0.41607    -15.091270    -15.091269
   0.41607    -15.107717    -15.107718
   0.35664    -15.091374    -15.091375
   0.29720    -15.079912    -15.079911
   0.23776    -15.082147    -15.082146
   0.17832    -15.083988    -15.083987
   0.11888    -15.085341    -15.085340
   0.05944    -15.086168    -15.086167
   0.00000    -15.086447    -15.086446
 
# Band-Index   41
   0.00000    -15.063377    -15.063376
   0.05944    -15.064152    -15.064151
   0.11888    -15.066217    -15.066217
   0.17832    -15.069239    -15.069238
   0.23776    -15.073375    -15.073374
   0.29720    -15.079763    -15.079762
   0.35664    -15.076946    -15.076945
   0.41607    -15.073416    -15.073415
   0.41607    -15.039885    -15.039884
   0.47679    -15.045490    -15.045489
   0.53751    -15.051654    -15.051654
   0.59823    -15.058141    -15.058140
   0.65895    -15.064802    -15.064801
   0.71967    -15.066145    -15.066144
   0.78039    -15.063986    -15.063985
   0.84111    -15.063358    -15.063357
   0.90183    -15.063377    -15.063376
   0.90183    -15.063377    -15.063376
   0.95804    -15.063169    -15.063168
   1.01426    -15.062592    -15.062591
   1.07047    -15.061741    -15.061740
   1.12668    -15.060744    -15.060743
   1.18289    -15.059740    -15.059739
   1.23910    -15.058835    -15.058834
   1.29532    -15.058132    -15.058132
   1.35153    -15.057682    -15.057682
   1.40774    -15.057533    -15.057532
   1.40774    -15.070407    -15.070406
   1.46145    -15.070578    -15.070577
   1.51516    -15.071129    -15.071129
   1.56887    -15.071991    -15.071991
   1.62257    -15.073084    -15.073083
   1.67628    -15.074319    -15.074319
   1.72999    -15.075581    -15.075580
   1.78370    -15.076611    -15.076611
   1.83741    -15.075700    -15.075700
   1.89111    -15.072867    -15.072866
   1.94482    -15.070165    -15.070164
   1.99853    -15.067827    -15.067826
   2.05224    -15.065920    -15.065919
   2.10595    -15.064511    -15.064511
   2.15966    -15.063659    -15.063658
   2.21336    -15.063377    -15.063376
   2.21336    -15.063377    -15.063376
   2.27085    -15.063556    -15.063555
   2.32834    -15.064234    -15.064233
   2.38584    -15.065635    -15.065634
   2.44333    -15.067846    -15.067845
   2.50082    -15.070804    -15.070804
   2.55831    -15.068258    -15.068257
   2.61580    -15.064265    -15.064265
   2.67329    -15.060149    -15.060148
   2.73078    -15.055939    -15.055938
   2.78827    -15.051689    -15.051689
   2.84576    -15.047469    -15.047468
   2.90325    -15.043419    -15.043419
   2.90325    -15.073671    -15.073670
   2.95783    -15.076146    -15.076145
   3.01242    -15.078275    -15.078274
   3.06700    -15.079865    -15.079864
   3.12159    -15.076394    -15.076393
   3.17617    -15.072564    -15.072564
   3.23075    -15.069749    -15.069748
   3.28534    -15.067631    -15.067631
   3.33992    -15.066028    -15.066027
   3.39451    -15.064840    -15.064839
   3.44909    -15.064016    -15.064016
   3.50367    -15.063533    -15.063532
   3.55826    -15.063377    -15.063376
   3.55826    -15.063377    -15.063376
   3.61640    -15.063669    -15.063668
   3.67455    -15.064663    -15.064662
   3.73269    -15.066466    -15.066465
   3.79084    -15.069101    -15.069100
   3.84898    -15.072489    -15.072488
   3.90712    -15.073302    -15.073301
   3.96527    -15.071359    -15.071359
   4.02341    -15.069488    -15.069487
   4.08156    -15.068019    -15.068018
   4.13970    -15.067107    -15.067106
   4.19785    -15.066815    -15.066814
 
# Band-Index   42
   4.19785    -15.066672    -15.066671
   4.13970    -15.066073    -15.066072
   4.08156    -15.064240    -15.064239
   4.02341    -15.061161    -15.061160
   3.96527    -15.056861    -15.056860
   3.90712    -15.051894    -15.051894
   3.84898    -15.047496    -15.047495
   3.79084    -15.044724    -15.044724
   3.73269    -15.043560    -15.043560
   3.67455    -15.043307    -15.043306
   3.61640    -15.043320    -15.043319
   3.55826    -15.043320    -15.043319
   3.55826    -15.043320    -15.043319
   3.50367    -15.043472    -15.043471
   3.44909    -15.043647    -15.043646
   3.39451    -15.043638    -15.043638
   3.33992    -15.043725    -15.043725
   3.28534    -15.044569    -15.044568
   3.23075    -15.047007    -15.047007
   3.17617    -15.051265    -15.051265
   3.12159    -15.056638    -15.056638
   3.06700    -15.062072    -15.062072
   3.01242    -15.066763    -15.066762
   2.95783    -15.070537    -15.070537
   2.90325    -15.073526    -15.073525
   2.90325    -15.043332    -15.043331
   2.84576    -15.039528    -15.039527
   2.78827    -15.036051    -15.036050
   2.73078    -15.033081    -15.033080
   2.67329    -15.030729    -15.030729
   2.61580    -15.032750    -15.032749
   2.55831    -15.034913    -15.034912
   2.50082    -15.037043    -15.037042
   2.44333    -15.039033    -15.039032
   2.38584    -15.040783    -15.040782
   2.32834    -15.042146    -15.042145
   2.27085    -15.043019    -15.043018
   2.21336    -15.043320    -15.043319
   2.21336    -15.043320    -15.043319
   2.15966    -15.043285    -15.043284
   2.10595    -15.043138    -15.043137
   2.05224    -15.042924    -15.042923
   1.99853    -15.042821    -15.042820
   1.94482    -15.043155    -15.043155
   1.89111    -15.044334    -15.044334
   1.83741    -15.046715    -15.046714
   1.78370    -15.050295    -15.050294
   1.72999    -15.054636    -15.054635
   1.67628    -15.059096    -15.059096
   1.62257    -15.063094    -15.063093
   1.56887    -15.066275    -15.066274
   1.51516    -15.068527    -15.068526
   1.46145    -15.069851    -15.069850
   1.40774    -15.070266    -15.070265
   1.40774    -15.040222    -15.040221
   1.35153    -15.040302    -15.040301
   1.29532    -15.040544    -15.040543
   1.23910    -15.040926    -15.040925
   1.18289    -15.041411    -15.041410
   1.12668    -15.041942    -15.041941
   1.07047    -15.042469    -15.042468
   1.01426    -15.042914    -15.042913
   0.95804    -15.043213    -15.043212
   0.90183    -15.043320    -15.043319
   0.90183    -15.043320    -15.043319
   0.84111    -15.042771    -15.042770
   0.78039    -15.041178    -15.041177
   0.71967    -15.038673    -15.038672
   0.65895    -15.035475    -15.035474
   0.59823    -15.031862    -15.031861
   0.53751    -15.030805    -15.030804
   0.47679    -15.034857    -15.034856
   0.41607    -15.039770    -15.039769
   0.41607    -15.073260    -15.073259
   0.35664    -15.068230    -15.068229
   0.29720    -15.060232    -15.060232
   0.23776    -15.050805    -15.050805
   0.17832    -15.045031    -15.045031
   0.11888    -15.043956    -15.043956
   0.05944    -15.043758    -15.043757
   0.00000    -15.043320    -15.043319
 
# Band-Index   43
   0.00000    -15.032293    -15.032293
   0.05944    -15.030375    -15.030375
   0.11888    -15.029469    -15.029469
   0.17832    -15.032179    -15.032179
   0.23776    -15.033377    -15.033377
   0.29720    -15.031814    -15.031813
   0.35664    -15.029194    -15.029193
   0.41607    -15.026285    -15.026284
   0.41607    -15.021351    -15.021351
   0.47679    -15.024514    -15.024513
   0.53751    -15.028124    -15.028124
   0.59823    -15.027940    -15.027939
   0.65895    -15.026645    -15.026645
   0.71967    -15.027224    -15.027224
   0.78039    -15.029291    -15.029291
   0.84111    -15.031434    -15.031434
   0.90183    -15.032293    -15.032293
   0.90183    -15.032293    -15.032293
   0.95804    -15.032216    -15.032216
   1.01426    -15.032071    -15.032072
   1.07047    -15.032064    -15.032064
   1.12668    -15.032362    -15.032362
   1.18289    -15.032981    -15.032981
   1.23910    -15.033740    -15.033740
   1.29532    -15.034434    -15.034434
   1.35153    -15.034907    -15.034907
   1.40774    -15.035078    -15.035078
   1.40774    -15.025723    -15.025722
   1.46145    -15.025779    -15.025778
   1.51516    -15.026003    -15.026003
   1.56887    -15.026360    -15.026360
   1.62257    -15.026795    -15.026794
   1.67628    -15.027237    -15.027237
   1.72999    -15.027582    -15.027581
   1.78370    -15.027687    -15.027687
   1.83741    -15.027386    -15.027386
   1.89111    -15.026690    -15.026690
   1.94482    -15.025995    -15.025995
   1.99853    -15.026008    -15.026008
   2.05224    -15.027217    -15.027217
   2.10595    -15.029331    -15.029331
   2.15966    -15.031410    -15.031410
   2.21336    -15.032293    -15.032293
   2.21336    -15.032293    -15.032293
   2.27085    -15.031743    -15.031743
   2.32834    -15.030371    -15.030371
   2.38584    -15.028843    -15.028843
   2.44333    -15.027805    -15.027805
   2.50082    -15.027509    -15.027508
   2.55831    -15.027921    -15.027921
   2.61580    -15.028992    -15.028992
   2.67329    -15.030605    -15.030604
   2.73078    -15.028555    -15.028554
   2.78827    -15.026597    -15.026596
   2.84576    -15.024758    -15.024757
   2.90325    -15.023121    -15.023120
   2.90325    -15.028791    -15.028790
   2.95783    -15.029486    -15.029486
   3.01242    -15.030139    -15.030139
   3.06700    -15.030761    -15.030760
   3.12159    -15.031300    -15.031300
   3.17617    -15.031575    -15.031575
   3.23075    -15.031236    -15.031236
   3.28534    -15.030085    -15.030085
   3.33992    -15.028763    -15.028764
   3.39451    -15.028489    -15.028489
   3.44909    -15.029688    -15.029688
   3.50367    -15.031440    -15.031440
   3.55826    -15.032293    -15.032293
   3.55826    -15.032293    -15.032293
   3.61640    -15.030904    -15.030904
   3.67455    -15.028157    -15.028157
   3.73269    -15.026622    -15.026622
   3.79084    -15.027146    -15.027147
   3.84898    -15.028493    -15.028493
   3.90712    -15.029608    -15.029607
   3.96527    -15.030307    -15.030307
   4.02341    -15.030737    -15.030737
   4.08156    -15.031001    -15.031000
   4.13970    -15.031156    -15.031156
   4.19785    -15.031269    -15.031268
 
# Band-Index   44
   4.19785    -15.031142    -15.031141
   4.13970    -15.030693    -15.030692
   4.08156    -15.029247    -15.029246
   4.02341    -15.027068    -15.027067
   3.96527    -15.024456    -15.024455
   3.90712    -15.021788    -15.021787
   3.84898    -15.019431    -15.019430
   3.79084    -15.017984    -15.017983
   3.73269    -15.018018    -15.018017
   3.67455    -15.018210    -15.018210
   3.61640    -15.018032    -15.018032
   3.55826    -15.017918    -15.017918
   3.55826    -15.017918    -15.017918
   3.50367    -15.018148    -15.018148
   3.44909    -15.018691    -15.018691
   3.39451    -15.019106    -15.019106
   3.33992    -15.018851    -15.018851
   3.28534    -15.018058    -15.018057
   3.23075    -15.018964    -15.018964
   3.17617    -15.021023    -15.021022
   3.12159    -15.023087    -15.023087
   3.06700    -15.024975    -15.024974
   3.01242    -15.026560    -15.026560
   2.95783    -15.027804    -15.027804
   2.90325    -15.028697    -15.028697
   2.90325    -15.023015    -15.023014
   2.84576    -15.021553    -15.021552
   2.78827    -15.020212    -15.020211
   2.73078    -15.019018    -15.019018
   2.67329    -15.017919    -15.017918
   2.61580    -15.016913    -15.016913
   2.55831    -15.016134    -15.016134
   2.50082    -15.015878    -15.015878
   2.44333    -15.016286    -15.016287
   2.38584    -15.016963    -15.016964
   2.32834    -15.017517    -15.017518
   2.27085    -15.017826    -15.017827
   2.21336    -15.017918    -15.017918
   2.21336    -15.017918    -15.017918
   2.15966    -15.017950    -15.017950
   2.10595    -15.018033    -15.018034
   2.05224    -15.018115    -15.018115
   1.99853    -15.018058    -15.018058
   1.94482    -15.017810    -15.017810
   1.89111    -15.017574    -15.017574
   1.83741    -15.018172    -15.018172
   1.78370    -15.019490    -15.019489
   1.72999    -15.020856    -15.020855
   1.67628    -15.022159    -15.022158
   1.62257    -15.023328    -15.023327
   1.56887    -15.024297    -15.024296
   1.51516    -15.025020    -15.025019
   1.46145    -15.025461    -15.025460
   1.40774    -15.025593    -15.025592
   1.40774    -15.015947    -15.015948
   1.35153    -15.016248    -15.016249
   1.29532    -15.016874    -15.016875
   1.23910    -15.017581    -15.017582
   1.18289    -15.018234    -15.018234
   1.12668    -15.018658    -15.018658
   1.07047    -15.018720    -15.018720
   1.01426    -15.018452    -15.018452
   0.95804    -15.018086    -15.018087
   0.90183    -15.017918    -15.017918
   0.90183    -15.017918    -15.017918
   0.84111    -15.017837    -15.017837
   0.78039    -15.017565    -15.017566
   0.71967    -15.017029    -15.017029
   0.65895    -15.016345    -15.016345
   0.59823    -15.016097    -15.016097
   0.53751    -15.016910    -15.016909
   0.47679    -15.018702    -15.018701
   0.41607    -15.021255    -15.021254
   0.41607    -15.026163    -15.026162
   0.35664    -15.023197    -15.023196
   0.29720    -15.020307    -15.020307
   0.23776    -15.017698    -15.017697
   0.17832    -15.015478    -15.015478
   0.11888    -15.017504    -15.017504
   0.05944    -15.018186    -15.018186
   0.00000    -15.017918    -15.017918
 
# Band-Index   45
   0.00000    -15.012098    -15.012097
   0.05944    -15.012540    -15.012539
   0.11888    -15.013719    -15.013718
   0.17832    -15.015196    -15.015195
   0.23776    -15.013252    -15.013252
   0.29720    -15.012082    -15.012082
   0.35664    -15.011448    -15.011447
   0.41607    -15.011126    -15.011125
   0.41607    -15.013642    -15.013642
   0.47679    -15.014063    -15.014063
   0.53751    -15.014411    -15.014411
   0.59823    -15.014458    -15.014458
   0.65895    -15.014027    -15.014027
   0.71967    -15.013371    -15.013370
   0.78039    -15.012720    -15.012719
   0.84111    -15.012260    -15.012259
   0.90183    -15.012098    -15.012097
   0.90183    -15.012098    -15.012097
   0.95804    -15.012070    -15.012069
   1.01426    -15.012042    -15.012041
   1.07047    -15.012118    -15.012117
   1.12668    -15.012342    -15.012341
   1.18289    -15.012726    -15.012725
   1.23910    -15.013222    -15.013221
   1.29532    -15.013767    -15.013766
   1.35153    -15.014286    -15.014285
   1.40774    -15.014553    -15.014552
   1.40774    -15.016213    -15.016213
   1.46145    -15.016232    -15.016232
   1.51516    -15.016295    -15.016295
   1.56887    -15.016387    -15.016387
   1.62257    -15.016498    -15.016498
   1.67628    -15.016620    -15.016620
   1.72999    -15.016740    -15.016739
   1.78370    -15.016868    -15.016867
   1.83741    -15.016977    -15.016977
   1.89111    -15.016496    -15.016496
   1.94482    -15.015343    -15.015343
   1.99853    -15.014255    -15.014255
   2.05224    -15.013345    -15.013344
   2.10595    -15.012661    -15.012660
   2.15966    -15.012240    -15.012239
   2.21336    -15.012098    -15.012097
   2.21336    -15.012098    -15.012097
   2.27085    -15.012160    -15.012159
   2.32834    -15.012351    -15.012351
   2.38584    -15.012663    -15.012662
   2.44333    -15.013062    -15.013061
   2.50082    -15.013417    -15.013416
   2.55831    -15.013572    -15.013572
   2.61580    -15.013712    -15.013712
   2.67329    -15.014011    -15.014011
   2.73078    -15.014417    -15.014417
   2.78827    -15.014801    -15.014801
   2.84576    -15.015050    -15.015050
   2.90325    -15.015117    -15.015117
   2.90325    -15.008064    -15.008064
   2.95783    -15.009071    -15.009071
   3.01242    -15.010400    -15.010399
   3.06700    -15.011916    -15.011916
   3.12159    -15.013509    -15.013508
   3.17617    -15.015063    -15.015063
   3.23075    -15.016456    -15.016455
   3.28534    -15.016627    -15.016627
   3.33992    -15.015032    -15.015031
   3.39451    -15.013681    -15.013680
   3.44909    -15.012749    -15.012748
   3.50367    -15.012248    -15.012247
   3.55826    -15.012098    -15.012097
   3.55826    -15.012098    -15.012097
   3.61640    -15.012366    -15.012365
   3.67455    -15.013106    -15.013105
   3.73269    -15.014147    -15.014146
   3.79084    -15.014951    -15.014950
   3.84898    -15.014927    -15.014927
   3.90712    -15.014790    -15.014790
   3.96527    -15.014811    -15.014811
   4.02341    -15.014929    -15.014929
   4.08156    -15.015050    -15.015050
   4.13970    -15.015158    -15.015158
   4.19785    -15.015228    -15.015228
 
# Band-Index   46
   4.19785    -15.015076    -15.015076
   4.13970    -15.014941    -15.014941
   4.08156    -15.014466    -15.014466
   4.02341    -15.013757    -15.013757
   3.96527    -15.012941    -15.012941
   3.90712    -15.012139    -15.012138
   3.84898    -15.011422    -15.011421
   3.79084    -15.010843    -15.010843
   3.73269    -15.010430    -15.010430
   3.67455    -15.010179    -15.010179
   3.61640    -15.010071    -15.010071
   3.55826    -15.010052    -15.010052
   3.55826    -15.010052    -15.010052
   3.50367    -15.010040    -15.010040
   3.44909    -15.009945    -15.009945
   3.39451    -15.009695    -15.009695
   3.33992    -15.009266    -15.009265
   3.28534    -15.008699    -15.008699
   3.23075    -15.008089    -15.008088
   3.17617    -15.007527    -15.007527
   3.12159    -15.007097    -15.007097
   3.06700    -15.006879    -15.006878
   3.01242    -15.006929    -15.006929
   2.95783    -15.007301    -15.007300
   2.90325    -15.007963    -15.007963
   2.90325    -15.015023    -15.015023
   2.84576    -15.014895    -15.014895
   2.78827    -15.014577    -15.014577
   2.73078    -15.014129    -15.014129
   2.67329    -15.013592    -15.013592
   2.61580    -15.012990    -15.012991
   2.55831    -15.012371    -15.012371
   2.50082    -15.011768    -15.011768
   2.44333    -15.011207    -15.011207
   2.38584    -15.010726    -15.010726
   2.32834    -15.010357    -15.010357
   2.27085    -15.010129    -15.010129
   2.21336    -15.010052    -15.010052
   2.21336    -15.010052    -15.010052
   2.15966    -15.010085    -15.010085
   2.10595    -15.010177    -15.010177
   2.05224    -15.010321    -15.010321
   1.99853    -15.010501    -15.010501
   1.94482    -15.010728    -15.010728
   1.89111    -15.011020    -15.011019
   1.83741    -15.011410    -15.011410
   1.78370    -15.011927    -15.011927
   1.72999    -15.012570    -15.012570
   1.67628    -15.013322    -15.013322
   1.62257    -15.014117    -15.014117
   1.56887    -15.014874    -15.014874
   1.51516    -15.015507    -15.015507
   1.46145    -15.015925    -15.015925
   1.40774    -15.016060    -15.016060
   1.40774    -15.011253    -15.011253
   1.35153    -15.011215    -15.011215
   1.29532    -15.011115    -15.011115
   1.23910    -15.010959    -15.010959
   1.18289    -15.010761    -15.010761
   1.12668    -15.010550    -15.010550
   1.07047    -15.010356    -15.010356
   1.01426    -15.010191    -15.010191
   0.95804    -15.010088    -15.010089
   0.90183    -15.010052    -15.010052
   0.90183    -15.010052    -15.010052
   0.84111    -15.010134    -15.010134
   0.78039    -15.010375    -15.010375
   0.71967    -15.010757    -15.010757
   0.65895    -15.011247    -15.011247
   0.59823    -15.011813    -15.011813
   0.53751    -15.012419    -15.012419
   0.47679    -15.013015    -15.013015
   0.41607    -15.013518    -15.013518
   0.41607    -15.011003    -15.011003
   0.35664    -15.010776    -15.010776
   0.29720    -15.010517    -15.010516
   0.23776    -15.010272    -15.010271
   0.17832    -15.010065    -15.010065
   0.11888    -15.009971    -15.009971
   0.05944    -15.009998    -15.009998
   0.00000    -15.010052    -15.010052
 
# Band-Index   47
   0.00000    -14.852133    -14.852134
   0.05944    -14.851992    -14.851992
   0.11888    -14.851585    -14.851585
   0.17832    -14.850962    -14.850962
   0.23776    -14.850205    -14.850205
   0.29720    -14.849385    -14.849385
   0.35664    -14.848610    -14.848610
   0.41607    -14.848011    -14.848012
   0.41607    -14.841708    -14.841708
   0.47679    -14.842040    -14.842041
   0.53751    -14.842943    -14.842943
   0.59823    -14.844536    -14.844536
   0.65895    -14.846579    -14.846579
   0.71967    -14.848716    -14.848716
   0.78039    -14.850540    -14.850540
   0.84111    -14.851730    -14.851730
   0.90183    -14.852133    -14.852134
   0.90183    -14.852133    -14.852134
   0.95804    -14.851872    -14.851872
   1.01426    -14.851121    -14.851121
   1.07047    -14.851698    -14.851698
   1.12668    -14.854165    -14.854165
   1.18289    -14.856801    -14.856801
   1.23910    -14.859283    -14.859284
   1.29532    -14.861313    -14.861313
   1.35153    -14.862642    -14.862643
   1.40774    -14.863104    -14.863104
   1.40774    -14.843728    -14.843728
   1.46145    -14.843742    -14.843742
   1.51516    -14.843805    -14.843805
   1.56887    -14.843952    -14.843952
   1.62257    -14.844198    -14.844198
   1.67628    -14.844562    -14.844562
   1.72999    -14.845069    -14.845070
   1.78370    -14.845743    -14.845743
   1.83741    -14.846578    -14.846578
   1.89111    -14.847553    -14.847553
   1.94482    -14.848620    -14.848620
   1.99853    -14.849692    -14.849692
   2.05224    -14.850675    -14.850675
   2.10595    -14.851457    -14.851457
   2.15966    -14.851961    -14.851961
   2.21336    -14.852133    -14.852134
   2.21336    -14.852133    -14.852134
   2.27085    -14.851911    -14.851911
   2.32834    -14.851252    -14.851252
   2.38584    -14.850195    -14.850196
   2.44333    -14.848832    -14.848832
   2.50082    -14.847277    -14.847278
   2.55831    -14.845676    -14.845676
   2.61580    -14.844158    -14.844158
   2.67329    -14.842836    -14.842837
   2.73078    -14.841916    -14.841916
   2.78827    -14.841212    -14.841212
   2.84576    -14.840721    -14.840721
   2.90325    -14.840520    -14.840520
   2.90325    -14.851647    -14.851647
   2.95783    -14.852811    -14.852811
   3.01242    -14.853769    -14.853769
   3.06700    -14.854341    -14.854342
   3.12159    -14.854451    -14.854451
   3.17617    -14.854094    -14.854094
   3.23075    -14.853326    -14.853326
   3.28534    -14.852259    -14.852260
   3.33992    -14.851080    -14.851080
   3.39451    -14.850642    -14.850642
   3.44909    -14.851395    -14.851395
   3.50367    -14.851941    -14.851941
   3.55826    -14.852133    -14.852134
   3.55826    -14.852133    -14.852134
   3.61640    -14.851861    -14.851861
   3.67455    -14.851049    -14.851049
   3.73269    -14.849773    -14.849773
   3.79084    -14.848198    -14.848199
   3.84898    -14.846551    -14.846551
   3.90712    -14.844974    -14.844974
   3.96527    -14.843533    -14.843533
   4.02341    -14.842273    -14.842273
   4.08156    -14.841260    -14.841260
   4.13970    -14.840608    -14.840608
   4.19785    -14.840445    -14.840445
 
# Band-Index   48
   4.19785    -14.840374    -14.840374
   4.13970    -14.840555    -14.840555
   4.08156    -14.840929    -14.840929
   4.02341    -14.841573    -14.841573
   3.96527    -14.842476    -14.842476
   3.90712    -14.843592    -14.843592
   3.84898    -14.844778    -14.844778
   3.79084    -14.845867    -14.845867
   3.73269    -14.846757    -14.846757
   3.67455    -14.847404    -14.847404
   3.61640    -14.847798    -14.847798
   3.55826    -14.847930    -14.847930
   3.55826    -14.847930    -14.847930
   3.50367    -14.848159    -14.848159
   3.44909    -14.848811    -14.848811
   3.39451    -14.849739    -14.849739
   3.33992    -14.849541    -14.849541
   3.28534    -14.848670    -14.848670
   3.23075    -14.847987    -14.847988
   3.17617    -14.847646    -14.847646
   3.12159    -14.847727    -14.847728
   3.06700    -14.848245    -14.848245
   3.01242    -14.849153    -14.849153
   2.95783    -14.850329    -14.850329
   2.90325    -14.851571    -14.851571
   2.90325    -14.840449    -14.840449
   2.84576    -14.840562    -14.840562
   2.78827    -14.840983    -14.840984
   2.73078    -14.841737    -14.841737
   2.67329    -14.842744    -14.842745
   2.61580    -14.843690    -14.843690
   2.55831    -14.844634    -14.844634
   2.50082    -14.845541    -14.845541
   2.44333    -14.846347    -14.846347
   2.38584    -14.847017    -14.847017
   2.32834    -14.847518    -14.847518
   2.27085    -14.847825    -14.847825
   2.21336    -14.847930    -14.847930
   2.21336    -14.847930    -14.847930
   2.15966    -14.847848    -14.847848
   2.10595    -14.847611    -14.847612
   2.05224    -14.847242    -14.847242
   1.99853    -14.846771    -14.846771
   1.94482    -14.846241    -14.846241
   1.89111    -14.845694    -14.845695
   1.83741    -14.845173    -14.845173
   1.78370    -14.844712    -14.844712
   1.72999    -14.844333    -14.844333
   1.67628    -14.844059    -14.844059
   1.62257    -14.843875    -14.843875
   1.56887    -14.843762    -14.843763
   1.51516    -14.843705    -14.843705
   1.46145    -14.843669    -14.843669
   1.40774    -14.843652    -14.843652
   1.40774    -14.843561    -14.843561
   1.35153    -14.843817    -14.843817
   1.29532    -14.844544    -14.844544
   1.23910    -14.845671    -14.845671
   1.18289    -14.847064    -14.847064
   1.12668    -14.848555    -14.848555
   1.07047    -14.849969    -14.849970
   1.01426    -14.849686    -14.849686
   0.95804    -14.848380    -14.848381
   0.90183    -14.847930    -14.847930
   0.90183    -14.847930    -14.847930
   0.84111    -14.847732    -14.847733
   0.78039    -14.847161    -14.847161
   0.71967    -14.846277    -14.846278
   0.65895    -14.845164    -14.845164
   0.59823    -14.843968    -14.843968
   0.53751    -14.842846    -14.842846
   0.47679    -14.841932    -14.841932
   0.41607    -14.841632    -14.841632
   0.41607    -14.847936    -14.847936
   0.35664    -14.847537    -14.847538
   0.29720    -14.847337    -14.847337
   0.23776    -14.847342    -14.847343
   0.17832    -14.847481    -14.847481
   0.11888    -14.847684    -14.847685
   0.05944    -14.847860    -14.847861
   0.00000    -14.847930    -14.847930
 
# Band-Index   49
   0.00000    -14.692136    -14.692138
   0.05944    -14.682400    -14.682402
   0.11888    -14.653598    -14.653600
   0.17832    -14.606919    -14.606921
   0.23776    -14.544131    -14.544133
   0.29720    -14.467274    -14.467277
   0.35664    -14.378569    -14.378572
   0.41607    -14.280434    -14.280437
   0.41607    -14.069294    -14.069296
   0.47679    -14.189079    -14.189081
   0.53751    -14.305117    -14.305120
   0.59823    -14.412718    -14.412721
   0.65895    -14.507658    -14.507661
   0.71967    -14.585992    -14.585995
   0.78039    -14.644287    -14.644289
   0.84111    -14.680088    -14.680090
   0.90183    -14.692136    -14.692138
   0.90183    -14.692136    -14.692138
   0.95804    -14.686187    -14.686189
   1.01426    -14.668419    -14.668422
   1.07047    -14.639182    -14.639184
   1.12668    -14.599489    -14.599492
   1.18289    -14.551533    -14.551535
   1.23910    -14.499289    -14.499292
   1.29532    -14.449393    -14.449396
   1.35153    -14.411675    -14.411678
   1.40774    -14.397289    -14.397292
   1.40774    -13.911826    -13.911827
   1.46145    -13.923353    -13.923354
   1.51516    -13.956420    -13.956422
   1.56887    -14.006978    -14.006980
   1.62257    -14.070555    -14.070558
   1.67628    -14.143013    -14.143016
   1.72999    -14.220724    -14.220727
   1.78370    -14.300399    -14.300402
   1.83741    -14.378966    -14.378969
   1.89111    -14.453560    -14.453562
   1.94482    -14.521526    -14.521529
   1.99853    -14.580469    -14.580472
   2.05224    -14.628332    -14.628334
   2.10595    -14.663500    -14.663502
   2.15966    -14.684943    -14.684945
   2.21336    -14.692136    -14.692138
   2.21336    -14.692136    -14.692138
   2.27085    -14.684217    -14.684219
   2.32834    -14.660646    -14.660649
   2.38584    -14.622056    -14.622058
   2.44333    -14.569764    -14.569766
   2.50082    -14.505698    -14.505700
   2.55831    -14.432350    -14.432353
   2.61580    -14.352541    -14.352543
   2.67329    -14.269314    -14.269317
   2.73078    -14.185789    -14.185792
   2.78827    -14.104930    -14.104932
   2.84576    -14.029201    -14.029203
   2.90325    -13.960194    -13.960195
   2.90325    -14.111388    -14.111392
   2.95783    -14.153344    -14.153347
   3.01242    -14.204850    -14.204853
   3.06700    -14.265573    -14.265576
   3.12159    -14.332755    -14.332758
   3.17617    -14.402468    -14.402471
   3.23075    -14.470628    -14.470631
   3.28534    -14.533610    -14.533613
   3.33992    -14.588467    -14.588469
   3.39451    -14.632969    -14.632971
   3.44909    -14.665603    -14.665606
   3.50367    -14.685470    -14.685472
   3.55826    -14.692136    -14.692138
   3.55826    -14.692136    -14.692138
   3.61640    -14.681806    -14.681809
   3.67455    -14.651072    -14.651074
   3.73269    -14.600829    -14.600831
   3.79084    -14.532899    -14.532902
   3.84898    -14.449966    -14.449968
   3.90712    -14.355342    -14.355344
   3.96527    -14.253111    -14.253113
   4.02341    -14.148749    -14.148751
   4.08156    -14.050840    -14.050841
   4.13970    -13.974697    -13.974698
   4.19785    -13.944356    -13.944357
 
# Band-Index   50
   4.19785    -13.944284    -13.944285
   4.13970    -13.941015    -13.941016
   4.08156    -13.930837    -13.930839
   4.02341    -13.913393    -13.913395
   3.96527    -13.888201    -13.888203
   3.90712    -13.854990    -13.854992
   3.84898    -13.813896    -13.813899
   3.79084    -13.765564    -13.765567
   3.73269    -13.711164    -13.711167
   3.67455    -13.652324    -13.652327
   3.61640    -13.591101    -13.591105
   3.55826    -13.531948    -13.531957
   3.55826    -13.531948    -13.531957
   3.50367    -13.587423    -13.587427
   3.44909    -13.647736    -13.647740
   3.39451    -13.708880    -13.708884
   3.33992    -13.768998    -13.769002
   3.28534    -13.826438    -13.826441
   3.23075    -13.879880    -13.879884
   3.17617    -13.928366    -13.928369
   3.12159    -13.971452    -13.971455
   3.06700    -14.009381    -14.009384
   3.01242    -14.043383    -14.043386
   2.95783    -14.076052    -14.076055
   2.90325    -14.111193    -14.111196
   2.90325    -13.960024    -13.960027
   2.84576    -13.898029    -13.898031
   2.78827    -13.842313    -13.842314
   2.73078    -13.791747    -13.791747
   2.67329    -13.745210    -13.745210
   2.61580    -13.701932    -13.701932
   2.55831    -13.661748    -13.661747
   2.50082    -13.625032    -13.625031
   2.44333    -13.592558    -13.592557
   2.38584    -13.565459    -13.565457
   2.32834    -13.544945    -13.544944
   2.27085    -13.532123    -13.532122
   2.21336    -13.531948    -13.531957
   2.21336    -13.531948    -13.531957
   2.15966    -13.575647    -13.575651
   2.10595    -13.623107    -13.623111
   2.05224    -13.670416    -13.670419
   1.99853    -13.715804    -13.715807
   1.94482    -13.757767    -13.757770
   1.89111    -13.795126    -13.795128
   1.83741    -13.827079    -13.827081
   1.78370    -13.853257    -13.853259
   1.72999    -13.873680    -13.873683
   1.67628    -13.888737    -13.888739
   1.62257    -13.899100    -13.899102
   1.56887    -13.905674    -13.905676
   1.51516    -13.909441    -13.909443
   1.46145    -13.911281    -13.911283
   1.40774    -13.911767    -13.911770
   1.40774    -13.803748    -13.803756
   1.35153    -13.789260    -13.789268
   1.29532    -13.751517    -13.751525
   1.23910    -13.702350    -13.702359
   1.18289    -13.652338    -13.652347
   1.12668    -13.608402    -13.608411
   1.07047    -13.574059    -13.574069
   1.01426    -13.550218    -13.550227
   0.95804    -13.536431    -13.536441
   0.90183    -13.531948    -13.531957
   0.90183    -13.531948    -13.531957
   0.84111    -13.534867    -13.534865
   0.78039    -13.557306    -13.557305
   0.71967    -13.597663    -13.597663
   0.65895    -13.658402    -13.658402
   0.59823    -13.739764    -13.739764
   0.53751    -13.838874    -13.838875
   0.47679    -13.950625    -13.950627
   0.41607    -14.069146    -14.069149
   0.41607    -14.280213    -14.280215
   0.35664    -14.174962    -14.174965
   0.29720    -14.065021    -14.065024
   0.23776    -13.953025    -13.953029
   0.17832    -13.841445    -13.841448
   0.11888    -13.732542    -13.732546
   0.05944    -13.628214    -13.628218
   0.00000    -13.531948    -13.531957
 
# Band-Index   51
   0.00000    -13.527745    -13.527743
   0.05944    -13.438419    -13.438423
   0.11888    -13.354345    -13.354349
   0.17832    -13.277579    -13.277584
   0.23776    -13.207807    -13.207812
   0.29720    -13.144619    -13.144623
   0.35664    -13.087688    -13.087693
   0.41607    -13.036897    -13.036901
   0.41607    -13.149530    -13.149538
   0.47679    -13.224364    -13.224374
   0.53751    -13.297242    -13.297252
   0.59823    -13.364017    -13.364027
   0.65895    -13.421962    -13.421972
   0.71967    -13.469005    -13.469015
   0.78039    -13.503642    -13.503652
   0.84111    -13.524822    -13.524832
   0.90183    -13.527745    -13.527743
   0.90183    -13.527745    -13.527743
   0.95804    -13.527660    -13.527659
   1.01426    -13.527418    -13.527417
   1.07047    -13.527044    -13.527043
   1.12668    -13.526571    -13.526569
   1.18289    -13.526087    -13.526086
   1.23910    -13.525615    -13.525613
   1.29532    -13.525222    -13.525220
   1.35153    -13.524971    -13.524969
   1.40774    -13.524879    -13.524877
   1.40774    -13.299571    -13.299578
   1.46145    -13.301766    -13.301773
   1.51516    -13.307758    -13.307765
   1.56887    -13.316014    -13.316021
   1.62257    -13.324911    -13.324918
   1.67628    -13.333333    -13.333339
   1.72999    -13.340897    -13.340903
   1.78370    -13.347997    -13.348002
   1.83741    -13.355582    -13.355588
   1.89111    -13.365045    -13.365051
   1.94482    -13.377996    -13.378001
   1.99853    -13.395956    -13.395961
   2.05224    -13.420057    -13.420062
   2.10595    -13.450742    -13.450746
   2.15966    -13.487666    -13.487670
   2.21336    -13.527745    -13.527743
   2.21336    -13.527745    -13.527743
   2.27085    -13.530848    -13.530858
   2.32834    -13.527592    -13.527601
   2.38584    -13.522226    -13.522235
   2.44333    -13.514817    -13.514826
   2.50082    -13.505314    -13.505324
   2.55831    -13.493427    -13.493436
   2.61580    -13.478561    -13.478570
   2.67329    -13.459676    -13.459684
   2.73078    -13.435474    -13.435483
   2.78827    -13.404610    -13.404619
   2.84576    -13.366123    -13.366131
   2.90325    -13.320085    -13.320093
   2.90325    -13.248148    -13.248151
   2.95783    -13.280903    -13.280906
   3.01242    -13.303190    -13.303193
   3.06700    -13.316212    -13.316216
   3.12159    -13.322962    -13.322965
   3.17617    -13.327411    -13.327414
   3.23075    -13.333647    -13.333650
   3.28534    -13.345232    -13.345236
   3.33992    -13.364713    -13.364716
   3.39451    -13.393322    -13.393326
   3.44909    -13.431097    -13.431101
   3.50367    -13.477101    -13.477105
   3.55826    -13.527745    -13.527743
   3.55826    -13.527745    -13.527743
   3.61640    -13.471399    -13.471403
   3.67455    -13.418995    -13.419000
   3.73269    -13.376158    -13.376163
   3.79084    -13.346487    -13.346492
   3.84898    -13.332265    -13.332270
   3.90712    -13.332617    -13.332623
   3.96527    -13.343345    -13.343351
   4.02341    -13.358769    -13.358775
   4.08156    -13.373676    -13.373682
   4.13970    -13.384181    -13.384188
   4.19785    -13.387987    -13.387994
 
# Band-Index   52
   4.19785    -13.387793    -13.387804
   4.13970    -13.360170    -13.360181
   4.08156    -13.292374    -13.292384
   4.02341    -13.208651    -13.208661
   3.96527    -13.124731    -13.124740
   3.90712    -13.050212    -13.050220
   3.84898    -12.992912    -12.992920
   3.79084    -12.959089    -12.959099
   3.73269    -12.941885    -12.941895
   3.67455    -12.930398    -12.930408
   3.61640    -12.922748    -12.922758
   3.55826    -12.920006    -12.920016
   3.55826    -12.920006    -12.920016
   3.50367    -12.918686    -12.918696
   3.44909    -12.915184    -12.915194
   3.39451    -12.911642    -12.911651
   3.33992    -12.916009    -12.916017
   3.28534    -12.937455    -12.937460
   3.23075    -12.970128    -12.970132
   3.17617    -13.010122    -13.010126
   3.12159    -13.056002    -13.056006
   3.06700    -13.105973    -13.105976
   3.01242    -13.157168    -13.157171
   2.95783    -13.205855    -13.205859
   2.90325    -13.248057    -13.248060
   2.90325    -13.319795    -13.319805
   2.84576    -13.267261    -13.267270
   2.78827    -13.210464    -13.210473
   2.73078    -13.152673    -13.152682
   2.67329    -13.097280    -13.097289
   2.61580    -13.047511    -13.047520
   2.55831    -13.006029    -13.006038
   2.50082    -12.974190    -12.974200
   2.44333    -12.951560    -12.951570
   2.38584    -12.936414    -12.936424
   2.32834    -12.926901    -12.926911
   2.27085    -12.921678    -12.921688
   2.21336    -12.920006    -12.920016
   2.21336    -12.920006    -12.920016
   2.15966    -12.920690    -12.920700
   2.10595    -12.922895    -12.922905
   2.05224    -12.927293    -12.927304
   1.99853    -12.935185    -12.935196
   1.94482    -12.948688    -12.948699
   1.89111    -12.970160    -12.970171
   1.83741    -13.000904    -13.000914
   1.78370    -13.040140    -13.040150
   1.72999    -13.085519    -13.085530
   1.67628    -13.134099    -13.134109
   1.62257    -13.182685    -13.182696
   1.56887    -13.227736    -13.227747
   1.51516    -13.265167    -13.265178
   1.46145    -13.290425    -13.290437
   1.40774    -13.299393    -13.299405
   1.40774    -12.910678    -12.910683
   1.35153    -12.910509    -12.910514
   1.29532    -12.909322    -12.909326
   1.23910    -12.905522    -12.905527
   1.18289    -12.897751    -12.897754
   1.12668    -12.899846    -12.899856
   1.07047    -12.908409    -12.908419
   1.01426    -12.914770    -12.914780
   0.95804    -12.918687    -12.918697
   0.90183    -12.920006    -12.920016
   0.90183    -12.920006    -12.920016
   0.84111    -12.926476    -12.926486
   0.78039    -12.943698    -12.943708
   0.71967    -12.966188    -12.966197
   0.65895    -12.987932    -12.987940
   0.59823    -13.006491    -13.006499
   0.53751    -13.029964    -13.029972
   0.47679    -13.079222    -13.079231
   0.41607    -13.149089    -13.149101
   0.41607    -13.036784    -13.036789
   0.35664    -12.992262    -12.992267
   0.29720    -12.954726    -12.954731
   0.23776    -12.926564    -12.926570
   0.17832    -12.913326    -12.913334
   0.11888    -12.914263    -12.914273
   0.05944    -12.918296    -12.918306
   0.00000    -12.920006    -12.920016
 
# Band-Index   53
   0.00000    -12.843565    -12.843569
   0.05944    -12.846759    -12.846763
   0.11888    -12.855261    -12.855265
   0.17832    -12.863930    -12.863936
   0.23776    -12.862102    -12.862110
   0.29720    -12.849532    -12.849541
   0.35664    -12.832304    -12.832314
   0.41607    -12.813438    -12.813447
   0.41607    -12.957504    -12.957508
   0.47679    -12.959491    -12.959497
   0.53751    -12.936296    -12.936304
   0.59823    -12.907542    -12.907546
   0.65895    -12.888164    -12.888168
   0.71967    -12.870543    -12.870547
   0.78039    -12.856257    -12.856261
   0.84111    -12.846861    -12.846865
   0.90183    -12.843565    -12.843569
   0.90183    -12.843565    -12.843569
   0.95804    -12.847301    -12.847304
   1.01426    -12.857486    -12.857489
   1.07047    -12.871480    -12.871483
   1.12668    -12.885886    -12.885890
   1.18289    -12.889392    -12.889402
   1.23910    -12.877357    -12.877367
   1.29532    -12.864118    -12.864128
   1.35153    -12.850502    -12.850512
   1.40774    -12.841688    -12.841698
   1.40774    -12.921437    -12.921440
   1.46145    -12.921491    -12.921497
   1.51516    -12.921713    -12.921719
   1.56887    -12.921334    -12.921341
   1.62257    -12.919591    -12.919597
   1.67628    -12.915862    -12.915868
   1.72999    -12.909867    -12.909873
   1.78370    -12.901662    -12.901668
   1.83741    -12.891568    -12.891573
   1.89111    -12.880284    -12.880289
   1.94482    -12.869033    -12.869038
   1.99853    -12.859307    -12.859312
   2.05224    -12.852007    -12.852011
   2.10595    -12.847153    -12.847157
   2.15966    -12.844445    -12.844449
   2.21336    -12.843565    -12.843569
   2.21336    -12.843565    -12.843569
   2.27085    -12.843795    -12.843799
   2.32834    -12.844455    -12.844459
   2.38584    -12.845465    -12.845469
   2.44333    -12.846731    -12.846735
   2.50082    -12.848105    -12.848109
   2.55831    -12.849399    -12.849404
   2.61580    -12.850398    -12.850402
   2.67329    -12.850931    -12.850936
   2.73078    -12.850896    -12.850901
   2.78827    -12.850320    -12.850326
   2.84576    -12.849241    -12.849247
   2.90325    -12.847782    -12.847787
   2.90325    -12.839014    -12.839022
   2.95783    -12.841716    -12.841724
   3.01242    -12.845117    -12.845125
   3.06700    -12.849797    -12.849805
   3.12159    -12.855804    -12.855812
   3.17617    -12.862936    -12.862945
   3.23075    -12.870685    -12.870693
   3.28534    -12.877726    -12.877734
   3.33992    -12.879555    -12.879560
   3.39451    -12.869496    -12.869500
   3.44909    -12.856084    -12.856087
   3.50367    -12.846813    -12.846817
   3.55826    -12.843565    -12.843569
   3.55826    -12.843565    -12.843569
   3.61640    -12.846671    -12.846675
   3.67455    -12.856153    -12.856157
   3.73269    -12.872247    -12.872253
   3.79084    -12.892344    -12.892351
   3.84898    -12.904774    -12.904783
   3.90712    -12.901649    -12.901658
   3.96527    -12.888478    -12.888487
   4.02341    -12.871732    -12.871741
   4.08156    -12.856226    -12.856235
   4.13970    -12.845446    -12.845455
   4.19785    -12.841821    -12.841826
 
# Band-Index   54
   4.19785    -12.841602    -12.841611
   4.13970    -12.840611    -12.840616
   4.08156    -12.836974    -12.836979
   4.02341    -12.830808    -12.830813
   3.96527    -12.821896    -12.821901
   3.90712    -12.809812    -12.809818
   3.84898    -12.793928    -12.793934
   3.79084    -12.773960    -12.773968
   3.73269    -12.751461    -12.751470
   3.67455    -12.730300    -12.730309
   3.61640    -12.715004    -12.715014
   3.55826    -12.709356    -12.709366
   3.55826    -12.709356    -12.709366
   3.50367    -12.712189    -12.712199
   3.44909    -12.720117    -12.720127
   3.39451    -12.731881    -12.731891
   3.33992    -12.746081    -12.746091
   3.28534    -12.761561    -12.761570
   3.23075    -12.777434    -12.777444
   3.17617    -12.792896    -12.792905
   3.12159    -12.807114    -12.807123
   3.06700    -12.819265    -12.819275
   3.01242    -12.828689    -12.828698
   2.95783    -12.835072    -12.835081
   2.90325    -12.838783    -12.838792
   2.90325    -12.847436    -12.847444
   2.84576    -12.845269    -12.845276
   2.78827    -12.841848    -12.841855
   2.73078    -12.836713    -12.836721
   2.67329    -12.829103    -12.829111
   2.61580    -12.818058    -12.818067
   2.55831    -12.802873    -12.802882
   2.50082    -12.783759    -12.783769
   2.44333    -12.762433    -12.762443
   2.38584    -12.741744    -12.741754
   2.32834    -12.724594    -12.724605
   2.27085    -12.713304    -12.713315
   2.21336    -12.709356    -12.709366
   2.21336    -12.709356    -12.709366
   2.15966    -12.712778    -12.712788
   2.10595    -12.722495    -12.722504
   2.05224    -12.737172    -12.737181
   1.99853    -12.754900    -12.754909
   1.94482    -12.773601    -12.773609
   1.89111    -12.791677    -12.791684
   1.83741    -12.808729    -12.808737
   1.78370    -12.825387    -12.825394
   1.72999    -12.842388    -12.842394
   1.67628    -12.859969    -12.859975
   1.62257    -12.877657    -12.877663
   1.56887    -12.894343    -12.894349
   1.51516    -12.908400    -12.908406
   1.46145    -12.917923    -12.917929
   1.40774    -12.921194    -12.921202
   1.40774    -12.821902    -12.821912
   1.35153    -12.812229    -12.812239
   1.29532    -12.796083    -12.796092
   1.23910    -12.778847    -12.778857
   1.18289    -12.761643    -12.761653
   1.12668    -12.745334    -12.745344
   1.07047    -12.730895    -12.730905
   1.01426    -12.719400    -12.719410
   0.95804    -12.711946    -12.711957
   0.90183    -12.709356    -12.709366
   0.90183    -12.709356    -12.709366
   0.84111    -12.717131    -12.717142
   0.78039    -12.740191    -12.740201
   0.71967    -12.777608    -12.777618
   0.65895    -12.827242    -12.827252
   0.59823    -12.884394    -12.884403
   0.53751    -12.926978    -12.926982
   0.47679    -12.944522    -12.944526
   0.41607    -12.957193    -12.957199
   0.41607    -12.813180    -12.813189
   0.35664    -12.793831    -12.793840
   0.29720    -12.774604    -12.774613
   0.23776    -12.756080    -12.756089
   0.17832    -12.738865    -12.738875
   0.11888    -12.724001    -12.724011
   0.05944    -12.713355    -12.713365
   0.00000    -12.709356    -12.709366
 
# Band-Index   55
   0.00000    -12.587459    -12.587457
   0.05944    -12.584192    -12.584190
   0.11888    -12.575732    -12.575730
   0.17832    -12.564700    -12.564699
   0.23776    -12.553125    -12.553123
   0.29720    -12.542076    -12.542074
   0.35664    -12.531950    -12.531949
   0.41607    -12.522831    -12.522826
   0.41607    -12.523619    -12.523614
   0.47679    -12.532545    -12.532543
   0.53751    -12.542236    -12.542234
   0.59823    -12.552345    -12.552343
   0.65895    -12.562471    -12.562469
   0.71967    -12.572024    -12.572022
   0.78039    -12.580050    -12.580048
   0.84111    -12.585516    -12.585514
   0.90183    -12.587459    -12.587457
   0.90183    -12.587459    -12.587457
   0.95804    -12.589723    -12.589720
   1.01426    -12.596358    -12.596356
   1.07047    -12.606995    -12.606993
   1.12668    -12.620816    -12.620814
   1.18289    -12.636644    -12.636642
   1.23910    -12.652657    -12.652656
   1.29532    -12.666707    -12.666706
   1.35153    -12.676456    -12.676454
   1.40774    -12.679964    -12.679962
   1.40774    -12.621936    -12.621930
   1.46145    -12.621308    -12.621304
   1.51516    -12.619698    -12.619695
   1.56887    -12.617562    -12.617558
   1.62257    -12.615398    -12.615395
   1.67628    -12.613534    -12.613531
   1.72999    -12.611933    -12.611931
   1.78370    -12.610318    -12.610316
   1.83741    -12.608210    -12.608208
   1.89111    -12.605270    -12.605268
   1.94482    -12.601499    -12.601497
   1.99853    -12.597285    -12.597283
   2.05224    -12.593291    -12.593289
   2.10595    -12.590109    -12.590107
   2.15966    -12.588132    -12.588129
   2.21336    -12.587459    -12.587457
   2.21336    -12.587459    -12.587457
   2.27085    -12.589634    -12.589631
   2.32834    -12.595794    -12.595792
   2.38584    -12.605050    -12.605048
   2.44333    -12.616007    -12.616005
   2.50082    -12.627067    -12.627065
   2.55831    -12.636583    -12.636581
   2.61580    -12.643158    -12.643156
   2.67329    -12.645725    -12.645723
   2.73078    -12.643621    -12.643619
   2.78827    -12.636672    -12.636670
   2.84576    -12.625135    -12.625133
   2.90325    -12.609757    -12.609752
   2.90325    -12.533746    -12.533743
   2.95783    -12.545294    -12.545294
   3.01242    -12.557021    -12.557021
   3.06700    -12.568107    -12.568107
   3.12159    -12.577641    -12.577641
   3.17617    -12.584754    -12.584754
   3.23075    -12.588971    -12.588970
   3.28534    -12.590471    -12.590470
   3.33992    -12.590131    -12.590130
   3.39451    -12.589033    -12.589032
   3.44909    -12.588079    -12.588077
   3.50367    -12.587597    -12.587595
   3.55826    -12.587459    -12.587457
   3.55826    -12.587459    -12.587457
   3.61640    -12.585143    -12.585141
   3.67455    -12.579219    -12.579217
   3.73269    -12.571565    -12.571563
   3.79084    -12.563540    -12.563537
   3.84898    -12.555926    -12.555923
   3.90712    -12.549194    -12.549191
   3.96527    -12.543652    -12.543649
   4.02341    -12.539449    -12.539445
   4.08156    -12.536562    -12.536559
   4.13970    -12.534907    -12.534903
   4.19785    -12.534424    -12.534418
 
# Band-Index   56
   4.19785    -12.534275    -12.534277
   4.13970    -12.532884    -12.532884
   4.08156    -12.528905    -12.528905
   4.02341    -12.523145    -12.523144
   3.96527    -12.516471    -12.516470
   3.90712    -12.509620    -12.509619
   3.84898    -12.503126    -12.503124
   3.79084    -12.497374    -12.497372
   3.73269    -12.492680    -12.492678
   3.67455    -12.489234    -12.489232
   3.61640    -12.487138    -12.487136
   3.55826    -12.486432    -12.486429
   3.55826    -12.486432    -12.486429
   3.50367    -12.486308    -12.486306
   3.44909    -12.486022    -12.486020
   3.39451    -12.485837    -12.485835
   3.33992    -12.486105    -12.486103
   3.28534    -12.487202    -12.487200
   3.23075    -12.489424    -12.489422
   3.17617    -12.493017    -12.493016
   3.12159    -12.498135    -12.498134
   3.06700    -12.504858    -12.504857
   3.01242    -12.513134    -12.513133
   2.95783    -12.522838    -12.522837
   2.90325    -12.533623    -12.533626
   2.90325    -12.609567    -12.609568
   2.84576    -12.591334    -12.591332
   2.78827    -12.571459    -12.571457
   2.73078    -12.551483    -12.551481
   2.67329    -12.532791    -12.532788
   2.61580    -12.516565    -12.516563
   2.55831    -12.503654    -12.503652
   2.50082    -12.494464    -12.494462
   2.44333    -12.488888    -12.488886
   2.38584    -12.486338    -12.486335
   2.32834    -12.485825    -12.485823
   2.27085    -12.486192    -12.486190
   2.21336    -12.486432    -12.486429
   2.21336    -12.486432    -12.486429
   2.15966    -12.486483    -12.486480
   2.10595    -12.486784    -12.486782
   2.05224    -12.487892    -12.487890
   1.99853    -12.490498    -12.490497
   1.94482    -12.495359    -12.495357
   1.89111    -12.503038    -12.503037
   1.83741    -12.513850    -12.513848
   1.78370    -12.527699    -12.527698
   1.72999    -12.544063    -12.544062
   1.67628    -12.561961    -12.561960
   1.62257    -12.580023    -12.580022
   1.56887    -12.596609    -12.596608
   1.51516    -12.610040    -12.610039
   1.46145    -12.618795    -12.618794
   1.40774    -12.621798    -12.621800
   1.40774    -12.467949    -12.467948
   1.35153    -12.468327    -12.468326
   1.29532    -12.469473    -12.469472
   1.23910    -12.471375    -12.471374
   1.18289    -12.473977    -12.473976
   1.12668    -12.477103    -12.477101
   1.07047    -12.480436    -12.480434
   1.01426    -12.483475    -12.483473
   0.95804    -12.485643    -12.485641
   0.90183    -12.486432    -12.486429
   0.90183    -12.486432    -12.486429
   0.84111    -12.487044    -12.487042
   0.78039    -12.488872    -12.488870
   0.71967    -12.491921    -12.491919
   0.65895    -12.496167    -12.496165
   0.59823    -12.501537    -12.501535
   0.53751    -12.507940    -12.507938
   0.47679    -12.515295    -12.515293
   0.41607    -12.523428    -12.523428
   0.41607    -12.522688    -12.522690
   0.35664    -12.514396    -12.514394
   0.29720    -12.506827    -12.506825
   0.23776    -12.500094    -12.500092
   0.17832    -12.494427    -12.494425
   0.11888    -12.490105    -12.490103
   0.05944    -12.487375    -12.487373
   0.00000    -12.486432    -12.486429
 
# Band-Index   57
   0.00000     -5.659573     -5.659576
   0.05944     -5.651976     -5.651979
   0.11888     -5.629460     -5.629463
   0.17832     -5.592915     -5.592918
   0.23776     -5.543966     -5.543969
   0.29720     -5.485190     -5.485194
   0.35664     -5.420333     -5.420337
   0.41607     -5.354560     -5.354564
   0.41607     -5.179987     -5.179988
   0.47679     -5.257382     -5.257384
   0.53751     -5.335658     -5.335661
   0.59823     -5.413028     -5.413031
   0.65895     -5.487574     -5.487578
   0.71967     -5.555382     -5.555385
   0.78039     -5.610581     -5.610584
   0.84111     -5.646888     -5.646892
   0.90183     -5.659573     -5.659576
   0.90183     -5.659573     -5.659576
   0.95804     -5.658928     -5.658932
   1.01426     -5.656700     -5.656704
   1.07047     -5.652084     -5.652088
   1.12668     -5.643958     -5.643961
   1.18289     -5.631166     -5.631170
   1.23910     -5.612816     -5.612820
   1.29532     -5.588701     -5.588705
   1.35153     -5.560706     -5.560709
   1.40774     -5.542658     -5.542661
   1.40774     -5.094959     -5.094961
   1.46145     -5.119474     -5.119476
   1.51516     -5.161474     -5.161476
   1.56887     -5.209153     -5.209156
   1.62257     -5.260703     -5.260706
   1.67628     -5.314716     -5.314719
   1.72999     -5.369532     -5.369535
   1.78370     -5.423328     -5.423331
   1.83741     -5.474329     -5.474332
   1.89111     -5.520974     -5.520978
   1.94482     -5.562014     -5.562017
   1.99853     -5.596520     -5.596524
   2.05224     -5.623861     -5.623864
   2.10595     -5.643627     -5.643630
   2.15966     -5.655576     -5.655580
   2.21336     -5.659573     -5.659576
   2.21336     -5.659573     -5.659576
   2.27085     -5.655921     -5.655925
   2.32834     -5.645014     -5.645018
   2.38584     -5.626980     -5.626983
   2.44333     -5.601934     -5.601937
   2.50082     -5.569901     -5.569904
   2.55831     -5.530802     -5.530805
   2.61580     -5.484469     -5.484472
   2.67329     -5.430729     -5.430732
   2.73078     -5.369537     -5.369540
   2.78827     -5.301110     -5.301112
   2.84576     -5.226164     -5.226166
   2.90325     -5.147295     -5.147297
   2.90325     -5.474343     -5.474347
   2.95783     -5.478742     -5.478745
   3.01242     -5.488535     -5.488538
   3.06700     -5.503858     -5.503862
   3.12159     -5.523634     -5.523637
   3.17617     -5.546387     -5.546390
   3.23075     -5.570450     -5.570454
   3.28534     -5.594121     -5.594124
   3.33992     -5.615808     -5.615812
   3.39451     -5.634139     -5.634142
   3.44909     -5.648012     -5.648015
   3.50367     -5.656645     -5.656648
   3.55826     -5.659573     -5.659576
   3.55826     -5.659573     -5.659576
   3.61640     -5.649746     -5.649750
   3.67455     -5.620846     -5.620849
   3.73269     -5.574461     -5.574464
   3.79084     -5.512810     -5.512813
   3.84898     -5.438298     -5.438302
   3.90712     -5.353189     -5.353193
   3.96527     -5.259668     -5.259672
   4.02341     -5.160264     -5.160268
   4.08156     -5.058400     -5.058404
   4.13970     -4.958750     -4.958754
   4.19785     -4.872611     -4.872613
 
# Band-Index   58
   4.19785     -4.872539     -4.872541
   4.13970     -4.883921     -4.883922
   4.08156     -4.906494     -4.906496
   4.02341     -4.935812     -4.935814
   3.96527     -4.970038     -4.970042
   3.90712     -5.007054     -5.007057
   3.84898     -5.044358     -5.044362
   3.79084     -5.079296     -5.079300
   3.73269     -5.109341     -5.109345
   3.67455     -5.132370     -5.132374
   3.61640     -5.146821     -5.146825
   3.55826     -5.151745     -5.151748
   3.55826     -5.151745     -5.151748
   3.50367     -5.156518     -5.156522
   3.44909     -5.170705     -5.170709
   3.39451     -5.193852     -5.193856
   3.33992     -5.225024     -5.225028
   3.28534     -5.262627     -5.262632
   3.23075     -5.304312     -5.304316
   3.17617     -5.347081     -5.347085
   3.12159     -5.387621     -5.387625
   3.06700     -5.422757     -5.422762
   3.01242     -5.449834     -5.449838
   2.95783     -5.466972     -5.466976
   2.90325     -5.473867     -5.473871
   2.90325     -5.147201     -5.147204
   2.84576     -5.128285     -5.128288
   2.78827     -5.150190     -5.150193
   2.73078     -5.165489     -5.165492
   2.67329     -5.174413     -5.174416
   2.61580     -5.177602     -5.177606
   2.55831     -5.176226     -5.176229
   2.50082     -5.171839     -5.171843
   2.44333     -5.166080     -5.166083
   2.38584     -5.160365     -5.160369
   2.32834     -5.155725     -5.155729
   2.27085     -5.152760     -5.152763
   2.21336     -5.151745     -5.151748
   2.21336     -5.151745     -5.151748
   2.15966     -5.152827     -5.152830
   2.10595     -5.155977     -5.155981
   2.05224     -5.160911     -5.160915
   1.99853     -5.167116     -5.167119
   1.94482     -5.173831     -5.173834
   1.89111     -5.180088     -5.180091
   1.83741     -5.184814     -5.184817
   1.78370     -5.186950     -5.186953
   1.72999     -5.185584     -5.185588
   1.67628     -5.180024     -5.180027
   1.62257     -5.169798     -5.169802
   1.56887     -5.154661     -5.154665
   1.51516     -5.134699     -5.134702
   1.46145     -5.111164     -5.111167
   1.40774     -5.094843     -5.094847
   1.40774     -5.476648     -5.476651
   1.35153     -5.452647     -5.452650
   1.29532     -5.407401     -5.407405
   1.23910     -5.356546     -5.356550
   1.18289     -5.304872     -5.304876
   1.12668     -5.255974     -5.255977
   1.07047     -5.213310     -5.213314
   1.01426     -5.180094     -5.180098
   0.95804     -5.158985     -5.158989
   0.90183     -5.151745     -5.151748
   0.90183     -5.151745     -5.151748
   0.84111     -5.140908     -5.140912
   0.78039     -5.109007     -5.109011
   0.71967     -5.057871     -5.057875
   0.65895     -5.008029     -5.008029
   0.59823     -5.012683     -5.012684
   0.53751     -5.047017     -5.047018
   0.47679     -5.106751     -5.106753
   0.41607     -5.179589     -5.179591
   0.41607     -5.354034     -5.354039
   0.35664     -5.292715     -5.292719
   0.29720     -5.240810     -5.240815
   0.23776     -5.201813     -5.201817
   0.17832     -5.175973     -5.175977
   0.11888     -5.161050     -5.161054
   0.05944     -5.153830     -5.153834
   0.00000     -5.151745     -5.151748
 
# Band-Index   59
   0.00000     -5.063681     -5.063681
   0.05944     -5.055978     -5.055978
   0.11888     -5.033161     -5.033161
   0.17832     -4.996123     -4.996122
   0.23776     -4.946301     -4.946301
   0.29720     -4.885573     -4.885573
   0.35664     -4.816206     -4.816207
   0.41607     -4.740787     -4.740787
   0.41607     -4.697467     -4.697469
   0.47679     -4.756498     -4.756501
   0.53751     -4.831465     -4.831468
   0.59823     -4.912764     -4.912768
   0.65895     -4.990742     -4.990746
   0.71967     -5.022767     -5.022767
   0.78039     -5.042718     -5.042718
   0.84111     -5.058056     -5.058056
   0.90183     -5.063681     -5.063681
   0.90183     -5.063681     -5.063681
   0.95804     -5.051186     -5.051186
   1.01426     -5.014915     -5.014915
   1.07047     -4.958498     -4.958498
   1.12668     -4.887976     -4.887976
   1.18289     -4.811771     -4.811772
   1.23910     -4.740713     -4.740714
   1.29532     -4.688133     -4.688134
   1.35153     -4.664203     -4.664204
   1.40774     -4.659609     -4.659610
   1.40774     -5.050280     -5.050283
   1.46145     -5.030181     -5.030185
   1.51516     -4.999302     -4.999304
   1.56887     -4.970238     -4.970240
   1.62257     -4.944896     -4.944898
   1.67628     -4.924709     -4.924711
   1.72999     -4.911358     -4.911359
   1.78370     -4.906669     -4.906670
   1.83741     -4.912140     -4.912141
   1.89111     -4.928139     -4.928140
   1.94482     -4.953109     -4.953110
   1.99853     -4.983415     -4.983415
   2.05224     -5.014115     -5.014115
   2.10595     -5.040201     -5.040201
   2.15966     -5.057591     -5.057591
   2.21336     -5.063681     -5.063681
   2.21336     -5.063681     -5.063681
   2.27085     -5.056798     -5.056798
   2.32834     -5.037616     -5.037616
   2.38584     -5.010465     -5.010465
   2.44333     -4.982167     -4.982168
   2.50082     -4.960699     -4.960700
   2.55831     -4.952572     -4.952573
   2.61580     -4.960054     -4.960055
   2.67329     -4.980814     -4.980815
   2.73078     -5.010275     -5.010277
   2.78827     -5.044279     -5.044280
   2.84576     -5.082819     -5.082820
   2.90325     -5.098710     -5.098710
   2.90325     -4.613066     -4.613067
   2.95783     -4.622615     -4.622616
   3.01242     -4.635523     -4.635525
   3.06700     -4.655580     -4.655582
   3.12159     -4.689443     -4.689444
   3.17617     -4.737948     -4.737949
   3.23075     -4.797281     -4.797282
   3.28534     -4.861807     -4.861807
   3.33992     -4.925279     -4.925279
   3.39451     -4.981691     -4.981691
   3.44909     -5.025904     -5.025904
   3.50367     -5.054034     -5.054034
   3.55826     -5.063681     -5.063681
   3.55826     -5.063681     -5.063681
   3.61640     -5.057561     -5.057561
   3.67455     -5.039780     -5.039780
   3.73269     -5.012182     -5.012182
   3.79084     -4.978003     -4.978003
   3.84898     -4.941746     -4.941746
   3.90712     -4.908392     -4.908393
   3.96527     -4.882005     -4.882005
   4.02341     -4.864611     -4.864611
   4.08156     -4.856306     -4.856307
   4.13970     -4.856122     -4.856124
   4.19785     -4.859873     -4.859877
 
# Band-Index   60
   4.19785     -4.859727     -4.859729
   4.13970     -4.785511     -4.785515
   4.08156     -4.719123     -4.719126
   4.02341     -4.665157     -4.665160
   3.96527     -4.619670     -4.619672
   3.90712     -4.577914     -4.577916
   3.84898     -4.536207     -4.536209
   3.79084     -4.493291     -4.493293
   3.73269     -4.450861     -4.450863
   3.67455     -4.413346     -4.413347
   3.61640     -4.386894     -4.386895
   3.55826     -4.377261     -4.377263
   3.55826     -4.377261     -4.377263
   3.50367     -4.384721     -4.384722
   3.44909     -4.406236     -4.406238
   3.39451     -4.439117     -4.439118
   3.33992     -4.478834     -4.478835
   3.28534     -4.519761     -4.519762
   3.23075     -4.556461     -4.556461
   3.17617     -4.584793     -4.584793
   3.12159     -4.602398     -4.602398
   3.06700     -4.608920     -4.608919
   3.01242     -4.607929     -4.607928
   2.95783     -4.607741     -4.607741
   2.90325     -4.612867     -4.612868
   2.90325     -5.098663     -5.098668
   2.84576     -5.045351     -5.045354
   2.78827     -4.960397     -4.960400
   2.73078     -4.870062     -4.870065
   2.67329     -4.780852     -4.780854
   2.61580     -4.696424     -4.696426
   2.55831     -4.619550     -4.619552
   2.50082     -4.551661     -4.551663
   2.44333     -4.493203     -4.493206
   2.38584     -4.444864     -4.444866
   2.32834     -4.408190     -4.408192
   2.27085     -4.385137     -4.385139
   2.21336     -4.377261     -4.377263
   2.21336     -4.377261     -4.377263
   2.15966     -4.383863     -4.383864
   2.10595     -4.403240     -4.403242
   2.05224     -4.434300     -4.434302
   1.99853     -4.475614     -4.475616
   1.94482     -4.525600     -4.525602
   1.89111     -4.582420     -4.582422
   1.83741     -4.643814     -4.643816
   1.78370     -4.707237     -4.707238
   1.72999     -4.770268     -4.770270
   1.67628     -4.830981     -4.830983
   1.62257     -4.888028     -4.888031
   1.56887     -4.940503     -4.940505
   1.51516     -4.987592     -4.987594
   1.46145     -5.027609     -5.027610
   1.40774     -5.050183     -5.050185
   1.40774     -4.565490     -4.565491
   1.35153     -4.569791     -4.569791
   1.29532     -4.570793     -4.570794
   1.23910     -4.554323     -4.554324
   1.18289     -4.523797     -4.523799
   1.12668     -4.485763     -4.485765
   1.07047     -4.446033     -4.446035
   1.01426     -4.410726     -4.410728
   0.95804     -4.386120     -4.386122
   0.90183     -4.377261     -4.377263
   0.90183     -4.377261     -4.377263
   0.84111     -4.390267     -4.390269
   0.78039     -4.427582     -4.427584
   0.71967     -4.482988     -4.482990
   0.65895     -4.544338     -4.544340
   0.59823     -4.596068     -4.596070
   0.53751     -4.630393     -4.630395
   0.47679     -4.658116     -4.658118
   0.41607     -4.697355     -4.697358
   0.41607     -4.740608     -4.740608
   0.35664     -4.661879     -4.661880
   0.29720     -4.583466     -4.583467
   0.23776     -4.510812     -4.510813
   0.17832     -4.450614     -4.450615
   0.11888     -4.408244     -4.408245
   0.05944     -4.384614     -4.384616
   0.00000     -4.377261     -4.377263
 
# Band-Index   61
   0.00000     -3.673695     -3.673698
   0.05944     -3.684601     -3.684604
   0.11888     -3.708940     -3.708943
   0.17832     -3.730234     -3.730237
   0.23776     -3.736831     -3.736834
   0.29720     -3.725049     -3.725052
   0.35664     -3.695639     -3.695642
   0.41607     -3.650826     -3.650828
   0.41607     -3.648282     -3.648285
   0.47679     -3.664573     -3.664575
   0.53751     -3.647773     -3.647775
   0.59823     -3.603822     -3.603824
   0.65895     -3.569722     -3.569723
   0.71967     -3.626065     -3.626067
   0.78039     -3.659184     -3.659186
   0.84111     -3.671514     -3.671516
   0.90183     -3.673695     -3.673698
   0.90183     -3.673695     -3.673698
   0.95804     -3.669092     -3.669095
   1.01426     -3.655695     -3.655698
   1.07047     -3.634734     -3.634736
   1.12668     -3.608174     -3.608176
   1.18289     -3.578517     -3.578520
   1.23910     -3.548417     -3.548419
   1.29532     -3.520252     -3.520254
   1.35153     -3.496418     -3.496420
   1.40774     -3.484392     -3.484395
   1.40774     -3.290353     -3.290357
   1.46145     -3.296831     -3.296832
   1.51516     -3.318032     -3.318033
   1.56887     -3.355444     -3.355446
   1.62257     -3.410060     -3.410062
   1.67628     -3.478526     -3.478528
   1.72999     -3.552453     -3.552455
   1.78370     -3.621241     -3.621243
   1.83741     -3.675273     -3.675276
   1.89111     -3.708267     -3.708270
   1.94482     -3.719021     -3.719023
   1.99853     -3.712169     -3.712171
   2.05224     -3.696964     -3.696966
   2.10595     -3.683215     -3.683218
   2.15966     -3.675748     -3.675751
   2.21336     -3.673695     -3.673698
   2.21336     -3.673695     -3.673698
   2.27085     -3.672669     -3.672672
   2.32834     -3.669382     -3.669384
   2.38584     -3.662695     -3.662696
   2.44333     -3.649969     -3.649970
   2.50082     -3.628186     -3.628187
   2.55831     -3.656910     -3.656912
   2.61580     -3.654285     -3.654287
   2.67329     -3.626083     -3.626085
   2.73078     -3.584343     -3.584344
   2.78827     -3.540809     -3.540811
   2.84576     -3.503891     -3.503892
   2.90325     -3.478335     -3.478337
   2.90325     -3.244088     -3.244090
   2.95783     -3.264453     -3.264455
   3.01242     -3.298502     -3.298505
   3.06700     -3.351797     -3.351800
   3.12159     -3.426796     -3.426800
   3.17617     -3.502258     -3.502261
   3.23075     -3.568139     -3.568143
   3.28534     -3.619078     -3.619081
   3.33992     -3.652932     -3.652935
   3.39451     -3.670545     -3.670548
   3.44909     -3.675796     -3.675798
   3.50367     -3.674850     -3.674853
   3.55826     -3.673695     -3.673698
   3.55826     -3.673695     -3.673698
   3.61640     -3.678017     -3.678019
   3.67455     -3.693824     -3.693827
   3.73269     -3.719589     -3.719592
   3.79084     -3.742594     -3.742597
   3.84898     -3.750255     -3.750257
   3.90712     -3.737208     -3.737210
   3.96527     -3.704864     -3.704866
   4.02341     -3.659525     -3.659527
   4.08156     -3.610476     -3.610478
   4.13970     -3.569939     -3.569940
   4.19785     -3.553472     -3.553473
 
# Band-Index   62
   4.19785     -3.553299     -3.553304
   4.13970     -3.535347     -3.535351
   4.08156     -3.484290     -3.484295
   4.02341     -3.407738     -3.407743
   3.96527     -3.316576     -3.316580
   3.90712     -3.295054     -3.295056
   3.84898     -3.304322     -3.304324
   3.79084     -3.297757     -3.297759
   3.73269     -3.284470     -3.284471
   3.67455     -3.263526     -3.263527
   3.61640     -3.213232     -3.213233
   3.55826     -3.152962     -3.152962
   3.55826     -3.152962     -3.152962
   3.50367     -3.193416     -3.193416
   3.44909     -3.245844     -3.245844
   3.39451     -3.296120     -3.296120
   3.33992     -3.337488     -3.337488
   3.28534     -3.365263     -3.365264
   3.23075     -3.377433     -3.377434
   3.17617     -3.373992     -3.373993
   3.12159     -3.356401     -3.356402
   3.06700     -3.326864     -3.326865
   3.01242     -3.282654     -3.282657
   2.95783     -3.247959     -3.247962
   2.90325     -3.243872     -3.243875
   2.90325     -3.477752     -3.477752
   2.84576     -3.465328     -3.465329
   2.78827     -3.467402     -3.467403
   2.73078     -3.485430     -3.485431
   2.67329     -3.517520     -3.517520
   2.61580     -3.557282     -3.557283
   2.55831     -3.596361     -3.596362
   2.50082     -3.626122     -3.626123
   2.44333     -3.561154     -3.561156
   2.38584     -3.467233     -3.467235
   2.32834     -3.352791     -3.352793
   2.27085     -3.230685     -3.230686
   2.21336     -3.152962     -3.152962
   2.21336     -3.152962     -3.152962
   2.15966     -3.212738     -3.212739
   2.10595     -3.287433     -3.287435
   2.05224     -3.349718     -3.349719
   1.99853     -3.395971     -3.395973
   1.94482     -3.422446     -3.422447
   1.89111     -3.428662     -3.428663
   1.83741     -3.418161     -3.418163
   1.78370     -3.396914     -3.396916
   1.72999     -3.371576     -3.371578
   1.67628     -3.347714     -3.347716
   1.62257     -3.328246     -3.328248
   1.56887     -3.313213     -3.313216
   1.51516     -3.301545     -3.301548
   1.46145     -3.293370     -3.293373
   1.40774     -3.289941     -3.289942
   1.40774     -3.441673     -3.441674
   1.35153     -3.430165     -3.430166
   1.29532     -3.407345     -3.407346
   1.23910     -3.379057     -3.379058
   1.18289     -3.345083     -3.345084
   1.12668     -3.304639     -3.304640
   1.07047     -3.257646     -3.257647
   1.01426     -3.206126     -3.206127
   0.95804     -3.160428     -3.160428
   0.90183     -3.152962     -3.152962
   0.90183     -3.152962     -3.152962
   0.84111     -3.237940     -3.237941
   0.78039     -3.356618     -3.356619
   0.71967     -3.458086     -3.458088
   0.65895     -3.539877     -3.539878
   0.59823     -3.520523     -3.520523
   0.53751     -3.542172     -3.542172
   0.47679     -3.601015     -3.601017
   0.41607     -3.647717     -3.647718
   0.41607     -3.650399     -3.650403
   0.35664     -3.592550     -3.592552
   0.29720     -3.524603     -3.524605
   0.23776     -3.450251     -3.450253
   0.17832     -3.372823     -3.372824
   0.11888     -3.295162     -3.295162
   0.05944     -3.219110     -3.219111
   0.00000     -3.152962     -3.152962
 
# Band-Index   63
   0.00000     -3.135557     -3.135558
   0.05944     -3.071290     -3.071291
   0.11888     -3.001580     -3.001581
   0.17832     -2.956897     -2.956901
   0.23776     -2.932394     -2.932397
   0.29720     -2.897893     -2.897896
   0.35664     -2.861631     -2.861634
   0.41607     -2.835496     -2.835500
   0.41607     -2.865800     -2.865802
   0.47679     -3.024066     -3.024070
   0.53751     -3.179702     -3.179706
   0.59823     -3.260508     -3.260513
   0.65895     -3.233416     -3.233420
   0.71967     -3.174567     -3.174569
   0.78039     -3.135695     -3.135697
   0.84111     -3.130581     -3.130582
   0.90183     -3.135557     -3.135558
   0.90183     -3.135557     -3.135558
   0.95804     -3.158098     -3.158099
   1.01426     -3.172717     -3.172718
   1.07047     -3.177677     -3.177678
   1.12668     -3.170369     -3.170370
   1.18289     -3.149247     -3.149248
   1.23910     -3.114831     -3.114832
   1.29532     -3.071692     -3.071693
   1.35153     -3.032113     -3.032114
   1.40774     -3.015283     -3.015284
   1.40774     -2.892335     -2.892336
   1.46145     -2.897944     -2.897946
   1.51516     -2.913844     -2.913845
   1.56887     -2.934300     -2.934301
   1.62257     -2.953036     -2.953037
   1.67628     -2.968249     -2.968249
   1.72999     -2.986232     -2.986233
   1.78370     -3.018449     -3.018451
   1.83741     -3.068303     -3.068305
   1.89111     -3.125785     -3.125787
   1.94482     -3.178055     -3.178057
   1.99853     -3.213498     -3.213500
   2.05224     -3.220892     -3.220893
   2.10595     -3.193984     -3.193985
   2.15966     -3.147996     -3.147998
   2.21336     -3.135557     -3.135558
   2.21336     -3.135557     -3.135558
   2.27085     -3.156782     -3.156783
   2.32834     -3.190467     -3.190469
   2.38584     -3.206393     -3.206395
   2.44333     -3.196183     -3.196186
   2.50082     -3.161084     -3.161088
   2.55831     -3.105791     -3.105795
   2.61580     -3.035907     -3.035912
   2.67329     -2.957600     -2.957605
   2.73078     -2.879549     -2.879554
   2.78827     -2.815999     -2.816005
   2.84576     -2.773002     -2.773007
   2.90325     -2.741271     -2.741277
   2.90325     -2.691614     -2.691615
   2.95783     -2.736434     -2.736438
   3.01242     -2.775845     -2.775847
   3.06700     -2.815571     -2.815572
   3.12159     -2.875353     -2.875354
   3.17617     -2.941119     -2.941120
   3.23075     -3.001459     -3.001461
   3.28534     -3.050984     -3.050985
   3.33992     -3.086912     -3.086914
   3.39451     -3.107380     -3.107382
   3.44909     -3.112748     -3.112749
   3.50367     -3.115357     -3.115358
   3.55826     -3.135557     -3.135558
   3.55826     -3.135557     -3.135558
   3.61640     -3.129252     -3.129253
   3.67455     -3.157765     -3.157767
   3.73269     -3.173239     -3.173241
   3.79084     -3.147779     -3.147781
   3.84898     -3.113612     -3.113617
   3.90712     -3.208614     -3.208620
   3.96527     -3.256829     -3.256834
   4.02341     -3.206392     -3.206396
   4.08156     -3.141077     -3.141082
   4.13970     -3.081622     -3.081628
   4.19785     -3.056382     -3.056388
 
# Band-Index   64
   4.19785     -3.056125     -3.056127
   4.13970     -3.027066     -3.027069
   4.08156     -2.951104     -2.951106
   4.02341     -2.862079     -2.862082
   3.96527     -2.902858     -2.902860
   3.90712     -2.998474     -2.998476
   3.84898     -3.074200     -3.074203
   3.79084     -3.002625     -3.002630
   3.73269     -2.917434     -2.917438
   3.67455     -2.864035     -2.864038
   3.61640     -2.902790     -2.902795
   3.55826     -2.967222     -2.967224
   3.55826     -2.967222     -2.967228
   3.50367     -2.952073     -2.952079
   3.44909     -2.895529     -2.895534
   3.39451     -2.816175     -2.816180
   3.33992     -2.742911     -2.742915
   3.28534     -2.704389     -2.704393
   3.23075     -2.703845     -2.703848
   3.17617     -2.723081     -2.723084
   3.12159     -2.743757     -2.743760
   3.06700     -2.749934     -2.749937
   3.01242     -2.725908     -2.725911
   2.95783     -2.690150     -2.690152
   2.90325     -2.691046     -2.691051
   2.90325     -2.740963     -2.740970
   2.84576     -2.712079     -2.712085
   2.78827     -2.681167     -2.681174
   2.73078     -2.717411     -2.717415
   2.67329     -2.726012     -2.726015
   2.61580     -2.702003     -2.702006
   2.55831     -2.654877     -2.654879
   2.50082     -2.612949     -2.612957
   2.44333     -2.635647     -2.635655
   2.38584     -2.677048     -2.677055
   2.32834     -2.767169     -2.767173
   2.27085     -2.888298     -2.888303
   2.21336     -2.967222     -2.967229
   2.21336     -2.967222     -2.967229
   2.15966     -2.906006     -2.906011
   2.10595     -2.791006     -2.791012
   2.05224     -2.767708     -2.767713
   1.99853     -2.772878     -2.772884
   1.94482     -2.782626     -2.782632
   1.89111     -2.790109     -2.790115
   1.83741     -2.791219     -2.791226
   1.78370     -2.778444     -2.778452
   1.72999     -2.743704     -2.743712
   1.67628     -2.770580     -2.770583
   1.62257     -2.810447     -2.810450
   1.56887     -2.842588     -2.842590
   1.51516     -2.867940     -2.867942
   1.46145     -2.885687     -2.885689
   1.40774     -2.891997     -2.891999
   1.40774     -2.626752     -2.626760
   1.35153     -2.643781     -2.643789
   1.29532     -2.674833     -2.674841
   1.23910     -2.710927     -2.710934
   1.18289     -2.751105     -2.751111
   1.12668     -2.796024     -2.796030
   1.07047     -2.846516     -2.846522
   1.01426     -2.900289     -2.900294
   0.95804     -2.947092     -2.947098
   0.90183     -2.967222     -2.967229
   0.90183     -2.967222     -2.967229
   0.84111     -2.866156     -2.866163
   0.78039     -2.804501     -2.804503
   0.71967     -2.715515     -2.715524
   0.65895     -2.746582     -2.746590
   0.59823     -2.759365     -2.759373
   0.53751     -2.760379     -2.760385
   0.47679     -2.777292     -2.777297
   0.41607     -2.865726     -2.865732
   0.41607     -2.834971     -2.834974
   0.35664     -2.828339     -2.828342
   0.29720     -2.844721     -2.844724
   0.23776     -2.882605     -2.882608
   0.17832     -2.936929     -2.936931
   0.11888     -2.968777     -2.968781
   0.05944     -2.969740     -2.969747
   0.00000     -2.967222     -2.967229
 
# Band-Index   65
   0.00000     -2.855948     -2.855951
   0.05944     -2.828097     -2.828100
   0.11888     -2.758981     -2.758985
   0.17832     -2.667481     -2.667486
   0.23776     -2.564518     -2.564523
   0.29720     -2.454444     -2.454449
   0.35664     -2.337743     -2.337749
   0.41607     -2.216039     -2.216047
   0.41607     -2.407447     -2.407452
   0.47679     -2.406727     -2.406732
   0.53751     -2.373880     -2.373887
   0.59823     -2.452313     -2.452317
   0.65895     -2.588612     -2.588615
   0.71967     -2.713652     -2.713655
   0.78039     -2.703729     -2.703734
   0.84111     -2.846863     -2.846865
   0.90183     -2.855948     -2.855951
   0.90183     -2.855948     -2.855951
   0.95804     -2.823420     -2.823422
   1.01426     -2.746534     -2.746536
   1.07047     -2.650426     -2.650428
   1.12668     -2.548393     -2.548396
   1.18289     -2.534478     -2.534489
   1.23910     -2.542576     -2.542586
   1.29532     -2.557621     -2.557631
   1.35153     -2.576524     -2.576535
   1.40774     -2.589575     -2.589586
   1.40774     -2.445611     -2.445614
   1.46145     -2.459421     -2.459429
   1.51516     -2.498212     -2.498221
   1.56887     -2.554589     -2.554597
   1.62257     -2.620080     -2.620088
   1.67628     -2.685954     -2.685961
   1.72999     -2.722742     -2.722744
   1.78370     -2.675861     -2.675864
   1.83741     -2.629966     -2.629968
   1.89111     -2.584196     -2.584198
   1.94482     -2.544926     -2.544930
   1.99853     -2.556571     -2.556574
   2.05224     -2.651755     -2.651758
   2.10595     -2.772595     -2.772597
   2.15966     -2.825206     -2.825208
   2.21336     -2.855948     -2.855951
   2.21336     -2.855948     -2.855951
   2.27085     -2.812044     -2.812046
   2.32834     -2.714036     -2.714039
   2.38584     -2.609529     -2.609532
   2.44333     -2.560869     -2.560872
   2.50082     -2.597009     -2.597012
   2.55831     -2.600324     -2.600332
   2.61580     -2.601673     -2.601680
   2.67329     -2.619182     -2.619189
   2.73078     -2.648362     -2.648368
   2.78827     -2.665621     -2.665624
   2.84576     -2.572095     -2.572099
   2.90325     -2.454126     -2.454129
   2.90325     -2.580539     -2.580545
   2.95783     -2.582718     -2.582722
   3.01242     -2.538274     -2.538281
   3.06700     -2.524683     -2.524692
   3.12159     -2.538265     -2.538277
   3.17617     -2.553189     -2.553199
   3.23075     -2.571344     -2.571354
   3.28534     -2.604293     -2.604300
   3.33992     -2.660684     -2.660688
   3.39451     -2.719333     -2.719336
   3.44909     -2.776716     -2.776719
   3.50367     -2.829934     -2.829937
   3.55826     -2.855948     -2.855951
   3.55826     -2.855948     -2.855951
   3.61640     -2.842223     -2.842226
   3.67455     -2.748889     -2.748893
   3.73269     -2.605240     -2.605245
   3.79084     -2.507695     -2.507702
   3.84898     -2.489613     -2.489619
   3.90712     -2.579926     -2.579929
   3.96527     -2.693545     -2.693547
   4.02341     -2.737457     -2.737458
   4.08156     -2.622412     -2.622413
   4.13970     -2.482476     -2.482476
   4.19785     -2.385405     -2.385402
 
# Band-Index   66
   4.19785     -2.385108     -2.385113
   4.13970     -2.367578     -2.367582
   4.08156     -2.336811     -2.336816
   4.02341     -2.320499     -2.320503
   3.96527     -2.327622     -2.327627
   3.90712     -2.357622     -2.357627
   3.84898     -2.395656     -2.395659
   3.79084     -2.422612     -2.422618
   3.73269     -2.532629     -2.532637
   3.67455     -2.595383     -2.595393
   3.61640     -2.609229     -2.609240
   3.55826     -2.604410     -2.604421
   3.55826     -2.604410     -2.604421
   3.50367     -2.597156     -2.597167
   3.44909     -2.578117     -2.578127
   3.39451     -2.555095     -2.555104
   3.33992     -2.533994     -2.534002
   3.28534     -2.499924     -2.499929
   3.23075     -2.429463     -2.429466
   3.17617     -2.341450     -2.341453
   3.12159     -2.280823     -2.280825
   3.06700     -2.352229     -2.352231
   3.01242     -2.405661     -2.405665
   2.95783     -2.504942     -2.504950
   2.90325     -2.580323     -2.580324
   2.90325     -2.453539     -2.453544
   2.84576     -2.325525     -2.325529
   2.78827     -2.221343     -2.221351
   2.73078     -2.233475     -2.233482
   2.67329     -2.232294     -2.232301
   2.61580     -2.224969     -2.224975
   2.55831     -2.246499     -2.246503
   2.50082     -2.335175     -2.335180
   2.44333     -2.437445     -2.437451
   2.38584     -2.534263     -2.534270
   2.32834     -2.586542     -2.586551
   2.27085     -2.601587     -2.601598
   2.21336     -2.604410     -2.604421
   2.21336     -2.604410     -2.604421
   2.15966     -2.599426     -2.599437
   2.10595     -2.570284     -2.570294
   2.05224     -2.502079     -2.502087
   1.99853     -2.424763     -2.424769
   1.94482     -2.372631     -2.372638
   1.89111     -2.340645     -2.340652
   1.83741     -2.342419     -2.342426
   1.78370     -2.352086     -2.352093
   1.72999     -2.343989     -2.343995
   1.67628     -2.315617     -2.315623
   1.62257     -2.302275     -2.302280
   1.56887     -2.350091     -2.350096
   1.51516     -2.401459     -2.401465
   1.46145     -2.434268     -2.434273
   1.40774     -2.445122     -2.445132
   1.40774     -2.283423     -2.283428
   1.35153     -2.290509     -2.290513
   1.29532     -2.312608     -2.312613
   1.23910     -2.365628     -2.365631
   1.18289     -2.449882     -2.449885
   1.12668     -2.537134     -2.537146
   1.07047     -2.553190     -2.553202
   1.01426     -2.577194     -2.577206
   0.95804     -2.597038     -2.597050
   0.90183     -2.604410     -2.604421
   0.90183     -2.604410     -2.604421
   0.84111     -2.624834     -2.624845
   0.78039     -2.668153     -2.668163
   0.71967     -2.534847     -2.534852
   0.65895     -2.381638     -2.381645
   0.59823     -2.302332     -2.302336
   0.53751     -2.296412     -2.296416
   0.47679     -2.318262     -2.318265
   0.41607     -2.406977     -2.406981
   0.41607     -2.215930     -2.215932
   0.35664     -2.264876     -2.264880
   0.29720     -2.360446     -2.360451
   0.23776     -2.447080     -2.447086
   0.17832     -2.516551     -2.516559
   0.11888     -2.565864     -2.565873
   0.05944     -2.594881     -2.594892
   0.00000     -2.604410     -2.604421
 
# Band-Index   67
   0.00000     -2.265060     -2.265063
   0.05944     -2.268467     -2.268469
   0.11888     -2.271125     -2.271128
   0.17832     -2.260895     -2.260898
   0.23776     -2.231673     -2.231677
   0.29720     -2.185260     -2.185265
   0.35664     -2.141812     -2.141817
   0.41607     -2.175345     -2.175348
   0.41607     -2.090041     -2.090047
   0.47679     -2.181666     -2.181671
   0.53751     -2.171229     -2.171232
   0.59823     -2.251304     -2.251310
   0.65895     -2.250893     -2.250898
   0.71967     -2.197217     -2.197223
   0.78039     -2.182386     -2.182389
   0.84111     -2.240245     -2.240248
   0.90183     -2.265060     -2.265063
   0.90183     -2.265061     -2.265063
   0.95804     -2.261612     -2.261615
   1.01426     -2.246983     -2.246985
   1.07047     -2.209448     -2.209451
   1.12668     -2.228261     -2.228264
   1.18289     -2.255494     -2.255496
   1.23910     -2.262490     -2.262492
   1.29532     -2.239734     -2.239736
   1.35153     -2.199100     -2.199102
   1.40774     -2.178321     -2.178324
   1.40774     -1.935744     -1.935754
   1.46145     -1.988819     -1.988825
   1.51516     -2.070780     -2.070786
   1.56887     -2.146955     -2.146960
   1.62257     -2.191622     -2.191627
   1.67628     -2.148217     -2.148221
   1.72999     -2.066886     -2.066889
   1.78370     -2.038921     -2.038924
   1.83741     -2.096221     -2.096226
   1.89111     -2.166921     -2.166927
   1.94482     -2.247406     -2.247413
   1.99853     -2.311705     -2.311711
   2.05224     -2.292992     -2.292996
   2.10595     -2.256911     -2.256914
   2.15966     -2.258535     -2.258538
   2.21336     -2.265061     -2.265063
   2.21336     -2.265060     -2.265063
   2.27085     -2.251712     -2.251714
   2.32834     -2.214538     -2.214541
   2.38584     -2.288520     -2.288525
   2.44333     -2.308356     -2.308360
   2.50082     -2.258631     -2.258636
   2.55831     -2.225947     -2.225953
   2.61580     -2.178270     -2.178274
   2.67329     -2.138056     -2.138061
   2.73078     -2.139608     -2.139614
   2.78827     -2.206591     -2.206596
   2.84576     -2.193682     -2.193691
   2.90325     -2.153749     -2.153759
   2.90325     -2.232696     -2.232705
   2.95783     -2.313128     -2.313135
   3.01242     -2.366598     -2.366602
   3.06700     -2.296816     -2.296820
   3.12159     -2.251867     -2.251871
   3.17617     -2.213169     -2.213173
   3.23075     -2.212757     -2.212762
   3.28534     -2.238481     -2.238486
   3.33992     -2.258202     -2.258205
   3.39451     -2.265091     -2.265094
   3.44909     -2.265121     -2.265123
   3.50367     -2.264889     -2.264892
   3.55826     -2.265060     -2.265063
   3.55826     -2.265061     -2.265063
   3.61640     -2.255379     -2.255381
   3.67455     -2.252689     -2.252692
   3.73269     -2.286138     -2.286141
   3.79084     -2.334852     -2.334853
   3.84898     -2.263889     -2.263893
   3.90712     -2.152882     -2.152886
   3.96527     -2.060476     -2.060480
   4.02341     -2.067488     -2.067491
   4.08156     -2.151758     -2.151761
   4.13970     -2.212503     -2.212506
   4.19785     -2.232830     -2.232832
 
# Band-Index   68
   4.19785     -2.232467     -2.232472
   4.13970     -2.141068     -2.141071
   4.08156     -2.019804     -2.019806
   4.02341     -1.984585     -1.984589
   3.96527     -1.988097     -1.988100
   3.90712     -1.942953     -1.942955
   3.84898     -1.956628     -1.956631
   3.79084     -1.992367     -1.992371
   3.73269     -2.035769     -2.035772
   3.67455     -2.073146     -2.073150
   3.61640     -2.077348     -2.077354
   3.55826     -2.069362     -2.069369
   3.55826     -2.069362     -2.069369
   3.50367     -2.078791     -2.078797
   3.44909     -2.094878     -2.094883
   3.39451     -2.101831     -2.101837
   3.33992     -2.096455     -2.096457
   3.28534     -2.088983     -2.088989
   3.23075     -2.099057     -2.099063
   3.17617     -2.138583     -2.138591
   3.12159     -2.197689     -2.197698
   3.06700     -2.172175     -2.172180
   3.01242     -2.134729     -2.134737
   2.95783     -2.163369     -2.163378
   2.90325     -2.232366     -2.232374
   2.90325     -2.153456     -2.153463
   2.84576     -2.107147     -2.107155
   2.78827     -2.053206     -2.053214
   2.73078     -1.965858     -1.965864
   2.67329     -1.854393     -1.854397
   2.61580     -1.892037     -1.892046
   2.55831     -1.956502     -1.956510
   2.50082     -2.025092     -2.025099
   2.44333     -2.094768     -2.094773
   2.38584     -2.159964     -2.159968
   2.32834     -2.207223     -2.207229
   2.27085     -2.117665     -2.117670
   2.21336     -2.069362     -2.069369
   2.21336     -2.069362     -2.069369
   2.15966     -2.098768     -2.098773
   2.10595     -2.138710     -2.138714
   2.05224     -2.129813     -2.129815
   1.99853     -2.094467     -2.094472
   1.94482     -2.060787     -2.060792
   1.89111     -2.024020     -2.024025
   1.83741     -1.976677     -1.976682
   1.78370     -1.972479     -1.972486
   1.72999     -1.982808     -1.982817
   1.67628     -1.963573     -1.963583
   1.62257     -1.953700     -1.953710
   1.56887     -1.947441     -1.947451
   1.51516     -1.941897     -1.941907
   1.46145     -1.937471     -1.937481
   1.40774     -1.935279     -1.935286
   1.40774     -2.044297     -2.044298
   1.35153     -2.021219     -2.021220
   1.29532     -1.973578     -1.973581
   1.23910     -1.926156     -1.926161
   1.18289     -2.033876     -2.033880
   1.12668     -2.137655     -2.137658
   1.07047     -2.186780     -2.186784
   1.01426     -2.137792     -2.137797
   0.95804     -2.091746     -2.091752
   0.90183     -2.069362     -2.069369
   0.90183     -2.069362     -2.069369
   0.84111     -2.094334     -2.094339
   0.78039     -2.143550     -2.143556
   0.71967     -2.117346     -2.117349
   0.65895     -2.068675     -2.068677
   0.59823     -2.072022     -2.072023
   0.53751     -2.147555     -2.147558
   0.47679     -2.083127     -2.083132
   0.41607     -2.089433     -2.089439
   0.41607     -2.175271     -2.175278
   0.35664     -2.092880     -2.092886
   0.29720     -2.013157     -2.013161
   0.23776     -2.004739     -2.004744
   0.17832     -2.015832     -2.015837
   0.11888     -2.037532     -2.037537
   0.05944     -2.059571     -2.059576
   0.00000     -2.069362     -2.069369
 
# Band-Index   69
   0.00000     -1.971900     -1.971905
   0.05944     -1.967919     -1.967924
   0.11888     -1.956907     -1.956913
   0.17832     -1.942746     -1.942753
   0.23776     -1.939146     -1.939153
   0.29720     -1.988006     -1.988013
   0.35664     -2.034730     -2.034735
   0.41607     -1.997961     -1.997970
   0.41607     -1.959246     -1.959247
   0.47679     -1.944465     -1.944469
   0.53751     -1.928609     -1.928613
   0.59823     -1.923405     -1.923409
   0.65895     -1.926946     -1.926947
   0.71967     -1.934078     -1.934082
   0.78039     -1.943853     -1.943858
   0.84111     -1.959561     -1.959566
   0.90183     -1.971900     -1.971905
   0.90183     -1.971900     -1.971905
   0.95804     -1.957877     -1.957882
   1.01426     -1.932399     -1.932404
   1.07047     -1.908048     -1.908054
   1.12668     -1.892198     -1.892204
   1.18289     -1.896074     -1.896080
   1.23910     -1.917934     -1.917939
   1.29532     -1.887718     -1.887723
   1.35153     -1.981205     -1.981208
   1.40774     -2.022918     -2.022921
   1.40774     -1.836683     -1.836688
   1.46145     -1.830837     -1.830844
   1.51516     -1.817554     -1.817561
   1.56887     -1.803658     -1.803664
   1.62257     -1.798832     -1.798838
   1.67628     -1.817344     -1.817349
   1.72999     -1.865045     -1.865052
   1.78370     -1.918703     -1.918712
   1.83741     -1.918172     -1.918180
   1.89111     -1.929872     -1.929877
   1.94482     -1.961708     -1.961722
   1.99853     -1.971200     -1.971204
   2.05224     -1.962947     -1.962952
   2.10595     -1.956561     -1.956567
   2.15966     -1.962289     -1.962295
   2.21336     -1.971900     -1.971905
   2.21336     -1.971900     -1.971905
   2.27085     -1.960382     -1.960387
   2.32834     -1.959982     -1.959987
   2.38584     -1.974261     -1.974265
   2.44333     -1.987175     -1.987179
   2.50082     -1.974038     -1.974050
   2.55831     -1.909902     -1.909895
   2.61580     -1.811305     -1.811306
   2.67329     -1.811133     -1.811145
   2.73078     -1.739370     -1.739378
   2.78827     -1.647349     -1.647355
   2.84576     -1.563402     -1.563404
   2.90325     -1.520689     -1.520687
   2.90325     -1.981441     -1.981446
   2.95783     -2.021767     -2.021772
   3.01242     -2.059843     -2.059851
   3.06700     -2.072233     -2.072243
   3.12159     -2.073738     -2.073747
   3.17617     -2.057423     -2.057431
   3.23075     -2.007844     -2.007851
   3.28534     -1.953483     -1.953490
   3.33992     -1.923886     -1.923894
   3.39451     -1.924464     -1.924471
   3.44909     -1.941898     -1.941905
   3.50367     -1.962098     -1.962104
   3.55826     -1.971900     -1.971905
   3.55826     -1.971900     -1.971905
   3.61640     -1.963054     -1.963059
   3.67455     -1.945846     -1.945851
   3.73269     -1.920421     -1.920426
   3.79084     -1.873587     -1.873589
   3.84898     -1.817912     -1.817915
   3.90712     -1.832230     -1.832236
   3.96527     -1.850798     -1.850802
   4.02341     -1.905137     -1.905139
   4.08156     -1.895211     -1.895215
   4.13970     -1.824967     -1.824971
   4.19785     -1.776128     -1.776135
 
# Band-Index   70
   4.19785     -1.776045     -1.776051
   4.13970     -1.771921     -1.771928
   4.08156     -1.757059     -1.757067
   4.02341     -1.732417     -1.732427
   3.96527     -1.711961     -1.711971
   3.90712     -1.730654     -1.730663
   3.84898     -1.759682     -1.759693
   3.79084     -1.700733     -1.700742
   3.73269     -1.621220     -1.621228
   3.67455     -1.602166     -1.602161
   3.61640     -1.627294     -1.627289
   3.55826     -1.636645     -1.636640
   3.55826     -1.636645     -1.636640
   3.50367     -1.635143     -1.635138
   3.44909     -1.629853     -1.629849
   3.39451     -1.619525     -1.619523
   3.33992     -1.607603     -1.607604
   3.28534     -1.619088     -1.619092
   3.23075     -1.638002     -1.638006
   3.17617     -1.665275     -1.665280
   3.12159     -1.711089     -1.711094
   3.06700     -1.778328     -1.778332
   3.01242     -1.857969     -1.857973
   2.95783     -1.930256     -1.930259
   2.90325     -1.981087     -1.981091
   2.90325     -1.520383     -1.520382
   2.84576     -1.526411     -1.526408
   2.78827     -1.564591     -1.564588
   2.73078     -1.626953     -1.626952
   2.67329     -1.711219     -1.711218
   2.61580     -1.725632     -1.725641
   2.55831     -1.637152     -1.637161
   2.50082     -1.567560     -1.567569
   2.44333     -1.554001     -1.553999
   2.38584     -1.583044     -1.583041
   2.32834     -1.608138     -1.608135
   2.27085     -1.628016     -1.628011
   2.21336     -1.636646     -1.636640
   2.21336     -1.636646     -1.636640
   2.15966     -1.629184     -1.629179
   2.10595     -1.610812     -1.610808
   2.05224     -1.589280     -1.589278
   1.99853     -1.603043     -1.603049
   1.94482     -1.663062     -1.663070
   1.89111     -1.724135     -1.724142
   1.83741     -1.757232     -1.757239
   1.78370     -1.744584     -1.744591
   1.72999     -1.725628     -1.725636
   1.67628     -1.703015     -1.703024
   1.62257     -1.669161     -1.669172
   1.56887     -1.670225     -1.670235
   1.51516     -1.718648     -1.718657
   1.46145     -1.787222     -1.787229
   1.40774     -1.836232     -1.836241
   1.40774     -1.607839     -1.607840
   1.35153     -1.615050     -1.615051
   1.29532     -1.711533     -1.711536
   1.23910     -1.655540     -1.655543
   1.18289     -1.666299     -1.666295
   1.12668     -1.663446     -1.663443
   1.07047     -1.653299     -1.653296
   1.01426     -1.644644     -1.644640
   0.95804     -1.639023     -1.639018
   0.90183     -1.636646     -1.636640
   0.90183     -1.636645     -1.636640
   0.84111     -1.625388     -1.625383
   0.78039     -1.596685     -1.596680
   0.71967     -1.569848     -1.569845
   0.65895     -1.628610     -1.628621
   0.59823     -1.739296     -1.739308
   0.53751     -1.838028     -1.838039
   0.47679     -1.919099     -1.919107
   0.41607     -1.958897     -1.958903
   0.41607     -1.997687     -1.997691
   0.35664     -1.921889     -1.921895
   0.29720     -1.862229     -1.862234
   0.23776     -1.797157     -1.797163
   0.17832     -1.699671     -1.699678
   0.11888     -1.605912     -1.605907
   0.05944     -1.628306     -1.628300
   0.00000     -1.636645     -1.636640
 
# Band-Index   71
   0.00000     -1.470392     -1.470394
   0.05944     -1.509053     -1.509057
   0.11888     -1.597299     -1.597306
   0.17832     -1.577643     -1.577639
   0.23776     -1.562770     -1.562768
   0.29720     -1.647661     -1.647665
   0.35664     -1.689631     -1.689635
   0.41607     -1.679619     -1.679624
   0.41607     -1.551511     -1.551511
   0.47679     -1.569486     -1.569486
   0.53751     -1.580776     -1.580775
   0.59823     -1.578039     -1.578038
   0.65895     -1.566944     -1.566942
   0.71967     -1.529261     -1.529272
   0.78039     -1.450708     -1.450718
   0.84111     -1.458342     -1.458344
   0.90183     -1.470392     -1.470394
   0.90183     -1.470392     -1.470394
   0.95804     -1.450705     -1.450707
   1.01426     -1.406080     -1.406082
   1.07047     -1.385322     -1.385332
   1.12668     -1.417131     -1.417140
   1.18289     -1.509941     -1.509947
   1.23910     -1.654325     -1.654324
   1.29532     -1.633458     -1.633458
   1.35153     -1.604790     -1.604794
   1.40774     -1.486969     -1.486973
   1.40774     -1.396610     -1.396615
   1.46145     -1.414879     -1.414882
   1.51516     -1.462330     -1.462333
   1.56887     -1.519916     -1.519918
   1.62257     -1.554761     -1.554763
   1.67628     -1.559867     -1.559869
   1.72999     -1.560788     -1.560790
   1.78370     -1.554454     -1.554455
   1.83741     -1.536182     -1.536182
   1.89111     -1.522715     -1.522715
   1.94482     -1.528918     -1.528917
   1.99853     -1.546853     -1.546852
   2.05224     -1.528242     -1.528248
   2.10595     -1.483732     -1.483738
   2.15966     -1.465808     -1.465811
   2.21336     -1.470392     -1.470394
   2.21336     -1.470392     -1.470394
   2.27085     -1.444865     -1.444866
   2.32834     -1.413257     -1.413267
   2.38584     -1.453046     -1.453056
   2.44333     -1.505829     -1.505838
   2.50082     -1.520818     -1.520818
   2.55831     -1.482792     -1.482793
   2.61580     -1.438808     -1.438811
   2.67329     -1.436720     -1.436721
   2.73078     -1.397763     -1.397764
   2.78827     -1.341176     -1.341178
   2.84576     -1.292245     -1.292249
   2.90325     -1.236226     -1.236232
   2.90325     -1.393025     -1.393026
   2.95783     -1.410793     -1.410795
   3.01242     -1.440961     -1.440963
   3.06700     -1.472179     -1.472180
   3.12159     -1.490987     -1.490988
   3.17617     -1.497006     -1.497005
   3.23075     -1.524369     -1.524367
   3.28534     -1.560355     -1.560352
   3.33992     -1.572999     -1.573000
   3.39451     -1.539564     -1.539568
   3.44909     -1.498709     -1.498714
   3.50367     -1.474534     -1.474537
   3.55826     -1.470392     -1.470394
   3.55826     -1.470392     -1.470394
   3.61640     -1.483973     -1.483977
   3.67455     -1.539407     -1.539414
   3.73269     -1.566335     -1.566331
   3.79084     -1.535857     -1.535855
   3.84898     -1.521933     -1.521933
   3.90712     -1.545521     -1.545527
   3.96527     -1.598627     -1.598633
   4.02341     -1.643508     -1.643514
   4.08156     -1.679277     -1.679282
   4.13970     -1.700085     -1.700090
   4.19785     -1.707245     -1.707246
 
# Band-Index   72
   4.19785     -1.707088     -1.707093
   4.13970     -1.659138     -1.659140
   4.08156     -1.591212     -1.591214
   4.02341     -1.540994     -1.540994
   3.96527     -1.536056     -1.536058
   3.90712     -1.523697     -1.523701
   3.84898     -1.479869     -1.479876
   3.79084     -1.421115     -1.421122
   3.73269     -1.387500     -1.387504
   3.67455     -1.390635     -1.390638
   3.61640     -1.391579     -1.391585
   3.55826     -1.380702     -1.380712
   3.55826     -1.380702     -1.380712
   3.50367     -1.383753     -1.383760
   3.44909     -1.376278     -1.376281
   3.39451     -1.361099     -1.361101
   3.33992     -1.361800     -1.361804
   3.28534     -1.382113     -1.382117
   3.23075     -1.413648     -1.413653
   3.17617     -1.429804     -1.429808
   3.12159     -1.401507     -1.401510
   3.06700     -1.382633     -1.382637
   3.01242     -1.383743     -1.383747
   2.95783     -1.386426     -1.386430
   2.90325     -1.392587     -1.392593
   2.90325     -1.236071     -1.236079
   2.84576     -1.226108     -1.226108
   2.78827     -1.265813     -1.265822
   2.73078     -1.328783     -1.328790
   2.67329     -1.387539     -1.387544
   2.61580     -1.429540     -1.429540
   2.55831     -1.357035     -1.357037
   2.50082     -1.256173     -1.256175
   2.44333     -1.289009     -1.289011
   2.38584     -1.332693     -1.332695
   2.32834     -1.387489     -1.387491
   2.27085     -1.388871     -1.388881
   2.21336     -1.380702     -1.380712
   2.21336     -1.380702     -1.380712
   2.15966     -1.385287     -1.385295
   2.10595     -1.365446     -1.365449
   2.05224     -1.330219     -1.330222
   1.99853     -1.318881     -1.318884
   1.94482     -1.333008     -1.333011
   1.89111     -1.360897     -1.360901
   1.83741     -1.387854     -1.387859
   1.78370     -1.401134     -1.401140
   1.72999     -1.398068     -1.398073
   1.67628     -1.379878     -1.379882
   1.62257     -1.353905     -1.353907
   1.56887     -1.376122     -1.376125
   1.51516     -1.390542     -1.390546
   1.46145     -1.395285     -1.395290
   1.40774     -1.396046     -1.396049
   1.40774     -1.485310     -1.485315
   1.35153     -1.381403     -1.381409
   1.29532     -1.363830     -1.363836
   1.23910     -1.361348     -1.361353
   1.18289     -1.359030     -1.359034
   1.12668     -1.359075     -1.359079
   1.07047     -1.370160     -1.370163
   1.01426     -1.378669     -1.378679
   0.95804     -1.379596     -1.379605
   0.90183     -1.380702     -1.380712
   0.90183     -1.380702     -1.380712
   0.84111     -1.399017     -1.399027
   0.78039     -1.431907     -1.431909
   0.71967     -1.407453     -1.407454
   0.65895     -1.373573     -1.373572
   0.59823     -1.401060     -1.401060
   0.53751     -1.486982     -1.486982
   0.47679     -1.528703     -1.528702
   0.41607     -1.550777     -1.550776
   0.41607     -1.679489     -1.679492
   0.35664     -1.646714     -1.646718
   0.29720     -1.598920     -1.598922
   0.23776     -1.557045     -1.557048
   0.17832     -1.470674     -1.470677
   0.11888     -1.418098     -1.418100
   0.05944     -1.393296     -1.393300
   0.00000     -1.380702     -1.380712
 
# Band-Index   73
   0.00000     -1.279976     -1.279984
   0.05944     -1.298919     -1.298926
   0.11888     -1.349460     -1.349467
   0.17832     -1.418479     -1.418487
   0.23776     -1.482449     -1.482455
   0.29720     -1.493217     -1.493221
   0.35664     -1.469889     -1.469892
   0.41607     -1.418894     -1.418898
   0.41607     -1.294617     -1.294627
   0.47679     -1.308687     -1.308694
   0.53751     -1.313408     -1.313416
   0.59823     -1.325872     -1.325874
   0.65895     -1.308503     -1.308511
   0.71967     -1.313177     -1.313183
   0.78039     -1.311014     -1.311019
   0.84111     -1.293343     -1.293349
   0.90183     -1.279976     -1.279984
   0.90183     -1.279976     -1.279984
   0.95804     -1.275739     -1.275745
   1.01426     -1.261127     -1.261131
   1.07047     -1.221812     -1.221814
   1.12668     -1.173766     -1.173770
   1.18289     -1.224429     -1.224434
   1.23910     -1.260303     -1.260310
   1.29532     -1.302672     -1.302679
   1.35153     -1.365775     -1.365781
   1.40774     -1.366540     -1.366546
   1.40774     -1.237956     -1.237953
   1.46145     -1.251287     -1.251289
   1.51516     -1.281907     -1.281909
   1.56887     -1.315976     -1.315979
   1.62257     -1.342718     -1.342722
   1.67628     -1.348612     -1.348610
   1.72999     -1.346243     -1.346243
   1.78370     -1.330690     -1.330691
   1.83741     -1.304898     -1.304900
   1.89111     -1.286255     -1.286258
   1.94482     -1.285609     -1.285613
   1.99853     -1.282730     -1.282735
   2.05224     -1.279152     -1.279158
   2.10595     -1.278652     -1.278659
   2.15966     -1.279753     -1.279760
   2.21336     -1.279976     -1.279984
   2.21336     -1.279976     -1.279984
   2.27085     -1.273605     -1.273612
   2.32834     -1.255333     -1.255340
   2.38584     -1.226512     -1.226518
   2.44333     -1.209919     -1.209922
   2.50082     -1.249472     -1.249474
   2.55831     -1.210056     -1.210059
   2.61580     -1.218300     -1.218300
   2.67329     -1.236267     -1.236267
   2.73078     -1.251522     -1.251521
   2.78827     -1.255045     -1.255044
   2.84576     -1.208255     -1.208263
   2.90325     -1.186728     -1.186732
   2.90325     -1.238957     -1.238965
   2.95783     -1.260713     -1.260719
   3.01242     -1.288278     -1.288284
   3.06700     -1.321356     -1.321361
   3.12159     -1.336079     -1.336083
   3.17617     -1.328981     -1.328985
   3.23075     -1.305629     -1.305633
   3.28534     -1.282450     -1.282454
   3.33992     -1.284001     -1.284005
   3.39451     -1.287238     -1.287244
   3.44909     -1.285726     -1.285732
   3.50367     -1.282694     -1.282700
   3.55826     -1.279976     -1.279984
   3.55826     -1.279976     -1.279984
   3.61640     -1.290824     -1.290832
   3.67455     -1.309237     -1.309244
   3.73269     -1.334965     -1.334970
   3.79084     -1.362540     -1.362541
   3.84898     -1.405438     -1.405439
   3.90712     -1.461463     -1.461463
   3.96527     -1.483652     -1.483655
   4.02341     -1.467595     -1.467602
   4.08156     -1.416514     -1.416520
   4.13970     -1.352777     -1.352782
   4.19785     -1.323385     -1.323388
 
# Band-Index   74
   4.19785     -1.323162     -1.323171
   4.13970     -1.336088     -1.336095
   4.08156     -1.371896     -1.371903
   4.02341     -1.416598     -1.416603
   3.96527     -1.399878     -1.399883
   3.90712     -1.313631     -1.313634
   3.84898     -1.259828     -1.259830
   3.79084     -1.258311     -1.258313
   3.73269     -1.242655     -1.242656
   3.67455     -1.224955     -1.224955
   3.61640     -1.227449     -1.227450
   3.55826     -1.242573     -1.242574
   3.55826     -1.242573     -1.242574
   3.50367     -1.229609     -1.229612
   3.44909     -1.212139     -1.212145
   3.39451     -1.204888     -1.204893
   3.33992     -1.201219     -1.201224
   3.28534     -1.213403     -1.213409
   3.23075     -1.245912     -1.245916
   3.17617     -1.260711     -1.260712
   3.12159     -1.259758     -1.259758
   3.06700     -1.228397     -1.228396
   3.01242     -1.215170     -1.215176
   2.95783     -1.222508     -1.222514
   2.90325     -1.238765     -1.238769
   2.90325     -1.186592     -1.186593
   2.84576     -1.164032     -1.164040
   2.78827     -1.116290     -1.116296
   2.73078     -1.111361     -1.111366
   2.67329     -1.134968     -1.134972
   2.61580     -1.170726     -1.170729
   2.55831     -1.197603     -1.197603
   2.50082     -1.153968     -1.153968
   2.44333     -1.188935     -1.188940
   2.38584     -1.191951     -1.191954
   2.32834     -1.180925     -1.180926
   2.27085     -1.228695     -1.228695
   2.21336     -1.242573     -1.242574
   2.21336     -1.242573     -1.242574
   2.15966     -1.226658     -1.226659
   2.10595     -1.194210     -1.194210
   2.05224     -1.175241     -1.175243
   1.99853     -1.159520     -1.159522
   1.94482     -1.155275     -1.155279
   1.89111     -1.197210     -1.197214
   1.83741     -1.209585     -1.209587
   1.78370     -1.215743     -1.215746
   1.72999     -1.251631     -1.251635
   1.67628     -1.299505     -1.299508
   1.62257     -1.334197     -1.334197
   1.56887     -1.308069     -1.308068
   1.51516     -1.273433     -1.273432
   1.46145     -1.247002     -1.247001
   1.40774     -1.237835     -1.237839
   1.40774     -1.195746     -1.195751
   1.35153     -1.195871     -1.195876
   1.29532     -1.183509     -1.183512
   1.23910     -1.135423     -1.135425
   1.18289     -1.108600     -1.108602
   1.12668     -1.160329     -1.160331
   1.07047     -1.198129     -1.198135
   1.01426     -1.227171     -1.227176
   0.95804     -1.239936     -1.239938
   0.90183     -1.242573     -1.242574
   0.90183     -1.242573     -1.242574
   0.84111     -1.231100     -1.231102
   0.78039     -1.208389     -1.208391
   0.71967     -1.221781     -1.221784
   0.65895     -1.294375     -1.294377
   0.59823     -1.304969     -1.304974
   0.53751     -1.259507     -1.259505
   0.47679     -1.266468     -1.266474
   0.41607     -1.294371     -1.294375
   0.41607     -1.418547     -1.418549
   0.35664     -1.331388     -1.331392
   0.29720     -1.213498     -1.213501
   0.23776     -1.209279     -1.209280
   0.17832     -1.196285     -1.196288
   0.11888     -1.181328     -1.181331
   0.05944     -1.208068     -1.208071
   0.00000     -1.242573     -1.242574
 
# Band-Index   75
   0.00000     -1.169128     -1.169131
   0.05944     -1.171805     -1.171809
   0.11888     -1.156095     -1.156098
   0.17832     -1.126064     -1.126066
   0.23776     -1.126785     -1.126787
   0.29720     -1.210825     -1.210826
   0.35664     -1.197315     -1.197315
   0.41607     -1.173551     -1.173551
   0.41607     -1.137574     -1.137571
   0.47679     -1.198777     -1.198775
   0.53751     -1.219559     -1.219564
   0.59823     -1.144670     -1.144674
   0.65895     -1.098721     -1.098723
   0.71967     -1.168404     -1.168406
   0.78039     -1.185860     -1.185863
   0.84111     -1.172115     -1.172118
   0.90183     -1.169128     -1.169131
   0.90183     -1.169128     -1.169131
   0.95804     -1.165490     -1.165493
   1.01426     -1.156359     -1.156362
   1.07047     -1.151004     -1.151008
   1.12668     -1.146236     -1.146241
   1.18289     -1.066861     -1.066865
   1.23910     -1.058569     -1.058571
   1.29532     -1.016688     -1.016689
   1.35153     -1.038759     -1.038764
   1.40774     -1.051478     -1.051483
   1.40774     -1.029952     -1.029948
   1.46145     -1.038313     -1.038309
   1.51516     -1.041880     -1.041876
   1.56887     -1.032711     -1.032708
   1.62257     -1.022397     -1.022394
   1.67628     -1.028059     -1.028059
   1.72999     -1.059813     -1.059814
   1.78370     -1.098903     -1.098904
   1.83741     -1.115622     -1.115623
   1.89111     -1.115900     -1.115901
   1.94482     -1.113523     -1.113524
   1.99853     -1.116501     -1.116502
   2.05224     -1.149457     -1.149460
   2.10595     -1.173118     -1.173123
   2.15966     -1.171235     -1.171239
   2.21336     -1.169128     -1.169131
   2.21336     -1.169128     -1.169131
   2.27085     -1.171996     -1.171999
   2.32834     -1.179948     -1.179952
   2.38584     -1.094021     -1.094022
   2.44333     -1.046264     -1.046264
   2.50082     -1.145477     -1.145480
   2.55831     -1.099619     -1.099622
   2.61580     -1.055265     -1.055267
   2.67329     -1.017198     -1.017198
   2.73078     -0.993878     -0.993878
   2.78827     -1.006183     -1.006185
   2.84576     -1.051156     -1.051160
   2.90325     -1.075027     -1.075036
   2.90325     -1.026800     -1.026799
   2.95783     -1.092221     -1.092220
   3.01242     -1.163792     -1.163793
   3.06700     -1.209153     -1.209161
   3.12159     -1.214857     -1.214865
   3.17617     -1.214430     -1.214438
   3.23075     -1.199181     -1.199187
   3.28534     -1.165401     -1.165405
   3.33992     -1.121271     -1.121273
   3.39451     -1.129851     -1.129853
   3.44909     -1.154396     -1.154398
   3.50367     -1.167167     -1.167170
   3.55826     -1.169128     -1.169131
   3.55826     -1.169128     -1.169131
   3.61640     -1.170531     -1.170535
   3.67455     -1.168857     -1.168862
   3.73269     -1.167366     -1.167369
   3.79084     -1.163478     -1.163480
   3.84898     -1.182410     -1.182412
   3.90712     -1.242730     -1.242731
   3.96527     -1.209157     -1.209158
   4.02341     -1.165284     -1.165286
   4.08156     -1.117938     -1.117940
   4.13970     -1.076664     -1.076667
   4.19785     -1.058876     -1.058881
 
# Band-Index   76
   4.19785     -1.058511     -1.058517
   4.13970     -1.051423     -1.051431
   4.08156     -1.054521     -1.054527
   4.02341     -1.074808     -1.074811
   3.96527     -1.100310     -1.100312
   3.90712     -1.125444     -1.125446
   3.84898     -1.145014     -1.145017
   3.79084     -1.008218     -1.008221
   3.73269     -0.887824     -0.887830
   3.67455     -0.891153     -0.891151
   3.61640     -0.893835     -0.893832
   3.55826     -0.892763     -0.892759
   3.55826     -0.892763     -0.892759
   3.50367     -0.894053     -0.894050
   3.44909     -0.899904     -0.899902
   3.39451     -0.920426     -0.920427
   3.33992     -0.984850     -0.984854
   3.28534     -1.036050     -1.036053
   3.23075     -1.039512     -1.039514
   3.17617     -1.027420     -1.027422
   3.12159     -1.012271     -1.012273
   3.06700     -1.001639     -1.001642
   3.01242     -0.998408     -0.998411
   2.95783     -1.000685     -1.000686
   2.90325     -1.026423     -1.026425
   2.90325     -1.074577     -1.074588
   2.84576     -1.041821     -1.041834
   2.78827     -0.995126     -0.995138
   2.73078     -0.951304     -0.951316
   2.67329     -0.914408     -0.914419
   2.61580     -0.908481     -0.908479
   2.55831     -0.899110     -0.899107
   2.50082     -0.881913     -0.881915
   2.44333     -0.985762     -0.985763
   2.38584     -0.955211     -0.955209
   2.32834     -0.914395     -0.914391
   2.27085     -0.897481     -0.897476
   2.21336     -0.892763     -0.892759
   2.21336     -0.892763     -0.892759
   2.15966     -0.893715     -0.893711
   2.10595     -0.895962     -0.895959
   2.05224     -0.902060     -0.902060
   1.99853     -0.949820     -0.949825
   1.94482     -1.016741     -1.016744
   1.89111     -1.026687     -1.026689
   1.83741     -1.019274     -1.019275
   1.78370     -1.006159     -1.006160
   1.72999     -0.993902     -0.993901
   1.67628     -0.984805     -0.984804
   1.62257     -0.976379     -0.976381
   1.56887     -0.979194     -0.979196
   1.51516     -0.997102     -0.997104
   1.46145     -1.019330     -1.019332
   1.40774     -1.029805     -1.029806
   1.40774     -0.980219     -0.980217
   1.35153     -0.989482     -0.989481
   1.29532     -1.007765     -1.007771
   1.23910     -0.992119     -0.992124
   1.18289     -1.058226     -1.058227
   1.12668     -0.958273     -0.958273
   1.07047     -0.944214     -0.944211
   1.01426     -0.919431     -0.919428
   0.95804     -0.899862     -0.899858
   0.90183     -0.892763     -0.892759
   0.90183     -0.892763     -0.892759
   0.84111     -0.902175     -0.902171
   0.78039     -0.926647     -0.926644
   0.71967     -0.961392     -0.961390
   0.65895     -1.033241     -1.033242
   0.59823     -1.004785     -1.004787
   0.53751     -1.026422     -1.026419
   0.47679     -1.078774     -1.078771
   0.41607     -1.137485     -1.137484
   0.41607     -1.173431     -1.173431
   0.35664     -1.146770     -1.146770
   0.29720     -1.121194     -1.121194
   0.23776     -1.050736     -1.050740
   0.17832     -0.906594     -0.906600
   0.11888     -0.874322     -0.874331
   0.05944     -0.884208     -0.884205
   0.00000     -0.892763     -0.892759
 
# Band-Index   77
   0.00000     -0.841475     -0.841483
   0.05944     -0.850952     -0.850959
   0.11888     -0.855847     -0.855844
   0.17832     -0.879428     -0.879434
   0.23776     -0.856330     -0.856334
   0.29720     -0.805062     -0.805065
   0.35664     -0.738226     -0.738228
   0.41607     -0.666399     -0.666398
   0.41607     -0.807678     -0.807687
   0.47679     -0.837246     -0.837255
   0.53751     -0.899320     -0.899322
   0.59823     -0.981330     -0.981327
   0.65895     -0.922937     -0.922936
   0.71967     -0.855421     -0.855429
   0.78039     -0.848139     -0.848147
   0.84111     -0.843221     -0.843228
   0.90183     -0.841475     -0.841483
   0.90183     -0.841475     -0.841483
   0.95804     -0.844682     -0.844690
   1.01426     -0.854442     -0.854449
   1.07047     -0.871268     -0.871275
   1.12668     -0.940235     -0.940238
   1.18289     -0.948156     -0.948162
   1.23910     -0.971236     -0.971243
   1.29532     -0.932414     -0.932420
   1.35153     -0.893097     -0.893103
   1.40774     -0.878990     -0.878996
   1.40774     -0.937154     -0.937159
   1.46145     -0.922275     -0.922277
   1.51516     -0.889307     -0.889311
   1.56887     -0.866751     -0.866757
   1.62257     -0.855822     -0.855829
   1.67628     -0.852045     -0.852052
   1.72999     -0.851290     -0.851296
   1.78370     -0.852590     -0.852595
   1.83741     -0.856503     -0.856508
   1.89111     -0.861642     -0.861648
   1.94482     -0.864130     -0.864138
   1.99853     -0.862099     -0.862108
   2.05224     -0.858152     -0.858160
   2.10595     -0.850217     -0.850225
   2.15966     -0.843849     -0.843857
   2.21336     -0.841475     -0.841483
   2.21336     -0.841475     -0.841483
   2.27085     -0.841694     -0.841703
   2.32834     -0.842217     -0.842226
   2.38584     -0.844375     -0.844384
   2.44333     -0.854890     -0.854896
   2.50082     -0.880345     -0.880344
   2.55831     -0.859842     -0.859851
   2.61580     -0.882865     -0.882874
   2.67329     -0.909912     -0.909909
   2.73078     -0.909082     -0.909079
   2.78827     -0.906007     -0.906005
   2.84576     -0.906880     -0.906881
   2.90325     -0.904263     -0.904264
   2.90325     -0.942258     -0.942260
   2.95783     -0.939392     -0.939394
   3.01242     -0.921574     -0.921575
   3.06700     -0.911230     -0.911232
   3.12159     -0.901758     -0.901761
   3.17617     -0.891136     -0.891138
   3.23075     -0.881977     -0.881980
   3.28534     -0.883531     -0.883539
   3.33992     -0.887495     -0.887502
   3.39451     -0.875740     -0.875745
   3.44909     -0.860107     -0.860113
   3.50367     -0.846659     -0.846666
   3.55826     -0.841475     -0.841483
   3.55826     -0.841475     -0.841483
   3.61640     -0.846487     -0.846494
   3.67455     -0.859507     -0.859513
   3.73269     -0.865570     -0.865569
   3.79084     -0.898034     -0.898041
   3.84898     -0.911079     -0.911085
   3.90712     -0.917748     -0.917753
   3.96527     -0.920303     -0.920308
   4.02341     -0.921910     -0.921914
   4.08156     -0.925177     -0.925180
   4.13970     -0.928262     -0.928264
   4.19785     -0.927366     -0.927368
 
# Band-Index   78
   4.19785     -0.927124     -0.927124
   4.13970     -0.912223     -0.912224
   4.08156     -0.865228     -0.865229
   4.02341     -0.794346     -0.794349
   3.96527     -0.754406     -0.754409
   3.90712     -0.775702     -0.775704
   3.84898     -0.806099     -0.806100
   3.79084     -0.839283     -0.839283
   3.73269     -0.824261     -0.824266
   3.67455     -0.676267     -0.676274
   3.61640     -0.593383     -0.593390
   3.55826     -0.570581     -0.570588
   3.55826     -0.570581     -0.570588
   3.50367     -0.589818     -0.589826
   3.44909     -0.660014     -0.660023
   3.39451     -0.774202     -0.774209
   3.33992     -0.849251     -0.849252
   3.28534     -0.867359     -0.867358
   3.23075     -0.859825     -0.859828
   3.17617     -0.844698     -0.844701
   3.12159     -0.843534     -0.843536
   3.06700     -0.860327     -0.860328
   3.01242     -0.884997     -0.884999
   2.95783     -0.911609     -0.911613
   2.90325     -0.942223     -0.942228
   2.90325     -0.904009     -0.904006
   2.84576     -0.903797     -0.903795
   2.78827     -0.904399     -0.904403
   2.73078     -0.872252     -0.872259
   2.67329     -0.818381     -0.818388
   2.61580     -0.771662     -0.771666
   2.55831     -0.801274     -0.801275
   2.50082     -0.842194     -0.842201
   2.44333     -0.812834     -0.812835
   2.38584     -0.716275     -0.716275
   2.32834     -0.586196     -0.586204
   2.27085     -0.574488     -0.574496
   2.21336     -0.570581     -0.570588
   2.21336     -0.570581     -0.570588
   2.15966     -0.584549     -0.584558
   2.10595     -0.643071     -0.643079
   2.05224     -0.750620     -0.750625
   1.99853     -0.819121     -0.819120
   1.94482     -0.799418     -0.799418
   1.89111     -0.752792     -0.752793
   1.83741     -0.706785     -0.706787
   1.78370     -0.685607     -0.685608
   1.72999     -0.717460     -0.717461
   1.67628     -0.756036     -0.756037
   1.62257     -0.796882     -0.796884
   1.56887     -0.840046     -0.840048
   1.51516     -0.883874     -0.883879
   1.46145     -0.918369     -0.918377
   1.40774     -0.937023     -0.937030
   1.40774     -0.783957     -0.783959
   1.35153     -0.801358     -0.801358
   1.29532     -0.841169     -0.841169
   1.23910     -0.885620     -0.885619
   1.18289     -0.911656     -0.911656
   1.12668     -0.891601     -0.891606
   1.07047     -0.766842     -0.766845
   1.01426     -0.585985     -0.585993
   0.95804     -0.574493     -0.574500
   0.90183     -0.570581     -0.570588
   0.90183     -0.570581     -0.570588
   0.84111     -0.575550     -0.575558
   0.78039     -0.590265     -0.590272
   0.71967     -0.759235     -0.759238
   0.65895     -0.861514     -0.861523
   0.59823     -0.863654     -0.863663
   0.53751     -0.856157     -0.856165
   0.47679     -0.791821     -0.791823
   0.41607     -0.807212     -0.807220
   0.41607     -0.666185     -0.666191
   0.35664     -0.596496     -0.596499
   0.29720     -0.622761     -0.622764
   0.23776     -0.703006     -0.703007
   0.17832     -0.769720     -0.769719
   0.11888     -0.723839     -0.723844
   0.05944     -0.614578     -0.614585
   0.00000     -0.570581     -0.570588
 
# Band-Index   79
   0.00000     -0.398850     -0.398854
   0.05944     -0.403068     -0.403071
   0.11888     -0.416892     -0.416896
   0.17832     -0.442675     -0.442678
   0.23776     -0.481865     -0.481868
   0.29720     -0.533841     -0.533844
   0.35664     -0.543644     -0.543648
   0.41607     -0.471536     -0.471539
   0.41607     -0.688811     -0.688812
   0.47679     -0.769085     -0.769093
   0.53751     -0.726767     -0.726776
   0.59823     -0.684511     -0.684519
   0.65895     -0.646113     -0.646120
   0.71967     -0.614139     -0.614147
   0.78039     -0.546803     -0.546806
   0.84111     -0.416727     -0.416730
   0.90183     -0.398850     -0.398854
   0.90183     -0.398850     -0.398854
   0.95804     -0.444228     -0.444232
   1.01426     -0.581171     -0.581175
   1.07047     -0.604312     -0.604319
   1.12668     -0.628123     -0.628131
   1.18289     -0.655346     -0.655353
   1.23910     -0.683084     -0.683092
   1.29532     -0.707785     -0.707793
   1.35153     -0.725619     -0.725628
   1.40774     -0.732400     -0.732409
   1.40774     -0.746474     -0.746475
   1.46145     -0.745174     -0.745175
   1.51516     -0.738594     -0.738595
   1.56887     -0.719791     -0.719793
   1.62257     -0.686254     -0.686257
   1.67628     -0.656856     -0.656859
   1.72999     -0.652016     -0.652019
   1.78370     -0.663611     -0.663615
   1.83741     -0.642161     -0.642163
   1.89111     -0.610526     -0.610527
   1.94482     -0.580901     -0.580902
   1.99853     -0.553515     -0.553516
   2.05224     -0.525742     -0.525742
   2.10595     -0.486901     -0.486901
   2.15966     -0.429092     -0.429094
   2.21336     -0.398850     -0.398854
   2.21336     -0.398850     -0.398854
   2.27085     -0.447350     -0.447353
   2.32834     -0.571137     -0.571139
   2.38584     -0.605650     -0.605658
   2.44333     -0.632740     -0.632747
   2.50082     -0.667162     -0.667170
   2.55831     -0.707781     -0.707789
   2.61580     -0.736600     -0.736606
   2.67329     -0.729180     -0.729183
   2.73078     -0.740498     -0.740499
   2.78827     -0.756682     -0.756683
   2.84576     -0.755656     -0.755657
   2.90325     -0.733018     -0.733019
   2.90325     -0.814556     -0.814557
   2.95783     -0.809600     -0.809602
   3.01242     -0.789382     -0.789384
   3.06700     -0.767318     -0.767321
   3.12159     -0.737281     -0.737283
   3.17617     -0.697042     -0.697043
   3.23075     -0.651680     -0.651681
   3.28534     -0.606205     -0.606206
   3.33992     -0.563097     -0.563097
   3.39451     -0.521586     -0.521586
   3.44909     -0.475246     -0.475247
   3.50367     -0.423081     -0.423083
   3.55826     -0.398850     -0.398854
   3.55826     -0.398850     -0.398854
   3.61640     -0.407130     -0.407133
   3.67455     -0.435333     -0.435334
   3.73269     -0.475468     -0.475470
   3.79084     -0.519351     -0.519355
   3.84898     -0.572193     -0.572197
   3.90712     -0.637538     -0.637542
   3.96527     -0.712506     -0.712511
   4.02341     -0.740553     -0.740557
   4.08156     -0.738983     -0.738987
   4.13970     -0.741272     -0.741276
   4.19785     -0.742798     -0.742794
 
# Band-Index   80
   4.19785     -0.742689     -0.742695
   4.13970     -0.722130     -0.722127
   4.08156     -0.674555     -0.674553
   4.02341     -0.618562     -0.618561
   3.96527     -0.562538     -0.562538
   3.90712     -0.509402     -0.509403
   3.84898     -0.460122     -0.460124
   3.79084     -0.415983     -0.415988
   3.73269     -0.377449     -0.377455
   3.67455     -0.336636     -0.336643
   3.61640     -0.281046     -0.281052
   3.55826     -0.249250     -0.249256
   3.55826     -0.249250     -0.249256
   3.50367     -0.263213     -0.263218
   3.44909     -0.291885     -0.291889
   3.39451     -0.325705     -0.325709
   3.33992     -0.365817     -0.365821
   3.28534     -0.413561     -0.413565
   3.23075     -0.469274     -0.469277
   3.17617     -0.532655     -0.532657
   3.12159     -0.602773     -0.602775
   3.06700     -0.677376     -0.677377
   3.01242     -0.749777     -0.749777
   2.95783     -0.798260     -0.798261
   2.90325     -0.814371     -0.814372
   2.90325     -0.732419     -0.732421
   2.84576     -0.696045     -0.696047
   2.78827     -0.652187     -0.652190
   2.73078     -0.603991     -0.603995
   2.67329     -0.552643     -0.552647
   2.61580     -0.499239     -0.499243
   2.55831     -0.445545     -0.445550
   2.50082     -0.394023     -0.394028
   2.44333     -0.347370     -0.347376
   2.38584     -0.308010     -0.308016
   2.32834     -0.277680     -0.277686
   2.27085     -0.257296     -0.257301
   2.21336     -0.249250     -0.249256
   2.21336     -0.249250     -0.249256
   2.15966     -0.255329     -0.255335
   2.10595     -0.271053     -0.271059
   2.05224     -0.294539     -0.294545
   1.99853     -0.325414     -0.325420
   1.94482     -0.363206     -0.363212
   1.89111     -0.407186     -0.407192
   1.83741     -0.456398     -0.456403
   1.78370     -0.509539     -0.509544
   1.72999     -0.564458     -0.564463
   1.67628     -0.615961     -0.615965
   1.62257     -0.653205     -0.653209
   1.56887     -0.684239     -0.684242
   1.51516     -0.714986     -0.714989
   1.46145     -0.737871     -0.737873
   1.40774     -0.746159     -0.746162
   1.40774     -0.574003     -0.574001
   1.35153     -0.556551     -0.556550
   1.29532     -0.516135     -0.516135
   1.23910     -0.468089     -0.468090
   1.18289     -0.420132     -0.420134
   1.12668     -0.376027     -0.376030
   1.07047     -0.337475     -0.337478
   1.01426     -0.303623     -0.303628
   0.95804     -0.270053     -0.270058
   0.90183     -0.249250     -0.249256
   0.90183     -0.249250     -0.249256
   0.84111     -0.304437     -0.304442
   0.78039     -0.359385     -0.359390
   0.71967     -0.379545     -0.379549
   0.65895     -0.407861     -0.407864
   0.59823     -0.452768     -0.452772
   0.53751     -0.515722     -0.515725
   0.47679     -0.595301     -0.595304
   0.41607     -0.688485     -0.688490
   0.41607     -0.471168     -0.471173
   0.35664     -0.408751     -0.408756
   0.29720     -0.357128     -0.357133
   0.23776     -0.316611     -0.316616
   0.17832     -0.286437     -0.286442
   0.11888     -0.265629     -0.265634
   0.05944     -0.253336     -0.253341
   0.00000     -0.249250     -0.249256
 
# Band-Index   81
   0.00000      1.310141      1.310143
   0.05944      1.368520      1.368522
   0.11888      1.526687      1.526688
   0.17832      1.750935      1.750935
   0.23776      2.012795      2.012794
   0.29720      2.293214      2.293213
   0.35664      2.579688      2.579687
   0.41607      2.862530      2.862526
   0.41607      3.210836      3.210836
   0.47679      2.945977      2.945977
   0.53751      2.669837      2.669837
   0.59823      2.386836      2.386836
   0.65895      2.102355      2.102355
   0.71967      1.825715      1.825716
   0.78039      1.574835      1.574836
   0.84111      1.384710      1.384711
   0.90183      1.310141      1.310143
   0.90183      1.310141      1.310143
   0.95804      1.377197      1.377199
   1.01426      1.552572      1.552573
   1.07047      1.790429      1.790430
   1.12668      2.057262      2.057262
   1.18289      2.332861      2.332861
   1.23910      2.603786      2.603785
   1.29532      2.857737      2.857736
   1.35153      3.073531      3.073530
   1.40774      3.178742      3.178741
   1.40774      3.820271      3.820271
   1.46145      3.800297      3.800295
   1.51516      3.741348      3.741346
   1.56887      3.643009      3.643007
   1.62257      3.509482      3.509480
   1.67628      3.347052      3.347050
   1.72999      3.159975      3.159973
   1.78370      2.950676      2.950675
   1.83741      2.721613      2.721612
   1.89111      2.476754      2.476753
   1.94482      2.222351      2.222350
   1.99853      1.967525      1.967525
   2.05224      1.725334      1.725334
   2.10595      1.515195      1.515196
   2.15966      1.365630      1.365632
   2.21336      1.310141      1.310143
   2.21336      1.310141      1.310143
   2.27085      1.376706      1.376708
   2.32834      1.553887      1.553888
   2.38584      1.799795      1.799796
   2.44333      2.081393      2.081393
   2.50082      2.376712      2.376713
   2.55831      2.669283      2.669284
   2.61580      2.943726      2.943726
   2.67329      3.183490      3.183490
   2.73078      3.371946      3.371946
   2.78827      3.498027      3.498027
   2.84576      3.554630      3.554632
   2.90325      3.569211      3.569212
   2.90325      3.559456      3.559455
   2.95783      3.482446      3.482445
   3.01242      3.358006      3.358004
   3.06700      3.189552      3.189550
   3.12159      2.985485      2.985483
   3.17617      2.754597      2.754594
   3.23075      2.505252      2.505250
   3.28534      2.245846      2.245844
   3.33992      1.986010      1.986009
   3.39451      1.738564      1.738564
   3.44909      1.522747      1.522747
   3.50367      1.367953      1.367955
   3.55826      1.310141      1.310143
   3.55826      1.310141      1.310143
   3.61640      1.373451      1.373453
   3.67455      1.540094      1.540095
   3.73269      1.767880      1.767881
   3.79084      2.025521      2.025521
   3.84898      2.294694      2.294694
   3.90712      2.564707      2.564706
   3.96527      2.828787      2.828786
   4.02341      3.082105      3.082104
   4.08156      3.320286      3.320285
   4.13970      3.535159      3.535157
   4.19785      3.664208      3.664204
 
# Band-Index   82
   4.19785      3.664492      3.664491
   4.13970      3.655697      3.655695
   4.08156      3.635592      3.635591
   4.02341      3.622529      3.622528
   3.96527      3.634528      3.634527
   3.90712      3.677409      3.677408
   3.84898      3.742198      3.742197
   3.79084      3.810455      3.810453
   3.73269      3.865223      3.865221
   3.67455      3.899676      3.899675
   3.61640      3.915215      3.915214
   3.55826      3.918234      3.918234
   3.55826      3.918234      3.918234
   3.50367      3.911452      3.911452
   3.44909      3.891776      3.891777
   3.39451      3.860943      3.860944
   3.33992      3.821426      3.821426
   3.28534      3.776512      3.776512
   3.23075      3.730526      3.730527
   3.17617      3.688600      3.688601
   3.12159      3.655259      3.655260
   3.06700      3.632333      3.632334
   3.01242      3.616656      3.616657
   2.95783      3.598125      3.598125
   2.90325      3.559656      3.559656
   2.90325      3.569459      3.569460
   2.84576      3.560672      3.560672
   2.78827      3.554047      3.554049
   2.73078      3.586725      3.586727
   2.67329      3.657524      3.657527
   2.61580      3.762379      3.762381
   2.55831      3.885841      3.885844
   2.50082      3.985565      3.985569
   2.44333      4.014236      4.014240
   2.38584      3.999904      3.999904
   2.32834      3.956295      3.956295
   2.27085      3.928030      3.928030
   2.21336      3.918234      3.918234
   2.21336      3.918234      3.918234
   2.15966      3.920806      3.920805
   2.10595      3.926192      3.926192
   2.05224      3.931477      3.931476
   1.99853      3.934610      3.934610
   1.94482      3.929686      3.929685
   1.89111      3.906641      3.906641
   1.83741      3.864219      3.864219
   1.78370      3.816503      3.816503
   1.72999      3.778729      3.778730
   1.67628      3.759160      3.759161
   1.62257      3.758900      3.758901
   1.56887      3.773240      3.773241
   1.51516      3.794151      3.794152
   1.46145      3.812731      3.812733
   1.40774      3.820693      3.820693
   1.40774      3.577245      3.577246
   1.35153      3.642834      3.642835
   1.29532      3.738210      3.738210
   1.23910      3.803527      3.803527
   1.18289      3.842778      3.842782
   1.12668      3.871172      3.871176
   1.07047      3.894409      3.894409
   1.01426      3.907954      3.907954
   0.95804      3.915707      3.915707
   0.90183      3.918234      3.918234
   0.90183      3.918234      3.918234
   0.84111      3.926415      3.926415
   0.78039      3.947964      3.947964
   0.71967      3.970442      3.970441
   0.65895      3.953300      3.953303
   0.59823      3.854756      3.854757
   0.53751      3.682566      3.682566
   0.47679      3.460254      3.460253
   0.41607      3.211524      3.211524
   0.41607      2.862572      2.862574
   0.35664      3.132632      3.132631
   0.29720      3.379170      3.379170
   0.23776      3.588567      3.588567
   0.17832      3.746730      3.746730
   0.11888      3.848468      3.848468
   0.05944      3.901901      3.901901
   0.00000      3.918234      3.918234
 
# Band-Index   83
   0.00000      3.974248      3.974251
   0.05944      3.994266      3.994269
   0.11888      4.050555      4.050557
   0.17832      4.132754      4.132756
   0.23776      4.226311      4.226312
   0.29720      4.315125      4.315125
   0.35664      4.385342      4.385342
   0.41607      4.429670      4.429671
   0.41607      3.801547      3.801549
   0.47679      3.796136      3.796138
   0.53751      3.837861      3.837863
   0.59823      3.908260      3.908261
   0.65895      3.964335      3.964334
   0.71967      3.986738      3.986741
   0.78039      3.986434      3.986436
   0.84111      3.978143      3.978146
   0.90183      3.974248      3.974251
   0.90183      3.974248      3.974251
   0.95804      3.965510      3.965513
   1.01426      3.941250      3.941253
   1.07047      3.907048      3.907051
   1.12668      3.874161      3.874161
   1.18289      3.845392      3.845392
   1.23910      3.829204      3.829208
   1.29532      3.832487      3.832491
   1.35153      3.845667      3.845671
   1.40774      3.853268      3.853273
   1.40774      3.868698      3.868700
   1.46145      3.878469      3.878470
   1.51516      3.901019      3.901020
   1.56887      3.932362      3.932363
   1.62257      3.970329      3.970330
   1.67628      4.011704      4.011705
   1.72999      4.050868      4.050870
   1.78370      4.079896      4.079898
   1.83741      4.093903      4.093906
   1.89111      4.096846      4.096849
   1.94482      4.091439      4.091442
   1.99853      4.070324      4.070328
   2.05224      4.036205      4.036209
   2.10595      4.002925      4.002929
   2.15966      3.981250      3.981253
   2.21336      3.974248      3.974251
   2.21336      3.974248      3.974251
   2.27085      3.978001      3.978004
   2.32834      3.988849      3.988852
   2.38584      4.004295      4.004298
   2.44333      4.054514      4.054514
   2.50082      4.115758      4.115758
   2.55831      4.135377      4.135378
   2.61580      4.059771      4.059771
   2.67329      3.977175      3.977176
   2.73078      3.905941      3.905942
   2.78827      3.855625      3.855627
   2.84576      3.829771      3.829773
   2.90325      3.835719      3.835721
   2.90325      4.197946      4.197947
   2.95783      4.184036      4.184038
   3.01242      4.177979      4.177981
   3.06700      4.158276      4.158277
   3.12159      4.120324      4.120326
   3.17617      4.078748      4.078750
   3.23075      4.043589      4.043591
   3.28534      4.017960      4.017962
   3.33992      4.000799      4.000801
   3.39451      3.989351      3.989354
   3.44909      3.981336      3.981338
   3.50367      3.976118      3.976121
   3.55826      3.974248      3.974251
   3.55826      3.974248      3.974251
   3.61640      3.985427      3.985430
   3.67455      4.022439      4.022442
   3.73269      4.083398      4.083402
   3.79084      4.159725      4.159727
   3.84898      4.237762      4.237764
   3.90712      4.180179      4.180180
   3.96527      4.075640      4.075641
   4.02341      3.990922      3.990923
   4.08156      3.930566      3.930567
   4.13970      3.898017      3.898020
   4.19785      3.889032      3.889034
 
# Band-Index   84
   4.19785      3.889463      3.889466
   4.13970      4.000594      4.000595
   4.08156      4.158116      4.158116
   4.02341      4.284737      4.284737
   3.96527      4.336401      4.336402
   3.90712      4.309106      4.309108
   3.84898      4.308780      4.308782
   3.79084      4.449117      4.449118
   3.73269      4.574441      4.574440
   3.67455      4.628185      4.628184
   3.61640      4.665564      4.665562
   3.55826      4.680091      4.680089
   3.55826      4.680091      4.680089
   3.50367      4.676611      4.676609
   3.44909      4.664781      4.664780
   3.39451      4.635544      4.635545
   3.33992      4.576302      4.576304
   3.28534      4.499267      4.499269
   3.23075      4.424491      4.424494
   3.17617      4.360400      4.360403
   3.12159      4.308087      4.308090
   3.06700      4.267824      4.267828
   3.01242      4.241531      4.241535
   2.95783      4.220826      4.220829
   2.90325      4.198297      4.198301
   2.90325      3.836188      3.836191
   2.84576      3.892298      3.892302
   2.78827      4.004203      4.004207
   2.73078      4.154199      4.154202
   2.67329      4.296795      4.296796
   2.61580      4.245085      4.245086
   2.55831      4.180184      4.180184
   2.50082      4.210732      4.210732
   2.44333      4.331705      4.331703
   2.38584      4.471300      4.471298
   2.32834      4.586802      4.586800
   2.27085      4.657298      4.657296
   2.21336      4.680091      4.680089
   2.21336      4.680091      4.680089
   2.15966      4.663953      4.663952
   2.10595      4.620200      4.620198
   2.05224      4.560864      4.560862
   1.99853      4.503722      4.503721
   1.94482      4.468282      4.468281
   1.89111      4.452856      4.452855
   1.83741      4.418160      4.418160
   1.78370      4.346037      4.346037
   1.72999      4.248709      4.248709
   1.67628      4.146494      4.146495
   1.62257      4.052278      4.052280
   1.56887      3.973862      3.973864
   1.51516      3.915879      3.915881
   1.46145      3.880624      3.880626
   1.40774      3.868890      3.868891
   1.40774      4.049997      4.049999
   1.35153      4.079809      4.079811
   1.29532      4.171353      4.171355
   1.23910      4.313559      4.313561
   1.18289      4.481034      4.481036
   1.12668      4.654611      4.654613
   1.07047      4.684878      4.684877
   1.01426      4.680864      4.680862
   0.95804      4.680073      4.680071
   0.90183      4.680091      4.680089
   0.90183      4.680091      4.680089
   0.84111      4.658689      4.658687
   0.78039      4.590003      4.590001
   0.71967      4.462196      4.462194
   0.65895      4.287152      4.287152
   0.59823      4.108616      4.108617
   0.53751      3.961947      3.961949
   0.47679      3.858607      3.858610
   0.41607      3.802579      3.802582
   0.41607      4.430120      4.430118
   0.35664      4.453033      4.453033
   0.29720      4.469685      4.469685
   0.23776      4.499016      4.499016
   0.17832      4.553639      4.553639
   0.11888      4.622666      4.622666
   0.05944      4.668504      4.668503
   0.00000      4.680091      4.680089
 
# Band-Index   85
   0.00000      4.872190      4.872193
   0.05944      4.877008      4.877010
   0.11888      4.887025      4.887025
   0.17832      4.916230      4.916228
   0.23776      4.973141      4.973139
   0.29720      5.045646      5.045642
   0.35664      5.122199      5.122202
   0.41607      5.191156      5.191171
   0.41607      4.766297      4.766298
   0.47679      4.664933      4.664934
   0.53751      4.544578      4.544578
   0.59823      4.463279      4.463280
   0.65895      4.460114      4.460116
   0.71967      4.556931      4.556934
   0.78039      4.706708      4.706710
   0.84111      4.831038      4.831040
   0.90183      4.872190      4.872193
   0.90183      4.872190      4.872193
   0.95804      4.885503      4.885505
   1.01426      4.917725      4.917728
   1.07047      4.821057      4.821060
   1.12668      4.695307      4.695306
   1.18289      4.714588      4.714588
   1.23910      4.739212      4.739214
   1.29532      4.701652      4.701655
   1.35153      4.606905      4.606908
   1.40774      4.567886      4.567889
   1.40774      4.844589      4.844592
   1.46145      4.758161      4.758164
   1.51516      4.688822      4.688824
   1.56887      4.632088      4.632091
   1.62257      4.566333      4.566336
   1.67628      4.503886      4.503889
   1.72999      4.462624      4.462626
   1.78370      4.453407      4.453409
   1.83741      4.480471      4.480472
   1.89111      4.529464      4.529465
   1.94482      4.600242      4.600243
   1.99853      4.690316      4.690317
   2.05224      4.781373      4.781375
   2.10595      4.829316      4.829318
   2.15966      4.860804      4.860809
   2.21336      4.872190      4.872193
   2.21336      4.872190      4.872193
   2.27085      4.852574      4.852577
   2.32834      4.798512      4.798515
   2.38584      4.722754      4.722757
   2.44333      4.640370      4.640373
   2.50082      4.563583      4.563585
   2.55831      4.499568      4.499571
   2.61580      4.439689      4.439692
   2.67329      4.331798      4.331802
   2.73078      4.369319      4.369321
   2.78827      4.431005      4.431008
   2.84576      4.508343      4.508346
   2.90325      4.603863      4.603866
   2.90325      4.918626      4.918627
   2.95783      4.868916      4.868918
   3.01242      4.845327      4.845329
   3.06700      4.867100      4.867102
   3.12159      4.924323      4.924325
   3.17617      4.949003      4.949002
   3.23075      4.899923      4.899921
   3.28534      4.856402      4.856401
   3.33992      4.834619      4.834618
   3.39451      4.850603      4.850603
   3.44909      4.889222      4.889223
   3.50367      4.881007      4.881010
   3.55826      4.872190      4.872193
   3.55826      4.872190      4.872193
   3.61640      4.854475      4.854477
   3.67455      4.783602      4.783605
   3.73269      4.633244      4.633247
   3.79084      4.556815      4.556815
   3.84898      4.527568      4.527568
   3.90712      4.515443      4.515443
   3.96527      4.504239      4.504239
   4.02341      4.491528      4.491530
   4.08156      4.508223      4.508225
   4.13970      4.531700      4.531702
   4.19785      4.542158      4.542160
 
# Band-Index   86
   4.19785      4.542382      4.542383
   4.13970      4.550081      4.550083
   4.08156      4.562519      4.562520
   4.02341      4.563637      4.563639
   3.96527      4.562689      4.562691
   3.90712      4.601413      4.601414
   3.84898      4.656864      4.656864
   3.79084      4.712325      4.712326
   3.73269      4.768514      4.768514
   3.67455      4.827943      4.827944
   3.61640      4.933164      4.933165
   3.55826      4.985087      4.985088
   3.55826      4.985087      4.985088
   3.50367      4.969686      4.969687
   3.44909      4.943212      4.943213
   3.39451      4.977736      4.977738
   3.33992      5.037530      5.037531
   3.28534      5.091415      5.091417
   3.23075      5.067356      5.067359
   3.17617      4.998389      4.998390
   3.12159      4.985404      4.985404
   3.06700      4.990532      4.990533
   3.01242      4.969813      4.969814
   2.95783      4.947747      4.947749
   2.90325      4.918936      4.918937
   2.90325      4.604031      4.604033
   2.84576      4.713919      4.713922
   2.78827      4.698411      4.698413
   2.73078      4.592472      4.592474
   2.67329      4.543957      4.543960
   2.61580      4.535571      4.535572
   2.55831      4.523645      4.523646
   2.50082      4.580338      4.580339
   2.44333      4.680926      4.680928
   2.38584      4.789160      4.789161
   2.32834      4.885703      4.885705
   2.27085      4.957435      4.957437
   2.21336      4.985087      4.985088
   2.21336      4.985087      4.985088
   2.15966      4.956809      4.956810
   2.10595      4.885011      4.885012
   2.05224      4.793197      4.793199
   1.99853      4.731278      4.731280
   1.94482      4.674065      4.674067
   1.89111      4.625422      4.625424
   1.83741      4.612971      4.612973
   1.78370      4.637924      4.637926
   1.72999      4.659734      4.659736
   1.67628      4.659535      4.659538
   1.62257      4.653616      4.653619
   1.56887      4.664407      4.664411
   1.51516      4.702157      4.702160
   1.46145      4.763268      4.763271
   1.40774      4.845113      4.845116
   1.40774      4.963325      4.963293
   1.35153      4.887753      4.887995
   1.29532      4.831620      4.831627
   1.23910      4.882897      4.882897
   1.18289      4.987270      4.987271
   1.12668      5.020097      5.020099
   1.07047      5.005985      5.005987
   1.01426      4.994289      4.994291
   0.95804      4.989176      4.989178
   0.90183      4.985087      4.985088
   0.90183      4.985087      4.985088
   0.84111      4.928173      4.928174
   0.78039      4.797210      4.797212
   0.71967      4.667419      4.667421
   0.65895      4.589269      4.589271
   0.59823      4.576529      4.576531
   0.53751      4.621512      4.621514
   0.47679      4.700586      4.700589
   0.41607      4.766559      4.766562
   0.41607      5.191279      5.191295
   0.35664      5.173450      5.173453
   0.29720      5.088117      5.088109
   0.23776      5.016086      5.016086
   0.17832      4.961575      4.961577
   0.11888      4.931089      4.931090
   0.05944      4.950041      4.950041
   0.00000      4.985087      4.985088
 
# Band-Index   87
   0.00000      5.157974      5.157977
   0.05944      5.202925      5.202928
   0.11888      5.277871      5.277872
   0.17832      5.346544      5.346535
   0.23776      5.339822      5.339824
   0.29720      5.289813      5.289815
   0.35664      5.244371      5.244377
   0.41607      5.265265      5.265267
   0.41607      4.864293      4.864291
   0.47679      4.919909      4.919912
   0.53751      5.003399      5.003402
   0.59823      5.063299      5.063303
   0.65895      5.090393      5.090397
   0.71967      5.092026      5.092029
   0.78039      5.091420      5.091424
   0.84111      5.120744      5.120747
   0.90183      5.157974      5.157977
   0.90183      5.157974      5.157977
   0.95804      5.106477      5.106480
   1.01426      5.000334      5.000335
   1.07047      5.014168      5.014170
   1.12668      5.096222      5.096225
   1.18289      5.191876      5.191878
   1.23910      5.140507      5.140509
   1.29532      5.122911      5.122913
   1.35153      5.073632      5.073633
   1.40774      4.985648      4.985650
   1.40774      4.853449      4.853451
   1.46145      4.910252      4.910257
   1.51516      4.899656      4.899660
   1.56887      4.888325      4.888329
   1.62257      4.927823      4.927825
   1.67628      4.972110      4.972111
   1.72999      4.882770      4.882771
   1.78370      4.838180      4.838183
   1.83741      4.843902      4.843906
   1.89111      4.892306      4.892310
   1.94482      4.969067      4.969070
   1.99853      5.052876      5.052879
   2.05224      5.121645      5.121648
   2.10595      5.157523      5.157525
   2.15966      5.161923      5.161926
   2.21336      5.157974      5.157977
   2.21336      5.157974      5.157977
   2.27085      5.147560      5.147563
   2.32834      5.119755      5.119757
   2.38584      5.074758      5.074761
   2.44333      5.002452      5.002454
   2.50082      4.892130      4.892133
   2.55831      4.747447      4.747450
   2.61580      4.600366      4.600369
   2.67329      4.598487      4.598488
   2.73078      4.687960      4.687961
   2.78827      4.781144      4.781145
   2.84576      4.829625      4.829627
   2.90325      4.952915      4.952917
   2.90325      5.012886      5.012890
   2.95783      5.022616      5.022619
   3.01242      5.056837      5.056840
   3.06700      5.099515      5.099517
   3.12159      5.141477      5.141479
   3.17617      5.169358      5.169361
   3.23075      5.161925      5.161928
   3.28534      5.136389      5.136392
   3.33992      5.142488      5.142490
   3.39451      5.141117      5.141120
   3.44909      5.139612      5.139615
   3.50367      5.148786      5.148788
   3.55826      5.157974      5.157977
   3.55826      5.157974      5.157977
   3.61640      5.155978      5.155980
   3.67455      5.153368      5.153371
   3.73269      5.135690      5.135694
   3.79084      5.105711      5.105715
   3.84898      5.080530      5.080533
   3.90712      5.070525      5.070528
   3.96527      5.076798      5.076800
   4.02341      5.093923      5.093924
   4.08156      5.111460      5.111460
   4.13970      5.120182      5.120181
   4.19785      5.121526      5.121523
 
# Band-Index   88
   4.19785      5.121830      5.121829
   4.13970      5.129305      5.129303
   4.08156      5.149338      5.149337
   4.02341      5.184298      5.184297
   3.96527      5.244049      5.244049
   3.90712      5.332972      5.332973
   3.84898      5.442288      5.442289
   3.79084      5.552760      5.552762
   3.73269      5.583155      5.583157
   3.67455      5.573235      5.573236
   3.61640      5.568948      5.568949
   3.55826      5.549965      5.549967
   3.55826      5.549965      5.549967
   3.50367      5.559667      5.559668
   3.44909      5.554677      5.554679
   3.39451      5.512731      5.512733
   3.33992      5.451193      5.451195
   3.28534      5.383819      5.383822
   3.23075      5.326823      5.326825
   3.17617      5.279642      5.279644
   3.12159      5.229841      5.229842
   3.06700      5.183285      5.183285
   3.01242      5.132914      5.132915
   2.95783      5.062451      5.062453
   2.90325      5.013107      5.013109
   2.90325      4.953671      4.953673
   2.84576      4.928335      4.928335
   2.78827      4.865986      4.866042
   2.73078      4.981755      4.981853
   2.67329      5.100748      5.100858
   2.61580      5.172249      5.172243
   2.55831      5.211854      5.211864
   2.50082      5.258609      5.258610
   2.44333      5.323818      5.323820
   2.38584      5.408729      5.408730
   2.32834      5.505263      5.505265
   2.27085      5.554147      5.554148
   2.21336      5.549965      5.549967
   2.21336      5.549965      5.549967
   2.15966      5.547164      5.547165
   2.10595      5.541917      5.541918
   2.05224      5.486777      5.486779
   1.99853      5.425612      5.425615
   1.94482      5.363959      5.363961
   1.89111      5.300165      5.300168
   1.83741      5.234982      5.234985
   1.78370      5.167275      5.167277
   1.72999      5.090086      5.090089
   1.67628      5.004066      5.004069
   1.62257      5.071014      5.071014
   1.56887      5.124619      5.124620
   1.51516      5.091432      5.091435
   1.46145      4.966164      4.966167
   1.40774      4.853713      4.853716
   1.40774      5.144335      5.144338
   1.35153      5.156170      5.156173
   1.29532      5.240891      5.240893
   1.23910      5.330002      5.330004
   1.18289      5.207592      5.207594
   1.12668      5.314601      5.314603
   1.07047      5.453099      5.453100
   1.01426      5.559978      5.559980
   0.95804      5.587458      5.587459
   0.90183      5.549965      5.549967
   0.90183      5.549965      5.549967
   0.84111      5.608626      5.608628
   0.78039      5.561208      5.561209
   0.71967      5.503417      5.503417
   0.65895      5.417641      5.417640
   0.59823      5.293458      5.293458
   0.53751      5.144723      5.144725
   0.47679      4.988709      4.988708
   0.41607      4.864704      4.864706
   0.41607      5.266097      5.266097
   0.35664      5.360730      5.360730
   0.29720      5.434667      5.434669
   0.23776      5.399990      5.399945
   0.17832      5.398440      5.398442
   0.11888      5.462703      5.462705
   0.05944      5.521892      5.521894
   0.00000      5.549965      5.549967
 
# Band-Index   89
   0.00000      5.632674      5.632676
   0.05944      5.631662      5.631664
   0.11888      5.618615      5.618617
   0.17832      5.585956      5.585957
   0.23776      5.530119      5.530120
   0.29720      5.452335      5.452335
   0.35664      5.458858      5.458861
   0.41607      5.493758      5.493760
   0.41607      5.830786      5.830786
   0.47679      5.788689      5.788691
   0.53751      5.747292      5.747294
   0.59823      5.719080      5.719082
   0.65895      5.717925      5.717921
   0.71967      5.733700      5.733701
   0.78039      5.694759      5.694760
   0.84111      5.609666      5.609667
   0.90183      5.632674      5.632676
   0.90183      5.632674      5.632676
   0.95804      5.616828      5.616830
   1.01426      5.664755      5.664757
   1.07047      5.743630      5.743631
   1.12668      5.656463      5.656483
   1.18289      5.523653      5.523699
   1.23910      5.378911      5.378865
   1.29532      5.449518      5.449520
   1.35153      5.544304      5.544306
   1.40774      5.582719      5.582722
   1.40774      5.133026      5.133028
   1.46145      5.135777      5.135778
   1.51516      5.146439      5.146440
   1.56887      5.229866      5.229869
   1.62257      5.303235      5.303238
   1.67628      5.341908      5.341910
   1.72999      5.400470      5.400471
   1.78370      5.478056      5.478057
   1.83741      5.556752      5.556754
   1.89111      5.593318      5.593320
   1.94482      5.608488      5.608490
   1.99853      5.596192      5.596194
   2.05224      5.568331      5.568332
   2.10595      5.557895      5.557897
   2.15966      5.607337      5.607339
   2.21336      5.632674      5.632676
   2.21336      5.632674      5.632676
   2.27085      5.592712      5.592714
   2.32834      5.557725      5.557726
   2.38584      5.549457      5.549459
   2.44333      5.533436      5.533439
   2.50082      5.521907      5.521910
   2.55831      5.464273      5.464213
   2.61580      5.332007      5.332009
   2.67329      5.242871      5.242875
   2.73078      5.201603      5.201607
   2.78827      5.155569      5.155573
   2.84576      5.084038      5.084042
   2.90325      5.088851      5.088888
   2.90325      5.478802      5.478801
   2.95783      5.435712      5.435711
   3.01242      5.434852      5.434851
   3.06700      5.495505      5.495506
   3.12159      5.566431      5.566433
   3.17617      5.574399      5.574402
   3.23075      5.591385      5.591387
   3.28534      5.610455      5.610457
   3.33992      5.653126      5.653170
   3.39451      5.664734      5.664736
   3.44909      5.634472      5.634473
   3.50367      5.626947      5.626949
   3.55826      5.632674      5.632676
   3.55826      5.632674      5.632676
   3.61640      5.624848      5.624850
   3.67455      5.644743      5.644745
   3.73269      5.634807      5.634809
   3.79084      5.615670      5.615671
   3.84898      5.649569      5.649570
   3.90712      5.664759      5.664760
   3.96527      5.651990      5.651991
   4.02341      5.616878      5.616879
   4.08156      5.575259      5.575260
   4.13970      5.542615      5.542618
   4.19785      5.531222      5.531225
 
# Band-Index   90
   4.19785      5.531860      5.531863
   4.13970      5.544157      5.544158
   4.08156      5.592545      5.592547
   4.02341      5.684106      5.684107
   3.96527      5.793510      5.793511
   3.90712      5.824788      5.824788
   3.84898      5.841308      5.841307
   3.79084      5.835722      5.835720
   3.73269      5.816238      5.816218
   3.67455      5.830990      5.830986
   3.61640      5.853757      5.853758
   3.55826      5.850697      5.850699
   3.55826      5.850697      5.850699
   3.50367      5.838802      5.838803
   3.44909      5.781173      5.781181
   3.39451      5.713619      5.713625
   3.33992      5.694038      5.694039
   3.28534      5.688757      5.688757
   3.23075      5.634488      5.634488
   3.17617      5.623329      5.623329
   3.12159      5.621629      5.621632
   3.06700      5.621120      5.621122
   3.01242      5.623951      5.623949
   2.95783      5.546760      5.546758
   2.90325      5.478985      5.478981
   2.90325      5.089269      5.089207
   2.84576      5.237846      5.237816
   2.78827      5.402011      5.402150
   2.73078      5.497058      5.497061
   2.67329      5.510965      5.510973
   2.61580      5.518085      5.518088
   2.55831      5.519035      5.519039
   2.50082      5.603735      5.603859
   2.44333      5.733077      5.733040
   2.38584      5.832116      5.832117
   2.32834      5.873191      5.873193
   2.27085      5.855910      5.855913
   2.21336      5.850697      5.850699
   2.21336      5.850697      5.850699
   2.15966      5.848126      5.848128
   2.10595      5.827689      5.827680
   2.05224      5.795728      5.795729
   1.99853      5.757526      5.757527
   1.94482      5.708749      5.708750
   1.89111      5.639814      5.639815
   1.83741      5.564321      5.564323
   1.78370      5.514098      5.514100
   1.72999      5.473007      5.473009
   1.67628      5.436806      5.436807
   1.62257      5.391363      5.391363
   1.56887      5.359593      5.359594
   1.51516      5.234784      5.234785
   1.46145      5.149939      5.149940
   1.40774      5.133233      5.133233
   1.40774      5.830437      5.830439
   1.35153      5.822854      5.822855
   1.29532      5.803562      5.803564
   1.23910      5.780689      5.780690
   1.18289      5.762997      5.762998
   1.12668      5.758489      5.758491
   1.07047      5.745285      5.745237
   1.01426      5.785321      5.785342
   0.95804      5.838249      5.838233
   0.90183      5.850697      5.850699
   0.90183      5.850697      5.850699
   0.84111      5.862463      5.862466
   0.78039      5.820093      5.820050
   0.71967      5.755696      5.755655
   0.65895      5.755910      5.755911
   0.59823      5.790337      5.790338
   0.53751      5.835063      5.835065
   0.47679      5.855008      5.855010
   0.41607      5.831486      5.831488
   0.41607      5.494436      5.494437
   0.35664      5.556691      5.556691
   0.29720      5.638833      5.638832
   0.23776      5.723395      5.723388
   0.17832      5.797186      5.797258
   0.11888      5.847242      5.847230
   0.05944      5.858306      5.858307
   0.00000      5.850697      5.850699
 
# Band-Index   91
   0.00000      5.871055      5.871057
   0.05944      5.879602      5.879597
   0.11888      5.903908      5.903910
   0.17832      5.941527      5.941529
   0.23776      5.990017      5.990019
   0.29720      6.046842      6.046840
   0.35664      6.108738      6.108729
   0.41607      6.170044      6.170056
   0.41607      6.151211      6.151216
   0.47679      6.090472      6.090412
   0.53751      6.074314      6.074314
   0.59823      6.086112      6.086114
   0.65895      6.072306      6.072308
   0.71967      6.001947      6.001949
   0.78039      5.912551      5.912553
   0.84111      5.879404      5.879424
   0.90183      5.871055      5.871057
   0.90183      5.871055      5.871057
   0.95804      5.857726      5.857728
   1.01426      5.872862      5.872786
   1.07047      5.792917      5.792892
   1.12668      5.809892      5.809894
   1.18289      5.861919      5.861921
   1.23910      5.900015      5.900017
   1.29532      5.919446      5.919448
   1.35153      5.918319      5.918321
   1.40774      5.912550      5.912552
   1.40774      5.670303      5.670304
   1.46145      5.627825      5.627825
   1.51516      5.523319      5.523319
   1.56887      5.421125      5.421125
   1.62257      5.504958      5.504960
   1.67628      5.638704      5.638706
   1.72999      5.650995      5.650997
   1.78370      5.674545      5.674548
   1.83741      5.731194      5.731196
   1.89111      5.806858      5.806860
   1.94482      5.835671      5.835673
   1.99853      5.868428      5.868431
   2.05224      5.910698      5.910701
   2.10595      5.920344      5.920346
   2.15966      5.888461      5.888463
   2.21336      5.871055      5.871057
   2.21336      5.871055      5.871057
   2.27085      5.882368      5.882376
   2.32834      5.879620      5.879621
   2.38584      5.902578      5.902581
   2.44333      5.855946      5.855945
   2.50082      5.801417      5.801418
   2.55831      5.737918      5.737920
   2.61580      5.669883      5.669885
   2.67329      5.605575      5.605577
   2.73078      5.552410      5.552413
   2.78827      5.482638      5.482650
   2.84576      5.474128      5.474115
   2.90325      5.475427      5.475422
   2.90325      5.796401      5.796404
   2.95783      5.758778      5.758780
   3.01242      5.704421      5.704423
   3.06700      5.707184      5.707183
   3.12159      5.673110      5.673110
   3.17617      5.736798      5.736801
   3.23075      5.795271      5.795275
   3.28534      5.791830      5.791837
   3.33992      5.822408      5.822489
   3.39451      5.875081      5.875007
   3.44909      5.907891      5.907893
   3.50367      5.872956      5.872958
   3.55826      5.871055      5.871057
   3.55826      5.871055      5.871057
   3.61640      5.886381      5.886378
   3.67455      5.891620      5.891616
   3.73269      5.902716      5.902700
   3.79084      5.909222      5.909224
   3.84898      5.909128      5.909130
   3.90712      5.879131      5.879130
   3.96527      5.802900      5.802901
   4.02341      5.783440      5.783442
   4.08156      5.766681      5.766684
   4.13970      5.754438      5.754440
   4.19785      5.749859      5.749861
 
# Band-Index   92
   4.19785      5.750209      5.750211
   4.13970      5.773063      5.773066
   4.08156      5.828792      5.828795
   4.02341      5.896053      5.896056
   3.96527      5.959156      5.959159
   3.90712      6.018942      6.018944
   3.84898      6.089572      6.089574
   3.79084      6.151955      6.151930
   3.73269      6.160106      6.160130
   3.67455      6.041742      6.041689
   3.61640      5.964038      5.963895
   3.55826      5.987932      5.987589
   3.55826      5.987946      5.987759
   3.50367      5.954356      5.954355
   3.44909      5.925124      5.925017
   3.39451      5.969493      5.969495
   3.33992      6.031202      6.031204
   3.28534      6.093299      6.093302
   3.23075      6.040582      6.040584
   3.17617      5.981122      5.981122
   3.12159      5.877181      5.877181
   3.06700      5.790910      5.790912
   3.01242      5.790783      5.790786
   2.95783      5.804884      5.804886
   2.90325      5.796566      5.796568
   2.90325      5.475667      5.475667
   2.84576      5.488505      5.488504
   2.78827      5.513678      5.513675
   2.73078      5.565509      5.565308
   2.67329      5.709303      5.709528
   2.61580      5.821443      5.821444
   2.55831      5.902875      5.902877
   2.50082      5.943932      5.943934
   2.44333      5.934488      5.934490
   2.38584      5.905582      5.905557
   2.32834      5.955760      5.955692
   2.27085      5.985504      5.985615
   2.21336      5.987855      5.988085
   2.21336      5.987868      5.987859
   2.15966      5.988526      5.988533
   2.10595      5.990066      5.990136
   2.05224      5.989679      5.989619
   1.99853      5.976074      5.976106
   1.94482      5.934324      5.934325
   1.89111      5.886044      5.886045
   1.83741      5.872390      5.872392
   1.78370      5.833944      5.833946
   1.72999      5.753408      5.753410
   1.67628      5.649330      5.649331
   1.62257      5.666385      5.666386
   1.56887      5.692114      5.692115
   1.51516      5.711782      5.711782
   1.46145      5.697883      5.697884
   1.40774      5.670726      5.670726
   1.40774      6.137924      6.137927
   1.35153      6.144235      6.144237
   1.29532      6.162217      6.162219
   1.23910      6.113319      6.113321
   1.18289      6.042145      6.042147
   1.12668      5.974601      5.974603
   1.07047      5.918516      5.918519
   1.01426      5.879641      5.879643
   0.95804      5.937398      5.937346
   0.90183      5.987670      5.988071
   0.90183      5.987649      5.987914
   0.84111      5.954787      5.955027
   0.78039      6.034719      6.034708
   0.71967      6.131959      6.131861
   0.65895      6.228306      6.227958
   0.59823      6.298450      6.298426
   0.53751      6.282400      6.282379
   0.47679      6.224216      6.224156
   0.41607      6.151498      6.151511
   0.41607      6.170601      6.170613
   0.35664      6.221458      6.221424
   0.29720      6.194422      6.194420
   0.23776      6.145300      6.145309
   0.17832      6.084948      6.084945
   0.11888      6.025942      6.025930
   0.05944      5.992875      5.992864
   0.00000      5.987602      5.987731
 
# Band-Index   93
   0.00000      6.004340      6.004351
   0.05944      6.023080      6.023061
   0.11888      6.068127      6.068128
   0.17832      6.116983      6.116985
   0.23776      6.158110      6.158112
   0.29720      6.196616      6.196618
   0.35664      6.231404      6.231406
   0.41607      6.244202      6.244234
   0.41607      6.586821      6.586490
   0.47679      6.541436      6.541310
   0.53751      6.456635      6.456717
   0.59823      6.374464      6.374464
   0.65895      6.343378      6.343429
   0.71967      6.294939      6.294933
   0.78039      6.202416      6.202418
   0.84111      6.092760      6.092761
   0.90183      6.004337      6.004338
   0.90183      6.004337      6.004339
   0.95804      6.074442      6.074445
   1.01426      6.158349      6.158341
   1.07047      6.224729      6.224727
   1.12668      6.244158      6.244158
   1.18289      6.221350      6.221353
   1.23910      6.189412      6.189413
   1.29532      6.181709      6.181711
   1.35153      6.232663      6.232665
   1.40774      6.248363      6.248364
   1.40774      5.746460      5.746460
   1.46145      5.739412      5.739411
   1.51516      5.743519      5.743519
   1.56887      5.773812      5.773812
   1.62257      5.824443      5.824443
   1.67628      5.902172      5.902172
   1.72999      6.004513      6.004513
   1.78370      6.111791      6.111791
   1.83741      6.124896      6.124897
   1.89111      6.130660      6.130661
   1.94482      6.118614      6.118615
   1.99853      6.084000      6.084003
   2.05224      6.041829      6.041826
   2.10595      6.010897      6.010931
   2.15966      6.004467      6.004445
   2.21336      6.004352      6.004338
   2.21336      6.004339      6.004344
   2.27085      6.000616      6.000649
   2.32834      6.015269      6.015267
   2.38584      6.039361      6.039357
   2.44333      6.060878      6.060857
   2.50082      6.082815      6.082810
   2.55831      6.111250      6.111251
   2.61580      6.151934      6.151934
   2.67329      6.162881      6.162883
   2.73078      6.164982      6.164983
   2.78827      6.206187      6.206189
   2.84576      6.276964      6.276965
   2.90325      6.365128      6.365129
   2.90325      6.368822      6.368824
   2.95783      6.312845      6.312853
   3.01242      6.253251      6.253252
   3.06700      6.178268      6.178270
   3.12159      6.095848      6.095850
   3.17617      6.032907      6.032908
   3.23075      6.085859      6.085859
   3.28534      6.117082      6.117083
   3.33992      6.170308      6.170314
   3.39451      6.177319      6.177313
   3.44909      6.126496      6.126507
   3.50367      6.057239      6.057232
   3.55826      6.004337      6.004338
   3.55826      6.004390      6.004338
   3.61640      6.066441      6.066442
   3.67455      6.138515      6.138523
   3.73269      6.184765      6.184767
   3.79084      6.306842      6.306792
   3.84898      6.433949      6.433953
   3.90712      6.486927      6.486888
   3.96527      6.547726      6.547733
   4.02341      6.619652      6.619832
   4.08156      6.696560      6.696562
   4.13970      6.760324      6.760325
   4.19785      6.785664      6.785666
 
# Band-Index   94
   4.19785      6.786062      6.786065
   4.13970      6.778998      6.779000
   4.08156      6.759099      6.758816
   4.02341      6.724920      6.724955
   3.96527      6.668849      6.669231
   3.90712      6.574526      6.574236
   3.84898      6.446527      6.446737
   3.79084      6.385257      6.385171
   3.73269      6.347780      6.347756
   3.67455      6.343783      6.343786
   3.61640      6.355885      6.355888
   3.55826      6.361803      6.361806
   3.55826      6.361803      6.361806
   3.50367      6.360444      6.360448
   3.44909      6.354621      6.354624
   3.39451      6.343799      6.343801
   3.33992      6.300153      6.300156
   3.28534      6.197442      6.197443
   3.23075      6.167386      6.167388
   3.17617      6.235614      6.235616
   3.12159      6.302700      6.302702
   3.06700      6.369533      6.369535
   3.01242      6.434326      6.434328
   2.95783      6.428798      6.428799
   2.90325      6.369324      6.369323
   2.90325      6.365338      6.365339
   2.84576      6.456987      6.456988
   2.78827      6.410544      6.410545
   2.73078      6.297012      6.297014
   2.67329      6.211346      6.211347
   2.61580      6.182143      6.182144
   2.55831      6.182606      6.182607
   2.50082      6.190022      6.190023
   2.44333      6.235976      6.235978
   2.38584      6.293143      6.293145
   2.32834      6.335070      6.335073
   2.27085      6.356125      6.356128
   2.21336      6.361803      6.361806
   2.21336      6.361803      6.361806
   2.15966      6.357009      6.357013
   2.10595      6.341642      6.341645
   2.05224      6.314297      6.314300
   1.99853      6.275522      6.275527
   1.94482      6.241017      6.241017
   1.89111      6.225715      6.225714
   1.83741      6.192912      6.192912
   1.78370      6.117435      6.117436
   1.72999      6.114652      6.114653
   1.67628      6.110662      6.110663
   1.62257      6.078049      6.078050
   1.56887      5.984941      5.984942
   1.51516      5.861560      5.861561
   1.46145      5.768941      5.768941
   1.40774      5.746694      5.746693
   1.40774      6.360239      6.360239
   1.35153      6.343978      6.343978
   1.29532      6.338963      6.338963
   1.23910      6.353298      6.353299
   1.18289      6.367297      6.367298
   1.12668      6.372863      6.372865
   1.07047      6.371528      6.371530
   1.01426      6.367251      6.367255
   0.95804      6.363335      6.363339
   0.90183      6.361803      6.361806
   0.90183      6.361803      6.361806
   0.84111      6.354855      6.354859
   0.78039      6.339083      6.339091
   0.71967      6.327636      6.327612
   0.65895      6.344812      6.344877
   0.59823      6.409775      6.409723
   0.53751      6.496078      6.495891
   0.47679      6.566508      6.566395
   0.41607      6.587363      6.587328
   0.41607      6.244989      6.244889
   0.35664      6.233041      6.233044
   0.29720      6.267427      6.267422
   0.23776      6.297507      6.297513
   0.17832      6.321127      6.321132
   0.11888      6.341138      6.341141
   0.05944      6.356048      6.356051
   0.00000      6.361803      6.361806
 
# Band-Index   95
   0.00000      6.589184      6.589186
   0.05944      6.578026      6.578013
   0.11888      6.551208      6.551211
   0.17832      6.521380      6.521360
   0.23776      6.496166      6.496112
   0.29720      6.479866      6.479877
   0.35664      6.485871      6.485914
   0.41607      6.533618      6.533608
   0.41607      6.963576      6.963540
   0.47679      6.981511      6.981496
   0.53751      6.994740      6.994755
   0.59823      6.912969      6.912971
   0.65895      6.797064      6.797066
   0.71967      6.691399      6.691401
   0.78039      6.624224      6.624216
   0.84111      6.595567      6.595578
   0.90183      6.589183      6.589186
   0.90183      6.589183      6.589233
   0.95804      6.567502      6.567509
   1.01426      6.516171      6.516174
   1.07047      6.466044      6.466046
   1.12668      6.450103      6.450125
   1.18289      6.454094      6.454095
   1.23910      6.447909      6.447917
   1.29532      6.438751      6.438759
   1.35153      6.432336      6.432337
   1.40774      6.430041      6.430045
   1.40774      6.381444      6.381447
   1.46145      6.373371      6.373372
   1.51516      6.354171      6.354172
   1.56887      6.341873      6.341875
   1.62257      6.373305      6.373307
   1.67628      6.471172      6.471174
   1.72999      6.589281      6.589286
   1.78370      6.592945      6.592918
   1.83741      6.550325      6.550327
   1.89111      6.551637      6.551639
   1.94482      6.566383      6.566386
   1.99853      6.559501      6.559510
   2.05224      6.556444      6.556444
   2.10595      6.567812      6.567815
   2.15966      6.582714      6.582703
   2.21336      6.589184      6.589190
   2.21336      6.589184      6.589188
   2.27085      6.583272      6.583274
   2.32834      6.572128      6.572130
   2.38584      6.562894      6.562821
   2.44333      6.553830      6.553921
   2.50082      6.546354      6.546356
   2.55831      6.547598      6.547606
   2.61580      6.502537      6.502229
   2.67329      6.505517      6.505618
   2.73078      6.553955      6.553951
   2.78827      6.554800      6.554801
   2.84576      6.546283      6.546284
   2.90325      6.622742      6.622756
   2.90325      6.670805      6.670805
   2.95783      6.580749      6.580742
   3.01242      6.559646      6.559650
   3.06700      6.621108      6.621110
   3.12159      6.627826      6.627829
   3.17617      6.573393      6.573401
   3.23075      6.523792      6.523796
   3.28534      6.478124      6.478123
   3.33992      6.441725      6.441762
   3.39451      6.464044      6.464047
   3.44909      6.525881      6.525813
   3.50367      6.572426      6.572429
   3.55826      6.589183      6.589186
   3.55826      6.589184      6.589186
   3.61640      6.588482      6.588471
   3.67455      6.597823      6.597824
   3.73269      6.638366      6.638368
   3.79084      6.719126      6.719129
   3.84898      6.809724      6.809903
   3.90712      6.870387      6.870387
   3.96527      6.937520      6.937598
   4.02341      7.035008      7.035005
   4.08156      7.136445      7.136465
   4.13970      7.207107      7.207209
   4.19785      7.227185      7.227212
 
# Band-Index   96
   4.19785      7.227951      7.228011
   4.13970      7.212166      7.213934
   4.08156      7.175835      7.175860
   4.02341      7.137271      7.137350
   3.96527      7.103308      7.103344
   3.90712      7.066203      7.066334
   3.84898      7.009578      7.009837
   3.79084      6.981342      6.981371
   3.73269      6.930544      6.930442
   3.67455      6.844682      6.844675
   3.61640      6.776898      6.777140
   3.55826      6.750939      6.750325
   3.55826      6.750303      6.750403
   3.50367      6.746302      6.746036
   3.44909      6.738724      6.739509
   3.39451      6.741767      6.741751
   3.33992      6.766993      6.767003
   3.28534      6.817466      6.817463
   3.23075      6.828125      6.828130
   3.17617      6.771401      6.771399
   3.12159      6.712794      6.712803
   3.06700      6.717845      6.717850
   3.01242      6.783899      6.783901
   2.95783      6.759654      6.759654
   2.90325      6.671141      6.671142
   2.90325      6.622911      6.622917
   2.84576      6.634361      6.634375
   2.78827      6.604713      6.604704
   2.73078      6.599629      6.599630
   2.67329      6.585972      6.586049
   2.61580      6.561922      6.561917
   2.55831      6.584108      6.584390
   2.50082      6.713894      6.712961
   2.44333      6.784600      6.784596
   2.38584      6.782428      6.781378
   2.32834      6.772199      6.772105
   2.27085      6.757805      6.757816
   2.21336      6.750397      6.750318
   2.21336      6.750311      6.750400
   2.15966      6.758370      6.757864
   2.10595      6.773875      6.774416
   2.05224      6.778565      6.778570
   1.99853      6.751081      6.751170
   1.94482      6.710951      6.711102
   1.89111      6.712956      6.712952
   1.83741      6.744330      6.744331
   1.78370      6.702102      6.702103
   1.72999      6.687575      6.687574
   1.67628      6.779627      6.779510
   1.62257      6.836550      6.836784
   1.56887      6.714132      6.714134
   1.51516      6.562147      6.562149
   1.46145      6.434874      6.434876
   1.40774      6.381557      6.381558
   1.40774      6.539954      6.539957
   1.35153      6.571745      6.571747
   1.29532      6.633322      6.633324
   1.23910      6.648523      6.648523
   1.18289      6.610304      6.610303
   1.12668      6.608157      6.608191
   1.07047      6.643892      6.643808
   1.01426      6.693696      6.693704
   0.95804      6.734846      6.735587
   0.90183      6.750391      6.752038
   0.90183      6.751012      6.750405
   0.84111      6.792762      6.792760
   0.78039      6.903263      6.903173
   0.71967      7.012268      7.012310
   0.65895      7.039625      7.038691
   0.59823      7.045597      7.044760
   0.53751      7.020956      7.019916
   0.47679      6.982952      6.982925
   0.41607      6.964380      6.964386
   0.41607      6.534317      6.534262
   0.35664      6.622238      6.622242
   0.29720      6.730833      6.730809
   0.23776      6.819393      6.819395
   0.17832      6.821370      6.821482
   0.11888      6.790069      6.790061
   0.05944      6.762371      6.761725
   0.00000      6.750403      6.750388
 
# Band-Index   97
   0.00000      6.951673      6.951675
   0.05944      6.958415      6.958417
   0.11888      6.977427      6.977421
   0.17832      6.996616      6.996629
   0.23776      6.958247      6.958676
   0.29720      6.952440      6.952432
   0.35664      6.984749      6.984754
   0.41607      7.033111      7.033112
   0.41607      7.249524      7.249525
   0.47679      7.155845      7.155847
   0.53751      7.080369      7.080234
   0.59823      7.087808      7.086838
   0.65895      7.094626      7.097714
   0.71967      7.032963      7.034431
   0.78039      6.982135      6.982145
   0.84111      6.959730      6.959750
   0.90183      6.951673      6.951674
   0.90183      6.951674      6.951675
   0.95804      6.952651      6.952652
   1.01426      6.953231      6.953232
   1.07047      6.946401      6.946403
   1.12668      6.898983      6.898984
   1.18289      6.798634      6.798635
   1.23910      6.707512      6.707514
   1.29532      6.697722      6.697720
   1.35153      6.743758      6.743754
   1.40774      6.763782      6.763686
   1.40774      7.190766      7.190662
   1.46145      7.165465      7.165504
   1.51516      7.099777      7.099374
   1.56887      7.008423      7.008465
   1.62257      6.921162      6.921166
   1.67628      6.944269      6.944277
   1.72999      6.906365      6.906399
   1.78370      6.829396      6.828939
   1.83741      6.777077      6.776741
   1.89111      6.821386      6.819682
   1.94482      6.880942      6.880051
   1.99853      6.920003      6.920387
   2.05224      6.944174      6.944193
   2.10595      6.954767      6.954753
   2.15966      6.953596      6.953604
   2.21336      6.951674      6.951674
   2.21336      6.951673      6.951674
   2.27085      6.952484      6.952479
   2.32834      6.948438      6.948433
   2.38584      6.918969      6.919173
   2.44333      6.838138      6.837869
   2.50082      6.786850      6.786208
   2.55831      6.784282      6.784283
   2.61580      6.772045      6.772046
   2.67329      6.743492      6.743492
   2.73078      6.709729      6.709728
   2.78827      6.720017      6.720007
   2.84576      6.772586      6.772594
   2.90325      6.872812      6.872855
   2.90325      6.885299      6.885304
   2.95783      6.857814      6.857803
   3.01242      6.848830      6.848824
   3.06700      6.915087      6.915081
   3.12159      6.942641      6.942630
   3.17617      6.934566      6.934563
   3.23075      6.889428      6.889427
   3.28534      6.892967      6.892975
   3.33992      6.940344      6.940337
   3.39451      6.960793      6.960796
   3.44909      6.960243      6.960244
   3.50367      6.954445      6.954447
   3.55826      6.951673      6.951674
   3.55826      6.951673      6.951674
   3.61640      6.958447      6.958448
   3.67455      6.975062      6.975088
   3.73269      6.994939      6.994934
   3.79084      7.044131      7.044133
   3.84898      7.097152      7.097169
   3.90712      7.152591      7.152593
   3.96527      7.254974      7.255011
   4.02341      7.302689      7.302797
   4.08156      7.322174      7.322751
   4.13970      7.335680      7.335635
   4.19785      7.363818      7.363887
 
# Band-Index   98
   4.19785      7.363962      7.364331
   4.13970      7.356162      7.356584
   4.08156      7.335444      7.334913
   4.02341      7.326710      7.327102
   3.96527      7.277446      7.277463
   3.90712      7.228357      7.228359
   3.84898      7.167590      7.167843
   3.79084      7.146258      7.147315
   3.73269      7.202661      7.203189
   3.67455      7.193864      7.193567
   3.61640      7.148686      7.148610
   3.55826      7.132409      7.132452
   3.55826      7.132424      7.132449
   3.50367      7.127974      7.127918
   3.44909      7.112354      7.112366
   3.39451      7.081579      7.081450
   3.33992      7.044521      7.045127
   3.28534      7.022231      7.022217
   3.23075      7.009842      7.009871
   3.17617      7.000799      7.000805
   3.12159      6.973452      6.973456
   3.06700      6.930484      6.930473
   3.01242      6.911230      6.911195
   2.95783      6.893878      6.893877
   2.90325      6.885583      6.885603
   2.90325      6.873253      6.873265
   2.84576      7.000430      7.000431
   2.78827      7.096525      7.096525
   2.73078      7.149593      7.149594
   2.67329      7.177268      7.177269
   2.61580      7.191185      7.190443
   2.55831      7.188744      7.188858
   2.50082      7.174741      7.174741
   2.44333      7.159659      7.159662
   2.38584      7.150057      7.150104
   2.32834      7.142477      7.142401
   2.27085      7.135456      7.135395
   2.21336      7.132408      7.132484
   2.21336      7.132421      7.132648
   2.15966      7.136663      7.136666
   2.10595      7.147806      7.147915
   2.05224      7.152007      7.152014
   1.99853      7.124704      7.124701
   1.94482      7.094500      7.094522
   1.89111      7.090204      7.090231
   1.83741      7.098535      7.098531
   1.78370      7.088481      7.088639
   1.72999      7.099927      7.099952
   1.67628      7.150431      7.150418
   1.62257      7.210229      7.210272
   1.56887      7.241798      7.241770
   1.51516      7.222273      7.221559
   1.46145      7.199155      7.199022
   1.40774      7.191067      7.191597
   1.40774      6.768544      6.768541
   1.35153      6.774307      6.774321
   1.29532      6.805680      6.805096
   1.23910      6.849328      6.849337
   1.18289      6.895370      6.895413
   1.12668      6.933387      6.933381
   1.07047      7.002130      7.002109
   1.01426      7.074801      7.074700
   0.95804      7.118223      7.118214
   0.90183      7.132398      7.132402
   0.90183      7.132575      7.132411
   0.84111      7.155115      7.154886
   0.78039      7.215219      7.215001
   0.71967      7.295297      7.295298
   0.65895      7.372841      7.372842
   0.59823      7.418695      7.418696
   0.53751      7.403912      7.403913
   0.47679      7.337246      7.337269
   0.41607      7.249745      7.249747
   0.41607      7.033409      7.033417
   0.35664      7.090509      7.090510
   0.29720      7.139760      7.139760
   0.23776      7.097139      7.097140
   0.17832      7.130344      7.130328
   0.11888      7.161084      7.161080
   0.05944      7.142023      7.142009
   0.00000      7.132480      7.132654
 
# Band-Index   99
   0.00000      7.501196      7.502158
   0.05944      7.427637      7.428346
   0.11888      7.278124      7.278011
   0.17832      7.171461      7.171602
   0.23776      7.165864      7.165819
   0.29720      7.140409      7.140410
   0.35664      7.187600      7.187603
   0.41607      7.221310      7.221310
   0.41607      7.607026      7.607026
   0.47679      7.567685      7.567659
   0.53751      7.545109      7.545961
   0.59823      7.548804      7.548830
   0.65895      7.457810      7.457726
   0.71967      7.369363      7.368065
   0.78039      7.384330      7.383803
   0.84111      7.449774      7.449947
   0.90183      7.501362      7.501044
   0.90183      7.500977      7.502840
   0.95804      7.487421      7.486067
   1.01426      7.439088      7.439803
   1.07047      7.357956      7.357931
   1.12668      7.253318      7.253349
   1.18289      7.144343      7.144336
   1.23910      7.044632      7.044600
   1.29532      6.961017      6.961141
   1.35153      6.896940      6.896931
   1.40774      6.866548      6.866505
   1.40774      7.357591      7.357594
   1.46145      7.349404      7.349405
   1.51516      7.325845      7.325848
   1.56887      7.297808      7.297784
   1.62257      7.242966      7.243029
   1.67628      7.185987      7.185905
   1.72999      7.169662      7.169628
   1.78370      7.163928      7.163930
   1.83741      7.194444      7.194414
   1.89111      7.273471      7.273352
   1.94482      7.314775      7.315003
   1.99853      7.292782      7.292618
   2.05224      7.283094      7.282562
   2.10595      7.340434      7.341769
   2.15966      7.440565      7.440160
   2.21336      7.501781      7.500549
   2.21336      7.500810      7.500484
   2.27085      7.439335      7.441079
   2.32834      7.366801      7.366417
   2.38584      7.346889      7.349066
   2.44333      7.380105      7.380125
   2.50082      7.432842      7.432836
   2.55831      7.431207      7.431131
   2.61580      7.365109      7.364982
   2.67329      7.299247      7.299245
   2.73078      7.258500      7.258490
   2.78827      7.249836      7.249866
   2.84576      7.270907      7.270902
   2.90325      7.314070      7.314075
   2.90325      7.189321      7.189319
   2.95783      7.186843      7.186856
   3.01242      7.191169      7.191169
   3.06700      7.198680      7.198675
   3.12159      7.206839      7.206841
   3.17617      7.222468      7.222463
   3.23075      7.242872      7.242893
   3.28534      7.259450      7.259481
   3.33992      7.282923      7.282919
   3.39451      7.327291      7.327700
   3.44909      7.396194      7.395098
   3.50367      7.468121      7.466626
   3.55826      7.499982      7.500375
   3.55826      7.501784      7.500964
   3.61640      7.436486      7.437092
   3.67455      7.314461      7.313868
   3.73269      7.258935      7.258947
   3.79084      7.312162      7.312169
   3.84898      7.316146      7.316284
   3.90712      7.311086      7.311001
   3.96527      7.328021      7.327780
   4.02341      7.369065      7.369130
   4.08156      7.434402      7.434001
   4.13970      7.465581      7.465639
   4.19785      7.475621      7.475694
 
# Band-Index  100
   4.19785      7.476615      7.475815
   4.13970      7.527313      7.527529
   4.08156      7.591634      7.592029
   4.02341      7.535713      7.535295
   3.96527      7.450800      7.450436
   3.90712      7.424753      7.423965
   3.84898      7.439139      7.439154
   3.79084      7.479905      7.479614
   3.73269      7.538106      7.538149
   3.67455      7.567405      7.567497
   3.61640      7.596722      7.595617
   3.55826      7.632604      7.633059
   3.55826      7.632850      7.631908
   3.50367      7.591181      7.590282
   3.44909      7.538431      7.538436
   3.39451      7.492795      7.492368
   3.33992      7.438346      7.439820
   3.28534      7.384097      7.384047
   3.23075      7.330654      7.330597
   3.17617      7.288401      7.288401
   3.12159      7.283167      7.283195
   3.06700      7.302672      7.302717
   3.01242      7.271039      7.271056
   2.95783      7.217013      7.217028
   2.90325      7.189724      7.189716
   2.90325      7.314333      7.314361
   2.84576      7.367892      7.367893
   2.78827      7.418072      7.418073
   2.73078      7.453430      7.453430
   2.67329      7.469116      7.469135
   2.61580      7.471718      7.471733
   2.55831      7.480392      7.479703
   2.50082      7.507473      7.507475
   2.44333      7.551548      7.551490
   2.38584      7.589874      7.590619
   2.32834      7.622310      7.622217
   2.27085      7.654774      7.655238
   2.21336      7.631999      7.632322
   2.21336      7.632412      7.631956
   2.15966      7.614171      7.613151
   2.10595      7.594978      7.593137
   2.05224      7.575350      7.575472
   1.99853      7.520034      7.520458
   1.94482      7.497948      7.497911
   1.89111      7.513007      7.513209
   1.83741      7.508990      7.508991
   1.78370      7.496057      7.496058
   1.72999      7.458115      7.458164
   1.67628      7.391286      7.391045
   1.62257      7.332401      7.332288
   1.56887      7.317218      7.317208
   1.51516      7.350435      7.350686
   1.46145      7.358852      7.359026
   1.40774      7.357897      7.357930
   1.40774      7.094035      7.093810
   1.35153      7.127115      7.127115
   1.29532      7.210553      7.210553
   1.23910      7.306139      7.306178
   1.18289      7.383739      7.383653
   1.12668      7.448551      7.447871
   1.07047      7.519855      7.519772
   1.01426      7.599446      7.599326
   0.95804      7.642569      7.643004
   0.90183      7.632191      7.633669
   0.90183      7.631905      7.631970
   0.84111      7.648603      7.648804
   0.78039      7.623960      7.625338
   0.71967      7.597017      7.594723
   0.65895      7.569306      7.569819
   0.59823      7.600566      7.600594
   0.53751      7.704704      7.704438
   0.47679      7.656093      7.656361
   0.41607      7.608014      7.607258
   0.41607      7.221759      7.221760
   0.35664      7.245366      7.245364
   0.29720      7.268652      7.268627
   0.23776      7.301544      7.301510
   0.17832      7.352684      7.352655
   0.11888      7.430952      7.429748
   0.05944      7.538020      7.537777
   0.00000      7.631956      7.632946
 
# Band-Index  101
   0.00000      7.673414      7.672924
   0.05944      7.714115      7.710874
   0.11888      7.670046      7.670046
   0.17832      7.553207      7.553595
   0.23776      7.446709      7.446432
   0.29720      7.370979      7.370981
   0.35664      7.337641      7.337643
   0.41607      7.348003      7.348006
   0.41607      7.929720      7.929398
   0.47679      7.864539      7.865459
   0.53751      7.748172      7.747070
   0.59823      7.752635      7.752134
   0.65895      7.685258      7.685444
   0.71967      7.639456      7.639557
   0.78039      7.642214      7.642840
   0.84111      7.660286      7.657008
   0.90183      7.670519      7.672307
   0.90183      7.671333      7.672592
   0.95804      7.657710      7.655893
   1.01426      7.655673      7.655165
   1.07047      7.672478      7.672480
   1.12668      7.688219      7.688210
   1.18289      7.649672      7.649537
   1.23910      7.605615      7.606174
   1.29532      7.583670      7.582036
   1.35153      7.572965      7.572345
   1.40774      7.570524      7.570057
   1.40774      7.798742      7.798812
   1.46145      7.768932      7.768854
   1.51516      7.708782      7.704530
   1.56887      7.635398      7.636499
   1.62257      7.580650      7.580798
   1.67628      7.552231      7.552248
   1.72999      7.555617      7.555636
   1.78370      7.577053      7.577044
   1.83741      7.566986      7.566986
   1.89111      7.536073      7.536062
   1.94482      7.563027      7.562820
   1.99853      7.621659      7.621577
   2.05224      7.606775      7.606948
   2.10595      7.667068      7.667607
   2.15966      7.690293      7.689364
   2.21336      7.672288      7.675993
   2.21336      7.669825      7.671289
   2.27085      7.656534      7.665298
   2.32834      7.680820      7.681006
   2.38584      7.693216      7.693836
   2.44333      7.656934      7.655419
   2.50082      7.597351      7.597543
   2.55831      7.584687      7.584616
   2.61580      7.623501      7.623237
   2.67329      7.653365      7.653502
   2.73078      7.664482      7.664333
   2.78827      7.661007      7.661139
   2.84576      7.656296      7.656394
   2.90325      7.668394      7.668376
   2.90325      7.484174      7.484114
   2.95783      7.450238      7.450825
   3.01242      7.400486      7.400432
   3.06700      7.390634      7.390621
   3.12159      7.385455      7.385554
   3.17617      7.380686      7.380405
   3.23075      7.402424      7.402582
   3.28534      7.442393      7.442357
   3.33992      7.493312      7.493328
   3.39451      7.564239      7.564197
   3.44909      7.654212      7.654444
   3.50367      7.695266      7.694495
   3.55826      7.674791      7.670760
   3.55826      7.674261      7.671905
   3.61640      7.700972      7.699917
   3.67455      7.686406      7.686958
   3.73269      7.604348      7.605021
   3.79084      7.564803      7.564785
   3.84898      7.572440      7.571799
   3.90712      7.595863      7.595705
   3.96527      7.630370      7.630589
   4.02341      7.655071      7.654681
   4.08156      7.662964      7.662931
   4.13970      7.756245      7.756186
   4.19785      7.805506      7.805774
 
# Band-Index  102
   4.19785      7.805898      7.808539
   4.13970      7.793377      7.796910
   4.08156      7.754431      7.750791
   4.02341      7.687821      7.687832
   3.96527      7.664523      7.667970
   3.90712      7.651347      7.649504
   3.84898      7.638338      7.640480
   3.79084      7.659402      7.656918
   3.73269      7.687002      7.688402
   3.67455      7.711807      7.712526
   3.61640      7.761271      7.761363
   3.55826      7.787032      7.784901
   3.55826      7.785274      7.786040
   3.50367      7.770391      7.770005
   3.44909      7.731533      7.732694
   3.39451      7.704303      7.705632
   3.33992      7.669673      7.670105
   3.28534      7.624202      7.624448
   3.23075      7.582139      7.582040
   3.17617      7.548074      7.547960
   3.12159      7.470319      7.470488
   3.06700      7.429436      7.429532
   3.01242      7.473800      7.473546
   2.95783      7.493589      7.493652
   2.90325      7.484448      7.484443
   2.90325      7.668736      7.668963
   2.84576      7.720378      7.720367
   2.78827      7.792347      7.792386
   2.73078      7.786875      7.786121
   2.67329      7.775859      7.775795
   2.61580      7.767379      7.767382
   2.55831      7.759048      7.759050
   2.50082      7.740860      7.740626
   2.44333      7.709015      7.708819
   2.38584      7.717486      7.717027
   2.32834      7.777119      7.777400
   2.27085      7.793047      7.798421
   2.21336      7.785364      7.787278
   2.21336      7.786940      7.786051
   2.15966      7.776099      7.776109
   2.10595      7.733940      7.734278
   2.05224      7.695562      7.694011
   1.99853      7.638570      7.638353
   1.94482      7.682668      7.682657
   1.89111      7.731519      7.732728
   1.83741      7.757700      7.757730
   1.78370      7.771739      7.767480
   1.72999      7.770468      7.772922
   1.67628      7.771545      7.771500
   1.62257      7.761396      7.760597
   1.56887      7.755447      7.757547
   1.51516      7.769945      7.766800
   1.46145      7.788046      7.789136
   1.40774      7.799095      7.799137
   1.40774      7.622232      7.622107
   1.35153      7.626318      7.626125
   1.29532      7.638727      7.638860
   1.23910      7.658674      7.658555
   1.18289      7.682324      7.680875
   1.12668      7.694876      7.695726
   1.07047      7.733973      7.734569
   1.01426      7.776632      7.778516
   0.95804      7.796980      7.796615
   0.90183      7.785284      7.786722
   0.90183      7.785091      7.785781
   0.84111      7.786758      7.786473
   0.78039      7.798025      7.798807
   0.71967      7.797515      7.797261
   0.65895      7.783068      7.782952
   0.59823      7.808990      7.808727
   0.53751      7.878468      7.878573
   0.47679      7.924075      7.924225
   0.41607      7.930007      7.930999
   0.41607      7.348597      7.348599
   0.35664      7.389594      7.389597
   0.29720      7.453311      7.453314
   0.23776      7.533274      7.533277
   0.17832      7.609263      7.609352
   0.11888      7.674710      7.674685
   0.05944      7.780338      7.777785
   0.00000      7.785292      7.785990
 
# Band-Index  103
   0.00000      7.831633      7.831506
   0.05944      7.783311      7.783441
   0.11888      7.806215      7.805866
   0.17832      7.824721      7.824924
   0.23776      7.855484      7.855421
   0.29720      7.881444      7.881251
   0.35664      7.883179      7.883392
   0.41607      7.885549      7.885030
   0.41607      8.062117      8.062335
   0.47679      8.002457      7.998551
   0.53751      7.942572      7.932561
   0.59823      7.834704      7.828331
   0.65895      7.814363      7.814503
   0.71967      7.834796      7.832017
   0.78039      7.861614      7.862910
   0.84111      7.877632      7.878407
   0.90183      7.831522      7.831688
   0.90183      7.831561      7.831590
   0.95804      7.838334      7.838257
   1.01426      7.792715      7.792893
   1.07047      7.772679      7.772673
   1.12668      7.755997      7.754936
   1.18289      7.757212      7.757292
   1.23910      7.772315      7.772153
   1.29532      7.784633      7.784529
   1.35153      7.791241      7.791400
   1.40774      7.793197      7.793180
   1.40774      7.953127      7.952902
   1.46145      7.954962      7.956995
   1.51516      7.960566      7.955183
   1.56887      7.943086      7.943319
   1.62257      7.916206      7.917566
   1.67628      7.883305      7.882586
   1.72999      7.850204      7.850964
   1.78370      7.835548      7.833677
   1.83741      7.848861      7.849011
   1.89111      7.871198      7.870576
   1.94482      7.872403      7.872368
   1.99853      7.865605      7.866251
   2.05224      7.859121      7.859236
   2.10595      7.862518      7.862141
   2.15966      7.861113      7.861696
   2.21336      7.831691      7.831406
   2.21336      7.831483      7.831209
   2.27085      7.854960      7.859884
   2.32834      7.785790      7.785580
   2.38584      7.757670      7.757705
   2.44333      7.775110      7.775007
   2.50082      7.809550      7.809442
   2.55831      7.847881      7.847868
   2.61580      7.886141      7.885581
   2.67329      7.916714      7.914934
   2.73078      7.928301      7.926839
   2.78827      7.838786      7.838263
   2.84576      7.825600      7.825766
   2.90325      7.854854      7.854996
   2.90325      7.693797      7.693847
   2.95783      7.649728      7.650619
   3.01242      7.613970      7.613957
   3.06700      7.596365      7.596448
   3.12159      7.581904      7.581946
   3.17617      7.581051      7.580949
   3.23075      7.638380      7.638391
   3.28534      7.695445      7.695492
   3.33992      7.735843      7.739182
   3.39451      7.767191      7.767946
   3.44909      7.796116      7.795408
   3.50367      7.818738      7.818604
   3.55826      7.831371      7.832010
   3.55826      7.831891      7.831485
   3.61640      7.843454      7.843826
   3.67455      7.879938      7.879004
   3.73269      7.915773      7.915564
   3.79084      7.930877      7.927959
   3.84898      7.941847      7.940884
   3.90712      7.957741      7.957242
   3.96527      7.976991      7.980370
   4.02341      7.993891      7.990634
   4.08156      8.022783      8.024393
   4.13970      8.071148      8.069196
   4.19785      8.088877      8.089066
 
# Band-Index  104
   4.19785      8.089120      8.090209
   4.13970      8.126416      8.126301
   4.08156      8.162575      8.160866
   4.02341      8.121442      8.129975
   3.96527      8.072807      8.084807
   3.90712      8.048534      8.047438
   3.84898      8.041075      8.033217
   3.79084      7.975394      7.975369
   3.73269      7.926130      7.925806
   3.67455      7.907207      7.907040
   3.61640      7.893351      7.893771
   3.55826      7.879109      7.880105
   3.55826      7.878752      7.879314
   3.50367      7.878642      7.877909
   3.44909      7.890067      7.889744
   3.39451      7.878511      7.879258
   3.33992      7.840730      7.841501
   3.28534      7.795926      7.798831
   3.23075      7.768268      7.768217
   3.17617      7.756999      7.755536
   3.12159      7.753226      7.751539
   3.06700      7.749756      7.749666
   3.01242      7.747627      7.741656
   2.95783      7.725734      7.724992
   2.90325      7.695143      7.695243
   2.90325      7.855345      7.855379
   2.84576      7.889330      7.889889
   2.78827      7.917079      7.916440
   2.73078      7.948880      7.948187
   2.67329      7.985624      7.989798
   2.61580      7.993843      7.988360
   2.55831      7.981219      7.976659
   2.50082      7.946755      7.948489
   2.44333      7.919727      7.917221
   2.38584      7.921981      7.923428
   2.32834      7.945418      7.943540
   2.27085      7.896823      7.899118
   2.21336      7.878869      7.880259
   2.21336      7.880288      7.879782
   2.15966      7.881280      7.881565
   2.10595      7.939918      7.938097
   2.05224      7.953194      7.950391
   1.99853      7.937861      7.935128
   1.94482      7.915892      7.918342
   1.89111      7.923990      7.923483
   1.83741      7.966463      7.966430
   1.78370      8.018879      8.018150
   1.72999      8.055382      8.051740
   1.67628      8.060278      8.056282
   1.62257      8.054369      8.059136
   1.56887      8.040584      8.041789
   1.51516      8.017776      8.012137
   1.46145      7.973760      7.976391
   1.40774      7.953727      7.957736
   1.40774      7.887320      7.877479
   1.35153      7.888162      7.881569
   1.29532      7.890455      7.889886
   1.23910      7.902310      7.905339
   1.18289      7.920361      7.920982
   1.12668      7.947682      7.951469
   1.07047      7.973804      7.981675
   1.01426      7.904756      7.906768
   0.95804      7.839116      7.838712
   0.90183      7.879019      7.881261
   0.90183      7.879002      7.880716
   0.84111      7.879274      7.879884
   0.78039      7.994349      7.995744
   0.71967      7.958928      7.957821
   0.65895      7.918201      7.916714
   0.59823      7.905737      7.902011
   0.53751      7.961633      7.961002
   0.47679      8.056037      8.059784
   0.41607      8.072265      8.074549
   0.41607      7.885800      7.885929
   0.35664      7.898007      7.897881
   0.29720      7.918564      7.919193
   0.23776      7.942400      7.943356
   0.17832      7.960920      7.965447
   0.11888      7.957148      7.956095
   0.05944      7.917371      7.922089
   0.00000      7.878931      7.884288
 
# Band-Index  105
   0.00000      7.992710      8.000702
   0.05944      8.016145      8.015201
   0.11888      7.990702      7.990057
   0.17832      7.964650      7.970073
   0.23776      7.963847      7.962161
   0.29720      8.012107      8.009229
   0.35664      8.107986      8.101759
   0.41607      8.200319      8.204174
   0.41607      8.396813      8.393982
   0.47679      8.334860      8.347274
   0.53751      8.269260      8.271365
   0.59823      8.207694      8.214598
   0.65895      8.160193      8.163173
   0.71967      8.135388      8.135207
   0.78039      7.996905      8.000047
   0.84111      8.003117      8.004427
   0.90183      7.991855      7.993994
   0.90183      7.991938      7.993938
   0.95804      8.001260      7.998552
   1.01426      7.995331      8.003094
   1.07047      8.010510      8.012299
   1.12668      8.044931      8.039756
   1.18289      8.049730      8.049432
   1.23910      8.043619      8.043249
   1.29532      8.021291      8.019016
   1.35153      7.998206      7.996992
   1.40774      7.992125      7.990736
   1.40774      8.347991      8.347859
   1.46145      8.326964      8.325201
   1.51516      8.280402      8.280485
   1.56887      8.222150      8.223888
   1.62257      8.184124      8.186476
   1.67628      8.156657      8.153740
   1.72999      8.131010      8.121746
   1.78370      8.105727      8.105845
   1.83741      8.065386      8.062804
   1.89111      8.014950      8.016545
   1.94482      7.996182      7.999487
   1.99853      8.020614      8.020426
   2.05224      8.041248      8.039703
   2.10595      7.995627      7.991313
   2.15966      7.993912      7.990272
   2.21336      7.999855      7.994064
   2.21336      7.991932      7.996216
   2.27085      7.977916      7.986292
   2.32834      8.048223      8.049145
   2.38584      8.050479      8.054105
   2.44333      8.061595      8.060710
   2.50082      8.086218      8.089315
   2.55831      8.143515      8.141323
   2.61580      8.189767      8.188588
   2.67329      8.154697      8.151470
   2.73078      8.085115      8.085389
   2.78827      8.105947      8.093762
   2.84576      8.141589      8.149687
   2.90325      8.198151      8.198307
   2.90325      8.063405      8.063989
   2.95783      8.066044      8.074203
   3.01242      8.058222      8.058657
   3.06700      8.036291      8.034827
   3.12159      8.006087      8.001127
   3.17617      7.973055      7.973534
   3.23075      7.954477      7.955076
   3.28534      7.957607      7.956206
   3.33992      7.980338      7.983694
   3.39451      8.017628      8.017572
   3.44909      8.035711      8.036228
   3.50367      8.012843      8.009112
   3.55826      7.996277      7.993750
   3.55826      7.994242      7.992483
   3.61640      8.014209      8.012426
   3.67455      8.019839      8.016046
   3.73269      8.017967      8.016447
   3.79084      8.027699      8.026291
   3.84898      8.044944      8.042298
   3.90712      8.103384      8.105494
   3.96527      8.151290      8.157890
   4.02341      8.190949      8.181046
   4.08156      8.199122      8.196955
   4.13970      8.237176      8.240593
   4.19785      8.266429      8.269025
 
# Band-Index  106
   4.19785      8.281462      8.273847
   4.13970      8.264289      8.262725
   4.08156      8.252020      8.247368
   4.02341      8.268081      8.275922
   3.96527      8.267120      8.272826
   3.90712      8.243278      8.240551
   3.84898      8.220454      8.213544
   3.79084      8.174749      8.171747
   3.73269      8.150702      8.150173
   3.67455      8.138343      8.134113
   3.61640      8.085106      8.084701
   3.55826      8.075197      8.072632
   3.55826      8.071155      8.072421
   3.50367      8.075491      8.074038
   3.44909      8.089835      8.091790
   3.39451      8.153911      8.157577
   3.33992      8.220542      8.224854
   3.28534      8.260187      8.251025
   3.23075      8.260741      8.264226
   3.17617      8.247827      8.244904
   3.12159      8.229427      8.237490
   3.06700      8.205078      8.205923
   3.01242      8.163320      8.161905
   2.95783      8.099577      8.100838
   2.90325      8.064120      8.064595
   2.90325      8.201370      8.204248
   2.84576      8.269399      8.276606
   2.78827      8.314969      8.316479
   2.73078      8.364771      8.373188
   2.67329      8.428124      8.426205
   2.61580      8.495976      8.489908
   2.55831      8.462058      8.468195
   2.50082      8.399808      8.386299
   2.44333      8.311785      8.311191
   2.38584      8.262346      8.260533
   2.32834      8.070208      8.069778
   2.27085      8.060846      8.059092
   2.21336      8.070980      8.074351
   2.21336      8.078429      8.073103
   2.15966      8.070951      8.068705
   2.10595      8.075264      8.073213
   2.05224      8.056128      8.055847
   1.99853      8.106241      8.104185
   1.94482      8.145975      8.149574
   1.89111      8.178344      8.161184
   1.83741      8.159478      8.156672
   1.78370      8.182260      8.178855
   1.72999      8.230331      8.234014
   1.67628      8.297653      8.299379
   1.62257      8.380950      8.380557
   1.56887      8.357768      8.362068
   1.51516      8.381967      8.364321
   1.46145      8.346139      8.344680
   1.40774      8.350708      8.356940
   1.40774      8.185176      8.177637
   1.35153      8.191588      8.180725
   1.29532      8.169969      8.161240
   1.23910      8.145522      8.150933
   1.18289      8.166304      8.171663
   1.12668      8.138998      8.141671
   1.07047      8.030561      8.030398
   1.01426      8.038346      8.036351
   0.95804      8.056852      8.057705
   0.90183      8.071835      8.071660
   0.90183      8.071406      8.076785
   0.84111      8.077958      8.076331
   0.78039      8.114454      8.117693
   0.71967      8.137585      8.143470
   0.65895      8.282894      8.300447
   0.59823      8.416734      8.423580
   0.53751      8.458258      8.467743
   0.47679      8.450414      8.459869
   0.41607      8.399678      8.424737
   0.41607      8.206481      8.210909
   0.35664      8.276420      8.285358
   0.29720      8.314846      8.311517
   0.23776      8.331477      8.326497
   0.17832      8.304575      8.313122
   0.11888      8.247130      8.240267
   0.05944      8.126897      8.107052
   0.00000      8.073962      8.073461
 
# Band-Index  107
   0.00000      8.152693      8.146222
   0.05944      8.174334      8.183348
   0.11888      8.255493      8.254485
   0.17832      8.425328      8.415885
   0.23776      8.548157      8.551882
   0.29720      8.640292      8.637206
   0.35664      8.696240      8.695993
   0.41607      8.733074      8.731472
   0.41607      8.491716      8.508126
   0.47679      8.471076      8.478962
   0.53751      8.523167      8.539758
   0.59823      8.448691      8.434224
   0.65895      8.328814      8.331843
   0.71967      8.224509      8.219861
   0.78039      8.141152      8.140283
   0.84111      8.142550      8.143381
   0.90183      8.146667      8.149628
   0.90183      8.147485      8.145637
   0.95804      8.176125      8.181011
   1.01426      8.226964      8.233142
   1.07047      8.226075      8.228400
   1.12668      8.211359      8.221947
   1.18289      8.236024      8.235096
   1.23910      8.269440      8.272408
   1.29532      8.238135      8.236787
   1.35153      8.210248      8.194248
   1.40774      8.192772      8.189625
   1.40774      8.650340      8.652735
   1.46145      8.639984      8.649024
   1.51516      8.604595      8.573729
   1.56887      8.488270      8.480864
   1.62257      8.398321      8.395899
   1.67628      8.449307      8.428859
   1.72999      8.470256      8.468379
   1.78370      8.510068      8.507436
   1.83741      8.561860      8.562981
   1.89111      8.627965      8.642340
   1.94482      8.610478      8.605999
   1.99853      8.517994      8.506111
   2.05224      8.370721      8.371397
   2.10595      8.258090      8.252617
   2.15966      8.177004      8.169382
   2.21336      8.146787      8.147037
   2.21336      8.143476      8.149881
   2.27085      8.173902      8.176269
   2.32834      8.219482      8.225229
   2.38584      8.263098      8.280774
   2.44333      8.460835      8.464750
   2.50082      8.594551      8.591896
   2.55831      8.557761      8.566183
   2.61580      8.527703      8.530711
   2.67329      8.572010      8.565146
   2.73078      8.594140      8.595627
   2.78827      8.598990      8.596473
   2.84576      8.567041      8.558801
   2.90325      8.585894      8.561517
   2.90325      8.240679      8.240632
   2.95783      8.226269      8.226428
   3.01242      8.269115      8.271415
   3.06700      8.377144      8.378094
   3.12159      8.489037      8.493161
   3.17617      8.579800      8.551319
   3.23075      8.599745      8.589111
   3.28534      8.539791      8.534680
   3.33992      8.477252      8.470677
   3.39451      8.365161      8.373298
   3.44909      8.253000      8.254997
   3.50367      8.173751      8.175424
   3.55826      8.145500      8.148332
   3.55826      8.145892      8.144798
   3.61640      8.153968      8.160019
   3.67455      8.227028      8.226766
   3.73269      8.350176      8.357772
   3.79084      8.456756      8.447245
   3.84898      8.510372      8.506284
   3.90712      8.521312      8.530100
   3.96527      8.520497      8.530582
   4.02341      8.531131      8.533559
   4.08156      8.489976      8.505720
   4.13970      8.474385      8.466697
   4.19785      8.460517      8.484886
 
# Band-Index  108
   4.19785      8.488808      8.547115
   4.13970      8.490019      8.502714
   4.08156      8.555084      8.565938
   4.02341      8.608019      8.552639
   3.96527      8.638692      8.645732
   3.90712      8.660809      8.659677
   3.84898      8.671292      8.680771
   3.79084      8.674780      8.666745
   3.73269      8.713710      8.696922
   3.67455      8.729579      8.772895
   3.61640      8.826441      8.807949
   3.55826      8.869202      8.879842
   3.55826      8.852856      8.848338
   3.50367      8.816314      8.814713
   3.44909      8.714921      8.715190
   3.39451      8.640201      8.669687
   3.33992      8.607162      8.636214
   3.28534      8.609105      8.608572
   3.23075      8.615765      8.612145
   3.17617      8.660117      8.683533
   3.12159      8.618622      8.621458
   3.06700      8.485902      8.499270
   3.01242      8.371595      8.377350
   2.95783      8.289656      8.289035
   2.90325      8.242031      8.242651
   2.90325      8.645407      8.582985
   2.84576      8.609553      8.615944
   2.78827      8.618303      8.622927
   2.73078      8.750776      8.713156
   2.67329      8.806925      8.782280
   2.61580      8.726840      8.710359
   2.55831      8.697249      8.703325
   2.50082      8.708649      8.696211
   2.44333      8.701411      8.706251
   2.38584      8.753088      8.808215
   2.32834      8.794983      8.790780
   2.27085      8.839530      8.834505
   2.21336      8.855357      8.843404
   2.21336      8.877447      8.849203
   2.15966      8.832137      8.817371
   2.10595      8.771356      8.758279
   2.05224      8.714318      8.699374
   1.99853      8.681029      8.723747
   1.94482      8.689546      8.696017
   1.89111      8.711573      8.715733
   1.83741      8.646201      8.652512
   1.78370      8.591639      8.608390
   1.72999      8.567239      8.575029
   1.67628      8.587565      8.587566
   1.62257      8.682212      8.631353
   1.56887      8.657909      8.653451
   1.51516      8.674879      8.687733
   1.46145      8.663693      8.664024
   1.40774      8.655536      8.658399
   1.40774      8.664345      8.668376
   1.35153      8.682834      8.634096
   1.29532      8.562247      8.560012
   1.23910      8.496904      8.496910
   1.18289      8.511468      8.504650
   1.12668      8.578063      8.588837
   1.07047      8.666198      8.670569
   1.01426      8.760929      8.749763
   0.95804      8.823967      8.836329
   0.90183      8.859704      8.841628
   0.90183      8.854726      8.844711
   0.84111      8.835747      8.841192
   0.78039      8.792770      8.794340
   0.71967      8.765371      8.735594
   0.65895      8.697431      8.665101
   0.59823      8.586899      8.590383
   0.53751      8.601627      8.607046
   0.47679      8.603595      8.598921
   0.41607      8.520721      8.532312
   0.41607      8.734312      8.734859
   0.35664      8.757284      8.758835
   0.29720      8.774269      8.774592
   0.23776      8.782118      8.763019
   0.17832      8.723182      8.742348
   0.11888      8.723977      8.723421
   0.05944      8.847985      8.791047
   0.00000      8.857472      8.874536
 
# Band-Index  109
   0.00000      9.199210      8.978386
   0.05944      9.110451      9.147299
   0.11888      9.267299      9.241994
   0.17832      9.228283      9.332021
   0.23776      9.224719      9.214703
   0.29720      9.362066      9.321336
   0.35664      9.419313      9.390134
   0.41607      9.512165      9.472404
   0.41607      8.870525      8.857405
   0.47679      8.769843      8.823769
   0.53751      8.793664      8.800734
   0.59823      8.943239      8.946426
   0.65895      9.009987      9.025917
   0.71967      9.012899      9.024111
   0.78039      9.016591      9.163174
   0.84111      9.021332      9.150513
   0.90183      9.050297      9.117327
   0.90183      9.033151      9.084088
   0.95804      9.033971      9.030319
   1.01426      9.274606      9.105508
   1.07047      9.083311      9.128279
   1.12668      9.019152      9.029471
   1.18289      8.987205      8.986231
   1.23910      8.989223      8.997939
   1.29532      9.001502      8.995295
   1.35153      8.966386      8.951382
   1.40774      8.970816      8.934870
   1.40774      8.944092      8.879826
   1.46145      8.842539      8.843803
   1.51516      8.788514      8.790512
   1.56887      8.764374      8.759266
   1.62257      8.764181      8.760853
   1.67628      8.876727      8.789066
   1.72999      8.848845      8.815193
   1.78370      8.875966      8.843717
   1.83741      8.832816      8.832134
   1.89111      8.768942      8.769444
   1.94482      8.818189      8.823592
   1.99853      8.969036      8.933502
   2.05224      9.042678      9.101759
   2.10595      9.157216      9.103947
   2.15966      9.041297      9.036448
   2.21336      9.004520      9.040925
   2.21336      9.133856      8.987630
   2.27085      9.105668      9.025335
   2.32834      9.013550      9.090137
   2.38584      8.984211      8.981256
   2.44333      8.875322      8.869986
   2.50082      8.766645      8.766839
   2.55831      8.866557      8.829812
   2.61580      8.900963      8.876411
   2.67329      8.863087      8.892888
   2.73078      8.993569      8.992226
   2.78827      9.072958      9.044483
   2.84576      9.104246      9.092123
   2.90325      9.094657      9.091822
   2.90325      8.796370      8.787503
   2.95783      8.757707      8.763440
   3.01242      8.743682      8.734421
   3.06700      8.710747      8.718622
   3.12159      8.713605      8.738304
   3.17617      8.852895      8.849805
   3.23075      8.906084      8.904174
   3.28534      8.950053      8.962637
   3.33992      9.059075      9.041617
   3.39451      9.139812      9.162966
   3.44909      9.123615      9.201117
   3.50367      9.209613      9.063251
   3.55826      9.040771      9.054754
   3.55826      9.157017      9.233182
   3.61640      9.058516      9.123805
   3.67455      9.193626      9.187524
   3.73269      9.153958      9.171938
   3.79084      9.101653      9.089160
   3.84898      8.940663      8.977566
   3.90712      8.898533      8.876546
   3.96527      8.819790      8.859607
   4.02341      8.808192      8.839212
   4.08156      8.865230      8.860756
   4.13970      8.730432      8.772959
   4.19785      8.712963      8.715179
 
# Band-Index  110
   4.19785      8.727770      8.772936
   4.13970      8.804429      8.854980
   4.08156      9.066522      9.071680
   4.02341      9.066704      9.110826
   3.96527      9.137198      9.086567
   3.90712      9.209320      9.171465
   3.84898      9.237933      9.310913
   3.79084      9.310391      9.328040
   3.73269      9.315878      9.349966
   3.67455      9.237094      9.256380
   3.61640      9.334692      9.299398
   3.55826      9.351993      9.373499
   3.55826      9.318497      9.339433
   3.50367      9.418342      9.311158
   3.44909      9.213437      9.337239
   3.39451      9.226093      9.248569
   3.33992      9.308409      9.254979
   3.28534      9.233165      9.227841
   3.23075      9.072315      9.052778
   3.17617      8.945937      9.004472
   3.12159      8.919471      8.931372
   3.06700      8.891926      8.904666
   3.01242      8.869344      8.872231
   2.95783      8.828433      8.882559
   2.90325      8.814753      8.790285
   2.90325      9.175002      9.183340
   2.84576      9.182755      9.168320
   2.78827      9.203193      9.172613
   2.73078      9.196788      9.224894
   2.67329      9.210719      9.202435
   2.61580      9.092088      9.094709
   2.55831      9.049258      9.045459
   2.50082      9.123779      9.106959
   2.44333      9.142150      9.109308
   2.38584      9.176425      9.219615
   2.32834      9.162315      9.220122
   2.27085      9.296081      9.280811
   2.21336      9.313704      9.368579
   2.21336      9.333807      9.316191
   2.15966      9.282174      9.288182
   2.10595      9.252592      9.181754
   2.05224      9.268205      9.222138
   1.99853      9.289864      9.265504
   1.94482      9.183407      9.221399
   1.89111      9.191585      9.228410
   1.83741      9.117080      9.151891
   1.78370      9.134053      9.161357
   1.72999      9.198102      9.110515
   1.67628      9.129133      9.093169
   1.62257      8.945216      9.003389
   1.56887      8.905647      8.950545
   1.51516      8.957655      9.122104
   1.46145      8.940277      8.903985
   1.40774      9.011434      8.966116
   1.40774      9.129456      9.019671
   1.35153      9.039349      9.018875
   1.29532      9.091980      9.012120
   1.23910      9.077297      9.077892
   1.18289      9.192887      9.141849
   1.12668      9.244115      9.232943
   1.07047      9.293141      9.174129
   1.01426      9.395859      9.261562
   0.95804      9.324452      9.340049
   0.90183      9.331724      9.338299
   0.90183      9.343515      9.363034
   0.84111      9.311675      9.295899
   0.78039      9.273134      9.249623
   0.71967      9.168526      9.098682
   0.65895      9.126201      9.127784
   0.59823      9.049365      9.031757
   0.53751      9.012981      8.973921
   0.47679      8.935814      8.951808
   0.41607      8.945582      8.939627
   0.41607      9.568810      9.596470
   0.35664      9.650951      9.599811
   0.29720      9.510650      9.442639
   0.23776      9.548261      9.315538
   0.17832      9.270559      9.426115
   0.11888      9.346450      9.296242
   0.05944      9.325863      9.334275
   0.00000      9.375169      9.356075
 
# Band-Index  111
   0.00000      9.427466      9.551454
   0.05944      9.409719      9.520950
   0.11888      9.510933      9.430259
   0.17832      9.522816      9.590947
   0.23776      9.638520      9.617136
   0.29720      9.642863      9.667204
   0.35664      9.674010      9.666837
   0.41607      9.619811      9.682509
   0.41607      9.017074      9.003164
   0.47679      8.992388      9.049898
   0.53751      9.140941      9.093443
   0.59823      9.144766      9.190221
   0.65895      9.204285      9.172033
   0.71967      9.281431      9.273420
   0.78039      9.326156      9.322506
   0.84111      9.403141      9.314678
   0.90183      9.413854      9.469781
   0.90183      9.498129      9.403525
   0.95804      9.356533      9.472932
   1.01426      9.536040      9.493736
   1.07047      9.516028      9.308996
   1.12668      9.337319      9.340923
   1.18289      9.448970      9.426840
   1.23910      9.378781      9.392608
   1.29532      9.431161      9.406170
   1.35153      9.393408      9.402995
   1.40774      9.436628      9.357653
   1.40774      9.368319      9.232904
   1.46145      9.338671      9.249647
   1.51516      9.288862      9.399308
   1.56887      9.279384      9.438730
   1.62257      9.338303      9.404993
   1.67628      9.392562      9.237165
   1.72999      9.244070      9.262744
   1.78370      9.376303      9.287656
   1.83741      9.436493      9.454671
   1.89111      9.479983      9.471435
   1.94482      9.357971      9.367248
   1.99853      9.324824      9.464772
   2.05224      9.557096      9.301953
   2.10595      9.416642      9.354317
   2.15966      9.352163      9.377444
   2.21336      9.439649      9.432047
   2.21336      9.329124      9.435796
   2.27085      9.512380      9.381382
   2.32834      9.302050      9.385838
   2.38584      9.299656      9.304855
   2.44333      9.273512      9.216300
   2.50082      9.172028      9.499906
   2.55831      9.296663      9.221503
   2.61580      9.449983      9.388252
   2.67329      9.296934      9.313416
   2.73078      9.269158      9.314605
   2.78827      9.328232      9.317247
   2.84576      9.304733      9.228562
   2.90325      9.249822      9.312002
   2.90325      9.240709      9.220458
   2.95783      9.214484      9.221247
   3.01242      9.231617      9.235719
   3.06700      9.268690      9.264512
   3.12159      9.359449      9.356525
   3.17617      9.408811      9.381604
   3.23075      9.489196      9.412776
   3.28534      9.500084      9.466935
   3.33992      9.512124      9.578083
   3.39451      9.555334      9.539915
   3.44909      9.389481      9.457758
   3.50367      9.491062      9.384413
   3.55826      9.342382      9.534574
   3.55826      9.530692      9.527281
   3.61640      9.365574      9.458979
   3.67455      9.461880      9.384815
   3.73269      9.385960      9.381793
   3.79084      9.386065      9.384768
   3.84898      9.361152      9.400788
   3.90712      9.346347      9.303854
   3.96527      9.200438      9.228716
   4.02341      9.160918      9.147193
   4.08156      9.160941      9.198424
   4.13970      9.152889      9.165243
   4.19785      9.187428      9.176724
 
# Band-Index  112
   4.19785      9.216230      9.313236
   4.13970      9.285550      9.304247
   4.08156      9.541100      9.584105
   4.02341      9.468804      9.513578
   3.96527      9.428885      9.354813
   3.90712      9.444110      9.442046
   3.84898      9.561024      9.478215
   3.79084      9.491374      9.596468
   3.73269      9.537855      9.561169
   3.67455      9.582282      9.594668
   3.61640      9.549372      9.712678
   3.55826      9.629806      9.783518
   3.55826      9.693972      9.655408
   3.50367      9.633989      9.604385
   3.44909      9.617560      9.637773
   3.39451      9.633788      9.599078
   3.33992      9.592779      9.718969
   3.28534      9.627216      9.577369
   3.23075      9.528030      9.492572
   3.17617      9.537310      9.472713
   3.12159      9.421641      9.471508
   3.06700      9.418421      9.391874
   3.01242      9.346033      9.320438
   2.95783      9.270869      9.307362
   2.90325      9.268435      9.253838
   2.90325      9.354105      9.479333
   2.84576      9.473839      9.459117
   2.78827      9.501261      9.393241
   2.73078      9.544906      9.395967
   2.67329      9.591567      9.495538
   2.61580      9.666191      9.580207
   2.55831      9.579084      9.557534
   2.50082      9.789560      9.701161
   2.44333      9.708634      9.727025
   2.38584      9.659564      9.648864
   2.32834      9.627202      9.625460
   2.27085      9.675621      9.616556
   2.21336      9.631244      9.625915
   2.21336      9.661249      9.672066
   2.15966      9.622043      9.620216
   2.10595      9.737234      9.601981
   2.05224      9.693196      9.656282
   1.99853      9.671665      9.686945
   1.94482      9.695917      9.715736
   1.89111      9.724795      9.714855
   1.83741      9.766029      9.694642
   1.78370      9.552162      9.591384
   1.72999      9.612619      9.666655
   1.67628      9.559428      9.605507
   1.62257      9.554393      9.545712
   1.56887      9.562752      9.534685
   1.51516      9.475300      9.470967
   1.46145      9.446373      9.430318
   1.40774      9.402900      9.400067
   1.40774      9.596438      9.563516
   1.35153      9.604714      9.560908
   1.29532      9.679525      9.565256
   1.23910      9.518630      9.615090
   1.18289      9.523091      9.570875
   1.12668      9.575220      9.563219
   1.07047      9.597994      9.592095
   1.01426      9.787533      9.646677
   0.95804      9.600543      9.645230
   0.90183      9.546884      9.632766
   0.90183      9.542105      9.646958
   0.84111      9.650234      9.596226
   0.78039      9.542967      9.574681
   0.71967      9.507558      9.446671
   0.65895      9.373120      9.346265
   0.59823      9.344325      9.271601
   0.53751      9.669636      9.310963
   0.47679      9.196782      9.217746
   0.41607      9.178722      9.052955
   0.41607      9.730145      9.737122
   0.35664      9.767080      9.714706
   0.29720      9.725186      9.712635
   0.23776      9.682220      9.701790
   0.17832      9.595430      9.818998
   0.11888      9.642687      9.647022
   0.05944      9.745907      9.552995
   0.00000      9.614998      9.731008
