#K-Path(1/A)         Spin-Up(eV)   Spin-down(eV)
# NKPTS & NBANDS: 104  48
# Band-Index    1
   0.00000    -37.592292    -37.592295
   0.05652    -37.592171    -37.592174
   0.11305    -37.591812    -37.591815
   0.16957    -37.591231    -37.591234
   0.22609    -37.590452    -37.590454
   0.28261    -37.589511    -37.589514
   0.33914    -37.588448    -37.588450
   0.39566    -37.587308    -37.587311
   0.45218    -37.586143    -37.586146
   0.50871    -37.585003    -37.585006
   0.56523    -37.583939    -37.583941
   0.62175    -37.582995    -37.582998
   0.67828    -37.582214    -37.582216
   0.73480    -37.581632    -37.581634
   0.79132    -37.581272    -37.581274
   0.84784    -37.581151    -37.581153
   0.84784    -37.592293    -37.592296
   0.88127    -37.592293    -37.592295
   0.91469    -37.592293    -37.592295
   0.94812    -37.592292    -37.592294
   0.98155    -37.592292    -37.592295
   0.98155    -37.592292    -37.592295
   1.03806    -37.592171    -37.592174
   1.09458    -37.591813    -37.591815
   1.15110    -37.591232    -37.591235
   1.20762    -37.590453    -37.590455
   1.26414    -37.589513    -37.589516
   1.32066    -37.588451    -37.588453
   1.37717    -37.587312    -37.587315
   1.43369    -37.586148    -37.586150
   1.49021    -37.585009    -37.585011
   1.54673    -37.583945    -37.583948
   1.60325    -37.583002    -37.583005
   1.65977    -37.582221    -37.582224
   1.71628    -37.581640    -37.581642
   1.77280    -37.581280    -37.581282
   1.82932    -37.581159    -37.581161
   1.82932    -37.581147    -37.581150
   1.88297    -37.581253    -37.581256
   1.93663    -37.581570    -37.581573
   1.99028    -37.582085    -37.582088
   2.04394    -37.582779    -37.582781
   2.09759    -37.583624    -37.583627
   2.15124    -37.584589    -37.584592
   2.20490    -37.585636    -37.585639
   2.25855    -37.586724    -37.586726
   2.31220    -37.587811    -37.587814
   2.36586    -37.588857    -37.588860
   2.41951    -37.589819    -37.589822
   2.47317    -37.590663    -37.590666
   2.52682    -37.591356    -37.591359
   2.58047    -37.591870    -37.591873
   2.63413    -37.592186    -37.592188
   2.68778    -37.592292    -37.592295
   2.68778    -37.592292    -37.592295
   2.74142    -37.592186    -37.592188
   2.79506    -37.591870    -37.591873
   2.84870    -37.591357    -37.591359
   2.90234    -37.590665    -37.590667
   2.95598    -37.589822    -37.589824
   3.00962    -37.588861    -37.588863
   3.06326    -37.587816    -37.587819
   3.11690    -37.586730    -37.586733
   3.17054    -37.585644    -37.585646
   3.22418    -37.584598    -37.584601
   3.27782    -37.583634    -37.583637
   3.33146    -37.582790    -37.582792
   3.38510    -37.582097    -37.582100
   3.43874    -37.581582    -37.581585
   3.49237    -37.581265    -37.581268
   3.54601    -37.581159    -37.581161
   3.54601    -37.581148    -37.581150
   3.60255    -37.581268    -37.581271
   3.65908    -37.581628    -37.581631
   3.71562    -37.582210    -37.582212
   3.77215    -37.582992    -37.582994
   3.82868    -37.583935    -37.583938
   3.88522    -37.585000    -37.585003
   3.94175    -37.586141    -37.586143
   3.99829    -37.587306    -37.587309
   4.05482    -37.588446    -37.588449
   4.11135    -37.589510    -37.589513
   4.16789    -37.590451    -37.590454
   4.22442    -37.591231    -37.591234
   4.28096    -37.591813    -37.591815
   4.33749    -37.592171    -37.592174
   4.39402    -37.592292    -37.592295
   4.39402    -37.592292    -37.592295
   4.44767    -37.592186    -37.592188
   4.50131    -37.591870    -37.591872
   4.55496    -37.591356    -37.591359
   4.60860    -37.590664    -37.590666
   4.66225    -37.589820    -37.589823
   4.71589    -37.588858    -37.588861
   4.76954    -37.587813    -37.587816
   4.82318    -37.586726    -37.586728
   4.87683    -37.585639    -37.585642
   4.93047    -37.584593    -37.584595
   4.98412    -37.583628    -37.583631
   5.03776    -37.582783    -37.582785
   5.09141    -37.582089    -37.582092
   5.14505    -37.581574    -37.581577
   5.19870    -37.581257    -37.581260
   5.25234    -37.581150    -37.581153
 
# Band-Index    2
   5.25234    -37.578549    -37.578553
   5.19870    -37.578656    -37.578659
   5.14505    -37.578973    -37.578977
   5.09141    -37.579489    -37.579492
   5.03776    -37.580182    -37.580185
   4.98412    -37.581027    -37.581031
   4.93047    -37.581992    -37.581995
   4.87683    -37.583039    -37.583042
   4.82318    -37.584126    -37.584129
   4.76954    -37.585213    -37.585216
   4.71589    -37.586258    -37.586262
   4.66225    -37.587220    -37.587224
   4.60860    -37.588064    -37.588067
   4.55496    -37.588757    -37.588760
   4.50131    -37.589270    -37.589274
   4.44767    -37.589586    -37.589590
   4.39402    -37.589693    -37.589696
   4.39402    -37.589693    -37.589696
   4.33749    -37.589572    -37.589575
   4.28096    -37.589213    -37.589216
   4.22442    -37.588631    -37.588635
   4.16789    -37.587851    -37.587854
   4.11135    -37.586910    -37.586913
   4.05482    -37.585845    -37.585849
   3.99829    -37.584705    -37.584708
   3.94175    -37.583539    -37.583542
   3.88522    -37.582397    -37.582401
   3.82868    -37.581332    -37.581335
   3.77215    -37.580388    -37.580391
   3.71562    -37.579606    -37.579609
   3.65908    -37.579024    -37.579027
   3.60255    -37.578664    -37.578667
   3.54601    -37.578543    -37.578546
   3.54601    -37.578553    -37.578556
   3.49237    -37.578660    -37.578663
   3.43874    -37.578977    -37.578980
   3.38510    -37.579492    -37.579495
   3.33146    -37.580185    -37.580189
   3.27782    -37.581030    -37.581034
   3.22418    -37.581995    -37.581998
   3.17054    -37.583041    -37.583044
   3.11690    -37.584127    -37.584131
   3.06326    -37.585214    -37.585218
   3.00962    -37.586260    -37.586263
   2.95598    -37.587221    -37.587225
   2.90234    -37.588065    -37.588068
   2.84870    -37.588757    -37.588760
   2.79506    -37.589271    -37.589274
   2.74142    -37.589586    -37.589590
   2.68778    -37.589693    -37.589696
   2.68778    -37.589693    -37.589696
   2.63413    -37.589586    -37.589590
   2.58047    -37.589271    -37.589274
   2.52682    -37.588756    -37.588760
   2.47317    -37.588063    -37.588067
   2.41951    -37.587219    -37.587222
   2.36586    -37.586256    -37.586260
   2.31220    -37.585210    -37.585213
   2.25855    -37.584122    -37.584125
   2.20490    -37.583034    -37.583037
   2.15124    -37.581986    -37.581990
   2.09759    -37.581021    -37.581024
   2.04394    -37.580175    -37.580179
   1.99028    -37.579481    -37.579485
   1.93663    -37.578966    -37.578969
   1.88297    -37.578649    -37.578652
   1.82932    -37.578543    -37.578546
   1.82932    -37.578553    -37.578556
   1.77280    -37.578674    -37.578678
   1.71628    -37.579034    -37.579038
   1.65977    -37.579616    -37.579620
   1.60325    -37.580398    -37.580401
   1.54673    -37.581341    -37.581344
   1.49021    -37.582405    -37.582409
   1.43369    -37.583545    -37.583548
   1.37717    -37.584710    -37.584713
   1.32066    -37.585849    -37.585853
   1.26414    -37.586912    -37.586916
   1.20762    -37.587853    -37.587856
   1.15110    -37.588632    -37.588635
   1.09458    -37.589213    -37.589217
   1.03806    -37.589572    -37.589575
   0.98155    -37.589693    -37.589696
   0.98155    -37.589693    -37.589696
   0.94812    -37.589693    -37.589696
   0.91469    -37.589694    -37.589697
   0.88127    -37.589693    -37.589697
   0.84784    -37.589694    -37.589697
   0.84784    -37.578550    -37.578553
   0.79132    -37.578671    -37.578674
   0.73480    -37.579031    -37.579034
   0.67828    -37.579613    -37.579616
   0.62175    -37.580395    -37.580398
   0.56523    -37.581338    -37.581342
   0.50871    -37.582403    -37.582406
   0.45218    -37.583543    -37.583546
   0.39566    -37.584708    -37.584712
   0.33914    -37.585848    -37.585851
   0.28261    -37.586911    -37.586915
   0.22609    -37.587852    -37.587855
   0.16957    -37.588632    -37.588635
   0.11305    -37.589213    -37.589216
   0.05652    -37.589572    -37.589575
   0.00000    -37.589693    -37.589696
 
# Band-Index    3
   0.00000    -37.584321    -37.584323
   0.05652    -37.584200    -37.584202
   0.11305    -37.583841    -37.583843
   0.16957    -37.583259    -37.583261
   0.22609    -37.582478    -37.582481
   0.28261    -37.581537    -37.581539
   0.33914    -37.580472    -37.580475
   0.39566    -37.579331    -37.579334
   0.45218    -37.578165    -37.578168
   0.50871    -37.577024    -37.577026
   0.56523    -37.575958    -37.575961
   0.62175    -37.575013    -37.575016
   0.67828    -37.574231    -37.574234
   0.73480    -37.573649    -37.573651
   0.79132    -37.573288    -37.573290
   0.84784    -37.573167    -37.573169
   0.84784    -37.584322    -37.584324
   0.88127    -37.584322    -37.584324
   0.91469    -37.584322    -37.584324
   0.94812    -37.584321    -37.584323
   0.98155    -37.584321    -37.584323
   0.98155    -37.584321    -37.584323
   1.03806    -37.584200    -37.584202
   1.09458    -37.583841    -37.583843
   1.15110    -37.583259    -37.583262
   1.20762    -37.582479    -37.582481
   1.26414    -37.581538    -37.581540
   1.32066    -37.580474    -37.580476
   1.37717    -37.579333    -37.579336
   1.43369    -37.578168    -37.578170
   1.49021    -37.577027    -37.577029
   1.54673    -37.575962    -37.575964
   1.60325    -37.575017    -37.575020
   1.65977    -37.574235    -37.574238
   1.71628    -37.573653    -37.573655
   1.77280    -37.573292    -37.573295
   1.82932    -37.573171    -37.573174
   1.82932    -37.573158    -37.573161
   1.88297    -37.573264    -37.573267
   1.93663    -37.573582    -37.573584
   1.99028    -37.574098    -37.574100
   2.04394    -37.574792    -37.574795
   2.09759    -37.575639    -37.575642
   2.15124    -37.576606    -37.576608
   2.20490    -37.577654    -37.577657
   2.25855    -37.578743    -37.578746
   2.31220    -37.579833    -37.579835
   2.36586    -37.580880    -37.580883
   2.41951    -37.581844    -37.581847
   2.47317    -37.582689    -37.582692
   2.52682    -37.583383    -37.583386
   2.58047    -37.583898    -37.583901
   2.63413    -37.584214    -37.584217
   2.68778    -37.584321    -37.584323
   2.68778    -37.584321    -37.584323
   2.74142    -37.584214    -37.584217
   2.79506    -37.583898    -37.583901
   2.84870    -37.583384    -37.583387
   2.90234    -37.582691    -37.582694
   2.95598    -37.581847    -37.581850
   3.00962    -37.580885    -37.580887
   3.06326    -37.579838    -37.579841
   3.11690    -37.578751    -37.578753
   3.17054    -37.577663    -37.577665
   3.22418    -37.576616    -37.576618
   3.27782    -37.575651    -37.575653
   3.33146    -37.574805    -37.574807
   3.38510    -37.574111    -37.574113
   3.43874    -37.573595    -37.573598
   3.49237    -37.573278    -37.573280
   3.54601    -37.573171    -37.573174
   3.54601    -37.573158    -37.573161
   3.60255    -37.573279    -37.573281
   3.65908    -37.573639    -37.573642
   3.71562    -37.574222    -37.574225
   3.77215    -37.575005    -37.575008
   3.82868    -37.575950    -37.575953
   3.88522    -37.577017    -37.577020
   3.94175    -37.578160    -37.578162
   3.99829    -37.579327    -37.579330
   4.05482    -37.580469    -37.580472
   4.11135    -37.581535    -37.581537
   4.16789    -37.582477    -37.582480
   4.22442    -37.583258    -37.583261
   4.28096    -37.583841    -37.583843
   4.33749    -37.584200    -37.584202
   4.39402    -37.584321    -37.584323
   4.39402    -37.584321    -37.584323
   4.44767    -37.584214    -37.584217
   4.50131    -37.583898    -37.583901
   4.55496    -37.583384    -37.583386
   4.60860    -37.582690    -37.582693
   4.66225    -37.581846    -37.581848
   4.71589    -37.580883    -37.580886
   4.76954    -37.579837    -37.579839
   4.82318    -37.578748    -37.578751
   4.87683    -37.577660    -37.577663
   4.93047    -37.576613    -37.576615
   4.98412    -37.575647    -37.575649
   5.03776    -37.574801    -37.574803
   5.09141    -37.574107    -37.574109
   5.14505    -37.573591    -37.573593
   5.19870    -37.573273    -37.573276
   5.25234    -37.573166    -37.573169
 
# Band-Index    4
   5.25234    -18.495940    -18.495941
   5.19870    -18.494035    -18.494036
   5.14505    -18.488391    -18.488392
   5.09141    -18.479205    -18.479206
   5.03776    -18.466798    -18.466799
   4.98412    -18.451618    -18.451619
   4.93047    -18.434246    -18.434247
   4.87683    -18.415485    -18.415486
   4.82318    -18.399121    -18.399123
   4.76954    -18.401275    -18.401277
   4.71589    -18.406517    -18.406519
   4.66225    -18.411544    -18.411545
   4.60860    -18.415989    -18.415990
   4.55496    -18.419647    -18.419648
   4.50131    -18.422367    -18.422368
   4.44767    -18.424041    -18.424042
   4.39402    -18.424606    -18.424607
   4.39402    -18.424606    -18.424607
   4.33749    -18.423965    -18.423966
   4.28096    -18.422070    -18.422071
   4.22442    -18.419004    -18.419005
   4.16789    -18.414907    -18.414908
   4.11135    -18.409978    -18.409979
   4.05482    -18.404513    -18.404514
   3.99829    -18.399432    -18.399433
   3.94175    -18.407968    -18.407970
   3.88522    -18.428006    -18.428008
   3.82868    -18.447161    -18.447163
   3.77215    -18.464104    -18.464106
   3.71562    -18.478059    -18.478061
   3.65908    -18.488445    -18.488448
   3.60255    -18.494849    -18.494851
   3.54601    -18.497014    -18.497016
   3.54601    -18.496470    -18.496473
   3.49237    -18.494567    -18.494570
   3.43874    -18.488929    -18.488933
   3.38510    -18.479753    -18.479757
   3.33146    -18.467360    -18.467363
   3.27782    -18.452196    -18.452200
   3.22418    -18.434844    -18.434847
   3.17054    -18.416100    -18.416103
   3.11690    -18.399521    -18.399522
   3.06326    -18.401349    -18.401350
   3.00962    -18.406562    -18.406563
   2.95598    -18.411574    -18.411575
   2.90234    -18.416008    -18.416009
   2.84870    -18.419658    -18.419659
   2.79506    -18.422372    -18.422373
   2.74142    -18.424042    -18.424043
   2.68778    -18.424606    -18.424607
   2.68778    -18.424606    -18.424607
   2.63413    -18.424043    -18.424044
   2.58047    -18.422374    -18.422375
   2.52682    -18.419662    -18.419663
   2.47317    -18.416017    -18.416018
   2.41951    -18.411591    -18.411593
   2.36586    -18.406598    -18.406599
   2.31220    -18.401444    -18.401445
   2.25855    -18.400063    -18.400065
   2.20490    -18.416672    -18.416674
   2.15124    -18.435390    -18.435392
   2.09759    -18.452735    -18.452737
   2.04394    -18.467898    -18.467900
   1.99028    -18.480293    -18.480295
   1.93663    -18.489471    -18.489473
   1.88297    -18.495109    -18.495112
   1.82932    -18.497014    -18.497016
   1.82932    -18.496470    -18.496473
   1.77280    -18.494306    -18.494309
   1.71628    -18.487904    -18.487908
   1.65977    -18.477520    -18.477524
   1.60325    -18.463565    -18.463568
   1.54673    -18.446621    -18.446625
   1.49021    -18.427454    -18.427457
   1.43369    -18.407364    -18.407367
   1.37717    -18.399239    -18.399240
   1.32066    -18.404462    -18.404463
   1.26414    -18.409955    -18.409956
   1.20762    -18.414896    -18.414897
   1.15110    -18.418998    -18.418999
   1.09458    -18.422068    -18.422069
   1.03806    -18.423965    -18.423966
   0.98155    -18.424606    -18.424607
   0.98155    -18.424606    -18.424607
   0.94812    -18.424614    -18.424615
   0.91469    -18.424607    -18.424608
   0.88127    -18.424607    -18.424608
   0.84784    -18.424606    -18.424607
   0.84784    -18.495940    -18.495941
   0.79132    -18.493773    -18.493774
   0.73480    -18.487365    -18.487366
   0.67828    -18.476970    -18.476971
   0.62175    -18.462999    -18.463000
   0.56523    -18.446036    -18.446037
   0.50871    -18.426848    -18.426849
   0.45218    -18.406758    -18.406760
   0.39566    -18.399119    -18.399120
   0.33914    -18.404409    -18.404411
   0.28261    -18.409921    -18.409923
   0.22609    -18.414874    -18.414875
   0.16957    -18.418986    -18.418987
   0.11305    -18.422063    -18.422064
   0.05652    -18.423963    -18.423964
   0.00000    -18.424606    -18.424607
 
# Band-Index    5
   0.00000    -18.422529    -18.422532
   0.05652    -18.421888    -18.421890
   0.11305    -18.419990    -18.419992
   0.16957    -18.416918    -18.416920
   0.22609    -18.412813    -18.412815
   0.28261    -18.407872    -18.407874
   0.33914    -18.402383    -18.402386
   0.39566    -18.397190    -18.397193
   0.45218    -18.405151    -18.405153
   0.50871    -18.425198    -18.425199
   0.56523    -18.444368    -18.444369
   0.62175    -18.461321    -18.461322
   0.67828    -18.475285    -18.475286
   0.73480    -18.485676    -18.485677
   0.79132    -18.492082    -18.492083
   0.84784    -18.494248    -18.494249
   0.84784    -18.422530    -18.422532
   0.88127    -18.422530    -18.422533
   0.91469    -18.422530    -18.422533
   0.94812    -18.422538    -18.422540
   0.98155    -18.422529    -18.422532
   0.98155    -18.422529    -18.422532
   1.03806    -18.421886    -18.421889
   1.09458    -18.419984    -18.419987
   1.15110    -18.416905    -18.416908
   1.20762    -18.412789    -18.412792
   1.26414    -18.407831    -18.407833
   1.32066    -18.402308    -18.402311
   1.37717    -18.396977    -18.396979
   1.43369    -18.404424    -18.404427
   1.49021    -18.424529    -18.424532
   1.54673    -18.443727    -18.443731
   1.60325    -18.460697    -18.460701
   1.65977    -18.474673    -18.474678
   1.71628    -18.485073    -18.485077
   1.77280    -18.491484    -18.491488
   1.82932    -18.493651    -18.493655
   1.82932    -18.494484    -18.494487
   1.88297    -18.492578    -18.492581
   1.93663    -18.486933    -18.486936
   1.99028    -18.477747    -18.477750
   2.04394    -18.465340    -18.465343
   2.09759    -18.450162    -18.450165
   2.15124    -18.432801    -18.432803
   2.20490    -18.414070    -18.414073
   2.25855    -18.397643    -18.397645
   2.31220    -18.399305    -18.399307
   2.36586    -18.404485    -18.404487
   2.41951    -18.409490    -18.409493
   2.47317    -18.413925    -18.413928
   2.52682    -18.417577    -18.417580
   2.58047    -18.420293    -18.420296
   2.63413    -18.421966    -18.421968
   2.68778    -18.422529    -18.422532
   2.68778    -18.422529    -18.422532
   2.74142    -18.421964    -18.421967
   2.79506    -18.420289    -18.420291
   2.84870    -18.417567    -18.417569
   2.90234    -18.413905    -18.413908
   2.95598    -18.409456    -18.409458
   3.00962    -18.404421    -18.404424
   3.06326    -18.399161    -18.399163
   3.11690    -18.396849    -18.396851
   3.17054    -18.413157    -18.413161
   3.22418    -18.431931    -18.431934
   3.27782    -18.449311    -18.449315
   3.33146    -18.464498    -18.464502
   3.38510    -18.476910    -18.476914
   3.43874    -18.486099    -18.486104
   3.49237    -18.491745    -18.491749
   3.54601    -18.493651    -18.493655
   3.54601    -18.494484    -18.494487
   3.60255    -18.492317    -18.492320
   3.65908    -18.485907    -18.485910
   3.71562    -18.475511    -18.475514
   3.77215    -18.461542    -18.461545
   3.82868    -18.444583    -18.444585
   3.88522    -18.425410    -18.425413
   3.94175    -18.405377    -18.405380
   3.99829    -18.397252    -18.397254
   4.05482    -18.402392    -18.402395
   4.11135    -18.407873    -18.407875
   4.16789    -18.412812    -18.412815
   4.22442    -18.416917    -18.416920
   4.28096    -18.419989    -18.419992
   4.33749    -18.421888    -18.421890
   4.39402    -18.422529    -18.422532
   4.39402    -18.422529    -18.422532
   4.44767    -18.421965    -18.421968
   4.50131    -18.420294    -18.420296
   4.55496    -18.417578    -18.417580
   4.60860    -18.413926    -18.413928
   4.66225    -18.409490    -18.409493
   4.71589    -18.404480    -18.404482
   4.76954    -18.399280    -18.399283
   4.82318    -18.397448    -18.397452
   4.87683    -18.413853    -18.413855
   4.93047    -18.432587    -18.432589
   4.98412    -18.449946    -18.449947
   5.03776    -18.465118    -18.465119
   5.09141    -18.477519    -18.477521
   5.14505    -18.486702    -18.486703
   5.19870    -18.492343    -18.492344
   5.25234    -18.494247    -18.494249
 
# Band-Index    6
   5.25234    -18.489685    -18.489687
   5.19870    -18.487777    -18.487779
   5.14505    -18.482127    -18.482129
   5.09141    -18.472929    -18.472931
   5.03776    -18.460508    -18.460510
   4.98412    -18.445311    -18.445313
   4.93047    -18.427927    -18.427929
   4.87683    -18.409178    -18.409180
   4.82318    -18.393084    -18.393088
   4.76954    -18.395240    -18.395243
   4.71589    -18.400465    -18.400468
   4.66225    -18.405491    -18.405494
   4.60860    -18.409939    -18.409942
   4.55496    -18.413601    -18.413604
   4.50131    -18.416324    -18.416327
   4.44767    -18.418001    -18.418003
   4.39402    -18.418566    -18.418569
   4.39402    -18.418566    -18.418569
   4.33749    -18.417922    -18.417924
   4.28096    -18.416015    -18.416017
   4.22442    -18.412928    -18.412931
   4.16789    -18.408804    -18.408807
   4.11135    -18.403839    -18.403841
   4.05482    -18.398320    -18.398323
   3.99829    -18.393040    -18.393043
   3.94175    -18.400061    -18.400064
   3.88522    -18.420065    -18.420067
   3.82868    -18.439279    -18.439281
   3.77215    -18.456279    -18.456281
   3.71562    -18.470282    -18.470284
   3.65908    -18.480703    -18.480706
   3.60255    -18.487128    -18.487131
   3.54601    -18.489301    -18.489303
   3.54601    -18.489215    -18.489218
   3.49237    -18.487307    -18.487310
   3.43874    -18.481654    -18.481658
   3.38510    -18.472453    -18.472457
   3.33146    -18.460027    -18.460030
   3.27782    -18.444824    -18.444827
   3.22418    -18.427430    -18.427433
   3.17054    -18.408668    -18.408671
   3.11690    -18.392734    -18.392735
   3.06326    -18.395181    -18.395183
   3.00962    -18.400436    -18.400438
   2.95598    -18.405474    -18.405476
   2.90234    -18.409929    -18.409931
   2.84870    -18.413595    -18.413598
   2.79506    -18.416322    -18.416324
   2.74142    -18.418000    -18.418003
   2.68778    -18.418566    -18.418569
   2.68778    -18.418566    -18.418569
   2.63413    -18.418000    -18.418002
   2.58047    -18.416320    -18.416323
   2.52682    -18.413591    -18.413594
   2.47317    -18.409922    -18.409925
   2.41951    -18.405465    -18.405468
   2.36586    -18.400429    -18.400432
   2.31220    -18.395190    -18.395192
   2.25855    -18.392848    -18.392851
   2.20490    -18.408713    -18.408715
   2.15124    -18.427470    -18.427472
   2.09759    -18.444872    -18.444874
   2.04394    -18.460086    -18.460089
   1.99028    -18.472523    -18.472526
   1.93663    -18.481732    -18.481734
   1.88297    -18.487390    -18.487392
   1.82932    -18.489301    -18.489303
   1.82932    -18.489215    -18.489219
   1.77280    -18.487045    -18.487048
   1.71628    -18.480626    -18.480630
   1.65977    -18.470214    -18.470218
   1.60325    -18.456222    -18.456225
   1.54673    -18.439235    -18.439238
   1.49021    -18.420027    -18.420030
   1.43369    -18.399992    -18.399994
   1.37717    -18.393001    -18.393003
   1.32066    -18.398323    -18.398326
   1.26414    -18.403847    -18.403850
   1.20762    -18.408811    -18.408814
   1.15110    -18.412933    -18.412935
   1.09458    -18.416017    -18.416019
   1.03806    -18.417922    -18.417925
   0.98155    -18.418566    -18.418569
   0.98155    -18.418566    -18.418569
   0.94812    -18.418574    -18.418577
   0.91469    -18.418567    -18.418570
   0.88127    -18.418567    -18.418570
   0.84784    -18.418566    -18.418569
   0.84784    -18.489686    -18.489687
   0.79132    -18.487516    -18.487518
   0.73480    -18.481099    -18.481101
   0.67828    -18.470691    -18.470693
   0.62175    -18.456704    -18.456706
   0.56523    -18.439725    -18.439727
   0.50871    -18.420528    -18.420530
   0.45218    -18.400502    -18.400505
   0.39566    -18.393110    -18.393114
   0.33914    -18.398361    -18.398364
   0.28261    -18.403868    -18.403871
   0.22609    -18.408823    -18.408826
   0.16957    -18.412939    -18.412942
   0.11305    -18.416019    -18.416022
   0.05652    -18.417923    -18.417925
   0.00000    -18.418566    -18.418569
 
# Band-Index    7
   0.00000    -18.290802    -18.290804
   0.05652    -18.291916    -18.291917
   0.11305    -18.298744    -18.298744
   0.16957    -18.309864    -18.309865
   0.22609    -18.324675    -18.324676
   0.28261    -18.342439    -18.342440
   0.33914    -18.362255    -18.362255
   0.39566    -18.382691    -18.382691
   0.45218    -18.390347    -18.390347
   0.50871    -18.385029    -18.385030
   0.56523    -18.379477    -18.379478
   0.62175    -18.374469    -18.374470
   0.67828    -18.370301    -18.370302
   0.73480    -18.367174    -18.367175
   0.79132    -18.365238    -18.365238
   0.84784    -18.364583    -18.364584
   0.84784    -18.290804    -18.290807
   0.88127    -18.290805    -18.290808
   0.91469    -18.290804    -18.290807
   0.94812    -18.290807    -18.290809
   0.98155    -18.290802    -18.290804
   0.98155    -18.290802    -18.290804
   1.03806    -18.292770    -18.292773
   1.09458    -18.299528    -18.299532
   1.15110    -18.310610    -18.310613
   1.20762    -18.325393    -18.325396
   1.26414    -18.343130    -18.343133
   1.32066    -18.362913    -18.362917
   1.37717    -18.383269    -18.383273
   1.43369    -18.390428    -18.390430
   1.49021    -18.385100    -18.385101
   1.54673    -18.379558    -18.379559
   1.60325    -18.374561    -18.374562
   1.65977    -18.370401    -18.370403
   1.71628    -18.367281    -18.367282
   1.77280    -18.365349    -18.365350
   1.82932    -18.364696    -18.364697
   1.82932    -18.364657    -18.364658
   1.88297    -18.365231    -18.365232
   1.93663    -18.366931    -18.366932
   1.99028    -18.369688    -18.369689
   2.04394    -18.373387    -18.373388
   2.09759    -18.377869    -18.377870
   2.15124    -18.382916    -18.382917
   2.20490    -18.388148    -18.388149
   2.25855    -18.390574    -18.390575
   2.31220    -18.374841    -18.374842
   2.36586    -18.355729    -18.355731
   2.41951    -18.337737    -18.337739
   2.47317    -18.321803    -18.321805
   2.52682    -18.308635    -18.308637
   2.58047    -18.298814    -18.298816
   2.63413    -18.292776    -18.292779
   2.68778    -18.290802    -18.290804
   2.68778    -18.290802    -18.290804
   2.74142    -18.292507    -18.292511
   2.79506    -18.298434    -18.298437
   2.84870    -18.308230    -18.308233
   2.90234    -18.321388    -18.321392
   2.95598    -18.337321    -18.337325
   3.00962    -18.355322    -18.355325
   3.06326    -18.374483    -18.374487
   3.11690    -18.390655    -18.390658
   3.17054    -18.388250    -18.388251
   3.22418    -18.382984    -18.382985
   3.27782    -18.377923    -18.377925
   3.33146    -18.373434    -18.373435
   3.38510    -18.369731    -18.369732
   3.43874    -18.366972    -18.366973
   3.49237    -18.365270    -18.365272
   3.54601    -18.364695    -18.364697
   3.54601    -18.364658    -18.364659
   3.60255    -18.365310    -18.365311
   3.65908    -18.367240    -18.367241
   3.71562    -18.370358    -18.370359
   3.77215    -18.374513    -18.374514
   3.82868    -18.379501    -18.379502
   3.88522    -18.385022    -18.385023
   3.94175    -18.390291    -18.390292
   3.99829    -18.383533    -18.383535
   4.05482    -18.363310    -18.363312
   4.11135    -18.343545    -18.343547
   4.16789    -18.325808    -18.325810
   4.22442    -18.311018    -18.311019
   4.28096    -18.299914    -18.299916
   4.33749    -18.293054    -18.293056
   4.39402    -18.290802    -18.290804
   4.39402    -18.290802    -18.290804
   4.44767    -18.291669    -18.291669
   4.50131    -18.297642    -18.297643
   4.55496    -18.307479    -18.307479
   4.60860    -18.320664    -18.320664
   4.66225    -18.336622    -18.336623
   4.71589    -18.354650    -18.354651
   4.76954    -18.373853    -18.373854
   4.82318    -18.390362    -18.390362
   4.87683    -18.388183    -18.388183
   4.93047    -18.382910    -18.382911
   4.98412    -18.377839    -18.377840
   5.03776    -18.373340    -18.373341
   5.09141    -18.369629    -18.369630
   5.14505    -18.366864    -18.366865
   5.19870    -18.365159    -18.365160
   5.25234    -18.364583    -18.364584
 
# Band-Index    8
   5.25234    -18.362531    -18.362533
   5.19870    -18.363106    -18.363109
   5.14505    -18.364809    -18.364811
   5.09141    -18.367570    -18.367572
   5.03776    -18.371275    -18.371277
   4.98412    -18.375766    -18.375768
   4.93047    -18.380823    -18.380825
   4.87683    -18.386069    -18.386071
   4.82318    -18.388289    -18.388289
   4.76954    -18.372103    -18.372103
   4.71589    -18.352943    -18.352944
   4.66225    -18.334932    -18.334933
   4.60860    -18.318985    -18.318986
   4.55496    -18.305810    -18.305810
   4.50131    -18.295986    -18.295987
   4.44767    -18.291065    -18.291068
   4.39402    -18.289437    -18.289438
   4.39402    -18.289437    -18.289438
   4.33749    -18.290322    -18.290324
   4.28096    -18.297187    -18.297190
   4.22442    -18.308305    -18.308307
   4.16789    -18.323112    -18.323115
   4.11135    -18.340869    -18.340872
   4.05482    -18.360661    -18.360664
   3.99829    -18.380955    -18.380958
   3.94175    -18.388134    -18.388137
   3.88522    -18.382881    -18.382884
   3.82868    -18.377351    -18.377354
   3.77215    -18.372355    -18.372357
   3.71562    -18.368193    -18.368195
   3.65908    -18.365070    -18.365072
   3.60255    -18.363136    -18.363139
   3.54601    -18.362483    -18.362486
   3.54601    -18.362478    -18.362480
   3.49237    -18.363054    -18.363057
   3.43874    -18.364761    -18.364763
   3.38510    -18.367528    -18.367531
   3.33146    -18.371242    -18.371245
   3.27782    -18.375746    -18.375748
   3.22418    -18.380823    -18.380825
   3.17054    -18.386105    -18.386108
   3.11690    -18.388225    -18.388230
   3.06326    -18.371555    -18.371559
   3.00962    -18.352330    -18.352334
   2.95598    -18.334291    -18.334295
   2.90234    -18.318324    -18.318328
   2.84870    -18.305131    -18.305135
   2.79506    -18.295284    -18.295288
   2.74142    -18.290223    -18.290224
   2.68778    -18.289437    -18.289438
   2.68778    -18.289437    -18.289438
   2.63413    -18.290045    -18.290047
   2.58047    -18.296087    -18.296089
   2.52682    -18.305919    -18.305922
   2.47317    -18.319102    -18.319105
   2.41951    -18.335055    -18.335058
   2.36586    -18.353069    -18.353072
   2.31220    -18.372216    -18.372219
   2.25855    -18.388241    -18.388244
   2.20490    -18.386007    -18.386010
   2.15124    -18.380772    -18.380775
   2.09759    -18.375717    -18.375720
   2.04394    -18.371228    -18.371230
   1.99028    -18.367522    -18.367524
   1.93663    -18.364760    -18.364763
   1.88297    -18.363057    -18.363060
   1.82932    -18.362483    -18.362485
   1.82932    -18.362478    -18.362481
   1.77280    -18.363133    -18.363136
   1.71628    -18.365071    -18.365074
   1.65977    -18.368200    -18.368203
   1.60325    -18.372373    -18.372375
   1.54673    -18.377386    -18.377388
   1.49021    -18.382946    -18.382949
   1.43369    -18.388275    -18.388278
   1.37717    -18.380423    -18.380427
   1.32066    -18.359941    -18.359945
   1.26414    -18.340111    -18.340115
   1.20762    -18.322338    -18.322341
   1.15110    -18.307518    -18.307522
   1.09458    -18.296388    -18.296391
   1.03806    -18.290302    -18.290302
   0.98155    -18.289437    -18.289438
   0.98155    -18.289437    -18.289438
   0.94812    -18.289442    -18.289443
   0.91469    -18.289439    -18.289440
   0.88127    -18.289440    -18.289441
   0.84784    -18.289439    -18.289440
   0.84784    -18.362531    -18.362534
   0.79132    -18.363185    -18.363187
   0.73480    -18.365119    -18.365121
   0.67828    -18.368241    -18.368243
   0.62175    -18.372403    -18.372405
   0.56523    -18.377400    -18.377402
   0.50871    -18.382935    -18.382937
   0.45218    -18.388209    -18.388211
   0.39566    -18.380875    -18.380875
   0.33914    -18.360536    -18.360537
   0.28261    -18.340745    -18.340745
   0.22609    -18.322994    -18.322994
   0.16957    -18.308193    -18.308194
   0.11305    -18.297086    -18.297086
   0.05652    -18.291159    -18.291162
   0.00000    -18.289437    -18.289438
 
# Band-Index    9
   0.00000    -18.288110    -18.288111
   0.05652    -18.290243    -18.290243
   0.11305    -18.292688    -18.292691
   0.16957    -18.303291    -18.303293
   0.22609    -18.318124    -18.318126
   0.28261    -18.335910    -18.335912
   0.33914    -18.355742    -18.355744
   0.39566    -18.376160    -18.376161
   0.45218    -18.384085    -18.384087
   0.50871    -18.378851    -18.378853
   0.56523    -18.373308    -18.373310
   0.62175    -18.368299    -18.368301
   0.67828    -18.364126    -18.364129
   0.73480    -18.360996    -18.360998
   0.79132    -18.359057    -18.359059
   0.84784    -18.358401    -18.358404
   0.84784    -18.288112    -18.288114
   0.88127    -18.288113    -18.288114
   0.91469    -18.288112    -18.288113
   0.94812    -18.288115    -18.288116
   0.98155    -18.288110    -18.288111
   0.98155    -18.288110    -18.288111
   1.03806    -18.289481    -18.289485
   1.09458    -18.291890    -18.291891
   1.15110    -18.302792    -18.302796
   1.20762    -18.317628    -18.317631
   1.26414    -18.335422    -18.335426
   1.32066    -18.355271    -18.355275
   1.37717    -18.375761    -18.375766
   1.43369    -18.384089    -18.384093
   1.49021    -18.378847    -18.378850
   1.54673    -18.373293    -18.373296
   1.60325    -18.368277    -18.368280
   1.65977    -18.364099    -18.364102
   1.71628    -18.360965    -18.360968
   1.77280    -18.359024    -18.359027
   1.82932    -18.358368    -18.358371
   1.82932    -18.358271    -18.358273
   1.88297    -18.358848    -18.358851
   1.93663    -18.360558    -18.360561
   1.99028    -18.363332    -18.363335
   2.04394    -18.367054    -18.367057
   2.09759    -18.371563    -18.371566
   2.15124    -18.376637    -18.376639
   2.20490    -18.381875    -18.381878
   2.25855    -18.383521    -18.383523
   2.31220    -18.366790    -18.366792
   2.36586    -18.347556    -18.347558
   2.41951    -18.329486    -18.329488
   2.47317    -18.313488    -18.313490
   2.52682    -18.300267    -18.300269
   2.58047    -18.291278    -18.291279
   2.63413    -18.289956    -18.289957
   2.68778    -18.288110    -18.288111
   2.68778    -18.288110    -18.288111
   2.74142    -18.289200    -18.289204
   2.79506    -18.291651    -18.291651
   2.84870    -18.300403    -18.300406
   2.90234    -18.313610    -18.313613
   2.95598    -18.329595    -18.329599
   3.00962    -18.347654    -18.347657
   3.06326    -18.366891    -18.366895
   3.11690    -18.383713    -18.383718
   3.17054    -18.381984    -18.381988
   3.22418    -18.376729    -18.376732
   3.27782    -18.371653    -18.371656
   3.33146    -18.367145    -18.367148
   3.38510    -18.363426    -18.363429
   3.43874    -18.360654    -18.360657
   3.49237    -18.358945    -18.358948
   3.54601    -18.358368    -18.358370
   3.54601    -18.358271    -18.358274
   3.60255    -18.358927    -18.358930
   3.65908    -18.360870    -18.360872
   3.71562    -18.364006    -18.364009
   3.77215    -18.368186    -18.368189
   3.82868    -18.373204    -18.373206
   3.88522    -18.378752    -18.378755
   3.94175    -18.383949    -18.383951
   3.99829    -18.375638    -18.375640
   4.05482    -18.355176    -18.355178
   4.11135    -18.335318    -18.335320
   4.16789    -18.317509    -18.317511
   4.22442    -18.302659    -18.302661
   4.28096    -18.291513    -18.291514
   4.33749    -18.290020    -18.290022
   4.39402    -18.288110    -18.288111
   4.39402    -18.288110    -18.288111
   4.44767    -18.289969    -18.289970
   4.50131    -18.292454    -18.292457
   4.55496    -18.300902    -18.300903
   4.60860    -18.314107    -18.314109
   4.66225    -18.330086    -18.330088
   4.71589    -18.348133    -18.348134
   4.76954    -18.367339    -18.367340
   4.82318    -18.383870    -18.383870
   4.87683    -18.381981    -18.381983
   4.93047    -18.376738    -18.376740
   4.98412    -18.371670    -18.371672
   5.03776    -18.367169    -18.367171
   5.09141    -18.363454    -18.363456
   5.14505    -18.360686    -18.360688
   5.19870    -18.358978    -18.358980
   5.25234    -18.358401    -18.358403
 
# Band-Index   10
   5.25234    -18.335050    -18.335053
   5.19870    -18.334628    -18.334631
   5.14505    -18.333381    -18.333384
   5.09141    -18.331355    -18.331358
   5.03776    -18.328626    -18.328629
   4.98412    -18.325293    -18.325296
   4.93047    -18.321484    -18.321487
   4.87683    -18.317344    -18.317347
   4.82318    -18.313027    -18.313030
   4.76954    -18.308699    -18.308702
   4.71589    -18.304531    -18.304534
   4.66225    -18.300684    -18.300687
   4.60860    -18.297307    -18.297310
   4.55496    -18.294529    -18.294532
   4.50131    -18.291045    -18.291046
   4.44767    -18.287762    -18.287766
   4.39402    -18.287127    -18.287130
   4.39402    -18.287127    -18.287130
   4.33749    -18.287754    -18.287756
   4.28096    -18.291509    -18.291511
   4.22442    -18.293866    -18.293867
   4.16789    -18.296996    -18.296998
   4.11135    -18.300770    -18.300772
   4.05482    -18.305023    -18.305025
   3.99829    -18.309571    -18.309573
   3.94175    -18.314212    -18.314214
   3.88522    -18.318737    -18.318739
   3.82868    -18.322954    -18.322956
   3.77215    -18.326683    -18.326685
   3.71562    -18.329760    -18.329762
   3.65908    -18.332057    -18.332059
   3.60255    -18.333476    -18.333478
   3.54601    -18.333957    -18.333959
   3.54601    -18.334262    -18.334262
   3.49237    -18.333840    -18.333840
   3.43874    -18.332593    -18.332594
   3.38510    -18.330570    -18.330571
   3.33146    -18.327843    -18.327844
   3.27782    -18.324513    -18.324513
   3.22418    -18.320707    -18.320707
   3.17054    -18.316569    -18.316570
   3.11690    -18.312256    -18.312257
   3.06326    -18.307931    -18.307931
   3.00962    -18.303766    -18.303766
   2.95598    -18.299919    -18.299920
   2.90234    -18.296540    -18.296540
   2.84870    -18.293753    -18.293753
   2.79506    -18.290554    -18.290558
   2.74142    -18.288533    -18.288533
   2.68778    -18.287127    -18.287130
   2.68778    -18.287127    -18.287130
   2.63413    -18.287689    -18.287691
   2.58047    -18.290405    -18.290407
   2.52682    -18.293362    -18.293363
   2.47317    -18.296147    -18.296148
   2.41951    -18.299531    -18.299533
   2.36586    -18.303385    -18.303387
   2.31220    -18.307559    -18.307561
   2.25855    -18.311895    -18.311897
   2.20490    -18.316218    -18.316220
   2.15124    -18.320365    -18.320367
   2.09759    -18.324180    -18.324182
   2.04394    -18.327520    -18.327522
   1.99028    -18.330253    -18.330255
   1.93663    -18.332282    -18.332284
   1.88297    -18.333532    -18.333534
   1.82932    -18.333956    -18.333958
   1.82932    -18.334263    -18.334263
   1.77280    -18.333783    -18.333784
   1.71628    -18.332369    -18.332370
   1.65977    -18.330078    -18.330079
   1.60325    -18.327008    -18.327009
   1.54673    -18.323289    -18.323290
   1.49021    -18.319083    -18.319083
   1.43369    -18.314568    -18.314569
   1.37717    -18.309938    -18.309938
   1.32066    -18.305401    -18.305401
   1.26414    -18.301156    -18.301157
   1.20762    -18.297388    -18.297388
   1.15110    -18.294258    -18.294259
   1.09458    -18.291657    -18.291660
   1.03806    -18.288593    -18.288594
   0.98155    -18.287127    -18.287130
   0.98155    -18.287127    -18.287130
   0.94812    -18.287132    -18.287136
   0.91469    -18.287129    -18.287133
   0.88127    -18.287131    -18.287134
   0.84784    -18.287130    -18.287133
   0.84784    -18.335052    -18.335055
   0.79132    -18.334571    -18.334574
   0.73480    -18.333156    -18.333159
   0.67828    -18.330863    -18.330866
   0.62175    -18.327791    -18.327794
   0.56523    -18.324069    -18.324072
   0.50871    -18.319858    -18.319862
   0.45218    -18.315341    -18.315344
   0.39566    -18.310707    -18.310710
   0.33914    -18.306167    -18.306170
   0.28261    -18.301921    -18.301924
   0.22609    -18.298154    -18.298157
   0.16957    -18.295031    -18.295034
   0.11305    -18.292149    -18.292151
   0.05652    -18.287830    -18.287834
   0.00000    -18.287127    -18.287130
 
# Band-Index   11
   0.00000    -18.282892    -18.282894
   0.05652    -18.285234    -18.285236
   0.11305    -18.289342    -18.289346
   0.16957    -18.291694    -18.291698
   0.22609    -18.294821    -18.294825
   0.28261    -18.298592    -18.298596
   0.33914    -18.302840    -18.302843
   0.39566    -18.307381    -18.307385
   0.45218    -18.312017    -18.312021
   0.50871    -18.316536    -18.316540
   0.56523    -18.320748    -18.320752
   0.62175    -18.324472    -18.324475
   0.67828    -18.327545    -18.327549
   0.73480    -18.329839    -18.329842
   0.79132    -18.331254    -18.331258
   0.84784    -18.331735    -18.331738
   0.84784    -18.282895    -18.282896
   0.88127    -18.282896    -18.282897
   0.91469    -18.282894    -18.282896
   0.94812    -18.282897    -18.282899
   0.98155    -18.282892    -18.282894
   0.98155    -18.282892    -18.282894
   1.03806    -18.284803    -18.284806
   1.09458    -18.290046    -18.290047
   1.15110    -18.292384    -18.292385
   1.20762    -18.295504    -18.295505
   1.26414    -18.299270    -18.299271
   1.32066    -18.303514    -18.303515
   1.37717    -18.308053    -18.308054
   1.43369    -18.312686    -18.312687
   1.49021    -18.317202    -18.317203
   1.54673    -18.321412    -18.321413
   1.60325    -18.325133    -18.325134
   1.65977    -18.328205    -18.328206
   1.71628    -18.330497    -18.330498
   1.77280    -18.331912    -18.331913
   1.82932    -18.332392    -18.332393
   1.82932    -18.331714    -18.331717
   1.88297    -18.331290    -18.331293
   1.93663    -18.330040    -18.330042
   1.99028    -18.328010    -18.328012
   2.04394    -18.325275    -18.325277
   2.09759    -18.321934    -18.321936
   2.15124    -18.318116    -18.318118
   2.20490    -18.313967    -18.313969
   2.25855    -18.309641    -18.309643
   2.31220    -18.305303    -18.305305
   2.36586    -18.301126    -18.301128
   2.41951    -18.297270    -18.297272
   2.47317    -18.293884    -18.293886
   2.52682    -18.291098    -18.291100
   2.58047    -18.289014    -18.289016
   2.63413    -18.284362    -18.284363
   2.68778    -18.282892    -18.282894
   2.68778    -18.282892    -18.282894
   2.74142    -18.284532    -18.284535
   2.79506    -18.289814    -18.289815
   2.84870    -18.291882    -18.291883
   2.90234    -18.294657    -18.294658
   2.95598    -18.298033    -18.298034
   3.00962    -18.301879    -18.301880
   3.06326    -18.306045    -18.306046
   3.11690    -18.310372    -18.310373
   3.17054    -18.314688    -18.314689
   3.22418    -18.318828    -18.318829
   3.27782    -18.322636    -18.322637
   3.33146    -18.325968    -18.325969
   3.38510    -18.328697    -18.328698
   3.43874    -18.330722    -18.330723
   3.49237    -18.331969    -18.331970
   3.54601    -18.332391    -18.332392
   3.54601    -18.331715    -18.331718
   3.60255    -18.331234    -18.331236
   3.65908    -18.329815    -18.329817
   3.71562    -18.327517    -18.327519
   3.77215    -18.324438    -18.324440
   3.82868    -18.320707    -18.320709
   3.88522    -18.316487    -18.316489
   3.94175    -18.311959    -18.311961
   3.99829    -18.307315    -18.307317
   4.05482    -18.302765    -18.302767
   4.11135    -18.298510    -18.298512
   4.16789    -18.294733    -18.294735
   4.22442    -18.291602    -18.291604
   4.28096    -18.289249    -18.289251
   4.33749    -18.284633    -18.284635
   4.39402    -18.282892    -18.282894
   4.39402    -18.282892    -18.282894
   4.44767    -18.284951    -18.284953
   4.50131    -18.289106    -18.289110
   4.55496    -18.291191    -18.291194
   4.60860    -18.293973    -18.293977
   4.66225    -18.297354    -18.297358
   4.71589    -18.301203    -18.301207
   4.76954    -18.305372    -18.305376
   4.82318    -18.309702    -18.309706
   4.87683    -18.314021    -18.314024
   4.93047    -18.318163    -18.318167
   4.98412    -18.321973    -18.321977
   5.03776    -18.325307    -18.325311
   5.09141    -18.328037    -18.328041
   5.14505    -18.330063    -18.330067
   5.19870    -18.331311    -18.331315
   5.25234    -18.331733    -18.331737
 
# Band-Index   12
   5.25234    -18.326467    -18.326470
   5.19870    -18.326044    -18.326047
   5.14505    -18.324794    -18.324797
   5.09141    -18.322765    -18.322769
   5.03776    -18.320032    -18.320035
   4.98412    -18.316692    -18.316696
   4.93047    -18.312877    -18.312880
   4.87683    -18.308729    -18.308732
   4.82318    -18.304405    -18.304408
   4.76954    -18.300070    -18.300073
   4.71589    -18.295895    -18.295899
   4.66225    -18.292042    -18.292045
   4.60860    -18.288659    -18.288662
   4.55496    -18.285878    -18.285881
   4.50131    -18.283806    -18.283809
   4.44767    -18.282525    -18.282528
   4.39402    -18.282086    -18.282089
   4.39402    -18.282086    -18.282089
   4.33749    -18.283190    -18.283193
   4.28096    -18.284697    -18.284699
   4.22442    -18.287051    -18.287053
   4.16789    -18.290186    -18.290188
   4.11135    -18.293967    -18.293970
   4.05482    -18.298229    -18.298232
   3.99829    -18.302786    -18.302789
   3.94175    -18.307437    -18.307440
   3.88522    -18.311972    -18.311975
   3.82868    -18.316198    -18.316201
   3.77215    -18.319935    -18.319938
   3.71562    -18.323019    -18.323021
   3.65908    -18.325321    -18.325323
   3.60255    -18.326742    -18.326744
   3.54601    -18.327224    -18.327227
   3.54601    -18.326954    -18.326956
   3.49237    -18.326532    -18.326533
   3.43874    -18.325283    -18.325284
   3.38510    -18.323255    -18.323257
   3.33146    -18.320523    -18.320524
   3.27782    -18.317186    -18.317187
   3.22418    -18.313373    -18.313374
   3.17054    -18.309227    -18.309229
   3.11690    -18.304906    -18.304907
   3.06326    -18.300573    -18.300574
   3.00962    -18.296400    -18.296402
   2.95598    -18.292548    -18.292550
   2.90234    -18.289166    -18.289167
   2.84870    -18.286382    -18.286383
   2.79506    -18.284299    -18.284300
   2.74142    -18.282945    -18.282947
   2.68778    -18.282086    -18.282089
   2.68778    -18.282086    -18.282089
   2.63413    -18.283119    -18.283122
   2.58047    -18.284462    -18.284464
   2.52682    -18.286546    -18.286549
   2.47317    -18.289335    -18.289338
   2.41951    -18.292726    -18.292729
   2.36586    -18.296587    -18.296590
   2.31220    -18.300771    -18.300773
   2.25855    -18.305115    -18.305118
   2.20490    -18.309448    -18.309451
   2.15124    -18.313604    -18.313607
   2.09759    -18.317427    -18.317430
   2.04394    -18.320773    -18.320776
   1.99028    -18.323513    -18.323515
   1.93663    -18.325546    -18.325549
   1.88297    -18.326798    -18.326801
   1.82932    -18.327223    -18.327226
   1.82932    -18.326955    -18.326957
   1.77280    -18.326475    -18.326476
   1.71628    -18.325058    -18.325059
   1.65977    -18.322763    -18.322764
   1.60325    -18.319687    -18.319688
   1.54673    -18.315960    -18.315961
   1.49021    -18.311745    -18.311747
   1.43369    -18.307222    -18.307224
   1.37717    -18.302583    -18.302585
   1.32066    -18.298038    -18.298039
   1.26414    -18.293787    -18.293788
   1.20762    -18.290014    -18.290016
   1.15110    -18.286886    -18.286887
   1.09458    -18.284534    -18.284535
   1.03806    -18.283017    -18.283018
   0.98155    -18.282086    -18.282089
   0.98155    -18.282086    -18.282089
   0.94812    -18.282091    -18.282094
   0.91469    -18.282088    -18.282091
   0.88127    -18.282089    -18.282092
   0.84784    -18.282089    -18.282092
   0.84784    -18.326468    -18.326471
   0.79132    -18.325987    -18.325990
   0.73480    -18.324569    -18.324572
   0.67828    -18.322272    -18.322276
   0.62175    -18.319195    -18.319198
   0.56523    -18.315466    -18.315469
   0.50871    -18.311249    -18.311252
   0.45218    -18.306723    -18.306726
   0.39566    -18.302081    -18.302085
   0.33914    -18.297534    -18.297537
   0.28261    -18.293281    -18.293284
   0.22609    -18.289508    -18.289511
   0.16957    -18.286381    -18.286384
   0.11305    -18.284039    -18.284042
   0.05652    -18.282585    -18.282588
   0.00000    -18.282086    -18.282089
 
# Band-Index   13
   0.00000    -10.542746    -10.542748
   0.05652    -10.536206    -10.536207
   0.11305    -10.516740    -10.516741
   0.16957    -10.484923    -10.484924
   0.22609    -10.441729    -10.441731
   0.28261    -10.388508    -10.388509
   0.33914    -10.326995    -10.326997
   0.39566    -10.259384    -10.259386
   0.45218    -10.188365    -10.188367
   0.50871    -10.117152    -10.117154
   0.56523    -10.049640    -10.049642
   0.62175     -9.992165     -9.992167
   0.67828     -9.958199     -9.958201
   0.73480     -9.930883     -9.930885
   0.79132     -9.911029     -9.911031
   0.84784     -9.900246     -9.900249
   0.84784    -10.506508    -10.506509
   0.88127    -10.521840    -10.521842
   0.91469    -10.533414    -10.533415
   0.94812    -10.540411    -10.540413
   0.98155    -10.542746    -10.542748
   0.98155    -10.542746    -10.542748
   1.03806    -10.536206    -10.536207
   1.09458    -10.516740    -10.516741
   1.15110    -10.484922    -10.484924
   1.20762    -10.441727    -10.441729
   1.26414    -10.388503    -10.388504
   1.32066    -10.326986    -10.326987
   1.37717    -10.259365    -10.259366
   1.43369    -10.188331    -10.188333
   1.49021    -10.117096    -10.117097
   1.54673    -10.049553    -10.049554
   1.60325     -9.992187     -9.992188
   1.65977     -9.958257     -9.958258
   1.71628     -9.930937     -9.930938
   1.77280     -9.911076     -9.911078
   1.82932     -9.900680     -9.900682
   1.82932     -9.914395     -9.914397
   1.88297     -9.919165     -9.919167
   1.93663     -9.933767     -9.933769
   1.99028     -9.958876     -9.958878
   2.04394     -9.994996     -9.994998
   2.09759    -10.041701    -10.041703
   2.15124    -10.097249    -10.097250
   2.20490    -10.158813    -10.158815
   2.25855    -10.223183    -10.223185
   2.31220    -10.287242    -10.287243
   2.36586    -10.348203    -10.348204
   2.41951    -10.403669    -10.403670
   2.47317    -10.451663    -10.451665
   2.52682    -10.490619    -10.490620
   2.58047    -10.519304    -10.519306
   2.63413    -10.536852    -10.536853
   2.68778    -10.542746    -10.542748
   2.68778    -10.542746    -10.542748
   2.74142    -10.536850    -10.536851
   2.79506    -10.519270    -10.519271
   2.84870    -10.490431    -10.490432
   2.90234    -10.451047    -10.451049
   2.95598    -10.402121    -10.402123
   3.00962    -10.344915    -10.344917
   3.06326    -10.281017    -10.281019
   3.11690    -10.212356    -10.212357
   3.17054    -10.141235    -10.141236
   3.22418    -10.084580    -10.084582
   3.27782    -10.038007    -10.038009
   3.33146     -9.996503     -9.996505
   3.38510     -9.961972     -9.961974
   3.43874     -9.936050     -9.936052
   3.49237     -9.919986     -9.919988
   3.54601     -9.914547     -9.914548
   3.54601     -9.900574     -9.900576
   3.60255     -9.910828     -9.910830
   3.65908     -9.930676     -9.930677
   3.71562     -9.958013     -9.958015
   3.77215     -9.991934     -9.991936
   3.82868    -10.049491    -10.049493
   3.88522    -10.117030    -10.117031
   3.94175    -10.188264    -10.188266
   3.99829    -10.259304    -10.259305
   4.05482    -10.326934    -10.326936
   4.11135    -10.388464    -10.388466
   4.16789    -10.441701    -10.441702
   4.22442    -10.484907    -10.484908
   4.28096    -10.516733    -10.516734
   4.33749    -10.536204    -10.536205
   4.39402    -10.542746    -10.542748
   4.39402    -10.542746    -10.542748
   4.44767    -10.536850    -10.536851
   4.50131    -10.519269    -10.519271
   4.55496    -10.490431    -10.490432
   4.60860    -10.451047    -10.451048
   4.66225    -10.402122    -10.402123
   4.71589    -10.344918    -10.344919
   4.76954    -10.281024    -10.281026
   4.82318    -10.212371    -10.212372
   4.87683    -10.141276    -10.141277
   4.93047    -10.084614    -10.084616
   4.98412    -10.038045    -10.038047
   5.03776     -9.996551     -9.996553
   5.09141     -9.962030     -9.962032
   5.14505     -9.936115     -9.936117
   5.19870     -9.920055     -9.920057
   5.25234     -9.914617     -9.914619
 
# Band-Index   14
   5.25234     -9.861802     -9.861804
   5.19870     -9.870796     -9.870798
   5.14505     -9.885317     -9.885319
   5.09141     -9.903650     -9.903652
   5.03776     -9.943260     -9.943262
   4.98412    -10.002844    -10.002846
   4.93047    -10.070222    -10.070224
   4.87683    -10.134013    -10.134015
   4.82318    -10.184408    -10.184409
   4.76954    -10.233482    -10.233484
   4.71589    -10.279322    -10.279324
   4.66225    -10.320143    -10.320145
   4.60860    -10.354363    -10.354365
   4.55496    -10.380645    -10.380647
   4.50131    -10.397914    -10.397916
   4.44767    -10.405385    -10.405387
   4.39402    -10.402803    -10.402805
   4.39402    -10.402803    -10.402805
   4.33749    -10.396945    -10.396947
   4.28096    -10.379758    -10.379759
   4.22442    -10.352303    -10.352305
   4.16789    -10.315959    -10.315961
   4.11135    -10.272576    -10.272578
   4.05482    -10.224409    -10.224411
   3.99829    -10.173941    -10.173943
   3.94175    -10.123609    -10.123611
   3.88522    -10.075510    -10.075511
   3.82868    -10.031205    -10.031207
   3.77215     -9.990032     -9.990034
   3.71562     -9.943822     -9.943824
   3.65908     -9.913688     -9.913690
   3.60255     -9.899804     -9.899806
   3.54601     -9.899051     -9.899053
   3.54601     -9.861882     -9.861884
   3.49237     -9.871002     -9.871004
   3.43874     -9.885563     -9.885565
   3.38510     -9.903947     -9.903948
   3.33146     -9.943187     -9.943189
   3.27782    -10.002790    -10.002791
   3.22418    -10.070196    -10.070198
   3.17054    -10.134020    -10.134021
   3.11690    -10.184406    -10.184407
   3.06326    -10.233483    -10.233484
   3.00962    -10.279323    -10.279325
   2.95598    -10.320144    -10.320146
   2.90234    -10.354364    -10.354365
   2.84870    -10.380645    -10.380647
   2.79506    -10.397913    -10.397915
   2.74142    -10.405384    -10.405386
   2.68778    -10.402803    -10.402805
   2.68778    -10.402803    -10.402805
   2.63413    -10.405310    -10.405312
   2.58047    -10.397371    -10.397373
   2.52682    -10.378875    -10.378876
   2.47317    -10.350252    -10.350254
   2.41951    -10.312245    -10.312247
   2.36586    -10.265890    -10.265891
   2.31220    -10.212540    -10.212541
   2.25855    -10.153846    -10.153847
   2.20490    -10.091816    -10.091818
   2.15124    -10.028940    -10.028942
   2.09759     -9.985203     -9.985205
   2.04394     -9.952207     -9.952209
   1.99028     -9.922667     -9.922669
   1.93663     -9.897109     -9.897110
   1.88297     -9.876275     -9.876277
   1.82932     -9.861675     -9.861677
   1.82932     -9.899393     -9.899395
   1.77280     -9.899977     -9.899979
   1.71628     -9.913781     -9.913783
   1.65977     -9.943864     -9.943866
   1.60325     -9.990010     -9.990011
   1.54673    -10.031328    -10.031329
   1.49021    -10.075580    -10.075581
   1.43369    -10.123631    -10.123633
   1.37717    -10.173928    -10.173929
   1.32066    -10.224374    -10.224375
   1.26414    -10.272530    -10.272531
   1.20762    -10.315910    -10.315912
   1.15110    -10.352259    -10.352261
   1.09458    -10.379731    -10.379733
   1.03806    -10.396943    -10.396945
   0.98155    -10.402803    -10.402805
   0.98155    -10.402803    -10.402805
   0.94812    -10.433469    -10.433471
   0.91469    -10.461287    -10.461289
   0.88127    -10.485517    -10.485518
   0.84784    -10.505091    -10.505093
   0.84784     -9.899870     -9.899873
   0.79132     -9.900078     -9.900080
   0.73480     -9.913908     -9.913910
   0.67828     -9.943999     -9.944001
   0.62175     -9.990093     -9.990095
   0.56523    -10.031279    -10.031281
   0.50871    -10.075542    -10.075543
   0.45218    -10.123603    -10.123605
   0.39566    -10.173906    -10.173908
   0.33914    -10.224357    -10.224359
   0.28261    -10.272516    -10.272518
   0.22609    -10.315899    -10.315900
   0.16957    -10.352248    -10.352250
   0.11305    -10.379718    -10.379720
   0.05652    -10.396937    -10.396939
   0.00000    -10.402803    -10.402805
 
# Band-Index   15
   0.00000    -10.402327    -10.402329
   0.05652    -10.396456    -10.396457
   0.11305    -10.378922    -10.378924
   0.16957    -10.349977    -10.349978
   0.22609    -10.310479    -10.310481
   0.28261    -10.261706    -10.261708
   0.33914    -10.205306    -10.205307
   0.39566    -10.143299    -10.143300
   0.45218    -10.078099    -10.078101
   0.50871    -10.012552    -10.012553
   0.56523     -9.950096     -9.950097
   0.62175     -9.895660     -9.895662
   0.67828     -9.858465     -9.858467
   0.73480     -9.839574     -9.839576
   0.79132     -9.829873     -9.829876
   0.84784     -9.826748     -9.826750
   0.84784    -10.289633    -10.289636
   0.88127    -10.304624    -10.304626
   0.91469    -10.335406    -10.335408
   0.94812    -10.369374    -10.369376
   0.98155    -10.402327    -10.402329
   0.98155    -10.402327    -10.402329
   1.03806    -10.396452    -10.396453
   1.09458    -10.378916    -10.378918
   1.15110    -10.349980    -10.349982
   1.20762    -10.310494    -10.310496
   1.26414    -10.261734    -10.261735
   1.32066    -10.205348    -10.205350
   1.37717    -10.143358    -10.143360
   1.43369    -10.078180    -10.078181
   1.49021    -10.012660    -10.012662
   1.54673     -9.950248     -9.950249
   1.60325     -9.895904     -9.895905
   1.65977     -9.858844     -9.858846
   1.71628     -9.839985     -9.839987
   1.77280     -9.830290     -9.830293
   1.82932     -9.827167     -9.827169
   1.82932     -9.860495     -9.860497
   1.88297     -9.852975     -9.852977
   1.93663     -9.855000     -9.855003
   1.99028     -9.873876     -9.873878
   2.04394     -9.913906     -9.913908
   2.09759     -9.968022     -9.968023
   2.15124    -10.021269    -10.021271
   2.20490    -10.061012    -10.061013
   2.25855    -10.104527    -10.104528
   2.31220    -10.151614    -10.151615
   2.36586    -10.200729    -10.200731
   2.41951    -10.249301    -10.249303
   2.47317    -10.294587    -10.294589
   2.52682    -10.334194    -10.334196
   2.58047    -10.366246    -10.366248
   2.63413    -10.389351    -10.389353
   2.68778    -10.402327    -10.402329
   2.68778    -10.402327    -10.402329
   2.74142    -10.389279    -10.389281
   2.79506    -10.365684    -10.365686
   2.84870    -10.332254    -10.332256
   2.90234    -10.289830    -10.289832
   2.95598    -10.239630    -10.239632
   3.00962    -10.183334    -10.183335
   3.06326    -10.123310    -10.123312
   3.11690    -10.063563    -10.063564
   3.17054    -10.012359    -10.012360
   3.22418     -9.976481     -9.976482
   3.27782     -9.949113     -9.949115
   3.33146     -9.925195     -9.925197
   3.38510     -9.896888     -9.896889
   3.43874     -9.869303     -9.869305
   3.49237     -9.859447     -9.859449
   3.54601     -9.861151     -9.861153
   3.54601     -9.826469     -9.826472
   3.60255     -9.829591     -9.829593
   3.65908     -9.839273     -9.839275
   3.71562     -9.858092     -9.858094
   3.77215     -9.895214     -9.895215
   3.82868     -9.949683     -9.949684
   3.88522    -10.012191    -10.012192
   3.94175    -10.077790    -10.077792
   3.99829    -10.143040    -10.143042
   4.05482    -10.205094    -10.205096
   4.11135    -10.261538    -10.261540
   4.16789    -10.310351    -10.310353
   4.22442    -10.349884    -10.349886
   4.28096    -10.378867    -10.378868
   4.33749    -10.396444    -10.396446
   4.39402    -10.402327    -10.402329
   4.39402    -10.402327    -10.402329
   4.44767    -10.389277    -10.389278
   4.50131    -10.365676    -10.365678
   4.55496    -10.332240    -10.332242
   4.60860    -10.289806    -10.289807
   4.66225    -10.239593    -10.239594
   4.71589    -10.183278    -10.183280
   4.76954    -10.123228    -10.123229
   4.82318    -10.063437    -10.063439
   4.87683    -10.012171    -10.012172
   4.93047     -9.976255     -9.976257
   4.98412     -9.948876     -9.948877
   5.03776     -9.924965     -9.924966
   5.09141     -9.897037     -9.897039
   5.14505     -9.869356     -9.869359
   5.19870     -9.859384     -9.859386
   5.25234     -9.860930     -9.860932
 
# Band-Index   16
   5.25234     -9.729463     -9.729465
   5.19870     -9.740783     -9.740785
   5.14505     -9.759295     -9.759297
   5.09141     -9.776493     -9.776495
   5.03776     -9.806571     -9.806574
   4.98412     -9.854810     -9.854812
   4.93047     -9.908096     -9.908099
   4.87683     -9.957663     -9.957666
   4.82318     -9.993096     -9.993098
   4.76954    -10.017822    -10.017824
   4.71589    -10.037045    -10.037047
   4.66225    -10.052067    -10.052069
   4.60860    -10.062980    -10.062982
   4.55496    -10.069599    -10.069600
   4.50131    -10.071707    -10.071709
   4.44767    -10.069150    -10.069152
   4.39402    -10.062460    -10.062461
   4.39402    -10.062460    -10.062461
   4.33749    -10.059719    -10.059720
   4.28096    -10.051665    -10.051667
   4.22442    -10.038973    -10.038974
   4.16789    -10.022298    -10.022299
   4.11135    -10.002249    -10.002251
   4.05482     -9.979586     -9.979588
   3.99829     -9.955164     -9.955166
   3.94175     -9.929914     -9.929916
   3.88522     -9.904728     -9.904730
   3.82868     -9.880233     -9.880235
   3.77215     -9.855684     -9.855686
   3.71562     -9.825912     -9.825915
   3.65908     -9.793762     -9.793764
   3.60255     -9.771505     -9.771507
   3.54601     -9.763742     -9.763743
   3.54601     -9.729050     -9.729052
   3.49237     -9.741144     -9.741145
   3.43874     -9.759772     -9.759774
   3.38510     -9.776951     -9.776953
   3.33146     -9.806668     -9.806670
   3.27782     -9.854908     -9.854910
   3.22418     -9.908171     -9.908173
   3.17054     -9.957732     -9.957734
   3.11690     -9.993181     -9.993183
   3.06326    -10.017906    -10.017908
   3.00962    -10.037115    -10.037116
   2.95598    -10.052119    -10.052120
   2.90234    -10.063013    -10.063015
   2.84870    -10.069617    -10.069618
   2.79506    -10.071714    -10.071716
   2.74142    -10.069151    -10.069152
   2.68778    -10.062460    -10.062461
   2.68778    -10.062460    -10.062461
   2.63413    -10.069056    -10.069057
   2.58047    -10.071016    -10.071017
   2.52682    -10.067290    -10.067291
   2.47317    -10.057467    -10.057469
   2.41951    -10.041123    -10.041125
   2.36586    -10.017780    -10.017781
   2.31220     -9.987047     -9.987049
   2.25855     -9.949134     -9.949136
   2.20490     -9.905631     -9.905633
   2.15124     -9.859754     -9.859757
   2.09759     -9.834869     -9.834872
   2.04394     -9.818729     -9.818731
   1.99028     -9.799572     -9.799574
   1.93663     -9.773274     -9.773276
   1.88297     -9.746597     -9.746599
   1.82932     -9.728216     -9.728218
   1.82932     -9.764263     -9.764264
   1.77280     -9.772009     -9.772010
   1.71628     -9.794203     -9.794205
   1.65977     -9.826234     -9.826235
   1.60325     -9.855964     -9.855966
   1.54673     -9.880520     -9.880522
   1.49021     -9.904983     -9.904985
   1.43369     -9.930118     -9.930120
   1.37717     -9.955314     -9.955316
   1.32066     -9.979683     -9.979685
   1.26414    -10.002302    -10.002304
   1.20762    -10.022317    -10.022318
   1.15110    -10.038975    -10.038977
   1.09458    -10.051675    -10.051676
   1.03806    -10.059727    -10.059728
   0.98155    -10.062460    -10.062461
   0.98155    -10.062460    -10.062461
   0.94812    -10.100994    -10.100996
   0.91469    -10.139525    -10.139526
   0.88127    -10.173160    -10.173161
   0.84784    -10.189118    -10.189118
   0.84784     -9.764202     -9.764204
   0.79132     -9.771953     -9.771954
   0.73480     -9.794162     -9.794164
   0.67828     -9.826191     -9.826194
   0.62175     -9.855827     -9.855829
   0.56523     -9.880337     -9.880340
   0.50871     -9.904808     -9.904810
   0.45218     -9.929969     -9.929971
   0.39566     -9.955195     -9.955197
   0.33914     -9.979597     -9.979599
   0.28261    -10.002247    -10.002249
   0.22609    -10.022290    -10.022292
   0.16957    -10.038973    -10.038974
   0.11305    -10.051681    -10.051683
   0.05652    -10.059729    -10.059730
   0.00000    -10.062460    -10.062461
 
# Band-Index   17
   0.00000    -10.061169    -10.061171
   0.05652    -10.058429    -10.058430
   0.11305    -10.050161    -10.050163
   0.16957    -10.036015    -10.036016
   0.22609    -10.015807    -10.015808
   0.28261     -9.989657     -9.989658
   0.33914     -9.957794     -9.957796
   0.39566     -9.920719     -9.920721
   0.45218     -9.879453     -9.879455
   0.50871     -9.835805     -9.835807
   0.56523     -9.792463     -9.792465
   0.62175     -9.755990     -9.755991
   0.67828     -9.737268     -9.737269
   0.73480     -9.717261     -9.717263
   0.79132     -9.699089     -9.699090
   0.84784     -9.688020     -9.688022
   0.84784     -9.929469     -9.929470
   0.88127     -9.956648     -9.956650
   0.91469     -9.988495     -9.988496
   0.94812    -10.023893    -10.023894
   0.98155    -10.061169    -10.061171
   0.98155    -10.061169    -10.061171
   1.03806    -10.058438    -10.058439
   1.09458    -10.050196    -10.050198
   1.15110    -10.036075    -10.036077
   1.20762    -10.015891    -10.015893
   1.26414     -9.989772     -9.989774
   1.32066     -9.957948     -9.957950
   1.37717     -9.920915     -9.920917
   1.43369     -9.879694     -9.879697
   1.49021     -9.836091     -9.836093
   1.54673     -9.792792     -9.792794
   1.60325     -9.756521     -9.756524
   1.65977     -9.737874     -9.737876
   1.71628     -9.717882     -9.717884
   1.77280     -9.699672     -9.699674
   1.82932     -9.688077     -9.688078
   1.82932     -9.727782     -9.727783
   1.88297     -9.721271     -9.721273
   1.93663     -9.727576     -9.727578
   1.99028     -9.746536     -9.746538
   2.04394     -9.776651     -9.776653
   2.09759     -9.815466     -9.815468
   2.15124     -9.852268     -9.852270
   2.20490     -9.872150     -9.872152
   2.25855     -9.894366     -9.894368
   2.31220     -9.918313     -9.918315
   2.36586     -9.943180     -9.943182
   2.41951     -9.968066     -9.968067
   2.47317     -9.992050     -9.992052
   2.52682    -10.014235    -10.014237
   2.58047    -10.033761    -10.033762
   2.63413    -10.049838    -10.049839
   2.68778    -10.061169    -10.061171
   2.68778    -10.061169    -10.061171
   2.74142    -10.049758    -10.049759
   2.79506    -10.033140    -10.033141
   2.84870    -10.012163    -10.012165
   2.90234     -9.987199     -9.987201
   2.95598     -9.958740     -9.958742
   3.00962     -9.927397     -9.927399
   3.06326     -9.893923     -9.893925
   3.11690     -9.859201     -9.859203
   3.17054     -9.824241     -9.824243
   3.22418     -9.807186     -9.807188
   3.27782     -9.798449     -9.798451
   3.33146     -9.789111     -9.789113
   3.38510     -9.767796     -9.767798
   3.43874     -9.741117     -9.741118
   3.49237     -9.728085     -9.728087
   3.54601     -9.728536     -9.728538
   3.54601     -9.687111     -9.687113
   3.60255     -9.698606     -9.698608
   3.65908     -9.716789     -9.716791
   3.71562     -9.736812     -9.736814
   3.77215     -9.755566     -9.755568
   3.82868     -9.792056     -9.792058
   3.88522     -9.835420     -9.835422
   3.94175     -9.879102     -9.879104
   3.99829     -9.920412     -9.920414
   4.05482     -9.957540     -9.957542
   4.11135     -9.989461     -9.989463
   4.16789    -10.015672    -10.015673
   4.22442    -10.035941    -10.035943
   4.28096    -10.050144    -10.050146
   4.33749    -10.058430    -10.058432
   4.39402    -10.061169    -10.061171
   4.39402    -10.061169    -10.061171
   4.44767    -10.049752    -10.049754
   4.50131    -10.033122    -10.033123
   4.55496    -10.012126    -10.012127
   4.60860     -9.987135     -9.987137
   4.66225     -9.958642     -9.958644
   4.71589     -9.927258     -9.927260
   4.76954     -9.893736     -9.893738
   4.82318     -9.858959     -9.858961
   4.87683     -9.823942     -9.823943
   4.93047     -9.806796     -9.806798
   4.98412     -9.797977     -9.797979
   5.03776     -9.788530     -9.788532
   5.09141     -9.767495     -9.767498
   5.14505     -9.740832     -9.740834
   5.19870     -9.727728     -9.727730
   5.25234     -9.727427     -9.727429
 
# Band-Index   18
   5.25234     -9.671749     -9.671751
   5.19870     -9.675602     -9.675604
   5.14505     -9.686937     -9.686938
   5.09141     -9.705102     -9.705104
   5.03776     -9.729108     -9.729110
   4.98412     -9.757766     -9.757768
   4.93047     -9.789793     -9.789795
   4.87683     -9.815913     -9.815914
   4.82318     -9.825488     -9.825490
   4.76954     -9.835254     -9.835256
   4.71589     -9.844832     -9.844834
   4.66225     -9.853798     -9.853800
   4.60860     -9.861748     -9.861750
   4.55496     -9.868323     -9.868325
   4.50131     -9.873231     -9.873233
   4.44767     -9.876265     -9.876267
   4.39402     -9.877290     -9.877292
   4.39402     -9.877290     -9.877292
   4.33749     -9.875879     -9.875881
   4.28096     -9.871700     -9.871702
   4.22442     -9.864911     -9.864913
   4.16789     -9.855769     -9.855771
   4.11135     -9.844620     -9.844622
   4.05482     -9.831880     -9.831882
   3.99829     -9.817994     -9.817996
   3.94175     -9.803350     -9.803352
   3.88522     -9.788188     -9.788190
   3.82868     -9.772420     -9.772422
   3.77215     -9.752245     -9.752247
   3.71562     -9.719521     -9.719523
   3.65908     -9.696723     -9.696725
   3.60255     -9.685777     -9.685779
   3.54601     -9.686864     -9.686866
   3.54601     -9.672382     -9.672384
   3.49237     -9.676225     -9.676227
   3.43874     -9.687531     -9.687533
   3.38510     -9.705652     -9.705655
   3.33146     -9.729603     -9.729605
   3.27782     -9.758199     -9.758201
   3.22418     -9.790162     -9.790164
   3.17054     -9.816237     -9.816239
   3.11690     -9.825746     -9.825748
   3.06326     -9.835454     -9.835456
   3.00962     -9.844980     -9.844982
   2.95598     -9.853903     -9.853905
   2.90234     -9.861816     -9.861818
   2.84870     -9.868361     -9.868363
   2.79506     -9.873248     -9.873250
   2.74142     -9.876269     -9.876271
   2.68778     -9.877290     -9.877292
   2.68778     -9.877290     -9.877292
   2.63413     -9.876257     -9.876259
   2.58047     -9.873158     -9.873160
   2.52682     -9.868001     -9.868003
   2.47317     -9.860794     -9.860796
   2.41951     -9.851552     -9.851554
   2.36586     -9.840293     -9.840295
   2.31220     -9.827030     -9.827032
   2.25855     -9.811742     -9.811744
   2.20490     -9.794380     -9.794382
   2.15124     -9.774910     -9.774912
   2.09759     -9.753466     -9.753468
   2.04394     -9.730722     -9.730724
   1.99028     -9.708355     -9.708357
   1.93663     -9.689081     -9.689083
   1.88297     -9.675950     -9.675951
   1.82932     -9.671288     -9.671290
   1.82932     -9.687929     -9.687932
   1.77280     -9.686737     -9.686739
   1.71628     -9.697630     -9.697632
   1.65977     -9.720376     -9.720378
   1.60325     -9.753062     -9.753064
   1.54673     -9.773271     -9.773273
   1.49021     -9.788899     -9.788901
   1.43369     -9.803926     -9.803928
   1.37717     -9.818445     -9.818447
   1.32066     -9.832217     -9.832219
   1.26414     -9.844857     -9.844859
   1.20762     -9.855922     -9.855924
   1.15110     -9.864998     -9.865000
   1.09458     -9.871739     -9.871740
   1.03806     -9.875889     -9.875890
   0.98155     -9.877290     -9.877292
   0.98155     -9.877290     -9.877292
   0.94812     -9.880667     -9.880668
   0.91469     -9.890681     -9.890683
   0.88127     -9.907029     -9.907031
   0.84784     -9.928998     -9.929000
   0.84784     -9.686863     -9.686865
   0.79132     -9.686203     -9.686204
   0.73480     -9.697155     -9.697157
   0.67828     -9.719949     -9.719951
   0.62175     -9.752664     -9.752666
   0.56523     -9.772797     -9.772799
   0.50871     -9.788511     -9.788513
   0.45218     -9.803617     -9.803619
   0.39566     -9.818207     -9.818209
   0.33914     -9.832041     -9.832043
   0.28261     -9.844735     -9.844736
   0.22609     -9.855843     -9.855845
   0.16957     -9.864954     -9.864955
   0.11305     -9.871719     -9.871720
   0.05652     -9.875884     -9.875886
   0.00000     -9.877290     -9.877292
 
# Band-Index   19
   0.00000     -3.799042     -3.799041
   0.05652     -3.786541     -3.786540
   0.11305     -3.749229     -3.749228
   0.16957     -3.687685     -3.687684
   0.22609     -3.602874     -3.602873
   0.28261     -3.496173     -3.496173
   0.33914     -3.369371     -3.369370
   0.39566     -3.224719     -3.224718
   0.45218     -3.065034     -3.065033
   0.50871     -3.053170     -3.053167
   0.56523     -3.174226     -3.174224
   0.62175     -3.370419     -3.370416
   0.67828     -3.530158     -3.530156
   0.73480     -3.648043     -3.648040
   0.79132     -3.720313     -3.720310
   0.84784     -3.744667     -3.744664
   0.84784     -3.645545     -3.645544
   0.88127     -3.711801     -3.711800
   0.91469     -3.760091     -3.760090
   0.94812     -3.789281     -3.789280
   0.98155     -3.799042     -3.799041
   0.98155     -3.799042     -3.799041
   1.03806     -3.786539     -3.786538
   1.09458     -3.749222     -3.749221
   1.15110     -3.687668     -3.687667
   1.20762     -3.602842     -3.602841
   1.26414     -3.496121     -3.496120
   1.32066     -3.369292     -3.369291
   1.37717     -3.224604     -3.224603
   1.43369     -3.064869     -3.064868
   1.49021     -3.053106     -3.053105
   1.54673     -3.174355     -3.174354
   1.60325     -3.370542     -3.370541
   1.65977     -3.530265     -3.530264
   1.71628     -3.648134     -3.648132
   1.77280     -3.720394     -3.720392
   1.82932     -3.744743     -3.744741
   1.82932     -3.680090     -3.680087
   1.88297     -3.665958     -3.665956
   1.93663     -3.613238     -3.613236
   1.99028     -3.523568     -3.523565
   2.04394     -3.401993     -3.401991
   2.09759     -3.257269     -3.257267
   2.15124     -3.104948     -3.104946
   2.20490     -3.022289     -3.022288
   2.25855     -3.150837     -3.150836
   2.31220     -3.283401     -3.283400
   2.36586     -3.409033     -3.409032
   2.41951     -3.522000     -3.521999
   2.47317     -3.618600     -3.618599
   2.52682     -3.696207     -3.696206
   2.58047     -3.752919     -3.752919
   2.63413     -3.787450     -3.787449
   2.68778     -3.799042     -3.799041
   2.68778     -3.799042     -3.799041
   2.74142     -3.787441     -3.787440
   2.79506     -3.752778     -3.752777
   2.84870     -3.695479     -3.695478
   2.90234     -3.616263     -3.616262
   2.95598     -3.516184     -3.516183
   3.00962     -3.396685     -3.396685
   3.06326     -3.259745     -3.259744
   3.11690     -3.108386     -3.108385
   3.17054     -3.034461     -3.034460
   3.22418     -3.084802     -3.084802
   3.27782     -3.272424     -3.272423
   3.33146     -3.430843     -3.430842
   3.38510     -3.554320     -3.554318
   3.43874     -3.638612     -3.638610
   3.49237     -3.680814     -3.680812
   3.54601     -3.680255     -3.680253
   3.54601     -3.744174     -3.744171
   3.60255     -3.719809     -3.719807
   3.65908     -3.647506     -3.647504
   3.71562     -3.529572     -3.529570
   3.77215     -3.369767     -3.369765
   3.82868     -3.173490     -3.173489
   3.88522     -3.052767     -3.052764
   3.94175     -3.064815     -3.064815
   3.99829     -3.224553     -3.224552
   4.05482     -3.369247     -3.369247
   4.11135     -3.496086     -3.496085
   4.16789     -3.602817     -3.602817
   4.22442     -3.687653     -3.687652
   4.28096     -3.749215     -3.749214
   4.33749     -3.786537     -3.786536
   4.39402     -3.799042     -3.799041
   4.39402     -3.799042     -3.799041
   4.44767     -3.787441     -3.787440
   4.50131     -3.752780     -3.752779
   4.55496     -3.695485     -3.695484
   4.60860     -3.616272     -3.616271
   4.66225     -3.516200     -3.516200
   4.71589     -3.396710     -3.396710
   4.76954     -3.259782     -3.259782
   4.82318     -3.108441     -3.108442
   4.87683     -3.034624     -3.034621
   4.93047     -3.084677     -3.084675
   4.98412     -3.272293     -3.272290
   5.03776     -3.430725     -3.430723
   5.09141     -3.554220     -3.554218
   5.14505     -3.638529     -3.638527
   5.19870     -3.680740     -3.680737
   5.25234     -3.679592     -3.679589
 
# Band-Index   20
   5.25234     -3.678970     -3.678967
   5.19870     -3.633921     -3.633918
   5.14505     -3.545735     -3.545733
   5.09141     -3.416961     -3.416959
   5.03776     -3.250929     -3.250927
   4.98412     -3.066293     -3.066290
   4.93047     -3.032751     -3.032746
   4.87683     -2.948753     -2.948755
   4.82318     -3.064593     -3.064590
   4.76954     -3.108224     -3.108221
   4.71589     -3.153923     -3.153922
   4.66225     -3.194390     -3.194389
   4.60860     -3.225140     -3.225139
   4.55496     -3.243356     -3.243355
   4.50131     -3.247268     -3.247267
   4.44767     -3.235878     -3.235878
   4.39402     -3.209239     -3.209238
   4.39402     -3.209239     -3.209238
   4.33749     -3.201052     -3.201052
   4.28096     -3.177743     -3.177742
   4.22442     -3.141926     -3.141924
   4.16789     -3.097275     -3.097274
   4.11135     -3.049467     -3.049466
   4.05482     -3.007093     -3.007091
   3.99829     -2.983014     -2.983011
   3.94175     -2.993980     -2.993977
   3.88522     -2.949970     -2.949970
   3.82868     -3.153244     -3.153241
   3.77215     -3.270258     -3.270256
   3.71562     -3.377328     -3.377326
   3.65908     -3.456843     -3.456841
   3.60255     -3.498772     -3.498770
   3.54601     -3.498290     -3.498288
   3.54601     -3.678399     -3.678398
   3.49237     -3.633946     -3.633944
   3.43874     -3.545771     -3.545769
   3.38510     -3.417008     -3.417007
   3.33146     -3.250988     -3.250987
   3.27782     -3.066134     -3.066133
   3.22418     -3.032605     -3.032604
   3.17054     -2.948675     -2.948675
   3.11690     -3.064438     -3.064437
   3.06326     -3.108068     -3.108067
   3.00962     -3.153776     -3.153775
   2.95598     -3.194256     -3.194255
   2.90234     -3.225025     -3.225024
   2.84870     -3.243263     -3.243262
   2.79506     -3.247201     -3.247200
   2.74142     -3.235843     -3.235842
   2.68778     -3.209239     -3.209238
   2.68778     -3.209239     -3.209238
   2.63413     -3.235579     -3.235578
   2.58047     -3.245206     -3.245205
   2.52682     -3.236669     -3.236668
   2.47317     -3.209581     -3.209580
   2.41951     -3.164264     -3.164264
   2.36586     -3.101942     -3.101942
   2.31220     -3.025258     -3.025258
   2.25855     -2.940011     -2.940012
   2.20490     -2.971148     -2.971145
   2.15124     -2.963292     -2.963293
   2.09759     -3.158051     -3.158049
   2.04394     -3.332641     -3.332639
   1.99028     -3.475630     -3.475628
   1.93663     -3.582617     -3.582615
   1.88297     -3.650797     -3.650794
   1.82932     -3.677445     -3.677443
   1.82932     -3.498806     -3.498805
   1.77280     -3.499322     -3.499321
   1.71628     -3.457405     -3.457404
   1.65977     -3.377900     -3.377899
   1.60325     -3.270806     -3.270804
   1.54673     -3.153719     -3.153718
   1.49021     -2.950889     -2.950889
   1.43369     -2.994118     -2.994117
   1.37717     -2.982959     -2.982958
   1.32066     -3.006900     -3.006899
   1.26414     -3.049206     -3.049205
   1.20762     -3.097002     -3.097001
   1.15110     -3.141682     -3.141681
   1.09458     -3.177567     -3.177566
   1.03806     -3.201018     -3.201017
   0.98155     -3.209239     -3.209238
   0.98155     -3.209239     -3.209238
   0.94812     -3.341169     -3.341168
   0.91469     -3.458707     -3.458706
   0.88127     -3.560314     -3.560313
   0.84784     -3.644400     -3.644399
   0.84784     -3.498899     -3.498897
   0.79132     -3.499342     -3.499340
   0.73480     -3.457425     -3.457423
   0.67828     -3.377921     -3.377918
   0.62175     -3.270832     -3.270829
   0.56523     -3.153754     -3.153751
   0.50871     -2.950765     -2.950764
   0.45218     -2.994198     -2.994194
   0.39566     -2.983076     -2.983072
   0.33914     -3.007038     -3.007035
   0.28261     -3.049345     -3.049343
   0.22609     -3.097126     -3.097124
   0.16957     -3.141779     -3.141778
   0.11305     -3.177625     -3.177624
   0.05652     -3.201018     -3.201018
   0.00000     -3.209239     -3.209238
 
# Band-Index   21
   0.00000     -3.208440     -3.208439
   0.05652     -3.200178     -3.200177
   0.11305     -3.175043     -3.175042
   0.16957     -3.133189     -3.133188
   0.22609     -3.076197     -3.076196
   0.28261     -3.006860     -3.006859
   0.33914     -2.929947     -2.929946
   0.39566     -2.853782     -2.853782
   0.45218     -2.800005     -2.800008
   0.50871     -2.894276     -2.894276
   0.56523     -2.856357     -2.856353
   0.62175     -3.059103     -3.059100
   0.67828     -3.230036     -3.230034
   0.73480     -3.362546     -3.362544
   0.79132     -3.452753     -3.452751
   0.84784     -3.498021     -3.498019
   0.84784     -2.622536     -2.622527
   0.88127     -2.742078     -2.742075
   0.91469     -2.905921     -2.905920
   0.94812     -3.063118     -3.063116
   0.98155     -3.208440     -3.208439
   0.98155     -3.208440     -3.208439
   1.03806     -3.200182     -3.200181
   1.09458     -3.175116     -3.175114
   1.15110     -3.133320     -3.133319
   1.20762     -3.076387     -3.076386
   1.26414     -3.007112     -3.007111
   1.32066     -2.930264     -2.930262
   1.37717     -2.854154     -2.854153
   1.43369     -2.800315     -2.800316
   1.49021     -2.894081     -2.894080
   1.54673     -2.856557     -2.856554
   1.60325     -3.059197     -3.059196
   1.65977     -3.230085     -3.230083
   1.71628     -3.362563     -3.362562
   1.77280     -3.452751     -3.452749
   1.82932     -3.498083     -3.498082
   1.82932     -3.295692     -3.295694
   1.88297     -3.273791     -3.273793
   1.93663     -3.208806     -3.208807
   1.99028     -3.103061     -3.103063
   2.04394     -2.985458     -2.985452
   2.09759     -2.915493     -2.915488
   2.15124     -2.925453     -2.925450
   2.20490     -2.867405     -2.867407
   2.25855     -2.884869     -2.884865
   2.31220     -2.855596     -2.855592
   2.36586     -2.872500     -2.872497
   2.41951     -2.919348     -2.919345
   2.47317     -2.981680     -2.981678
   2.52682     -3.048524     -3.048522
   2.58047     -3.112052     -3.112051
   2.63413     -3.166772     -3.166771
   2.68778     -3.208440     -3.208439
   2.68778     -3.208440     -3.208439
   2.74142     -3.166510     -3.166509
   2.79506     -3.109912     -3.109911
   2.84870     -3.041014     -3.041013
   2.90234     -2.963017     -2.963015
   2.95598     -2.880836     -2.880834
   3.00962     -2.801719     -2.801717
   3.06326     -2.735664     -2.735661
   3.11690     -2.696188     -2.696183
   3.17054     -2.875827     -2.875826
   3.22418     -2.847484     -2.847487
   3.27782     -3.052560     -3.052560
   3.33146     -3.124736     -3.124735
   3.38510     -3.189727     -3.189726
   3.43874     -3.245880     -3.245880
   3.49237     -3.283420     -3.283421
   3.54601     -3.296591     -3.296594
   3.54601     -3.497505     -3.497504
   3.60255     -3.452193     -3.452191
   3.65908     -3.361979     -3.361977
   3.71562     -3.229460     -3.229458
   3.77215     -3.058516     -3.058513
   3.82868     -2.855763     -2.855760
   3.88522     -2.894020     -2.894019
   3.94175     -2.799299     -2.799301
   3.99829     -2.853158     -2.853158
   4.05482     -2.929403     -2.929402
   4.11135     -3.006410     -3.006409
   4.16789     -3.075845     -3.075843
   4.22442     -3.132932     -3.132931
   4.28096     -3.174877     -3.174876
   4.33749     -3.200133     -3.200131
   4.39402     -3.208440     -3.208439
   4.39402     -3.208440     -3.208439
   4.44767     -3.166468     -3.166467
   4.50131     -3.109821     -3.109820
   4.55496     -3.040864     -3.040862
   4.60860     -2.962795     -2.962794
   4.66225     -2.880530     -2.880528
   4.71589     -2.801317     -2.801315
   4.76954     -2.735165     -2.735163
   4.82318     -2.695642     -2.695638
   4.87683     -2.875697     -2.875694
   4.93047     -2.847696     -2.847700
   4.98412     -3.052518     -3.052516
   5.03776     -3.124916     -3.124913
   5.09141     -3.189872     -3.189870
   5.14505     -3.245950     -3.245950
   5.19870     -3.283414     -3.283415
   5.25234     -3.296555     -3.296557
 
# Band-Index   22
   5.25234     -3.190500     -3.190494
   5.19870     -3.172794     -3.172789
   5.14505     -3.119490     -3.119485
   5.09141     -3.030602     -3.030599
   5.03776     -2.907413     -2.907412
   4.98412     -2.753149     -2.753149
   4.93047     -2.754396     -2.754391
   4.87683     -2.682780     -2.682779
   4.82318     -2.652293     -2.652294
   4.76954     -2.439984     -2.439983
   4.71589     -2.251091     -2.251091
   4.66225     -2.104213     -2.104214
   4.60860     -1.998282     -1.998283
   4.55496     -1.919316     -1.919318
   4.50131     -1.854502     -1.854505
   4.44767     -1.796649     -1.796651
   4.39402     -1.743605     -1.743607
   4.39402     -1.743605     -1.743607
   4.33749     -1.746313     -1.746315
   4.28096     -1.757521     -1.757523
   4.22442     -1.786199     -1.786201
   4.16789     -1.850524     -1.850526
   4.11135     -1.978255     -1.978256
   4.05482     -2.179469     -2.179468
   3.99829     -2.425373     -2.425371
   3.94175     -2.672039     -2.672034
   3.88522     -2.730864     -2.730861
   3.82868     -2.731257     -2.731257
   3.77215     -2.825725     -2.825724
   3.71562     -2.919409     -2.919408
   3.65908     -2.983944     -2.983942
   3.60255     -3.018049     -3.018047
   3.54601     -3.020679     -3.020677
   3.54601     -3.190188     -3.190182
   3.49237     -3.172536     -3.172531
   3.43874     -3.119370     -3.119366
   3.38510     -3.030658     -3.030656
   3.33146     -2.907634     -2.907632
   3.27782     -2.753259     -2.753260
   3.22418     -2.754821     -2.754815
   3.17054     -2.683327     -2.683324
   3.11690     -2.652381     -2.652383
   3.06326     -2.439958     -2.439960
   3.00962     -2.250937     -2.250940
   2.95598     -2.103957     -2.103960
   2.90234     -1.997993     -1.997997
   2.84870     -1.919055     -1.919059
   2.79506     -1.854304     -1.854307
   2.74142     -1.796538     -1.796540
   2.68778     -1.743605     -1.743607
   2.68778     -1.743605     -1.743607
   2.63413     -1.796199     -1.796201
   2.58047     -1.851313     -1.851316
   2.52682     -1.907677     -1.907680
   2.47317     -1.966891     -1.966894
   2.41951     -2.034192     -2.034196
   2.36586     -2.121340     -2.121344
   2.31220     -2.243629     -2.243633
   2.25855     -2.451295     -2.451291
   2.20490     -2.680469     -2.680464
   2.15124     -2.736722     -2.736720
   2.09759     -2.783107     -2.783109
   2.04394     -2.957469     -2.957476
   1.99028     -3.066200     -3.066195
   1.93663     -3.133666     -3.133661
   1.88297     -3.176092     -3.176087
   1.82932     -3.190509     -3.190503
   1.82932     -3.020961     -3.020958
   1.77280     -3.018102     -3.018099
   1.71628     -2.984162     -2.984159
   1.65977     -2.919859     -2.919856
   1.60325     -2.826455     -2.826453
   1.54673     -2.732083     -2.732080
   1.49021     -2.731943     -2.731938
   1.43369     -2.673111     -2.673107
   1.37717     -2.426331     -2.426331
   1.32066     -2.180198     -2.180199
   1.26414     -1.978555     -1.978558
   1.20762     -1.850416     -1.850419
   1.15110     -1.785920     -1.785924
   1.09458     -1.757271     -1.757274
   1.03806     -1.746292     -1.746294
   0.98155     -1.743605     -1.743607
   0.98155     -1.743605     -1.743607
   0.94812     -1.948292     -1.948295
   0.91469     -2.148862     -2.148873
   0.88127     -2.339060     -2.339057
   0.84784     -2.467381     -2.467393
   0.84784     -3.021545     -3.021545
   0.79132     -3.018297     -3.018296
   0.73480     -2.984230     -2.984229
   0.67828     -2.919779     -2.919778
   0.62175     -2.826213     -2.826213
   0.56523     -2.731798     -2.731799
   0.50871     -2.731464     -2.731463
   0.45218     -2.672812     -2.672806
   0.39566     -2.426201     -2.426198
   0.33914     -2.180212     -2.180210
   0.28261     -1.978755     -1.978754
   0.22609     -1.850731     -1.850732
   0.16957     -1.786232     -1.786234
   0.11305     -1.757512     -1.757514
   0.05652     -1.746336     -1.746338
   0.00000     -1.743605     -1.743607
 
# Band-Index   23
   0.00000     -1.742393     -1.742396
   0.05652     -1.745054     -1.745056
   0.11305     -1.753728     -1.753731
   0.16957     -1.772014     -1.772017
   0.22609     -1.808413     -1.808416
   0.28261     -1.876050     -1.876054
   0.33914     -1.991690     -1.991694
   0.39566     -2.164324     -2.164327
   0.45218     -2.375350     -2.375347
   0.50871     -2.622063     -2.622061
   0.56523     -2.714127     -2.714128
   0.62175     -2.760000     -2.760001
   0.67828     -2.830093     -2.830093
   0.73480     -2.926309     -2.926309
   0.79132     -2.989925     -2.989924
   0.84784     -3.019455     -3.019454
   0.84784     -0.952674     -0.952677
   0.88127     -1.135419     -1.135422
   0.91469     -1.332377     -1.332380
   0.94812     -1.536502     -1.536504
   0.98155     -1.742393     -1.742395
   0.98155     -1.742393     -1.742395
   1.03806     -1.745122     -1.745124
   1.09458     -1.754066     -1.754068
   1.15110     -1.772552     -1.772555
   1.20762     -1.809150     -1.809152
   1.26414     -1.876924     -1.876926
   1.32066     -1.992555     -1.992556
   1.37717     -2.165065     -2.165065
   1.43369     -2.375490     -2.375489
   1.49021     -2.622168     -2.622167
   1.54673     -2.713649     -2.713650
   1.60325     -2.760112     -2.760109
   1.65977     -2.829648     -2.829647
   1.71628     -2.925954     -2.925952
   1.77280     -2.989621     -2.989619
   1.82932     -3.019514     -3.019511
   1.82932     -2.910632     -2.910632
   1.88297     -2.918882     -2.918882
   1.93663     -2.906977     -2.906977
   1.99028     -2.873934     -2.873933
   2.04394     -2.820920     -2.820919
   2.09759     -2.749086     -2.749085
   2.15124     -2.657398     -2.657398
   2.20490     -2.540015     -2.540015
   2.25855     -2.394647     -2.394648
   2.31220     -2.199673     -2.199670
   2.36586     -1.958202     -1.958201
   2.41951     -1.766110     -1.766109
   2.47317     -1.663249     -1.663251
   2.52682     -1.638252     -1.638254
   2.58047     -1.655899     -1.655901
   2.63413     -1.694399     -1.694402
   2.68778     -1.742393     -1.742395
   2.68778     -1.742393     -1.742395
   2.74142     -1.694136     -1.694138
   2.79506     -1.653452     -1.653454
   2.84870     -1.628479     -1.628481
   2.90234     -1.632697     -1.632699
   2.95598     -1.684408     -1.684410
   3.00962     -1.792934     -1.792936
   3.06326     -2.029686     -2.029685
   3.11690     -2.297943     -2.297942
   3.17054     -2.562023     -2.562021
   3.22418     -2.706110     -2.706108
   3.27782     -2.750483     -2.750480
   3.33146     -2.803218     -2.803215
   3.38510     -2.852519     -2.852516
   3.43874     -2.889986     -2.889984
   3.49237     -2.910010     -2.910008
   3.54601     -2.909559     -2.909556
   3.54601     -3.019940     -3.019938
   3.60255     -2.989755     -2.989754
   3.65908     -2.926072     -2.926071
   3.71562     -2.829719     -2.829718
   3.77215     -2.759638     -2.759638
   3.82868     -2.713778     -2.713779
   3.88522     -2.621482     -2.621480
   3.94175     -2.374726     -2.374724
   3.99829     -2.163477     -2.163479
   4.05482     -1.991017     -1.991019
   4.11135     -1.875542     -1.875545
   4.16789     -1.808026     -1.808030
   4.22442     -1.771752     -1.771755
   4.28096     -1.753599     -1.753602
   4.33749     -1.745049     -1.745052
   4.39402     -1.742393     -1.742395
   4.39402     -1.742393     -1.742395
   4.44767     -1.693993     -1.693996
   4.50131     -1.653124     -1.653127
   4.55496     -1.627914     -1.627917
   4.60860     -1.631861     -1.631865
   4.66225     -1.683378     -1.683382
   4.71589     -1.791932     -1.791936
   4.76954     -2.029375     -2.029372
   4.82318     -2.297656     -2.297652
   4.87683     -2.561738     -2.561733
   4.93047     -2.705660     -2.705661
   4.98412     -2.749947     -2.749948
   5.03776     -2.803097     -2.803098
   5.09141     -2.852566     -2.852567
   5.14505     -2.890186     -2.890187
   5.19870     -2.910378     -2.910379
   5.25234     -2.911308     -2.911310
 
# Band-Index   24
   5.25234     -2.907433     -2.907434
   5.19870     -2.885555     -2.885556
   5.14505     -2.838958     -2.838961
   5.09141     -2.771797     -2.771799
   5.03776     -2.695752     -2.695755
   4.98412     -2.669290     -2.669292
   4.93047     -2.571331     -2.571329
   4.87683     -2.368712     -2.368714
   4.82318     -2.153470     -2.153469
   4.76954     -1.948117     -1.948121
   4.71589     -1.774029     -1.774026
   4.66225     -1.543110     -1.543109
   4.60860     -1.339303     -1.339303
   4.55496     -1.165542     -1.165544
   4.50131     -1.029181     -1.029183
   4.44767     -0.940500     -0.940502
   4.39402     -0.910323     -0.910325
   4.39402     -0.910323     -0.910325
   4.33749     -0.944376     -0.944378
   4.28096     -1.048375     -1.048376
   4.22442     -1.206596     -1.206597
   4.16789     -1.404538     -1.404539
   4.11135     -1.629196     -1.629196
   4.05482     -1.870452     -1.870451
   3.99829     -2.121174     -2.121173
   3.94175     -2.362388     -2.362389
   3.88522     -2.547815     -2.547817
   3.82868     -2.702639     -2.702638
   3.77215     -2.703647     -2.703647
   3.71562     -2.801797     -2.801797
   3.65908     -2.841968     -2.841968
   3.60255     -2.869607     -2.869608
   3.54601     -2.879363     -2.879363
   3.54601     -2.908612     -2.908609
   3.49237     -2.885387     -2.885385
   3.43874     -2.838730     -2.838728
   3.38510     -2.771609     -2.771606
   3.33146     -2.695715     -2.695712
   3.27782     -2.669502     -2.669499
   3.22418     -2.571816     -2.571818
   3.17054     -2.369286     -2.369285
   3.11690     -2.154137     -2.154137
   3.06326     -1.948979     -1.948980
   3.00962     -1.774364     -1.774364
   2.95598     -1.543482     -1.543482
   2.90234     -1.339739     -1.339740
   2.84870     -1.166056     -1.166057
   2.79506     -1.029758     -1.029759
   2.74142     -0.941087     -0.941089
   2.68778     -0.910323     -0.910325
   2.68778     -0.910323     -0.910325
   2.63413     -0.940855     -0.940857
   2.58047     -1.035505     -1.035506
   2.52682     -1.180445     -1.180446
   2.47317     -1.361977     -1.361978
   2.41951     -1.566482     -1.566482
   2.36586     -1.781665     -1.781665
   2.31220     -1.997092     -1.997091
   2.25855     -2.204248     -2.204248
   2.20490     -2.398434     -2.398434
   2.15124     -2.589376     -2.589377
   2.09759     -2.708741     -2.708741
   2.04394     -2.725867     -2.725867
   1.99028     -2.776007     -2.776008
   1.93663     -2.832449     -2.832450
   1.88297     -2.879343     -2.879343
   1.82932     -2.907936     -2.907936
   1.82932     -2.879141     -2.879138
   1.77280     -2.869432     -2.869429
   1.71628     -2.841933     -2.841931
   1.65977     -2.802017     -2.802014
   1.60325     -2.703742     -2.703741
   1.54673     -2.703660     -2.703658
   1.49021     -2.549126     -2.549123
   1.43369     -2.363903     -2.363901
   1.37717     -2.122055     -2.122054
   1.32066     -1.871507     -1.871506
   1.26414     -1.630488     -1.630488
   1.20762     -1.406097     -1.406097
   1.15110     -1.208410     -1.208411
   1.09458     -1.050403     -1.050405
   1.03806     -0.946568     -0.946570
   0.98155     -0.910323     -0.910325
   0.98155     -0.910323     -0.910325
   0.94812     -0.908184     -0.908186
   0.91469     -0.901779     -0.901781
   0.88127     -0.891255     -0.891257
   0.84784     -0.951089     -0.951093
   0.84784     -2.879410     -2.879413
   0.79132     -2.869670     -2.869673
   0.73480     -2.842075     -2.842077
   0.67828     -2.801940     -2.801942
   0.62175     -2.704064     -2.704065
   0.56523     -2.703183     -2.703183
   0.50871     -2.548545     -2.548547
   0.45218     -2.363185     -2.363186
   0.39566     -2.121783     -2.121780
   0.33914     -1.871188     -1.871186
   0.28261     -1.630104     -1.630104
   0.22609     -1.405636     -1.405636
   0.16957     -1.207874     -1.207875
   0.11305     -1.049811     -1.049813
   0.05652     -0.945967     -0.945969
   0.00000     -0.910323     -0.910325
 
# Band-Index   25
   0.00000     -0.907688     -0.907690
   0.05652     -0.923556     -0.923557
   0.11305     -0.967267     -0.967268
   0.16957     -1.120122     -1.120124
   0.22609     -1.317661     -1.317663
   0.28261     -1.534632     -1.534634
   0.33914     -1.742773     -1.742776
   0.39566     -1.904353     -1.904356
   0.45218     -2.118571     -2.118574
   0.50871     -2.342049     -2.342052
   0.56523     -2.530835     -2.530837
   0.62175     -2.520099     -2.520101
   0.67828     -2.343030     -2.343033
   0.73480     -2.174622     -2.174626
   0.79132     -2.032044     -2.032046
   0.84784     -1.961059     -1.961057
   0.84784     -0.878095     -0.878097
   0.88127     -0.888623     -0.888625
   0.91469     -0.899147     -0.899149
   0.94812     -0.905550     -0.905552
   0.98155     -0.907688     -0.907690
   0.98155     -0.907688     -0.907690
   1.03806     -0.922931     -0.922933
   1.09458     -0.966602     -0.966604
   1.15110     -1.120693     -1.120693
   1.20762     -1.318134     -1.318132
   1.26414     -1.535040     -1.535038
   1.32066     -1.743117     -1.743115
   1.37717     -1.904551     -1.904550
   1.43369     -2.118532     -2.118531
   1.49021     -2.341941     -2.341940
   1.54673     -2.530731     -2.530729
   1.60325     -2.519781     -2.519783
   1.65977     -2.342515     -2.342517
   1.71628     -2.173912     -2.173913
   1.77280     -2.031085     -2.031088
   1.82932     -1.960023     -1.960022
   1.82932     -2.049141     -2.049144
   1.88297     -2.080400     -2.080403
   1.93663     -2.161818     -2.161820
   1.99028     -2.270907     -2.270909
   2.04394     -2.385114     -2.385117
   2.09759     -2.465836     -2.465838
   2.15124     -2.434650     -2.434650
   2.20490     -2.264940     -2.264940
   2.25855     -2.022416     -2.022416
   2.31220     -1.754967     -1.754969
   2.36586     -1.616975     -1.616976
   2.41951     -1.433369     -1.433370
   2.47317     -1.240714     -1.240714
   2.52682     -1.066660     -1.066661
   2.58047     -0.958019     -0.958021
   2.63413     -0.922321     -0.922323
   2.68778     -0.907688     -0.907690
   2.68778     -0.907688     -0.907690
   2.74142     -0.921935     -0.921937
   2.79506     -0.962467     -0.962468
   2.84870     -1.102855     -1.102854
   2.90234     -1.281945     -1.281944
   2.95598     -1.481145     -1.481142
   3.00962     -1.692604     -1.692601
   3.06326     -1.902126     -1.902123
   3.11690     -2.069168     -2.069167
   3.17054     -2.195349     -2.195349
   3.22418     -2.301619     -2.301619
   3.27782     -2.370460     -2.370461
   3.33146     -2.277908     -2.277909
   3.38510     -2.196835     -2.196834
   3.43874     -2.127805     -2.127805
   3.49237     -2.070675     -2.070676
   3.54601     -2.047655     -2.047656
   3.54601     -1.962895     -1.962894
   3.60255     -2.031923     -2.031928
   3.65908     -2.174381     -2.174384
   3.71562     -2.342760     -2.342765
   3.77215     -2.519877     -2.519878
   3.82868     -2.530389     -2.530390
   3.88522     -2.341373     -2.341374
   3.94175     -2.117688     -2.117690
   3.99829     -1.904062     -1.904064
   4.05482     -1.742104     -1.742105
   4.11135     -1.533683     -1.533684
   4.16789     -1.316553     -1.316553
   4.22442     -1.118897     -1.118897
   4.28096     -0.968921     -0.968922
   4.33749     -0.925202     -0.925204
   4.39402     -0.907688     -0.907690
   4.39402     -0.907688     -0.907690
   4.44767     -0.922549     -0.922550
   4.50131     -0.963127     -0.963128
   4.55496     -1.102301     -1.102304
   4.60860     -1.281522     -1.281525
   4.66225     -1.480810     -1.480813
   4.71589     -1.692305     -1.692308
   4.76954     -1.901934     -1.901937
   4.82318     -2.069107     -2.069110
   4.87683     -2.195524     -2.195527
   4.93047     -2.302205     -2.302206
   4.98412     -2.371219     -2.371218
   5.03776     -2.278561     -2.278560
   5.09141     -2.197580     -2.197584
   5.14505     -2.128704     -2.128709
   5.19870     -2.071740     -2.071745
   5.25234     -2.048803     -2.048808
 
# Band-Index   26
   5.25234     -1.999084     -1.999082
   5.19870     -1.989843     -1.989840
   5.14505     -1.962227     -1.962225
   5.09141     -2.112324     -2.112324
   5.03776     -2.258041     -2.258049
   4.98412     -2.289791     -2.289794
   4.93047     -2.272156     -2.272160
   4.87683     -2.150891     -2.150893
   4.82318     -1.963329     -1.963332
   4.76954     -1.746486     -1.746490
   4.71589     -1.499552     -1.499555
   4.66225     -1.274543     -1.274546
   4.60860     -1.107861     -1.107861
   4.55496     -1.026610     -1.026610
   4.50131     -0.953121     -0.953124
   4.44767     -0.844820     -0.844822
   4.39402     -0.787542     -0.787544
   4.39402     -0.787542     -0.787544
   4.33749     -0.842382     -0.842383
   4.28096     -0.956841     -0.956843
   4.22442     -1.038085     -1.038087
   4.16789     -1.174324     -1.174325
   4.11135     -1.361302     -1.361303
   4.05482     -1.580557     -1.580558
   3.99829     -1.862439     -1.862440
   3.94175     -2.008590     -2.008593
   3.88522     -2.059744     -2.059748
   3.82868     -2.063344     -2.063346
   3.77215     -2.033774     -2.033777
   3.71562     -1.987715     -1.987718
   3.65908     -1.941138     -1.941140
   3.60255     -1.957622     -1.957620
   3.54601     -1.960939     -1.960938
   3.54601     -1.998106     -1.998105
   3.49237     -1.988867     -1.988866
   3.43874     -1.961258     -1.961257
   3.38510     -2.111635     -2.111637
   3.33146     -2.257389     -2.257388
   3.27782     -2.289278     -2.289278
   3.22418     -2.271816     -2.271818
   3.17054     -2.150527     -2.150527
   3.11690     -1.963094     -1.963094
   3.06326     -1.746372     -1.746373
   3.00962     -1.499549     -1.499548
   2.95598     -1.274918     -1.274917
   2.90234     -1.107096     -1.107097
   2.84870     -1.025879     -1.025880
   2.79506     -0.953783     -0.953784
   2.74142     -0.845593     -0.845594
   2.68778     -0.787542     -0.787544
   2.68778     -0.787542     -0.787544
   2.63413     -0.830647     -0.830648
   2.58047     -0.926762     -0.926763
   2.52682     -1.015822     -1.015823
   2.47317     -1.163688     -1.163688
   2.41951     -1.346139     -1.346140
   2.36586     -1.509504     -1.509506
   2.31220     -1.751168     -1.751168
   2.25855     -1.828963     -1.828967
   2.20490     -1.957668     -1.957669
   2.15124     -2.060325     -2.060325
   2.09759     -2.100183     -2.100182
   2.04394     -2.062446     -2.062445
   1.99028     -1.969666     -1.969666
   1.93663     -1.967056     -1.967055
   1.88297     -1.992657     -1.992656
   1.82932     -2.001242     -2.001240
   1.82932     -1.957638     -1.957637
   1.77280     -1.954561     -1.954560
   1.71628     -1.939815     -1.939816
   1.65977     -1.986519     -1.986520
   1.60325     -2.032708     -2.032712
   1.54673     -2.062471     -2.062472
   1.49021     -2.059200     -2.059198
   1.43369     -2.008532     -2.008532
   1.37717     -1.863563     -1.863562
   1.32066     -1.581882     -1.581882
   1.26414     -1.362238     -1.362239
   1.20762     -1.175658     -1.175659
   1.15110     -1.035670     -1.035671
   1.09458     -0.958856     -0.958856
   1.03806     -0.844559     -0.844560
   0.98155     -0.787542     -0.787544
   0.98155     -0.787542     -0.787544
   0.94812     -0.813068     -0.813070
   0.91469     -0.837074     -0.837076
   0.88127     -0.858443     -0.858444
   0.84784     -0.875766     -0.875768
   0.84784     -1.958506     -1.958504
   0.79132     -1.955542     -1.955540
   0.73480     -1.940778     -1.940782
   0.67828     -1.987324     -1.987327
   0.62175     -2.033376     -2.033380
   0.56523     -2.062980     -2.062987
   0.50871     -2.059500     -2.059506
   0.45218     -2.008559     -2.008563
   0.39566     -1.863477     -1.863481
   0.33914     -1.581707     -1.581710
   0.28261     -1.362163     -1.362165
   0.22609     -1.175389     -1.175390
   0.16957     -1.036406     -1.036406
   0.11305     -0.958190     -0.958192
   0.05652     -0.843772     -0.843775
   0.00000     -0.787542     -0.787544
 
# Band-Index   27
   0.00000     -0.787486     -0.787487
   0.05652     -0.823693     -0.823694
   0.11305     -0.881354     -0.881354
   0.16957     -0.989510     -0.989511
   0.22609     -1.125975     -1.125975
   0.28261     -1.284065     -1.284067
   0.33914     -1.517277     -1.517279
   0.39566     -1.648197     -1.648199
   0.45218     -1.753116     -1.753117
   0.50871     -1.815110     -1.815110
   0.56523     -1.821327     -1.821326
   0.62175     -1.830340     -1.830338
   0.67828     -1.889882     -1.889880
   0.73480     -1.931940     -1.931938
   0.79132     -1.944515     -1.944512
   0.84784     -1.940122     -1.940125
   0.84784     -0.874829     -0.874830
   0.88127     -0.855858     -0.855859
   0.91469     -0.834494     -0.834496
   0.94812     -0.810506     -0.810507
   0.98155     -0.787486     -0.787487
   0.98155     -0.787486     -0.787487
   1.03806     -0.822848     -0.822850
   1.09458     -0.880550     -0.880552
   1.15110     -0.989818     -0.989819
   1.20762     -1.125175     -1.125176
   1.26414     -1.284339     -1.284338
   1.32066     -1.517013     -1.517015
   1.37717     -1.647603     -1.647605
   1.43369     -1.752270     -1.752272
   1.49021     -1.814116     -1.814118
   1.54673     -1.820313     -1.820315
   1.60325     -1.829364     -1.829363
   1.65977     -1.888902     -1.888902
   1.71628     -1.930959     -1.930958
   1.77280     -1.943596     -1.943595
   1.82932     -1.939175     -1.939177
   1.82932     -1.860453     -1.860451
   1.88297     -1.852635     -1.852633
   1.93663     -1.856158     -1.856159
   1.99028     -1.924879     -1.924878
   2.04394     -1.866875     -1.866874
   2.09759     -1.821209     -1.821211
   2.15124     -1.845733     -1.845736
   2.20490     -1.852765     -1.852768
   2.25855     -1.819805     -1.819807
   2.31220     -1.666513     -1.666515
   2.36586     -1.467538     -1.467539
   2.41951     -1.185895     -1.185895
   2.47317     -1.093060     -1.093061
   2.52682     -0.987858     -0.987859
   2.58047     -0.887428     -0.887429
   2.63413     -0.828397     -0.828399
   2.68778     -0.787486     -0.787487
   2.68778     -0.787486     -0.787487
   2.74142     -0.813305     -0.813307
   2.79506     -0.858729     -0.858731
   2.84870     -0.929920     -0.929922
   2.90234     -1.089587     -1.089587
   2.95598     -1.228131     -1.228131
   3.00962     -1.425372     -1.425373
   3.06326     -1.520551     -1.520553
   3.11690     -1.569994     -1.569997
   3.17054     -1.609635     -1.609637
   3.22418     -1.676880     -1.676879
   3.27782     -1.772392     -1.772391
   3.33146     -1.852358     -1.852358
   3.38510     -1.915582     -1.915581
   3.43874     -1.939357     -1.939359
   3.49237     -1.863585     -1.863585
   3.54601     -1.857329     -1.857328
   3.54601     -1.940394     -1.940397
   3.60255     -1.946693     -1.946691
   3.65908     -1.934048     -1.934047
   3.71562     -1.891991     -1.891990
   3.77215     -1.832436     -1.832435
   3.82868     -1.820548     -1.820548
   3.88522     -1.814438     -1.814438
   3.94175     -1.752480     -1.752481
   3.99829     -1.647538     -1.647540
   4.05482     -1.516565     -1.516567
   4.11135     -1.282888     -1.282888
   4.16789     -1.127712     -1.127712
   4.22442     -0.988280     -0.988280
   4.28096     -0.882719     -0.882720
   4.33749     -0.825027     -0.825029
   4.39402     -0.787486     -0.787487
   4.39402     -0.787486     -0.787487
   4.44767     -0.814157     -0.814158
   4.50131     -0.859538     -0.859539
   4.55496     -0.929649     -0.929650
   4.60860     -1.089262     -1.089263
   4.66225     -1.228065     -1.228067
   4.71589     -1.425187     -1.425190
   4.76954     -1.520723     -1.520726
   4.82318     -1.570709     -1.570711
   4.87683     -1.610636     -1.610635
   4.93047     -1.677802     -1.677800
   4.98412     -1.773320     -1.773317
   5.03776     -1.853303     -1.853301
   5.09141     -1.916540     -1.916538
   5.14505     -1.940163     -1.940163
   5.19870     -1.864472     -1.864470
   5.25234     -1.857927     -1.857925
 
# Band-Index   28
   5.25234     -1.856795     -1.856793
   5.19870     -1.834425     -1.834422
   5.14505     -1.855569     -1.855567
   5.09141     -1.830799     -1.830796
   5.03776     -1.790603     -1.790601
   4.98412     -1.735758     -1.735756
   4.93047     -1.667325     -1.667323
   4.87683     -1.587406     -1.587404
   4.82318     -1.497438     -1.497436
   4.76954     -1.402850     -1.402853
   4.71589     -1.300294     -1.300294
   4.66225     -1.200983     -1.200983
   4.60860     -0.996351     -0.996354
   4.55496     -0.918970     -0.918970
   4.50131     -0.830184     -0.830186
   4.44767     -0.781739     -0.781742
   4.39402     -0.785454     -0.785457
   4.39402     -0.785454     -0.785457
   4.33749     -0.789360     -0.789362
   4.28096     -0.856632     -0.856634
   4.22442     -0.956774     -0.956776
   4.16789     -1.043192     -1.043193
   4.11135     -1.231588     -1.231588
   4.05482     -1.343181     -1.343182
   3.99829     -1.456344     -1.456343
   3.94175     -1.565739     -1.565739
   3.88522     -1.667028     -1.667027
   3.82868     -1.756795     -1.756794
   3.77215     -1.785330     -1.785329
   3.71562     -1.858085     -1.858084
   3.65908     -1.912063     -1.912061
   3.60255     -1.914740     -1.914743
   3.54601     -1.938140     -1.938142
   3.54601     -1.855645     -1.855645
   3.49237     -1.833569     -1.833568
   3.43874     -1.854658     -1.854658
   3.38510     -1.829872     -1.829871
   3.33146     -1.789669     -1.789668
   3.27782     -1.734824     -1.734823
   3.22418     -1.666415     -1.666415
   3.17054     -1.586461     -1.586461
   3.11690     -1.496527     -1.496527
   3.06326     -1.402798     -1.402799
   3.00962     -1.299437     -1.299437
   2.95598     -1.200177     -1.200178
   2.90234     -0.996980     -0.996980
   2.84870     -0.918277     -0.918278
   2.79506     -0.830783     -0.830785
   2.74142     -0.782566     -0.782567
   2.68778     -0.785454     -0.785457
   2.68778     -0.785454     -0.785457
   2.63413     -0.794166     -0.794168
   2.58047     -0.861073     -0.861075
   2.52682     -0.961115     -0.961117
   2.47317     -1.046235     -1.046235
   2.41951     -1.181851     -1.181851
   2.36586     -1.289307     -1.289308
   2.31220     -1.398099     -1.398099
   2.25855     -1.507093     -1.507092
   2.20490     -1.611761     -1.611761
   2.15124     -1.708423     -1.708422
   2.09759     -1.794190     -1.794189
   2.04394     -1.786974     -1.786976
   1.99028     -1.792114     -1.792112
   1.93663     -1.829576     -1.829574
   1.88297     -1.850290     -1.850289
   1.82932     -1.858353     -1.858352
   1.82932     -1.936834     -1.936836
   1.77280     -1.913315     -1.913316
   1.71628     -1.909024     -1.909023
   1.65977     -1.855110     -1.855109
   1.60325     -1.782422     -1.782422
   1.54673     -1.753753     -1.753753
   1.49021     -1.664033     -1.664033
   1.43369     -1.562807     -1.562806
   1.37717     -1.453489     -1.453489
   1.32066     -1.340420     -1.340420
   1.26414     -1.228936     -1.228936
   1.20762     -1.040936     -1.040937
   1.15110     -0.954553     -0.954554
   1.09458     -0.858433     -0.858434
   1.03806     -0.791461     -0.791463
   0.98155     -0.785454     -0.785457
   0.98155     -0.785454     -0.785457
   0.94812     -0.761242     -0.761244
   0.91469     -0.737251     -0.737253
   0.88127     -0.790168     -0.790172
   0.84784     -0.872794     -0.872796
   0.84784     -1.938224     -1.938228
   0.79132     -1.914459     -1.914463
   0.73480     -1.909935     -1.909933
   0.67828     -1.856002     -1.855999
   0.62175     -1.783289     -1.783287
   0.56523     -1.754723     -1.754722
   0.50871     -1.664991     -1.664989
   0.45218     -1.563746     -1.563744
   0.39566     -1.454403     -1.454401
   0.33914     -1.341301     -1.341300
   0.28261     -1.229770     -1.229769
   0.22609     -1.041671     -1.041671
   0.16957     -0.955289     -0.955289
   0.11305     -0.857878     -0.857880
   0.05652     -0.790708     -0.790710
   0.00000     -0.785454     -0.785457
 
# Band-Index   29
   0.00000     -0.783559     -0.783561
   0.05652     -0.770741     -0.770743
   0.11305     -0.782389     -0.782390
   0.16957     -0.829082     -0.829082
   0.22609     -0.991799     -0.991803
   0.28261     -1.136049     -1.136048
   0.33914     -1.234131     -1.234130
   0.39566     -1.331804     -1.331802
   0.45218     -1.463990     -1.463988
   0.50871     -1.585603     -1.585600
   0.56523     -1.692699     -1.692696
   0.62175     -1.777329     -1.777328
   0.67828     -1.708071     -1.708068
   0.73480     -1.746498     -1.746494
   0.79132     -1.769864     -1.769861
   0.84784     -1.777712     -1.777708
   0.84784     -0.712312     -0.712315
   0.88127     -0.719237     -0.719240
   0.91469     -0.734653     -0.734655
   0.94812     -0.758643     -0.758645
   0.98155     -0.783559     -0.783561
   0.98155     -0.783559     -0.783561
   1.03806     -0.769943     -0.769946
   1.09458     -0.781578     -0.781580
   1.15110     -0.828678     -0.828676
   1.20762     -0.992578     -0.992577
   1.26414     -1.135336     -1.135337
   1.32066     -1.233775     -1.233775
   1.37717     -1.331454     -1.331454
   1.43369     -1.463222     -1.463222
   1.49021     -1.584796     -1.584796
   1.54673     -1.691860     -1.691859
   1.60325     -1.776381     -1.776383
   1.65977     -1.707311     -1.707310
   1.71628     -1.745732     -1.745731
   1.77280     -1.769097     -1.769096
   1.82932     -1.776944     -1.776943
   1.82932     -1.687863     -1.687866
   1.88297     -1.750809     -1.750811
   1.93663     -1.825948     -1.825947
   1.99028     -1.785157     -1.785156
   2.04394     -1.741160     -1.741159
   2.09759     -1.677887     -1.677886
   2.15124     -1.603701     -1.603700
   2.20490     -1.520292     -1.520291
   2.25855     -1.429636     -1.429635
   2.31220     -1.334049     -1.334049
   2.36586     -1.236203     -1.236203
   2.41951     -1.139134     -1.139135
   2.47317     -0.906541     -0.906541
   2.52682     -0.789651     -0.789653
   2.58047     -0.765181     -0.765183
   2.63413     -0.765560     -0.765563
   2.68778     -0.783559     -0.783561
   2.68778     -0.783559     -0.783561
   2.74142     -0.777028     -0.777030
   2.79506     -0.794602     -0.794604
   2.84870     -0.844892     -0.844894
   2.90234     -0.989200     -0.989201
   2.95598     -1.142698     -1.142699
   3.00962     -1.280495     -1.280496
   3.06326     -1.399661     -1.399661
   3.11690     -1.493230     -1.493230
   3.17054     -1.566992     -1.566992
   3.22418     -1.646408     -1.646409
   3.27782     -1.666467     -1.666468
   3.33146     -1.677568     -1.677567
   3.38510     -1.742924     -1.742923
   3.43874     -1.795412     -1.795411
   3.49237     -1.787382     -1.787384
   3.54601     -1.685716     -1.685718
   3.54601     -1.779636     -1.779634
   3.60255     -1.771784     -1.771782
   3.65908     -1.748405     -1.748403
   3.71562     -1.709963     -1.709961
   3.77215     -1.776416     -1.776415
   3.82868     -1.694691     -1.694690
   3.88522     -1.587547     -1.587546
   3.94175     -1.465894     -1.465893
   3.99829     -1.334236     -1.334235
   4.05482     -1.235728     -1.235728
   4.11135     -1.137618     -1.137618
   4.16789     -0.991236     -0.991238
   4.22442     -0.830728     -0.830730
   4.28096     -0.783943     -0.783945
   4.33749     -0.772237     -0.772239
   4.39402     -0.783559     -0.783561
   4.39402     -0.783559     -0.783561
   4.44767     -0.777860     -0.777861
   4.50131     -0.795394     -0.795395
   4.55496     -0.845676     -0.845677
   4.60860     -0.989866     -0.989866
   4.66225     -1.142404     -1.142408
   4.71589     -1.280444     -1.280447
   4.76954     -1.400559     -1.400558
   4.82318     -1.493146     -1.493151
   4.87683     -1.567851     -1.567850
   4.93047     -1.647286     -1.647285
   4.98412     -1.667233     -1.667232
   5.03776     -1.678289     -1.678286
   5.09141     -1.743694     -1.743691
   5.14505     -1.796225     -1.796223
   5.19870     -1.788404     -1.788405
   5.25234     -1.688569     -1.688571
 
# Band-Index   30
   5.25234     -1.682946     -1.682949
   5.19870     -1.651715     -1.651717
   5.14505     -1.655642     -1.655643
   5.09141     -1.666378     -1.666379
   5.03776     -1.672094     -1.672094
   4.98412     -1.601996     -1.601992
   4.93047     -1.517523     -1.517520
   4.87683     -1.520601     -1.520608
   4.82318     -1.446382     -1.446380
   4.76954     -1.316159     -1.316157
   4.71589     -1.181838     -1.181836
   4.66225     -1.069386     -1.069385
   4.60860     -0.950667     -0.950668
   4.55496     -0.825660     -0.825663
   4.50131     -0.641345     -0.641347
   4.44767     -0.553637     -0.553641
   4.39402     -0.546998     -0.547003
   4.39402     -0.546998     -0.547003
   4.33749     -0.552243     -0.552248
   4.28096     -0.645145     -0.645146
   4.22442     -0.826771     -0.826772
   4.16789     -0.984685     -0.984685
   4.11135     -1.129044     -1.129046
   4.05482     -1.232994     -1.232997
   3.99829     -1.331752     -1.331752
   3.94175     -1.427232     -1.427231
   3.88522     -1.514090     -1.514088
   3.82868     -1.591433     -1.591431
   3.77215     -1.657247     -1.657246
   3.71562     -1.702725     -1.702725
   3.65908     -1.622091     -1.622091
   3.60255     -1.553504     -1.553505
   3.54601     -1.521040     -1.521042
   3.54601     -1.683541     -1.683543
   3.49237     -1.650768     -1.650771
   3.43874     -1.654860     -1.654862
   3.38510     -1.665673     -1.665675
   3.33146     -1.671383     -1.671385
   3.27782     -1.601310     -1.601310
   3.22418     -1.516864     -1.516864
   3.17054     -1.520716     -1.520719
   3.11690     -1.445544     -1.445544
   3.06326     -1.315350     -1.315350
   3.00962     -1.181064     -1.181064
   2.95598     -1.068706     -1.068707
   2.90234     -0.950714     -0.950714
   2.84870     -0.826580     -0.826578
   2.79506     -0.642168     -0.642165
   2.74142     -0.553585     -0.553590
   2.68778     -0.546998     -0.547003
   2.68778     -0.546998     -0.547003
   2.63413     -0.553430     -0.553435
   2.58047     -0.605695     -0.605696
   2.52682     -0.761203     -0.761204
   2.47317     -0.904248     -0.904250
   2.41951     -1.015742     -1.015744
   2.36586     -1.110069     -1.110070
   2.31220     -1.227744     -1.227742
   2.25855     -1.351552     -1.351550
   2.20490     -1.465552     -1.465551
   2.15124     -1.567341     -1.567340
   2.09759     -1.655238     -1.655237
   2.04394     -1.728098     -1.728096
   1.99028     -1.747820     -1.747822
   1.93663     -1.708666     -1.708668
   1.88297     -1.679492     -1.679495
   1.82932     -1.682807     -1.682808
   1.82932     -1.521179     -1.521182
   1.77280     -1.553714     -1.553717
   1.71628     -1.622329     -1.622332
   1.65977     -1.702875     -1.702877
   1.60325     -1.654626     -1.654626
   1.54673     -1.588854     -1.588854
   1.49021     -1.511561     -1.511560
   1.43369     -1.424766     -1.424766
   1.37717     -1.329544     -1.329544
   1.32066     -1.232952     -1.232952
   1.26414     -1.129886     -1.129885
   1.20762     -0.986297     -0.986296
   1.15110     -0.828265     -0.828267
   1.09458     -0.647147     -0.647145
   1.03806     -0.552244     -0.552249
   0.98155     -0.546998     -0.547003
   0.98155     -0.546998     -0.547003
   0.94812     -0.576905     -0.576910
   0.91469     -0.661038     -0.661043
   0.88127     -0.716621     -0.716623
   0.84784     -0.709689     -0.709691
   0.84784     -1.522254     -1.522255
   0.79132     -1.554631     -1.554631
   0.73480     -1.623173     -1.623172
   0.67828     -1.703752     -1.703750
   0.62175     -1.655387     -1.655384
   0.56523     -1.589612     -1.589609
   0.50871     -1.512315     -1.512313
   0.45218     -1.425522     -1.425520
   0.39566     -1.330681     -1.330679
   0.33914     -1.232917     -1.232921
   0.28261     -1.129353     -1.129358
   0.22609     -0.985945     -0.985947
   0.16957     -0.827699     -0.827702
   0.11305     -0.646254     -0.646257
   0.05652     -0.552259     -0.552264
   0.00000     -0.546998     -0.547003
 
# Band-Index   31
   0.00000     -0.413238     -0.413239
   0.05652     -0.493411     -0.493414
   0.11305     -0.570008     -0.570012
   0.16957     -0.706990     -0.706992
   0.22609     -0.921663     -0.921662
   0.28261     -1.049414     -1.049412
   0.33914     -1.190176     -1.190174
   0.39566     -1.296933     -1.296938
   0.45218     -1.331711     -1.331717
   0.50871     -1.351163     -1.351169
   0.56523     -1.364231     -1.364237
   0.62175     -1.375766     -1.375772
   0.67828     -1.388624     -1.388629
   0.73480     -1.415313     -1.415313
   0.79132     -1.445595     -1.445597
   0.84784     -1.466237     -1.466239
   0.84784     -0.500061     -0.500061
   0.88127     -0.492297     -0.492297
   0.91469     -0.471830     -0.471830
   0.94812     -0.443958     -0.443958
   0.98155     -0.413238     -0.413239
   0.98155     -0.413238     -0.413239
   1.03806     -0.494145     -0.494144
   1.09458     -0.569896     -0.569901
   1.15110     -0.707356     -0.707355
   1.20762     -0.920920     -0.920921
   1.26414     -1.048689     -1.048690
   1.32066     -1.189435     -1.189435
   1.37717     -1.297220     -1.297221
   1.43369     -1.331917     -1.331919
   1.49021     -1.351310     -1.351313
   1.54673     -1.364333     -1.364337
   1.60325     -1.375830     -1.375834
   1.65977     -1.388629     -1.388634
   1.71628     -1.414206     -1.414207
   1.77280     -1.445812     -1.445817
   1.82932     -1.464652     -1.464655
   1.82932     -1.479934     -1.479937
   1.88297     -1.457344     -1.457347
   1.93663     -1.400464     -1.400467
   1.99028     -1.341493     -1.341497
   2.04394     -1.317132     -1.317136
   2.09759     -1.319546     -1.319550
   2.15124     -1.323152     -1.323156
   2.20490     -1.314394     -1.314396
   2.25855     -1.280767     -1.280769
   2.31220     -1.213604     -1.213606
   2.36586     -1.097726     -1.097726
   2.41951     -0.973625     -0.973625
   2.47317     -0.854745     -0.854746
   2.52682     -0.663420     -0.663421
   2.58047     -0.574787     -0.574792
   2.63413     -0.476829     -0.476829
   2.68778     -0.413238     -0.413239
   2.68778     -0.413238     -0.413239
   2.74142     -0.494420     -0.494419
   2.79506     -0.578419     -0.578425
   2.84870     -0.697538     -0.697541
   2.90234     -0.932737     -0.932739
   2.95598     -1.049740     -1.049741
   3.00962     -1.154195     -1.154195
   3.06326     -1.243688     -1.243688
   3.11690     -1.335342     -1.335342
   3.17054     -1.427215     -1.427215
   3.22418     -1.491205     -1.491210
   3.27782     -1.439763     -1.439768
   3.33146     -1.389835     -1.389840
   3.38510     -1.360704     -1.360710
   3.43874     -1.398953     -1.398958
   3.49237     -1.458270     -1.458275
   3.54601     -1.481823     -1.481828
   3.54601     -1.464027     -1.464030
   3.60255     -1.445886     -1.445888
   3.65908     -1.417430     -1.417432
   3.71562     -1.388823     -1.388828
   3.77215     -1.376065     -1.376070
   3.82868     -1.364589     -1.364594
   3.88522     -1.351545     -1.351550
   3.94175     -1.332066     -1.332070
   3.99829     -1.297182     -1.297186
   4.05482     -1.191910     -1.191910
   4.11135     -1.051124     -1.051124
   4.16789     -0.923356     -0.923357
   4.22442     -0.705826     -0.705827
   4.28096     -0.569899     -0.569904
   4.33749     -0.492225     -0.492225
   4.39402     -0.413238     -0.413239
   4.39402     -0.413238     -0.413239
   4.44767     -0.493724     -0.493726
   4.50131     -0.578758     -0.578761
   4.55496     -0.697859     -0.697859
   4.60860     -0.933507     -0.933506
   4.66225     -1.050529     -1.050528
   4.71589     -1.154880     -1.154879
   4.76954     -1.244339     -1.244337
   4.82318     -1.335974     -1.335972
   4.87683     -1.427845     -1.427842
   4.93047     -1.491335     -1.491342
   4.98412     -1.440033     -1.440040
   5.03776     -1.390146     -1.390151
   5.09141     -1.361068     -1.361072
   5.14505     -1.398756     -1.398758
   5.19870     -1.457735     -1.457737
   5.25234     -1.481210     -1.481212
 
# Band-Index   32
   5.25234     -1.437493     -1.437495
   5.19870     -1.427408     -1.427410
   5.14505     -1.387004     -1.387006
   5.09141     -1.348393     -1.348394
   5.03776     -1.315225     -1.315226
   4.98412     -1.266171     -1.266172
   4.93047     -1.201019     -1.201020
   4.87683     -1.119945     -1.119946
   4.82318     -1.047722     -1.047724
   4.76954     -1.015855     -1.015856
   4.71589     -0.966526     -0.966527
   4.66225     -0.878905     -0.878905
   4.60860     -0.749556     -0.749556
   4.55496     -0.604506     -0.604506
   4.50131     -0.523748     -0.523746
   4.44767     -0.455196     -0.455194
   4.39402     -0.412841     -0.412840
   4.39402     -0.412841     -0.412840
   4.33749     -0.468879     -0.468880
   4.28096     -0.554526     -0.554526
   4.22442     -0.655834     -0.655834
   4.16789     -0.819734     -0.819735
   4.11135     -0.965642     -0.965644
   4.05482     -1.070839     -1.070840
   3.99829     -1.133550     -1.133552
   3.94175     -1.167162     -1.167165
   3.88522     -1.188389     -1.188393
   3.82868     -1.227481     -1.227483
   3.77215     -1.307339     -1.307341
   3.71562     -1.371033     -1.371035
   3.65908     -1.405003     -1.405008
   3.60255     -1.443975     -1.443978
   3.54601     -1.461254     -1.461257
   3.54601     -1.435043     -1.435047
   3.49237     -1.427871     -1.427876
   3.43874     -1.387656     -1.387661
   3.38510     -1.347354     -1.347356
   3.33146     -1.314090     -1.314091
   3.27782     -1.265011     -1.265012
   3.22418     -1.199856     -1.199858
   3.17054     -1.118807     -1.118809
   3.11690     -1.047238     -1.047244
   3.06326     -1.015188     -1.015194
   3.00962     -0.965772     -0.965777
   2.95598     -0.878256     -0.878260
   2.90234     -0.749179     -0.749182
   2.84870     -0.604232     -0.604233
   2.79506     -0.523143     -0.523144
   2.74142     -0.454602     -0.454604
   2.68778     -0.412841     -0.412840
   2.68778     -0.412841     -0.412840
   2.63413     -0.472174     -0.472175
   2.58047     -0.559639     -0.559639
   2.52682     -0.662947     -0.662947
   2.47317     -0.814540     -0.814541
   2.41951     -0.967884     -0.967884
   2.36586     -1.087378     -1.087382
   2.31220     -1.127273     -1.127277
   2.25855     -1.153493     -1.153498
   2.20490     -1.179096     -1.179100
   2.15124     -1.210192     -1.210196
   2.09759     -1.248492     -1.248496
   2.04394     -1.293105     -1.293109
   1.99028     -1.327678     -1.327682
   1.93663     -1.388609     -1.388613
   1.88297     -1.425923     -1.425927
   1.82932     -1.435420     -1.435423
   1.82932     -1.463928     -1.463933
   1.77280     -1.442016     -1.442018
   1.71628     -1.404878     -1.404882
   1.65977     -1.367892     -1.367894
   1.60325     -1.304245     -1.304247
   1.54673     -1.224479     -1.224480
   1.49021     -1.189147     -1.189153
   1.43369     -1.167687     -1.167693
   1.37717     -1.133890     -1.133896
   1.32066     -1.071133     -1.071138
   1.26414     -0.966106     -0.966110
   1.20762     -0.820526     -0.820529
   1.15110     -0.656970     -0.656972
   1.09458     -0.552799     -0.552801
   1.03806     -0.467161     -0.467163
   0.98155     -0.412841     -0.412840
   0.98155     -0.412841     -0.412840
   0.94812     -0.441896     -0.441897
   0.91469     -0.469764     -0.469765
   0.88127     -0.490234     -0.490235
   0.84784     -0.498001     -0.498002
   0.84784     -1.461430     -1.461431
   0.79132     -1.443354     -1.443354
   0.73480     -1.405189     -1.405194
   0.67828     -1.369005     -1.369006
   0.62175     -1.305340     -1.305341
   0.56523     -1.225533     -1.225533
   0.50871     -1.189600     -1.189602
   0.45218     -1.168316     -1.168317
   0.39566     -1.134650     -1.134651
   0.33914     -1.071916     -1.071916
   0.28261     -0.966741     -0.966742
   0.22609     -0.820891     -0.820891
   0.16957     -0.657148     -0.657148
   0.11305     -0.553399     -0.553397
   0.05652     -0.467748     -0.467747
   0.00000     -0.412841     -0.412840
 
# Band-Index   33
   0.00000     -0.410799     -0.410801
   0.05652     -0.420084     -0.420086
   0.11305     -0.510901     -0.510903
   0.16957     -0.649312     -0.649311
   0.22609     -0.732463     -0.732463
   0.28261     -0.800779     -0.800780
   0.33914     -0.865211     -0.865212
   0.39566     -0.929352     -0.929352
   0.45218     -1.025291     -1.025291
   0.50871     -1.131355     -1.131356
   0.56523     -1.212522     -1.212525
   0.62175     -1.247187     -1.247189
   0.67828     -1.310308     -1.310310
   0.73480     -1.387401     -1.387403
   0.79132     -1.430572     -1.430574
   0.84784     -1.452774     -1.452775
   0.84784     -0.298381     -0.298381
   0.88127     -0.322460     -0.322460
   0.91469     -0.350428     -0.350428
   0.94812     -0.380990     -0.380990
   0.98155     -0.410799     -0.410801
   0.98155     -0.410799     -0.410801
   1.03806     -0.420496     -0.420495
   1.09458     -0.511130     -0.511131
   1.15110     -0.648763     -0.648765
   1.20762     -0.731727     -0.731730
   1.26414     -0.799952     -0.799955
   1.32066     -0.864329     -0.864332
   1.37717     -0.928406     -0.928408
   1.43369     -1.024281     -1.024283
   1.49021     -1.130313     -1.130315
   1.54673     -1.212238     -1.212244
   1.60325     -1.247119     -1.247125
   1.65977     -1.310737     -1.310743
   1.71628     -1.388143     -1.388149
   1.77280     -1.430461     -1.430466
   1.82932     -1.451529     -1.451531
   1.82932     -1.431551     -1.431554
   1.88297     -1.400471     -1.400474
   1.93663     -1.356810     -1.356813
   1.99028     -1.325907     -1.325910
   2.04394     -1.260350     -1.260351
   2.09759     -1.208928     -1.208930
   2.15124     -1.150008     -1.150010
   2.20490     -1.085752     -1.085753
   2.25855     -1.018623     -1.018625
   2.31220     -0.951261     -0.951263
   2.36586     -0.886151     -0.886153
   2.41951     -0.824138     -0.824140
   2.47317     -0.757141     -0.757143
   2.52682     -0.651551     -0.651552
   2.58047     -0.511612     -0.511613
   2.63413     -0.424038     -0.424038
   2.68778     -0.410799     -0.410801
   2.68778     -0.410799     -0.410801
   2.74142     -0.409307     -0.409306
   2.79506     -0.480097     -0.480097
   2.84870     -0.600055     -0.600057
   2.90234     -0.670164     -0.670166
   2.95598     -0.731136     -0.731139
   3.00962     -0.801667     -0.801669
   3.06326     -0.915731     -0.915733
   3.11690     -1.023086     -1.023088
   3.17054     -1.079592     -1.079598
   3.22418     -1.122143     -1.122149
   3.27782     -1.185017     -1.185022
   3.33146     -1.261091     -1.261096
   3.38510     -1.329701     -1.329706
   3.43874     -1.365159     -1.365163
   3.49237     -1.400512     -1.400517
   3.54601     -1.434359     -1.434365
   3.54601     -1.454808     -1.454810
   3.60255     -1.428796     -1.428799
   3.65908     -1.386942     -1.386945
   3.71562     -1.309799     -1.309803
   3.77215     -1.245909     -1.245913
   3.82868     -1.211264     -1.211268
   3.88522     -1.133232     -1.133234
   3.94175     -1.027078     -1.027080
   3.99829     -0.930871     -0.930872
   4.05482     -0.866680     -0.866681
   4.11135     -0.802144     -0.802145
   4.16789     -0.733712     -0.733714
   4.22442     -0.650572     -0.650573
   4.28096     -0.509771     -0.509771
   4.33749     -0.418936     -0.418936
   4.39402     -0.410799     -0.410801
   4.39402     -0.410799     -0.410801
   4.44767     -0.408826     -0.408828
   4.50131     -0.479867     -0.479869
   4.55496     -0.600500     -0.600499
   4.60860     -0.670831     -0.670830
   4.66225     -0.731859     -0.731859
   4.71589     -0.802636     -0.802637
   4.76954     -0.916756     -0.916756
   4.82318     -1.024191     -1.024192
   4.87683     -1.079900     -1.079902
   4.93047     -1.122260     -1.122262
   4.98412     -1.184747     -1.184751
   5.03776     -1.260830     -1.260833
   5.09141     -1.329698     -1.329701
   5.14505     -1.366387     -1.366387
   5.19870     -1.399863     -1.399865
   5.25234     -1.430481     -1.430482
 
# Band-Index   34
   5.25234     -1.357042     -1.357042
   5.19870     -1.368581     -1.368581
   5.14505     -1.364540     -1.364543
   5.09141     -1.322823     -1.322825
   5.03776     -1.246872     -1.246875
   4.98412     -1.178258     -1.178260
   4.93047     -1.103587     -1.103591
   4.87683     -1.019705     -1.019710
   4.82318     -0.935316     -0.935320
   4.76954     -0.852834     -0.852839
   4.71589     -0.788936     -0.788937
   4.66225     -0.703480     -0.703485
   4.60860     -0.641038     -0.641043
   4.55496     -0.582814     -0.582821
   4.50131     -0.447561     -0.447565
   4.44767     -0.402540     -0.402539
   4.39402     -0.409968     -0.409968
   4.39402     -0.409968     -0.409968
   4.33749     -0.395564     -0.395565
   4.28096     -0.469056     -0.469056
   4.22442     -0.600586     -0.600591
   4.16789     -0.647294     -0.647298
   4.11135     -0.707037     -0.707041
   4.05482     -0.793585     -0.793586
   3.99829     -0.912342     -0.912344
   3.94175     -0.993727     -0.993729
   3.88522     -1.053055     -1.053057
   3.82868     -1.130498     -1.130502
   3.77215     -1.222511     -1.222515
   3.71562     -1.297397     -1.297401
   3.65908     -1.363331     -1.363334
   3.60255     -1.425183     -1.425187
   3.54601     -1.440136     -1.440140
   3.54601     -1.355691     -1.355692
   3.49237     -1.367492     -1.367493
   3.43874     -1.364845     -1.364848
   3.38510     -1.323679     -1.323684
   3.33146     -1.247201     -1.247207
   3.27782     -1.178378     -1.178384
   3.22418     -1.103903     -1.103908
   3.17054     -1.020022     -1.020027
   3.11690     -0.935650     -0.935654
   3.06326     -0.853288     -0.853292
   3.00962     -0.788322     -0.788324
   2.95598     -0.703865     -0.703869
   2.90234     -0.641501     -0.641504
   2.84870     -0.583760     -0.583760
   2.79506     -0.448536     -0.448533
   2.74142     -0.401914     -0.401916
   2.68778     -0.409968     -0.409968
   2.68778     -0.409968     -0.409968
   2.63413     -0.387154     -0.387154
   2.58047     -0.437121     -0.437121
   2.52682     -0.589348     -0.589351
   2.47317     -0.643377     -0.643381
   2.41951     -0.700557     -0.700561
   2.36586     -0.765858     -0.765862
   2.31220     -0.837850     -0.837854
   2.25855     -0.914926     -0.914930
   2.20490     -1.005897     -1.005898
   2.15124     -1.095269     -1.095270
   2.09759     -1.173495     -1.173496
   2.04394     -1.245175     -1.245179
   1.99028     -1.302362     -1.302363
   1.93663     -1.333510     -1.333511
   1.88297     -1.352493     -1.352495
   1.82932     -1.358558     -1.358559
   1.82932     -1.440659     -1.440664
   1.77280     -1.425709     -1.425714
   1.71628     -1.365002     -1.365007
   1.65977     -1.298821     -1.298827
   1.60325     -1.223306     -1.223312
   1.54673     -1.131208     -1.131214
   1.49021     -1.050429     -1.050431
   1.43369     -0.991144     -0.991146
   1.37717     -0.909659     -0.909661
   1.32066     -0.791098     -0.791100
   1.26414     -0.707312     -0.707317
   1.20762     -0.647493     -0.647498
   1.15110     -0.600789     -0.600793
   1.09458     -0.470803     -0.470801
   1.03806     -0.393748     -0.393750
   0.98155     -0.409968     -0.409968
   0.98155     -0.409968     -0.409968
   0.94812     -0.378945     -0.378945
   0.91469     -0.348400     -0.348401
   0.88127     -0.320449     -0.320450
   0.84784     -0.298012     -0.298010
   0.84784     -1.439485     -1.439487
   0.79132     -1.424030     -1.424033
   0.73480     -1.364400     -1.364402
   0.67828     -1.298595     -1.298597
   0.62175     -1.222923     -1.222926
   0.56523     -1.130868     -1.130871
   0.50871     -1.051291     -1.051291
   0.45218     -0.992035     -0.992036
   0.39566     -0.910542     -0.910542
   0.33914     -0.791889     -0.791889
   0.28261     -0.707179     -0.707183
   0.22609     -0.647385     -0.647390
   0.16957     -0.600587     -0.600592
   0.11305     -0.470100     -0.470102
   0.05652     -0.394333     -0.394332
   0.00000     -0.409968     -0.409968
 
# Band-Index   35
   0.00000     -0.251475     -0.251475
   0.05652     -0.308785     -0.308787
   0.11305     -0.418267     -0.418266
   0.16957     -0.478855     -0.478854
   0.22609     -0.567686     -0.567686
   0.28261     -0.675059     -0.675058
   0.33914     -0.778333     -0.778337
   0.39566     -0.858731     -0.858734
   0.45218     -0.945983     -0.945986
   0.50871     -1.037580     -1.037584
   0.56523     -1.104599     -1.104599
   0.62175     -1.149825     -1.149825
   0.67828     -1.185162     -1.185162
   0.73480     -1.209184     -1.209184
   0.79132     -1.220819     -1.220819
   0.84784     -1.219404     -1.219404
   0.84784     -0.296532     -0.296534
   0.88127     -0.278238     -0.278238
   0.91469     -0.263542     -0.263542
   0.94812     -0.254559     -0.254558
   0.98155     -0.251475     -0.251475
   0.98155     -0.251475     -0.251475
   1.03806     -0.309461     -0.309460
   1.09458     -0.417634     -0.417636
   1.15110     -0.478156     -0.478158
   1.20762     -0.566915     -0.566917
   1.26414     -0.674201     -0.674203
   1.32066     -0.778368     -0.778374
   1.37717     -0.858868     -0.858874
   1.43369     -0.946162     -0.946168
   1.49021     -1.037749     -1.037754
   1.54673     -1.103604     -1.103606
   1.60325     -1.148849     -1.148851
   1.65977     -1.184192     -1.184194
   1.71628     -1.208223     -1.208224
   1.77280     -1.219871     -1.219873
   1.82932     -1.218619     -1.218620
   1.82932     -1.357847     -1.357849
   1.88297     -1.349983     -1.349984
   1.93663     -1.327455     -1.327457
   1.99028     -1.290345     -1.290347
   2.04394     -1.238758     -1.238759
   2.09759     -1.161653     -1.161657
   2.15124     -1.077976     -1.077980
   2.20490     -0.995267     -0.995271
   2.25855     -0.907540     -0.907542
   2.31220     -0.803942     -0.803944
   2.36586     -0.699194     -0.699195
   2.41951     -0.598975     -0.598976
   2.47317     -0.510118     -0.510119
   2.52682     -0.440344     -0.440345
   2.58047     -0.397319     -0.397320
   2.63413     -0.299245     -0.299245
   2.68778     -0.251475     -0.251475
   2.68778     -0.251475     -0.251475
   2.74142     -0.304302     -0.304301
   2.79506     -0.430393     -0.430395
   2.84870     -0.492722     -0.492724
   2.90234     -0.581464     -0.581466
   2.95598     -0.687415     -0.687417
   3.00962     -0.774882     -0.774886
   3.06326     -0.844332     -0.844334
   3.11690     -0.900028     -0.900030
   3.17054     -0.953723     -0.953725
   3.22418     -1.007031     -1.007033
   3.27782     -1.092696     -1.092698
   3.33146     -1.169079     -1.169081
   3.38510     -1.234622     -1.234624
   3.43874     -1.288104     -1.288106
   3.49237     -1.328543     -1.328545
   3.54601     -1.354716     -1.354718
   3.54601     -1.221389     -1.221390
   3.60255     -1.222652     -1.222653
   3.65908     -1.211016     -1.211017
   3.71562     -1.186981     -1.186982
   3.77215     -1.151620     -1.151621
   3.82868     -1.106338     -1.106340
   3.88522     -1.037174     -1.037178
   3.94175     -0.945642     -0.945647
   3.99829     -0.858440     -0.858444
   4.05482     -0.778073     -0.778077
   4.11135     -0.676599     -0.676600
   4.16789     -0.569143     -0.569145
   4.22442     -0.480225     -0.480226
   4.28096     -0.419560     -0.419561
   4.33749     -0.307746     -0.307747
   4.39402     -0.251475     -0.251475
   4.39402     -0.251475     -0.251475
   4.44767     -0.303578     -0.303580
   4.50131     -0.431015     -0.431014
   4.55496     -0.493405     -0.493404
   4.60860     -0.582231     -0.582231
   4.66225     -0.688305     -0.688305
   4.71589     -0.774697     -0.774702
   4.76954     -0.845291     -0.845291
   4.82318     -0.900893     -0.900893
   4.87683     -0.954586     -0.954586
   4.93047     -1.007818     -1.007817
   4.98412     -1.093548     -1.093548
   5.03776     -1.169972     -1.169972
   5.09141     -1.235555     -1.235554
   5.14505     -1.289074     -1.289074
   5.19870     -1.329545     -1.329545
   5.25234     -1.355460     -1.355461
 
# Band-Index   36
   5.25234     -1.162439     -1.162438
   5.19870     -1.157696     -1.157696
   5.14505     -1.143599     -1.143599
   5.09141     -1.120513     -1.120513
   5.03776     -1.089063     -1.089063
   4.98412     -1.050130     -1.050130
   4.93047     -1.004844     -1.004844
   4.87683     -0.914655     -0.914655
   4.82318     -0.816337     -0.816337
   4.76954     -0.715555     -0.715554
   4.71589     -0.615458     -0.615457
   4.66225     -0.519652     -0.519651
   4.60860     -0.432155     -0.432155
   4.55496     -0.357324     -0.357323
   4.50131     -0.299572     -0.299570
   4.44767     -0.262932     -0.262931
   4.39402     -0.249495     -0.249496
   4.39402     -0.249495     -0.249496
   4.33749     -0.267397     -0.267397
   4.28096     -0.313070     -0.313071
   4.22442     -0.382361     -0.382362
   4.16789     -0.467808     -0.467809
   4.11135     -0.562446     -0.562447
   4.05482     -0.660597     -0.660598
   3.99829     -0.757896     -0.757897
   3.94175     -0.850965     -0.850966
   3.88522     -0.937159     -0.937160
   3.82868     -1.014375     -1.014376
   3.77215     -1.080963     -1.080964
   3.71562     -1.135663     -1.135664
   3.65908     -1.177589     -1.177590
   3.60255     -1.206169     -1.206170
   3.54601     -1.220952     -1.220953
   3.54601     -1.161541     -1.161543
   3.49237     -1.156799     -1.156801
   3.43874     -1.142703     -1.142705
   3.38510     -1.119621     -1.119623
   3.33146     -1.088176     -1.088178
   3.27782     -1.049250     -1.049252
   3.22418     -1.003947     -1.003949
   3.17054     -0.913882     -0.913884
   3.11690     -0.815602     -0.815604
   3.06326     -0.714850     -0.714853
   3.00962     -0.614776     -0.614779
   2.95598     -0.518983     -0.518986
   2.90234     -0.431489     -0.431491
   2.84870     -0.356650     -0.356653
   2.79506     -0.298888     -0.298890
   2.74142     -0.262248     -0.262250
   2.68778     -0.249495     -0.249496
   2.68778     -0.249495     -0.249496
   2.63413     -0.267382     -0.267383
   2.58047     -0.312822     -0.312823
   2.52682     -0.381090     -0.381091
   2.47317     -0.463956     -0.463957
   2.41951     -0.553831     -0.553832
   2.36586     -0.644962     -0.644963
   2.31220     -0.733503     -0.733504
   2.25855     -0.816992     -0.816994
   2.20490     -0.893767     -0.893768
   2.15124     -0.962596     -0.962598
   2.09759     -1.022477     -1.022478
   2.04394     -1.072596     -1.072597
   1.99028     -1.112278     -1.112278
   1.93663     -1.140997     -1.140998
   1.88297     -1.158378     -1.158379
   1.82932     -1.164200     -1.164201
   1.82932     -1.218220     -1.218222
   1.77280     -1.203465     -1.203467
   1.71628     -1.174947     -1.174949
   1.65977     -1.133097     -1.133099
   1.60325     -1.078484     -1.078486
   1.54673     -1.011999     -1.012001
   1.49021     -0.934892     -0.934894
   1.43369     -0.848810     -0.848812
   1.37717     -0.755852     -0.755854
   1.32066     -0.658655     -0.658658
   1.26414     -0.560591     -0.560593
   1.20762     -0.466019     -0.466022
   1.15110     -0.380616     -0.380619
   1.09458     -0.311349     -0.311351
   1.03806     -0.265683     -0.265686
   0.98155     -0.249495     -0.249496
   0.98155     -0.249495     -0.249496
   0.94812     -0.252577     -0.252578
   0.91469     -0.261555     -0.261556
   0.88127     -0.276238     -0.276240
   0.84784     -0.295477     -0.295478
   0.84784     -1.219303     -1.219303
   0.79132     -1.204382     -1.204382
   0.73480     -1.175839     -1.175839
   0.67828     -1.133961     -1.133960
   0.62175     -1.079318     -1.079317
   0.56523     -1.012796     -1.012796
   0.50871     -0.935654     -0.935653
   0.45218     -0.849537     -0.849537
   0.39566     -0.756549     -0.756548
   0.33914     -0.659329     -0.659328
   0.28261     -0.561251     -0.561251
   0.22609     -0.466678     -0.466678
   0.16957     -0.381284     -0.381283
   0.11305     -0.312030     -0.312029
   0.05652     -0.266367     -0.266366
   0.00000     -0.249495     -0.249496
 
# Band-Index   37
   0.00000      2.233720      2.233725
   0.05652      2.249254      2.249259
   0.11305      2.290530      2.290533
   0.16957      2.347790      2.347793
   0.22609      2.413069      2.413072
   0.28261      2.477150      2.477152
   0.33914      2.524259      2.524260
   0.39566      2.402035      2.402034
   0.45218      2.216117      2.216117
   0.50871      2.061985      2.061984
   0.56523      1.946204      1.946204
   0.62175      1.873525      1.873525
   0.67828      1.728326      1.728329
   0.73480      1.557367      1.557370
   0.79132      1.447265      1.447269
   0.84784      1.409138      1.409142
   0.84784      2.677895      2.677896
   0.88127      2.502129      2.502133
   0.91469      2.359454      2.359458
   0.94812      2.266599      2.266604
   0.98155      2.233720      2.233725
   0.98155      2.233720      2.233725
   1.03806      2.249232      2.249236
   1.09458      2.290451      2.290455
   1.15110      2.347644      2.347648
   1.20762      2.412862      2.412866
   1.26414      2.476904      2.476908
   1.32066      2.524037      2.524041
   1.37717      2.401503      2.401505
   1.43369      2.215575      2.215577
   1.49021      2.061445      2.061448
   1.54673      1.945676      1.945678
   1.60325      1.873028      1.873030
   1.65977      1.727462      1.727466
   1.71628      1.556455      1.556460
   1.77280      1.446327      1.446333
   1.82932      1.408191      1.408197
   1.82932      1.616389      1.616393
   1.88297      1.574827      1.574831
   1.93663      1.578774      1.578777
   1.99028      1.629120      1.629123
   2.04394      1.721733      1.721736
   2.09759      1.850223      1.850226
   2.15124      2.007676      2.007677
   2.20490      2.187857      2.187858
   2.25855      2.385417      2.385418
   2.31220      2.462281      2.462283
   2.36586      2.477231      2.477233
   2.41951      2.454781      2.454784
   2.47317      2.405959      2.405963
   2.52682      2.347018      2.347021
   2.58047      2.290983      2.290987
   2.63413      2.249407      2.249412
   2.68778      2.233720      2.233725
   2.68778      2.233720      2.233725
   2.74142      2.249447      2.249452
   2.79506      2.292145      2.292149
   2.84870      2.353380      2.353384
   2.90234      2.426645      2.426649
   2.95598      2.506258      2.506261
   3.00962      2.582633      2.582636
   3.06326      2.429164      2.429166
   3.11690      2.289050      2.289052
   3.17054      2.183767      2.183770
   3.22418      2.115493      2.115494
   3.27782      1.912843      1.912847
   3.33146      1.721842      1.721847
   3.38510      1.588577      1.588582
   3.43874      1.524882      1.524887
   3.49237      1.535661      1.535666
   3.54601      1.615956      1.615959
   3.54601      1.409834      1.409839
   3.60255      1.448001      1.448006
   3.65908      1.558213      1.558217
   3.71562      1.729327      1.729330
   3.77215      1.873928      1.873930
   3.82868      1.946651      1.946652
   3.88522      2.062528      2.062529
   3.94175      2.216795      2.216795
   3.99829      2.402869      2.402869
   4.05482      2.524560      2.524563
   4.11135      2.477475      2.477478
   4.16789      2.413340      2.413344
   4.22442      2.347975      2.347979
   4.28096      2.290625      2.290629
   4.33749      2.249281      2.249285
   4.39402      2.233720      2.233725
   4.39402      2.233720      2.233725
   4.44767      2.249459      2.249463
   4.50131      2.292184      2.292188
   4.55496      2.353453      2.353457
   4.60860      2.426748      2.426750
   4.66225      2.506377      2.506380
   4.71589      2.582690      2.582691
   4.76954      2.429659      2.429659
   4.82318      2.289501      2.289500
   4.87683      2.184161      2.184160
   4.93047      2.115794      2.115793
   4.98412      1.913648      1.913649
   5.03776      1.722694      1.722696
   5.09141      1.589448      1.589451
   5.14505      1.525744      1.525747
   5.19870      1.536486      1.536488
   5.25234      1.615241      1.615243
 
# Band-Index   38
   5.25234      1.619330      1.619332
   5.19870      1.755823      1.755824
   5.14505      1.934649      1.934649
   5.09141      2.101235      2.101231
   5.03776      2.081006      2.081004
   4.98412      2.083106      2.083105
   4.93047      2.147615      2.147615
   4.87683      2.408727      2.408725
   4.82318      2.648711      2.648710
   4.76954      2.637788      2.637789
   4.71589      2.598992      2.598992
   4.66225      2.787414      2.787414
   4.60860      2.980990      2.980990
   4.55496      3.159326      3.159326
   4.50131      3.298377      3.298376
   4.44767      3.384286      3.384284
   4.39402      3.427654      3.427653
   4.39402      3.427653      3.427654
   4.33749      3.414216      3.414227
   4.28096      3.363428      3.363429
   4.22442      3.238115      3.238115
   4.16789      3.051067      3.051067
   4.11135      2.833989      2.833989
   4.05482      2.612362      2.612363
   3.99829      2.536253      2.536254
   3.94175      2.510772      2.510772
   3.88522      2.451287      2.451285
   3.82868      2.193638      2.193638
   3.77215      1.946664      1.946666
   3.71562      1.846682      1.846683
   3.65908      1.863695      1.863696
   3.60255      1.919930      1.919930
   3.54601      2.005748      2.005746
   3.54601      1.617012      1.617018
   3.49237      1.755047      1.755050
   3.43874      1.933938      1.933940
   3.38510      2.101087      2.101086
   3.33146      2.080738      2.080739
   3.27782      2.082798      2.082800
   3.22418      2.146829      2.146831
   3.17054      2.408098      2.408099
   3.11690      2.648853      2.648854
   3.06326      2.637737      2.637740
   3.00962      2.598409      2.598411
   2.95598      2.786901      2.786903
   2.90234      2.980547      2.980548
   2.84870      3.159003      3.159004
   2.79506      3.298146      3.298145
   2.74142      3.384085      3.384058
   2.68778      3.427654      3.427655
   2.68778      3.427663      3.427651
   2.63413      3.383419      3.383421
   2.58047      3.311921      3.311918
   2.52682      3.231279      3.231279
   2.47317      3.155156      3.155157
   2.41951      3.021563      3.021562
   2.36586      2.810502      2.810501
   2.31220      2.595148      2.595148
   2.25855      2.416346      2.416346
   2.20490      2.356831      2.356831
   2.15124      2.298505      2.298504
   2.09759      2.249711      2.249710
   2.04394      2.168308      2.168307
   1.99028      1.989375      1.989376
   1.93663      1.831751      1.831753
   1.88297      1.705453      1.705456
   1.82932      1.619589      1.619592
   1.82932      2.004301      2.004300
   1.77280      1.918952      1.918953
   1.71628      1.862764      1.862766
   1.65977      1.845769      1.845771
   1.60325      1.944672      1.944675
   1.54673      2.191648      2.191650
   1.49021      2.449524      2.449523
   1.43369      2.510830      2.510831
   1.37717      2.535998      2.536001
   1.32066      2.610892      2.610894
   1.26414      2.832500      2.832501
   1.20762      3.049766      3.049767
   1.15110      3.237279      3.237280
   1.09458      3.363138      3.363134
   1.03806      3.414911      3.414909
   0.98155      3.427657      3.427655
   0.98155      3.427684      3.427656
   0.94812      3.277239      3.277239
   0.91469      3.085779      3.085783
   0.88127      2.880175      2.880177
   0.84784      2.683029      2.683033
   0.84784      2.003359      2.003356
   0.79132      1.919455      1.919453
   0.73480      1.863285      1.863284
   0.67828      1.846310      1.846310
   0.62175      1.945538      1.945539
   0.56523      2.192400      2.192399
   0.50871      2.449947      2.449944
   0.45218      2.510848      2.510845
   0.39566      2.536138      2.536137
   0.33914      2.611410      2.611409
   0.28261      2.832936      2.832935
   0.22609      3.050060      3.050059
   0.16957      3.237384      3.237383
   0.11305      3.363196      3.363185
   0.05652      3.414633      3.414632
   0.00000      3.427653      3.427654
 
# Band-Index   39
   0.00000      3.431214      3.431237
   0.05652      3.418427      3.418424
   0.11305      3.373859      3.373856
   0.16957      3.314897      3.314896
   0.22609      3.248319      3.248318
   0.28261      3.170098      3.170095
   0.33914      3.062473      3.062468
   0.39566      2.905075      2.905069
   0.45218      2.695723      2.695718
   0.50871      2.465096      2.465092
   0.56523      2.412417      2.412412
   0.62175      2.356368      2.356362
   0.67828      2.290729      2.290723
   0.73480      2.207237      2.207231
   0.79132      2.107351      2.107346
   0.84784      2.007637      2.007634
   0.84784      3.626147      3.625621
   0.88127      3.617023      3.616425
   0.91469      3.586801      3.587090
   0.94812      3.529325      3.529231
   0.98155      3.431534      3.431214
   0.98155      3.431244      3.431216
   1.03806      3.418501      3.418499
   1.09458      3.374742      3.374740
   1.15110      3.315870      3.315871
   1.20762      3.249275      3.249277
   1.26414      3.170968      3.170969
   1.32066      3.063112      3.063111
   1.37717      2.905277      2.905275
   1.43369      2.695445      2.695442
   1.49021      2.464950      2.464950
   1.54673      2.412407      2.412405
   1.60325      2.356275      2.356272
   1.65977      2.290495      2.290492
   1.71628      2.206854      2.206851
   1.77280      2.106862      2.106860
   1.82932      2.005675      2.005675
   1.82932      2.172908      2.172903
   1.88297      2.174054      2.174049
   1.93663      2.178945      2.178940
   1.99028      2.191015      2.191012
   2.04394      2.213860      2.213857
   2.09759      2.355028      2.355025
   2.15124      2.533669      2.533664
   2.20490      2.693216      2.693211
   2.25855      2.831098      2.831094
   2.31220      2.942738      2.942737
   2.36586      3.023320      3.023320
   2.41951      3.087915      3.087916
   2.47317      3.212545      3.212545
   2.52682      3.360360      3.360290
   2.58047      3.439569      3.439570
   2.63413      3.451638      3.450685
   2.68778      3.431216      3.431218
   2.68778      3.431218      3.431227
   2.74142      3.448386      3.448389
   2.79506      3.436839      3.436837
   2.84870      3.398433      3.398433
   2.90234      3.339088      3.339076
   2.95598      3.254571      3.254598
   3.00962      3.126206      3.126204
   3.06326      2.930090      2.930087
   3.11690      2.678292      2.678290
   3.17054      2.614062      2.614062
   3.22418      2.548133      2.548130
   3.27782      2.452430      2.452426
   3.33146      2.312943      2.312940
   3.38510      2.130346      2.130345
   3.43874      2.132515      2.132513
   3.49237      2.160883      2.160880
   3.54601      2.172409      2.172405
   3.54601      2.006251      2.006249
   3.60255      2.107824      2.107820
   3.65908      2.207602      2.207597
   3.71562      2.290871      2.290866
   3.77215      2.356286      2.356281
   3.82868      2.412202      2.412199
   3.88522      2.464713      2.464711
   3.94175      2.696509      2.696505
   3.99829      2.905188      2.905183
   4.05482      3.061915      3.061913
   4.11135      3.169196      3.169196
   4.16789      3.247335      3.247335
   4.22442      3.313950      3.313950
   4.28096      3.373158      3.373156
   4.33749      3.418568      3.418583
   4.39402      3.431215      3.431217
   4.39402      3.431216      3.431217
   4.44767      3.447788      3.447788
   4.50131      3.435759      3.435756
   4.55496      3.397203      3.397200
   4.60860      3.337909      3.337883
   4.66225      3.253565      3.253561
   4.71589      3.125609      3.125604
   4.76954      2.930085      2.930079
   4.82318      2.678778      2.678774
   4.87683      2.613931      2.613927
   4.93047      2.548069      2.548063
   4.98412      2.452587      2.452580
   5.03776      2.313401      2.313395
   5.09141      2.131113      2.131110
   5.14505      2.132814      2.132809
   5.19870      2.161188      2.161182
   5.25234      2.172719      2.172713
 
# Band-Index   40
   5.25234      2.747335      2.747340
   5.19870      2.742045      2.742052
   5.14505      2.755759      2.755766
   5.09141      2.800498      2.800508
   5.03776      2.894260      2.894272
   4.98412      2.963706      2.963711
   4.93047      3.040070      3.040076
   4.87683      3.128114      3.128121
   4.82318      3.141798      3.141798
   4.76954      3.146259      3.146255
   4.71589      3.203122      3.203121
   4.66225      3.294006      3.293998
   4.60860      3.397647      3.397644
   4.55496      3.497083      3.497140
   4.50131      3.577784      3.577734
   4.44767      3.624237      3.624225
   4.39402      3.618458      3.618458
   4.39402      3.618458      3.618462
   4.33749      3.621182      3.621122
   4.28096      3.565978      3.566067
   4.22442      3.474703      3.474701
   4.16789      3.368313      3.368312
   4.11135      3.269503      3.269501
   4.05482      3.204439      3.204437
   3.99829      3.194583      3.194583
   3.94175      3.154463      3.154480
   3.88522      3.036559      3.036570
   3.82868      2.932905      2.932914
   3.77215      2.850469      2.850477
   3.71562      2.789250      2.789257
   3.65908      2.747426      2.747433
   3.60255      2.723174      2.723181
   3.54601      2.715237      2.715244
   3.54601      2.748425      2.748437
   3.49237      2.742570      2.742581
   3.43874      2.756248      2.756260
   3.38510      2.800889      2.800903
   3.33146      2.894455      2.894472
   3.27782      2.964221      2.964231
   3.22418      3.040593      3.040604
   3.17054      3.128626      3.128637
   3.11690      3.142221      3.142221
   3.06326      3.146994      3.146993
   3.00962      3.204069      3.204067
   2.95598      3.295085      3.295084
   2.90234      3.398843      3.398842
   2.84870      3.498898      3.498379
   2.79506      3.579199      3.579202
   2.74142      3.625481      3.625485
   2.68778      3.618457      3.618458
   2.68778      3.618464      3.618460
   2.63413      3.623358      3.623214
   2.58047      3.576059      3.576139
   2.52682      3.495748      3.495524
   2.47317      3.402717      3.402716
   2.41951      3.320488      3.320494
   2.36586      3.273354      3.273353
   2.31220      3.229099      3.229100
   2.25855      3.176811      3.176817
   2.20490      3.125066      3.125076
   2.15124      3.026331      3.026345
   2.09759      2.913300      2.913313
   2.04394      2.825833      2.825844
   1.99028      2.769411      2.769421
   1.93663      2.739962      2.739971
   1.88297      2.733383      2.733392
   1.82932      2.745962      2.745970
   1.82932      2.717414      2.717423
   1.77280      2.725358      2.725367
   1.71628      2.749627      2.749636
   1.65977      2.791464      2.791474
   1.60325      2.852664      2.852675
   1.54673      2.934985      2.934997
   1.49021      3.038323      3.038336
   1.43369      3.155659      3.155672
   1.37717      3.195929      3.195930
   1.32066      3.206315      3.206315
   1.26414      3.271695      3.271694
   1.20762      3.370734      3.370733
   1.15110      3.477390      3.479238
   1.09458      3.568933      3.568979
   1.03806      3.624501      3.624405
   0.98155      3.618457      3.618468
   0.98155      3.618457      3.618461
   0.94812      3.621804      3.621806
   0.91469      3.631908      3.631907
   0.88127      3.649103      3.649105
   0.84784      3.673962      3.673962
   0.84784      2.716855      2.716859
   0.79132      2.724798      2.724802
   0.73480      2.749062      2.749066
   0.67828      2.790894      2.790899
   0.62175      2.852099      2.852104
   0.56523      2.934455      2.934462
   0.50871      3.037894      3.037902
   0.45218      3.155404      3.155414
   0.39566      3.195411      3.195410
   0.33914      3.205511      3.205508
   0.28261      3.270700      3.270697
   0.22609      3.369602      3.369633
   0.16957      3.476141      3.476171
   0.11305      3.567647      3.567665
   0.05652      3.623257      3.623122
   0.00000      3.618456      3.618475
 
# Band-Index   41
   0.00000      3.665757      3.665615
   0.05652      3.690178      3.690123
   0.11305      3.675577      3.675376
   0.16957      3.653155      3.652972
   0.22609      3.611561      3.611707
   0.28261      3.503985      3.503980
   0.33914      3.382089      3.382093
   0.39566      3.270619      3.270628
   0.45218      3.234314      3.234316
   0.50871      3.258230      3.258237
   0.56523      3.178560      3.178568
   0.62175      3.099601      3.099609
   0.67828      3.007127      3.007142
   0.73480      2.911554      2.911569
   0.79132      2.867384      2.867397
   0.84784      2.866834      2.866846
   0.84784      3.674360      3.674346
   0.88127      3.687043      3.686972
   0.91469      3.676061      3.676149
   0.94812      3.668362      3.668360
   0.98155      3.665600      3.665597
   0.98155      3.665608      3.665803
   1.03806      3.689516      3.689457
   1.09458      3.675060      3.674581
   1.15110      3.652341      3.653547
   1.20762      3.611021      3.610980
   1.26414      3.504256      3.504256
   1.32066      3.382238      3.382243
   1.37717      3.270766      3.270757
   1.43369      3.234473      3.234476
   1.49021      3.258350      3.258361
   1.54673      3.178722      3.178732
   1.60325      3.099828      3.099839
   1.65977      3.007081      3.007100
   1.71628      2.911662      2.911681
   1.77280      2.867650      2.867668
   1.82932      2.868144      2.868161
   1.82932      2.747535      2.747543
   1.88297      2.777894      2.777902
   1.93663      2.825018      2.825026
   1.99028      2.886322      2.886330
   2.04394      2.959606      2.959614
   2.09759      3.042192      3.042200
   2.15124      3.131190      3.131199
   2.20490      3.223959      3.223967
   2.25855      3.312143      3.312145
   2.31220      3.274929      3.274929
   2.36586      3.320824      3.320847
   2.41951      3.443362      3.443367
   2.47317      3.570781      3.571321
   2.52682      3.681119      3.680800
   2.58047      3.686450      3.686195
   2.63413      3.686250      3.686266
   2.68778      3.665643      3.665601
   2.68778      3.665600      3.665623
   2.74142      3.687706      3.687727
   2.79506      3.670022      3.670323
   2.84870      3.634747      3.635129
   2.90234      3.590832      3.590952
   2.95598      3.543680      3.543718
   3.00962      3.497961      3.497946
   3.06326      3.352658      3.352714
   3.11690      3.230221      3.230230
   3.17054      3.173505      3.173509
   3.22418      3.165708      3.165719
   3.27782      3.041221      3.041238
   3.33146      2.899233      2.899242
   3.38510      2.845134      2.845144
   3.43874      2.801867      2.801877
   3.49237      2.769443      2.769453
   3.54601      2.749198      2.749207
   3.54601      2.865705      2.865719
   3.60255      2.866253      2.866269
   3.65908      2.910686      2.910703
   3.71562      3.006658      3.006675
   3.77215      3.098197      3.098208
   3.82868      3.177125      3.177132
   3.88522      3.256776      3.256785
   3.94175      3.233842      3.233845
   3.99829      3.270089      3.270095
   4.05482      3.381667      3.381670
   4.11135      3.503377      3.503378
   4.16789      3.610419      3.610444
   4.22442      3.653488      3.651868
   4.28096      3.678504      3.675420
   4.33749      3.691289      3.691380
   4.39402      3.665627      3.665599
   4.39402      3.665599      3.665618
   4.44767      3.688389      3.688385
   4.50131      3.670866      3.670973
   4.55496      3.635407      3.635358
   4.60860      3.590861      3.590373
   4.66225      3.543926      3.543708
   4.71589      3.498189      3.498187
   4.76954      3.352456      3.352474
   4.82318      3.229796      3.229809
   4.87683      3.173476      3.173480
   4.93047      3.166099      3.166108
   4.98412      3.041507      3.041520
   5.03776      2.898810      2.898815
   5.09141      2.844659      2.844663
   5.14505      2.801400      2.801404
   5.19870      2.768986      2.768991
   5.25234      2.749303      2.749309
 
# Band-Index   42
   5.25234      2.994808      2.994824
   5.19870      3.013216      3.013232
   5.14505      3.062141      3.062156
   5.09141      3.127862      3.127875
   5.03776      3.197362      3.197374
   4.98412      3.262185      3.262195
   4.93047      3.318905      3.318914
   4.87683      3.368027      3.368034
   4.82318      3.412253      3.412260
   4.76954      3.454801      3.454808
   4.71589      3.504503      3.504509
   4.66225      3.657627      3.657645
   4.60860      3.771053      3.768906
   4.55496      3.813420      3.811451
   4.50131      3.780151      3.780082
   4.44767      3.692622      3.692623
   4.39402      3.667137      3.667201
   4.39402      3.667334      3.667131
   4.33749      3.694858      3.694727
   4.28096      3.777430      3.776915
   4.22442      3.725941      3.725961
   4.16789      3.627576      3.626393
   4.11135      3.552771      3.552622
   4.05482      3.485020      3.485030
   3.99829      3.411903      3.411910
   3.94175      3.335425      3.335434
   3.88522      3.276784      3.276791
   3.82868      3.250865      3.250878
   3.77215      3.137825      3.137841
   3.71562      3.023047      3.023059
   3.65908      2.955183      2.955195
   3.60255      2.900691      2.900704
   3.54601      2.868939      2.868953
   3.54601      2.994818      2.994839
   3.49237      3.013211      3.013231
   3.43874      3.062100      3.062119
   3.38510      3.127778      3.127795
   3.33146      3.197237      3.197253
   3.27782      3.262027      3.262040
   3.22418      3.318723      3.318735
   3.17054      3.367826      3.367836
   3.11690      3.412033      3.412044
   3.06326      3.454567      3.454594
   3.00962      3.504549      3.504556
   2.95598      3.657747      3.658410
   2.90234      3.772044      3.774897
   2.84870      3.820811      3.813042
   2.79506      3.783673      3.779977
   2.74142      3.691966      3.691999
   2.68778      3.667150      3.667136
   2.68778      3.667125      3.667394
   2.63413      3.693469      3.693652
   2.58047      3.752036      3.752364
   2.52682      3.687379      3.686814
   2.47317      3.658582      3.659210
   2.41951      3.591156      3.591118
   2.36586      3.505241      3.505250
   2.31220      3.412864      3.412872
   2.25855      3.318421      3.318428
   2.20490      3.350035      3.350042
   2.15124      3.350963      3.350973
   2.09759      3.302164      3.302177
   2.04394      3.221973      3.221988
   1.99028      3.135451      3.135467
   1.93663      3.061124      3.061141
   1.88297      3.011378      3.011397
   1.82932      2.993892      2.993911
   1.82932      2.869538      2.869554
   1.77280      2.902208      2.902224
   1.71628      2.956726      2.956740
   1.65977      3.024510      3.024524
   1.60325      3.137414      3.137432
   1.54673      3.250179      3.250193
   1.49021      3.276628      3.276635
   1.43369      3.336959      3.336969
   1.37717      3.413345      3.413354
   1.32066      3.486308      3.486313
   1.26414      3.553659      3.553667
   1.20762      3.628200      3.627748
   1.15110      3.727314      3.731311
   1.09458      3.776464      3.776335
   1.03806      3.691309      3.691706
   0.98155      3.667465      3.667242
   0.98155      3.667351      3.667153
   0.94812      3.669904      3.669889
   0.91469      3.677614      3.677893
   0.88127      3.688605      3.688668
   0.84784      3.692248      3.692261
   0.84784      2.870356      2.870368
   0.79132      2.902032      2.902042
   0.73480      2.956545      2.956555
   0.67828      3.024429      3.024438
   0.62175      3.137890      3.137905
   0.56523      3.250732      3.250743
   0.50871      3.276901      3.276908
   0.45218      3.336916      3.336923
   0.39566      3.413383      3.413390
   0.33914      3.486474      3.486477
   0.28261      3.553942      3.553978
   0.22609      3.627498      3.627293
   0.16957      3.727072      3.727052
   0.11305      3.777570      3.777466
   0.05652      3.692017      3.692016
   0.00000      3.667361      3.667140
 
# Band-Index   43
   0.00000      3.710803      3.710793
   0.05652      3.702559      3.702359
   0.11305      3.801058      3.802023
   0.16957      3.943668      3.946504
   0.22609      4.116244      4.110445
   0.28261      4.199869      4.186457
   0.33914      3.968180      3.968228
   0.39566      3.755001      3.754931
   0.45218      3.625831      3.625830
   0.50871      3.577403      3.577407
   0.56523      3.577811      3.577810
   0.62175      3.602288      3.602287
   0.67828      3.635607      3.635605
   0.73480      3.667204      3.667202
   0.79132      3.689411      3.689409
   0.84784      3.697373      3.697371
   0.84784      3.694413      3.694413
   0.88127      3.694230      3.694286
   0.91469      3.698955      3.699160
   0.94812      3.705514      3.705516
   0.98155      3.710874      3.710796
   0.98155      3.710814      3.710793
   1.03806      3.702049      3.702046
   1.09458      3.801283      3.801428
   1.15110      3.945848      3.953844
   1.20762      4.110737      4.115920
   1.26414      4.205104      4.187293
   1.32066      3.967852      3.967560
   1.37717      3.755037      3.754997
   1.43369      3.626248      3.626261
   1.49021      3.577954      3.577954
   1.54673      3.578405      3.578389
   1.60325      3.602880      3.602878
   1.65977      3.636205      3.636203
   1.71628      3.667808      3.667806
   1.77280      3.690019      3.690017
   1.82932      3.697982      3.697981
   1.82932      3.829676      3.829675
   1.88297      3.774677      3.774675
   1.93663      3.707659      3.707658
   1.99028      3.633381      3.633376
   2.04394      3.557881      3.557880
   2.09759      3.493075      3.493075
   2.15124      3.463546      3.463541
   2.20490      3.522026      3.522039
   2.25855      3.702240      3.702254
   2.31220      3.954113      3.954145
   2.36586      4.232019      4.231919
   2.41951      4.194679      4.185447
   2.47317      4.076639      4.067852
   2.52682      3.907815      3.904406
   2.58047      3.784305      3.784006
   2.63413      3.699433      3.699446
   2.68778      3.710796      3.710833
   2.68778      3.710794      3.710811
   2.74142      3.696021      3.696024
   2.79506      3.791888      3.790072
   2.84870      3.915930      3.911577
   2.90234      4.084452      4.077821
   2.95598      4.154961      4.147373
   3.00962      3.999624      3.999529
   3.06326      3.904978      3.904706
   3.11690      3.849284      3.849278
   3.17054      3.805940      3.805947
   3.22418      3.608000      3.608001
   3.27782      3.575460      3.575458
   3.33146      3.630712      3.630711
   3.38510      3.699524      3.699522
   3.43874      3.760010      3.760009
   3.49237      3.805477      3.805476
   3.54601      3.832654      3.832653
   3.54601      3.696302      3.696300
   3.60255      3.688345      3.688344
   3.65908      3.666153      3.666152
   3.71562      3.634578      3.634577
   3.77215      3.601287      3.601294
   3.82868      3.576853      3.576853
   3.88522      3.576535      3.576535
   3.94175      3.625161      3.625161
   3.99829      3.754835      3.754838
   4.05482      3.968571      3.968556
   4.11135      4.204687      4.193674
   4.16789      4.117970      4.116869
   4.22442      3.943538      3.944253
   4.28096      3.800682      3.800982
   4.33749      3.701315      3.701285
   4.39402      3.710794      3.710925
   4.39402      3.710794      3.710793
   4.44767      3.696103      3.696127
   4.50131      3.789822      3.789871
   4.55496      3.911298      3.911213
   4.60860      4.078208      4.088028
   4.66225      4.157863      4.145927
   4.71589      4.002139      4.000968
   4.76954      3.903436      3.903431
   4.82318      3.848928      3.848924
   4.87683      3.806055      3.806062
   4.93047      3.607408      3.607409
   4.98412      3.574688      3.574677
   5.03776      3.630017      3.630010
   5.09141      3.698893      3.698892
   5.14505      3.759425      3.759420
   5.19870      3.804930      3.804928
   5.25234      3.832597      3.832595
 
# Band-Index   44
   5.25234      3.835361      3.835360
   5.19870      3.847517      3.847516
   5.14505      3.848204      3.848202
   5.09141      3.840099      3.840103
   5.03776      3.828050      3.828052
   4.98412      3.817647      3.817594
   4.93047      3.813376      3.813375
   4.87683      3.821815      3.821811
   4.82318      4.084681      4.084672
   4.76954      4.234738      4.236083
   4.71589      4.189798      4.184630
   4.66225      4.165987      4.161208
   4.60860      4.104517      4.099895
   4.55496      3.925258      3.922740
   4.50131      3.800616      3.801011
   4.44767      3.717998      3.717998
   4.39402      3.713027      3.713040
   4.39402      3.713035      3.713047
   4.33749      3.720333      3.720036
   4.28096      3.806076      3.809654
   4.22442      3.977747      3.959578
   4.16789      4.147068      4.139091
   4.11135      4.240306      4.244740
   4.05482      4.275656      4.269244
   3.99829      4.278073      4.277718
   3.94175      4.097285      4.097253
   3.88522      3.927920      3.927925
   3.82868      3.846574      3.846576
   3.77215      3.876049      3.876046
   3.71562      3.954812      3.954811
   3.65908      4.039426      4.039432
   3.60255      4.115084      4.115083
   3.54601      4.178268      4.178267
   3.54601      3.836456      3.836455
   3.49237      3.848129      3.848128
   3.43874      3.848797      3.848797
   3.38510      3.840692      3.840689
   3.33146      3.828654      3.829155
   3.27782      3.817923      3.817960
   3.22418      3.813954      3.813954
   3.17054      3.822434      3.822432
   3.11690      4.084154      4.084228
   3.06326      4.236416      4.243610
   3.00962      4.195955      4.184047
   2.95598      4.173818      4.159236
   2.90234      4.102220      4.104510
   2.84870      3.945625      3.924271
   2.79506      3.804841      3.800666
   2.74142      3.718517      3.718854
   2.68778      3.713059      3.713027
   2.68778      3.713059      3.713028
   2.63413      3.717817      3.717445
   2.58047      3.797032      3.798854
   2.52682      3.947632      3.951276
   2.47317      4.114875      4.116009
   2.41951      4.271808      4.247751
   2.36586      4.264267      4.274847
   2.31220      4.273795      4.273897
   2.25855      4.203374      4.203484
   2.20490      4.151272      4.151275
   2.15124      4.144143      4.144139
   2.09759      4.105324      4.104953
   2.04394      4.038991      4.038867
   1.99028      3.981181      3.981176
   1.93663      3.931204      3.931192
   1.88297      3.883592      3.883590
   1.82932      3.835925      3.835924
   1.82932      4.180441      4.180441
   1.77280      4.117147      4.117145
   1.71628      4.041492      4.041496
   1.65977      3.956900      3.956899
   1.60325      3.878704      3.878172
   1.54673      3.848539      3.848539
   1.49021      3.929172      3.929177
   1.43369      4.097863      4.097861
   1.37717      4.278508      4.277806
   1.32066      4.260023      4.270160
   1.26414      4.228423      4.232023
   1.20762      4.143267      4.141972
   1.15110      3.972932      4.011105
   1.09458      3.804871      3.805088
   1.03806      3.721281      3.721359
   0.98155      3.713028      3.713031
   0.98155      3.713629      3.713066
   0.94812      3.707671      3.707606
   0.91469      3.701064      3.701325
   0.88127      3.696457      3.696406
   0.84784      3.698663      3.698664
   0.84784      4.179816      4.179814
   0.79132      4.116621      4.116618
   0.73480      4.040894      4.040892
   0.67828      3.956256      3.956204
   0.62175      3.877378      3.877373
   0.56523      3.847772      3.847771
   0.50871      3.928803      3.928808
   0.45218      4.097972      4.097991
   0.39566      4.278338      4.278573
   0.33914      4.279365      4.288402
   0.28261      4.232759      4.230471
   0.22609      4.144247      4.138300
   0.16957      3.985844      3.970158
   0.11305      3.805356      3.806498
   0.05652      3.721340      3.720832
   0.00000      3.713086      3.713027
 
# Band-Index   45
   0.00000      3.714004      3.713936
   0.05652      3.755355      3.754913
   0.11305      3.830220      3.830218
   0.16957      4.047163      4.044814
   0.22609      4.215495      4.171484
   0.28261      4.393852      4.382554
   0.33914      4.419066      4.417007
   0.39566      4.335361      4.345704
   0.45218      4.397316      4.399240
   0.50871      4.413565      4.412613
   0.56523      4.402005      4.401391
   0.62175      4.372303      4.372429
   0.67828      4.332251      4.332606
   0.73480      4.285847      4.287193
   0.79132      4.236353      4.236330
   0.84784      4.182168      4.182166
   0.84784      3.698860      3.698856
   0.88127      3.708262      3.708200
   0.91469      3.715486      3.715554
   0.94812      3.716165      3.716164
   0.98155      3.714257      3.713831
   0.98155      3.714133      3.713837
   1.03806      3.753999      3.753886
   1.09458      3.829188      3.828945
   1.15110      4.044830      4.054050
   1.20762      4.220308      4.171504
   1.26414      4.369335      4.341469
   1.32066      4.416505      4.416740
   1.37717      4.334746      4.326065
   1.43369      4.377295      4.390627
   1.49021      4.419356      4.408269
   1.54673      4.401746      4.402557
   1.60325      4.373700      4.372864
   1.65977      4.332853      4.332871
   1.71628      4.286549      4.286512
   1.77280      4.236838      4.236844
   1.82932      4.182531      4.182512
   1.82932      4.442947      4.442944
   1.88297      4.430138      4.430135
   1.93663      4.392648      4.392645
   1.99028      4.333529      4.333533
   2.04394      4.260046      4.260070
   2.09759      4.188177      4.188213
   2.15124      4.177143      4.177055
   2.20490      4.248115      4.245740
   2.25855      4.306878      4.292747
   2.31220      4.299699      4.320544
   2.36586      4.339467      4.342146
   2.41951      4.361450      4.359778
   2.47317      4.158680      4.192771
   2.52682      3.989765      3.989056
   2.58047      3.803164      3.803688
   2.63413      3.752616      3.752938
   2.68778      3.714037      3.713743
   2.68778      3.714174      3.713748
   2.74142      3.751433      3.750423
   2.79506      3.818269      3.816447
   2.84870      4.022295      4.019978
   2.90234      4.161380      4.118383
   2.95598      4.254018      4.267171
   3.00962      4.419358      4.410812
   3.06326      4.356709      4.358865
   3.11690      4.290338      4.289125
   3.17054      4.340005      4.339838
   3.22418      4.398444      4.382944
   3.27782      4.415678      4.413874
   3.33146      4.431818      4.431819
   3.38510      4.440317      4.442017
   3.43874      4.443758      4.443754
   3.49237      4.445058      4.445048
   3.54601      4.445397      4.445394
   3.54601      4.180555      4.180596
   3.60255      4.234701      4.234750
   3.65908      4.284189      4.284175
   3.71562      4.329853      4.330617
   3.77215      4.370724      4.371214
   3.82868      4.400149      4.399496
   3.88522      4.413133      4.409166
   3.94175      4.381152      4.377484
   3.99829      4.340726      4.326424
   4.05482      4.415887      4.415847
   4.11135      4.336521      4.363839
   4.16789      4.170188      4.160857
   4.22442      4.048634      4.047163
   4.28096      3.834450      3.834561
   4.33749      3.755698      3.755724
   4.39402      3.713741      3.714286
   4.39402      3.713747      3.714075
   4.44767      3.751748      3.751761
   4.50131      3.816962      3.817003
   4.55496      4.019127      4.019631
   4.60860      4.143640      4.145402
   4.66225      4.278414      4.325716
   4.71589      4.422998      4.422512
   4.76954      4.359424      4.357285
   4.82318      4.288014      4.289519
   4.87683      4.341305      4.339320
   4.93047      4.382507      4.383375
   4.98412      4.413741      4.415476
   5.03776      4.436280      4.432894
   5.09141      4.439902      4.439928
   5.14505      4.443793      4.443378
   5.19870      4.444702      4.444698
   5.25234      4.445058      4.445054
 
# Band-Index   46
   5.25234      4.950540      4.949951
   5.19870      4.964524      4.960563
   5.14505      4.995326      4.995432
   5.09141      5.043466      5.051400
   5.03776      5.081000      5.079194
   4.98412      5.106818      4.993172
   4.93047      4.875065      4.874487
   4.87683      4.798997      4.802967
   4.82318      4.665021      4.665846
   4.76954      4.542897      4.550658
   4.71589      4.546442      4.547998
   4.66225      4.360629      4.423672
   4.60860      4.271775      4.273860
   4.55496      4.032121      4.034972
   4.50131      3.899408      3.900242
   4.44767      3.775450      3.775450
   4.39402      3.714655      3.715082
   4.39402      3.714668      3.715148
   4.33749      3.778488      3.778327
   4.28096      3.922325      3.912706
   4.22442      4.088641      4.073495
   4.16789      4.300906      4.306358
   4.11135      4.468987      4.474754
   4.05482      4.524232      4.581138
   3.99829      4.663327      4.656112
   3.94175      4.842241      4.821293
   3.88522      4.904801      4.923988
   3.82868      4.952799      5.015212
   3.77215      4.997366      4.987551
   3.71562      5.008297      5.009685
   3.65908      5.027171      5.030272
   3.60255      5.048637      5.082558
   3.54601      5.077013      5.077070
   3.54601      4.958250      4.950748
   3.49237      4.974650      4.987770
   3.43874      5.009653      5.002497
   3.38510      5.046410      5.044235
   3.33146      5.164459      5.076712
   3.27782      4.987839      4.989327
   3.22418      4.872911      4.877260
   3.17054      4.782399      4.768047
   3.11690      4.683407      4.666090
   3.06326      4.601773      4.588147
   3.00962      4.544924      4.547940
   2.95598      4.354062      4.390978
   2.90234      4.284735      4.278355
   2.84870      4.057167      4.031543
   2.79506      3.953040      3.901258
   2.74142      3.777577      3.776250
   2.68778      3.716059      3.714755
   2.68778      3.716305      3.715028
   2.63413      3.769667      3.769775
   2.58047      3.891596      3.885195
   2.52682      4.049298      4.048862
   2.47317      4.206271      4.219657
   2.41951      4.421102      4.463027
   2.36586      4.472658      4.518381
   2.31220      4.527331      4.538675
   2.25855      4.653462      4.653605
   2.20490      4.790819      4.791821
   2.15124      4.990909      5.015656
   2.09759      5.058904      5.058277
   2.04394      5.067184      5.035527
   1.99028      5.000975      5.007861
   1.93663      4.969961      4.975710
   1.88297      4.953909      4.952608
   1.82932      4.974281      4.945742
   1.82932      5.080716      5.079588
   1.77280      5.053778      5.054283
   1.71628      5.029933      5.033300
   1.65977      5.008708      5.018358
   1.60325      4.988346      5.000167
   1.54673      4.972882      4.955028
   1.49021      4.906685      4.897208
   1.43369      4.874270      4.817088
   1.37717      4.687464      4.734269
   1.32066      4.542698      4.573279
   1.26414      4.447071      4.437711
   1.20762      4.323588      4.300034
   1.15110      4.062834      4.074000
   1.09458      3.914299      3.913393
   1.03806      3.780017      3.780367
   0.98155      3.714881      3.715502
   0.98155      3.716650      3.714929
   0.94812      3.718088      3.718075
   0.91469      3.717009      3.720652
   0.88127      3.710021      3.709851
   0.84784      3.700693      3.700691
   0.84784      5.079588      5.079575
   0.79132      5.051910      5.049852
   0.73480      5.031307      5.026988
   0.67828      5.016351      5.009226
   0.62175      4.990528      4.997591
   0.56523      4.949698      4.953038
   0.50871      4.903693      4.900203
   0.45218      4.856487      4.816225
   0.39566      4.688220      4.717283
   0.33914      4.648033      4.592759
   0.28261      4.482749      4.484063
   0.22609      4.301763      4.307722
   0.16957      4.056494      4.072766
   0.11305      3.912609      3.914828
   0.05652      3.779726      3.779272
   0.00000      3.716059      3.714834
 
# Band-Index   47
   0.00000      3.958454      3.960230
   0.05652      3.975286      3.972879
   0.11305      4.022991      4.013485
   0.16957      4.268315      4.110783
   0.22609      4.381038      4.457800
   0.28261      4.557432      4.627216
   0.33914      4.843000      4.802591
   0.39566      4.887404      4.938309
   0.45218      5.099431      4.844084
   0.50871      5.100003      5.122594
   0.56523      5.208186      5.225031
   0.62175      5.297221      5.332258
   0.67828      5.321118      5.270316
   0.73480      5.198820      5.182480
   0.79132      5.149180      5.121626
   0.84784      5.166088      5.163892
   0.84784      3.703151      3.703151
   0.88127      3.713641      3.713168
   0.91469      3.760851      3.760934
   0.94812      3.837429      3.837552
   0.98155      3.957679      3.959154
   0.98155      3.957001      3.959814
   1.03806      3.968628      3.973444
   1.09458      4.009053      4.009188
   1.15110      4.209265      4.277750
   1.20762      4.478434      4.451919
   1.26414      4.533263      4.546483
   1.32066      4.783751      4.795395
   1.37717      4.776598      5.003833
   1.43369      5.135166      4.901234
   1.49021      5.006609      5.189355
   1.54673      5.292330      5.227575
   1.60325      5.292862      5.318988
   1.65977      5.260870      5.309080
   1.71628      5.225395      5.228452
   1.77280      5.131146      5.148909
   1.82932      5.110986      5.091330
   1.82932      5.337840      5.299173
   1.88297      5.355409      5.269388
   1.93663      5.319796      5.334027
   1.99028      5.280014      5.343290
   2.04394      5.219936      5.261145
   2.09759      5.088906      5.235890
   2.15124      5.172758      5.149852
   2.20490      5.020241      5.083791
   2.25855      5.064365      5.044635
   2.31220      4.931029      4.907284
   2.36586      4.717218      4.718675
   2.41951      4.562420      4.562516
   2.47317      4.304199      4.421338
   2.52682      4.146334      4.068600
   2.58047      4.028311      4.028197
   2.63413      3.946041      3.942902
   2.68778      3.959896      3.958221
   2.68778      3.958197      3.960821
   2.74142      3.939887      3.937893
   2.79506      4.031866      3.964926
   2.84870      4.133086      4.113828
   2.90234      4.373510      4.332000
   2.95598      4.552933      4.548207
   3.00962      4.752911      4.724927
   3.06326      4.963561      4.795393
   3.11690      5.021372      5.065196
   3.17054      5.087247      5.112236
   3.22418      5.162309      5.167922
   3.27782      5.246350      5.270479
   3.33146      5.308848      5.265241
   3.38510      5.185744      5.213315
   3.43874      5.285927      5.261238
   3.49237      5.280955      5.305363
   3.54601      5.334541      5.249246
   3.54601      5.089145      5.081781
   3.60255      5.151169      5.145575
   3.65908      5.304772      5.271952
   3.71562      5.296649      5.278036
   3.77215      5.304907      5.297717
   3.82868      5.217499      5.224068
   3.88522      5.035087      5.146028
   3.94175      5.005653      5.092244
   3.99829      4.798397      4.758416
   4.05482      4.659338      4.786773
   4.11135      4.599390      4.592902
   4.16789      4.394089      4.479756
   4.22442      4.169324      4.121882
   4.28096      4.024614      4.020354
   4.33749      3.976331      3.975982
   4.39402      3.959296      3.958679
   4.39402      3.960181      3.959049
   4.44767      3.941351      3.939095
   4.50131      3.962163      3.968090
   4.55496      4.131960      4.085020
   4.60860      4.291544      4.349047
   4.66225      4.549925      4.557312
   4.71589      4.799471      4.874592
   4.76954      4.822217      4.815983
   4.82318      4.967700      5.042124
   4.87683      5.092799      5.101846
   4.93047      5.168683      5.166970
   4.98412      5.257523      5.258885
   5.03776      5.143593      5.137355
   5.09141      5.307612      5.244548
   5.14505      5.337437      5.277580
   5.19870      5.305385      5.302019
   5.25234      5.330733      5.285972
 
# Band-Index   48
   5.25234      5.460299      5.447799
   5.19870      5.435213      5.452089
   5.14505      5.490884      5.433177
   5.09141      5.416532      5.427988
   5.03776      5.359346      5.365721
   4.98412      5.314887      5.318098
   4.93047      5.235912      5.256870
   4.87683      5.181163      5.195770
   4.82318      5.097941      5.087508
   4.76954      5.007739      5.006447
   4.71589      4.876775      4.921649
   4.66225      4.700379      4.684725
   4.60860      4.362211      4.418292
   4.55496      4.246840      4.241284
   4.50131      4.094656      4.093508
   4.44767      4.011003      4.008197
   4.39402      3.961156      3.961132
   4.39402      3.960166      3.960229
   4.33749      3.977610      3.980824
   4.28096      4.078454      4.079524
   4.22442      4.288073      4.284783
   4.16789      4.550855      4.545354
   4.11135      4.838277      4.748575
   4.05482      4.868982      4.983704
   3.99829      5.092601      5.090400
   3.94175      5.251587      5.218429
   3.88522      5.317065      5.286404
   3.82868      5.296819      5.414754
   3.77215      5.389935      5.449414
   3.71562      5.387750      5.384376
   3.65908      5.442219      5.383649
   3.60255      5.390105      5.430277
   3.54601      5.512283      5.417679
   3.54601      5.461127      5.433171
   3.49237      5.470092      5.459536
   3.43874      5.334838      5.446329
   3.38510      5.378536      5.390721
   3.33146      5.376157      5.360256
   3.27782      5.296883      5.333467
   3.22418      5.294471      5.243371
   3.17054      5.173015      5.166150
   3.11690      5.097506      5.092577
   3.06326      5.118159      5.012905
   3.00962      4.874444      4.864940
   2.95598      4.716960      4.730246
   2.90234      4.439907      4.364868
   2.84870      4.266654      4.243613
   2.79506      4.104002      4.098591
   2.74142      4.008757      4.009336
   2.68778      3.961292      3.961843
   2.68778      3.961365      3.963658
   2.63413      4.011171      4.006940
   2.58047      4.046182      4.060070
   2.52682      4.248819      4.236047
   2.47317      4.501785      4.538309
   2.41951      4.749039      4.670635
   2.36586      4.750866      4.797987
   2.31220      5.043160      5.030273
   2.25855      5.109738      5.142075
   2.20490      5.166802      5.164336
   2.15124      5.234551      5.234555
   2.09759      5.295994      5.317943
   2.04394      5.381819      5.311710
   1.99028      5.396708      5.466069
   1.93663      5.364257      5.397847
   1.88297      5.480747      5.452408
   1.82932      5.434608      5.438114
   1.82932      5.445031      5.407148
   1.77280      5.423575      5.392649
   1.71628      5.400264      5.390711
   1.65977      5.392112      5.489605
   1.60325      5.387714      5.425581
   1.54673      5.398151      5.310996
   1.49021      5.242650      5.301082
   1.43369      5.225521      5.245476
   1.37717      5.064408      5.101069
   1.32066      4.946730      4.913396
   1.26414      4.646973      4.848016
   1.20762      4.628661      4.599104
   1.15110      4.323457      4.547611
   1.09458      4.072596      4.080602
   1.03806      3.978875      3.978313
   0.98155      3.960163      3.960457
   0.98155      3.961665      3.962447
   0.94812      4.130453      4.129346
   0.91469      4.304824      4.307043
   0.88127      4.419124      4.409550
   0.84784      4.438451      4.439060
   0.84784      5.410097      5.404399
   0.79132      5.497031      5.394192
   0.73480      5.391628      5.393930
   0.67828      5.357541      5.435426
   0.62175      5.405070      5.347337
   0.56523      5.408913      5.233060
   0.50871      5.317409      5.283830
   0.45218      5.219366      5.252041
   0.39566      5.150726      5.110235
   0.33914      4.890988      4.933088
   0.28261      4.828457      4.776181
   0.22609      4.499533      4.604418
   0.16957      4.503445      4.309833
   0.11305      4.079126      4.072546
   0.05652      3.977538      3.977719
   0.00000      3.960947      3.961303
