#K-Path(1/A)         Spin-Up(eV)   Spin-down(eV)
# NKPTS & NBANDS: 125  56
# Band-Index    1
   0.00000    -11.588714    -11.588720
   0.05346    -11.585939    -11.585945
   0.10692    -11.577686    -11.577691
   0.16039    -11.564203    -11.564209
   0.21385    -11.545921    -11.545926
   0.26731    -11.523410    -11.523416
   0.32077    -11.497369    -11.497375
   0.37424    -11.468638    -11.468644
   0.42770    -11.438142    -11.438147
   0.48116    -11.406843    -11.406849
   0.53462    -11.375735    -11.375742
   0.58809    -11.345767    -11.345773
   0.64155    -11.317834    -11.317841
   0.69501    -11.292699    -11.292706
   0.74847    -11.270987    -11.270993
   0.80194    -11.253209    -11.253216
   0.85540    -11.239876    -11.239883
   0.90886    -11.231662    -11.231670
   0.96232    -11.229084    -11.229092
   0.96232    -11.229084    -11.229092
   1.02246    -11.231627    -11.231634
   1.08260    -11.237571    -11.237578
   1.14274    -11.245160    -11.245167
   1.20287    -11.253134    -11.253141
   1.26301    -11.260464    -11.260471
   1.32315    -11.266322    -11.266329
   1.38329    -11.270091    -11.270098
   1.44342    -11.271390    -11.271397
   1.44342    -11.271390    -11.271397
   1.49899    -11.277371    -11.277378
   1.55455    -11.292048    -11.292055
   1.61011    -11.312630    -11.312636
   1.66567    -11.337794    -11.337800
   1.72123    -11.366412    -11.366418
   1.77680    -11.397287    -11.397293
   1.83236    -11.429183    -11.429189
   1.88792    -11.460833    -11.460839
   1.94348    -11.491038    -11.491044
   1.99904    -11.518666    -11.518671
   2.05461    -11.542705    -11.542711
   2.11017    -11.562316    -11.562321
   2.16573    -11.576823    -11.576829
   2.22129    -11.585721    -11.585727
   2.27685    -11.588714    -11.588720
   2.27685    -11.588714    -11.588720
   2.33316    -11.585556    -11.585562
   2.38946    -11.576166    -11.576172
   2.44576    -11.560852    -11.560857
   2.50206    -11.540142    -11.540148
   2.55836    -11.514736    -11.514742
   2.61466    -11.485517    -11.485523
   2.67096    -11.453547    -11.453553
   2.72727    -11.420035    -11.420041
   2.78357    -11.386320    -11.386326
   2.83987    -11.353972    -11.353979
   2.89617    -11.325199    -11.325206
   2.95247    -11.303283    -11.303290
   3.00877    -11.289009    -11.289016
   3.06508    -11.280774    -11.280781
   3.12138    -11.278047    -11.278054
   3.12138    -11.278047    -11.278054
   3.18152    -11.276589    -11.276596
   3.24165    -11.272346    -11.272352
   3.30179    -11.265708    -11.265714
   3.36193    -11.257300    -11.257307
   3.42207    -11.247998    -11.248005
   3.48221    -11.238986    -11.238993
   3.54234    -11.231923    -11.231930
   3.60248    -11.229082    -11.229089
   3.60248    -11.229082    -11.229090
   3.65594    -11.231383    -11.231390
   3.70941    -11.238186    -11.238193
   3.76287    -11.249232    -11.249239
   3.81633    -11.264353    -11.264360
   3.86979    -11.283309    -11.283316
   3.92325    -11.305720    -11.305727
   3.97672    -11.331035    -11.331042
   4.03018    -11.358551    -11.358557
   4.08364    -11.387417    -11.387423
   4.13710    -11.416700    -11.416706
   4.19057    -11.445425    -11.445431
   4.24403    -11.472633    -11.472639
   4.29749    -11.497400    -11.497406
   4.35095    -11.518886    -11.518892
   4.40442    -11.536370    -11.536376
   4.45788    -11.549289    -11.549295
   4.51134    -11.557216    -11.557222
   4.56480    -11.559885    -11.559891
   4.56480    -11.559885    -11.559891
   4.59892    -11.568894    -11.568900
   4.63303    -11.579571    -11.579577
   4.66714    -11.586397    -11.586402
   4.70125    -11.588714    -11.588720
   4.70125    -11.273870    -11.273876
   4.75755    -11.277592    -11.277598
   4.81385    -11.288538    -11.288545
   4.87015    -11.306081    -11.306087
   4.92645    -11.329283    -11.329289
   4.98275    -11.356984    -11.356991
   5.03904    -11.387852    -11.387858
   5.09534    -11.420447    -11.420453
   5.15164    -11.453288    -11.453294
   5.20794    -11.484960    -11.484966
   5.26424    -11.514137    -11.514142
   5.32054    -11.539651    -11.539657
   5.37683    -11.560531    -11.560536
   5.43313    -11.576009    -11.576015
   5.48943    -11.585514    -11.585520
   5.54573    -11.588714    -11.588720
   5.54573    -11.588714    -11.588720
   5.60129    -11.585680    -11.585685
   5.65685    -11.576658    -11.576663
   5.71240    -11.561947    -11.561953
   5.76796    -11.542062    -11.542067
   5.82352    -11.517684    -11.517690
   5.87908    -11.489668    -11.489674
   5.93464    -11.459039    -11.459044
   5.99020    -11.426946    -11.426952
   6.04576    -11.394612    -11.394618
   6.10131    -11.363323    -11.363329
   6.15687    -11.334339    -11.334345
   6.21243    -11.308874    -11.308880
   6.26799    -11.288079    -11.288085
   6.32355    -11.273284    -11.273291
   6.37911    -11.267275    -11.267282
 
# Band-Index    2
   6.37911    -11.252118    -11.252124
   6.32355    -11.252130    -11.252137
   6.26799    -11.255113    -11.255120
   6.21243    -11.262981    -11.262987
   6.15687    -11.275681    -11.275687
   6.10131    -11.292541    -11.292548
   6.04576    -11.312631    -11.312637
   5.99020    -11.334857    -11.334864
   5.93464    -11.358046    -11.358053
   5.87908    -11.381011    -11.381018
   5.82352    -11.402624    -11.402631
   5.76796    -11.421848    -11.421856
   5.71240    -11.437774    -11.437781
   5.65685    -11.449668    -11.449675
   5.60129    -11.457013    -11.457021
   5.54573    -11.459497    -11.459505
   5.54573    -11.459497    -11.459505
   5.48943    -11.462682    -11.462688
   5.43313    -11.461579    -11.461585
   5.37683    -11.455443    -11.455449
   5.32054    -11.444508    -11.444514
   5.26424    -11.429219    -11.429225
   5.20794    -11.410223    -11.410229
   5.15164    -11.388332    -11.388338
   5.09534    -11.364480    -11.364486
   5.03904    -11.339724    -11.339730
   4.98275    -11.315169    -11.315175
   4.92645    -11.291960    -11.291966
   4.87015    -11.271199    -11.271205
   4.81385    -11.253894    -11.253900
   4.75755    -11.241027    -11.241034
   4.70125    -11.235037    -11.235044
   4.70125    -11.459497    -11.459505
   4.66714    -11.483383    -11.483389
   4.63303    -11.507482    -11.507488
   4.59892    -11.529009    -11.529014
   4.56480    -11.541710    -11.541716
   4.56480    -11.541710    -11.541716
   4.51134    -11.539060    -11.539066
   4.45788    -11.531188    -11.531193
   4.40442    -11.518361    -11.518366
   4.35095    -11.501006    -11.501012
   4.29749    -11.479689    -11.479694
   4.24403    -11.455128    -11.455134
   4.19057    -11.428163    -11.428169
   4.13710    -11.399717    -11.399722
   4.08364    -11.370743    -11.370748
   4.03018    -11.342207    -11.342213
   3.97672    -11.315034    -11.315039
   3.92325    -11.290054    -11.290060
   3.86979    -11.267946    -11.267952
   3.81633    -11.249220    -11.249225
   3.76287    -11.234182    -11.234188
   3.70941    -11.222939    -11.222945
   3.65594    -11.215372    -11.215377
   3.60248    -11.211277    -11.211285
   3.60248    -11.211277    -11.211285
   3.54234    -11.214346    -11.214352
   3.48221    -11.217876    -11.217882
   3.42207    -11.222165    -11.222172
   3.36193    -11.226963    -11.226970
   3.30179    -11.231643    -11.231650
   3.24165    -11.235544    -11.235551
   3.18152    -11.238118    -11.238125
   3.12138    -11.239016    -11.239023
   3.12138    -11.239016    -11.239023
   3.06508    -11.248356    -11.248363
   3.00877    -11.265549    -11.265555
   2.95247    -11.286577    -11.286582
   2.89617    -11.308174    -11.308179
   2.83987    -11.329205    -11.329211
   2.78357    -11.350757    -11.350763
   2.72727    -11.372667    -11.372672
   2.67096    -11.394098    -11.394104
   2.61466    -11.414055    -11.414061
   2.55836    -11.431584    -11.431590
   2.50206    -11.445827    -11.445833
   2.44576    -11.456076    -11.456082
   2.38946    -11.461810    -11.461816
   2.33316    -11.462724    -11.462730
   2.27685    -11.459497    -11.459505
   2.27685    -11.459497    -11.459505
   2.22129    -11.457049    -11.457056
   2.16573    -11.449812    -11.449819
   2.11017    -11.438095    -11.438103
   2.05461    -11.422415    -11.422422
   1.99904    -11.403495    -11.403502
   1.94348    -11.382238    -11.382245
   1.88792    -11.359667    -11.359674
   1.83236    -11.336898    -11.336904
   1.77680    -11.315098    -11.315105
   1.72123    -11.295425    -11.295431
   1.66567    -11.278950    -11.278957
   1.61011    -11.266585    -11.266591
   1.55455    -11.258983    -11.258990
   1.49899    -11.256183    -11.256189
   1.44342    -11.256245    -11.256250
   1.44342    -11.256245    -11.256250
   1.38329    -11.254955    -11.254961
   1.32315    -11.251213    -11.251218
   1.26301    -11.245390    -11.245395
   1.20287    -11.238079    -11.238084
   1.14274    -11.230061    -11.230066
   1.08260    -11.222255    -11.222261
   1.02246    -11.215640    -11.215646
   0.96232    -11.211279    -11.211288
   0.96232    -11.211279    -11.211288
   0.90886    -11.214135    -11.214140
   0.85540    -11.217869    -11.217875
   0.80194    -11.223518    -11.223524
   0.74847    -11.232034    -11.232041
   0.69501    -11.243784    -11.243791
   0.64155    -11.258735    -11.258742
   0.58809    -11.276584    -11.276591
   0.53462    -11.296826    -11.296833
   0.48116    -11.318781    -11.318788
   0.42770    -11.341652    -11.341660
   0.37424    -11.364571    -11.364578
   0.32077    -11.386654    -11.386661
   0.26731    -11.407034    -11.407042
   0.21385    -11.424918    -11.424925
   0.16039    -11.439601    -11.439608
   0.10692    -11.450510    -11.450517
   0.05346    -11.457229    -11.457236
   0.00000    -11.459497    -11.459505
 
# Band-Index    3
   0.00000    -11.457695    -11.457700
   0.05346    -11.455381    -11.455386
   0.10692    -11.448526    -11.448531
   0.16039    -11.437393    -11.437398
   0.21385    -11.422402    -11.422407
   0.26731    -11.404131    -11.404136
   0.32077    -11.383294    -11.383299
   0.37424    -11.360696    -11.360701
   0.42770    -11.337217    -11.337222
   0.48116    -11.313757    -11.313762
   0.53462    -11.291209    -11.291214
   0.58809    -11.270393    -11.270399
   0.64155    -11.252024    -11.252030
   0.69501    -11.236653    -11.236659
   0.74847    -11.224663    -11.224668
   0.80194    -11.216237    -11.216243
   0.85540    -11.211354    -11.211359
   0.90886    -11.209797    -11.209802
   0.96232    -11.211100    -11.211103
   0.96232    -11.211100    -11.211103
   1.02246    -11.208941    -11.208946
   1.08260    -11.208601    -11.208607
   1.14274    -11.210056    -11.210062
   1.20287    -11.212674    -11.212680
   1.26301    -11.215702    -11.215708
   1.32315    -11.218434    -11.218440
   1.38329    -11.220310    -11.220316
   1.44342    -11.220977    -11.220984
   1.44342    -11.220977    -11.220984
   1.49899    -11.223652    -11.223658
   1.55455    -11.231558    -11.231564
   1.61011    -11.244322    -11.244328
   1.66567    -11.261327    -11.261333
   1.72123    -11.281780    -11.281786
   1.77680    -11.304734    -11.304740
   1.83236    -11.329143    -11.329149
   1.88792    -11.353900    -11.353906
   1.94348    -11.377916    -11.377921
   1.99904    -11.400168    -11.400173
   2.05461    -11.419739    -11.419744
   2.11017    -11.435834    -11.435839
   2.16573    -11.447812    -11.447817
   2.22129    -11.455198    -11.455202
   2.27685    -11.457695    -11.457700
   2.27685    -11.457695    -11.457700
   2.33316    -11.449617    -11.449623
   2.38946    -11.436202    -11.436208
   2.44576    -11.418760    -11.418766
   2.50206    -11.398013    -11.398019
   2.55836    -11.374838    -11.374844
   2.61466    -11.350233    -11.350240
   2.67096    -11.325278    -11.325284
   2.72727    -11.301097    -11.301104
   2.78357    -11.278806    -11.278812
   2.83987    -11.259470    -11.259476
   2.89617    -11.244040    -11.244047
   2.95247    -11.233323    -11.233330
   3.00877    -11.227945    -11.227951
   3.06508    -11.228160    -11.228166
   3.12138    -11.231690    -11.231695
   3.12138    -11.231690    -11.231695
   3.18152    -11.230784    -11.230790
   3.24165    -11.228195    -11.228200
   3.30179    -11.224293    -11.224299
   3.36193    -11.219682    -11.219688
   3.42207    -11.215140    -11.215145
   3.48221    -11.211574    -11.211579
   3.54234    -11.209942    -11.209947
   3.60248    -11.211097    -11.211100
   3.60248    -11.211097    -11.211100
   3.65594    -11.208834    -11.208839
   3.70941    -11.207959    -11.207965
   3.76287    -11.209501    -11.209507
   3.81633    -11.213981    -11.213987
   3.86979    -11.221596    -11.221602
   3.92325    -11.232296    -11.232302
   3.97672    -11.245812    -11.245818
   4.03018    -11.261696    -11.261703
   4.08364    -11.279349    -11.279356
   4.13710    -11.298065    -11.298072
   4.19057    -11.317082    -11.317088
   4.24403    -11.335590    -11.335596
   4.29749    -11.352808    -11.352814
   4.35095    -11.368002    -11.368008
   4.40442    -11.380533    -11.380540
   4.45788    -11.389876    -11.389882
   4.51134    -11.395645    -11.395651
   4.56480    -11.397594    -11.397600
   4.56480    -11.397594    -11.397600
   4.59892    -11.402294    -11.402301
   4.63303    -11.415539    -11.415545
   4.66714    -11.435166    -11.435173
   4.70125    -11.457695    -11.457700
   4.70125    -11.227717    -11.227722
   4.75755    -11.226721    -11.226727
   4.81385    -11.228641    -11.228647
   4.87015    -11.235287    -11.235293
   4.92645    -11.246585    -11.246592
   4.98275    -11.262080    -11.262087
   5.03904    -11.281130    -11.281137
   5.09534    -11.302934    -11.302941
   5.15164    -11.326564    -11.326570
   5.20794    -11.351002    -11.351009
   5.26424    -11.375198    -11.375204
   5.32054    -11.398103    -11.398109
   5.37683    -11.418722    -11.418728
   5.43313    -11.436140    -11.436147
   5.48943    -11.449588    -11.449594
   5.54573    -11.457695    -11.457700
   5.54573    -11.457695    -11.457700
   5.60129    -11.455162    -11.455167
   5.65685    -11.447668    -11.447673
   5.71240    -11.435514    -11.435519
   5.76796    -11.419179    -11.419184
   5.82352    -11.399310    -11.399315
   5.87908    -11.376711    -11.376716
   5.93464    -11.352311    -11.352317
   5.99020    -11.327148    -11.327153
   6.04576    -11.302327    -11.302333
   6.10131    -11.278978    -11.278984
   6.15687    -11.258166    -11.258172
   6.21243    -11.240858    -11.240864
   6.26799    -11.227864    -11.227870
   6.32355    -11.219815    -11.219821
   6.37911    -11.217091    -11.217097
 
# Band-Index    4
   6.37911    -10.280871    -10.280877
   6.32355    -10.285467    -10.285474
   6.26799    -10.298942    -10.298949
   6.21243    -10.320425    -10.320432
   6.15687    -10.348585    -10.348592
   6.10131    -10.381803    -10.381810
   6.04576    -10.418319    -10.418325
   5.99020    -10.456354    -10.456360
   5.93464    -10.494214    -10.494220
   5.87908    -10.530325    -10.530331
   5.82352    -10.563259    -10.563265
   5.76796    -10.591779    -10.591785
   5.71240    -10.614899    -10.614905
   5.65685    -10.631894    -10.631900
   5.60129    -10.642274    -10.642280
   5.54573    -10.645766    -10.645772
   5.54573    -10.645766    -10.645772
   5.48943    -10.651030    -10.651036
   5.43313    -10.651401    -10.651406
   5.37683    -10.644113    -10.644119
   5.32054    -10.629136    -10.629141
   5.26424    -10.606784    -10.606789
   5.20794    -10.577659    -10.577664
   5.15164    -10.542670    -10.542676
   5.09534    -10.503040    -10.503045
   5.03904    -10.460317    -10.460322
   4.98275    -10.416335    -10.416340
   4.92645    -10.373149    -10.373155
   4.87015    -10.332961    -10.332967
   4.81385    -10.297999    -10.298006
   4.75755    -10.270434    -10.270441
   4.70125    -10.255116    -10.255123
   4.70125    -10.645766    -10.645772
   4.66714    -10.684444    -10.684449
   4.63303    -10.718001    -10.718006
   4.59892    -10.739879    -10.739883
   4.56480    -10.747498    -10.747503
   4.56480    -10.747498    -10.747503
   4.51134    -10.743820    -10.743824
   4.45788    -10.732852    -10.732857
   4.40442    -10.714841    -10.714846
   4.35095    -10.690201    -10.690206
   4.29749    -10.659506    -10.659511
   4.24403    -10.623497    -10.623502
   4.19057    -10.583069    -10.583074
   4.13710    -10.539265    -10.539270
   4.08364    -10.493276    -10.493281
   4.03018    -10.446367    -10.446373
   3.97672    -10.399869    -10.399875
   3.92325    -10.355116    -10.355122
   3.86979    -10.313368    -10.313374
   3.81633    -10.275741    -10.275747
   3.76287    -10.243123    -10.243130
   3.70941    -10.216169    -10.216176
   3.65594    -10.195568    -10.195575
   3.60248    -10.185928    -10.185935
   3.60248    -10.185928    -10.185936
   3.54234    -10.192593    -10.192600
   3.48221    -10.204216    -10.204223
   3.42207    -10.217347    -10.217354
   3.36193    -10.230361    -10.230368
   3.30179    -10.241937    -10.241944
   3.24165    -10.251001    -10.251008
   3.18152    -10.256761    -10.256768
   3.12138    -10.258733    -10.258740
   3.12138    -10.258733    -10.258740
   3.06508    -10.279729    -10.279735
   3.00877    -10.310742    -10.310748
   2.95247    -10.347014    -10.347019
   2.89617    -10.386948    -10.386953
   2.83987    -10.428814    -10.428820
   2.78357    -10.470859    -10.470864
   2.72727    -10.511391    -10.511396
   2.67096    -10.548860    -10.548865
   2.61466    -10.581915    -10.581920
   2.55836    -10.609454    -10.609459
   2.50206    -10.630613    -10.630618
   2.44576    -10.644790    -10.644795
   2.38946    -10.651623    -10.651628
   2.33316    -10.651063    -10.651069
   2.27685    -10.645766    -10.645772
   2.27685    -10.645766    -10.645772
   2.22129    -10.642295    -10.642301
   2.16573    -10.631980    -10.631986
   2.11017    -10.615098    -10.615104
   2.05461    -10.592142    -10.592148
   1.99904    -10.563841    -10.563847
   1.94348    -10.531185    -10.531191
   1.88792    -10.495410    -10.495416
   1.83236    -10.457938    -10.457943
   1.77680    -10.420327    -10.420333
   1.72123    -10.384252    -10.384258
   1.66567    -10.351462    -10.351468
   1.61011    -10.323686    -10.323692
   1.55455    -10.302508    -10.302514
   1.49899    -10.289230    -10.289236
   1.44342    -10.284702    -10.284708
   1.44342    -10.284702    -10.284708
   1.38329    -10.282269    -10.282275
   1.32315    -10.275136    -10.275142
   1.26301    -10.263778    -10.263784
   1.20287    -10.248967    -10.248973
   1.14274    -10.231769    -10.231776
   1.08260    -10.213543    -10.213549
   1.02246    -10.196135    -10.196141
   0.96232    -10.185936    -10.185944
   0.96232    -10.185935    -10.185943
   0.90886    -10.192146    -10.192153
   0.85540    -10.205633    -10.205640
   0.80194    -10.224763    -10.224770
   0.74847    -10.249231    -10.249238
   0.69501    -10.278566    -10.278572
   0.64155    -10.312032    -10.312038
   0.58809    -10.348655    -10.348661
   0.53462    -10.387311    -10.387317
   0.48116    -10.426781    -10.426788
   0.42770    -10.465844    -10.465851
   0.37424    -10.503311    -10.503317
   0.32077    -10.538096    -10.538102
   0.26731    -10.569219    -10.569225
   0.21385    -10.595845    -10.595851
   0.16039    -10.617278    -10.617284
   0.10692    -10.632974    -10.632979
   0.05346    -10.642548    -10.642553
   0.00000    -10.645766    -10.645772
 
# Band-Index    5
   0.00000    -10.638630    -10.638635
   0.05346    -10.635393    -10.635398
   0.10692    -10.625764    -10.625769
   0.16039    -10.609979    -10.609984
   0.21385    -10.588426    -10.588431
   0.26731    -10.561654    -10.561659
   0.32077    -10.530364    -10.530369
   0.37424    -10.495403    -10.495408
   0.42770    -10.457757    -10.457762
   0.48116    -10.418523    -10.418529
   0.53462    -10.378901    -10.378906
   0.58809    -10.340119    -10.340125
   0.64155    -10.303402    -10.303407
   0.69501    -10.269872    -10.269877
   0.74847    -10.240494    -10.240500
   0.80194    -10.215979    -10.215985
   0.85540    -10.196733    -10.196739
   0.90886    -10.182814    -10.182820
   0.96232    -10.174136    -10.174142
   0.96232    -10.174137    -10.174143
   1.02246    -10.175400    -10.175406
   1.08260    -10.175892    -10.175898
   1.14274    -10.179013    -10.179020
   1.20287    -10.183789    -10.183796
   1.26301    -10.189002    -10.189008
   1.32315    -10.193563    -10.193570
   1.38329    -10.196646    -10.196653
   1.44342    -10.197733    -10.197740
   1.44342    -10.197733    -10.197740
   1.49899    -10.216102    -10.216109
   1.55455    -10.244259    -10.244265
   1.61011    -10.278336    -10.278342
   1.66567    -10.316880    -10.316886
   1.72123    -10.358335    -10.358341
   1.77680    -10.401104    -10.401110
   1.83236    -10.443600    -10.443605
   1.88792    -10.484361    -10.484366
   1.94348    -10.522108    -10.522113
   1.99904    -10.555799    -10.555804
   2.05461    -10.584587    -10.584591
   2.11017    -10.607768    -10.607772
   2.16573    -10.624763    -10.624768
   2.22129    -10.635139    -10.635144
   2.27685    -10.638630    -10.638635
   2.27685    -10.638630    -10.638635
   2.33316    -10.626006    -10.626012
   2.38946    -10.603658    -10.603663
   2.44576    -10.574779    -10.574784
   2.50206    -10.540244    -10.540249
   2.55836    -10.501001    -10.501006
   2.61466    -10.458175    -10.458181
   2.67096    -10.413061    -10.413067
   2.72727    -10.367134    -10.367140
   2.78357    -10.322037    -10.322043
   2.83987    -10.279567    -10.279573
   2.89617    -10.241788    -10.241795
   2.95247    -10.222917    -10.222924
   3.00877    -10.225791    -10.225797
   3.06508    -10.236043    -10.236049
   3.12138    -10.249970    -10.249975
   3.12138    -10.249970    -10.249975
   3.18152    -10.247995    -10.248000
   3.24165    -10.242228    -10.242233
   3.30179    -10.233150    -10.233155
   3.36193    -10.221552    -10.221558
   3.42207    -10.208499    -10.208505
   3.48221    -10.195264    -10.195270
   3.54234    -10.183268    -10.183274
   3.60248    -10.174127    -10.174133
   3.60248    -10.174127    -10.174133
   3.65594    -10.175157    -10.175164
   3.70941    -10.174984    -10.174991
   3.76287    -10.178742    -10.178749
   3.81633    -10.187198    -10.187205
   3.86979    -10.200425    -10.200432
   3.92325    -10.218118    -10.218125
   3.97672    -10.239650    -10.239657
   4.03018    -10.264178    -10.264185
   4.08364    -10.290697    -10.290704
   4.13710    -10.318123    -10.318130
   4.19057    -10.345359    -10.345366
   4.24403    -10.371340    -10.371347
   4.29749    -10.395091    -10.395098
   4.35095    -10.415752    -10.415759
   4.40442    -10.432590    -10.432597
   4.45788    -10.445036    -10.445043
   4.51134    -10.452671    -10.452678
   4.56480    -10.455244    -10.455251
   4.56480    -10.455244    -10.455251
   4.59892    -10.497392    -10.497398
   4.63303    -10.545632    -10.545638
   4.66714    -10.594804    -10.594810
   4.70125    -10.638630    -10.638635
   4.70125    -10.246331    -10.246337
   4.75755    -10.240990    -10.240997
   4.81385    -10.242710    -10.242716
   4.87015    -10.254448    -10.254455
   4.92645    -10.275470    -10.275477
   4.98275    -10.304406    -10.304412
   5.03904    -10.339512    -10.339519
   5.09534    -10.378869    -10.378875
   5.15164    -10.420515    -10.420522
   5.20794    -10.462583    -10.462589
   5.26424    -10.503364    -10.503370
   5.32054    -10.541328    -10.541333
   5.37683    -10.575156    -10.575161
   5.43313    -10.603726    -10.603731
   5.48943    -10.625998    -10.626004
   5.54573    -10.638630    -10.638635
   5.54573    -10.638630    -10.638635
   5.60129    -10.635118    -10.635123
   5.65685    -10.624677    -10.624681
   5.71240    -10.607569    -10.607574
   5.76796    -10.584228    -10.584233
   5.82352    -10.555229    -10.555234
   5.87908    -10.521276    -10.521281
   5.93464    -10.483218    -10.483223
   5.99020    -10.442107    -10.442112
   6.04576    -10.399236    -10.399241
   6.10131    -10.356087    -10.356092
   6.15687    -10.314274    -10.314280
   6.21243    -10.275426    -10.275432
   6.26799    -10.241130    -10.241136
   6.32355    -10.212862    -10.212869
   6.37911    -10.194497    -10.194504
 
# Band-Index    6
   6.37911    -10.187804    -10.187810
   6.32355    -10.177146    -10.177152
   6.26799    -10.171506    -10.171513
   6.21243    -10.173348    -10.173355
   6.15687    -10.181980    -10.181987
   6.10131    -10.196302    -10.196309
   6.04576    -10.214965    -10.214972
   5.99020    -10.236488    -10.236495
   5.93464    -10.259390    -10.259397
   5.87908    -10.282267    -10.282274
   5.82352    -10.303845    -10.303852
   5.76796    -10.323020    -10.323028
   5.71240    -10.338885    -10.338892
   5.65685    -10.350724    -10.350731
   5.60129    -10.358030    -10.358037
   5.54573    -10.360500    -10.360507
   5.54573    -10.360500    -10.360507
   5.48943    -10.358480    -10.358487
   5.43313    -10.352494    -10.352501
   5.37683    -10.342753    -10.342760
   5.32054    -10.329607    -10.329614
   5.26424    -10.313544    -10.313551
   5.20794    -10.295174    -10.295181
   5.15164    -10.275219    -10.275225
   5.09534    -10.254498    -10.254505
   5.03904    -10.233903    -10.233910
   4.98275    -10.214350    -10.214356
   4.92645    -10.196754    -10.196760
   4.87015    -10.181989    -10.181996
   4.81385    -10.170837    -10.170843
   4.75755    -10.163896    -10.163902
   4.70125    -10.161540    -10.161547
   4.70125    -10.360500    -10.360507
   4.66714    -10.366819    -10.366826
   4.63303    -10.385297    -10.385304
   4.59892    -10.414578    -10.414585
   4.56480    -10.450327    -10.450333
   4.56480    -10.450327    -10.450333
   4.51134    -10.447742    -10.447748
   4.45788    -10.440070    -10.440076
   4.40442    -10.427564    -10.427570
   4.35095    -10.410642    -10.410648
   4.29749    -10.389875    -10.389881
   4.24403    -10.365997    -10.366003
   4.19057    -10.339869    -10.339875
   4.13710    -10.312468    -10.312474
   4.08364    -10.284860    -10.284866
   4.03018    -10.258146    -10.258152
   3.97672    -10.233415    -10.233421
   3.92325    -10.211678    -10.211685
   3.86979    -10.193792    -10.193798
   3.81633    -10.180402    -10.180408
   3.76287    -10.171850    -10.171856
   3.70941    -10.168165    -10.168171
   3.65594    -10.169058    -10.169064
   3.60248    -10.173782    -10.173788
   3.60248    -10.173783    -10.173789
   3.54234    -10.164933    -10.164939
   3.48221    -10.159061    -10.159068
   3.42207    -10.157039    -10.157045
   3.36193    -10.157706    -10.157713
   3.30179    -10.159776    -10.159782
   3.24165    -10.162126    -10.162133
   3.18152    -10.163904    -10.163911
   3.12138    -10.164559    -10.164566
   3.12138    -10.164559    -10.164566
   3.06508    -10.169672    -10.169678
   3.00877    -10.184686    -10.184693
   2.95247    -10.208416    -10.208422
   2.89617    -10.224626    -10.224632
   2.83987    -10.233566    -10.233572
   2.78357    -10.246477    -10.246484
   2.72727    -10.262308    -10.262314
   2.67096    -10.279775    -10.279782
   2.61466    -10.297633    -10.297640
   2.55836    -10.314741    -10.314748
   2.50206    -10.330111    -10.330118
   2.44576    -10.342922    -10.342929
   2.38946    -10.352534    -10.352541
   2.33316    -10.358485    -10.358492
   2.27685    -10.360500    -10.360507
   2.27685    -10.360500    -10.360507
   2.22129    -10.358034    -10.358041
   2.16573    -10.350742    -10.350749
   2.11017    -10.338936    -10.338943
   2.05461    -10.323136    -10.323143
   1.99904    -10.304067    -10.304074
   1.94348    -10.282652    -10.282659
   1.88792    -10.260003    -10.260010
   1.83236    -10.237397    -10.237404
   1.77680    -10.216230    -10.216237
   1.72123    -10.197966    -10.197973
   1.66567    -10.184061    -10.184067
   1.61011    -10.175828    -10.175834
   1.55455    -10.174330    -10.174337
   1.49899    -10.180226    -10.180233
   1.44342    -10.191015    -10.191021
   1.44342    -10.191015    -10.191021
   1.38329    -10.189917    -10.189923
   1.32315    -10.186802    -10.186808
   1.26301    -10.182194    -10.182200
   1.20287    -10.176935    -10.176941
   1.14274    -10.172142    -10.172148
   1.08260    -10.169122    -10.169128
   1.02246    -10.169270    -10.169276
   0.96232    -10.173789    -10.173795
   0.96232    -10.173788    -10.173794
   0.90886    -10.164838    -10.164844
   0.85540    -10.156924    -10.156930
   0.80194    -10.152875    -10.152881
   0.74847    -10.153395    -10.153401
   0.69501    -10.158711    -10.158717
   0.64155    -10.168691    -10.168698
   0.58809    -10.182896    -10.182903
   0.53462    -10.200621    -10.200628
   0.48116    -10.220968    -10.220975
   0.42770    -10.242912    -10.242919
   0.37424    -10.265374    -10.265381
   0.32077    -10.287296    -10.287303
   0.26731    -10.307685    -10.307692
   0.21385    -10.325649    -10.325656
   0.16039    -10.340435    -10.340442
   0.10692    -10.351434    -10.351441
   0.05346    -10.358211    -10.358218
   0.00000    -10.360500    -10.360507
 
# Band-Index    7
   0.00000     -9.170482     -9.170482
   0.05346     -9.170616     -9.170616
   0.10692     -9.171018     -9.171018
   0.16039     -9.171688     -9.171688
   0.21385     -9.172628     -9.172628
   0.26731     -9.173840     -9.173840
   0.32077     -9.175312     -9.175312
   0.37424     -9.177016     -9.177016
   0.42770     -9.178901     -9.178901
   0.48116     -9.180891     -9.180891
   0.53462     -9.182881     -9.182881
   0.58809     -9.184724     -9.184724
   0.64155     -9.186290     -9.186291
   0.69501     -9.187443     -9.187444
   0.74847     -9.188079     -9.188079
   0.80194     -9.188146     -9.188146
   0.85540     -9.187669     -9.187669
   0.90886     -9.186803     -9.186803
   0.96232     -9.185971     -9.185971
   0.96232     -9.185970     -9.185971
   1.02246     -9.185986     -9.185987
   1.08260     -9.187044     -9.187045
   1.14274     -9.188386     -9.188387
   1.20287     -9.189651     -9.189652
   1.26301     -9.190708     -9.190709
   1.32315     -9.191497     -9.191498
   1.38329     -9.191982     -9.191984
   1.44342     -9.192147     -9.192148
   1.44342     -9.192147     -9.192148
   1.49899     -9.191669     -9.191670
   1.55455     -9.190290     -9.190291
   1.61011     -9.188153     -9.188154
   1.66567     -9.185483     -9.185484
   1.72123     -9.182556     -9.182557
   1.77680     -9.179677     -9.179678
   1.83236     -9.177123     -9.177124
   1.88792     -9.175068     -9.175068
   1.94348     -9.173526     -9.173527
   1.99904     -9.172416     -9.172416
   2.05461     -9.171633     -9.171633
   2.11017     -9.171096     -9.171096
   2.16573     -9.170746     -9.170746
   2.22129     -9.170547     -9.170547
   2.27685     -9.170482     -9.170482
   2.27685     -9.170482     -9.170482
   2.33316     -9.170547     -9.170547
   2.38946     -9.170746     -9.170746
   2.44576     -9.171096     -9.171096
   2.50206     -9.171633     -9.171633
   2.55836     -9.172416     -9.172416
   2.61466     -9.173527     -9.173527
   2.67096     -9.175069     -9.175069
   2.72727     -9.177126     -9.177127
   2.78357     -9.179678     -9.179679
   2.83987     -9.182555     -9.182556
   2.89617     -9.185482     -9.185483
   2.95247     -9.188153     -9.188155
   3.00877     -9.190288     -9.190290
   3.06508     -9.191665     -9.191666
   3.12138     -9.192142     -9.192143
   3.12138     -9.192142     -9.192143
   3.18152     -9.191979     -9.191981
   3.24165     -9.191496     -9.191497
   3.30179     -9.190708     -9.190709
   3.36193     -9.189649     -9.189650
   3.42207     -9.188383     -9.188384
   3.48221     -9.187041     -9.187042
   3.54234     -9.185983     -9.185984
   3.60248     -9.185967     -9.185968
   3.60248     -9.185968     -9.185968
   3.65594     -9.186801     -9.186801
   3.70941     -9.187667     -9.187667
   3.76287     -9.188146     -9.188146
   3.81633     -9.188081     -9.188082
   3.86979     -9.187445     -9.187445
   3.92325     -9.186291     -9.186291
   3.97672     -9.184723     -9.184723
   4.03018     -9.182876     -9.182876
   4.08364     -9.180893     -9.180893
   4.13710     -9.178904     -9.178904
   4.19057     -9.177017     -9.177017
   4.24403     -9.175313     -9.175313
   4.29749     -9.173842     -9.173843
   4.35095     -9.172631     -9.172631
   4.40442     -9.171688     -9.171688
   4.45788     -9.171017     -9.171018
   4.51134     -9.170618     -9.170618
   4.56480     -9.170485     -9.170485
   4.56480     -9.170485     -9.170485
   4.59892     -9.170484     -9.170485
   4.63303     -9.170483     -9.170484
   4.66714     -9.170486     -9.170486
   4.70125     -9.170482     -9.170482
   4.70125     -9.196899     -9.196899
   4.75755     -9.196461     -9.196461
   4.81385     -9.195193     -9.195193
   4.87015     -9.193213     -9.193213
   4.92645     -9.190699     -9.190699
   4.98275     -9.187861     -9.187861
   5.03904     -9.184906     -9.184906
   5.09534     -9.182014     -9.182014
   5.15164     -9.179326     -9.179326
   5.20794     -9.176943     -9.176943
   5.26424     -9.174922     -9.174922
   5.32054     -9.173287     -9.173287
   5.37683     -9.172041     -9.172041
   5.43313     -9.171170     -9.171170
   5.48943     -9.170653     -9.170654
   5.54573     -9.170482     -9.170482
   5.54573     -9.170482     -9.170482
   5.60129     -9.170653     -9.170654
   5.65685     -9.171170     -9.171170
   5.71240     -9.172041     -9.172042
   5.76796     -9.173287     -9.173287
   5.82352     -9.174922     -9.174922
   5.87908     -9.176944     -9.176944
   5.93464     -9.179326     -9.179326
   5.99020     -9.182012     -9.182013
   6.04576     -9.184906     -9.184906
   6.10131     -9.187862     -9.187862
   6.15687     -9.190698     -9.190698
   6.21243     -9.193208     -9.193209
   6.26799     -9.195191     -9.195191
   6.32355     -9.196462     -9.196462
   6.37911     -9.196901     -9.196901
 
# Band-Index    8
   6.37911     -9.191601     -9.191602
   6.32355     -9.191172     -9.191173
   6.26799     -9.189926     -9.189927
   6.21243     -9.187968     -9.187968
   6.15687     -9.185472     -9.185473
   6.10131     -9.182645     -9.182645
   6.04576     -9.179693     -9.179694
   5.99020     -9.176803     -9.176804
   5.93464     -9.174122     -9.174123
   5.87908     -9.171748     -9.171749
   5.82352     -9.169736     -9.169736
   5.76796     -9.168110     -9.168111
   5.71240     -9.166873     -9.166873
   5.65685     -9.166008     -9.166008
   5.60129     -9.165496     -9.165496
   5.54573     -9.165326     -9.165326
   5.54573     -9.165326     -9.165326
   5.48943     -9.165496     -9.165496
   5.43313     -9.166008     -9.166008
   5.37683     -9.166873     -9.166873
   5.32054     -9.168110     -9.168111
   5.26424     -9.169735     -9.169736
   5.20794     -9.171747     -9.171748
   5.15164     -9.174120     -9.174121
   5.09534     -9.176798     -9.176799
   5.03904     -9.179682     -9.179683
   4.98275     -9.182627     -9.182628
   4.92645     -9.185452     -9.185453
   4.87015     -9.187948     -9.187949
   4.81385     -9.189908     -9.189909
   4.75755     -9.191158     -9.191159
   4.70125     -9.191589     -9.191590
   4.70125     -9.165326     -9.165326
   4.66714     -9.165330     -9.165331
   4.63303     -9.165327     -9.165328
   4.59892     -9.165328     -9.165329
   4.56480     -9.165329     -9.165330
   4.56480     -9.165329     -9.165330
   4.51134     -9.165461     -9.165462
   4.45788     -9.165857     -9.165858
   4.40442     -9.166523     -9.166523
   4.35095     -9.167459     -9.167460
   4.29749     -9.168664     -9.168664
   4.24403     -9.170126     -9.170126
   4.19057     -9.171821     -9.171822
   4.13710     -9.173698     -9.173698
   4.08364     -9.175677     -9.175678
   4.03018     -9.177652     -9.177653
   3.97672     -9.179490     -9.179491
   3.92325     -9.181049     -9.181050
   3.86979     -9.182194     -9.182195
   3.81633     -9.182820     -9.182821
   3.76287     -9.182877     -9.182878
   3.70941     -9.182393     -9.182394
   3.65594     -9.181523     -9.181524
   3.60248     -9.180695     -9.180695
   3.60248     -9.180694     -9.180695
   3.54234     -9.180721     -9.180721
   3.48221     -9.181803     -9.181803
   3.42207     -9.183159     -9.183158
   3.36193     -9.184431     -9.184430
   3.30179     -9.185492     -9.185491
   3.24165     -9.186281     -9.186280
   3.18152     -9.186764     -9.186764
   3.12138     -9.186927     -9.186926
   3.12138     -9.186927     -9.186926
   3.06508     -9.186455     -9.186454
   3.00877     -9.185089     -9.185088
   2.95247     -9.182964     -9.182964
   2.89617     -9.180300     -9.180299
   2.83987     -9.177375     -9.177374
   2.78357     -9.174493     -9.174492
   2.72727     -9.171933     -9.171933
   2.67096     -9.169872     -9.169872
   2.61466     -9.168333     -9.168333
   2.55836     -9.167231     -9.167231
   2.50206     -9.166457     -9.166457
   2.44576     -9.165928     -9.165928
   2.38946     -9.165584     -9.165585
   2.33316     -9.165389     -9.165390
   2.27685     -9.165326     -9.165326
   2.27685     -9.165326     -9.165326
   2.22129     -9.165389     -9.165390
   2.16573     -9.165584     -9.165585
   2.11017     -9.165928     -9.165929
   2.05461     -9.166457     -9.166457
   1.99904     -9.167231     -9.167231
   1.94348     -9.168333     -9.168333
   1.88792     -9.169872     -9.169872
   1.83236     -9.171933     -9.171933
   1.77680     -9.174500     -9.174500
   1.72123     -9.177393     -9.177393
   1.66567     -9.180326     -9.180326
   1.61011     -9.182991     -9.182990
   1.55455     -9.185112     -9.185111
   1.49899     -9.186470     -9.186469
   1.44342     -9.186938     -9.186937
   1.44342     -9.186938     -9.186937
   1.38329     -9.186773     -9.186772
   1.32315     -9.186287     -9.186286
   1.26301     -9.185497     -9.185496
   1.20287     -9.184437     -9.184437
   1.14274     -9.183167     -9.183166
   1.08260     -9.181812     -9.181811
   1.02246     -9.180744     -9.180744
   0.96232     -9.180710     -9.180711
   0.96232     -9.180711     -9.180711
   0.90886     -9.181528     -9.181529
   0.85540     -9.182398     -9.182399
   0.80194     -9.182880     -9.182881
   0.74847     -9.182821     -9.182822
   0.69501     -9.182196     -9.182197
   0.64155     -9.181054     -9.181055
   0.58809     -9.179498     -9.179498
   0.53462     -9.177663     -9.177664
   0.48116     -9.175680     -9.175681
   0.42770     -9.173699     -9.173700
   0.37424     -9.171821     -9.171822
   0.32077     -9.170125     -9.170126
   0.26731     -9.168662     -9.168662
   0.21385     -9.167457     -9.167458
   0.16039     -9.166523     -9.166523
   0.10692     -9.165858     -9.165858
   0.05346     -9.165459     -9.165459
   0.00000     -9.165326     -9.165326
 
# Band-Index    9
   0.00000     -9.164637     -9.164638
   0.05346     -9.164770     -9.164771
   0.10692     -9.165168     -9.165169
   0.16039     -9.165830     -9.165831
   0.21385     -9.166760     -9.166761
   0.26731     -9.167959     -9.167960
   0.32077     -9.169414     -9.169415
   0.37424     -9.171098     -9.171099
   0.42770     -9.172962     -9.172963
   0.48116     -9.174929     -9.174929
   0.53462     -9.176899     -9.176899
   0.58809     -9.178727     -9.178727
   0.64155     -9.180287     -9.180288
   0.69501     -9.181445     -9.181445
   0.74847     -9.182089     -9.182090
   0.80194     -9.182163     -9.182164
   0.85540     -9.181684     -9.181685
   0.90886     -9.180814     -9.180815
   0.96232     -9.180033     -9.180034
   0.96232     -9.180032     -9.180033
   1.02246     -9.180009     -9.180010
   1.08260     -9.181062     -9.181063
   1.14274     -9.182402     -9.182403
   1.20287     -9.183662     -9.183663
   1.26301     -9.184713     -9.184714
   1.32315     -9.185497     -9.185497
   1.38329     -9.185979     -9.185980
   1.44342     -9.186142     -9.186143
   1.44342     -9.186142     -9.186143
   1.49899     -9.185650     -9.185651
   1.55455     -9.184242     -9.184242
   1.61011     -9.182086     -9.182086
   1.66567     -9.179425     -9.179425
   1.72123     -9.176533     -9.176533
   1.77680     -9.173699     -9.173700
   1.83236     -9.171189     -9.171190
   1.88792     -9.169164     -9.169165
   1.94348     -9.167642     -9.167643
   1.99904     -9.166545     -9.166546
   2.05461     -9.165772     -9.165773
   2.11017     -9.165242     -9.165243
   2.16573     -9.164897     -9.164898
   2.22129     -9.164701     -9.164702
   2.27685     -9.164637     -9.164638
   2.27685     -9.164637     -9.164638
   2.33316     -9.164701     -9.164702
   2.38946     -9.164897     -9.164898
   2.44576     -9.165242     -9.165243
   2.50206     -9.165772     -9.165773
   2.55836     -9.166545     -9.166546
   2.61466     -9.167643     -9.167644
   2.67096     -9.169166     -9.169167
   2.72727     -9.171193     -9.171194
   2.78357     -9.173706     -9.173707
   2.83987     -9.176545     -9.176546
   2.89617     -9.179449     -9.179450
   2.95247     -9.182121     -9.182122
   3.00877     -9.184277     -9.184278
   3.06508     -9.185681     -9.185682
   3.12138     -9.186171     -9.186172
   3.12138     -9.186171     -9.186172
   3.18152     -9.186009     -9.186010
   3.24165     -9.185527     -9.185528
   3.30179     -9.184741     -9.184742
   3.36193     -9.183685     -9.183686
   3.42207     -9.182420     -9.182421
   3.48221     -9.181076     -9.181077
   3.54234     -9.180036     -9.180037
   3.60248     -9.180023     -9.180024
   3.60248     -9.180023     -9.180024
   3.65594     -9.180813     -9.180814
   3.70941     -9.181687     -9.181688
   3.76287     -9.182166     -9.182167
   3.81633     -9.182093     -9.182094
   3.86979     -9.181448     -9.181449
   3.92325     -9.180291     -9.180292
   3.97672     -9.178730     -9.178731
   4.03018     -9.176898     -9.176899
   4.08364     -9.174934     -9.174935
   4.13710     -9.172966     -9.172966
   4.19057     -9.171100     -9.171100
   4.24403     -9.169414     -9.169415
   4.29749     -9.167960     -9.167961
   4.35095     -9.166762     -9.166763
   4.40442     -9.165830     -9.165831
   4.45788     -9.165167     -9.165168
   4.51134     -9.164772     -9.164773
   4.56480     -9.164641     -9.164641
   4.56480     -9.164641     -9.164641
   4.59892     -9.164640     -9.164641
   4.63303     -9.164639     -9.164640
   4.66714     -9.164642     -9.164643
   4.70125     -9.164637     -9.164638
   4.70125     -9.190882     -9.190883
   4.75755     -9.190427     -9.190428
   4.81385     -9.189122     -9.189123
   4.87015     -9.187114     -9.187115
   4.92645     -9.184597     -9.184597
   4.98275     -9.181783     -9.181783
   5.03904     -9.178869     -9.178869
   5.09534     -9.176021     -9.176022
   5.15164     -9.173373     -9.173374
   5.20794     -9.171024     -9.171024
   5.26424     -9.169028     -9.169029
   5.32054     -9.167413     -9.167414
   5.37683     -9.166181     -9.166182
   5.43313     -9.165319     -9.165319
   5.48943     -9.164807     -9.164808
   5.54573     -9.164637     -9.164638
   5.54573     -9.164637     -9.164638
   5.60129     -9.164807     -9.164808
   5.65685     -9.165319     -9.165320
   5.71240     -9.166182     -9.166183
   5.76796     -9.167413     -9.167414
   5.82352     -9.169029     -9.169030
   5.87908     -9.171025     -9.171025
   5.93464     -9.173373     -9.173373
   5.99020     -9.176015     -9.176016
   6.04576     -9.178859     -9.178860
   6.10131     -9.181769     -9.181770
   6.15687     -9.184575     -9.184575
   6.21243     -9.187083     -9.187084
   6.26799     -9.189091     -9.189092
   6.32355     -9.190399     -9.190399
   6.37911     -9.190856     -9.190856
 
# Band-Index   10
   6.37911     -9.158952     -9.158953
   6.32355     -9.158836     -9.158838
   6.26799     -9.158499     -9.158501
   6.21243     -9.157954     -9.157956
   6.15687     -9.157225     -9.157226
   6.10131     -9.156338     -9.156340
   6.04576     -9.155330     -9.155332
   5.99020     -9.154244     -9.154245
   5.93464     -9.153126     -9.153128
   5.87908     -9.152029     -9.152031
   5.82352     -9.151006     -9.151008
   5.76796     -9.150108     -9.150109
   5.71240     -9.149375     -9.149376
   5.65685     -9.148837     -9.148839
   5.60129     -9.148510     -9.148512
   5.54573     -9.148400     -9.148402
   5.54573     -9.148400     -9.148402
   5.48943     -9.148510     -9.148512
   5.43313     -9.148837     -9.148839
   5.37683     -9.149375     -9.149376
   5.32054     -9.150107     -9.150109
   5.26424     -9.151006     -9.151008
   5.20794     -9.152030     -9.152032
   5.15164     -9.153127     -9.153129
   5.09534     -9.154245     -9.154247
   5.03904     -9.155332     -9.155333
   4.98275     -9.156339     -9.156340
   4.92645     -9.157226     -9.157227
   4.87015     -9.157956     -9.157958
   4.81385     -9.158500     -9.158502
   4.75755     -9.158835     -9.158836
   4.70125     -9.158949     -9.158950
   4.70125     -9.148400     -9.148402
   4.66714     -9.148404     -9.148406
   4.63303     -9.148402     -9.148403
   4.59892     -9.148402     -9.148404
   4.56480     -9.148403     -9.148405
   4.56480     -9.148403     -9.148405
   4.51134     -9.148609     -9.148610
   4.45788     -9.149219     -9.149220
   4.40442     -9.150215     -9.150217
   4.35095     -9.151563     -9.151564
   4.29749     -9.153211     -9.153212
   4.24403     -9.155101     -9.155102
   4.19057     -9.157170     -9.157172
   4.13710     -9.159357     -9.159359
   4.08364     -9.161610     -9.161612
   4.03018     -9.163892     -9.163894
   3.97672     -9.166178     -9.166180
   3.92325     -9.168450     -9.168451
   3.86979     -9.170690     -9.170692
   3.81633     -9.172880     -9.172881
   3.76287     -9.174986     -9.174987
   3.70941     -9.176948     -9.176950
   3.65594     -9.178630     -9.178632
   3.60248     -9.179626     -9.179627
   3.60248     -9.179624     -9.179626
   3.54234     -9.179322     -9.179323
   3.48221     -9.177568     -9.177569
   3.42207     -9.175263     -9.175264
   3.36193     -9.172973     -9.172974
   3.30179     -9.170982     -9.170982
   3.24165     -9.169457     -9.169458
   3.18152     -9.168502     -9.168502
   3.12138     -9.168176     -9.168176
   3.12138     -9.168176     -9.168176
   3.06508     -9.168073     -9.168074
   3.00877     -9.167764     -9.167765
   2.95247     -9.167236     -9.167237
   2.89617     -9.166462     -9.166463
   2.83987     -9.165397     -9.165398
   2.78357     -9.163977     -9.163978
   2.72727     -9.162150     -9.162151
   2.67096     -9.159948     -9.159949
   2.61466     -9.157518     -9.157519
   2.55836     -9.155077     -9.155079
   2.50206     -9.152837     -9.152838
   2.44576     -9.150961     -9.150962
   2.38946     -9.149557     -9.149559
   2.33316     -9.148692     -9.148694
   2.27685     -9.148400     -9.148402
   2.27685     -9.148400     -9.148402
   2.22129     -9.148692     -9.148694
   2.16573     -9.149557     -9.149559
   2.11017     -9.150961     -9.150962
   2.05461     -9.152836     -9.152838
   1.99904     -9.155077     -9.155078
   1.94348     -9.157517     -9.157518
   1.88792     -9.159947     -9.159948
   1.83236     -9.162149     -9.162150
   1.77680     -9.163976     -9.163977
   1.72123     -9.165397     -9.165398
   1.66567     -9.166461     -9.166462
   1.61011     -9.167234     -9.167235
   1.55455     -9.167764     -9.167764
   1.49899     -9.168075     -9.168075
   1.44342     -9.168179     -9.168179
   1.44342     -9.168179     -9.168179
   1.38329     -9.168501     -9.168501
   1.32315     -9.169454     -9.169454
   1.26301     -9.170981     -9.170982
   1.20287     -9.172974     -9.172975
   1.14274     -9.175263     -9.175263
   1.08260     -9.177567     -9.177568
   1.02246     -9.179325     -9.179326
   0.96232     -9.179600     -9.179602
   0.96232     -9.179602     -9.179603
   0.90886     -9.178623     -9.178625
   0.85540     -9.176947     -9.176949
   0.80194     -9.174986     -9.174988
   0.74847     -9.172881     -9.172883
   0.69501     -9.170693     -9.170694
   0.64155     -9.168452     -9.168454
   0.58809     -9.166181     -9.166182
   0.53462     -9.163896     -9.163897
   0.48116     -9.161608     -9.161610
   0.42770     -9.159354     -9.159356
   0.37424     -9.157168     -9.157170
   0.32077     -9.155100     -9.155101
   0.26731     -9.153209     -9.153211
   0.21385     -9.151561     -9.151562
   0.16039     -9.150216     -9.150217
   0.10692     -9.149220     -9.149221
   0.05346     -9.148607     -9.148609
   0.00000     -9.148400     -9.148402
 
# Band-Index   11
   0.00000     -9.143658     -9.143657
   0.05346     -9.143860     -9.143860
   0.10692     -9.144460     -9.144460
   0.16039     -9.145437     -9.145437
   0.21385     -9.146759     -9.146759
   0.26731     -9.148382     -9.148381
   0.32077     -9.150245     -9.150245
   0.37424     -9.152287     -9.152286
   0.42770     -9.154447     -9.154446
   0.48116     -9.156676     -9.156675
   0.53462     -9.158940     -9.158939
   0.58809     -9.161202     -9.161202
   0.64155     -9.163453     -9.163453
   0.69501     -9.165675     -9.165674
   0.74847     -9.167848     -9.167848
   0.80194     -9.169942     -9.169942
   0.85540     -9.171899     -9.171898
   0.90886     -9.173583     -9.173583
   0.96232     -9.174639     -9.174639
   0.96232     -9.174638     -9.174637
   1.02246     -9.174289     -9.174289
   1.08260     -9.172484     -9.172484
   1.14274     -9.170174     -9.170174
   1.20287     -9.167888     -9.167889
   1.26301     -9.165902     -9.165903
   1.32315     -9.164381     -9.164382
   1.38329     -9.163434     -9.163434
   1.44342     -9.163114     -9.163114
   1.44342     -9.163114     -9.163114
   1.49899     -9.163012     -9.163013
   1.55455     -9.162707     -9.162708
   1.61011     -9.162188     -9.162189
   1.66567     -9.161431     -9.161432
   1.72123     -9.160389     -9.160390
   1.77680     -9.158996     -9.158997
   1.83236     -9.157202     -9.157202
   1.88792     -9.155033     -9.155033
   1.94348     -9.152636     -9.152636
   1.99904     -9.150227     -9.150227
   2.05461     -9.148018     -9.148018
   2.11017     -9.146171     -9.146171
   2.16573     -9.144793     -9.144792
   2.22129     -9.143944     -9.143944
   2.27685     -9.143658     -9.143657
   2.27685     -9.143658     -9.143657
   2.33316     -9.143944     -9.143944
   2.38946     -9.144793     -9.144792
   2.44576     -9.146171     -9.146171
   2.50206     -9.148019     -9.148019
   2.55836     -9.150229     -9.150228
   2.61466     -9.152637     -9.152637
   2.67096     -9.155035     -9.155035
   2.72727     -9.157203     -9.157204
   2.78357     -9.158997     -9.158997
   2.83987     -9.160388     -9.160388
   2.89617     -9.161430     -9.161430
   2.95247     -9.162186     -9.162187
   3.00877     -9.162703     -9.162704
   3.06508     -9.163006     -9.163006
   3.12138     -9.163106     -9.163106
   3.12138     -9.163106     -9.163106
   3.18152     -9.163430     -9.163430
   3.24165     -9.164379     -9.164380
   3.30179     -9.165895     -9.165896
   3.36193     -9.167878     -9.167879
   3.42207     -9.170163     -9.170164
   3.48221     -9.172474     -9.172474
   3.54234     -9.174285     -9.174285
   3.60248     -9.174633     -9.174632
   3.60248     -9.174634     -9.174634
   3.65594     -9.173573     -9.173572
   3.70941     -9.171886     -9.171885
   3.76287     -9.169930     -9.169929
   3.81633     -9.167837     -9.167836
   3.86979     -9.165664     -9.165663
   3.92325     -9.163443     -9.163442
   3.97672     -9.161193     -9.161192
   4.03018     -9.158931     -9.158930
   4.08364     -9.156674     -9.156674
   4.13710     -9.154447     -9.154447
   4.19057     -9.152288     -9.152287
   4.24403     -9.150246     -9.150245
   4.29749     -9.148383     -9.148383
   4.35095     -9.146761     -9.146760
   4.40442     -9.145437     -9.145436
   4.45788     -9.144460     -9.144459
   4.51134     -9.143862     -9.143862
   4.56480     -9.143661     -9.143660
   4.56480     -9.143661     -9.143660
   4.59892     -9.143660     -9.143660
   4.63303     -9.143659     -9.143659
   4.66714     -9.143662     -9.143661
   4.70125     -9.143658     -9.143657
   4.70125     -9.153953     -9.153953
   4.75755     -9.153841     -9.153841
   4.81385     -9.153510     -9.153510
   4.87015     -9.152973     -9.152973
   4.92645     -9.152252     -9.152251
   4.98275     -9.151378     -9.151377
   5.03904     -9.150386     -9.150385
   5.09534     -9.149318     -9.149317
   5.15164     -9.148222     -9.148221
   5.20794     -9.147150     -9.147149
   5.26424     -9.146154     -9.146154
   5.32054     -9.145285     -9.145285
   5.37683     -9.144583     -9.144582
   5.43313     -9.144071     -9.144070
   5.48943     -9.143762     -9.143761
   5.54573     -9.143658     -9.143657
   5.54573     -9.143658     -9.143657
   5.60129     -9.143761     -9.143761
   5.65685     -9.144071     -9.144070
   5.71240     -9.144583     -9.144582
   5.76796     -9.145286     -9.145285
   5.82352     -9.146155     -9.146154
   5.87908     -9.147150     -9.147149
   5.93464     -9.148222     -9.148221
   5.99020     -9.149318     -9.149317
   6.04576     -9.150386     -9.150385
   6.10131     -9.151379     -9.151379
   6.15687     -9.152254     -9.152253
   6.21243     -9.152975     -9.152974
   6.26799     -9.153514     -9.153513
   6.32355     -9.153847     -9.153846
   6.37911     -9.153961     -9.153960
 
# Band-Index   12
   6.37911     -9.153221     -9.153222
   6.32355     -9.153108     -9.153109
   6.26799     -9.152777     -9.152777
   6.21243     -9.152241     -9.152242
   6.15687     -9.151525     -9.151525
   6.10131     -9.150655     -9.150656
   6.04576     -9.149668     -9.149668
   5.99020     -9.148605     -9.148605
   5.93464     -9.147515     -9.147515
   5.87908     -9.146448     -9.146449
   5.82352     -9.145458     -9.145458
   5.76796     -9.144592     -9.144593
   5.71240     -9.143892     -9.143892
   5.65685     -9.143381     -9.143381
   5.60129     -9.143072     -9.143073
   5.54573     -9.142969     -9.142969
   5.54573     -9.142969     -9.142969
   5.48943     -9.143073     -9.143073
   5.43313     -9.143381     -9.143381
   5.37683     -9.143892     -9.143892
   5.32054     -9.144592     -9.144593
   5.26424     -9.145458     -9.145458
   5.20794     -9.146449     -9.146450
   5.15164     -9.147517     -9.147517
   5.09534     -9.148608     -9.148608
   5.03904     -9.149670     -9.149671
   4.98275     -9.150658     -9.150658
   4.92645     -9.151528     -9.151528
   4.87015     -9.152246     -9.152246
   4.81385     -9.152781     -9.152781
   4.75755     -9.153110     -9.153110
   4.70125     -9.153221     -9.153222
   4.70125     -9.142969     -9.142969
   4.66714     -9.142973     -9.142973
   4.63303     -9.142970     -9.142971
   4.59892     -9.142971     -9.142972
   4.56480     -9.142972     -9.142972
   4.56480     -9.142972     -9.142972
   4.51134     -9.143173     -9.143174
   4.45788     -9.143771     -9.143771
   4.40442     -9.144748     -9.144748
   4.35095     -9.146071     -9.146071
   4.29749     -9.147689     -9.147690
   4.24403     -9.149547     -9.149547
   4.19057     -9.151581     -9.151581
   4.13710     -9.153731     -9.153731
   4.08364     -9.155949     -9.155949
   4.03018     -9.158197     -9.158198
   3.97672     -9.160453     -9.160453
   3.92325     -9.162698     -9.162698
   3.86979     -9.164917     -9.164918
   3.81633     -9.167090     -9.167091
   3.76287     -9.169185     -9.169186
   3.70941     -9.171143     -9.171144
   3.65594     -9.172836     -9.172836
   3.60248     -9.173905     -9.173905
   3.60248     -9.173903     -9.173904
   3.54234     -9.173548     -9.173548
   3.48221     -9.171719     -9.171720
   3.42207     -9.169403     -9.169404
   3.36193     -9.167123     -9.167123
   3.30179     -9.165147     -9.165148
   3.24165     -9.163638     -9.163638
   3.18152     -9.162693     -9.162694
   3.12138     -9.162371     -9.162372
   3.12138     -9.162371     -9.162372
   3.06508     -9.162272     -9.162272
   3.00877     -9.161971     -9.161971
   2.95247     -9.161456     -9.161457
   2.89617     -9.160704     -9.160705
   2.83987     -9.159669     -9.159670
   2.78357     -9.158287     -9.158287
   2.72727     -9.156502     -9.156503
   2.67096     -9.154341     -9.154341
   2.61466     -9.151948     -9.151948
   2.55836     -9.149541     -9.149541
   2.50206     -9.147331     -9.147332
   2.44576     -9.145484     -9.145484
   2.38946     -9.144104     -9.144105
   2.33316     -9.143255     -9.143256
   2.27685     -9.142969     -9.142969
   2.27685     -9.142969     -9.142969
   2.22129     -9.143255     -9.143256
   2.16573     -9.144104     -9.144105
   2.11017     -9.145484     -9.145484
   2.05461     -9.147331     -9.147332
   1.99904     -9.149540     -9.149540
   1.94348     -9.151947     -9.151947
   1.88792     -9.154340     -9.154340
   1.83236     -9.156501     -9.156501
   1.77680     -9.158285     -9.158285
   1.72123     -9.159668     -9.159668
   1.66567     -9.160701     -9.160702
   1.61011     -9.161452     -9.161453
   1.55455     -9.161967     -9.161967
   1.49899     -9.162270     -9.162270
   1.44342     -9.162371     -9.162371
   1.44342     -9.162371     -9.162371
   1.38329     -9.162689     -9.162689
   1.32315     -9.163630     -9.163631
   1.26301     -9.165141     -9.165141
   1.20287     -9.167116     -9.167116
   1.14274     -9.169393     -9.169393
   1.08260     -9.171707     -9.171707
   1.02246     -9.173537     -9.173538
   0.96232     -9.173890     -9.173891
   0.96232     -9.173892     -9.173892
   0.90886     -9.172820     -9.172820
   0.85540     -9.171129     -9.171130
   0.80194     -9.169172     -9.169173
   0.74847     -9.167080     -9.167080
   0.69501     -9.164910     -9.164910
   0.64155     -9.162693     -9.162694
   0.58809     -9.160449     -9.160450
   0.53462     -9.158196     -9.158197
   0.48116     -9.155944     -9.155944
   0.42770     -9.153727     -9.153727
   0.37424     -9.151578     -9.151578
   0.32077     -9.149545     -9.149545
   0.26731     -9.147687     -9.147688
   0.21385     -9.146068     -9.146069
   0.16039     -9.144748     -9.144748
   0.10692     -9.143772     -9.143772
   0.05346     -9.143172     -9.143172
   0.00000     -9.142969     -9.142969
 
# Band-Index   13
   0.00000     -9.109395     -9.109395
   0.05346     -9.109262     -9.109262
   0.10692     -9.108902     -9.108902
   0.16039     -9.108428     -9.108428
   0.21385     -9.107981     -9.107981
   0.26731     -9.107662     -9.107662
   0.32077     -9.107478     -9.107478
   0.37424     -9.107369     -9.107369
   0.42770     -9.107241     -9.107242
   0.48116     -9.107010     -9.107010
   0.53462     -9.106607     -9.106607
   0.58809     -9.105954     -9.105954
   0.64155     -9.105030     -9.105030
   0.69501     -9.103818     -9.103818
   0.74847     -9.102334     -9.102334
   0.80194     -9.100637     -9.100638
   0.85540     -9.098869     -9.098869
   0.90886     -9.097340     -9.097340
   0.96232     -9.096701     -9.096701
   0.96232     -9.096701     -9.096701
   1.02246     -9.097798     -9.097798
   1.08260     -9.100363     -9.100363
   1.14274     -9.103511     -9.103512
   1.20287     -9.106683     -9.106683
   1.26301     -9.109512     -9.109512
   1.32315     -9.111729     -9.111730
   1.38329     -9.113140     -9.113140
   1.44342     -9.113622     -9.113622
   1.44342     -9.113622     -9.113622
   1.49899     -9.113515     -9.113515
   1.55455     -9.113202     -9.113202
   1.61011     -9.112702     -9.112702
   1.66567     -9.112057     -9.112057
   1.72123     -9.111314     -9.111314
   1.77680     -9.110530     -9.110530
   1.83236     -9.109772     -9.109772
   1.88792     -9.109112     -9.109112
   1.94348     -9.108622     -9.108622
   1.99904     -9.108368     -9.108368
   2.05461     -9.108382     -9.108383
   2.11017     -9.108630     -9.108630
   2.16573     -9.108984     -9.108984
   2.22129     -9.109281     -9.109281
   2.27685     -9.109395     -9.109395
   2.27685     -9.109395     -9.109395
   2.33316     -9.109281     -9.109281
   2.38946     -9.108984     -9.108984
   2.44576     -9.108630     -9.108630
   2.50206     -9.108383     -9.108383
   2.55836     -9.108368     -9.108368
   2.61466     -9.108622     -9.108622
   2.67096     -9.109113     -9.109113
   2.72727     -9.109773     -9.109773
   2.78357     -9.110530     -9.110530
   2.83987     -9.111314     -9.111314
   2.89617     -9.112057     -9.112057
   2.95247     -9.112702     -9.112702
   3.00877     -9.113201     -9.113201
   3.06508     -9.113515     -9.113515
   3.12138     -9.113623     -9.113623
   3.12138     -9.113623     -9.113623
   3.18152     -9.113141     -9.113141
   3.24165     -9.111731     -9.111731
   3.30179     -9.109513     -9.109513
   3.36193     -9.106684     -9.106684
   3.42207     -9.103512     -9.103512
   3.48221     -9.100364     -9.100364
   3.54234     -9.097798     -9.097798
   3.60248     -9.096701     -9.096701
   3.60248     -9.096701     -9.096701
   3.65594     -9.097341     -9.097341
   3.70941     -9.098868     -9.098868
   3.76287     -9.100638     -9.100638
   3.81633     -9.102335     -9.102335
   3.86979     -9.103818     -9.103818
   3.92325     -9.105029     -9.105030
   3.97672     -9.105953     -9.105953
   4.03018     -9.106601     -9.106601
   4.08364     -9.107011     -9.107012
   4.13710     -9.107242     -9.107243
   4.19057     -9.107369     -9.107369
   4.24403     -9.107479     -9.107479
   4.29749     -9.107662     -9.107662
   4.35095     -9.107982     -9.107982
   4.40442     -9.108428     -9.108428
   4.45788     -9.108902     -9.108902
   4.51134     -9.109262     -9.109263
   4.56480     -9.109396     -9.109396
   4.56480     -9.109396     -9.109396
   4.59892     -9.109396     -9.109396
   4.63303     -9.109395     -9.109395
   4.66714     -9.109396     -9.109397
   4.70125     -9.109395     -9.109395
   4.70125     -9.107975     -9.107975
   4.75755     -9.107938     -9.107938
   4.81385     -9.107836     -9.107836
   4.87015     -9.107686     -9.107686
   4.92645     -9.107519     -9.107519
   4.98275     -9.107369     -9.107369
   5.03904     -9.107271     -9.107271
   5.09534     -9.107261     -9.107262
   5.15164     -9.107361     -9.107361
   5.20794     -9.107576     -9.107577
   5.26424     -9.107896     -9.107896
   5.32054     -9.108285     -9.108285
   5.37683     -9.108693     -9.108693
   5.43313     -9.109055     -9.109055
   5.48943     -9.109306     -9.109306
   5.54573     -9.109395     -9.109395
   5.54573     -9.109395     -9.109395
   5.60129     -9.109306     -9.109306
   5.65685     -9.109055     -9.109055
   5.71240     -9.108693     -9.108693
   5.76796     -9.108285     -9.108285
   5.82352     -9.107896     -9.107896
   5.87908     -9.107577     -9.107577
   5.93464     -9.107361     -9.107361
   5.99020     -9.107261     -9.107262
   6.04576     -9.107271     -9.107271
   6.10131     -9.107369     -9.107369
   6.15687     -9.107519     -9.107519
   6.21243     -9.107686     -9.107686
   6.26799     -9.107837     -9.107837
   6.32355     -9.107938     -9.107938
   6.37911     -9.107974     -9.107975
 
# Band-Index   14
   6.37911     -9.106290     -9.106289
   6.32355     -9.106254     -9.106254
   6.26799     -9.106154     -9.106154
   6.21243     -9.106005     -9.106005
   6.15687     -9.105841     -9.105841
   6.10131     -9.105695     -9.105695
   6.04576     -9.105601     -9.105601
   5.99020     -9.105595     -9.105595
   5.93464     -9.105699     -9.105699
   5.87908     -9.105918     -9.105918
   5.82352     -9.106240     -9.106240
   5.76796     -9.106632     -9.106632
   5.71240     -9.107042     -9.107042
   5.65685     -9.107405     -9.107405
   5.60129     -9.107655     -9.107656
   5.54573     -9.107745     -9.107745
   5.54573     -9.107745     -9.107745
   5.48943     -9.107655     -9.107656
   5.43313     -9.107405     -9.107405
   5.37683     -9.107042     -9.107042
   5.32054     -9.106632     -9.106632
   5.26424     -9.106240     -9.106240
   5.20794     -9.105918     -9.105918
   5.15164     -9.105699     -9.105699
   5.09534     -9.105596     -9.105596
   5.03904     -9.105601     -9.105601
   4.98275     -9.105695     -9.105695
   4.92645     -9.105842     -9.105842
   4.87015     -9.106006     -9.106005
   4.81385     -9.106153     -9.106153
   4.75755     -9.106254     -9.106254
   4.70125     -9.106290     -9.106290
   4.70125     -9.107745     -9.107745
   4.66714     -9.107746     -9.107747
   4.63303     -9.107745     -9.107745
   4.59892     -9.107746     -9.107746
   4.56480     -9.107746     -9.107746
   4.56480     -9.107746     -9.107746
   4.51134     -9.107613     -9.107613
   4.45788     -9.107251     -9.107251
   4.40442     -9.106772     -9.106772
   4.35095     -9.106315     -9.106315
   4.29749     -9.105982     -9.105981
   4.24403     -9.105786     -9.105786
   4.19057     -9.105668     -9.105668
   4.13710     -9.105538     -9.105538
   4.08364     -9.105308     -9.105308
   4.03018     -9.104901     -9.104901
   3.97672     -9.104259     -9.104258
   3.92325     -9.103343     -9.103342
   3.86979     -9.102140     -9.102139
   3.81633     -9.100665     -9.100665
   3.76287     -9.098979     -9.098979
   3.70941     -9.097221     -9.097221
   3.65594     -9.095706     -9.095706
   3.60248     -9.095073     -9.095073
   3.60248     -9.095072     -9.095072
   3.54234     -9.096159     -9.096159
   3.48221     -9.098706     -9.098707
   3.42207     -9.101837     -9.101837
   3.36193     -9.104991     -9.104992
   3.30179     -9.107804     -9.107805
   3.24165     -9.110009     -9.110010
   3.18152     -9.111410     -9.111411
   3.12138     -9.111889     -9.111889
   3.12138     -9.111889     -9.111889
   3.06508     -9.111781     -9.111782
   3.00877     -9.111468     -9.111468
   2.95247     -9.110971     -9.110971
   2.89617     -9.110328     -9.110329
   2.83987     -9.109587     -9.109588
   2.78357     -9.108807     -9.108807
   2.72727     -9.108055     -9.108056
   2.67096     -9.107403     -9.107404
   2.61466     -9.106923     -9.106924
   2.55836     -9.106683     -9.106683
   2.50206     -9.106713     -9.106713
   2.44576     -9.106972     -9.106973
   2.38946     -9.107333     -9.107333
   2.33316     -9.107631     -9.107631
   2.27685     -9.107745     -9.107745
   2.27685     -9.107745     -9.107745
   2.22129     -9.107631     -9.107631
   2.16573     -9.107333     -9.107333
   2.11017     -9.106972     -9.106973
   2.05461     -9.106713     -9.106713
   1.99904     -9.106682     -9.106683
   1.94348     -9.106923     -9.106923
   1.88792     -9.107402     -9.107403
   1.83236     -9.108055     -9.108055
   1.77680     -9.108807     -9.108807
   1.72123     -9.109588     -9.109588
   1.66567     -9.110328     -9.110329
   1.61011     -9.110971     -9.110971
   1.55455     -9.111469     -9.111469
   1.49899     -9.111781     -9.111782
   1.44342     -9.111888     -9.111889
   1.44342     -9.111888     -9.111889
   1.38329     -9.111409     -9.111409
   1.32315     -9.110007     -9.110008
   1.26301     -9.107803     -9.107804
   1.20287     -9.104991     -9.104991
   1.14274     -9.101836     -9.101837
   1.08260     -9.098705     -9.098706
   1.02246     -9.096159     -9.096159
   0.96232     -9.095072     -9.095072
   0.96232     -9.095072     -9.095073
   0.90886     -9.095705     -9.095706
   0.85540     -9.097222     -9.097222
   0.80194     -9.098979     -9.098979
   0.74847     -9.100665     -9.100665
   0.69501     -9.102139     -9.102139
   0.64155     -9.103343     -9.103343
   0.58809     -9.104260     -9.104260
   0.53462     -9.104907     -9.104907
   0.48116     -9.105306     -9.105306
   0.42770     -9.105537     -9.105537
   0.37424     -9.105667     -9.105667
   0.32077     -9.105785     -9.105785
   0.26731     -9.105981     -9.105981
   0.21385     -9.106314     -9.106314
   0.16039     -9.106772     -9.106772
   0.10692     -9.107251     -9.107252
   0.05346     -9.107612     -9.107612
   0.00000     -9.107745     -9.107745
 
# Band-Index   15
   0.00000     -9.107050     -9.107050
   0.05346     -9.106916     -9.106916
   0.10692     -9.106556     -9.106556
   0.16039     -9.106077     -9.106077
   0.21385     -9.105619     -9.105619
   0.26731     -9.105286     -9.105286
   0.32077     -9.105090     -9.105090
   0.37424     -9.104972     -9.104973
   0.42770     -9.104842     -9.104842
   0.48116     -9.104611     -9.104611
   0.53462     -9.104212     -9.104212
   0.58809     -9.103565     -9.103565
   0.64155     -9.102648     -9.102648
   0.69501     -9.101444     -9.101444
   0.74847     -9.099969     -9.099969
   0.80194     -9.098283     -9.098283
   0.85540     -9.096526     -9.096526
   0.90886     -9.095009     -9.095009
   0.96232     -9.094376     -9.094376
   0.96232     -9.094376     -9.094376
   1.02246     -9.095463     -9.095463
   1.08260     -9.098010     -9.098010
   1.14274     -9.101141     -9.101141
   1.20287     -9.104296     -9.104296
   1.26301     -9.107108     -9.107108
   1.32315     -9.109312     -9.109312
   1.38329     -9.110713     -9.110713
   1.44342     -9.111193     -9.111193
   1.44342     -9.111193     -9.111193
   1.49899     -9.111086     -9.111086
   1.55455     -9.110773     -9.110773
   1.61011     -9.110275     -9.110275
   1.66567     -9.109632     -9.109632
   1.72123     -9.108892     -9.108892
   1.77680     -9.108111     -9.108112
   1.83236     -9.107360     -9.107360
   1.88792     -9.106707     -9.106707
   1.94348     -9.106228     -9.106228
   1.99904     -9.105987     -9.105987
   2.05461     -9.106018     -9.106018
   2.11017     -9.106277     -9.106277
   2.16573     -9.106637     -9.106637
   2.22129     -9.106936     -9.106936
   2.27685     -9.107050     -9.107050
   2.27685     -9.107050     -9.107050
   2.33316     -9.106936     -9.106936
   2.38946     -9.106638     -9.106637
   2.44576     -9.106277     -9.106277
   2.50206     -9.106018     -9.106018
   2.55836     -9.105988     -9.105988
   2.61466     -9.106228     -9.106228
   2.67096     -9.106708     -9.106708
   2.72727     -9.107360     -9.107360
   2.78357     -9.108112     -9.108112
   2.83987     -9.108892     -9.108892
   2.89617     -9.109633     -9.109633
   2.95247     -9.110275     -9.110275
   3.00877     -9.110772     -9.110772
   3.06508     -9.111085     -9.111086
   3.12138     -9.111193     -9.111193
   3.12138     -9.111193     -9.111193
   3.18152     -9.110714     -9.110714
   3.24165     -9.109314     -9.109314
   3.30179     -9.107109     -9.107109
   3.36193     -9.104296     -9.104296
   3.42207     -9.101142     -9.101142
   3.48221     -9.098011     -9.098011
   3.54234     -9.095463     -9.095463
   3.60248     -9.094376     -9.094376
   3.60248     -9.094376     -9.094376
   3.65594     -9.095010     -9.095010
   3.70941     -9.096525     -9.096525
   3.76287     -9.098284     -9.098284
   3.81633     -9.099970     -9.099970
   3.86979     -9.101444     -9.101444
   3.92325     -9.102647     -9.102648
   3.97672     -9.103564     -9.103564
   4.03018     -9.104206     -9.104206
   4.08364     -9.104613     -9.104613
   4.13710     -9.104843     -9.104843
   4.19057     -9.104973     -9.104973
   4.24403     -9.105091     -9.105091
   4.29749     -9.105286     -9.105286
   4.35095     -9.105620     -9.105620
   4.40442     -9.106076     -9.106076
   4.45788     -9.106556     -9.106556
   4.51134     -9.106917     -9.106917
   4.56480     -9.107051     -9.107051
   4.56480     -9.107051     -9.107051
   4.59892     -9.107050     -9.107050
   4.63303     -9.107050     -9.107050
   4.66714     -9.107051     -9.107051
   4.70125     -9.107050     -9.107050
   4.70125     -9.105596     -9.105596
   4.75755     -9.105559     -9.105560
   4.81385     -9.105458     -9.105458
   4.87015     -9.105311     -9.105311
   4.92645     -9.105147     -9.105147
   4.98275     -9.105000     -9.105000
   5.03904     -9.104906     -9.104906
   5.09534     -9.104901     -9.104901
   5.15164     -9.105004     -9.105004
   5.20794     -9.105223     -9.105223
   5.26424     -9.105545     -9.105545
   5.32054     -9.105937     -9.105937
   5.37683     -9.106347     -9.106347
   5.43313     -9.106710     -9.106710
   5.48943     -9.106960     -9.106960
   5.54573     -9.107050     -9.107050
   5.54573     -9.107050     -9.107050
   5.60129     -9.106960     -9.106960
   5.65685     -9.106710     -9.106710
   5.71240     -9.106347     -9.106347
   5.76796     -9.105937     -9.105937
   5.82352     -9.105545     -9.105545
   5.87908     -9.105223     -9.105223
   5.93464     -9.105004     -9.105004
   5.99020     -9.104901     -9.104901
   6.04576     -9.104906     -9.104906
   6.10131     -9.105000     -9.105000
   6.15687     -9.105146     -9.105146
   6.21243     -9.105311     -9.105311
   6.26799     -9.105459     -9.105459
   6.32355     -9.105560     -9.105560
   6.37911     -9.105595     -9.105596
 
# Band-Index   16
   6.37911     -9.061202     -9.061202
   6.32355     -9.061624     -9.061624
   6.26799     -9.062872     -9.062873
   6.21243     -9.064889     -9.064889
   6.15687     -9.067585     -9.067585
   6.10131     -9.070838     -9.070838
   6.04576     -9.074497     -9.074497
   5.99020     -9.078400     -9.078401
   5.93464     -9.082370     -9.082371
   5.87908     -9.086225     -9.086225
   5.82352     -9.089789     -9.089789
   5.76796     -9.092907     -9.092907
   5.71240     -9.095447     -9.095447
   5.65685     -9.097313     -9.097313
   5.60129     -9.098450     -9.098450
   5.54573     -9.098831     -9.098831
   5.54573     -9.098831     -9.098831
   5.48943     -9.098450     -9.098450
   5.43313     -9.097313     -9.097313
   5.37683     -9.095446     -9.095447
   5.32054     -9.092907     -9.092907
   5.26424     -9.089789     -9.089789
   5.20794     -9.086225     -9.086225
   5.15164     -9.082371     -9.082371
   5.09534     -9.078401     -9.078401
   5.03904     -9.074497     -9.074497
   4.98275     -9.070837     -9.070837
   4.92645     -9.067585     -9.067585
   4.87015     -9.064890     -9.064890
   4.81385     -9.062873     -9.062873
   4.75755     -9.061623     -9.061624
   4.70125     -9.061199     -9.061200
   4.70125     -9.098831     -9.098831
   4.66714     -9.098832     -9.098832
   4.63303     -9.098831     -9.098831
   4.59892     -9.098832     -9.098832
   4.56480     -9.098832     -9.098832
   4.56480     -9.098832     -9.098832
   4.51134     -9.098741     -9.098741
   4.45788     -9.098435     -9.098435
   4.40442     -9.097834     -9.097834
   4.35095     -9.096846     -9.096846
   4.29749     -9.095435     -9.095435
   4.24403     -9.093665     -9.093665
   4.19057     -9.091674     -9.091674
   4.13710     -9.089625     -9.089625
   4.08364     -9.087679     -9.087679
   4.03018     -9.085971     -9.085971
   3.97672     -9.084618     -9.084618
   3.92325     -9.083708     -9.083709
   3.86979     -9.083302     -9.083302
   3.81633     -9.083423     -9.083423
   3.76287     -9.084045     -9.084046
   3.70941     -9.085053     -9.085054
   3.65594     -9.086142     -9.086142
   3.60248     -9.086657     -9.086657
   3.60248     -9.086654     -9.086654
   3.54234     -9.085761     -9.085761
   3.48221     -9.083699     -9.083699
   3.42207     -9.081263     -9.081264
   3.36193     -9.078899     -9.078899
   3.30179     -9.076853     -9.076853
   3.24165     -9.075285     -9.075286
   3.18152     -9.074300     -9.074301
   3.12138     -9.073963     -9.073963
   3.12138     -9.073963     -9.073963
   3.06508     -9.074284     -9.074284
   3.00877     -9.075228     -9.075228
   2.95247     -9.076747     -9.076747
   2.89617     -9.078768     -9.078769
   2.83987     -9.081192     -9.081192
   2.78357     -9.083892     -9.083892
   2.72727     -9.086728     -9.086729
   2.67096     -9.089545     -9.089545
   2.61466     -9.092173     -9.092173
   2.55836     -9.094451     -9.094452
   2.50206     -9.096250     -9.096250
   2.44576     -9.097517     -9.097517
   2.38946     -9.098300     -9.098300
   2.33316     -9.098706     -9.098707
   2.27685     -9.098831     -9.098831
   2.27685     -9.098831     -9.098831
   2.22129     -9.098707     -9.098707
   2.16573     -9.098300     -9.098300
   2.11017     -9.097517     -9.097517
   2.05461     -9.096250     -9.096250
   1.99904     -9.094451     -9.094452
   1.94348     -9.092173     -9.092173
   1.88792     -9.089544     -9.089545
   1.83236     -9.086728     -9.086728
   1.77680     -9.083892     -9.083892
   1.72123     -9.081193     -9.081193
   1.66567     -9.078769     -9.078769
   1.61011     -9.076746     -9.076746
   1.55455     -9.075227     -9.075228
   1.49899     -9.074284     -9.074284
   1.44342     -9.073965     -9.073965
   1.44342     -9.073965     -9.073965
   1.38329     -9.074300     -9.074300
   1.32315     -9.075284     -9.075284
   1.26301     -9.076851     -9.076852
   1.20287     -9.078899     -9.078899
   1.14274     -9.081264     -9.081264
   1.08260     -9.083698     -9.083699
   1.02246     -9.085760     -9.085760
   0.96232     -9.086654     -9.086654
   0.96232     -9.086657     -9.086657
   0.90886     -9.086141     -9.086141
   0.85540     -9.085054     -9.085054
   0.80194     -9.084046     -9.084046
   0.74847     -9.083423     -9.083424
   0.69501     -9.083303     -9.083303
   0.64155     -9.083709     -9.083710
   0.58809     -9.084620     -9.084620
   0.53462     -9.085979     -9.085979
   0.48116     -9.087679     -9.087679
   0.42770     -9.089625     -9.089625
   0.37424     -9.091673     -9.091673
   0.32077     -9.093665     -9.093665
   0.26731     -9.095435     -9.095435
   0.21385     -9.096845     -9.096845
   0.16039     -9.097834     -9.097834
   0.10692     -9.098435     -9.098435
   0.05346     -9.098740     -9.098740
   0.00000     -9.098831     -9.098831
 
# Band-Index   17
   0.00000     -9.096934     -9.096934
   0.05346     -9.096846     -9.096846
   0.10692     -9.096553     -9.096553
   0.16039     -9.095973     -9.095973
   0.21385     -9.095013     -9.095013
   0.26731     -9.093636     -9.093636
   0.32077     -9.091898     -9.091899
   0.37424     -9.089934     -9.089935
   0.42770     -9.087908     -9.087908
   0.48116     -9.085978     -9.085978
   0.53462     -9.084290     -9.084291
   0.58809     -9.082941     -9.082941
   0.64155     -9.082037     -9.082037
   0.69501     -9.081634     -9.081635
   0.74847     -9.081756     -9.081757
   0.80194     -9.082377     -9.082378
   0.85540     -9.083380     -9.083381
   0.90886     -9.084461     -9.084461
   0.96232     -9.084973     -9.084973
   0.96232     -9.084970     -9.084970
   1.02246     -9.084086     -9.084086
   1.08260     -9.082039     -9.082039
   1.14274     -9.079617     -9.079617
   1.20287     -9.077262     -9.077262
   1.26301     -9.075221     -9.075221
   1.32315     -9.073659     -9.073658
   1.38329     -9.072678     -9.072678
   1.44342     -9.072344     -9.072344
   1.44342     -9.072344     -9.072344
   1.49899     -9.072662     -9.072661
   1.55455     -9.073602     -9.073602
   1.61011     -9.075115     -9.075115
   1.66567     -9.077129     -9.077129
   1.72123     -9.079542     -9.079542
   1.77680     -9.082226     -9.082226
   1.83236     -9.085044     -9.085044
   1.88792     -9.087837     -9.087836
   1.94348     -9.090435     -9.090435
   1.99904     -9.092678     -9.092677
   2.05461     -9.094437     -9.094437
   2.11017     -9.095668     -9.095668
   2.16573     -9.096424     -9.096424
   2.22129     -9.096815     -9.096815
   2.27685     -9.096934     -9.096934
   2.27685     -9.096934     -9.096934
   2.33316     -9.096815     -9.096815
   2.38946     -9.096424     -9.096424
   2.44576     -9.095668     -9.095668
   2.50206     -9.094437     -9.094437
   2.55836     -9.092678     -9.092677
   2.61466     -9.090435     -9.090435
   2.67096     -9.087837     -9.087836
   2.72727     -9.085044     -9.085044
   2.78357     -9.082226     -9.082226
   2.83987     -9.079541     -9.079540
   2.89617     -9.077128     -9.077128
   2.95247     -9.075116     -9.075116
   3.00877     -9.073603     -9.073602
   3.06508     -9.072662     -9.072661
   3.12138     -9.072342     -9.072341
   3.12138     -9.072342     -9.072341
   3.18152     -9.072678     -9.072678
   3.24165     -9.073660     -9.073660
   3.30179     -9.075223     -9.075223
   3.36193     -9.077261     -9.077261
   3.42207     -9.079617     -9.079616
   3.48221     -9.082040     -9.082040
   3.54234     -9.084087     -9.084086
   3.60248     -9.084970     -9.084970
   3.60248     -9.084973     -9.084973
   3.65594     -9.084461     -9.084462
   3.70941     -9.083380     -9.083381
   3.76287     -9.082377     -9.082377
   3.81633     -9.081756     -9.081756
   3.86979     -9.081633     -9.081634
   3.92325     -9.082036     -9.082036
   3.97672     -9.082939     -9.082939
   4.03018     -9.084283     -9.084283
   4.08364     -9.085978     -9.085978
   4.13710     -9.087908     -9.087908
   4.19057     -9.089935     -9.089935
   4.24403     -9.091899     -9.091899
   4.29749     -9.093636     -9.093637
   4.35095     -9.095014     -9.095014
   4.40442     -9.095972     -9.095972
   4.45788     -9.096553     -9.096553
   4.51134     -9.096847     -9.096847
   4.56480     -9.096935     -9.096935
   4.56480     -9.096935     -9.096935
   4.59892     -9.096935     -9.096935
   4.63303     -9.096934     -9.096934
   4.66714     -9.096935     -9.096935
   4.70125     -9.096934     -9.096934
   4.70125     -9.059556     -9.059556
   4.75755     -9.059978     -9.059979
   4.81385     -9.061224     -9.061225
   4.87015     -9.063235     -9.063235
   4.92645     -9.065921     -9.065922
   4.98275     -9.069161     -9.069162
   5.03904     -9.072807     -9.072807
   5.09534     -9.076692     -9.076693
   5.15164     -9.080641     -9.080641
   5.20794     -9.084469     -9.084469
   5.26424     -9.088005     -9.088005
   5.32054     -9.091091     -9.091091
   5.37683     -9.093600     -9.093600
   5.43313     -9.095440     -9.095440
   5.48943     -9.096559     -9.096559
   5.54573     -9.096934     -9.096934
   5.54573     -9.096934     -9.096934
   5.60129     -9.096559     -9.096559
   5.65685     -9.095440     -9.095440
   5.71240     -9.093600     -9.093600
   5.76796     -9.091091     -9.091091
   5.82352     -9.088005     -9.088005
   5.87908     -9.084469     -9.084469
   5.93464     -9.080640     -9.080641
   5.99020     -9.076692     -9.076692
   6.04576     -9.072807     -9.072807
   6.10131     -9.069162     -9.069163
   6.15687     -9.065921     -9.065922
   6.21243     -9.063234     -9.063234
   6.26799     -9.061224     -9.061224
   6.32355     -9.059978     -9.059979
   6.37911     -9.059558     -9.059558
 
# Band-Index   18
   6.37911     -9.058859     -9.058859
   6.32355     -9.059280     -9.059279
   6.26799     -9.060525     -9.060525
   6.21243     -9.062535     -9.062535
   6.15687     -9.065223     -9.065223
   6.10131     -9.068464     -9.068464
   6.04576     -9.072109     -9.072109
   5.99020     -9.075995     -9.075995
   5.93464     -9.079943     -9.079943
   5.87908     -9.083772     -9.083772
   5.82352     -9.087308     -9.087308
   5.76796     -9.090395     -9.090395
   5.71240     -9.092905     -9.092905
   5.65685     -9.094745     -9.094745
   5.60129     -9.095864     -9.095864
   5.54573     -9.096238     -9.096238
   5.54573     -9.096238     -9.096238
   5.48943     -9.095864     -9.095864
   5.43313     -9.094745     -9.094745
   5.37683     -9.092904     -9.092905
   5.32054     -9.090395     -9.090395
   5.26424     -9.087308     -9.087308
   5.20794     -9.083773     -9.083773
   5.15164     -9.079944     -9.079944
   5.09534     -9.075995     -9.075995
   5.03904     -9.072109     -9.072109
   4.98275     -9.068463     -9.068463
   4.92645     -9.065223     -9.065223
   4.87015     -9.062537     -9.062537
   4.81385     -9.060526     -9.060525
   4.75755     -9.059279     -9.059279
   4.70125     -9.058857     -9.058857
   4.70125     -9.096238     -9.096238
   4.66714     -9.096240     -9.096240
   4.63303     -9.096239     -9.096239
   4.59892     -9.096239     -9.096240
   4.56480     -9.096240     -9.096240
   4.56480     -9.096240     -9.096240
   4.51134     -9.096152     -9.096152
   4.45788     -9.095858     -9.095858
   4.40442     -9.095277     -9.095277
   4.35095     -9.094318     -9.094318
   4.29749     -9.092941     -9.092941
   4.24403     -9.091202     -9.091202
   4.19057     -9.089238     -9.089238
   4.13710     -9.087211     -9.087211
   4.08364     -9.085281     -9.085280
   4.03018     -9.083585     -9.083585
   3.97672     -9.082241     -9.082241
   3.92325     -9.081338     -9.081338
   3.86979     -9.080936     -9.080935
   3.81633     -9.081059     -9.081058
   3.76287     -9.081680     -9.081680
   3.70941     -9.082683     -9.082683
   3.65594     -9.083765     -9.083764
   3.60248     -9.084276     -9.084276
   3.60248     -9.084273     -9.084273
   3.54234     -9.083389     -9.083389
   3.48221     -9.081342     -9.081342
   3.42207     -9.078919     -9.078919
   3.36193     -9.076563     -9.076563
   3.30179     -9.074524     -9.074524
   3.24165     -9.072961     -9.072961
   3.18152     -9.071979     -9.071979
   3.12138     -9.071642     -9.071642
   3.12138     -9.071642     -9.071642
   3.06508     -9.071962     -9.071962
   3.00877     -9.072903     -9.072903
   2.95247     -9.074417     -9.074417
   2.89617     -9.076430     -9.076430
   2.83987     -9.078842     -9.078842
   2.78357     -9.081528     -9.081528
   2.72727     -9.084347     -9.084347
   2.67096     -9.087140     -9.087140
   2.61466     -9.089738     -9.089738
   2.55836     -9.091981     -9.091981
   2.50206     -9.093741     -9.093742
   2.44576     -9.094972     -9.094973
   2.38946     -9.095728     -9.095729
   2.33316     -9.096119     -9.096120
   2.27685     -9.096238     -9.096238
   2.27685     -9.096238     -9.096238
   2.22129     -9.096119     -9.096120
   2.16573     -9.095728     -9.095728
   2.11017     -9.094972     -9.094972
   2.05461     -9.093741     -9.093741
   1.99904     -9.091981     -9.091982
   1.94348     -9.089738     -9.089738
   1.88792     -9.087139     -9.087140
   1.83236     -9.084346     -9.084346
   1.77680     -9.081528     -9.081528
   1.72123     -9.078843     -9.078843
   1.66567     -9.076430     -9.076430
   1.61011     -9.074415     -9.074415
   1.55455     -9.072902     -9.072902
   1.49899     -9.071962     -9.071962
   1.44342     -9.071644     -9.071644
   1.44342     -9.071644     -9.071644
   1.38329     -9.071978     -9.071978
   1.32315     -9.072959     -9.072959
   1.26301     -9.074522     -9.074522
   1.20287     -9.076563     -9.076563
   1.14274     -9.078919     -9.078919
   1.08260     -9.081342     -9.081342
   1.02246     -9.083389     -9.083389
   0.96232     -9.084273     -9.084273
   0.96232     -9.084276     -9.084276
   0.90886     -9.083764     -9.083764
   0.85540     -9.082684     -9.082683
   0.80194     -9.081680     -9.081680
   0.74847     -9.081059     -9.081059
   0.69501     -9.080937     -9.080937
   0.64155     -9.081339     -9.081339
   0.58809     -9.082243     -9.082243
   0.53462     -9.083593     -9.083592
   0.48116     -9.085280     -9.085280
   0.42770     -9.087211     -9.087211
   0.37424     -9.089238     -9.089238
   0.32077     -9.091202     -9.091202
   0.26731     -9.092940     -9.092940
   0.21385     -9.094317     -9.094317
   0.16039     -9.095277     -9.095277
   0.10692     -9.095858     -9.095858
   0.05346     -9.096151     -9.096151
   0.00000     -9.096238     -9.096238
 
# Band-Index   19
   0.00000     -8.847414     -8.847414
   0.05346     -8.845693     -8.845693
   0.10692     -8.840533     -8.840533
   0.16039     -8.831952     -8.831952
   0.21385     -8.819990     -8.819990
   0.26731     -8.804742     -8.804743
   0.32077     -8.786361     -8.786362
   0.37424     -8.765093     -8.765094
   0.42770     -8.741318     -8.741318
   0.48116     -8.715543     -8.715543
   0.53462     -8.688426     -8.688426
   0.58809     -8.660761     -8.660762
   0.64155     -8.633476     -8.633477
   0.69501     -8.607524     -8.607525
   0.74847     -8.583834     -8.583835
   0.80194     -8.563201     -8.563202
   0.85540     -8.546195     -8.546196
   0.90886     -8.533142     -8.533143
   0.96232     -8.525824     -8.525826
   0.96232     -8.525823     -8.525825
   1.02246     -8.530457     -8.530458
   1.08260     -8.537632     -8.537634
   1.14274     -8.545541     -8.545542
   1.20287     -8.553230     -8.553231
   1.26301     -8.559943     -8.559945
   1.32315     -8.565115     -8.565117
   1.38329     -8.568365     -8.568367
   1.44342     -8.569473     -8.569474
   1.44342     -8.569473     -8.569474
   1.49899     -8.581371     -8.581372
   1.55455     -8.600279     -8.600280
   1.61011     -8.623632     -8.623632
   1.66567     -8.650000     -8.650000
   1.72123     -8.677938     -8.677939
   1.77680     -8.706102     -8.706103
   1.83236     -8.733334     -8.733334
   1.88792     -8.758714     -8.758714
   1.94348     -8.781554     -8.781554
   1.99904     -8.801360     -8.801360
   2.05461     -8.817813     -8.817813
   2.11017     -8.830725     -8.830725
   2.16573     -8.839988     -8.839989
   2.22129     -8.845557     -8.845557
   2.27685     -8.847414     -8.847414
   2.27685     -8.847414     -8.847414
   2.33316     -8.845325     -8.845325
   2.38946     -8.839062     -8.839062
   2.44576     -8.828647     -8.828647
   2.50206     -8.814142     -8.814142
   2.55836     -8.795680     -8.795680
   2.61466     -8.773495     -8.773495
   2.67096     -8.747968     -8.747969
   2.72727     -8.719678     -8.719678
   2.78357     -8.689417     -8.689418
   2.83987     -8.658241     -8.658241
   2.89617     -8.627540     -8.627541
   2.95247     -8.603856     -8.603858
   3.00877     -8.593104     -8.593105
   3.06508     -8.586506     -8.586507
   3.12138     -8.584253     -8.584254
   3.12138     -8.584253     -8.584254
   3.18152     -8.582925     -8.582926
   3.24165     -8.579000     -8.579001
   3.30179     -8.572676     -8.572677
   3.36193     -8.564301     -8.564302
   3.42207     -8.554401     -8.554402
   3.48221     -8.543713     -8.543714
   3.54234     -8.533216     -8.533217
   3.60248     -8.525821     -8.525823
   3.60248     -8.525822     -8.525824
   3.65594     -8.530370     -8.530372
   3.70941     -8.539190     -8.539192
   3.76287     -8.551696     -8.551698
   3.81633     -8.567747     -8.567748
   3.86979     -8.586955     -8.586956
   3.92325     -8.608694     -8.608696
   3.97672     -8.632168     -8.632169
   4.03018     -8.656511     -8.656513
   4.08364     -8.680851     -8.680852
   4.13710     -8.704380     -8.704381
   4.19057     -8.726400     -8.726401
   4.24403     -8.746346     -8.746347
   4.29749     -8.763771     -8.763772
   4.35095     -8.778354     -8.778355
   4.40442     -8.789869     -8.789870
   4.45788     -8.798177     -8.798178
   4.51134     -8.803192     -8.803193
   4.56480     -8.804868     -8.804869
   4.56480     -8.804868     -8.804869
   4.59892     -8.820522     -8.820522
   4.63303     -8.834858     -8.834859
   4.66714     -8.844186     -8.844187
   4.70125     -8.847414     -8.847414
   4.70125     -8.581779     -8.581780
   4.75755     -8.585777     -8.585778
   4.81385     -8.597405     -8.597406
   4.87015     -8.615622     -8.615623
   4.92645     -8.638914     -8.638915
   4.98275     -8.665552     -8.665553
   5.03904     -8.693810     -8.693811
   5.09534     -8.722126     -8.722127
   5.15164     -8.749199     -8.749200
   5.20794     -8.774020     -8.774020
   5.26424     -8.795836     -8.795836
   5.32054     -8.814138     -8.814138
   5.37683     -8.828602     -8.828602
   5.43313     -8.839028     -8.839028
   5.48943     -8.845315     -8.845315
   5.54573     -8.847414     -8.847414
   5.54573     -8.847414     -8.847414
   5.60129     -8.845546     -8.845547
   5.65685     -8.839945     -8.839945
   5.71240     -8.830623     -8.830623
   5.76796     -8.817623     -8.817624
   5.82352     -8.801050     -8.801050
   5.87908     -8.781088     -8.781088
   5.93464     -8.758054     -8.758054
   5.99020     -8.732444     -8.732444
   6.04576     -8.704952     -8.704952
   6.10131     -8.676507     -8.676507
   6.15687     -8.648284     -8.648285
   6.21243     -8.621651     -8.621652
   6.26799     -8.598079     -8.598080
   6.32355     -8.579024     -8.579025
   6.37911     -8.567074     -8.567076
 
# Band-Index   20
   6.37911     -8.563780     -8.563781
   6.32355     -8.558237     -8.558238
   6.26799     -8.557858     -8.557859
   6.21243     -8.563679     -8.563680
   6.15687     -8.574862     -8.574863
   6.10131     -8.590198     -8.590199
   6.04576     -8.608318     -8.608319
   5.99020     -8.627853     -8.627854
   5.93464     -8.647556     -8.647557
   5.87908     -8.666367     -8.666368
   5.82352     -8.683444     -8.683445
   5.76796     -8.698150     -8.698151
   5.71240     -8.710022     -8.710024
   5.65685     -8.718719     -8.718721
   5.60129     -8.724011     -8.724012
   5.54573     -8.725785     -8.725787
   5.54573     -8.725785     -8.725787
   5.48943     -8.728152     -8.728152
   5.43313     -8.727332     -8.727332
   5.37683     -8.723206     -8.723207
   5.32054     -8.715858     -8.715859
   5.26424     -8.705431     -8.705431
   5.20794     -8.692136     -8.692136
   5.15164     -8.676271     -8.676272
   5.09534     -8.658234     -8.658234
   5.03904     -8.638550     -8.638551
   4.98275     -8.617895     -8.617896
   4.92645     -8.597104     -8.597105
   4.87015     -8.577174     -8.577175
   4.81385     -8.559247     -8.559248
   4.75755     -8.544528     -8.544529
   4.70125     -8.534705     -8.534706
   4.70125     -8.725785     -8.725787
   4.66714     -8.742738     -8.742739
   4.63303     -8.761989     -8.761990
   4.59892     -8.782220     -8.782221
   4.56480     -8.799824     -8.799824
   4.56480     -8.799824     -8.799824
   4.51134     -8.798153     -8.798154
   4.45788     -8.793156     -8.793156
   4.40442     -8.784879     -8.784879
   4.35095     -8.773408     -8.773408
   4.29749     -8.758886     -8.758886
   4.24403     -8.741541     -8.741541
   4.19057     -8.721696     -8.721696
   4.13710     -8.699800     -8.699800
   4.08364     -8.676420     -8.676421
   4.03018     -8.652254     -8.652254
   3.97672     -8.628109     -8.628109
   3.92325     -8.604853     -8.604854
   3.86979     -8.583348     -8.583348
   3.81633     -8.564380     -8.564381
   3.76287     -8.548566     -8.548567
   3.70941     -8.536275     -8.536276
   3.65594     -8.527601     -8.527602
   3.60248     -8.522734     -8.522736
   3.60248     -8.522733     -8.522735
   3.54234     -8.521898     -8.521899
   3.48221     -8.522345     -8.522346
   3.42207     -8.524675     -8.524677
   3.36193     -8.527982     -8.527984
   3.30179     -8.531435     -8.531437
   3.24165     -8.534369     -8.534371
   3.18152     -8.536314     -8.536316
   3.12138     -8.536993     -8.536995
   3.12138     -8.536993     -8.536995
   3.06508     -8.551297     -8.551298
   3.00877     -8.572175     -8.572176
   2.95247     -8.597485     -8.597485
   2.89617     -8.616172     -8.616173
   2.83987     -8.631665     -8.631666
   2.78357     -8.648063     -8.648063
   2.72727     -8.664534     -8.664534
   2.67096     -8.680253     -8.680254
   2.61466     -8.694512     -8.694513
   2.55836     -8.706744     -8.706745
   2.50206     -8.716509     -8.716510
   2.44576     -8.723478     -8.723478
   2.38946     -8.727414     -8.727415
   2.33316     -8.728162     -8.728163
   2.27685     -8.725785     -8.725787
   2.27685     -8.725785     -8.725787
   2.22129     -8.724019     -8.724021
   2.16573     -8.718756     -8.718758
   2.11017     -8.710114     -8.710115
   2.05461     -8.698327     -8.698329
   1.99904     -8.683739     -8.683740
   1.94348     -8.666815     -8.666816
   1.88792     -8.648197     -8.648198
   1.83236     -8.628727     -8.628728
   1.77680     -8.609459     -8.609460
   1.72123     -8.591629     -8.591630
   1.66567     -8.576586     -8.576587
   1.61011     -8.565674     -8.565675
   1.55455     -8.560074     -8.560075
   1.49899     -8.560595     -8.560596
   1.44342     -8.566189     -8.566189
   1.44342     -8.566189     -8.566189
   1.38329     -8.565088     -8.565089
   1.32315     -8.561861     -8.561862
   1.26301     -8.556732     -8.556733
   1.20287     -8.550087     -8.550087
   1.14274     -8.542495     -8.542496
   1.08260     -8.534713     -8.534714
   1.02246     -8.527661     -8.527662
   0.96232     -8.522732     -8.522734
   0.96232     -8.522733     -8.522735
   0.90886     -8.521866     -8.521868
   0.85540     -8.522180     -8.522181
   0.80194     -8.525750     -8.525752
   0.74847     -8.532902     -8.532904
   0.69501     -8.543626     -8.543628
   0.64155     -8.557617     -8.557618
   0.58809     -8.574314     -8.574316
   0.53462     -8.592973     -8.592975
   0.48116     -8.612735     -8.612737
   0.42770     -8.632737     -8.632739
   0.37424     -8.652149     -8.652151
   0.32077     -8.670246     -8.670248
   0.26731     -8.686421     -8.686422
   0.21385     -8.700200     -8.700201
   0.16039     -8.711231     -8.711232
   0.10692     -8.719267     -8.719269
   0.05346     -8.724149     -8.724150
   0.00000     -8.725785     -8.725787
 
# Band-Index   21
   0.00000     -8.725461     -8.725461
   0.05346     -8.723824     -8.723824
   0.10692     -8.718942     -8.718943
   0.16039     -8.710906     -8.710907
   0.21385     -8.699877     -8.699877
   0.26731     -8.686099     -8.686100
   0.32077     -8.669925     -8.669926
   0.37424     -8.651824     -8.651825
   0.42770     -8.632393     -8.632393
   0.48116     -8.612342     -8.612342
   0.53462     -8.592488     -8.592488
   0.58809     -8.573690     -8.573690
   0.64155     -8.556808     -8.556809
   0.69501     -8.542596     -8.542597
   0.74847     -8.531626     -8.531626
   0.80194     -8.524217     -8.524218
   0.85540     -8.520405     -8.520405
   0.90886     -8.519935     -8.519935
   0.96232     -8.522066     -8.522065
   0.96232     -8.522065     -8.522064
   1.02246     -8.516932     -8.516933
   1.08260     -8.514185     -8.514186
   1.14274     -8.513980     -8.513981
   1.20287     -8.515349     -8.515350
   1.26301     -8.517397     -8.517399
   1.32315     -8.519389     -8.519390
   1.38329     -8.520796     -8.520797
   1.44342     -8.521301     -8.521303
   1.44342     -8.521301     -8.521303
   1.49899     -8.524085     -8.524086
   1.55455     -8.532227     -8.532228
   1.61011     -8.545134     -8.545136
   1.66567     -8.561910     -8.561911
   1.72123     -8.581463     -8.581464
   1.77680     -8.602636     -8.602637
   1.83236     -8.624301     -8.624302
   1.88792     -8.645436     -8.645437
   1.94348     -8.665168     -8.665169
   1.99904     -8.682801     -8.682801
   2.05461     -8.697792     -8.697792
   2.11017     -8.709747     -8.709748
   2.16573     -8.718428     -8.718429
   2.22129     -8.723695     -8.723695
   2.27685     -8.725461     -8.725461
   2.27685     -8.725461     -8.725461
   2.33316     -8.719768     -8.719769
   2.38946     -8.710633     -8.710634
   2.44576     -8.698327     -8.698328
   2.50206     -8.683053     -8.683054
   2.55836     -8.665151     -8.665152
   2.61466     -8.645122     -8.645123
   2.67096     -8.623658     -8.623659
   2.72727     -8.601661     -8.601662
   2.78357     -8.580253     -8.580254
   2.83987     -8.560731     -8.560732
   2.89617     -8.544493     -8.544494
   2.95247     -8.532929     -8.532930
   3.00877     -8.527244     -8.527245
   3.06508     -8.528273     -8.528274
   3.12138     -8.535770     -8.535771
   3.12138     -8.535770     -8.535771
   3.18152     -8.535065     -8.535065
   3.24165     -8.533046     -8.533046
   3.30179     -8.530001     -8.530001
   3.36193     -8.526413     -8.526414
   3.42207     -8.522958     -8.522958
   3.48221     -8.520479     -8.520480
   3.54234     -8.519934     -8.519935
   3.60248     -8.522060     -8.522060
   3.60248     -8.522062     -8.522061
   3.65594     -8.516967     -8.516968
   3.70941     -8.513304     -8.513305
   3.76287     -8.512877     -8.512878
   3.81633     -8.516158     -8.516159
   3.86979     -8.523293     -8.523294
   3.92325     -8.534102     -8.534104
   3.97672     -8.548105     -8.548107
   4.03018     -8.564580     -8.564581
   4.08364     -8.582659     -8.582660
   4.13710     -8.601420     -8.601421
   4.19057     -8.619972     -8.619973
   4.24403     -8.637510     -8.637511
   4.29749     -8.653352     -8.653353
   4.35095     -8.666962     -8.666963
   4.40442     -8.677922     -8.677923
   4.45788     -8.685940     -8.685941
   4.51134     -8.690824     -8.690825
   4.56480     -8.692463     -8.692464
   4.56480     -8.692463     -8.692464
   4.59892     -8.694630     -8.694631
   4.63303     -8.701057     -8.701058
   4.66714     -8.711528     -8.711529
   4.70125     -8.725461     -8.725461
   4.70125     -8.533495     -8.533495
   4.75755     -8.528895     -8.528896
   4.81385     -8.529456     -8.529457
   4.87015     -8.535748     -8.535749
   4.92645     -8.547287     -8.547289
   4.98275     -8.563157     -8.563158
   5.03904     -8.582178     -8.582179
   5.09534     -8.603076     -8.603077
   5.15164     -8.624623     -8.624624
   5.20794     -8.645725     -8.645726
   5.26424     -8.665486     -8.665487
   5.32054     -8.683207     -8.683208
   5.37683     -8.698375     -8.698376
   5.43313     -8.710635     -8.710636
   5.48943     -8.719761     -8.719762
   5.54573     -8.725461     -8.725461
   5.54573     -8.725461     -8.725461
   5.60129     -8.723686     -8.723686
   5.65685     -8.718394     -8.718394
   5.71240     -8.709668     -8.709668
   5.76796     -8.697645     -8.697645
   5.82352     -8.682553     -8.682554
   5.87908     -8.664782     -8.664783
   5.93464     -8.644872     -8.644873
   5.99020     -8.623520     -8.623521
   6.04576     -8.601604     -8.601605
   6.10131     -8.580159     -8.580160
   6.15687     -8.560330     -8.560331
   6.21243     -8.543298     -8.543299
   6.26799     -8.530182     -8.530183
   6.32355     -8.521903     -8.521904
   6.37911     -8.519071     -8.519072
 
# Band-Index   22
   6.37911     -4.027751     -4.027748
   6.32355     -4.058377     -4.058374
   6.26799     -4.124128     -4.124125
   6.21243     -4.221328     -4.221324
   6.15687     -4.338862     -4.338858
   6.10131     -4.465785     -4.465782
   6.04576     -4.593972     -4.593968
   5.99020     -4.717698     -4.717694
   5.93464     -4.832932     -4.832928
   5.87908     -4.936815     -4.936810
   5.82352     -5.027302     -5.027298
   5.76796     -5.102930     -5.102926
   5.71240     -5.162665     -5.162660
   5.65685     -5.205789     -5.205784
   5.60129     -5.231837     -5.231832
   5.54573     -5.240551     -5.240546
   5.54573     -5.240551     -5.240546
   5.48943     -5.231095     -5.231090
   5.43313     -5.202850     -5.202846
   5.37683     -5.156176     -5.156171
   5.32054     -5.091713     -5.091708
   5.26424     -5.010435     -5.010430
   5.20794     -4.913764     -4.913759
   5.15164     -4.803683     -4.803679
   5.09534     -4.682945     -4.682941
   5.03904     -4.555310     -4.555306
   4.98275     -4.425836     -4.425832
   4.92645     -4.301143     -4.301140
   4.87015     -4.189461     -4.189459
   4.81385     -4.100099     -4.100096
   4.75755     -4.042055     -4.042052
   4.70125     -4.021917     -4.021914
   4.70125     -5.240551     -5.240546
   4.66714     -5.230052     -5.230047
   4.63303     -5.198674     -5.198669
   4.59892     -5.146886     -5.146882
   4.56480     -5.082774     -5.082769
   4.56480     -5.082774     -5.082769
   4.51134     -5.075046     -5.075041
   4.45788     -5.051960     -5.051955
   4.40442     -5.013814     -5.013809
   4.35095     -4.961134     -4.961130
   4.29749     -4.894680     -4.894676
   4.24403     -4.815503     -4.815499
   4.19057     -4.724978     -4.724974
   4.13710     -4.624870     -4.624866
   4.08364     -4.517416     -4.517412
   4.03018     -4.405379     -4.405375
   3.97672     -4.292128     -4.292124
   3.92325     -4.181639     -4.181635
   3.86979     -4.078423     -4.078420
   3.81633     -3.987192     -3.987189
   3.76287     -3.912094     -3.912091
   3.70941     -3.855748     -3.855745
   3.65594     -3.819097     -3.819094
   3.60248     -3.803868     -3.803866
   3.60248     -3.803868     -3.803866
   3.54234     -3.823261     -3.823258
   3.48221     -3.860428     -3.860425
   3.42207     -3.903323     -3.903321
   3.36193     -3.945484     -3.945481
   3.30179     -3.982257     -3.982254
   3.24165     -4.010489     -4.010487
   3.18152     -4.028173     -4.028171
   3.12138     -4.034186     -4.034183
   3.12138     -4.034186     -4.034183
   3.06508     -4.049154     -4.049151
   3.00877     -4.090343     -4.090341
   2.95247     -4.162481     -4.162479
   2.89617     -4.279641     -4.279638
   2.83987     -4.410096     -4.410093
   2.78357     -4.543847     -4.543844
   2.72727     -4.674445     -4.674442
   2.67096     -4.797285     -4.797281
   2.61466     -4.908976     -4.908972
   2.55836     -5.006978     -5.006974
   2.50206     -5.089398     -5.089393
   2.44576     -5.154818     -5.154813
   2.38946     -5.202226     -5.202222
   2.33316     -5.230935     -5.230931
   2.27685     -5.240551     -5.240546
   2.27685     -5.240551     -5.240546
   2.22129     -5.231680     -5.231675
   2.16573     -5.205179     -5.205174
   2.11017     -5.161364     -5.161360
   2.05461     -5.100793     -5.100789
   1.99904     -5.024309     -5.024304
   1.94348     -4.933103     -4.933098
   1.88792     -4.828823     -4.828819
   1.83236     -4.713712     -4.713708
   1.77680     -4.590830     -4.590826
   1.72123     -4.464383     -4.464380
   1.66567     -4.340201     -4.340198
   1.61011     -4.226355     -4.226352
   1.55455     -4.133383     -4.133380
   1.49899     -4.071340     -4.071338
   1.44342     -4.042359     -4.042357
   1.44342     -4.042359     -4.042357
   1.38329     -4.036103     -4.036101
   1.32315     -4.017726     -4.017724
   1.26301     -3.988469     -3.988467
   1.20287     -3.950590     -3.950588
   1.14274     -3.907611     -3.907609
   1.08260     -3.864490     -3.864488
   1.02246     -3.827668     -3.827666
   0.96232     -3.806197     -3.806196
   0.96232     -3.806197     -3.806195
   0.90886     -3.835614     -3.835612
   0.85540     -3.887196     -3.887194
   0.80194     -3.955639     -3.955636
   0.74847     -4.042089     -4.042086
   0.69501     -4.145297     -4.145294
   0.64155     -4.261128     -4.261125
   0.58809     -4.384227     -4.384223
   0.53462     -4.509451     -4.509447
   0.48116     -4.632323     -4.632319
   0.42770     -4.749363     -4.749359
   0.37424     -4.857723     -4.857719
   0.32077     -4.955202     -4.955198
   0.26731     -5.040101     -5.040097
   0.21385     -5.111106     -5.111101
   0.16039     -5.167247     -5.167242
   0.10692     -5.207818     -5.207813
   0.05346     -5.232343     -5.232338
   0.00000     -5.240551     -5.240546
 
# Band-Index   23
   0.00000     -4.620417     -4.620414
   0.05346     -4.614145     -4.614142
   0.10692     -4.595483     -4.595480
   0.16039     -4.564856     -4.564853
   0.21385     -4.522992     -4.522989
   0.26731     -4.470952     -4.470949
   0.32077     -4.410143     -4.410140
   0.37424     -4.342360     -4.342357
   0.42770     -4.269764     -4.269762
   0.48116     -4.194846     -4.194843
   0.53462     -4.120359     -4.120356
   0.58809     -4.049015     -4.049012
   0.64155     -3.983748     -3.983745
   0.69501     -3.926215     -3.926212
   0.74847     -3.877001     -3.876998
   0.80194     -3.837434     -3.837431
   0.85540     -3.810119     -3.810116
   0.90886     -3.798047     -3.798045
   0.96232     -3.797088     -3.797085
   0.96232     -3.797088     -3.797086
   1.02246     -3.818920     -3.818919
   1.08260     -3.857369     -3.857368
   1.14274     -3.901864     -3.901862
   1.20287     -3.945854     -3.945852
   1.26301     -3.984408     -3.984406
   1.32315     -4.014100     -4.014098
   1.38329     -4.032734     -4.032732
   1.44342     -4.039078     -4.039076
   1.44342     -4.039078     -4.039076
   1.49899     -4.030363     -4.030361
   1.55455     -4.031092     -4.031090
   1.61011     -4.043375     -4.043372
   1.66567     -4.072020     -4.072018
   1.72123     -4.118504     -4.118502
   1.77680     -4.179683     -4.179680
   1.83236     -4.250304     -4.250301
   1.88792     -4.323990     -4.323988
   1.94348     -4.394994     -4.394991
   1.99904     -4.459630     -4.459627
   2.05461     -4.515385     -4.515382
   2.11017     -4.560436     -4.560433
   2.16573     -4.593478     -4.593475
   2.22129     -4.613638     -4.613635
   2.27685     -4.620417     -4.620414
   2.27685     -4.620417     -4.620414
   2.33316     -4.644446     -4.644443
   2.38946     -4.659950     -4.659946
   2.44576     -4.660411     -4.660407
   2.50206     -4.645641     -4.645637
   2.55836     -4.616015     -4.616011
   2.61466     -4.572411     -4.572407
   2.67096     -4.516253     -4.516250
   2.72727     -4.449627     -4.449623
   2.78357     -4.375372     -4.375369
   2.83987     -4.297177     -4.297174
   2.89617     -4.219546     -4.219543
   2.95247     -4.146737     -4.146734
   3.00877     -4.064243     -4.064241
   3.06508     -4.001887     -4.001885
   3.12138     -3.972105     -3.972103
   3.12138     -3.972105     -3.972103
   3.18152     -3.966245     -3.966243
   3.24165     -3.949167     -3.949166
   3.30179     -3.922442     -3.922440
   3.36193     -3.888948     -3.888947
   3.42207     -3.853183     -3.853182
   3.48221     -3.821415     -3.821414
   3.54234     -3.800927     -3.800925
   3.60248     -3.794329     -3.794326
   3.60248     -3.794329     -3.794326
   3.65594     -3.809613     -3.809611
   3.70941     -3.845614     -3.845613
   3.76287     -3.901324     -3.901322
   3.81633     -3.975889     -3.975887
   3.86979     -4.066602     -4.066600
   3.92325     -4.169247     -4.169244
   3.97672     -4.279110     -4.279107
   4.03018     -4.391727     -4.391724
   4.08364     -4.503165     -4.503161
   4.13710     -4.610089     -4.610085
   4.19057     -4.709746     -4.709742
   4.24403     -4.799900     -4.799896
   4.29749     -4.878781     -4.878776
   4.35095     -4.945005     -4.945001
   4.40442     -4.997513     -4.997509
   4.45788     -5.035542     -5.035537
   4.51134     -5.058559     -5.058555
   4.56480     -5.066265     -5.066260
   4.56480     -5.066265     -5.066260
   4.59892     -4.983138     -4.983134
   4.63303     -4.874712     -4.874707
   4.66714     -4.750442     -4.750438
   4.70125     -4.620417     -4.620414
   4.70125     -3.958333     -3.958330
   4.75755     -3.973985     -3.973981
   4.81385     -4.020463     -4.020458
   4.87015     -4.093934     -4.093929
   4.92645     -4.182584     -4.182579
   4.98275     -4.275421     -4.275417
   5.03904     -4.365044     -4.365040
   5.09534     -4.446765     -4.446761
   5.15164     -4.517578     -4.517574
   5.20794     -4.575527     -4.575523
   5.26424     -4.619367     -4.619363
   5.32054     -4.648357     -4.648353
   5.37683     -4.662158     -4.662154
   5.43313     -4.660778     -4.660774
   5.48943     -4.644651     -4.644648
   5.54573     -4.620417     -4.620414
   5.54573     -4.620417     -4.620414
   5.60129     -4.613859     -4.613856
   5.65685     -4.594333     -4.594330
   5.71240     -4.562246     -4.562243
   5.76796     -4.518330     -4.518327
   5.82352     -4.463698     -4.463695
   5.87908     -4.399943     -4.399940
   5.93464     -4.329307     -4.329304
   5.99020     -4.255123     -4.255120
   6.04576     -4.182756     -4.182753
   6.10131     -4.118632     -4.118629
   6.15687     -4.068241     -4.068239
   6.21243     -4.035293     -4.035291
   6.26799     -4.019235     -4.019233
   6.32355     -4.016077     -4.016074
   6.37911     -4.024106     -4.024103
 
# Band-Index   24
   6.37911     -3.872326     -3.872320
   6.32355     -3.884044     -3.884038
   6.26799     -3.916587     -3.916581
   6.21243     -3.965177     -3.965172
   6.15687     -4.025942     -4.025937
   6.10131     -4.095501     -4.095496
   6.04576     -4.169992     -4.169988
   5.99020     -4.245312     -4.245308
   5.93464     -4.318785     -4.318781
   5.87908     -4.388172     -4.388168
   5.82352     -4.450896     -4.450892
   5.76796     -4.504752     -4.504748
   5.71240     -4.548103     -4.548099
   5.65685     -4.579805     -4.579801
   5.60129     -4.599107     -4.599103
   5.54573     -4.605592     -4.605587
   5.54573     -4.605592     -4.605587
   5.48943     -4.567739     -4.567735
   5.43313     -4.511133     -4.511129
   5.37683     -4.443501     -4.443498
   5.32054     -4.367243     -4.367240
   5.26424     -4.285404     -4.285401
   5.20794     -4.202042     -4.202039
   5.15164     -4.122437     -4.122435
   5.09534     -4.052997     -4.052994
   5.03904     -4.000179     -4.000176
   4.98275     -3.967926     -3.967923
   4.92645     -3.954613     -3.954611
   4.87015     -3.952881     -3.952878
   4.81385     -3.953887     -3.953883
   4.75755     -3.952956     -3.952952
   4.70125     -3.952430     -3.952425
   4.70125     -4.605592     -4.605587
   4.66714     -4.467730     -4.467727
   4.63303     -4.324827     -4.324824
   4.59892     -4.206194     -4.206190
   4.56480     -4.155831     -4.155828
   4.56480     -4.155831     -4.155828
   4.51134     -4.151862     -4.151859
   4.45788     -4.140155     -4.140153
   4.40442     -4.121355     -4.121352
   4.35095     -4.096533     -4.096530
   4.29749     -4.067165     -4.067162
   4.24403     -4.035090     -4.035087
   4.19057     -4.002365     -4.002362
   4.13710     -3.971016     -3.971013
   4.08364     -3.942657     -3.942655
   4.03018     -3.918005     -3.918003
   3.97672     -3.896557     -3.896555
   3.92325     -3.876698     -3.876695
   3.86979     -3.856486     -3.856484
   3.81633     -3.834967     -3.834965
   3.76287     -3.813496     -3.813493
   3.70941     -3.796257     -3.796255
   3.65594     -3.788870     -3.788868
   3.60248     -3.792212     -3.792212
   3.60248     -3.792213     -3.792213
   3.54234     -3.795445     -3.795444
   3.48221     -3.816236     -3.816236
   3.42207     -3.848069     -3.848068
   3.36193     -3.883592     -3.883591
   3.30179     -3.916764     -3.916763
   3.24165     -3.943231     -3.943229
   3.18152     -3.960155     -3.960154
   3.12138     -3.965965     -3.965964
   3.12138     -3.965965     -3.965964
   3.06508     -3.953342     -3.953341
   3.00877     -3.944203     -3.944202
   2.95247     -3.938849     -3.938848
   2.89617     -3.941568     -3.941566
   2.83987     -3.958687     -3.958685
   2.78357     -3.994510     -3.994508
   2.72727     -4.049191     -4.049188
   2.67096     -4.119142     -4.119139
   2.61466     -4.198820     -4.198817
   2.55836     -4.282433     -4.282430
   2.50206     -4.364839     -4.364836
   2.44576     -4.441882     -4.441878
   2.38946     -4.510307     -4.510303
   2.33316     -4.567507     -4.567503
   2.27685     -4.605592     -4.605587
   2.27685     -4.605592     -4.605587
   2.22129     -4.598886     -4.598881
   2.16573     -4.578950     -4.578946
   2.11017     -4.546292     -4.546288
   2.05461     -4.501808     -4.501804
   1.99904     -4.446839     -4.446835
   1.94348     -4.383259     -4.383255
   1.88792     -4.313518     -4.313514
   1.83236     -4.240343     -4.240340
   1.77680     -4.166009     -4.166006
   1.72123     -4.093406     -4.093404
   1.66567     -4.026598     -4.026596
   1.61011     -3.969074     -3.969072
   1.55455     -3.923663     -3.923661
   1.49899     -3.893549     -3.893548
   1.44342     -3.882768     -3.882766
   1.44342     -3.882768     -3.882766
   1.38329     -3.877687     -3.877685
   1.32315     -3.863096     -3.863095
   1.26301     -3.841041     -3.841040
   1.20287     -3.815200     -3.815199
   1.14274     -3.791123     -3.791122
   1.08260     -3.775968     -3.775967
   1.02246     -3.776845     -3.776845
   0.96232     -3.792864     -3.792864
   0.96232     -3.792864     -3.792863
   0.90886     -3.787906     -3.787904
   0.85540     -3.799731     -3.799730
   0.80194     -3.827836     -3.827835
   0.74847     -3.869072     -3.869070
   0.69501     -3.920443     -3.920442
   0.64155     -3.979776     -3.979774
   0.58809     -4.045049     -4.045046
   0.53462     -4.114757     -4.114754
   0.48116     -4.187285     -4.187282
   0.42770     -4.260425     -4.260421
   0.37424     -4.331532     -4.331528
   0.32077     -4.398120     -4.398116
   0.26731     -4.457992     -4.457988
   0.21385     -4.509320     -4.509315
   0.16039     -4.550662     -4.550657
   0.10692     -4.580932     -4.580928
   0.05346     -4.599387     -4.599383
   0.00000     -4.605592     -4.605587
 
# Band-Index   25
   0.00000     -2.768935     -2.768934
   0.05346     -2.766450     -2.766448
   0.10692     -2.759411     -2.759410
   0.16039     -2.749131     -2.749129
   0.21385     -2.738088     -2.738086
   0.26731     -2.730469     -2.730467
   0.32077     -2.732903     -2.732901
   0.37424     -2.754318     -2.754316
   0.42770     -2.802595     -2.802594
   0.48116     -2.877360     -2.877360
   0.53462     -2.967096     -2.967095
   0.58809     -3.056441     -3.056441
   0.64155     -3.133647     -3.133646
   0.69501     -3.193032     -3.193030
   0.74847     -3.241600     -3.241599
   0.80194     -3.261269     -3.261268
   0.85540     -3.248308     -3.248307
   0.90886     -3.209672     -3.209670
   0.96232     -3.164891     -3.164889
   0.96232     -3.164892     -3.164890
   1.02246     -3.227488     -3.227487
   1.08260     -3.310595     -3.310595
   1.14274     -3.385667     -3.385667
   1.20287     -3.448676     -3.448676
   1.26301     -3.498323     -3.498323
   1.32315     -3.533958     -3.533958
   1.38329     -3.555310     -3.555310
   1.44342     -3.562402     -3.562402
   1.44342     -3.562402     -3.562402
   1.49899     -3.551189     -3.551189
   1.55455     -3.501159     -3.501158
   1.61011     -3.433746     -3.433745
   1.66567     -3.345254     -3.345254
   1.72123     -3.230607     -3.230607
   1.77680     -3.098070     -3.098070
   1.83236     -2.964975     -2.964975
   1.88792     -2.854622     -2.854621
   1.94348     -2.784272     -2.784272
   1.99904     -2.752292     -2.752291
   2.05461     -2.745007     -2.745006
   2.11017     -2.749882     -2.749880
   2.16573     -2.758878     -2.758877
   2.22129     -2.766250     -2.766249
   2.27685     -2.768935     -2.768934
   2.27685     -2.768935     -2.768934
   2.33316     -2.820809     -2.820807
   2.38946     -2.867832     -2.867830
   2.44576     -2.905529     -2.905527
   2.50206     -2.933049     -2.933047
   2.55836     -2.949974     -2.949972
   2.61466     -2.956313     -2.956311
   2.67096     -2.952684     -2.952681
   2.72727     -2.940884     -2.940882
   2.78357     -3.064496     -3.064497
   2.83987     -3.246284     -3.246284
   2.89617     -3.408141     -3.408141
   2.95247     -3.542450     -3.542451
   3.00877     -3.644097     -3.644097
   3.06508     -3.708738     -3.708738
   3.12138     -3.731316     -3.731316
   3.12138     -3.731316     -3.731316
   3.18152     -3.722681     -3.722681
   3.24165     -3.696859     -3.696860
   3.30179     -3.654101     -3.654101
   3.36193     -3.594818     -3.594819
   3.42207     -3.519626     -3.519627
   3.48221     -3.429399     -3.429400
   3.54234     -3.325456     -3.325457
   3.60248     -3.231695     -3.231695
   3.60248     -3.231694     -3.231695
   3.65594     -3.280472     -3.280472
   3.70941     -3.313702     -3.313703
   3.76287     -3.321106     -3.321107
   3.81633     -3.297061     -3.297062
   3.86979     -3.239189     -3.239190
   3.92325     -3.147890     -3.147891
   3.97672     -3.025600     -3.025600
   4.03018     -2.979479     -2.979475
   4.08364     -3.026587     -3.026583
   4.13710     -3.081949     -3.081946
   4.19057     -3.140249     -3.140246
   4.24403     -3.197258     -3.197255
   4.29749     -3.249763     -3.249761
   4.35095     -3.295411     -3.295408
   4.40442     -3.332485     -3.332483
   4.45788     -3.359766     -3.359763
   4.51134     -3.376445     -3.376442
   4.56480     -3.382053     -3.382051
   4.56480     -3.382053     -3.382051
   4.59892     -3.321427     -3.321424
   4.63303     -3.172216     -3.172214
   4.66714     -2.979161     -2.979159
   4.70125     -2.768935     -2.768934
   4.70125     -3.709348     -3.709346
   4.75755     -3.685910     -3.685909
   4.81385     -3.616256     -3.616254
   4.87015     -3.502412     -3.502411
   4.92645     -3.347711     -3.347710
   4.98275     -3.157026     -3.157025
   5.03904     -3.080998     -3.080995
   5.09534     -3.060911     -3.060908
   5.15164     -3.037873     -3.037869
   5.20794     -3.012625     -3.012622
   5.26424     -2.984503     -2.984500
   5.32054     -2.952236     -2.952233
   5.37683     -2.914681     -2.914678
   5.43313     -2.871137     -2.871134
   5.48943     -2.821420     -2.821417
   5.54573     -2.768935     -2.768934
   5.54573     -2.768935     -2.768934
   5.60129     -2.766647     -2.766646
   5.65685     -2.760352     -2.760351
   5.71240     -2.752747     -2.752746
   5.76796     -2.749184     -2.749181
   5.82352     -2.756911     -2.756908
   5.87908     -2.787203     -2.787200
   5.93464     -2.852932     -2.852929
   5.99020     -2.957147     -2.957144
   6.04576     -3.085178     -3.085176
   6.10131     -3.214811     -3.214809
   6.15687     -3.328417     -3.328415
   6.21243     -3.416979     -3.416978
   6.26799     -3.484496     -3.484496
   6.32355     -3.535386     -3.535386
   6.37911     -3.547114     -3.547114
 
# Band-Index   26
   6.37911     -3.537217     -3.537215
   6.32355     -3.517977     -3.517975
   6.26799     -3.471776     -3.471774
   6.21243     -3.370856     -3.370855
   6.15687     -3.219951     -3.219951
   6.10131     -3.030801     -3.030801
   6.04576     -2.810673     -2.810672
   5.99020     -2.719884     -2.719884
   5.93464     -2.698359     -2.698359
   5.87908     -2.700574     -2.700573
   5.82352     -2.713372     -2.713370
   5.76796     -2.729139     -2.729138
   5.71240     -2.743453     -2.743451
   5.65685     -2.753846     -2.753844
   5.60129     -2.760184     -2.760181
   5.54573     -2.762398     -2.762395
   5.54573     -2.762398     -2.762395
   5.48943     -2.704830     -2.704828
   5.43313     -2.640490     -2.640489
   5.37683     -2.574747     -2.574746
   5.32054     -2.511254     -2.511253
   5.26424     -2.456259     -2.456258
   5.20794     -2.421622     -2.421622
   5.15164     -2.429792     -2.429792
   5.09534     -2.685602     -2.685601
   5.03904     -2.933123     -2.933122
   4.98275     -3.094444     -3.094441
   4.92645     -3.104577     -3.104575
   4.87015     -3.128078     -3.128080
   4.81385     -3.225602     -3.225604
   4.75755     -3.264199     -3.264200
   4.70125     -3.246080     -3.246079
   4.70125     -2.762398     -2.762395
   4.66714     -2.543903     -2.543901
   4.63303     -2.321909     -2.321908
   4.59892     -2.107228     -2.107227
   4.56480     -1.911536     -1.911534
   4.56480     -1.911536     -1.911534
   4.51134     -1.912907     -1.912906
   4.45788     -1.918277     -1.918276
   4.40442     -1.932233     -1.932232
   4.35095     -1.965153     -1.965152
   4.29749     -2.035942     -2.035942
   4.24403     -2.160468     -2.160469
   4.19057     -2.329353     -2.329354
   4.13710     -2.517170     -2.517171
   4.08364     -2.703333     -2.703335
   4.03018     -2.875158     -2.875160
   3.97672     -3.002952     -3.002952
   3.92325     -3.123066     -3.123066
   3.86979     -3.212666     -3.212666
   3.81633     -3.268803     -3.268803
   3.76287     -3.290859     -3.290859
   3.70941     -3.281137     -3.281136
   3.65594     -3.245274     -3.245273
   3.60248     -3.210416     -3.210415
   3.60248     -3.210416     -3.210416
   3.54234     -3.175421     -3.175422
   3.48221     -3.153375     -3.153377
   3.42207     -3.166471     -3.166473
   3.36193     -3.192820     -3.192822
   3.30179     -3.218916     -3.218918
   3.24165     -3.238902     -3.238904
   3.18152     -3.250122     -3.250125
   3.12138     -3.252428     -3.252431
   3.12138     -3.252428     -3.252431
   3.06508     -3.287806     -3.287808
   3.00877     -3.270898     -3.270900
   2.95247     -3.194824     -3.194826
   2.89617     -3.066252     -3.066254
   2.83987     -2.912495     -2.912493
   2.78357     -2.924783     -2.924781
   2.72727     -2.875144     -2.875145
   2.67096     -2.700234     -2.700235
   2.61466     -2.573964     -2.573964
   2.55836     -2.523117     -2.523116
   2.50206     -2.535384     -2.535383
   2.44576     -2.581437     -2.581435
   2.38946     -2.641393     -2.641392
   2.33316     -2.704673     -2.704671
   2.27685     -2.762398     -2.762395
   2.27685     -2.762398     -2.762395
   2.22129     -2.759781     -2.759779
   2.16573     -2.752244     -2.752242
   2.11017     -2.739863     -2.739860
   2.05461     -2.723068     -2.723066
   1.99904     -2.704699     -2.704697
   1.94348     -2.689641     -2.689639
   1.88792     -2.686388     -2.686386
   1.83236     -2.709695     -2.709694
   1.77680     -2.831177     -2.831179
   1.72123     -3.051727     -3.051729
   1.66567     -3.240266     -3.240267
   1.61011     -3.389840     -3.389841
   1.55455     -3.488726     -3.488726
   1.49899     -3.533908     -3.533908
   1.44342     -3.552917     -3.552918
   1.44342     -3.552917     -3.552918
   1.38329     -3.545146     -3.545146
   1.32315     -3.522132     -3.522133
   1.26301     -3.484530     -3.484530
   1.20287     -3.433065     -3.433066
   1.14274     -3.368503     -3.368504
   1.08260     -3.291830     -3.291831
   1.02246     -3.205837     -3.205838
   0.96232     -3.149821     -3.149819
   0.96232     -3.149820     -3.149818
   0.90886     -3.176315     -3.176316
   0.85540     -3.213815     -3.213815
   0.80194     -3.231169     -3.231169
   0.74847     -3.222314     -3.222314
   0.69501     -3.180820     -3.180821
   0.64155     -3.112349     -3.112349
   0.58809     -3.035755     -3.035754
   0.53462     -2.948315     -2.948314
   0.48116     -2.861419     -2.861417
   0.42770     -2.790288     -2.790285
   0.37424     -2.745642     -2.745640
   0.32077     -2.726679     -2.726676
   0.26731     -2.725085     -2.725083
   0.21385     -2.732564     -2.732561
   0.16039     -2.743214     -2.743211
   0.10692     -2.753153     -2.753151
   0.05346     -2.759982     -2.759979
   0.00000     -2.762398     -2.762395
 
# Band-Index   27
   0.00000     -1.477833     -1.477833
   0.05346     -1.480097     -1.480096
   0.10692     -1.488149     -1.488149
   0.16039     -1.506434     -1.506434
   0.21385     -1.545073     -1.545072
   0.26731     -1.660087     -1.660090
   0.32077     -1.882486     -1.882489
   0.37424     -2.132481     -2.132484
   0.42770     -2.370375     -2.370377
   0.48116     -2.589370     -2.589372
   0.53462     -2.783996     -2.783998
   0.58809     -2.949463     -2.949464
   0.64155     -3.080965     -3.080967
   0.69501     -3.163314     -3.163314
   0.74847     -3.198188     -3.198189
   0.80194     -3.205470     -3.205471
   0.85540     -3.185384     -3.185384
   0.90886     -3.141484     -3.141484
   0.96232     -3.120956     -3.120958
   0.96232     -3.120957     -3.120958
   1.02246     -3.079003     -3.079006
   1.08260     -3.126783     -3.126786
   1.14274     -3.180964     -3.180967
   1.20287     -3.228536     -3.228539
   1.26301     -3.267321     -3.267324
   1.32315     -3.295933     -3.295936
   1.38329     -3.313451     -3.313454
   1.44342     -3.319348     -3.319351
   1.44342     -3.319348     -3.319351
   1.49899     -3.295785     -3.295788
   1.55455     -3.229466     -3.229469
   1.61011     -3.130308     -3.130311
   1.66567     -3.010276     -3.010278
   1.72123     -2.884752     -2.884754
   1.77680     -2.776507     -2.776508
   1.83236     -2.585142     -2.585144
   1.88792     -2.320828     -2.320830
   1.94348     -2.047807     -2.047809
   1.99904     -1.784351     -1.784354
   2.05461     -1.586316     -1.586318
   2.11017     -1.512468     -1.512468
   2.16573     -1.489240     -1.489240
   2.22129     -1.480276     -1.480276
   2.27685     -1.477833     -1.477833
   2.27685     -1.477833     -1.477833
   2.33316     -1.482423     -1.482423
   2.38946     -1.496918     -1.496918
   2.44576     -1.524012     -1.524012
   2.50206     -1.571765     -1.571766
   2.55836     -1.697360     -1.697363
   2.61466     -1.940341     -1.940345
   2.67096     -2.203788     -2.203791
   2.72727     -2.456302     -2.456305
   2.78357     -2.689013     -2.689015
   2.83987     -2.894178     -2.894181
   2.89617     -2.914235     -2.914235
   2.95247     -2.975781     -2.975784
   3.00877     -3.081142     -3.081145
   3.06508     -3.176709     -3.176711
   3.12138     -3.249238     -3.249239
   3.12138     -3.249238     -3.249239
   3.18152     -3.241256     -3.241258
   3.24165     -3.222457     -3.222459
   3.30179     -3.195475     -3.195477
   3.36193     -3.163280     -3.163281
   3.42207     -3.131507     -3.131507
   3.48221     -3.113280     -3.113280
   3.54234     -3.133434     -3.133432
   3.60248     -3.189120     -3.189120
   3.60248     -3.189119     -3.189119
   3.65594     -3.098775     -3.098775
   3.70941     -2.993192     -2.993191
   3.76287     -2.928053     -2.928051
   3.81633     -2.915439     -2.915436
   3.86979     -2.916645     -2.916641
   3.92325     -2.924263     -2.924260
   3.97672     -2.943233     -2.943230
   4.03018     -2.854318     -2.854318
   4.08364     -2.685588     -2.685588
   4.13710     -2.503201     -2.503201
   4.19057     -2.319479     -2.319478
   4.24403     -2.154053     -2.154052
   4.29749     -2.031885     -2.031884
   4.35095     -1.961515     -1.961514
   4.40442     -1.927287     -1.927286
   4.45788     -1.912157     -1.912157
   4.51134     -1.906113     -1.906113
   4.56480     -1.904529     -1.904529
   4.56480     -1.904529     -1.904529
   4.59892     -1.734216     -1.734216
   4.63303     -1.597166     -1.597166
   4.66714     -1.508866     -1.508866
   4.70125     -1.477833     -1.477833
   4.70125     -3.242933     -3.242936
   4.75755     -3.190541     -3.190542
   4.81385     -3.139906     -3.139906
   4.87015     -3.114308     -3.114306
   4.92645     -2.984530     -2.984532
   4.98275     -2.815851     -2.815854
   5.03904     -2.645625     -2.645627
   5.09534     -2.505794     -2.505796
   5.15164     -2.420117     -2.420117
   5.20794     -2.147414     -2.147414
   5.26424     -1.883289     -1.883288
   5.32054     -1.664471     -1.664470
   5.37683     -1.545778     -1.545777
   5.43313     -1.500776     -1.500776
   5.48943     -1.482868     -1.482868
   5.54573     -1.477833     -1.477833
   5.54573     -1.477833     -1.477833
   5.60129     -1.480598     -1.480598
   5.65685     -1.490460     -1.490460
   5.71240     -1.514882     -1.514881
   5.76796     -1.589498     -1.589497
   5.82352     -1.782286     -1.782286
   5.87908     -2.038309     -2.038309
   5.93464     -2.305737     -2.305737
   5.99020     -2.566461     -2.566461
   6.04576     -2.781096     -2.781096
   6.10131     -2.882887     -2.882888
   6.15687     -3.004299     -3.004300
   6.21243     -3.122613     -3.122614
   6.26799     -3.221559     -3.221561
   6.32355     -3.288316     -3.288318
   6.37911     -3.312160     -3.312162
 
# Band-Index   28
   6.37911     -2.680015     -2.680016
   6.32355     -2.668927     -2.668928
   6.26799     -2.633483     -2.633484
   6.21243     -2.568966     -2.568966
   6.15687     -2.473798     -2.473799
   6.10131     -2.365642     -2.365642
   6.04576     -2.274381     -2.274381
   5.99020     -2.157998     -2.157998
   5.93464     -2.048729     -2.048731
   5.87908     -1.915546     -1.915548
   5.82352     -1.744810     -1.744812
   5.76796     -1.560042     -1.560043
   5.71240     -1.384991     -1.384993
   5.65685     -1.236058     -1.236060
   5.60129     -1.132732     -1.132734
   5.54573     -1.092241     -1.092243
   5.54573     -1.092241     -1.092243
   5.48943     -1.136742     -1.136744
   5.43313     -1.242621     -1.242624
   5.37683     -1.393054     -1.393056
   5.32054     -1.572974     -1.572976
   5.26424     -1.768286     -1.768288
   5.20794     -1.964409     -1.964411
   5.15164     -2.148859     -2.148861
   5.09534     -2.313234     -2.313236
   5.03904     -2.455217     -2.455218
   4.98275     -2.579951     -2.579952
   4.92645     -2.695832     -2.695832
   4.87015     -2.803174     -2.803173
   4.81385     -2.885686     -2.885684
   4.75755     -2.922145     -2.922143
   4.70125     -2.918264     -2.918259
   4.70125     -1.092241     -1.092243
   4.66714     -1.103897     -1.103900
   4.63303     -1.116867     -1.116869
   4.59892     -1.125006     -1.125008
   4.56480     -1.127747     -1.127749
   4.56480     -1.127747     -1.127749
   4.51134     -1.150595     -1.150597
   4.45788     -1.222252     -1.222254
   4.40442     -1.344363     -1.344366
   4.35095     -1.505559     -1.505562
   4.29749     -1.688507     -1.688510
   4.24403     -1.878451     -1.878454
   4.19057     -2.064085     -2.064088
   4.13710     -2.237071     -2.237074
   4.08364     -2.391874     -2.391877
   4.03018     -2.525559     -2.525562
   3.97672     -2.637525     -2.637528
   3.92325     -2.728863     -2.728866
   3.86979     -2.801074     -2.801077
   3.81633     -2.854243     -2.854247
   3.76287     -2.884873     -2.884875
   3.70941     -2.892847     -2.892850
   3.65594     -2.870409     -2.870413
   3.60248     -2.815578     -2.815581
   3.60248     -2.815579     -2.815582
   3.54234     -2.832377     -2.832380
   3.48221     -2.786172     -2.786175
   3.42207     -2.822665     -2.822666
   3.36193     -2.855558     -2.855560
   3.30179     -2.882099     -2.882101
   3.24165     -2.901256     -2.901257
   3.18152     -2.912480     -2.912482
   3.12138     -2.916002     -2.916004
   3.12138     -2.916002     -2.916004
   3.06508     -2.926004     -2.926004
   3.00877     -2.918851     -2.918850
   2.95247     -2.898067     -2.898066
   2.89617     -2.822660     -2.822661
   2.83987     -2.681855     -2.681858
   2.78357     -2.514096     -2.514100
   2.72727     -2.323427     -2.323431
   2.67096     -2.114197     -2.114201
   2.61466     -1.893984     -1.893989
   2.55836     -1.686580     -1.686582
   2.50206     -1.524489     -1.524493
   2.44576     -1.349052     -1.349056
   2.38946     -1.202335     -1.202339
   2.33316     -1.118349     -1.118352
   2.27685     -1.092241     -1.092243
   2.27685     -1.092241     -1.092243
   2.22129     -1.118862     -1.118864
   2.16573     -1.209818     -1.209821
   2.11017     -1.361015     -1.361019
   2.05461     -1.544648     -1.544652
   1.99904     -1.736960     -1.736964
   1.94348     -1.911737     -1.911740
   1.88792     -2.044568     -2.044571
   1.83236     -2.162356     -2.162360
   1.77680     -2.275699     -2.275701
   1.72123     -2.366739     -2.366739
   1.66567     -2.476571     -2.476571
   1.61011     -2.570489     -2.570489
   1.55455     -2.633586     -2.633586
   1.49899     -2.668163     -2.668163
   1.44342     -2.678978     -2.678978
   1.44342     -2.678978     -2.678978
   1.38329     -2.681223     -2.681224
   1.32315     -2.689555     -2.689554
   1.26301     -2.710157     -2.710156
   1.20287     -2.757079     -2.757077
   1.14274     -2.842580     -2.842578
   1.08260     -2.950446     -2.950444
   1.02246     -3.042894     -3.042893
   0.96232     -3.012993     -3.012996
   0.96232     -3.012992     -3.012996
   0.90886     -2.977584     -2.977587
   0.85540     -2.885284     -2.885286
   0.80194     -2.823741     -2.823743
   0.74847     -2.755492     -2.755493
   0.69501     -2.676170     -2.676171
   0.64155     -2.582068     -2.582069
   0.58809     -2.470901     -2.470902
   0.53462     -2.342293     -2.342294
   0.48116     -2.198309     -2.198309
   0.42770     -2.080379     -2.080381
   0.37424     -1.969245     -1.969247
   0.32077     -1.824083     -1.824085
   0.26731     -1.628395     -1.628398
   0.21385     -1.489863     -1.489866
   0.16039     -1.335763     -1.335766
   0.10692     -1.210956     -1.210959
   0.05346     -1.126686     -1.126688
   0.00000     -1.092241     -1.092243
 
# Band-Index   29
   0.00000     -1.072970     -1.072973
   0.05346     -1.083386     -1.083388
   0.10692     -1.145752     -1.145755
   0.16039     -1.275280     -1.275284
   0.21385     -1.442220     -1.442224
   0.26731     -1.628040     -1.628041
   0.32077     -1.797826     -1.797829
   0.37424     -1.948587     -1.948590
   0.42770     -2.064013     -2.064015
   0.48116     -2.153226     -2.153228
   0.53462     -2.207639     -2.207640
   0.58809     -2.288503     -2.288506
   0.64155     -2.400172     -2.400174
   0.69501     -2.517097     -2.517099
   0.74847     -2.638379     -2.638381
   0.80194     -2.760264     -2.760266
   0.85540     -2.876188     -2.876190
   0.90886     -2.950664     -2.950667
   0.96232     -2.998956     -2.998957
   0.96232     -2.998956     -2.998958
   1.02246     -2.918739     -2.918741
   1.08260     -2.789745     -2.789748
   1.14274     -2.665223     -2.665228
   1.20287     -2.596714     -2.596718
   1.26301     -2.583430     -2.583433
   1.32315     -2.588356     -2.588359
   1.38329     -2.594814     -2.594817
   1.44342     -2.597407     -2.597409
   1.44342     -2.597407     -2.597409
   1.49899     -2.593921     -2.593925
   1.55455     -2.554330     -2.554334
   1.61011     -2.479512     -2.479516
   1.66567     -2.372771     -2.372774
   1.72123     -2.247229     -2.247232
   1.77680     -2.186456     -2.186458
   1.83236     -2.129418     -2.129421
   1.88792     -2.002349     -2.002354
   1.94348     -1.812983     -1.812988
   1.99904     -1.614236     -1.614241
   2.05461     -1.426400     -1.426404
   2.11017     -1.273471     -1.273474
   2.16573     -1.167488     -1.167490
   2.22129     -1.099101     -1.099104
   2.27685     -1.072970     -1.072973
   2.27685     -1.072970     -1.072973
   2.33316     -1.099690     -1.099693
   2.38946     -1.177397     -1.177400
   2.44576     -1.295487     -1.295491
   2.50206     -1.465449     -1.465453
   2.55836     -1.667606     -1.667613
   2.61466     -1.808438     -1.808440
   2.67096     -1.900003     -1.900005
   2.72727     -2.080219     -2.080222
   2.78357     -2.263061     -2.263063
   2.83987     -2.434448     -2.434450
   2.89617     -2.585739     -2.585741
   2.95247     -2.711485     -2.711486
   3.00877     -2.808463     -2.808465
   3.06508     -2.875430     -2.875430
   3.12138     -2.911059     -2.911059
   3.12138     -2.911059     -2.911059
   3.18152     -2.905892     -2.905892
   3.24165     -2.891329     -2.891329
   3.30179     -2.868518     -2.868518
   3.36193     -2.838504     -2.838503
   3.42207     -2.802865     -2.802865
   3.48221     -2.780430     -2.780431
   3.54234     -2.822838     -2.822841
   3.60248     -2.812773     -2.812778
   3.60248     -2.812773     -2.812777
   3.65594     -2.768642     -2.768645
   3.70941     -2.799408     -2.799409
   3.76287     -2.770832     -2.770834
   3.81633     -2.666373     -2.666377
   3.86979     -2.540772     -2.540775
   3.92325     -2.447026     -2.447028
   3.97672     -2.338578     -2.338580
   4.03018     -2.207999     -2.208002
   4.08364     -2.057614     -2.057617
   4.13710     -1.895410     -1.895413
   4.19057     -1.746118     -1.746120
   4.24403     -1.634116     -1.634118
   4.29749     -1.522488     -1.522492
   4.35095     -1.385259     -1.385263
   4.40442     -1.239445     -1.239448
   4.45788     -1.110408     -1.110411
   4.51134     -1.014819     -1.014821
   4.56480     -0.988546     -0.988555
   4.56480     -0.988546     -0.988555
   4.59892     -0.995569     -0.995571
   4.63303     -1.028277     -1.028280
   4.66714     -1.056271     -1.056274
   4.70125     -1.072970     -1.072973
   4.70125     -2.913379     -2.913382
   4.75755     -2.879806     -2.879806
   4.81385     -2.818316     -2.818315
   4.87015     -2.730217     -2.730216
   4.92645     -2.613298     -2.613297
   4.98275     -2.464739     -2.464738
   5.03904     -2.281552     -2.281550
   5.09534     -2.065636     -2.065635
   5.15164     -1.863698     -1.863698
   5.20794     -1.717951     -1.717953
   5.26424     -1.555882     -1.555883
   5.32054     -1.394053     -1.394055
   5.37683     -1.252293     -1.252295
   5.43313     -1.146079     -1.146082
   5.48943     -1.086056     -1.086058
   5.54573     -1.072970     -1.072973
   5.54573     -1.072970     -1.072973
   5.60129     -1.092568     -1.092570
   5.65685     -1.162585     -1.162587
   5.71240     -1.281856     -1.281858
   5.76796     -1.439939     -1.439941
   5.82352     -1.622884     -1.622885
   5.87908     -1.814617     -1.814619
   5.93464     -1.998913     -1.998915
   5.99020     -2.136888     -2.136890
   6.04576     -2.197067     -2.197068
   6.10131     -2.257024     -2.257023
   6.15687     -2.377181     -2.377181
   6.21243     -2.485608     -2.485608
   6.26799     -2.562316     -2.562316
   6.32355     -2.603542     -2.603542
   6.37911     -2.608141     -2.608139
 
# Band-Index   30
   6.37911     -2.606401     -2.606401
   6.32355     -2.574664     -2.574663
   6.26799     -2.511077     -2.511076
   6.21243     -2.426224     -2.426223
   6.15687     -2.335129     -2.335129
   6.10131     -2.249098     -2.249097
   6.04576     -2.103929     -2.103929
   5.99020     -1.918467     -1.918468
   5.93464     -1.753609     -1.753610
   5.87908     -1.612934     -1.612935
   5.82352     -1.508937     -1.508940
   5.76796     -1.391923     -1.391927
   5.71240     -1.200630     -1.200634
   5.65685     -1.041869     -1.041877
   5.60129     -0.979761     -0.979769
   5.54573     -0.953282     -0.953289
   5.54573     -0.953282     -0.953289
   5.48943     -0.975694     -0.975701
   5.43313     -1.033964     -1.033972
   5.37683     -1.209461     -1.209464
   5.32054     -1.364075     -1.364079
   5.26424     -1.450765     -1.450767
   5.20794     -1.529679     -1.529679
   5.15164     -1.783029     -1.783029
   5.09534     -1.905237     -1.905238
   5.03904     -1.930282     -1.930282
   4.98275     -2.037426     -2.037426
   4.92645     -2.152534     -2.152534
   4.87015     -2.241422     -2.241422
   4.81385     -2.302104     -2.302103
   4.75755     -2.336058     -2.336057
   4.70125     -2.346743     -2.346742
   4.70125     -0.953282     -0.953289
   4.66714     -0.964866     -0.964874
   4.63303     -0.977744     -0.977753
   4.59892     -0.985824     -0.985833
   4.56480     -0.963325     -0.963327
   4.56480     -0.963325     -0.963327
   4.51134     -1.012935     -1.012944
   4.45788     -1.077896     -1.077905
   4.40442     -1.171540     -1.171545
   4.35095     -1.331684     -1.331687
   4.29749     -1.486177     -1.486180
   4.24403     -1.612280     -1.612281
   4.19057     -1.737197     -1.737198
   4.13710     -1.887630     -1.887629
   4.08364     -2.043766     -2.043765
   4.03018     -2.189152     -2.189151
   3.97672     -2.316246     -2.316246
   3.92325     -2.422773     -2.422773
   3.86979     -2.533128     -2.533131
   3.81633     -2.602471     -2.602474
   3.76287     -2.659413     -2.659416
   3.70941     -2.713187     -2.713191
   3.65594     -2.759990     -2.759992
   3.60248     -2.806174     -2.806178
   3.60248     -2.806175     -2.806179
   3.54234     -2.742857     -2.742858
   3.48221     -2.773360     -2.773363
   3.42207     -2.659754     -2.659755
   3.36193     -2.511208     -2.511209
   3.30179     -2.359080     -2.359081
   3.24165     -2.332542     -2.332548
   3.18152     -2.333056     -2.333062
   3.12138     -2.333960     -2.333966
   3.12138     -2.333960     -2.333966
   3.06508     -2.316946     -2.316952
   3.00877     -2.266275     -2.266281
   2.95247     -2.183288     -2.183294
   2.89617     -2.112964     -2.112966
   2.83987     -2.041163     -2.041165
   2.78357     -1.913949     -1.913952
   2.72727     -1.854644     -1.854646
   2.67096     -1.854726     -1.854728
   2.61466     -1.740874     -1.740876
   2.55836     -1.611532     -1.611533
   2.50206     -1.395514     -1.395519
   2.44576     -1.178343     -1.178350
   2.38946     -1.062864     -1.062873
   2.33316     -0.980359     -0.980367
   2.27685     -0.953282     -0.953289
   2.27685     -0.953282     -0.953289
   2.22129     -0.977079     -0.977086
   2.16573     -1.052382     -1.052390
   2.11017     -1.178941     -1.178945
   2.05461     -1.378129     -1.378131
   1.99904     -1.498426     -1.498427
   1.94348     -1.603409     -1.603411
   1.88792     -1.746554     -1.746557
   1.83236     -1.913998     -1.914001
   1.77680     -2.109250     -2.109252
   1.72123     -2.245679     -2.245680
   1.66567     -2.324769     -2.324773
   1.61011     -2.416288     -2.416292
   1.55455     -2.500822     -2.500825
   1.49899     -2.563985     -2.563989
   1.44342     -2.595999     -2.596004
   1.44342     -2.595999     -2.596004
   1.38329     -2.593216     -2.593220
   1.32315     -2.585970     -2.585975
   1.26301     -2.578883     -2.578888
   1.20287     -2.587167     -2.587171
   1.14274     -2.650608     -2.650611
   1.08260     -2.776291     -2.776294
   1.02246     -2.910802     -2.910805
   0.96232     -2.993481     -2.993485
   0.96232     -2.993480     -2.993484
   0.90886     -2.942790     -2.942793
   0.85540     -2.849246     -2.849247
   0.80194     -2.732703     -2.732705
   0.74847     -2.611847     -2.611847
   0.69501     -2.495542     -2.495542
   0.64155     -2.387216     -2.387216
   0.58809     -2.284459     -2.284458
   0.53462     -2.201463     -2.201465
   0.48116     -2.139672     -2.139674
   0.42770     -2.039355     -2.039357
   0.37424     -1.881029     -1.881030
   0.32077     -1.732413     -1.732414
   0.26731     -1.609995     -1.609998
   0.21385     -1.381567     -1.381571
   0.16039     -1.159499     -1.159502
   0.10692     -1.061465     -1.061472
   0.05346     -0.989763     -0.989772
   0.00000     -0.953282     -0.953289
 
# Band-Index   31
   0.00000     -0.934213     -0.934224
   0.05346     -0.945434     -0.945444
   0.10692     -0.994248     -0.994258
   0.16039     -1.137854     -1.137860
   0.21385     -1.232869     -1.232874
   0.26731     -1.349754     -1.349758
   0.32077     -1.487570     -1.487573
   0.37424     -1.641140     -1.641142
   0.42770     -1.801437     -1.801438
   0.48116     -1.957200     -1.957202
   0.53462     -2.094057     -2.094059
   0.58809     -2.186516     -2.186519
   0.64155     -2.266237     -2.266240
   0.69501     -2.356058     -2.356061
   0.74847     -2.428302     -2.428307
   0.80194     -2.473610     -2.473614
   0.85540     -2.491840     -2.491844
   0.90886     -2.489059     -2.489062
   0.96232     -2.471122     -2.471124
   0.96232     -2.471122     -2.471125
   1.02246     -2.504752     -2.504754
   1.08260     -2.517485     -2.517489
   1.14274     -2.500095     -2.500099
   1.20287     -2.441925     -2.441928
   1.26301     -2.345518     -2.345521
   1.32315     -2.296395     -2.296394
   1.38329     -2.312888     -2.312887
   1.44342     -2.318481     -2.318480
   1.44342     -2.318481     -2.318480
   1.49899     -2.317660     -2.317659
   1.55455     -2.315225     -2.315225
   1.61011     -2.310141     -2.310140
   1.66567     -2.296158     -2.296158
   1.72123     -2.237510     -2.237514
   1.77680     -2.082503     -2.082507
   1.83236     -1.908160     -1.908163
   1.88792     -1.675356     -1.675359
   1.94348     -1.524321     -1.524325
   1.99904     -1.407140     -1.407145
   2.05461     -1.288334     -1.288339
   2.11017     -1.166373     -1.166381
   2.16573     -1.009054     -1.009062
   2.22129     -0.957431     -0.957442
   2.27685     -0.934213     -0.934224
   2.27685     -0.934213     -0.934224
   2.33316     -0.953334     -0.953344
   2.38946     -0.993097     -0.993103
   2.44576     -1.162774     -1.162779
   2.50206     -1.295491     -1.295496
   2.55836     -1.410180     -1.410184
   2.61466     -1.523436     -1.523440
   2.67096     -1.633057     -1.633060
   2.72727     -1.742328     -1.742331
   2.78357     -1.853311     -1.853314
   2.83987     -1.940374     -1.940379
   2.89617     -2.071149     -2.071155
   2.95247     -2.127035     -2.127037
   3.00877     -2.094223     -2.094224
   3.06508     -2.084730     -2.084731
   3.12138     -2.090494     -2.090495
   3.12138     -2.090494     -2.090495
   3.18152     -2.128120     -2.128121
   3.24165     -2.224781     -2.224782
   3.30179     -2.340798     -2.340804
   3.36193     -2.491961     -2.491963
   3.42207     -2.642804     -2.642805
   3.48221     -2.748796     -2.748795
   3.54234     -2.716013     -2.716012
   3.60248     -2.697581     -2.697582
   3.60248     -2.697580     -2.697581
   3.65594     -2.755611     -2.755612
   3.70941     -2.696464     -2.696468
   3.76287     -2.637358     -2.637360
   3.81633     -2.577668     -2.577670
   3.86979     -2.508191     -2.508191
   3.92325     -2.409889     -2.409891
   3.97672     -2.280418     -2.280421
   4.03018     -2.146137     -2.146139
   4.08364     -2.002437     -2.002439
   4.13710     -1.849473     -1.849476
   4.19057     -1.692885     -1.692890
   4.24403     -1.540861     -1.540867
   4.29749     -1.399552     -1.399558
   4.35095     -1.273781     -1.273788
   4.40442     -1.160454     -1.160461
   4.45788     -1.019363     -1.019368
   4.51134     -0.947867     -0.947870
   4.56480     -0.954472     -0.954476
   4.56480     -0.954472     -0.954476
   4.59892     -0.920013     -0.920016
   4.63303     -0.889867     -0.889876
   4.66714     -0.917632     -0.917642
   4.70125     -0.934213     -0.934224
   4.70125     -2.024131     -2.024134
   4.75755     -2.016790     -2.016794
   4.81385     -2.015173     -2.015175
   4.87015     -2.006224     -2.006225
   4.92645     -1.958753     -1.958754
   4.98275     -1.927470     -1.927471
   5.03904     -1.901703     -1.901703
   5.09534     -1.756014     -1.756015
   5.15164     -1.620776     -1.620778
   5.20794     -1.521388     -1.521391
   5.26424     -1.321855     -1.321862
   5.32054     -1.214761     -1.214768
   5.37683     -1.116598     -1.116606
   5.43313     -1.028415     -1.028419
   5.48943     -0.944485     -0.944496
   5.54573     -0.934213     -0.934224
   5.54573     -0.934213     -0.934224
   5.60129     -0.938551     -0.938561
   5.65685     -1.014059     -1.014063
   5.71240     -1.126978     -1.126986
   5.76796     -1.226914     -1.226922
   5.82352     -1.335857     -1.335865
   5.87908     -1.448813     -1.448820
   5.93464     -1.670955     -1.670955
   5.99020     -1.901795     -1.901795
   6.04576     -2.085738     -2.085739
   6.10131     -2.241080     -2.241081
   6.15687     -2.307212     -2.307212
   6.21243     -2.325517     -2.325516
   6.26799     -2.333151     -2.333150
   6.32355     -2.337092     -2.337092
   6.37911     -2.338429     -2.338429
 
# Band-Index   32
   6.37911     -2.072388     -2.072393
   6.32355     -2.063419     -2.063425
   6.26799     -2.036688     -2.036694
   6.21243     -1.992719     -1.992724
   6.15687     -1.932405     -1.932411
   6.10131     -1.857065     -1.857071
   6.04576     -1.768463     -1.768469
   5.99020     -1.668883     -1.668889
   5.93464     -1.561178     -1.561185
   5.87908     -1.424892     -1.424892
   5.82352     -1.176790     -1.176799
   5.76796     -1.089382     -1.089391
   5.71240     -1.017062     -1.017071
   5.65685     -0.965424     -0.965434
   5.60129     -0.882763     -0.882766
   5.54573     -0.835067     -0.835071
   5.54573     -0.835067     -0.835071
   5.48943     -0.888974     -0.888977
   5.43313     -0.980902     -0.980912
   5.37683     -1.043954     -1.043964
   5.32054     -1.128968     -1.128977
   5.26424     -1.259017     -1.259018
   5.20794     -1.432639     -1.432645
   5.15164     -1.542398     -1.542404
   5.09534     -1.647021     -1.647027
   5.03904     -1.743052     -1.743057
   4.98275     -1.862571     -1.862572
   4.92645     -1.920678     -1.920678
   4.87015     -1.954372     -1.954377
   4.81385     -1.993770     -1.993774
   4.75755     -2.000320     -2.000321
   4.70125     -2.000517     -2.000525
   4.70125     -0.835067     -0.835071
   4.66714     -0.849282     -0.849286
   4.63303     -0.881749     -0.881752
   4.59892     -0.857453     -0.857462
   4.56480     -0.825465     -0.825471
   4.56480     -0.825465     -0.825471
   4.51134     -0.878729     -0.878738
   4.45788     -0.938127     -0.938133
   4.40442     -0.991202     -0.991207
   4.35095     -1.065707     -1.065712
   4.29749     -1.205086     -1.205089
   4.24403     -1.382861     -1.382865
   4.19057     -1.524340     -1.524342
   4.13710     -1.600581     -1.600583
   4.08364     -1.686718     -1.686721
   4.03018     -1.832897     -1.832900
   3.97672     -1.981011     -1.981014
   3.92325     -2.125638     -2.125641
   3.86979     -2.263197     -2.263199
   3.81633     -2.389770     -2.389772
   3.76287     -2.500119     -2.500120
   3.70941     -2.587613     -2.587614
   3.65594     -2.650387     -2.650388
   3.60248     -2.684536     -2.684537
   3.60248     -2.684537     -2.684538
   3.54234     -2.709459     -2.709463
   3.48221     -2.585172     -2.585177
   3.42207     -2.462463     -2.462469
   3.36193     -2.377196     -2.377202
   3.30179     -2.338016     -2.338019
   3.24165     -2.202763     -2.202766
   3.18152     -2.105214     -2.105217
   3.12138     -2.066577     -2.066581
   3.12138     -2.066577     -2.066581
   3.06508     -2.054636     -2.054640
   3.00877     -2.064668     -2.064670
   2.95247     -2.029043     -2.029045
   2.89617     -1.977235     -1.977238
   2.83987     -1.910125     -1.910128
   2.78357     -1.829057     -1.829060
   2.72727     -1.735896     -1.735899
   2.67096     -1.538992     -1.538996
   2.61466     -1.360023     -1.360026
   2.55836     -1.231322     -1.231325
   2.50206     -1.112411     -1.112413
   2.44576     -1.044220     -1.044225
   2.38946     -0.977631     -0.977635
   2.33316     -0.869506     -0.869510
   2.27685     -0.835067     -0.835071
   2.27685     -0.835067     -0.835071
   2.22129     -0.870272     -0.870276
   2.16573     -0.988227     -0.988231
   2.11017     -1.074183     -1.074189
   2.05461     -1.154606     -1.154611
   1.99904     -1.246996     -1.247000
   1.94348     -1.424530     -1.424534
   1.88792     -1.638212     -1.638215
   1.83236     -1.745859     -1.745862
   1.77680     -1.844342     -1.844345
   1.72123     -1.931242     -1.931245
   1.66567     -2.004639     -2.004642
   1.61011     -2.063084     -2.063086
   1.55455     -2.105510     -2.105512
   1.49899     -2.131228     -2.131230
   1.44342     -2.139842     -2.139845
   1.44342     -2.139842     -2.139845
   1.38329     -2.167410     -2.167412
   1.32315     -2.242920     -2.242923
   1.26301     -2.269909     -2.269909
   1.20287     -2.308300     -2.308300
   1.14274     -2.397532     -2.397534
   1.08260     -2.427246     -2.427250
   1.02246     -2.445768     -2.445772
   0.96232     -2.466344     -2.466346
   0.96232     -2.466343     -2.466345
   0.90886     -2.485203     -2.485203
   0.85540     -2.490794     -2.490795
   0.80194     -2.472042     -2.472043
   0.74847     -2.427294     -2.427295
   0.69501     -2.351367     -2.351371
   0.64155     -2.251977     -2.251981
   0.58809     -2.162315     -2.162318
   0.53462     -2.071649     -2.071651
   0.48116     -1.938703     -1.938705
   0.42770     -1.780002     -1.780006
   0.37424     -1.613701     -1.613707
   0.32077     -1.453296     -1.453303
   0.26731     -1.307601     -1.307609
   0.21385     -1.180664     -1.180673
   0.16039     -1.074781     -1.074791
   0.10692     -0.980582     -0.980586
   0.05346     -0.870989     -0.870993
   0.00000     -0.835067     -0.835071
 
# Band-Index   33
   0.00000     -0.700126     -0.700136
   0.05346     -0.737644     -0.737653
   0.10692     -0.829712     -0.829720
   0.16039     -0.946733     -0.946739
   0.21385     -1.069948     -1.069953
   0.26731     -1.177173     -1.177177
   0.32077     -1.251558     -1.251561
   0.37424     -1.379430     -1.379435
   0.42770     -1.562017     -1.562022
   0.48116     -1.732079     -1.732083
   0.53462     -1.887884     -1.887888
   0.58809     -2.016978     -2.016982
   0.64155     -2.089084     -2.089087
   0.69501     -2.109196     -2.109199
   0.74847     -2.111941     -2.111943
   0.80194     -2.226815     -2.226817
   0.85540     -2.326565     -2.326567
   0.90886     -2.406547     -2.406550
   0.96232     -2.461233     -2.461234
   0.96232     -2.461234     -2.461235
   1.02246     -2.432715     -2.432715
   1.08260     -2.410046     -2.410046
   1.14274     -2.377039     -2.377039
   1.20287     -2.287782     -2.287784
   1.26301     -2.172222     -2.172221
   1.32315     -2.041528     -2.041527
   1.38329     -1.948381     -1.948381
   1.44342     -1.914192     -1.914191
   1.44342     -1.914192     -1.914191
   1.49899     -1.905984     -1.905983
   1.55455     -1.881514     -1.881514
   1.61011     -1.841253     -1.841253
   1.66567     -1.818885     -1.818889
   1.72123     -1.767425     -1.767429
   1.77680     -1.656286     -1.656290
   1.83236     -1.545057     -1.545059
   1.88792     -1.447124     -1.447127
   1.94348     -1.346257     -1.346260
   1.99904     -1.167852     -1.167856
   2.05461     -1.048768     -1.048772
   2.11017     -0.941864     -0.941868
   2.16573     -0.844498     -0.844503
   2.22129     -0.753693     -0.753699
   2.27685     -0.700126     -0.700136
   2.27685     -0.700126     -0.700136
   2.33316     -0.756198     -0.756205
   2.38946     -0.862202     -0.862207
   2.44576     -0.978287     -0.978292
   2.50206     -1.097375     -1.097382
   2.55836     -1.181793     -1.181798
   2.61466     -1.315798     -1.315803
   2.67096     -1.486225     -1.486228
   2.72727     -1.606518     -1.606521
   2.78357     -1.717394     -1.717397
   2.83987     -1.816112     -1.816115
   2.89617     -1.900663     -1.900666
   2.95247     -1.969496     -1.969499
   3.00877     -2.021299     -2.021303
   3.06508     -2.030958     -2.030959
   3.12138     -1.954745     -1.954746
   3.12138     -1.954745     -1.954746
   3.18152     -1.946508     -1.946510
   3.24165     -1.934166     -1.934167
   3.30179     -1.956511     -1.956512
   3.36193     -2.111966     -2.111966
   3.42207     -2.274986     -2.274986
   3.48221     -2.431416     -2.431415
   3.54234     -2.570440     -2.570439
   3.60248     -2.667445     -2.667443
   3.60248     -2.667445     -2.667442
   3.65594     -2.620429     -2.620428
   3.70941     -2.558633     -2.558633
   3.76287     -2.473322     -2.473323
   3.81633     -2.365326     -2.365328
   3.86979     -2.241092     -2.241096
   3.92325     -2.106088     -2.106092
   3.97672     -1.964351     -1.964355
   4.03018     -1.819222     -1.819228
   4.08364     -1.675311     -1.675316
   4.13710     -1.582163     -1.582164
   4.19057     -1.510954     -1.510957
   4.24403     -1.374290     -1.374291
   4.29749     -1.184770     -1.184773
   4.35095     -1.019519     -1.019524
   4.40442     -0.913602     -0.913611
   4.45788     -0.843640     -0.843650
   4.51134     -0.809674     -0.809684
   4.56480     -0.816902     -0.816915
   4.56480     -0.816902     -0.816915
   4.59892     -0.782825     -0.782835
   4.63303     -0.745267     -0.745277
   4.66714     -0.713738     -0.713748
   4.70125     -0.700126     -0.700136
   4.70125     -1.976421     -1.976425
   4.75755     -1.989458     -1.989466
   4.81385     -1.958297     -1.958305
   4.87015     -1.920135     -1.920135
   4.92645     -1.898539     -1.898545
   4.98275     -1.827637     -1.827642
   5.03904     -1.718587     -1.718588
   5.09534     -1.562681     -1.562688
   5.15164     -1.452135     -1.452143
   5.20794     -1.339391     -1.339399
   5.26424     -1.229646     -1.229655
   5.32054     -0.996930     -0.996931
   5.37683     -0.840741     -0.840747
   5.43313     -0.769843     -0.769851
   5.48943     -0.721424     -0.721432
   5.54573     -0.700126     -0.700136
   5.54573     -0.700126     -0.700136
   5.60129     -0.727404     -0.727413
   5.65685     -0.790496     -0.790504
   5.71240     -0.877442     -0.877449
   5.76796     -0.987857     -0.987861
   5.82352     -1.175480     -1.175481
   5.87908     -1.273258     -1.273266
   5.93464     -1.373082     -1.373089
   5.99020     -1.503754     -1.503755
   6.04576     -1.665450     -1.665452
   6.10131     -1.780270     -1.780272
   6.15687     -1.836710     -1.836711
   6.21243     -1.844248     -1.844250
   6.26799     -1.820961     -1.820962
   6.32355     -1.842570     -1.842573
   6.37911     -1.851155     -1.851158
 
# Band-Index   34
   6.37911     -1.831457     -1.831467
   6.32355     -1.822433     -1.822444
   6.26799     -1.816889     -1.816892
   6.21243     -1.775042     -1.775046
   6.15687     -1.717712     -1.717716
   6.10131     -1.646485     -1.646490
   6.04576     -1.563386     -1.563391
   5.99020     -1.470994     -1.471000
   5.93464     -1.318999     -1.319003
   5.87908     -1.238192     -1.238193
   5.82352     -1.121756     -1.121757
   5.76796     -0.964685     -0.964692
   5.71240     -0.839466     -0.839469
   5.65685     -0.737164     -0.737166
   5.60129     -0.679482     -0.679483
   5.54573     -0.665750     -0.665751
   5.54573     -0.665750     -0.665751
   5.48943     -0.673097     -0.673099
   5.43313     -0.719173     -0.719175
   5.37683     -0.810305     -0.810308
   5.32054     -0.951127     -0.951128
   5.26424     -1.099220     -1.099220
   5.20794     -1.246856     -1.246856
   5.15164     -1.363247     -1.363247
   5.09534     -1.537360     -1.537362
   5.03904     -1.666731     -1.666738
   4.98275     -1.760810     -1.760817
   4.92645     -1.842164     -1.842171
   4.87015     -1.908593     -1.908601
   4.81385     -1.929766     -1.929767
   4.75755     -1.949107     -1.949108
   4.70125     -1.973123     -1.973121
   4.70125     -0.665750     -0.665751
   4.66714     -0.650187     -0.650188
   4.63303     -0.613644     -0.613646
   4.59892     -0.568864     -0.568866
   4.56480     -0.522060     -0.522061
   4.56480     -0.522060     -0.522061
   4.51134     -0.586931     -0.586933
   4.45788     -0.696007     -0.696009
   4.40442     -0.843604     -0.843605
   4.35095     -1.014787     -1.014791
   4.29749     -1.160558     -1.160564
   4.24403     -1.273377     -1.273382
   4.19057     -1.399632     -1.399636
   4.13710     -1.534495     -1.534500
   4.08364     -1.626369     -1.626370
   4.03018     -1.757602     -1.757606
   3.97672     -1.872587     -1.872590
   3.92325     -1.947262     -1.947264
   3.86979     -1.978553     -1.978555
   3.81633     -1.974213     -1.974214
   3.76287     -1.946978     -1.946980
   3.70941     -1.908345     -1.908347
   3.65594     -1.874937     -1.874938
   3.60248     -1.851116     -1.851117
   3.60248     -1.851117     -1.851118
   3.54234     -1.910033     -1.910038
   3.48221     -1.951308     -1.951313
   3.42207     -1.956241     -1.956245
   3.36193     -1.911205     -1.911206
   3.30179     -1.922778     -1.922780
   3.24165     -1.927429     -1.927429
   3.18152     -1.942673     -1.942674
   3.12138     -1.951282     -1.951283
   3.12138     -1.951282     -1.951283
   3.06508     -1.870196     -1.870197
   3.00877     -1.788827     -1.788828
   2.95247     -1.732082     -1.732084
   2.89617     -1.742227     -1.742228
   2.83987     -1.751240     -1.751241
   2.78357     -1.697424     -1.697428
   2.72727     -1.532134     -1.532139
   2.67096     -1.375298     -1.375301
   2.61466     -1.275553     -1.275557
   2.55836     -1.140575     -1.140581
   2.50206     -0.983623     -0.983629
   2.44576     -0.832446     -0.832453
   2.38946     -0.716774     -0.716779
   2.33316     -0.664111     -0.664115
   2.27685     -0.665750     -0.665751
   2.27685     -0.665750     -0.665751
   2.22129     -0.663067     -0.663071
   2.16573     -0.704954     -0.704959
   2.11017     -0.805687     -0.805693
   2.05461     -0.945999     -0.946006
   1.99904     -1.162687     -1.162691
   1.94348     -1.277861     -1.277865
   1.88792     -1.390969     -1.390974
   1.83236     -1.499167     -1.499171
   1.77680     -1.635394     -1.635396
   1.72123     -1.716862     -1.716863
   1.66567     -1.785959     -1.785960
   1.61011     -1.822112     -1.822115
   1.55455     -1.859880     -1.859886
   1.49899     -1.885645     -1.885652
   1.44342     -1.894278     -1.894284
   1.44342     -1.894278     -1.894284
   1.38329     -1.928515     -1.928521
   1.32315     -2.021736     -2.021742
   1.26301     -2.152420     -2.152425
   1.20287     -2.235079     -2.235079
   1.14274     -2.194727     -2.194726
   1.08260     -2.153165     -2.153165
   1.02246     -2.116376     -2.116376
   0.96232     -2.098424     -2.098425
   0.96232     -2.098423     -2.098424
   0.90886     -2.104549     -2.104551
   0.85540     -2.105307     -2.105309
   0.80194     -2.107371     -2.107373
   0.74847     -2.108956     -2.108959
   0.69501     -2.079908     -2.079907
   0.64155     -2.062438     -2.062438
   0.58809     -1.995831     -1.995833
   0.53462     -1.870293     -1.870297
   0.48116     -1.717022     -1.717026
   0.42770     -1.551012     -1.551016
   0.37424     -1.375000     -1.375004
   0.32077     -1.190442     -1.190446
   0.26731     -0.999335     -0.999338
   0.21385     -0.841297     -0.841301
   0.16039     -0.764182     -0.764185
   0.10692     -0.708494     -0.708496
   0.05346     -0.675974     -0.675976
   0.00000     -0.665750     -0.665751
 
# Band-Index   35
   0.00000     -0.523386     -0.523397
   0.05346     -0.535852     -0.535863
   0.10692     -0.576389     -0.576400
   0.16039     -0.644688     -0.644698
   0.21385     -0.811536     -0.811538
   0.26731     -0.976796     -0.976800
   0.32077     -1.182553     -1.182557
   0.37424     -1.298381     -1.298383
   0.42770     -1.334635     -1.334637
   0.48116     -1.412696     -1.412701
   0.53462     -1.547450     -1.547454
   0.58809     -1.695740     -1.695744
   0.64155     -1.841373     -1.841377
   0.69501     -1.980667     -1.980671
   0.74847     -2.080168     -2.080168
   0.80194     -2.077528     -2.077528
   0.85540     -2.077691     -2.077692
   0.90886     -2.081034     -2.081036
   0.96232     -2.088818     -2.088820
   0.96232     -2.088819     -2.088821
   1.02246     -2.067529     -2.067530
   1.08260     -1.995326     -1.995328
   1.14274     -1.888160     -1.888163
   1.20287     -1.779841     -1.779844
   1.26301     -1.721302     -1.721306
   1.32315     -1.703889     -1.703892
   1.38329     -1.699743     -1.699746
   1.44342     -1.698844     -1.698847
   1.44342     -1.698844     -1.698847
   1.49899     -1.752173     -1.752175
   1.55455     -1.795801     -1.795803
   1.61011     -1.817371     -1.817376
   1.66567     -1.758801     -1.758807
   1.72123     -1.685173     -1.685179
   1.77680     -1.597908     -1.597913
   1.83236     -1.494056     -1.494062
   1.88792     -1.301914     -1.301920
   1.94348     -1.219201     -1.219206
   1.99904     -1.094939     -1.094945
   2.05461     -0.918413     -0.918418
   2.11017     -0.692386     -0.692390
   2.16573     -0.583951     -0.583959
   2.22129     -0.540616     -0.540626
   2.27685     -0.523386     -0.523397
   2.27685     -0.523386     -0.523397
   2.33316     -0.537684     -0.537694
   2.38946     -0.565098     -0.565106
   2.44576     -0.652667     -0.652672
   2.50206     -0.858266     -0.858270
   2.55836     -1.084542     -1.084547
   2.61466     -1.263228     -1.263233
   2.67096     -1.350197     -1.350200
   2.72727     -1.449839     -1.449841
   2.78357     -1.513759     -1.513760
   2.83987     -1.576064     -1.576065
   2.89617     -1.641444     -1.641445
   2.95247     -1.712165     -1.712166
   3.00877     -1.727552     -1.727554
   3.06508     -1.726905     -1.726906
   3.12138     -1.727128     -1.727129
   3.12138     -1.727128     -1.727129
   3.18152     -1.745700     -1.745702
   3.24165     -1.826448     -1.826449
   3.30179     -1.912767     -1.912768
   3.36193     -1.905951     -1.905955
   3.42207     -1.897840     -1.897841
   3.48221     -1.881431     -1.881433
   3.54234     -1.860387     -1.860388
   3.60248     -1.849301     -1.849306
   3.60248     -1.849300     -1.849305
   3.65594     -1.869128     -1.869134
   3.70941     -1.870853     -1.870853
   3.76287     -1.844410     -1.844410
   3.81633     -1.804413     -1.804414
   3.86979     -1.760928     -1.760928
   3.92325     -1.721029     -1.721029
   3.97672     -1.687235     -1.687236
   4.03018     -1.658233     -1.658234
   4.08364     -1.614562     -1.614564
   4.13710     -1.519939     -1.519946
   4.19057     -1.377014     -1.377022
   4.24403     -1.238630     -1.238638
   4.29749     -1.107021     -1.107030
   4.35095     -0.955717     -0.955723
   4.40442     -0.766464     -0.766469
   4.45788     -0.599080     -0.599086
   4.51134     -0.505756     -0.505758
   4.56480     -0.521599     -0.521602
   4.56480     -0.521599     -0.521602
   4.59892     -0.475504     -0.475506
   4.63303     -0.472735     -0.472745
   4.66714     -0.508405     -0.508415
   4.70125     -0.523386     -0.523397
   4.70125     -1.759675     -1.759676
   4.75755     -1.746085     -1.746086
   4.81385     -1.709458     -1.709458
   4.87015     -1.659154     -1.659154
   4.92645     -1.604162     -1.604163
   4.98275     -1.549775     -1.549776
   5.03904     -1.496639     -1.496640
   5.09534     -1.439563     -1.439563
   5.15164     -1.332699     -1.332700
   5.20794     -1.117925     -1.117926
   5.26424     -1.010625     -1.010634
   5.32054     -0.914363     -0.914371
   5.37683     -0.759809     -0.759811
   5.43313     -0.571358     -0.571368
   5.48943     -0.535614     -0.535624
   5.54573     -0.523386     -0.523397
   5.54573     -0.523386     -0.523397
   5.60129     -0.529689     -0.529700
   5.65685     -0.549766     -0.549777
   5.71240     -0.718455     -0.718456
   5.76796     -0.935274     -0.935275
   5.82352     -1.082853     -1.082861
   5.87908     -1.199278     -1.199287
   5.93464     -1.313381     -1.313383
   5.99020     -1.424203     -1.424211
   6.04576     -1.524963     -1.524972
   6.10131     -1.614481     -1.614491
   6.15687     -1.690487     -1.690497
   6.21243     -1.751258     -1.751268
   6.26799     -1.795521     -1.795531
   6.32355     -1.778804     -1.778805
   6.37911     -1.725902     -1.725903
 
# Band-Index   36
   6.37911     -1.724920     -1.724921
   6.32355     -1.666090     -1.666091
   6.26799     -1.605681     -1.605682
   6.21243     -1.548137     -1.548138
   6.15687     -1.495947     -1.495948
   6.10131     -1.449734     -1.449735
   6.04576     -1.407978     -1.407979
   5.99020     -1.366197     -1.366198
   5.93464     -1.310852     -1.310857
   5.87908     -1.110214     -1.110215
   5.82352     -0.906989     -0.906991
   5.76796     -0.716722     -0.716723
   5.71240     -0.586083     -0.586093
   5.65685     -0.540501     -0.540503
   5.60129     -0.416687     -0.416690
   5.54573     -0.361170     -0.361173
   5.54573     -0.361170     -0.361173
   5.48943     -0.426722     -0.426724
   5.43313     -0.564422     -0.564424
   5.37683     -0.628065     -0.628075
   5.32054     -0.709376     -0.709378
   5.26424     -0.905763     -0.905765
   5.20794     -1.109139     -1.109147
   5.15164     -1.206699     -1.206707
   5.09534     -1.299397     -1.299405
   5.03904     -1.383920     -1.383927
   4.98275     -1.457665     -1.457672
   4.92645     -1.518699     -1.518706
   4.87015     -1.565816     -1.565822
   4.81385     -1.598601     -1.598607
   4.75755     -1.617516     -1.617523
   4.70125     -1.623614     -1.623621
   4.70125     -0.361170     -0.361173
   4.66714     -0.392248     -0.392250
   4.63303     -0.431790     -0.431792
   4.59892     -0.428559     -0.428569
   4.56480     -0.382011     -0.382021
   4.56480     -0.382011     -0.382021
   4.51134     -0.448009     -0.448019
   4.45788     -0.493314     -0.493320
   4.40442     -0.535779     -0.535784
   4.35095     -0.686424     -0.686427
   4.29749     -0.877366     -0.877370
   4.24403     -1.073777     -1.073781
   4.19057     -1.265562     -1.265566
   4.13710     -1.446602     -1.446607
   4.08364     -1.612447     -1.612452
   4.03018     -1.643630     -1.643632
   3.97672     -1.672359     -1.672361
   3.92325     -1.705682     -1.705684
   3.86979     -1.745283     -1.745286
   3.81633     -1.789908     -1.789911
   3.76287     -1.832853     -1.832858
   3.70941     -1.862667     -1.862672
   3.65594     -1.865747     -1.865748
   3.60248     -1.842884     -1.842892
   3.60248     -1.842885     -1.842892
   3.54234     -1.849900     -1.849902
   3.48221     -1.868201     -1.868202
   3.42207     -1.884058     -1.884059
   3.36193     -1.898576     -1.898577
   3.30179     -1.806408     -1.806413
   3.24165     -1.708760     -1.708762
   3.18152     -1.697653     -1.697654
   3.12138     -1.683952     -1.683954
   3.12138     -1.683952     -1.683954
   3.06508     -1.680359     -1.680362
   3.00877     -1.667761     -1.667763
   2.95247     -1.643407     -1.643409
   2.89617     -1.606035     -1.606038
   2.83987     -1.555802     -1.555805
   2.78357     -1.493812     -1.493816
   2.72727     -1.421756     -1.421761
   2.67096     -1.324219     -1.324226
   2.61466     -1.116651     -1.116657
   2.55836     -0.905540     -0.905546
   2.50206     -0.712116     -0.712120
   2.44576     -0.595129     -0.595136
   2.38946     -0.487321     -0.487326
   2.33316     -0.390590     -0.390593
   2.27685     -0.361170     -0.361173
   2.27685     -0.361170     -0.361173
   2.22129     -0.394445     -0.394448
   2.16573     -0.509666     -0.509670
   2.11017     -0.636819     -0.636826
   2.05461     -0.698324     -0.698330
   1.99904     -0.884979     -0.884984
   1.94348     -1.094135     -1.094140
   1.88792     -1.299488     -1.299491
   1.83236     -1.349733     -1.349736
   1.77680     -1.389643     -1.389645
   1.72123     -1.429525     -1.429527
   1.66567     -1.473951     -1.473952
   1.61011     -1.524446     -1.524448
   1.55455     -1.580441     -1.580443
   1.49899     -1.639630     -1.639632
   1.44342     -1.697908     -1.697909
   1.44342     -1.697908     -1.697909
   1.38329     -1.695667     -1.695668
   1.32315     -1.695684     -1.695685
   1.26301     -1.708505     -1.708506
   1.20287     -1.765540     -1.765541
   1.14274     -1.876463     -1.876465
   1.08260     -1.984051     -1.984054
   1.02246     -2.053886     -2.053888
   0.96232     -2.079734     -2.079736
   0.96232     -2.079733     -2.079735
   0.90886     -2.068506     -2.068508
   0.85540     -2.042018     -2.042021
   0.80194     -1.999950     -1.999954
   0.74847     -1.938398     -1.938402
   0.69501     -1.857951     -1.857955
   0.64155     -1.761477     -1.761482
   0.58809     -1.652553     -1.652558
   0.53462     -1.534784     -1.534789
   0.48116     -1.403811     -1.403815
   0.42770     -1.285711     -1.285715
   0.37424     -1.162647     -1.162651
   0.32077     -1.044679     -1.044683
   0.26731     -0.936083     -0.936088
   0.21385     -0.771149     -0.771154
   0.16039     -0.641095     -0.641098
   0.10692     -0.503103     -0.503105
   0.05346     -0.408066     -0.408068
   0.00000     -0.361170     -0.361173
 
# Band-Index   37
   0.00000     -0.354176     -0.354178
   0.05346     -0.352932     -0.352934
   0.10692     -0.426864     -0.426868
   0.16039     -0.580666     -0.580671
   0.21385     -0.735357     -0.735366
   0.26731     -0.844061     -0.844070
   0.32077     -0.966913     -0.966922
   0.37424     -1.100516     -1.100524
   0.42770     -1.239985     -1.239992
   0.48116     -1.346123     -1.346126
   0.53462     -1.385122     -1.385124
   0.58809     -1.422065     -1.422067
   0.64155     -1.463354     -1.463356
   0.69501     -1.508966     -1.508967
   0.74847     -1.557172     -1.557174
   0.80194     -1.604644     -1.604645
   0.85540     -1.645901     -1.645902
   0.90886     -1.672455     -1.672457
   0.96232     -1.674043     -1.674047
   0.96232     -1.674044     -1.674047
   1.02246     -1.676593     -1.676595
   1.08260     -1.669861     -1.669861
   1.14274     -1.655009     -1.655009
   1.20287     -1.620926     -1.620926
   1.26301     -1.538102     -1.538104
   1.32315     -1.434176     -1.434177
   1.38329     -1.357660     -1.357661
   1.44342     -1.329957     -1.329958
   1.44342     -1.329957     -1.329958
   1.49899     -1.323571     -1.323573
   1.55455     -1.303338     -1.303341
   1.61011     -1.268974     -1.268978
   1.66567     -1.221250     -1.221254
   1.72123     -1.161516     -1.161520
   1.77680     -1.091654     -1.091659
   1.83236     -1.014146     -1.014151
   1.88792     -0.932091     -0.932096
   1.94348     -0.849255     -0.849260
   1.99904     -0.769888     -0.769894
   2.05461     -0.690819     -0.690824
   2.11017     -0.537452     -0.537455
   2.16573     -0.439386     -0.439388
   2.22129     -0.379293     -0.379295
   2.27685     -0.354176     -0.354178
   2.27685     -0.354176     -0.354178
   2.33316     -0.382967     -0.382969
   2.38946     -0.458444     -0.458446
   2.44576     -0.562100     -0.562103
   2.50206     -0.635106     -0.635112
   2.55836     -0.739473     -0.739478
   2.61466     -0.865693     -0.865698
   2.67096     -0.989674     -0.989679
   2.72727     -1.108756     -1.108760
   2.78357     -1.219998     -1.220002
   2.83987     -1.320755     -1.320760
   2.89617     -1.408741     -1.408745
   2.95247     -1.481883     -1.481888
   3.00877     -1.538012     -1.538017
   3.06508     -1.574317     -1.574322
   3.12138     -1.587120     -1.587126
   3.12138     -1.587120     -1.587126
   3.18152     -1.616529     -1.616534
   3.24165     -1.696421     -1.696424
   3.30179     -1.713805     -1.713806
   3.36193     -1.722444     -1.722445
   3.42207     -1.736458     -1.736459
   3.48221     -1.757877     -1.757878
   3.54234     -1.788219     -1.788220
   3.60248     -1.830652     -1.830654
   3.60248     -1.830652     -1.830653
   3.65594     -1.799565     -1.799567
   3.70941     -1.762420     -1.762422
   3.76287     -1.716824     -1.716827
   3.81633     -1.657130     -1.657135
   3.86979     -1.579283     -1.579289
   3.92325     -1.483302     -1.483309
   3.97672     -1.373144     -1.373150
   4.03018     -1.254625     -1.254630
   4.08364     -1.134024     -1.134028
   4.13710     -1.013143     -1.013148
   4.19057     -0.895252     -0.895257
   4.24403     -0.784305     -0.784309
   4.29749     -0.684507     -0.684512
   4.35095     -0.600184     -0.600188
   4.40442     -0.515992     -0.515995
   4.45788     -0.388016     -0.388025
   4.51134     -0.362249     -0.362260
   4.56480     -0.381777     -0.381787
   4.56480     -0.381777     -0.381787
   4.59892     -0.335783     -0.335793
   4.63303     -0.308985     -0.308987
   4.66714     -0.329576     -0.329578
   4.70125     -0.354176     -0.354178
   4.70125     -1.531485     -1.531493
   4.75755     -1.520472     -1.520480
   4.81385     -1.488434     -1.488442
   4.87015     -1.437622     -1.437630
   4.92645     -1.370514     -1.370522
   4.98275     -1.289632     -1.289640
   5.03904     -1.197744     -1.197752
   5.09534     -1.098036     -1.098045
   5.15164     -0.994219     -0.994228
   5.20794     -0.890557     -0.890567
   5.26424     -0.791778     -0.791788
   5.32054     -0.702743     -0.702753
   5.37683     -0.543097     -0.543099
   5.43313     -0.422255     -0.422257
   5.48943     -0.358382     -0.358385
   5.54573     -0.354176     -0.354178
   5.54573     -0.354176     -0.354178
   5.60129     -0.365243     -0.365246
   5.65685     -0.432914     -0.432916
   5.71240     -0.553700     -0.553702
   5.76796     -0.639077     -0.639088
   5.82352     -0.706224     -0.706234
   5.87908     -0.783280     -0.783290
   5.93464     -0.865489     -0.865499
   5.99020     -0.948249     -0.948258
   6.04576     -1.027436     -1.027445
   6.10131     -1.099567     -1.099575
   6.15687     -1.161777     -1.161785
   6.21243     -1.211829     -1.211837
   6.26799     -1.248079     -1.248087
   6.32355     -1.269518     -1.269525
   6.37911     -1.276307     -1.276313
 
# Band-Index   38
   6.37911     -1.270949     -1.270959
   6.32355     -1.261568     -1.261577
   6.26799     -1.234935     -1.234943
   6.21243     -1.192429     -1.192437
   6.15687     -1.135127     -1.135135
   6.10131     -1.064403     -1.064412
   6.04576     -0.982083     -0.982091
   5.99020     -0.890443     -0.890451
   5.93464     -0.792233     -0.792242
   5.87908     -0.690639     -0.690648
   5.82352     -0.589159     -0.589168
   5.76796     -0.491370     -0.491379
   5.71240     -0.400569     -0.400578
   5.65685     -0.320178     -0.320188
   5.60129     -0.257014     -0.257023
   5.54573     -0.221561     -0.221568
   5.54573     -0.221561     -0.221568
   5.48943     -0.247582     -0.247591
   5.43313     -0.298248     -0.298257
   5.37683     -0.362730     -0.362740
   5.32054     -0.435497     -0.435506
   5.26424     -0.514140     -0.514149
   5.20794     -0.595936     -0.595945
   5.15164     -0.677717     -0.677726
   5.09534     -0.756269     -0.756278
   5.03904     -0.828594     -0.828602
   4.98275     -0.892091     -0.892100
   4.92645     -0.944619     -0.944627
   4.87015     -0.984507     -0.984515
   4.81385     -1.010553     -1.010562
   4.75755     -1.022052     -1.022061
   4.70125     -1.020765     -1.020771
   4.70125     -0.221561     -0.221568
   4.66714     -0.252683     -0.252693
   4.63303     -0.292181     -0.292191
   4.59892     -0.296354     -0.296357
   4.56480     -0.292087     -0.292090
   4.56480     -0.292087     -0.292090
   4.51134     -0.313936     -0.313938
   4.45788     -0.386628     -0.386632
   4.40442     -0.447251     -0.447261
   4.35095     -0.531118     -0.531128
   4.29749     -0.632664     -0.632673
   4.24403     -0.746898     -0.746907
   4.19057     -0.869612     -0.869621
   4.13710     -0.996986     -0.996994
   4.08364     -1.125378     -1.125386
   4.03018     -1.250678     -1.250684
   3.97672     -1.367167     -1.367171
   3.92325     -1.473167     -1.473170
   3.86979     -1.566206     -1.566209
   3.81633     -1.644038     -1.644040
   3.76287     -1.707081     -1.707083
   3.70941     -1.757631     -1.757633
   3.65594     -1.796123     -1.796124
   3.60248     -1.825941     -1.825942
   3.60248     -1.825941     -1.825943
   3.54234     -1.782148     -1.782150
   3.48221     -1.682572     -1.682575
   3.42207     -1.557466     -1.557469
   3.36193     -1.420499     -1.420503
   3.30179     -1.287367     -1.287371
   3.24165     -1.174961     -1.174965
   3.18152     -1.099382     -1.099387
   3.12138     -1.072674     -1.072678
   3.12138     -1.072674     -1.072678
   3.06508     -1.078569     -1.078574
   3.00877     -1.073165     -1.073170
   2.95247     -1.054636     -1.054641
   2.89617     -1.023720     -1.023725
   2.83987     -0.981642     -0.981647
   2.78357     -0.930136     -0.930141
   2.72727     -0.871540     -0.871545
   2.67096     -0.808829     -0.808834
   2.61466     -0.745670     -0.745676
   2.55836     -0.686262     -0.686268
   2.50206     -0.610309     -0.610316
   2.44576     -0.471703     -0.471712
   2.38946     -0.341473     -0.341483
   2.33316     -0.253276     -0.253285
   2.27685     -0.221561     -0.221568
   2.27685     -0.221561     -0.221568
   2.22129     -0.245312     -0.245321
   2.16573     -0.324427     -0.324436
   2.11017     -0.439376     -0.439385
   2.05461     -0.552181     -0.552187
   1.99904     -0.657049     -0.657054
   1.94348     -0.760483     -0.760488
   1.88792     -0.861855     -0.861860
   1.83236     -0.958546     -0.958551
   1.77680     -1.047841     -1.047845
   1.72123     -1.127384     -1.127388
   1.66567     -1.195261     -1.195266
   1.61011     -1.249976     -1.249981
   1.55455     -1.290420     -1.290425
   1.49899     -1.315716     -1.315722
   1.44342     -1.324622     -1.324630
   1.44342     -1.324622     -1.324630
   1.38329     -1.352369     -1.352377
   1.32315     -1.429021     -1.429028
   1.26301     -1.533139     -1.533145
   1.20287     -1.617582     -1.617587
   1.14274     -1.649731     -1.649736
   1.08260     -1.662768     -1.662773
   1.02246     -1.670000     -1.670005
   0.96232     -1.672621     -1.672620
   0.96232     -1.672620     -1.672619
   0.90886     -1.657591     -1.657593
   0.85540     -1.625644     -1.625648
   0.80194     -1.573767     -1.573772
   0.74847     -1.502549     -1.502555
   0.69501     -1.415344     -1.415349
   0.64155     -1.315862     -1.315867
   0.58809     -1.207447     -1.207451
   0.53462     -1.093072     -1.093076
   0.48116     -0.975335     -0.975339
   0.42770     -0.857124     -0.857128
   0.37424     -0.741591     -0.741595
   0.32077     -0.632352     -0.632356
   0.26731     -0.533302     -0.533307
   0.21385     -0.448412     -0.448418
   0.16039     -0.380942     -0.380948
   0.10692     -0.329552     -0.329559
   0.05346     -0.270124     -0.270133
   0.00000     -0.221561     -0.221568
 
# Band-Index   39
   0.00000     -0.214670     -0.214682
   0.05346     -0.211857     -0.211867
   0.10692     -0.246933     -0.246944
   0.16039     -0.310579     -0.310589
   0.21385     -0.394224     -0.394233
   0.26731     -0.492914     -0.492923
   0.32077     -0.602850     -0.602859
   0.37424     -0.720445     -0.720454
   0.42770     -0.842267     -0.842276
   0.48116     -0.965073     -0.965081
   0.53462     -1.085920     -1.085928
   0.58809     -1.201952     -1.201960
   0.64155     -1.310695     -1.310702
   0.69501     -1.409798     -1.409804
   0.74847     -1.496732     -1.496737
   0.80194     -1.568455     -1.568460
   0.85540     -1.621936     -1.621941
   0.90886     -1.655183     -1.655189
   0.96232     -1.668931     -1.668938
   0.96232     -1.668932     -1.668938
   1.02246     -1.631611     -1.631614
   1.08260     -1.546543     -1.546546
   1.14274     -1.430342     -1.430346
   1.20287     -1.299620     -1.299624
   1.26301     -1.171587     -1.171591
   1.32315     -1.063348     -1.063353
   1.38329     -0.990629     -0.990634
   1.44342     -0.964954     -0.964958
   1.44342     -0.964954     -0.964958
   1.49899     -0.957819     -0.957824
   1.55455     -0.936593     -0.936598
   1.61011     -0.901791     -0.901796
   1.66567     -0.854315     -0.854320
   1.72123     -0.795494     -0.795500
   1.77680     -0.727158     -0.727163
   1.83236     -0.651749     -0.651754
   1.88792     -0.572344     -0.572349
   1.94348     -0.492710     -0.492716
   1.99904     -0.417237     -0.417243
   2.05461     -0.350606     -0.350612
   2.11017     -0.296963     -0.296969
   2.16573     -0.258104     -0.258112
   2.22129     -0.230514     -0.230524
   2.27685     -0.214670     -0.214682
   2.27685     -0.214670     -0.214682
   2.33316     -0.223638     -0.223648
   2.38946     -0.247757     -0.247765
   2.44576     -0.286719     -0.286726
   2.50206     -0.342717     -0.342723
   2.55836     -0.413543     -0.413549
   2.61466     -0.494784     -0.494789
   2.67096     -0.581592     -0.581597
   2.72727     -0.669449     -0.669454
   2.78357     -0.754476     -0.754481
   2.83987     -0.833513     -0.833518
   2.89617     -0.904037     -0.904042
   2.95247     -0.964137     -0.964142
   3.00877     -1.012386     -1.012391
   3.06508     -1.047729     -1.047734
   3.12138     -1.067315     -1.067320
   3.12138     -1.067315     -1.067320
   3.18152     -1.094091     -1.094096
   3.24165     -1.169845     -1.169850
   3.30179     -1.282477     -1.282481
   3.36193     -1.415830     -1.415834
   3.42207     -1.552970     -1.552974
   3.48221     -1.678140     -1.678144
   3.54234     -1.777545     -1.777549
   3.60248     -1.821495     -1.821494
   3.60248     -1.821494     -1.821494
   3.65594     -1.775790     -1.775795
   3.70941     -1.695904     -1.695909
   3.76287     -1.607311     -1.607317
   3.81633     -1.511004     -1.511010
   3.86979     -1.407672     -1.407677
   3.92325     -1.297990     -1.297996
   3.97672     -1.182806     -1.182812
   4.03018     -1.063326     -1.063333
   4.08364     -0.941206     -0.941213
   4.13710     -0.818652     -0.818659
   4.19057     -0.698352     -0.698359
   4.24403     -0.583409     -0.583416
   4.29749     -0.477128     -0.477136
   4.35095     -0.382443     -0.382451
   4.40442     -0.300755     -0.300764
   4.45788     -0.230734     -0.230744
   4.51134     -0.175120     -0.175130
   4.56480     -0.152452     -0.152462
   4.56480     -0.152452     -0.152462
   4.59892     -0.156728     -0.156738
   4.63303     -0.169382     -0.169392
   4.66714     -0.190004     -0.190015
   4.70125     -0.214670     -0.214682
   4.70125     -1.015335     -1.015346
   4.75755     -0.999053     -0.999063
   4.81385     -0.965948     -0.965958
   4.87015     -0.918980     -0.918990
   4.92645     -0.859478     -0.859488
   4.98275     -0.789202     -0.789212
   5.03904     -0.710416     -0.710426
   5.09534     -0.625987     -0.625997
   5.15164     -0.539385     -0.539395
   5.20794     -0.454653     -0.454663
   5.26424     -0.376289     -0.376300
   5.32054     -0.308976     -0.308986
   5.37683     -0.257038     -0.257049
   5.43313     -0.223740     -0.223750
   5.48943     -0.210516     -0.210527
   5.54573     -0.214670     -0.214682
   5.54573     -0.214670     -0.214682
   5.60129     -0.203460     -0.203470
   5.65685     -0.211517     -0.211528
   5.71240     -0.240839     -0.240850
   5.76796     -0.289166     -0.289176
   5.82352     -0.352657     -0.352668
   5.87908     -0.426626     -0.426636
   5.93464     -0.506176     -0.506187
   5.99020     -0.586691     -0.586701
   6.04576     -0.664090     -0.664100
   6.10131     -0.734936     -0.734945
   6.15687     -0.796410     -0.796419
   6.21243     -0.846340     -0.846349
   6.26799     -0.883111     -0.883120
   6.32355     -0.905606     -0.905615
   6.37911     -0.913179     -0.913188
 
# Band-Index   40
   6.37911      1.333306      1.333315
   6.32355      1.306184      1.306190
   6.26799      1.335306      1.335312
   6.21243      1.421116      1.421122
   6.15687      1.559530      1.559535
   6.10131      1.743437      1.743442
   6.04576      1.962973      1.962977
   5.99020      2.205739      2.205742
   5.93464      2.456724      2.456727
   5.87908      2.650697      2.650701
   5.82352      2.525407      2.525411
   5.76796      2.400877      2.400881
   5.71240      2.284786      2.284790
   5.65685      2.186760      2.186764
   5.60129      2.119543      2.119547
   5.54573      2.095384      2.095388
   5.54573      2.095384      2.095388
   5.48943      2.121700      2.121705
   5.43313      2.194506      2.194510
   5.37683      2.299222      2.299226
   5.32054      2.419741      2.419745
   5.26424      2.541379      2.541383
   5.20794      2.645870      2.645873
   5.15164      2.488112      2.488115
   5.09534      2.251543      2.251546
   5.03904      2.034521      2.034525
   4.98275      1.849610      1.849615
   4.92645      1.707165      1.707170
   4.87015      1.558031      1.558038
   4.81385      1.405294      1.405300
   4.75755      1.311796      1.311802
   4.70125      1.280349      1.280355
   4.70125      2.095384      2.095388
   4.66714      2.126908      2.126913
   4.63303      2.216431      2.216435
   4.59892      2.354277      2.354281
   4.56480      2.516246      2.516250
   4.56480      2.516246      2.516250
   4.51134      2.533377      2.533381
   4.45788      2.579537      2.579540
   4.40442      2.642324      2.642328
   4.35095      2.708133      2.708135
   4.29749      2.764501      2.764503
   4.24403      2.797165      2.797167
   4.19057      2.705604      2.705606
   4.13710      2.518124      2.518128
   4.08364      2.351065      2.351069
   4.03018      2.212442      2.212446
   3.97672      2.109184      2.109188
   3.92325      2.046972      2.046976
   3.86979      1.991019      1.991027
   3.81633      1.913683      1.913691
   3.76287      1.875197      1.875204
   3.70941      1.876934      1.876942
   3.65594      1.913801      1.913806
   3.60248      1.971761      1.971766
   3.60248      1.971762      1.971766
   3.54234      1.829975      1.829984
   3.48221      1.696628      1.696637
   3.42207      1.578886      1.578896
   3.36193      1.474610      1.474620
   3.30179      1.383820      1.383831
   3.24165      1.310060      1.310071
   3.18152      1.260429      1.260441
   3.12138      1.242721      1.242733
   3.12138      1.242721      1.242733
   3.06508      1.264886      1.264897
   3.00877      1.331308      1.331319
   2.95247      1.441355      1.441366
   2.89617      1.592803      1.592813
   2.83987      1.780685      1.780694
   2.78357      1.996433      1.996441
   2.72727      2.227452      2.227458
   2.67096      2.457597      2.457602
   2.61466      2.669424      2.669427
   2.55836      2.581102      2.581104
   2.50206      2.440616      2.440619
   2.44576      2.309821      2.309824
   2.38946      2.199168      2.199172
   2.33316      2.122914      2.122918
   2.27685      2.095384      2.095388
   2.27685      2.095384      2.095388
   2.22129      2.120651      2.120655
   2.16573      2.189991      2.189994
   2.11017      2.288944      2.288947
   2.05461      2.403581      2.403584
   1.99904      2.524486      2.524489
   1.94348      2.644714      2.644716
   1.88792      2.425048      2.425053
   1.83236      2.169162      2.169168
   1.77680      1.923780      1.923787
   1.72123      1.703492      1.703500
   1.66567      1.520122      1.520131
   1.61011      1.382876      1.382886
   1.55455      1.298261      1.298271
   1.49899      1.269965      1.269976
   1.44342      1.297476      1.297487
   1.44342      1.297476      1.297487
   1.38329      1.314686      1.314696
   1.32315      1.364036      1.364046
   1.26301      1.437968      1.437977
   1.20287      1.528250      1.528258
   1.14274      1.628564      1.628571
   1.08260      1.733455      1.733462
   1.02246      1.834905      1.834911
   0.96232      1.917326      1.917332
   0.96232      1.917326      1.917332
   0.90886      1.845423      1.845429
   0.85540      1.811063      1.811069
   0.80194      1.827196      1.827202
   0.74847      1.891446      1.891452
   0.69501      1.966997      1.967004
   0.64155      2.023376      2.023383
   0.58809      2.114298      2.114304
   0.53462      2.237112      2.237118
   0.48116      2.386207      2.386212
   0.42770      2.553678      2.553683
   0.37424      2.727357      2.727360
   0.32077      2.628240      2.628243
   0.26731      2.507141      2.507144
   0.21385      2.388128      2.388131
   0.16039      2.277550      2.277553
   0.10692      2.183759      2.183763
   0.05346      2.118870      2.118874
   0.00000      2.095384      2.095388
 
# Band-Index   41
   0.00000      3.305857      3.305859
   0.05346      3.300066      3.300067
   0.10692      3.285404      3.285401
   0.16039      3.248021      3.248024
   0.21385      3.171960      3.171962
   0.26731      3.051524      3.051526
   0.32077      2.899697      2.899699
   0.37424      2.741361      2.741364
   0.42770      2.591883      2.591886
   0.48116      2.427540      2.427543
   0.53462      2.279408      2.279411
   0.58809      2.155439      2.155442
   0.64155      2.061193      2.061197
   0.69501      1.999131      1.999134
   0.74847      1.944432      1.944439
   0.80194      1.949919      1.949927
   0.85540      1.965427      1.965431
   0.90886      1.958392      1.958396
   0.96232      1.931392      1.931398
   0.96232      1.931392      1.931398
   1.02246      1.867586      1.867596
   1.08260      1.763001      1.763011
   1.14274      1.653392      1.653401
   1.20287      1.547886      1.547896
   1.26301      1.452392      1.452402
   1.32315      1.373579      1.373590
   1.38329      1.320043      1.320054
   1.44342      1.300599      1.300610
   1.44342      1.300599      1.300610
   1.49899      1.384222      1.384233
   1.55455      1.522579      1.522589
   1.61011      1.710002      1.710013
   1.66567      1.941198      1.941208
   1.72123      2.209039      2.209049
   1.77680      2.499651      2.499660
   1.83236      2.730907      2.730910
   1.88792      2.751258      2.751260
   1.94348      2.674499      2.674502
   1.99904      2.897436      2.897438
   2.05461      3.077552      3.077554
   2.11017      3.203517      3.203518
   2.16573      3.274273      3.274270
   2.22129      3.301361      3.301331
   2.27685      3.305848      3.305886
   2.27685      3.305844      3.305852
   2.33316      3.256256      3.256261
   2.38946      3.195162      3.195163
   2.44576      3.111992      3.111995
   2.50206      2.999061      2.999063
   2.55836      2.852245      2.852247
   2.61466      2.724432      2.724434
   2.67096      2.737165      2.737168
   2.72727      2.512051      2.512055
   2.78357      2.290057      2.290062
   2.83987      2.084662      2.084667
   2.89617      1.907736      1.907742
   2.95247      1.769421      1.769427
   3.00877      1.677703      1.677710
   3.06508      1.637890      1.637897
   3.12138      1.648469      1.648476
   3.12138      1.648469      1.648476
   3.18152      1.664565      1.664571
   3.24165      1.710174      1.710180
   3.30179      1.778948      1.778954
   3.36193      1.863303      1.863309
   3.42207      1.952973      1.952978
   3.48221      2.025073      2.025077
   3.54234      2.032885      2.032889
   3.60248      1.981491      1.981499
   3.60248      1.981491      1.981499
   3.65594      1.918252      1.918259
   3.70941      1.883470      1.883474
   3.76287      1.889463      1.889467
   3.81633      1.934947      1.934951
   3.86979      2.018582      2.018586
   3.92325      2.103748      2.103755
   3.97672      2.246003      2.246010
   4.03018      2.407875      2.407881
   4.08364      2.571718      2.571723
   4.13710      2.708176      2.708179
   4.19057      2.785267      2.785269
   4.24403      2.824797      2.824800
   4.29749      2.789410      2.789413
   4.35095      2.731735      2.731738
   4.40442      2.665407      2.665410
   4.45788      2.602319      2.602322
   4.51134      2.555813      2.555816
   4.56480      2.538496      2.538500
   4.56480      2.538496      2.538500
   4.59892      2.721460      2.721463
   4.63303      2.923236      2.923239
   4.66714      3.121690      3.121680
   4.70125      3.305844      3.305859
   4.70125      1.680266      1.680271
   4.75755      1.603776      1.603782
   4.81385      1.580385      1.580391
   4.87015      1.615718      1.615723
   4.92645      1.764929      1.764935
   4.98275      2.016336      2.016342
   5.03904      2.295543      2.295548
   5.09534      2.557985      2.557988
   5.15164      2.686120      2.686122
   5.20794      2.728944      2.728947
   5.26424      2.955328      2.955330
   5.32054      3.145271      3.145274
   5.37683      3.186432      3.186435
   5.43313      3.222516      3.222518
   5.48943      3.262323      3.262297
   5.54573      3.305850      3.305856
   5.54573      3.305862      3.305851
   5.60129      3.297691      3.297704
   5.65685      3.268806      3.268803
   5.71240      3.201122      3.201125
   5.76796      3.082839      3.082842
   5.82352      2.912485      2.912488
   5.87908      2.698698      2.698701
   5.93464      2.762719      2.762722
   5.99020      2.750820      2.750822
   6.04576      2.528485      2.528491
   6.10131      2.241510      2.241516
   6.15687      1.975690      1.975696
   6.21243      1.745489      1.745495
   6.26799      1.558393      1.558399
   6.32355      1.420048      1.420054
   6.37911      1.336496      1.336499
 
# Band-Index   42
   6.37911      2.059100      2.059104
   6.32355      2.075884      2.075888
   6.26799      2.125794      2.125798
   6.21243      2.207255      2.207259
   6.15687      2.317006      2.317010
   6.10131      2.449716      2.449719
   6.04576      2.598037      2.598040
   5.99020      2.769765      2.769769
   5.93464      2.903703      2.903705
   5.87908      3.040236      3.040237
   5.82352      3.153276      3.153277
   5.76796      3.235333      3.235334
   5.71240      3.283793      3.283794
   5.65685      3.303885      3.303886
   5.60129      3.307783      3.307797
   5.54573      3.306078      3.306082
   5.54573      3.306081      3.306076
   5.48943      3.340813      3.340807
   5.43313      3.340178      3.340181
   5.37683      3.277724      3.277727
   5.32054      3.149281      3.149282
   5.26424      3.107060      3.107061
   5.20794      3.058616      3.058617
   5.15164      3.001273      3.001275
   5.09534      2.926415      2.926417
   5.03904      2.813838      2.813841
   4.98275      2.643365      2.643369
   4.92645      2.428852      2.428857
   4.87015      2.204070      2.204075
   4.81385      1.994805      1.994811
   4.75755      1.817806      1.817812
   4.70125      1.689008      1.689015
   4.70125      3.306067      3.306082
   4.66714      3.466215      3.466188
   4.63303      3.592524      3.592532
   4.59892      3.674884      3.674864
   4.56480      3.704030      3.703774
   4.56480      3.703745      3.703732
   4.51134      3.675950      3.675887
   4.45788      3.593160      3.593161
   4.40442      3.462102      3.462101
   4.35095      3.294713      3.294715
   4.29749      3.104616      3.104618
   4.24403      2.904473      2.904476
   4.19057      2.817603      2.817605
   4.13710      2.746041      2.746044
   4.08364      2.612609      2.612613
   4.03018      2.448327      2.448331
   3.97672      2.283579      2.283583
   3.92325      2.136871      2.136875
   3.86979      2.030035      2.030039
   3.81633      2.060724      2.060728
   3.76287      2.139701      2.139706
   3.70941      2.263892      2.263895
   3.65594      2.134695      2.134703
   3.60248      1.990017      1.990026
   3.60248      1.990017      1.990026
   3.54234      2.069018      2.069028
   3.48221      2.067178      2.067187
   3.42207      1.986562      1.986571
   3.36193      1.888166      1.888174
   3.30179      1.796949      1.796957
   3.24165      1.723109      1.723117
   3.18152      1.674331      1.674340
   3.12138      1.657152      1.657160
   3.12138      1.657152      1.657160
   3.06508      1.721686      1.721694
   3.00877      1.841383      1.841391
   2.95247      2.007853      2.007861
   2.89617      2.215471      2.215480
   2.83987      2.457250      2.457259
   2.78357      2.719763      2.719771
   2.72727      2.917897      2.917901
   2.67096      2.857746      2.857748
   2.61466      2.951246      2.951249
   2.55836      3.136797      3.136800
   2.50206      3.276696      3.276698
   2.44576      3.356258      3.356259
   2.38946      3.374235      3.374235
   2.33316      3.349167      3.349187
   2.27685      3.306070      3.306100
   2.27685      3.306071      3.306070
   2.22129      3.305771      3.305759
   2.16573      3.302095      3.302051
   2.11017      3.282130      3.282132
   2.05461      3.232113      3.232115
   1.99904      3.146619      3.146621
   1.94348      3.029087      3.029089
   1.88792      2.887963      2.887966
   1.83236      2.749113      2.749118
   1.77680      2.575176      2.575179
   1.72123      2.424823      2.424827
   1.66567      2.290930      2.290935
   1.61011      2.180579      2.180584
   1.55455      2.098840      2.098845
   1.49899      2.048804      2.048809
   1.44342      2.031982      2.031987
   1.44342      2.031982      2.031987
   1.38329      2.043243      2.043248
   1.32315      2.076991      2.076996
   1.26301      2.133111      2.133116
   1.20287      2.211372      2.211377
   1.14274      2.310942      2.310946
   1.08260      2.306114      2.306119
   1.02246      2.089009      2.089015
   0.96232      1.948667      1.948677
   0.96232      1.948667      1.948677
   0.90886      1.979162      1.979172
   0.85540      1.971864      1.971873
   0.80194      1.962624      1.962629
   0.74847      1.968330      1.968333
   0.69501      2.000360      2.000367
   0.64155      2.149213      2.149219
   0.58809      2.331572      2.331577
   0.53462      2.535229      2.535235
   0.48116      2.725184      2.725188
   0.42770      2.803692      2.803694
   0.37424      2.762779      2.762781
   0.32077      2.924756      2.924758
   0.26731      3.066782      3.066784
   0.21385      3.176779      3.176781
   0.16039      3.253836      3.253837
   0.10692      3.295440      3.295432
   0.05346      3.307605      3.307601
   0.00000      3.306088      3.306076
 
# Band-Index   43
   0.00000      4.667872      4.673000
   0.05346      4.677685      4.673021
   0.10692      4.672268      4.673170
   0.16039      4.668145      4.667600
   0.21385      4.498406      4.498360
   0.26731      4.198946      4.198911
   0.32077      3.880488      3.880471
   0.37424      3.583532      3.583540
   0.42770      3.360689      3.360697
   0.48116      3.311445      3.311451
   0.53462      3.410102      3.410105
   0.58809      3.560630      3.560633
   0.64155      3.460511      3.460516
   0.69501      3.245136      3.245141
   0.74847      3.048849      3.048853
   0.80194      2.880146      2.880151
   0.85540      2.753310      2.753314
   0.90886      2.692809      2.692812
   0.96232      2.722518      2.722522
   0.96232      2.722519      2.722522
   1.02246      2.579439      2.579444
   1.08260      2.438474      2.438479
   1.14274      2.587709      2.587715
   1.20287      2.912375      2.912380
   1.26301      3.272512      3.272516
   1.32315      3.285595      3.285601
   1.38329      3.150298      3.150306
   1.44342      3.101821      3.101828
   1.44342      3.101821      3.101828
   1.49899      3.122942      3.122950
   1.55455      3.184768      3.184776
   1.61011      3.282964      3.282971
   1.66567      3.381059      3.381060
   1.72123      3.249116      3.249118
   1.77680      3.128207      3.128209
   1.83236      3.081301      3.081307
   1.88792      3.302947      3.302957
   1.94348      3.652823      3.652836
   1.99904      4.022251      4.022242
   2.05461      4.374614      4.374465
   2.11017      4.598475      4.598281
   2.16573      4.674216      4.675625
   2.22129      4.695314      4.687407
   2.27685      4.667636      4.670632
   2.27685      4.669450      4.668113
   2.33316      4.683891      4.699153
   2.38946      4.674665      4.675260
   2.44576      4.607157      4.607522
   2.50206      4.415468      4.415469
   2.55836      4.092265      4.092271
   2.61466      3.752192      3.752203
   2.67096      3.424540      3.424550
   2.72727      3.180231      3.180238
   2.78357      3.206043      3.206046
   2.83987      3.306120      3.306122
   2.89617      3.392369      3.392371
   2.95247      3.451505      3.451507
   3.00877      3.484953      3.484957
   3.06508      3.503833      3.503837
   3.12138      3.521777      3.521781
   3.12138      3.521777      3.521781
   3.18152      3.560687      3.560692
   3.24165      3.635001      3.635003
   3.30179      3.438121      3.438125
   3.36193      3.117244      3.117248
   3.42207      2.830458      2.830462
   3.48221      2.620011      2.620015
   3.54234      2.555509      2.555512
   3.60248      2.644637      2.644640
   3.60248      2.644637      2.644640
   3.65594      2.437579      2.437584
   3.70941      2.308656      2.308665
   3.76287      2.496840      2.496848
   3.81633      2.706325      2.706333
   3.86979      2.934650      2.934658
   3.92325      3.180492      3.180499
   3.97672      3.441695      3.441702
   4.03018      3.681943      3.681948
   4.08364      3.649569      3.649572
   4.13710      3.677789      3.677793
   4.19057      3.793860      3.793867
   4.24403      3.994045      3.994020
   4.29749      4.244256      4.244282
   4.35095      4.483938      4.483879
   4.40442      4.645192      4.644905
   4.45788      4.654461      4.657956
   4.51134      4.578880      4.582001
   4.56480      4.548632      4.551471
   4.56480      4.548552      4.550884
   4.59892      4.563610      4.562212
   4.63303      4.599337      4.600390
   4.66714      4.647659      4.648609
   4.70125      4.669290      4.669641
   4.70125      3.500536      3.500542
   4.75755      3.414073      3.414081
   4.81385      3.344874      3.344882
   4.87015      3.300503      3.300510
   4.92645      3.291179      3.291186
   4.98275      3.329828      3.329836
   5.03904      3.251871      3.251878
   5.09534      3.206985      3.206993
   5.15164      3.318116      3.318125
   5.20794      3.610879      3.610885
   5.26424      3.968277      3.968269
   5.32054      4.319423      4.319440
   5.37683      4.539889      4.540036
   5.43313      4.621409      4.620060
   5.48943      4.674881      4.666789
   5.54573      4.675264      4.675559
   5.54573      4.669254      4.668399
   5.60129      4.678301      4.667652
   5.65685      4.631679      4.616468
   5.71240      4.540707      4.540773
   5.76796      4.362448      4.362477
   5.82352      4.024057      4.024047
   5.87908      3.664866      3.664874
   5.93464      3.322169      3.322178
   5.99020      3.101537      3.101545
   6.04576      3.148044      3.148050
   6.10131      3.270031      3.270037
   6.15687      3.394548      3.394556
   6.21243      3.272522      3.272532
   6.26799      3.176517      3.176527
   6.32355      3.115855      3.115865
   6.37911      3.095089      3.095099
 
# Band-Index   44
   6.37911      3.867940      3.867947
   6.32355      3.769079      3.769084
   6.26799      3.656469      3.656473
   6.21243      3.533149      3.533153
   6.15687      3.405328      3.405334
   6.10131      3.543622      3.543631
   6.04576      3.703015      3.703024
   5.99020      3.868088      3.868097
   5.93464      4.031356      4.031360
   5.87908      4.185663      4.185618
   5.82352      4.324554      4.324524
   5.76796      4.443784      4.443801
   5.71240      4.619248      4.619092
   5.65685      4.677652      4.674138
   5.60129      4.690224      4.688583
   5.54573      4.703401      4.704426
   5.54573      4.703038      4.698220
   5.48943      4.682536      4.677902
   5.43313      4.678885      4.674546
   5.37683      4.589622      4.589736
   5.32054      4.432447      4.432484
   5.26424      4.285985      4.285937
   5.20794      4.095394      4.095400
   5.15164      3.872008      3.872018
   5.09534      3.643860      3.643868
   5.03904      3.452377      3.452386
   4.98275      3.348021      3.348028
   4.92645      3.442229      3.442234
   4.87015      3.534874      3.534879
   4.81385      3.613171      3.613176
   4.75755      3.597996      3.598003
   4.70125      3.500607      3.500617
   4.70125      4.698001      4.699988
   4.66714      4.687820      4.673249
   4.63303      4.681033      4.679132
   4.59892      4.692489      4.687457
   4.56480      4.706019      4.702296
   4.56480      4.703603      4.701214
   4.51134      4.708901      4.703368
   4.45788      4.705752      4.699663
   4.40442      4.706779      4.708236
   4.35095      4.510947      4.510484
   4.29749      4.255806      4.255760
   4.24403      4.013464      4.013455
   4.19057      3.818252      3.818241
   4.13710      3.705915      3.705918
   4.08364      3.680397      3.680397
   4.03018      3.714118      3.714125
   3.97672      3.746822      3.746825
   3.92325      3.744616      3.744619
   3.86979      3.559649      3.559654
   3.81633      3.347246      3.347251
   3.76287      3.142732      3.142737
   3.70941      2.953862      2.953868
   3.65594      2.786617      2.786622
   3.60248      2.649424      2.649430
   3.60248      2.649424      2.649430
   3.54234      2.583141      2.583146
   3.48221      2.653459      2.653464
   3.42207      2.855856      2.855861
   3.36193      3.134145      3.134149
   3.30179      3.446214      3.446216
   3.24165      3.651717      3.651720
   3.18152      3.566469      3.566474
   3.12138      3.522443      3.522450
   3.12138      3.522443      3.522450
   3.06508      3.550727      3.550733
   3.00877      3.595924      3.595931
   2.95247      3.614530      3.614533
   2.89617      3.609172      3.609176
   2.83987      3.622909      3.622914
   2.78357      3.664039      3.664045
   2.72727      3.740506      3.740514
   2.67096      3.859660      3.859673
   2.61466      4.025004      4.024995
   2.55836      4.228776      4.228501
   2.50206      4.444929      4.444537
   2.44576      4.630950      4.633196
   2.38946      4.714625      4.713902
   2.33316      4.701691      4.699862
   2.27685      4.702227      4.707234
   2.27685      4.698229      4.702623
   2.22129      4.711202      4.716194
   2.16573      4.711315      4.709772
   2.11017      4.647531      4.649488
   2.05461      4.499623      4.499539
   1.99904      4.376598      4.376358
   1.94348      4.231522      4.231536
   1.88792      4.070347      4.070328
   1.83236      3.899802      3.899809
   1.77680      3.727822      3.727829
   1.72123      3.562393      3.562400
   1.66567      3.412318      3.412325
   1.61011      3.515325      3.515326
   1.55455      3.643332      3.643333
   1.49899      3.762060      3.762060
   1.44342      3.865261      3.865261
   1.44342      3.865261      3.865261
   1.38329      3.871079      3.871078
   1.32315      3.686360      3.686365
   1.26301      3.508139      3.508146
   1.20287      3.563676      3.563677
   1.14274      3.313645      3.313647
   1.08260      3.066339      3.066342
   1.02246      2.857969      2.857973
   0.96232      2.743242      2.743248
   0.96232      2.743242      2.743248
   0.90886      2.725751      2.725757
   0.85540      2.775149      2.775155
   0.80194      2.892075      2.892082
   0.74847      3.054400      3.054407
   0.69501      3.247259      3.247266
   0.64155      3.461489      3.461496
   0.58809      3.689078      3.689083
   0.53462      3.920941      3.920945
   0.48116      4.143818      4.143857
   0.42770      4.332459      4.332439
   0.37424      4.463609      4.463013
   0.32077      4.551097      4.552236
   0.26731      4.617488      4.618912
   0.21385      4.655024      4.654789
   0.16039      4.691755      4.695418
   0.10692      4.705793      4.716260
   0.05346      4.699825      4.703352
   0.00000      4.697833      4.707344
 
# Band-Index   45
   0.00000      4.709258      4.725763
   0.05346      4.733853      4.726887
   0.10692      4.745996      4.753733
   0.16039      4.732580      4.732776
   0.21385      4.691897      4.689746
   0.26731      4.633215      4.632516
   0.32077      4.564527      4.564102
   0.37424      4.478820      4.479249
   0.42770      4.349051      4.348163
   0.48116      4.152815      4.152838
   0.53462      3.924871      3.924878
   0.58809      3.690358      3.690364
   0.64155      3.728800      3.728802
   0.69501      3.685033      3.685038
   0.74847      3.474766      3.474771
   0.80194      3.272832      3.272837
   0.85540      3.082528      3.082533
   0.90886      2.905590      2.905595
   0.96232      2.761258      2.761263
   0.96232      2.761258      2.761263
   1.02246      2.893919      2.893924
   1.08260      3.095704      3.095708
   1.14274      3.335812      3.335816
   1.20287      3.579254      3.579258
   1.26301      3.762220      3.762220
   1.32315      3.857937      3.857936
   1.38329      3.879451      3.879452
   1.44342      3.872089      3.872090
   1.44342      3.872089      3.872090
   1.49899      3.959013      3.959013
   1.55455      4.009900      4.009903
   1.61011      4.008202      4.008208
   1.66567      4.004873      4.004880
   1.72123      4.016361      4.016369
   1.77680      4.046487      4.046496
   1.83236      4.097799      4.097805
   1.88792      4.173005      4.173011
   1.94348      4.274511      4.274520
   1.99904      4.400330      4.400499
   2.05461      4.540164      4.540120
   2.11017      4.669616      4.669792
   2.16573      4.743493      4.741727
   2.22129      4.719788      4.720444
   2.27685      4.706811      4.718371
   2.27685      4.709409      4.710357
   2.33316      4.728532      4.728498
   2.38946      4.730648      4.732015
   2.44576      4.669297      4.670436
   2.50206      4.522493      4.522470
   2.55836      4.421034      4.420999
   2.61466      4.308388      4.308394
   2.67096      4.189208      4.189205
   2.72727      4.068268      4.068274
   2.78357      3.950383      3.950390
   2.83987      3.840246      3.840253
   2.89617      3.742216      3.742223
   2.95247      3.659950      3.659957
   3.00877      3.629757      3.629759
   3.06508      3.644818      3.644819
   3.12138      3.651031      3.651032
   3.12138      3.651031      3.651032
   3.18152      3.675641      3.675642
   3.24165      3.740991      3.740992
   3.30179      3.822405      3.822406
   3.36193      3.829672      3.829673
   3.42207      3.573531      3.573535
   3.48221      3.243908      3.243912
   3.54234      2.929117      2.929121
   3.60248      2.655639      2.655646
   3.60248      2.655639      2.655646
   3.65594      2.790777      2.790782
   3.70941      2.964075      2.964080
   3.76287      3.158036      3.158041
   3.81633      3.367303      3.367308
   3.86979      3.586715      3.586720
   3.92325      3.786814      3.786819
   3.97672      3.775843      3.775848
   4.03018      3.716453      3.716459
   4.08364      3.995876      3.995886
   4.13710      4.275418      4.275409
   4.19057      4.539574      4.539535
   4.24403      4.742655      4.742645
   4.29749      4.771813      4.772123
   4.35095      4.765394      4.764343
   4.40442      4.743320      4.744666
   4.45788      4.730682      4.729546
   4.51134      4.725261      4.723280
   4.56480      4.722051      4.707621
   4.56480      4.738635      4.710999
   4.59892      4.713765      4.727072
   4.63303      4.755398      4.732385
   4.66714      4.730598      4.728408
   4.70125      4.712251      4.709999
   4.70125      3.687058      3.687062
   4.75755      3.667344      3.667348
   4.81385      3.701017      3.701025
   4.87015      3.805491      3.805499
   4.92645      3.908451      3.908458
   4.98275      4.007867      4.007875
   5.03904      4.102585      4.102593
   5.09534      4.192660      4.192669
   5.15164      4.279871      4.279878
   5.20794      4.367521      4.367531
   5.26424      4.458745      4.458774
   5.32054      4.553478      4.553480
   5.37683      4.644358      4.644458
   5.43313      4.708944      4.709756
   5.48943      4.715337      4.725873
   5.54573      4.708054      4.708432
   5.54573      4.711927      4.714034
   5.60129      4.721870      4.728053
   5.65685      4.711869      4.707513
   5.71240      4.619916      4.622606
   5.76796      4.497910      4.498053
   5.82352      4.367325      4.367385
   5.87908      4.248556      4.248468
   5.93464      4.152980      4.152979
   5.99020      4.082980      4.082931
   6.04576      4.036430      4.036439
   6.10131      4.010989      4.010998
   6.15687      4.004502      4.004510
   6.21243      4.014817      4.014825
   6.26799      4.025880      4.025885
   6.32355      3.959457      3.959461
   6.37911      3.871777      3.871778
 
# Band-Index   46
   6.37911      4.153463      4.153471
   6.32355      4.099419      4.099427
   6.26799      4.071629      4.071635
   6.21243      4.135400      4.135405
   6.15687      4.216185      4.216189
   6.10131      4.300521      4.300524
   6.04576      4.388133      4.388136
   5.99020      4.478380      4.478382
   5.93464      4.569544      4.569546
   5.87908      4.642659      4.642653
   5.82352      4.659880      4.659888
   5.76796      4.675919      4.676395
   5.71240      4.702239      4.702036
   5.65685      4.724998      4.725444
   5.60129      4.728209      4.731397
   5.54573      4.731849      4.737331
   5.54573      4.739822      4.729728
   5.48943      4.725801      4.727237
   5.43313      4.749765      4.748590
   5.37683      4.728048      4.727766
   5.32054      4.698727      4.698720
   5.26424      4.687439      4.687485
   5.20794      4.677330      4.677331
   5.15164      4.643468      4.643648
   5.09534      4.590009      4.589997
   5.03904      4.546416      4.546426
   4.98275      4.516573      4.516579
   4.92645      4.501122      4.501127
   4.87015      4.499208      4.499213
   4.81385      4.489761      4.489765
   4.75755      4.453875      4.453881
   4.70125      4.439230      4.439235
   4.70125      4.737527      4.734370
   4.66714      4.744016      4.747590
   4.63303      4.767433      4.770334
   4.59892      4.788372      4.786024
   4.56480      4.808073      4.809754
   4.56480      4.807360      4.799129
   4.51134      4.803917      4.798846
   4.45788      4.778669      4.783739
   4.40442      4.772126      4.771345
   4.35095      4.794953      4.797109
   4.29749      4.824348      4.824035
   4.24403      4.820433      4.820335
   4.19057      4.797688      4.797265
   4.13710      4.701468      4.701285
   4.08364      4.521391      4.521397
   4.03018      4.305059      4.305065
   3.97672      4.077704      4.077714
   3.92325      3.911351      3.911354
   3.86979      3.986557      3.986560
   3.81633      4.104065      4.104067
   3.76287      4.230957      4.230959
   3.70941      4.358748      4.358750
   3.65594      4.477420      4.477421
   3.60248      4.570851      4.570852
   3.60248      4.570851      4.570852
   3.54234      4.431208      4.431209
   3.48221      4.283271      4.283272
   3.42207      4.159913      4.159915
   3.36193      4.130589      4.130592
   3.30179      3.965161      3.965167
   3.24165      3.905584      3.905590
   3.18152      4.214224      4.214229
   3.12138      4.486296      4.486301
   3.12138      4.486296      4.486301
   3.06508      4.463512      4.463516
   3.00877      4.443170      4.443173
   2.95247      4.444525      4.444528
   2.89617      4.466235      4.466237
   2.83987      4.504530      4.504532
   2.78357      4.555478      4.555480
   2.72727      4.614362      4.614363
   2.67096      4.656773      4.656775
   2.61466      4.691362      4.691374
   2.55836      4.719642      4.719628
   2.50206      4.740512      4.740030
   2.44576      4.757360      4.756522
   2.38946      4.746424      4.745557
   2.33316      4.735326      4.743312
   2.27685      4.736038      4.739701
   2.27685      4.730474      4.745963
   2.22129      4.735929      4.740856
   2.16573      4.754965      4.751638
   2.11017      4.777923      4.776636
   2.05461      4.749655      4.749898
   1.99904      4.730550      4.730547
   1.94348      4.707774      4.707824
   1.88792      4.622182      4.622184
   1.83236      4.530596      4.530598
   1.77680      4.438506      4.438507
   1.72123      4.348252      4.348253
   1.66567      4.261172      4.261173
   1.61011      4.179275      4.179277
   1.55455      4.116403      4.116407
   1.49899      4.119912      4.119919
   1.44342      4.166620      4.166627
   1.44342      4.166620      4.166627
   1.38329      4.079205      4.079209
   1.32315      3.868420      3.868421
   1.26301      3.773830      3.773834
   1.20287      3.739451      3.739457
   1.14274      3.973136      3.973141
   1.08260      4.170292      4.170296
   1.02246      4.310170      4.310173
   0.96232      4.370668      4.370671
   0.96232      4.370668      4.370671
   0.90886      4.359112      4.359116
   0.85540      4.324943      4.324944
   0.80194      4.219165      4.219166
   0.74847      4.074011      4.074012
   0.69501      3.909197      3.909199
   0.64155      3.910760      3.910759
   0.58809      4.130323      4.130341
   0.53462      4.348689      4.348682
   0.48116      4.500452      4.500510
   0.42770      4.583088      4.582812
   0.37424      4.700656      4.700649
   0.32077      4.795634      4.795873
   0.26731      4.835972      4.835834
   0.21385      4.843547      4.840845
   0.16039      4.802021      4.805993
   0.10692      4.764633      4.758962
   0.05346      4.742671      4.740610
   0.00000      4.738569      4.739359
 
# Band-Index   47
   0.00000      4.748130      4.743003
   0.05346      4.774560      4.784701
   0.10692      4.799073      4.795012
   0.16039      4.842115      4.838727
   0.21385      4.862339      4.862117
   0.26731      4.883680      4.889631
   0.32077      4.830269      4.830329
   0.37424      4.711607      4.711888
   0.42770      4.593969      4.593951
   0.48116      4.513861      4.513812
   0.53462      4.445317      4.445385
   0.58809      4.404187      4.404194
   0.64155      4.373326      4.373343
   0.69501      4.352580      4.352586
   0.74847      4.342755      4.342759
   0.80194      4.344189      4.344192
   0.85540      4.352135      4.352138
   0.90886      4.369231      4.369233
   0.96232      4.381823      4.381823
   0.96232      4.381823      4.381823
   1.02246      4.385540      4.385542
   1.08260      4.397242      4.397244
   1.14274      4.410515      4.410517
   1.20287      4.436203      4.436205
   1.26301      4.463121      4.463125
   1.32315      4.330133      4.330139
   1.38329      4.207556      4.207563
   1.44342      4.179017      4.179023
   1.44342      4.179017      4.179023
   1.49899      4.247142      4.247148
   1.55455      4.334012      4.334017
   1.61011      4.404041      4.404044
   1.66567      4.470447      4.470450
   1.72123      4.553016      4.553020
   1.77680      4.624289      4.624291
   1.83236      4.657799      4.657801
   1.88792      4.685224      4.685226
   1.94348      4.710556      4.710600
   1.99904      4.783189      4.783279
   2.05461      4.829826      4.830975
   2.11017      4.802168      4.802266
   2.16573      4.821519      4.795987
   2.22129      4.756409      4.767694
   2.27685      4.754753      4.764439
   2.27685      4.741584      4.755182
   2.33316      4.759026      4.761595
   2.38946      4.814438      4.795210
   2.44576      4.778564      4.779748
   2.50206      4.850986      4.850949
   2.55836      4.810312      4.810396
   2.61466      4.748710      4.748794
   2.67096      4.681723      4.681725
   2.72727      4.618096      4.618099
   2.78357      4.572351      4.572353
   2.83987      4.528566      4.528570
   2.89617      4.495057      4.495061
   2.95247      4.481447      4.481451
   3.00877      4.490326      4.490331
   3.06508      4.503762      4.503765
   3.12138      4.523056      4.523059
   3.12138      4.523056      4.523059
   3.18152      4.231671      4.231676
   3.24165      3.935585      3.935593
   3.30179      3.980163      3.980172
   3.36193      4.198381      4.198385
   3.42207      4.429616      4.429619
   3.48221      4.585757      4.585758
   3.54234      4.626540      4.626540
   3.60248      4.594520      4.594520
   3.60248      4.594520      4.594520
   3.65594      4.523737      4.523738
   3.70941      4.404053      4.404055
   3.76287      4.275124      4.275126
   3.81633      4.148183      4.148185
   3.86979      4.033251      4.033255
   3.92325      3.963841      3.963845
   3.97672      4.087317      4.087318
   4.03018      4.306706      4.306736
   4.08364      4.523249      4.523254
   4.13710      4.706432      4.706473
   4.19057      4.812469      4.811408
   4.24403      4.840163      4.840215
   4.29749      4.901600      4.901645
   4.35095      4.852932      4.852842
   4.40442      4.781347      4.785332
   4.45788      4.834977      4.845701
   4.51134      4.831988      4.835598
   4.56480      4.817879      4.824315
   4.56480      4.814803      4.820195
   4.59892      4.798189      4.791964
   4.63303      4.807948      4.805254
   4.66714      4.775324      4.771533
   4.70125      4.751439      4.767540
   4.70125      4.547444      4.547448
   4.75755      4.531218      4.531224
   4.81385      4.510347      4.510354
   4.87015      4.531965      4.531968
   4.92645      4.569880      4.569882
   4.98275      4.603156      4.603158
   5.03904      4.630994      4.630996
   5.09534      4.652526      4.652527
   5.15164      4.668630      4.668631
   5.20794      4.703990      4.704162
   5.26424      4.754920      4.755058
   5.32054      4.788228      4.788683
   5.37683      4.786684      4.788813
   5.43313      4.787468      4.796480
   5.48943      4.778862      4.767149
   5.54573      4.754167      4.737825
   5.54573      4.744820      4.739088
   5.60129      4.763846      4.763986
   5.65685      4.800087      4.797134
   5.71240      4.756935      4.756533
   5.76796      4.796953      4.796718
   5.82352      4.738449      4.738475
   5.87908      4.658592      4.658603
   5.93464      4.624356      4.624358
   5.99020      4.604090      4.604090
   6.04576      4.579965      4.579965
   6.10131      4.545443      4.545444
   6.15687      4.489891      4.489893
   6.21243      4.411548      4.411551
   6.26799      4.322852      4.322857
   6.32355      4.236716      4.236721
   6.37911      4.167324      4.167329
 
# Band-Index   48
   6.37911      4.340418      4.340421
   6.32355      4.350147      4.350151
   6.26799      4.379147      4.379151
   6.21243      4.426824      4.426828
   6.15687      4.492076      4.492080
   6.10131      4.573100      4.573104
   6.04576      4.667014      4.667017
   5.99020      4.769157      4.769161
   5.93464      4.871818      4.871824
   5.87908      4.959369      4.959319
   5.82352      4.890810      4.890498
   5.76796      4.814902      4.815830
   5.71240      4.817440      4.817238
   5.65685      4.823645      4.817880
   5.60129      4.779013      4.803848
   5.54573      4.776106      4.780710
   5.54573      4.781293      4.781240
   5.48943      4.798388      4.783057
   5.43313      4.825930      4.829381
   5.37683      4.796824      4.797880
   5.32054      4.840392      4.840884
   5.26424      4.899519      4.898693
   5.20794      4.867889      4.867758
   5.15164      4.786409      4.786434
   5.09534      4.728034      4.728053
   5.03904      4.692114      4.692123
   4.98275      4.674684      4.674685
   4.92645      4.630873      4.630868
   4.87015      4.582103      4.582106
   4.81385      4.552122      4.552126
   4.75755      4.541682      4.541685
   4.70125      4.551372      4.551375
   4.70125      4.786667      4.782654
   4.66714      4.782338      4.786551
   4.63303      4.826246      4.821394
   4.59892      4.838965      4.833257
   4.56480      4.846050      4.826338
   4.56480      4.829321      4.830178
   4.51134      4.856840      4.846194
   4.45788      4.872009      4.870775
   4.40442      4.884055      4.881260
   4.35095      4.894140      4.894210
   4.29749      4.926999      4.925583
   4.24403      4.890188      4.890834
   4.19057      4.833233      4.833184
   4.13710      4.804416      4.804406
   4.08364      4.813533      4.813547
   4.03018      4.827483      4.827479
   3.97672      4.847140      4.847196
   3.92325      4.874188      4.874200
   3.86979      4.910766      4.910826
   3.81633      4.959309      4.959300
   3.76287      5.022334      5.022346
   3.70941      4.917999      4.917999
   3.65594      4.753678      4.753679
   3.60248      4.622577      4.622579
   3.60248      4.622577      4.622579
   3.54234      4.667544      4.667545
   3.48221      4.616554      4.616557
   3.42207      4.449937      4.449943
   3.36193      4.212203      4.212210
   3.30179      4.347926      4.347929
   3.24165      4.542426      4.542429
   3.18152      4.538689      4.538694
   3.12138      4.531492      4.531494
   3.12138      4.531492      4.531494
   3.06508      4.516451      4.516455
   3.00877      4.501375      4.501378
   2.95247      4.519579      4.519582
   2.89617      4.557475      4.557478
   2.83987      4.613287      4.613289
   2.78357      4.684174      4.684177
   2.72727      4.765632      4.765633
   2.67096      4.850432      4.850448
   2.61466      4.927089      4.927011
   2.55836      4.946618      4.947413
   2.50206      4.860437      4.860556
   2.44576      4.855082      4.854159
   2.38946      4.841121      4.839830
   2.33316      4.813099      4.802310
   2.27685      4.774094      4.773281
   2.27685      4.787132      4.806488
   2.22129      4.805796      4.811240
   2.16573      4.844306      4.840659
   2.11017      4.830811      4.831595
   2.05461      4.870445      4.871672
   1.99904      4.951508      4.950957
   1.94348      4.951680      4.952085
   1.88792      4.858788      4.858774
   1.83236      4.753395      4.753397
   1.77680      4.648913      4.648890
   1.72123      4.578061      4.578064
   1.66567      4.511297      4.511301
   1.61011      4.425933      4.425939
   1.55455      4.355571      4.355574
   1.49899      4.326108      4.326111
   1.44342      4.316227      4.316230
   1.44342      4.316227      4.316230
   1.38329      4.218990      4.218996
   1.32315      4.341539      4.341545
   1.26301      4.484139      4.484143
   1.20287      4.469474      4.469477
   1.14274      4.446957      4.446959
   1.08260      4.432139      4.432142
   1.02246      4.415197      4.415199
   0.96232      4.396174      4.396176
   0.96232      4.396174      4.396176
   0.90886      4.390461      4.390463
   0.85540      4.358148      4.358151
   0.80194      4.349310      4.349315
   0.74847      4.354408      4.354414
   0.69501      4.368392      4.368398
   0.64155      4.390873      4.390889
   0.58809      4.421425      4.421441
   0.53462      4.460909      4.460828
   0.48116      4.553496      4.553426
   0.42770      4.726444      4.726511
   0.37424      4.843803      4.843727
   0.32077      4.894383      4.894478
   0.26731      4.894252      4.895448
   0.21385      4.876950      4.875740
   0.16039      4.853117      4.854868
   0.10692      4.863024      4.859361
   0.05346      4.792496      4.792041
   0.00000      4.774593      4.790230
 
# Band-Index   49
   0.00000      4.817450      4.822265
   0.05346      4.861040      4.849785
   0.10692      4.897608      4.890125
   0.16039      4.890683      4.890953
   0.21385      4.929061      4.923937
   0.26731      4.989926      4.989924
   0.32077      5.082497      5.082299
   0.37424      5.136857      5.139756
   0.42770      5.202000      5.202436
   0.48116      5.291403      5.286147
   0.53462      5.372879      5.372536
   0.58809      5.451926      5.452195
   0.64155      5.510127      5.508609
   0.69501      5.544294      5.543422
   0.74847      5.568548      5.568561
   0.80194      5.586808      5.586746
   0.85540      5.602879      5.602862
   0.90886      5.619650      5.619658
   0.96232      5.632466      5.632472
   0.96232      5.632471      5.632488
   1.02246      5.598961      5.598971
   1.08260      5.484968      5.484970
   1.14274      5.221899      5.221904
   1.20287      4.903971      4.903975
   1.26301      4.656370      4.656373
   1.32315      4.724310      4.724311
   1.38329      4.887404      4.887408
   1.44342      4.932089      4.932084
   1.44342      4.932080      4.932088
   1.49899      4.882626      4.882628
   1.55455      4.836978      4.836980
   1.61011      4.817725      4.817727
   1.66567      4.829705      4.829707
   1.72123      4.875458      4.875470
   1.77680      4.946713      4.946688
   1.83236      5.013623      5.013627
   1.88792      5.057099      5.057050
   1.94348      5.036660      5.036859
   1.99904      5.021067      5.022351
   2.05461      5.039563      5.038820
   2.11017      4.929779      4.928671
   2.16573      4.879535      4.869410
   2.22129      4.815789      4.889181
   2.27685      4.812379      4.824237
   2.27685      4.809013      4.850128
   2.33316      4.834427      4.827584
   2.38946      4.903094      4.861032
   2.44576      4.930073      4.933513
   2.50206      5.006431      5.004139
   2.55836      4.991688      4.996233
   2.61466      5.030669      5.030884
   2.67096      5.054894      5.054985
   2.72727      5.017411      5.017413
   2.78357      4.961723      4.961716
   2.83987      4.885035      4.884907
   2.89617      4.803195      4.803200
   2.95247      4.727034      4.727039
   3.00877      4.641751      4.641754
   3.06508      4.575023      4.575026
   3.12138      4.551866      4.551873
   3.12138      4.551866      4.551873
   3.18152      4.588674      4.588676
   3.24165      4.695831      4.695836
   3.30179      4.943890      4.943895
   3.36193      5.019091      5.019068
   3.42207      5.070942      5.070958
   3.48221      5.145125      5.145132
   3.54234      5.232389      5.232394
   3.60248      5.300516      5.300520
   3.60248      5.300516      5.300520
   3.65594      5.200523      5.200530
   3.70941      5.102206      5.102214
   3.76287      5.086496      5.086496
   3.81633      5.253267      5.253270
   3.86979      5.408889      5.411350
   3.92325      5.438779      5.439047
   3.97672      5.420060      5.420880
   4.03018      5.396586      5.392452
   4.08364      5.342215      5.342920
   4.13710      5.230298      5.228872
   4.19057      5.119894      5.120021
   4.24403      5.027824      5.027782
   4.29749      4.950627      4.950874
   4.35095      4.922601      4.919684
   4.40442      4.896543      4.901104
   4.45788      4.894826      4.895931
   4.51134      4.869614      4.878211
   4.56480      4.864526      4.861045
   4.56480      4.870593      4.847902
   4.59892      4.865116      4.850632
   4.63303      4.844227      4.835658
   4.66714      4.794925      4.816716
   4.70125      4.843923      4.796735
   4.70125      4.556581      4.556585
   4.75755      4.570341      4.570343
   4.81385      4.599201      4.599203
   4.87015      4.651015      4.651016
   4.92645      4.671534      4.671534
   4.98275      4.698611      4.698617
   5.03904      4.779341      4.779343
   5.09534      4.870675      4.870679
   5.15164      4.963888      4.963889
   5.20794      4.960774      4.960806
   5.26424      4.973066      4.972378
   5.32054      5.038063      5.042435
   5.37683      4.949186      4.931748
   5.43313      4.843309      4.846189
   5.48943      4.842743      4.827993
   5.54573      4.820290      4.818919
   5.54573      4.797043      4.813868
   5.60129      4.852513      4.837663
   5.65685      4.834537      4.862684
   5.71240      4.937343      4.935307
   5.76796      5.035929      5.039810
   5.82352      5.024218      5.024376
   5.87908      4.971443      4.971232
   5.93464      5.005588      5.005588
   5.99020      4.975297      4.975300
   6.04576      4.896553      4.896554
   6.10131      4.824986      4.824989
   6.15687      4.779380      4.779383
   6.21243      4.771290      4.771293
   6.26799      4.797436      4.797437
   6.32355      4.851112      4.851114
   6.37911      4.924840      4.924834
 
# Band-Index   50
   6.37911      4.925968      4.925971
   6.32355      4.948564      4.948549
   6.26799      4.940731      4.940727
   6.21243      4.933150      4.933151
   6.15687      4.930891      4.930890
   6.10131      4.937623      4.937612
   6.04576      4.955406      4.955404
   5.99020      4.983303      4.983290
   5.93464      5.049970      5.049965
   5.87908      5.118343      5.117560
   5.82352      5.169153      5.171201
   5.76796      5.068375      5.106018
   5.71240      5.004865      5.006513
   5.65685      4.927356      4.937602
   5.60129      4.900870      4.903668
   5.54573      4.915633      4.926723
   5.54573      4.909652      4.913122
   5.48943      4.919905      4.887921
   5.43313      4.937614      4.915540
   5.37683      5.020524      5.020887
   5.32054      5.059542      5.053556
   5.26424      5.090592      5.095459
   5.20794      5.045086      5.045281
   5.15164      5.001342      5.001354
   5.09534      4.961783      4.961761
   5.03904      4.881861      4.881860
   4.98275      4.800692      4.800694
   4.92645      4.721530      4.721532
   4.87015      4.665124      4.665126
   4.81385      4.628814      4.628817
   4.75755      4.581487      4.581490
   4.70125      4.566119      4.566123
   4.70125      4.909797      4.901249
   4.66714      4.889244      4.891967
   4.63303      4.886395      4.857163
   4.59892      4.873140      4.876649
   4.56480      4.885081      4.889684
   4.56480      4.883706      4.879107
   4.51134      4.904537      4.901089
   4.45788      4.954504      4.933215
   4.40442      4.943176      4.945226
   4.35095      4.977092      4.976423
   4.29749      5.026482      5.026178
   4.24403      5.105542      5.105814
   4.19057      5.210840      5.203546
   4.13710      5.282380      5.282097
   4.08364      5.353276      5.352675
   4.03018      5.401046      5.397199
   3.97672      5.437547      5.437408
   3.92325      5.467908      5.467630
   3.86979      5.448930      5.448911
   3.81633      5.447711      5.447702
   3.76287      5.433374      5.433377
   3.70941      5.405559      5.405561
   3.65594      5.364882      5.364884
   3.60248      5.327343      5.327351
   3.60248      5.327342      5.327350
   3.54234      5.245608      5.245618
   3.48221      5.157211      5.157218
   3.42207      5.089449      5.089447
   3.36193      5.037497      5.037511
   3.30179      4.974848      4.974768
   3.24165      4.911409      4.911420
   3.18152      4.781256      4.781260
   3.12138      4.558257      4.558258
   3.12138      4.558257      4.558258
   3.06508      4.601943      4.601947
   3.00877      4.659902      4.659906
   2.95247      4.729845      4.729847
   2.89617      4.837102      4.837105
   2.83987      4.918659      4.918658
   2.78357      4.964982      4.964997
   2.72727      5.027756      5.027699
   2.67096      5.076673      5.076662
   2.61466      5.133833      5.134737
   2.55836      5.164899      5.166385
   2.50206      5.076141      5.075876
   2.44576      4.983461      4.989045
   2.38946      4.924002      4.911049
   2.33316      4.947990      4.906793
   2.27685      4.904411      4.947750
   2.27685      4.934594      4.920280
   2.22129      4.902985      4.928747
   2.16573      4.929450      4.926161
   2.11017      5.001183      4.995716
   2.05461      5.080174      5.066321
   1.99904      5.180869      5.187473
   1.94348      5.136725      5.147226
   1.88792      5.103441      5.103453
   1.83236      5.027043      5.027041
   1.77680      4.977115      4.977007
   1.72123      4.952159      4.952190
   1.66567      4.938568      4.938577
   1.61011      4.933621      4.933622
   1.55455      4.933647      4.933649
   1.49899      4.934836      4.934840
   1.44342      4.951059      4.951063
   1.44342      4.951064      4.951063
   1.38329      4.913093      4.913100
   1.32315      4.760919      4.760920
   1.26301      4.691040      4.691045
   1.20287      4.914572      4.914579
   1.14274      5.230622      5.230630
   1.08260      5.491582      5.491573
   1.02246      5.620376      5.620364
   0.96232      5.651918      5.651918
   0.96232      5.651920      5.651923
   0.90886      5.645107      5.645136
   0.85540      5.626886      5.626908
   0.80194      5.608541      5.608396
   0.74847      5.586973      5.587145
   0.69501      5.557054      5.557167
   0.64155      5.514526      5.519473
   0.58809      5.457383      5.457525
   0.53462      5.388009      5.387043
   0.48116      5.311181      5.311262
   0.42770      5.224090      5.223666
   0.37424      5.149241      5.150458
   0.32077      5.085333      5.084985
   0.26731      4.996648      4.996535
   0.21385      4.931359      4.931342
   0.16039      4.943078      4.950911
   0.10692      4.924262      4.915334
   0.05346      4.924545      4.895964
   0.00000      4.891575      4.951583
 
# Band-Index   51
   0.00000      4.992118      4.978314
   0.05346      4.957159      4.952725
   0.10692      4.952320      4.938694
   0.16039      5.002491      4.999669
   0.21385      5.003351      5.001936
   0.26731      5.033460      5.033098
   0.32077      5.096109      5.096109
   0.37424      5.193883      5.193677
   0.42770      5.302894      5.303007
   0.48116      5.416409      5.414352
   0.53462      5.517289      5.518603
   0.58809      5.608938      5.598060
   0.64155      5.647881      5.653443
   0.69501      5.666416      5.666397
   0.74847      5.664296      5.664314
   0.80194      5.655505      5.655495
   0.85540      5.652885      5.652878
   0.90886      5.659209      5.659260
   0.96232      5.665762      5.665770
   0.96232      5.665762      5.665777
   1.02246      5.644248      5.644255
   1.08260      5.507085      5.507110
   1.14274      5.337007      5.337015
   1.20287      5.196099      5.196114
   1.26301      5.086349      5.086357
   1.32315      5.011019      5.011005
   1.38329      4.966268      4.966271
   1.44342      4.952948      4.952954
   1.44342      4.952955      4.952951
   1.49899      5.024707      5.024732
   1.55455      5.055527      5.055526
   1.61011      5.101884      5.101869
   1.66567      5.142236      5.142236
   1.72123      5.190524      5.192952
   1.77680      5.237157      5.237229
   1.83236      5.195750      5.195845
   1.88792      5.138424      5.137988
   1.94348      5.171373      5.173342
   1.99904      5.192408      5.210716
   2.05461      5.149992      5.147396
   2.11017      5.037987      5.028514
   2.16573      4.957362      4.973804
   2.22129      4.959233      4.963145
   2.27685      4.978088      4.970702
   2.27685      4.976789      4.970236
   2.33316      4.968821      4.967768
   2.38946      4.998603      4.952888
   2.44576      5.036688      5.068029
   2.50206      5.147654      5.134503
   2.55836      5.190794      5.197176
   2.61466      5.199779      5.201155
   2.67096      5.203402      5.204502
   2.72727      5.179762      5.179795
   2.78357      5.114340      5.114355
   2.83987      4.971006      4.970981
   2.89617      4.905256      4.905257
   2.95247      4.840758      4.840761
   3.00877      4.730248      4.730250
   3.06508      4.634997      4.635000
   3.12138      4.586731      4.586734
   3.12138      4.586731      4.586734
   3.18152      4.787281      4.787283
   3.24165      4.922467      4.922470
   3.30179      4.990439      4.990440
   3.36193      5.274191      5.274195
   3.42207      5.607513      5.607495
   3.48221      5.630477      5.630483
   3.54234      5.474868      5.474875
   3.60248      5.333521      5.333531
   3.60248      5.333522      5.333531
   3.65594      5.392062      5.392067
   3.70941      5.437169      5.437177
   3.76287      5.467853      5.467891
   3.81633      5.483495      5.483519
   3.86979      5.483399      5.483400
   3.92325      5.569149      5.550061
   3.97672      5.573103      5.582143
   4.03018      5.482642      5.483127
   4.08364      5.366259      5.369135
   4.13710      5.313977      5.312526
   4.19057      5.217907      5.217220
   4.24403      5.117924      5.117784
   4.29749      5.037272      5.038054
   4.35095      5.001080      5.000163
   4.40442      4.980109      4.978194
   4.45788      4.959056      4.968569
   4.51134      4.921697      4.911555
   4.56480      4.911296      4.894769
   4.56480      4.895305      4.891058
   4.59892      4.896980      4.900132
   4.63303      4.926377      4.929433
   4.66714      4.961710      4.955412
   4.70125      4.984355      4.966910
   4.70125      4.571649      4.571656
   4.75755      4.603560      4.603566
   4.81385      4.640751      4.640757
   4.87015      4.693209      4.693210
   4.92645      4.771990      4.771985
   4.98275      4.861267      4.861266
   5.03904      4.955105      4.955139
   5.09534      5.017509      5.017498
   5.15164      5.038957      5.038939
   5.20794      5.113882      5.112996
   5.26424      5.123941      5.124306
   5.32054      5.085093      5.087453
   5.37683      5.042059      5.086324
   5.43313      4.942868      4.954949
   5.48943      4.961037      4.936307
   5.54573      4.977984      4.969386
   5.54573      4.984201      5.002557
   5.60129      4.964757      4.975259
   5.65685      4.960470      4.952377
   5.71240      5.027014      5.049323
   5.76796      5.114165      5.117832
   5.82352      5.182769      5.183683
   5.87908      5.127593      5.127062
   5.93464      5.116516      5.116388
   5.99020      5.160326      5.160330
   6.04576      5.202244      5.202169
   6.10131      5.207153      5.207062
   6.15687      5.160989      5.161009
   6.21243      5.101573      5.101590
   6.26799      5.045473      5.045487
   6.32355      5.011500      5.011493
   6.37911      4.954032      4.954039
 
# Band-Index   52
   6.37911      5.000345      5.000346
   6.32355      5.015326      5.015327
   6.26799      5.094121      5.094116
   6.21243      5.122398      5.122398
   6.15687      5.174375      5.174377
   6.10131      5.218609      5.218612
   6.04576      5.254071      5.254084
   5.99020      5.291642      5.291499
   5.93464      5.303966      5.303579
   5.87908      5.271200      5.268809
   5.82352      5.187066      5.192720
   5.76796      5.191570      5.215730
   5.71240      5.142617      5.158942
   5.65685      5.030462      5.070795
   5.60129      4.999031      5.011180
   5.54573      5.004163      5.010603
   5.54573      5.002077      4.997846
   5.48943      5.017130      4.998290
   5.43313      5.043933      5.035429
   5.37683      5.100050      5.140948
   5.32054      5.166816      5.213218
   5.26424      5.188675      5.193656
   5.20794      5.147154      5.147202
   5.15164      5.114696      5.114702
   5.09534      5.044280      5.044276
   5.03904      5.003052      5.003047
   4.98275      4.963462      4.963461
   4.92645      4.917424      4.917425
   4.87015      4.893661      4.893661
   4.81385      4.918639      4.918640
   4.75755      4.993334      4.993335
   4.70125      5.102313      5.102314
   4.70125      5.001920      5.001274
   4.66714      4.990029      4.970844
   4.63303      4.941073      4.963705
   4.59892      4.910297      4.911517
   4.56480      4.920261      4.903620
   4.56480      4.928161      4.902843
   4.51134      4.939644      4.926240
   4.45788      4.994854      4.985237
   4.40442      5.026408      5.032384
   4.35095      5.056599      5.049148
   4.29749      5.053449      5.053681
   4.24403      5.128406      5.129057
   4.19057      5.241576      5.241561
   4.13710      5.390182      5.389876
   4.08364      5.553610      5.552805
   4.03018      5.698312      5.689540
   3.97672      5.850195      5.850303
   3.92325      6.011218      5.988327
   3.86979      6.126411      6.131197
   3.81633      6.320574      6.349365
   3.76287      6.539525      6.543539
   3.70941      6.765719      6.757585
   3.65594      6.981799      6.975966
   3.60248      7.122729      7.118522
   3.60248      7.120374      7.116613
   3.54234      6.757063      6.759653
   3.48221      6.294849      6.303840
   3.42207      6.068918      6.060894
   3.36193      5.710993      5.710698
   3.30179      5.425756      5.425706
   3.24165      5.318383      5.318383
   3.18152      5.158174      5.158175
   3.12138      5.114105      5.114106
   3.12138      5.114105      5.114106
   3.06508      5.024458      5.024460
   3.00877      4.953748      4.953749
   2.95247      4.913287      4.913288
   2.89617      4.951469      4.951471
   2.83987      5.050172      5.050173
   2.78357      5.128115      5.128091
   2.72727      5.273770      5.273434
   2.67096      5.455591      5.445707
   2.61466      5.414019      5.438295
   2.55836      5.267295      5.321944
   2.50206      5.275717      5.248129
   2.44576      5.125199      5.142647
   2.38946      5.047853      5.028104
   2.33316      4.996276      4.988011
   2.27685      4.998993      5.003437
   2.27685      5.008630      5.008752
   2.22129      4.987945      5.000939
   2.16573      5.030337      5.037782
   2.11017      5.166156      5.107130
   2.05461      5.193785      5.216882
   1.99904      5.229711      5.234064
   1.94348      5.272966      5.291106
   1.88792      5.298181      5.299134
   1.83236      5.281689      5.281597
   1.77680      5.245358      5.240500
   1.72123      5.241408      5.241766
   1.66567      5.180192      5.180204
   1.61011      5.108588      5.108590
   1.55455      5.072987      5.072987
   1.49899      5.031814      5.031803
   1.44342      5.015108      5.015108
   1.44342      5.015130      5.015127
   1.38329      5.076013      5.076033
   1.32315      5.208061      5.208042
   1.26301      5.449896      5.449958
   1.20287      5.785235      5.785244
   1.14274      6.179115      6.181008
   1.08260      6.446689      6.450651
   1.02246      6.571159      6.569411
   0.96232      6.699791      6.697806
   0.96232      6.696694      6.697316
   0.90886      6.512529      6.512504
   0.85540      6.342760      6.342466
   0.80194      6.194835      6.193748
   0.74847      6.071573      6.095988
   0.69501      6.009766      6.006273
   0.64155      5.904255      5.897272
   0.58809      5.836030      5.829014
   0.53462      5.662281      5.665688
   0.48116      5.492071      5.496667
   0.42770      5.337894      5.337631
   0.37424      5.201883      5.203815
   0.32077      5.103022      5.103713
   0.26731      5.075648      5.102384
   0.21385      5.076327      5.055236
   0.16039      5.017925      5.009110
   0.10692      5.001227      5.023119
   0.05346      4.997833      4.982145
   0.00000      5.002824      4.998361
 
# Band-Index   53
   0.00000      5.011565      5.025126
   0.05346      5.047243      5.035621
   0.10692      5.042841      5.040597
   0.16039      5.073908      5.109403
   0.21385      5.140212      5.093869
   0.26731      5.160717      5.319118
   0.32077      5.120458      5.120701
   0.37424      5.214069      5.216102
   0.42770      5.347837      5.347619
   0.48116      5.522068      5.521574
   0.53462      5.669352      5.669368
   0.58809      5.846994      5.846949
   0.64155      6.030444      6.029452
   0.69501      6.208104      6.212856
   0.74847      6.393216      6.408085
   0.80194      6.594645      6.596793
   0.85540      6.743971      6.739729
   0.90886      6.776114      6.769670
   0.96232      6.707033      6.700790
   0.96232      6.703711      6.702677
   1.02246      6.578170      6.593277
   1.08260      6.460336      6.465394
   1.14274      6.182990      6.182465
   1.20287      5.790330      5.790327
   1.26301      5.454670      5.454665
   1.32315      5.213978      5.213988
   1.38329      5.086395      5.086395
   1.44342      5.062014      5.062004
   1.44342      5.062194      5.062007
   1.49899      5.064574      5.064591
   1.55455      5.126104      5.126121
   1.61011      5.189415      5.189208
   1.66567      5.266367      5.266255
   1.72123      5.335087      5.335636
   1.77680      5.380652      5.381109
   1.83236      5.387449      5.387469
   1.88792      5.365813      5.365732
   1.94348      5.316294      5.398350
   1.99904      5.239315      5.271026
   2.05461      5.280975      5.295319
   2.11017      5.176640      5.200905
   2.16573      5.089457      5.101215
   2.22129      5.038490      5.038027
   2.27685      5.014535      5.013416
   2.27685      5.007073      5.021637
   2.33316      5.035406      5.045373
   2.38946      5.084570      5.075067
   2.44576      5.160405      5.194426
   2.50206      5.312446      5.297567
   2.55836      5.419260      5.449379
   2.61466      5.509730      5.620680
   2.67096      5.510476      5.510314
   2.72727      5.540971      5.540094
   2.78357      5.498918      5.498870
   2.83987      5.457205      5.457070
   2.89617      5.428156      5.428159
   2.95247      5.397432      5.397434
   3.00877      5.326469      5.326471
   3.06508      5.224425      5.224427
   3.12138      5.122996      5.122999
   3.12138      5.122996      5.122999
   3.18152      5.166999      5.167001
   3.24165      5.326396      5.326400
   3.30179      5.598593      5.598607
   3.36193      5.966893      5.966969
   3.42207      6.140028      6.114748
   3.48221      6.593551      6.592100
   3.54234      6.941632      6.950542
   3.60248      7.128169      7.126888
   3.60248      7.137714      7.143102
   3.65594      6.992559      6.986516
   3.70941      6.789168      6.792169
   3.76287      6.593450      6.594485
   3.81633      6.395947      6.409509
   3.86979      6.204627      6.214899
   3.92325      6.035957      6.024436
   3.97672      5.865589      5.869961
   4.03018      5.722179      5.707668
   4.08364      5.559807      5.568016
   4.13710      5.464598      5.470907
   4.19057      5.451148      5.446054
   4.24403      5.418164      5.427279
   4.29749      5.347745      5.389893
   4.35095      5.286510      5.275030
   4.40442      5.125852      5.126440
   4.45788      5.021497      5.012430
   4.51134      5.019921      4.954930
   4.56480      4.929351      4.943408
   4.56480      4.967030      4.929860
   4.59892      4.953816      4.935188
   4.63303      4.995300      4.986002
   4.66714      5.006881      4.985483
   4.70125      5.018458      5.013075
   4.70125      5.111018      5.111019
   4.75755      5.247307      5.247308
   4.81385      5.387038      5.387038
   4.87015      5.469766      5.469704
   4.92645      5.506364      5.506369
   4.98275      5.542864      5.542524
   5.03904      5.557257      5.557423
   5.09534      5.546307      5.546798
   5.15164      5.503214      5.503679
   5.20794      5.456916      5.429005
   5.26424      5.305770      5.329800
   5.32054      5.289837      5.323847
   5.37683      5.167409      5.191170
   5.43313      5.108985      5.092952
   5.48943      5.028045      5.037196
   5.54573      5.014013      5.012853
   5.54573      5.010765      5.011930
   5.60129      5.035296      5.040371
   5.65685      5.096355      5.076032
   5.71240      5.227684      5.226956
   5.76796      5.297742      5.290016
   5.82352      5.207295      5.204823
   5.87908      5.330510      5.284355
   5.93464      5.334022      5.333973
   5.99020      5.361526      5.360127
   6.04576      5.357871      5.357556
   6.10131      5.312137      5.312146
   6.15687      5.260943      5.260930
   6.21243      5.197347      5.197304
   6.26799      5.110525      5.110547
   6.32355      5.084008      5.084022
   6.37911      5.083815      5.083753
 
# Band-Index   54
   6.37911      5.095386      5.095391
   6.32355      5.112788      5.112793
   6.26799      5.152276      5.152281
   6.21243      5.210363      5.210361
   6.15687      5.272809      5.272775
   6.10131      5.328955      5.328904
   6.04576      5.426675      5.426763
   5.99020      5.556282      5.556398
   5.93464      5.676678      5.676404
   5.87908      5.784848      5.751074
   5.82352      5.644251      5.644281
   5.76796      5.439471      5.419520
   5.71240      5.305683      5.310312
   5.65685      5.185584      5.176345
   5.60129      5.093244      5.077122
   5.54573      5.034990      5.031431
   5.54573      5.025438      5.022289
   5.48943      5.078474      5.057489
   5.43313      5.149431      5.164082
   5.37683      5.307557      5.268103
   5.32054      5.382060      5.434955
   5.26424      5.626245      5.619292
   5.20794      5.794064      5.803567
   5.15164      5.754412      5.754449
   5.09534      5.683243      5.682784
   5.03904      5.608063      5.607787
   4.98275      5.550872      5.551084
   4.92645      5.516271      5.515973
   4.87015      5.479576      5.479562
   4.81385      5.461882      5.461882
   4.75755      5.455535      5.455537
   4.70125      5.459435      5.459439
   4.70125      5.036345      5.029003
   4.66714      5.052671      5.040191
   4.63303      5.040918      5.050666
   4.59892      4.999399      4.972192
   4.56480      5.066429      4.963634
   4.56480      4.986498      4.981722
   4.51134      5.133497      5.001941
   4.45788      5.076123      5.066811
   4.40442      5.258033      5.193977
   4.35095      5.373746      5.359381
   4.29749      5.411584      5.405628
   4.24403      5.482062      5.497202
   4.19057      5.590727      5.483003
   4.13710      5.523969      5.500038
   4.08364      5.576165      5.598640
   4.03018      5.759758      5.748963
   3.97672      5.946837      5.934484
   3.92325      6.052324      6.041977
   3.86979      6.241869      6.230156
   3.81633      6.401067      6.448462
   3.76287      6.652619      6.638947
   3.70941      6.828727      6.840041
   3.65594      7.112745      7.003786
   3.60248      7.176763      7.158904
   3.60248      7.157086      7.151444
   3.54234      6.963692      6.984445
   3.48221      6.693755      6.695412
   3.42207      6.397593      6.398035
   3.36193      5.972389      5.972644
   3.30179      5.605552      5.605180
   3.24165      5.329399      5.329400
   3.18152      5.420649      5.420650
   3.12138      5.487068      5.487071
   3.12138      5.487068      5.487071
   3.06508      5.466192      5.466193
   3.00877      5.458726      5.458724
   2.95247      5.483645      5.483647
   2.89617      5.540402      5.540324
   2.83987      5.573441      5.558358
   2.78357      5.567944      5.578962
   2.72727      5.576147      5.557396
   2.67096      5.512127      5.520673
   2.61466      5.656802      5.719470
   2.55836      5.636175      5.607385
   2.50206      5.413337      5.431830
   2.44576      5.292150      5.293008
   2.38946      5.150229      5.159970
   2.33316      5.075898      5.085148
   2.27685      5.018953      5.040398
   2.27685      5.037499      5.042166
   2.22129      5.064645      5.090918
   2.16573      5.132923      5.148844
   2.11017      5.270802      5.277487
   2.05461      5.463122      5.451724
   1.99904      5.704556      5.654210
   1.94348      5.747968      5.765014
   1.88792      5.695264      5.679582
   1.83236      5.559955      5.561142
   1.77680      5.435102      5.435694
   1.72123      5.348069      5.348293
   1.66567      5.288727      5.288721
   1.61011      5.212861      5.212875
   1.55455      5.130810      5.130813
   1.49899      5.090808      5.090813
   1.44342      5.073523      5.073572
   1.44342      5.073567      5.073575
   1.38329      5.248337      5.248337
   1.32315      5.492245      5.492151
   1.26301      5.763490      5.763474
   1.20287      6.118132      6.118186
   1.14274      6.546207      6.541863
   1.08260      6.796127      6.802618
   1.02246      6.930284      7.005136
   0.96232      6.709971      6.709589
   0.96232      6.714659      6.716677
   0.90886      6.789326      6.822069
   0.85540      6.795768      6.814709
   0.80194      6.761529      6.621418
   0.74847      6.409430      6.426189
   0.69501      6.255893      6.219710
   0.64155      6.052163      6.063224
   0.58809      5.893972      5.881069
   0.53462      5.805652      5.771378
   0.48116      5.746896      5.732431
   0.42770      5.718637      5.691355
   0.37424      5.645267      5.667648
   0.32077      5.554269      5.554578
   0.26731      5.449812      5.452699
   0.21385      5.363928      5.419514
   0.16039      5.252962      5.279575
   0.10692      5.128199      5.121123
   0.05346      5.083184      5.048282
   0.00000      5.026417      5.039441
 
# Band-Index   55
   0.00000      5.070443      5.069730
   0.05346      5.103976      5.062518
   0.10692      5.176174      5.206542
   0.16039      5.330687      5.305447
   0.21385      5.472326      5.471058
   0.26731      5.566004      5.575975
   0.32077      5.625380      5.627747
   0.37424      5.661446      5.701066
   0.42770      5.757711      5.727457
   0.48116      5.843569      5.791507
   0.53462      5.841363      5.855225
   0.58809      5.983980      5.970839
   0.64155      6.156718      6.156722
   0.69501      6.394765      6.364455
   0.74847      6.617506      6.622646
   0.80194      6.888330      6.879366
   0.85540      7.123691      7.145100
   0.90886      7.262659      7.252853
   0.96232      7.381922      7.367595
   0.96232      7.381189      7.388304
   1.02246      7.092361      7.101806
   1.08260      6.873187      6.867820
   1.14274      6.596424      6.585757
   1.20287      6.523023      6.522872
   1.26301      6.336439      6.134591
   1.32315      5.723670      5.678763
   1.38329      5.321399      5.321408
   1.44342      5.262978      5.262967
   1.44342      5.262992      5.262973
   1.49899      5.267509      5.267496
   1.55455      5.278991      5.279001
   1.61011      5.292396      5.292404
   1.66567      5.304719      5.304733
   1.72123      5.360762      5.403801
   1.77680      5.822739      5.507697
   1.83236      5.651044      5.659487
   1.88792      6.007588      5.944169
   1.94348      5.888266      5.911720
   1.99904      5.742970      5.720123
   2.05461      5.491146      5.505986
   2.11017      5.324897      5.294556
   2.16573      5.187497      5.190604
   2.22129      5.102995      5.097994
   2.27685      5.056849      5.077831
   2.27685      5.075487      5.069034
   2.33316      5.114732      5.103567
   2.38946      5.184122      5.181397
   2.44576      5.323962      5.329546
   2.50206      5.513385      5.512549
   2.55836      5.704369      5.705754
   2.61466      5.830990      5.856851
   2.67096      5.695568      5.656922
   2.72727      5.590512      5.589918
   2.78357      5.593412      5.595231
   2.83987      5.611959      5.582491
   2.89617      5.540511      5.540575
   2.95247      5.522007      5.522009
   3.00877      5.506521      5.506523
   3.06508      5.496492      5.496491
   3.12138      5.492896      5.492904
   3.12138      5.492902      5.492905
   3.18152      5.580612      5.580615
   3.24165      5.802996      5.803049
   3.30179      6.059320      6.061317
   3.36193      6.216456      6.214982
   3.42207      6.403677      6.414390
   3.48221      6.820833      6.812859
   3.54234      7.165893      7.147345
   3.60248      7.189231      7.199701
   3.60248      7.193925      7.196057
   3.65594      7.210384      7.204440
   3.70941      7.107470      7.116389
   3.76287      6.853276      6.872818
   3.81633      6.622330      6.633888
   3.86979      6.399697      6.392368
   3.92325      6.174979      6.178745
   3.97672      5.974685      5.996883
   4.03018      5.907982      5.895527
   4.08364      5.784681      5.771514
   4.13710      5.714686      5.678500
   4.19057      5.657403      5.633352
   4.24403      5.584292      5.574873
   4.29749      5.551438      5.570649
   4.35095      5.494538      5.473582
   4.40442      5.321822      5.329523
   4.45788      5.190801      5.186255
   4.51134      5.153149      5.088854
   4.56480      5.082792      5.137477
   4.56480      5.131794      5.053133
   4.59892      5.102439      5.073233
   4.63303      5.085592      5.097777
   4.66714      5.076750      5.079345
   4.70125      5.068398      5.074415
   4.70125      5.465795      5.465794
   4.75755      5.487275      5.487275
   4.81385      5.541378      5.541379
   4.87015      5.697117      5.577207
   4.92645      5.854219      5.642766
   4.98275      5.906567      6.083026
   5.03904      6.151236      6.165866
   5.09534      6.195835      6.255791
   5.15164      6.117091      6.078517
   5.20794      5.908504      5.872798
   5.26424      5.718887      5.753820
   5.32054      5.534796      5.512477
   5.37683      5.369037      5.351732
   5.43313      5.206298      5.258805
   5.48943      5.124531      5.104107
   5.54573      5.055446      5.080996
   5.54573      5.080169      5.063377
   5.60129      5.122372      5.099323
   5.65685      5.210924      5.239903
   5.71240      5.371548      5.353956
   5.76796      5.557037      5.489495
   5.82352      5.718423      5.705001
   5.87908      5.894393      5.875305
   5.93464      6.015533      5.992052
   5.99020      5.724550      5.634470
   6.04576      5.520296      5.490502
   6.10131      5.379854      5.379732
   6.15687      5.286440      5.286444
   6.21243      5.246020      5.246037
   6.26799      5.230126      5.230121
   6.32355      5.216173      5.216162
   6.37911      5.210538      5.210528
 
# Band-Index   56
   6.37911      6.149307      6.146205
   6.32355      6.089924      6.088856
   6.26799      6.052319      6.061097
   6.21243      6.039863      6.050097
   6.15687      6.055210      6.057478
   6.10131      6.149125      6.086156
   6.04576      6.181726      6.138560
   5.99020      6.125401      6.179581
   5.93464      6.186809      6.260745
   5.87908      6.045357      5.992642
   5.82352      5.749886      5.774202
   5.76796      5.596390      5.639760
   5.71240      5.406513      5.382955
   5.65685      5.248345      5.267235
   5.60129      5.180230      5.186307
   5.54573      5.121669      5.141320
   5.54573      5.145140      5.140211
   5.48943      5.178971      5.141890
   5.43313      5.262529      5.304572
   5.37683      5.498120      5.384711
   5.32054      5.565707      5.615047
   5.26424      5.810751      5.851335
   5.20794      6.062019      6.031625
   5.15164      6.199270      6.403924
   5.09534      6.314077      6.350492
   5.03904      6.346259      6.443689
   4.98275      6.114556      6.396726
   4.92645      6.135106      5.894360
   4.87015      5.886886      5.698015
   4.81385      5.550433      5.550435
   4.75755      5.519707      5.519713
   4.70125      5.512458      5.512459
   4.70125      5.137623      5.148001
   4.66714      5.127056      5.105988
   4.63303      5.126570      5.122304
   4.59892      5.176692      5.165304
   4.56480      5.176886      5.171556
   4.56480      5.153235      5.169125
   4.51134      5.202933      5.197742
   4.45788      5.272811      5.279408
   4.40442      5.394506      5.409443
   4.35095      5.567291      5.522260
   4.29749      5.656822      5.592719
   4.24403      5.620793      5.720796
   4.19057      5.886381      5.715467
   4.13710      5.844088      5.773053
   4.08364      6.121770      5.841888
   4.03018      6.007024      5.921923
   3.97672      6.043721      6.057929
   3.92325      6.211090      6.218470
   3.86979      6.439867      6.415360
   3.81633      6.713999      6.733977
   3.76287      6.971005      6.915397
   3.70941      7.153601      7.155451
   3.65594      7.413302      7.231828
   3.60248      7.381198      7.219903
   3.60248      7.319685      7.250347
   3.54234      7.253762      7.278560
   3.48221      6.892207      6.887188
   3.42207      6.482548      6.498082
   3.36193      6.295106      6.278729
   3.30179      6.187975      6.095081
   3.24165      5.811213      5.811210
   3.18152      5.586823      5.586824
   3.12138      5.493027      5.493027
   3.12138      5.493033      5.493028
   3.06508      5.526113      5.526115
   3.00877      5.573899      5.573901
   2.95247      5.634156      5.634159
   2.89617      5.707519      5.707523
   2.83987      5.833078      5.792843
   2.78357      5.902938      5.883945
   2.72727      6.003920      5.955004
   2.67096      5.982142      5.971236
   2.61466      5.983249      6.049271
   2.55836      5.785372      5.775235
   2.50206      5.581729      5.605761
   2.44576      5.398540      5.395765
   2.38946      5.261540      5.232724
   2.33316      5.144337      5.191130
   2.27685      5.116804      5.100556
   2.27685      5.133331      5.133467
   2.22129      5.143245      5.141966
   2.16573      5.248705      5.234602
   2.11017      5.368210      5.412800
   2.05461      5.545308      5.556744
   1.99904      5.770429      5.793025
   1.94348      6.011361      6.005247
   1.88792      6.186515      6.170494
   1.83236      6.132606      6.319701
   1.77680      6.187059      6.136532
   1.72123      6.092460      6.091349
   1.66567      6.065623      6.063134
   1.61011      6.060421      6.050561
   1.55455      6.068849      6.099902
   1.49899      6.097293      6.099797
   1.44342      6.162995      6.161542
   1.44342      6.151059      6.163499
   1.38329      6.215099      6.203393
   1.32315      6.318045      6.314582
   1.26301      6.428624      6.432454
   1.20287      6.535105      6.564056
   1.14274      6.629522      6.719057
   1.08260      6.957949      6.950051
   1.02246      7.164579      7.165609
   0.96232      7.596118      7.440474
   0.96232      7.433982      7.436252
   0.90886      7.306361      7.348454
   0.85540      7.172809      7.161668
   0.80194      6.923091      6.929071
   0.74847      6.690257      6.705366
   0.69501      6.478352      6.454284
   0.64155      6.243047      6.305933
   0.58809      6.155998      6.098017
   0.53462      5.954091      5.932430
   0.48116      5.870784      5.870168
   0.42770      5.797347      5.756051
   0.37424      5.719730      5.836471
   0.32077      5.717435      5.681587
   0.26731      5.669783      5.736412
   0.21385      5.517826      5.538838
   0.16039      5.385273      5.359396
   0.10692      5.240011      5.240652
   0.05346      5.133942      5.129614
   0.00000      5.113991      5.119229
