#K-Path(1/A)         Spin-Up(eV)   Spin-down(eV)
# NKPTS & NBANDS:  72 112
# Band-Index    1
   0.00000    -44.164107    -44.164107
   0.05760    -44.164107    -44.164108
   0.11521    -44.164106    -44.164107
   0.17281    -44.164104    -44.164105
   0.23042    -44.164105    -44.164105
   0.28802    -44.164105    -44.164105
   0.34563    -44.164103    -44.164104
   0.40323    -44.164104    -44.164105
   0.46084    -44.164106    -44.164107
   0.46084    -44.162850    -44.162853
   0.52083    -44.163186    -44.163187
   0.58082    -44.163496    -44.163497
   0.64081    -44.163754    -44.163755
   0.70081    -44.163945    -44.163945
   0.76080    -44.164064    -44.164065
   0.82079    -44.164107    -44.164107
   0.82079    -44.164107    -44.164107
   0.88292    -44.164052    -44.164053
   0.94506    -44.163897    -44.163898
   1.00719    -44.163648    -44.163649
   1.06932    -44.163316    -44.163316
   1.13146    -44.162922    -44.162923
   1.19359    -44.162486    -44.162486
   1.25572    -44.162047    -44.162049
   1.25572    -44.161674    -44.161678
   1.31138    -44.161756    -44.161758
   1.36703    -44.161961    -44.161962
   1.42269    -44.162219    -44.162220
   1.47834    -44.162500    -44.162501
   1.53400    -44.162779    -44.162780
   1.58966    -44.163051    -44.163052
   1.64531    -44.163308    -44.163309
   1.70097    -44.163536    -44.163536
   1.75662    -44.163733    -44.163734
   1.81228    -44.163894    -44.163895
   1.86793    -44.164010    -44.164011
   1.92359    -44.164082    -44.164083
   1.97924    -44.164107    -44.164107
   1.97924    -44.164107    -44.164107
   2.03570    -44.164065    -44.164065
   2.09216    -44.163945    -44.163945
   2.14861    -44.163754    -44.163755
   2.20507    -44.163496    -44.163496
   2.26153    -44.163185    -44.163186
   2.31798    -44.162840    -44.162841
   2.37444    -44.162474    -44.162475
   2.43089    -44.162115    -44.162116
   2.48735    -44.161808    -44.161810
   2.54381    -44.161674    -44.161677
   2.54381    -44.162043    -44.162046
   2.60086    -44.162318    -44.162319
   2.65792    -44.162604    -44.162605
   2.71498    -44.162879    -44.162880
   2.77204    -44.163138    -44.163139
   2.82909    -44.163378    -44.163379
   2.88615    -44.163591    -44.163592
   2.94321    -44.163771    -44.163771
   3.00027    -44.163916    -44.163917
   3.05732    -44.164021    -44.164022
   3.11438    -44.164085    -44.164086
   3.17144    -44.164107    -44.164107
   3.17144    -44.164107    -44.164107
   3.22991    -44.164092    -44.164092
   3.28839    -44.164048    -44.164049
   3.34686    -44.163976    -44.163976
   3.40534    -44.163875    -44.163876
   3.46381    -44.163750    -44.163750
   3.52229    -44.163602    -44.163602
   3.58076    -44.163434    -44.163435
   3.63924    -44.163248    -44.163249
   3.69772    -44.163047    -44.163048
   3.75619    -44.162848    -44.162851
 
# Band-Index    2
   3.75619    -44.162822    -44.162820
   3.69772    -44.162613    -44.162613
   3.63924    -44.162386    -44.162387
   3.58076    -44.162162    -44.162162
   3.52229    -44.161942    -44.161943
   3.46381    -44.161727    -44.161728
   3.40534    -44.161529    -44.161530
   3.34686    -44.161352    -44.161353
   3.28839    -44.161206    -44.161207
   3.22991    -44.161108    -44.161108
   3.17144    -44.161073    -44.161074
   3.17144    -44.161073    -44.161074
   3.11438    -44.161069    -44.161069
   3.05732    -44.161061    -44.161061
   3.00027    -44.161052    -44.161053
   2.94321    -44.161043    -44.161044
   2.88615    -44.161043    -44.161043
   2.82909    -44.161067    -44.161068
   2.77204    -44.161140    -44.161141
   2.71498    -44.161286    -44.161286
   2.65792    -44.161498    -44.161499
   2.60086    -44.161752    -44.161753
   2.54381    -44.162018    -44.162017
   2.54381    -44.161643    -44.161640
   2.48735    -44.161652    -44.161650
   2.43089    -44.161650    -44.161650
   2.37444    -44.161631    -44.161630
   2.31798    -44.161584    -44.161584
   2.26153    -44.161509    -44.161509
   2.20507    -44.161410    -44.161411
   2.14861    -44.161298    -44.161299
   2.09216    -44.161188    -44.161189
   2.03570    -44.161105    -44.161105
   1.97924    -44.161073    -44.161074
   1.97924    -44.161073    -44.161074
   1.92359    -44.161091    -44.161091
   1.86793    -44.161143    -44.161143
   1.81228    -44.161219    -44.161220
   1.75662    -44.161306    -44.161307
   1.70097    -44.161393    -44.161394
   1.64531    -44.161474    -44.161474
   1.58966    -44.161541    -44.161541
   1.53400    -44.161592    -44.161592
   1.47834    -44.161628    -44.161628
   1.42269    -44.161647    -44.161646
   1.36703    -44.161653    -44.161652
   1.31138    -44.161652    -44.161650
   1.25572    -44.161643    -44.161641
   1.25572    -44.162021    -44.162020
   1.19359    -44.161603    -44.161604
   1.13146    -44.161258    -44.161258
   1.06932    -44.161079    -44.161080
   1.00719    -44.161041    -44.161042
   0.94506    -44.161050    -44.161050
   0.88292    -44.161066    -44.161066
   0.82079    -44.161073    -44.161074
   0.82079    -44.161073    -44.161074
   0.76080    -44.161169    -44.161170
   0.70081    -44.161407    -44.161408
   0.64081    -44.161727    -44.161727
   0.58082    -44.162089    -44.162089
   0.52083    -44.162464    -44.162464
   0.46084    -44.162824    -44.162822
   0.46084    -44.161077    -44.161077
   0.40323    -44.161076    -44.161077
   0.34563    -44.161076    -44.161076
   0.28802    -44.161075    -44.161076
   0.23042    -44.161075    -44.161075
   0.17281    -44.161073    -44.161074
   0.11521    -44.161072    -44.161072
   0.05760    -44.161072    -44.161073
   0.00000    -44.161073    -44.161074
 
# Band-Index    3
   0.00000    -44.160077    -44.160077
   0.05760    -44.160075    -44.160076
   0.11521    -44.160075    -44.160075
   0.17281    -44.160077    -44.160078
   0.23042    -44.160080    -44.160081
   0.28802    -44.160082    -44.160083
   0.34563    -44.160083    -44.160083
   0.40323    -44.160083    -44.160084
   0.46084    -44.160084    -44.160085
   0.46084    -44.159666    -44.159670
   0.52083    -44.159682    -44.159685
   0.58082    -44.159733    -44.159734
   0.64081    -44.159813    -44.159814
   0.70081    -44.159917    -44.159918
   0.76080    -44.160025    -44.160026
   0.82079    -44.160077    -44.160077
   0.82079    -44.160077    -44.160077
   0.88292    -44.160085    -44.160086
   0.94506    -44.160115    -44.160116
   1.00719    -44.160168    -44.160171
   1.06932    -44.160352    -44.160353
   1.13146    -44.160494    -44.160495
   1.19359    -44.160510    -44.160511
   1.25572    -44.160470    -44.160473
   1.25572    -44.160843    -44.160847
   1.31138    -44.160819    -44.160822
   1.36703    -44.160757    -44.160760
   1.42269    -44.160666    -44.160669
   1.47834    -44.160552    -44.160555
   1.53400    -44.160427    -44.160430
   1.58966    -44.160301    -44.160303
   1.64531    -44.160180    -44.160183
   1.70097    -44.160080    -44.160083
   1.75662    -44.160032    -44.160034
   1.81228    -44.160031    -44.160032
   1.86793    -44.160047    -44.160048
   1.92359    -44.160067    -44.160068
   1.97924    -44.160077    -44.160077
   1.97924    -44.160077    -44.160077
   2.03570    -44.160062    -44.160063
   2.09216    -44.160035    -44.160037
   2.14861    -44.160029    -44.160032
   2.20507    -44.160096    -44.160100
   2.26153    -44.160239    -44.160242
   2.31798    -44.160405    -44.160407
   2.37444    -44.160566    -44.160569
   2.43089    -44.160708    -44.160711
   2.48735    -44.160808    -44.160811
   2.54381    -44.160848    -44.160852
   2.54381    -44.160470    -44.160472
   2.60086    -44.160495    -44.160496
   2.65792    -44.160513    -44.160514
   2.71498    -44.160498    -44.160499
   2.77204    -44.160431    -44.160432
   2.82909    -44.160311    -44.160313
   2.88615    -44.160185    -44.160188
   2.94321    -44.160142    -44.160143
   3.00027    -44.160112    -44.160113
   3.05732    -44.160090    -44.160091
   3.11438    -44.160079    -44.160080
   3.17144    -44.160077    -44.160077
   3.17144    -44.160077    -44.160077
   3.22991    -44.160056    -44.160057
   3.28839    -44.160006    -44.160007
   3.34686    -44.159944    -44.159945
   3.40534    -44.159877    -44.159878
   3.46381    -44.159817    -44.159818
   3.52229    -44.159767    -44.159769
   3.58076    -44.159728    -44.159729
   3.63924    -44.159699    -44.159701
   3.69772    -44.159681    -44.159684
   3.75619    -44.159675    -44.159678
 
# Band-Index    4
   3.75619    -44.159649    -44.159647
   3.69772    -44.159650    -44.159648
   3.63924    -44.159654    -44.159653
   3.58076    -44.159661    -44.159661
   3.52229    -44.159671    -44.159670
   3.46381    -44.159683    -44.159683
   3.40534    -44.159693    -44.159693
   3.34686    -44.159701    -44.159701
   3.28839    -44.159708    -44.159709
   3.22991    -44.159714    -44.159714
   3.17144    -44.159716    -44.159716
   3.17144    -44.159716    -44.159716
   3.11438    -44.159736    -44.159736
   3.05732    -44.159796    -44.159796
   3.00027    -44.159890    -44.159890
   2.94321    -44.160013    -44.160013
   2.88615    -44.160152    -44.160150
   2.82909    -44.160215    -44.160215
   2.77204    -44.160263    -44.160263
   2.71498    -44.160311    -44.160311
   2.65792    -44.160361    -44.160361
   2.60086    -44.160410    -44.160410
   2.54381    -44.160444    -44.160443
   2.54381    -44.160817    -44.160815
   2.48735    -44.160713    -44.160711
   2.43089    -44.160506    -44.160505
   2.37444    -44.160306    -44.160305
   2.31798    -44.160148    -44.160147
   2.26153    -44.160039    -44.160037
   2.20507    -44.159968    -44.159966
   2.14861    -44.159890    -44.159888
   2.09216    -44.159801    -44.159800
   2.03570    -44.159738    -44.159738
   1.97924    -44.159716    -44.159716
   1.97924    -44.159716    -44.159716
   1.92359    -44.159729    -44.159729
   1.86793    -44.159767    -44.159767
   1.81228    -44.159826    -44.159826
   1.75662    -44.159896    -44.159895
   1.70097    -44.159957    -44.159955
   1.64531    -44.160009    -44.160007
   1.58966    -44.160077    -44.160076
   1.53400    -44.160170    -44.160169
   1.47834    -44.160293    -44.160292
   1.42269    -44.160441    -44.160439
   1.36703    -44.160602    -44.160601
   1.31138    -44.160747    -44.160745
   1.25572    -44.160812    -44.160810
   1.25572    -44.160445    -44.160444
   1.19359    -44.160382    -44.160382
   1.13146    -44.160302    -44.160302
   1.06932    -44.160225    -44.160225
   1.00719    -44.160114    -44.160113
   0.94506    -44.159906    -44.159906
   0.88292    -44.159767    -44.159767
   0.82079    -44.159716    -44.159716
   0.82079    -44.159716    -44.159716
   0.76080    -44.159710    -44.159710
   0.70081    -44.159698    -44.159698
   0.64081    -44.159680    -44.159680
   0.58082    -44.159659    -44.159658
   0.52083    -44.159646    -44.159644
   0.46084    -44.159640    -44.159638
   0.46084    -44.159727    -44.159727
   0.40323    -44.159725    -44.159725
   0.34563    -44.159722    -44.159722
   0.28802    -44.159720    -44.159721
   0.23042    -44.159720    -44.159720
   0.17281    -44.159720    -44.159720
   0.11521    -44.159718    -44.159719
   0.05760    -44.159717    -44.159717
   0.00000    -44.159716    -44.159716
 
# Band-Index    5
   0.00000    -26.236690    -26.236689
   0.05760    -26.236701    -26.236701
   0.11521    -26.236733    -26.236733
   0.17281    -26.236781    -26.236781
   0.23042    -26.236837    -26.236836
   0.28802    -26.236892    -26.236892
   0.34563    -26.236943    -26.236943
   0.40323    -26.236969    -26.236969
   0.46084    -26.236981    -26.236980
   0.46084    -26.236315    -26.236314
   0.52083    -26.236391    -26.236390
   0.58082    -26.236488    -26.236488
   0.64081    -26.236572    -26.236572
   0.70081    -26.236637    -26.236637
   0.76080    -26.236677    -26.236677
   0.82079    -26.236690    -26.236689
   0.82079    -26.236690    -26.236689
   0.88292    -26.236682    -26.236682
   0.94506    -26.236657    -26.236656
   1.00719    -26.236614    -26.236613
   1.06932    -26.236559    -26.236558
   1.13146    -26.236485    -26.236485
   1.19359    -26.236404    -26.236403
   1.25572    -26.236344    -26.236343
   1.25572    -26.236373    -26.236373
   1.31138    -26.236374    -26.236373
   1.36703    -26.236378    -26.236377
   1.42269    -26.236394    -26.236393
   1.47834    -26.236423    -26.236422
   1.53400    -26.236459    -26.236458
   1.58966    -26.236500    -26.236499
   1.64531    -26.236542    -26.236541
   1.70097    -26.236582    -26.236582
   1.75662    -26.236619    -26.236618
   1.81228    -26.236649    -26.236648
   1.86793    -26.236671    -26.236671
   1.92359    -26.236685    -26.236685
   1.97924    -26.236690    -26.236689
   1.97924    -26.236690    -26.236689
   2.03570    -26.236681    -26.236681
   2.09216    -26.236655    -26.236655
   2.14861    -26.236613    -26.236613
   2.20507    -26.236561    -26.236560
   2.26153    -26.236504    -26.236504
   2.31798    -26.236448    -26.236448
   2.37444    -26.236398    -26.236398
   2.43089    -26.236364    -26.236364
   2.48735    -26.236353    -26.236353
   2.54381    -26.236354    -26.236354
   2.54381    -26.236395    -26.236395
   2.60086    -26.236425    -26.236425
   2.65792    -26.236473    -26.236473
   2.71498    -26.236522    -26.236522
   2.77204    -26.236560    -26.236560
   2.82909    -26.236595    -26.236595
   2.88615    -26.236625    -26.236625
   2.94321    -26.236648    -26.236648
   3.00027    -26.236666    -26.236666
   3.05732    -26.236680    -26.236679
   3.11438    -26.236687    -26.236687
   3.17144    -26.236690    -26.236689
   3.17144    -26.236690    -26.236689
   3.22991    -26.236692    -26.236692
   3.28839    -26.236697    -26.236697
   3.34686    -26.236701    -26.236700
   3.40534    -26.236697    -26.236697
   3.46381    -26.236680    -26.236679
   3.52229    -26.236645    -26.236645
   3.58076    -26.236590    -26.236590
   3.63924    -26.236516    -26.236516
   3.69772    -26.236428    -26.236427
   3.75619    -26.236359    -26.236358
 
# Band-Index    6
   3.75619    -26.236276    -26.236276
   3.69772    -26.236202    -26.236202
   3.63924    -26.236104    -26.236104
   3.58076    -26.236016    -26.236016
   3.52229    -26.235944    -26.235944
   3.46381    -26.235893    -26.235893
   3.40534    -26.235860    -26.235859
   3.34686    -26.235840    -26.235840
   3.28839    -26.235832    -26.235832
   3.22991    -26.235828    -26.235828
   3.17144    -26.235827    -26.235826
   3.17144    -26.235827    -26.235826
   3.11438    -26.235833    -26.235833
   3.05732    -26.235852    -26.235851
   3.00027    -26.235881    -26.235881
   2.94321    -26.235921    -26.235921
   2.88615    -26.235972    -26.235971
   2.82909    -26.236029    -26.236029
   2.77204    -26.236091    -26.236090
   2.71498    -26.236156    -26.236156
   2.65792    -26.236217    -26.236217
   2.60086    -26.236277    -26.236277
   2.54381    -26.236312    -26.236312
   2.54381    -26.236272    -26.236271
   2.48735    -26.236267    -26.236267
   2.43089    -26.236247    -26.236247
   2.37444    -26.236203    -26.236203
   2.31798    -26.236140    -26.236140
   2.26153    -26.236067    -26.236067
   2.20507    -26.235993    -26.235993
   2.14861    -26.235927    -26.235927
   2.09216    -26.235874    -26.235874
   2.03570    -26.235839    -26.235839
   1.97924    -26.235827    -26.235826
   1.97924    -26.235827    -26.235826
   1.92359    -26.235834    -26.235834
   1.86793    -26.235858    -26.235857
   1.81228    -26.235894    -26.235894
   1.75662    -26.235941    -26.235941
   1.70097    -26.235995    -26.235995
   1.64531    -26.236054    -26.236054
   1.58966    -26.236114    -26.236114
   1.53400    -26.236170    -26.236170
   1.47834    -26.236219    -26.236219
   1.42269    -26.236257    -26.236257
   1.36703    -26.236281    -26.236281
   1.31138    -26.236290    -26.236290
   1.25572    -26.236291    -26.236291
   1.25572    -26.236261    -26.236261
   1.19359    -26.236197    -26.236196
   1.13146    -26.236105    -26.236105
   1.06932    -26.236018    -26.236018
   1.00719    -26.235938    -26.235938
   0.94506    -26.235879    -26.235879
   0.88292    -26.235841    -26.235841
   0.82079    -26.235827    -26.235826
   0.82079    -26.235827    -26.235826
   0.76080    -26.235843    -26.235843
   0.70081    -26.235888    -26.235888
   0.64081    -26.235959    -26.235959
   0.58082    -26.236051    -26.236051
   0.52083    -26.236153    -26.236153
   0.46084    -26.236232    -26.236232
   0.46084    -26.235623    -26.235623
   0.40323    -26.235630    -26.235630
   0.34563    -26.235658    -26.235658
   0.28802    -26.235688    -26.235688
   0.23042    -26.235726    -26.235726
   0.17281    -26.235766    -26.235766
   0.11521    -26.235799    -26.235799
   0.05760    -26.235820    -26.235820
   0.00000    -26.235827    -26.235826
 
# Band-Index    7
   0.00000    -26.202099    -26.202099
   0.05760    -26.202111    -26.202111
   0.11521    -26.202144    -26.202143
   0.17281    -26.202190    -26.202190
   0.23042    -26.202244    -26.202244
   0.28802    -26.202299    -26.202299
   0.34563    -26.202349    -26.202348
   0.40323    -26.202374    -26.202374
   0.46084    -26.202385    -26.202385
   0.46084    -26.201143    -26.201142
   0.52083    -26.201358    -26.201357
   0.58082    -26.201595    -26.201595
   0.64081    -26.201803    -26.201803
   0.70081    -26.201964    -26.201964
   0.76080    -26.202065    -26.202065
   0.82079    -26.202099    -26.202099
   0.82079    -26.202099    -26.202099
   0.88292    -26.202067    -26.202066
   0.94506    -26.201970    -26.201970
   1.00719    -26.201820    -26.201819
   1.06932    -26.201632    -26.201632
   1.13146    -26.201410    -26.201410
   1.19359    -26.201185    -26.201185
   1.25572    -26.201001    -26.201000
   1.25572    -26.201213    -26.201213
   1.31138    -26.201217    -26.201216
   1.36703    -26.201243    -26.201243
   1.42269    -26.201299    -26.201299
   1.47834    -26.201382    -26.201382
   1.53400    -26.201480    -26.201480
   1.58966    -26.201588    -26.201587
   1.64531    -26.201699    -26.201699
   1.70097    -26.201807    -26.201807
   1.75662    -26.201904    -26.201904
   1.81228    -26.201986    -26.201986
   1.86793    -26.202048    -26.202048
   1.92359    -26.202087    -26.202087
   1.97924    -26.202099    -26.202099
   1.97924    -26.202099    -26.202099
   2.03570    -26.202071    -26.202071
   2.09216    -26.201989    -26.201989
   2.14861    -26.201863    -26.201863
   2.20507    -26.201707    -26.201707
   2.26153    -26.201539    -26.201539
   2.31798    -26.201377    -26.201377
   2.37444    -26.201238    -26.201237
   2.43089    -26.201133    -26.201133
   2.48735    -26.201079    -26.201078
   2.54381    -26.201071    -26.201070
   2.54381    -26.201169    -26.201169
   2.60086    -26.201284    -26.201283
   2.65792    -26.201427    -26.201427
   2.71498    -26.201573    -26.201572
   2.77204    -26.201692    -26.201691
   2.82909    -26.201801    -26.201801
   2.88615    -26.201895    -26.201895
   2.94321    -26.201970    -26.201970
   3.00027    -26.202026    -26.202026
   3.05732    -26.202068    -26.202067
   3.11438    -26.202092    -26.202092
   3.17144    -26.202099    -26.202099
   3.17144    -26.202099    -26.202099
   3.22991    -26.202094    -26.202094
   3.28839    -26.202078    -26.202078
   3.34686    -26.202047    -26.202047
   3.40534    -26.201999    -26.201999
   3.46381    -26.201932    -26.201932
   3.52229    -26.201844    -26.201844
   3.58076    -26.201733    -26.201733
   3.63924    -26.201601    -26.201600
   3.69772    -26.201449    -26.201448
   3.75619    -26.201315    -26.201315
 
# Band-Index    8
   3.75619    -26.201236    -26.201236
   3.69772    -26.201093    -26.201092
   3.63924    -26.200917    -26.200916
   3.58076    -26.200751    -26.200750
   3.52229    -26.200603    -26.200603
   3.46381    -26.200478    -26.200477
   3.40534    -26.200378    -26.200378
   3.34686    -26.200307    -26.200306
   3.28839    -26.200261    -26.200260
   3.22991    -26.200233    -26.200232
   3.17144    -26.200224    -26.200223
   3.17144    -26.200224    -26.200223
   3.11438    -26.200230    -26.200230
   3.05732    -26.200251    -26.200251
   3.00027    -26.200280    -26.200279
   2.94321    -26.200326    -26.200326
   2.88615    -26.200393    -26.200393
   2.82909    -26.200474    -26.200474
   2.77204    -26.200577    -26.200576
   2.71498    -26.200702    -26.200701
   2.65792    -26.200827    -26.200827
   2.60086    -26.200970    -26.200969
   2.54381    -26.201088    -26.201088
   2.54381    -26.200990    -26.200990
   2.48735    -26.200981    -26.200981
   2.43089    -26.200928    -26.200927
   2.37444    -26.200833    -26.200832
   2.31798    -26.200714    -26.200713
   2.26153    -26.200586    -26.200586
   2.20507    -26.200465    -26.200465
   2.14861    -26.200363    -26.200363
   2.09216    -26.200287    -26.200287
   2.03570    -26.200240    -26.200239
   1.97924    -26.200224    -26.200223
   1.97924    -26.200224    -26.200223
   1.92359    -26.200234    -26.200233
   1.86793    -26.200265    -26.200264
   1.81228    -26.200312    -26.200312
   1.75662    -26.200380    -26.200379
   1.70097    -26.200468    -26.200468
   1.64531    -26.200572    -26.200572
   1.58966    -26.200686    -26.200685
   1.53400    -26.200804    -26.200803
   1.47834    -26.200917    -26.200917
   1.42269    -26.201016    -26.201016
   1.36703    -26.201090    -26.201090
   1.31138    -26.201127    -26.201127
   1.25572    -26.201132    -26.201132
   1.25572    -26.200920    -26.200920
   1.19359    -26.200757    -26.200757
   1.13146    -26.200590    -26.200589
   1.06932    -26.200457    -26.200456
   1.00719    -26.200351    -26.200350
   0.94506    -26.200280    -26.200280
   0.88292    -26.200238    -26.200237
   0.82079    -26.200224    -26.200223
   0.82079    -26.200224    -26.200223
   0.76080    -26.200250    -26.200250
   0.70081    -26.200330    -26.200329
   0.64081    -26.200460    -26.200459
   0.58082    -26.200636    -26.200636
   0.52083    -26.200855    -26.200854
   0.46084    -26.201063    -26.201063
   0.46084    -26.200189    -26.200189
   0.40323    -26.200190    -26.200189
   0.34563    -26.200198    -26.200198
   0.28802    -26.200200    -26.200200
   0.23042    -26.200206    -26.200205
   0.17281    -26.200213    -26.200213
   0.11521    -26.200221    -26.200220
   0.05760    -26.200223    -26.200222
   0.00000    -26.200224    -26.200223
 
# Band-Index    9
   0.00000    -26.192264    -26.192265
   0.05760    -26.192278    -26.192278
   0.11521    -26.192317    -26.192317
   0.17281    -26.192374    -26.192375
   0.23042    -26.192438    -26.192439
   0.28802    -26.192503    -26.192504
   0.34563    -26.192562    -26.192562
   0.40323    -26.192594    -26.192594
   0.46084    -26.192607    -26.192608
   0.46084    -26.192205    -26.192206
   0.52083    -26.192272    -26.192272
   0.58082    -26.192306    -26.192306
   0.64081    -26.192306    -26.192307
   0.70081    -26.192290    -26.192291
   0.76080    -26.192272    -26.192273
   0.82079    -26.192264    -26.192265
   0.82079    -26.192264    -26.192265
   0.88292    -26.192258    -26.192259
   0.94506    -26.192235    -26.192235
   1.00719    -26.192183    -26.192184
   1.06932    -26.192098    -26.192098
   1.13146    -26.191960    -26.191960
   1.19359    -26.191776    -26.191777
   1.25572    -26.191578    -26.191579
   1.25572    -26.191670    -26.191671
   1.31138    -26.191695    -26.191696
   1.36703    -26.191772    -26.191773
   1.42269    -26.191883    -26.191883
   1.47834    -26.192004    -26.192005
   1.53400    -26.192115    -26.192115
   1.58966    -26.192203    -26.192203
   1.64531    -26.192262    -26.192262
   1.70097    -26.192293    -26.192293
   1.75662    -26.192301    -26.192301
   1.81228    -26.192293    -26.192294
   1.86793    -26.192280    -26.192280
   1.92359    -26.192269    -26.192270
   1.97924    -26.192264    -26.192265
   1.97924    -26.192264    -26.192265
   2.03570    -26.192265    -26.192265
   2.09216    -26.192262    -26.192262
   2.14861    -26.192244    -26.192245
   2.20507    -26.192201    -26.192202
   2.26153    -26.192116    -26.192117
   2.31798    -26.191980    -26.191981
   2.37444    -26.191801    -26.191802
   2.43089    -26.191610    -26.191611
   2.48735    -26.191460    -26.191461
   2.54381    -26.191408    -26.191409
   2.54381    -26.191803    -26.191804
   2.60086    -26.191920    -26.191920
   2.65792    -26.192041    -26.192042
   2.71498    -26.192140    -26.192141
   2.77204    -26.192209    -26.192209
   2.82909    -26.192255    -26.192256
   2.88615    -26.192281    -26.192281
   2.94321    -26.192288    -26.192289
   3.00027    -26.192284    -26.192285
   3.05732    -26.192276    -26.192277
   3.11438    -26.192268    -26.192268
   3.17144    -26.192264    -26.192265
   3.17144    -26.192264    -26.192265
   3.22991    -26.192276    -26.192276
   3.28839    -26.192306    -26.192307
   3.34686    -26.192350    -26.192351
   3.40534    -26.192399    -26.192399
   3.46381    -26.192442    -26.192443
   3.52229    -26.192470    -26.192470
   3.58076    -26.192474    -26.192475
   3.63924    -26.192450    -26.192451
   3.69772    -26.192396    -26.192397
   3.75619    -26.192335    -26.192335
 
# Band-Index   10
   3.75619    -26.192272    -26.192273
   3.69772    -26.192178    -26.192179
   3.63924    -26.192029    -26.192029
   3.58076    -26.191848    -26.191849
   3.52229    -26.191637    -26.191638
   3.46381    -26.191396    -26.191397
   3.40534    -26.191126    -26.191127
   3.34686    -26.190831    -26.190832
   3.28839    -26.190516    -26.190517
   3.22991    -26.190200    -26.190201
   3.17144    -26.190010    -26.190010
   3.17144    -26.190010    -26.190010
   3.11438    -26.190035    -26.190035
   3.05732    -26.190108    -26.190109
   3.00027    -26.190224    -26.190225
   2.94321    -26.190378    -26.190379
   2.88615    -26.190561    -26.190562
   2.82909    -26.190764    -26.190765
   2.77204    -26.190977    -26.190978
   2.71498    -26.191193    -26.191193
   2.65792    -26.191397    -26.191397
   2.60086    -26.191589    -26.191589
   2.54381    -26.191730    -26.191730
   2.54381    -26.191331    -26.191332
   2.48735    -26.191331    -26.191331
   2.43089    -26.191315    -26.191315
   2.37444    -26.191279    -26.191279
   2.31798    -26.191218    -26.191218
   2.26153    -26.191119    -26.191119
   2.20507    -26.190971    -26.190972
   2.14861    -26.190767    -26.190767
   2.09216    -26.190505    -26.190505
   2.03570    -26.190206    -26.190206
   1.97924    -26.190010    -26.190010
   1.97924    -26.190010    -26.190010
   1.92359    -26.190141    -26.190142
   1.86793    -26.190373    -26.190374
   1.81228    -26.190603    -26.190604
   1.75662    -26.190810    -26.190811
   1.70097    -26.190990    -26.190990
   1.64531    -26.191143    -26.191143
   1.58966    -26.191271    -26.191271
   1.53400    -26.191376    -26.191376
   1.47834    -26.191460    -26.191460
   1.42269    -26.191524    -26.191525
   1.36703    -26.191568    -26.191569
   1.31138    -26.191590    -26.191590
   1.25572    -26.191594    -26.191594
   1.25572    -26.191505    -26.191505
   1.19359    -26.191269    -26.191270
   1.13146    -26.190981    -26.190982
   1.06932    -26.190692    -26.190692
   1.00719    -26.190418    -26.190419
   0.94506    -26.190203    -26.190203
   0.88292    -26.190061    -26.190061
   0.82079    -26.190010    -26.190010
   0.82079    -26.190010    -26.190010
   0.76080    -26.190406    -26.190406
   0.70081    -26.190925    -26.190926
   0.64081    -26.191378    -26.191379
   0.58082    -26.191738    -26.191739
   0.52083    -26.192000    -26.192001
   0.46084    -26.192146    -26.192146
   0.46084    -26.190191    -26.190192
   0.40323    -26.190183    -26.190183
   0.34563    -26.190166    -26.190167
   0.28802    -26.190136    -26.190137
   0.23042    -26.190103    -26.190104
   0.17281    -26.190069    -26.190070
   0.11521    -26.190039    -26.190039
   0.05760    -26.190018    -26.190018
   0.00000    -26.190010    -26.190010
 
# Band-Index   11
   0.00000    -26.189457    -26.189457
   0.05760    -26.189445    -26.189445
   0.11521    -26.189412    -26.189413
   0.17281    -26.189362    -26.189363
   0.23042    -26.189303    -26.189303
   0.28802    -26.189246    -26.189247
   0.34563    -26.189200    -26.189201
   0.40323    -26.189165    -26.189165
   0.46084    -26.189154    -26.189154
   0.46084    -26.185934    -26.185934
   0.52083    -26.186453    -26.186454
   0.58082    -26.187059    -26.187060
   0.64081    -26.187707    -26.187707
   0.70081    -26.188372    -26.188372
   0.76080    -26.189020    -26.189021
   0.82079    -26.189457    -26.189457
   0.82079    -26.189457    -26.189457
   0.88292    -26.189386    -26.189387
   0.94506    -26.189177    -26.189177
   1.00719    -26.188844    -26.188844
   1.06932    -26.188419    -26.188420
   1.13146    -26.187909    -26.187910
   1.19359    -26.187354    -26.187354
   1.25572    -26.186815    -26.186815
   1.25572    -26.186727    -26.186727
   1.31138    -26.186737    -26.186738
   1.36703    -26.186799    -26.186799
   1.42269    -26.186911    -26.186911
   1.47834    -26.187070    -26.187070
   1.53400    -26.187269    -26.187269
   1.58966    -26.187504    -26.187504
   1.64531    -26.187772    -26.187772
   1.70097    -26.188067    -26.188068
   1.75662    -26.188381    -26.188381
   1.81228    -26.188703    -26.188703
   1.86793    -26.189021    -26.189021
   1.92359    -26.189307    -26.189308
   1.97924    -26.189457    -26.189457
   1.97924    -26.189457    -26.189457
   2.03570    -26.189236    -26.189236
   2.09216    -26.188857    -26.188857
   2.14861    -26.188465    -26.188465
   2.20507    -26.188095    -26.188096
   2.26153    -26.187766    -26.187766
   2.31798    -26.187487    -26.187487
   2.37444    -26.187264    -26.187264
   2.43089    -26.187103    -26.187104
   2.48735    -26.187012    -26.187012
   2.54381    -26.186999    -26.186999
   2.54381    -26.186532    -26.186532
   2.60086    -26.186857    -26.186857
   2.65792    -26.187224    -26.187225
   2.71498    -26.187598    -26.187599
   2.77204    -26.187956    -26.187956
   2.82909    -26.188299    -26.188300
   2.88615    -26.188616    -26.188617
   2.94321    -26.188897    -26.188897
   3.00027    -26.189132    -26.189132
   3.05732    -26.189309    -26.189310
   3.11438    -26.189419    -26.189420
   3.17144    -26.189457    -26.189457
   3.17144    -26.189457    -26.189457
   3.22991    -26.189248    -26.189249
   3.28839    -26.188878    -26.188878
   3.34686    -26.188469    -26.188470
   3.40534    -26.188047    -26.188047
   3.46381    -26.187620    -26.187621
   3.52229    -26.187199    -26.187199
   3.58076    -26.186789    -26.186790
   3.63924    -26.186399    -26.186400
   3.69772    -26.186035    -26.186035
   3.75619    -26.185732    -26.185732
 
# Band-Index   12
   3.75619    -26.185668    -26.185669
   3.69772    -26.185401    -26.185401
   3.63924    -26.185142    -26.185142
   3.58076    -26.184922    -26.184923
   3.52229    -26.184742    -26.184742
   3.46381    -26.184599    -26.184599
   3.40534    -26.184489    -26.184489
   3.34686    -26.184410    -26.184410
   3.28839    -26.184357    -26.184358
   3.22991    -26.184326    -26.184327
   3.17144    -26.184316    -26.184316
   3.17144    -26.184316    -26.184316
   3.11438    -26.184335    -26.184336
   3.05732    -26.184392    -26.184392
   3.00027    -26.184484    -26.184485
   2.94321    -26.184617    -26.184618
   2.88615    -26.184789    -26.184789
   2.82909    -26.184995    -26.184995
   2.77204    -26.185237    -26.185237
   2.71498    -26.185517    -26.185517
   2.65792    -26.185814    -26.185815
   2.60086    -26.186142    -26.186142
   2.54381    -26.186455    -26.186456
   2.54381    -26.186920    -26.186921
   2.48735    -26.186837    -26.186838
   2.43089    -26.186572    -26.186572
   2.37444    -26.186198    -26.186199
   2.31798    -26.185782    -26.185782
   2.26153    -26.185373    -26.185373
   2.20507    -26.185007    -26.185008
   2.14861    -26.184710    -26.184711
   2.09216    -26.184492    -26.184493
   2.03570    -26.184361    -26.184361
   1.97924    -26.184316    -26.184316
   1.97924    -26.184316    -26.184316
   1.92359    -26.184339    -26.184339
   1.86793    -26.184407    -26.184407
   1.81228    -26.184520    -26.184521
   1.75662    -26.184680    -26.184681
   1.70097    -26.184881    -26.184881
   1.64531    -26.185120    -26.185121
   1.58966    -26.185393    -26.185394
   1.53400    -26.185685    -26.185685
   1.47834    -26.185976    -26.185976
   1.42269    -26.186246    -26.186246
   1.36703    -26.186470    -26.186470
   1.31138    -26.186612    -26.186612
   1.25572    -26.186648    -26.186649
   1.25572    -26.186739    -26.186740
   1.19359    -26.186210    -26.186210
   1.13146    -26.185683    -26.185683
   1.06932    -26.185221    -26.185221
   1.00719    -26.184830    -26.184831
   0.94506    -26.184548    -26.184548
   0.88292    -26.184375    -26.184375
   0.82079    -26.184316    -26.184316
   0.82079    -26.184316    -26.184316
   0.76080    -26.184361    -26.184361
   0.70081    -26.184494    -26.184494
   0.64081    -26.184717    -26.184717
   0.58082    -26.185027    -26.185028
   0.52083    -26.185425    -26.185425
   0.46084    -26.185873    -26.185874
   0.46084    -26.184082    -26.184082
   0.40323    -26.184090    -26.184090
   0.34563    -26.184118    -26.184118
   0.28802    -26.184154    -26.184154
   0.23042    -26.184198    -26.184199
   0.17281    -26.184244    -26.184244
   0.11521    -26.184283    -26.184283
   0.05760    -26.184308    -26.184308
   0.00000    -26.184316    -26.184316
 
# Band-Index   13
   0.00000    -26.174534    -26.174534
   0.05760    -26.174525    -26.174525
   0.11521    -26.174495    -26.174496
   0.17281    -26.174451    -26.174451
   0.23042    -26.174397    -26.174398
   0.28802    -26.174344    -26.174345
   0.34563    -26.174301    -26.174302
   0.40323    -26.174267    -26.174268
   0.46084    -26.174258    -26.174258
   0.46084    -26.174060    -26.174060
   0.52083    -26.174166    -26.174167
   0.58082    -26.174291    -26.174292
   0.64081    -26.174395    -26.174396
   0.70081    -26.174474    -26.174474
   0.76080    -26.174521    -26.174521
   0.82079    -26.174534    -26.174534
   0.82079    -26.174534    -26.174534
   0.88292    -26.174521    -26.174521
   0.94506    -26.174477    -26.174478
   1.00719    -26.174405    -26.174406
   1.06932    -26.174313    -26.174313
   1.13146    -26.174201    -26.174201
   1.19359    -26.174081    -26.174081
   1.25572    -26.173989    -26.173990
   1.25572    -26.173752    -26.173753
   1.31138    -26.173761    -26.173761
   1.36703    -26.173789    -26.173790
   1.42269    -26.173843    -26.173843
   1.47834    -26.173918    -26.173918
   1.53400    -26.174006    -26.174006
   1.58966    -26.174101    -26.174102
   1.64531    -26.174199    -26.174199
   1.70097    -26.174292    -26.174292
   1.75662    -26.174374    -26.174375
   1.81228    -26.174443    -26.174444
   1.86793    -26.174494    -26.174494
   1.92359    -26.174525    -26.174525
   1.97924    -26.174534    -26.174534
   1.97924    -26.174534    -26.174534
   2.03570    -26.174523    -26.174524
   2.09216    -26.174485    -26.174486
   2.14861    -26.174421    -26.174422
   2.20507    -26.174335    -26.174335
   2.26153    -26.174233    -26.174234
   2.31798    -26.174123    -26.174123
   2.37444    -26.174016    -26.174016
   2.43089    -26.173930    -26.173931
   2.48735    -26.173881    -26.173882
   2.54381    -26.173870    -26.173870
   2.54381    -26.173839    -26.173839
   2.60086    -26.173885    -26.173886
   2.65792    -26.173962    -26.173963
   2.71498    -26.174050    -26.174050
   2.77204    -26.174136    -26.174136
   2.82909    -26.174223    -26.174224
   2.88615    -26.174307    -26.174308
   2.94321    -26.174382    -26.174383
   3.00027    -26.174446    -26.174447
   3.05732    -26.174496    -26.174496
   3.11438    -26.174525    -26.174525
   3.17144    -26.174534    -26.174534
   3.17144    -26.174534    -26.174534
   3.22991    -26.174523    -26.174524
   3.28839    -26.174488    -26.174489
   3.34686    -26.174430    -26.174431
   3.40534    -26.174356    -26.174357
   3.46381    -26.174272    -26.174273
   3.52229    -26.174186    -26.174187
   3.58076    -26.174102    -26.174103
   3.63924    -26.174024    -26.174025
   3.69772    -26.173959    -26.173959
   3.75619    -26.173924    -26.173925
 
# Band-Index   14
   3.75619    -26.173845    -26.173846
   3.69772    -26.173813    -26.173814
   3.63924    -26.173763    -26.173763
   3.58076    -26.173711    -26.173711
   3.52229    -26.173659    -26.173659
   3.46381    -26.173606    -26.173606
   3.40534    -26.173554    -26.173555
   3.34686    -26.173507    -26.173507
   3.28839    -26.173469    -26.173469
   3.22991    -26.173443    -26.173444
   3.17144    -26.173434    -26.173434
   3.17144    -26.173434    -26.173434
   3.11438    -26.173437    -26.173437
   3.05732    -26.173445    -26.173445
   3.00027    -26.173457    -26.173457
   2.94321    -26.173475    -26.173475
   2.88615    -26.173500    -26.173500
   2.82909    -26.173532    -26.173532
   2.77204    -26.173570    -26.173570
   2.71498    -26.173616    -26.173617
   2.65792    -26.173664    -26.173664
   2.60086    -26.173720    -26.173721
   2.54381    -26.173761    -26.173761
   2.54381    -26.173793    -26.173793
   2.48735    -26.173792    -26.173793
   2.43089    -26.173781    -26.173781
   2.37444    -26.173753    -26.173754
   2.31798    -26.173711    -26.173712
   2.26153    -26.173657    -26.173657
   2.20507    -26.173596    -26.173597
   2.14861    -26.173536    -26.173536
   2.09216    -26.173483    -26.173484
   2.03570    -26.173448    -26.173448
   1.97924    -26.173434    -26.173434
   1.97924    -26.173434    -26.173434
   1.92359    -26.173440    -26.173441
   1.86793    -26.173458    -26.173458
   1.81228    -26.173484    -26.173485
   1.75662    -26.173518    -26.173518
   1.70097    -26.173552    -26.173553
   1.64531    -26.173586    -26.173586
   1.58966    -26.173618    -26.173618
   1.53400    -26.173644    -26.173645
   1.47834    -26.173664    -26.173664
   1.42269    -26.173675    -26.173676
   1.36703    -26.173681    -26.173681
   1.31138    -26.173679    -26.173679
   1.25572    -26.173675    -26.173676
   1.25572    -26.173911    -26.173911
   1.19359    -26.173823    -26.173823
   1.13146    -26.173715    -26.173715
   1.06932    -26.173620    -26.173621
   1.00719    -26.173539    -26.173540
   0.94506    -26.173482    -26.173482
   0.88292    -26.173446    -26.173447
   0.82079    -26.173434    -26.173434
   0.82079    -26.173434    -26.173434
   0.76080    -26.173455    -26.173456
   0.70081    -26.173516    -26.173517
   0.64081    -26.173611    -26.173611
   0.58082    -26.173732    -26.173733
   0.52083    -26.173869    -26.173870
   0.46084    -26.173981    -26.173981
   0.46084    -26.173494    -26.173494
   0.40323    -26.173491    -26.173492
   0.34563    -26.173489    -26.173489
   0.28802    -26.173477    -26.173477
   0.23042    -26.173466    -26.173466
   0.17281    -26.173455    -26.173455
   0.11521    -26.173445    -26.173446
   0.05760    -26.173437    -26.173438
   0.00000    -26.173434    -26.173434
 
# Band-Index   15
   0.00000    -26.145314    -26.145314
   0.05760    -26.145314    -26.145314
   0.11521    -26.145312    -26.145312
   0.17281    -26.145308    -26.145308
   0.23042    -26.145302    -26.145302
   0.28802    -26.145297    -26.145297
   0.34563    -26.145294    -26.145295
   0.40323    -26.145289    -26.145290
   0.46084    -26.145290    -26.145291
   0.46084    -26.144495    -26.144495
   0.52083    -26.144674    -26.144674
   0.58082    -26.144879    -26.144879
   0.64081    -26.145059    -26.145059
   0.70081    -26.145198    -26.145198
   0.76080    -26.145285    -26.145286
   0.82079    -26.145314    -26.145314
   0.82079    -26.145314    -26.145314
   0.88292    -26.145290    -26.145290
   0.94506    -26.145216    -26.145216
   1.00719    -26.145097    -26.145097
   1.06932    -26.144948    -26.144949
   1.13146    -26.144771    -26.144772
   1.19359    -26.144585    -26.144585
   1.25572    -26.144433    -26.144433
   1.25572    -26.144393    -26.144393
   1.31138    -26.144397    -26.144397
   1.36703    -26.144421    -26.144421
   1.42269    -26.144477    -26.144477
   1.47834    -26.144558    -26.144558
   1.53400    -26.144657    -26.144658
   1.58966    -26.144768    -26.144768
   1.64531    -26.144883    -26.144883
   1.70097    -26.144997    -26.144997
   1.75662    -26.145101    -26.145102
   1.81228    -26.145191    -26.145191
   1.86793    -26.145258    -26.145259
   1.92359    -26.145300    -26.145301
   1.97924    -26.145314    -26.145314
   1.97924    -26.145314    -26.145314
   2.03570    -26.145292    -26.145292
   2.09216    -26.145225    -26.145225
   2.14861    -26.145121    -26.145121
   2.20507    -26.144993    -26.144993
   2.26153    -26.144855    -26.144855
   2.31798    -26.144719    -26.144720
   2.37444    -26.144600    -26.144600
   2.43089    -26.144511    -26.144511
   2.48735    -26.144468    -26.144468
   2.54381    -26.144463    -26.144463
   2.54381    -26.144397    -26.144397
   2.60086    -26.144481    -26.144481
   2.65792    -26.144600    -26.144600
   2.71498    -26.144723    -26.144724
   2.77204    -26.144840    -26.144841
   2.82909    -26.144952    -26.144953
   2.88615    -26.145054    -26.145055
   2.94321    -26.145143    -26.145144
   3.00027    -26.145216    -26.145216
   3.05732    -26.145270    -26.145271
   3.11438    -26.145303    -26.145303
   3.17144    -26.145314    -26.145314
   3.17144    -26.145314    -26.145314
   3.22991    -26.145303    -26.145304
   3.28839    -26.145270    -26.145270
   3.34686    -26.145214    -26.145214
   3.40534    -26.145139    -26.145139
   3.46381    -26.145047    -26.145047
   3.52229    -26.144942    -26.144942
   3.58076    -26.144824    -26.144824
   3.63924    -26.144698    -26.144698
   3.69772    -26.144569    -26.144569
   3.75619    -26.144470    -26.144470
 
# Band-Index   16
   3.75619    -26.144385    -26.144386
   3.69772    -26.144285    -26.144285
   3.63924    -26.144156    -26.144156
   3.58076    -26.144035    -26.144036
   3.52229    -26.143928    -26.143929
   3.46381    -26.143837    -26.143837
   3.40534    -26.143762    -26.143763
   3.34686    -26.143706    -26.143706
   3.28839    -26.143668    -26.143668
   3.22991    -26.143645    -26.143645
   3.17144    -26.143636    -26.143636
   3.17144    -26.143636    -26.143636
   3.11438    -26.143643    -26.143643
   3.05732    -26.143663    -26.143663
   3.00027    -26.143693    -26.143694
   2.94321    -26.143737    -26.143737
   2.88615    -26.143792    -26.143793
   2.82909    -26.143859    -26.143860
   2.77204    -26.143939    -26.143939
   2.71498    -26.144030    -26.144030
   2.65792    -26.144126    -26.144127
   2.60086    -26.144231    -26.144232
   2.54381    -26.144313    -26.144313
   2.54381    -26.144379    -26.144380
   2.48735    -26.144373    -26.144373
   2.43089    -26.144328    -26.144328
   2.37444    -26.144242    -26.144243
   2.31798    -26.144134    -26.144134
   2.26153    -26.144014    -26.144014
   2.20507    -26.143894    -26.143895
   2.14861    -26.143789    -26.143789
   2.09216    -26.143708    -26.143708
   2.03570    -26.143655    -26.143656
   1.97924    -26.143636    -26.143636
   1.97924    -26.143636    -26.143636
   1.92359    -26.143647    -26.143648
   1.86793    -26.143677    -26.143678
   1.81228    -26.143725    -26.143725
   1.75662    -26.143788    -26.143789
   1.70097    -26.143864    -26.143864
   1.64531    -26.143946    -26.143946
   1.58966    -26.144031    -26.144031
   1.53400    -26.144114    -26.144114
   1.47834    -26.144190    -26.144190
   1.42269    -26.144252    -26.144252
   1.36703    -26.144294    -26.144294
   1.31138    -26.144309    -26.144309
   1.25572    -26.144309    -26.144309
   1.25572    -26.144349    -26.144350
   1.19359    -26.144206    -26.144206
   1.13146    -26.144044    -26.144044
   1.06932    -26.143905    -26.143906
   1.00719    -26.143789    -26.143789
   0.94506    -26.143706    -26.143707
   0.88292    -26.143654    -26.143654
   0.82079    -26.143636    -26.143636
   0.82079    -26.143636    -26.143636
   0.76080    -26.143665    -26.143665
   0.70081    -26.143745    -26.143745
   0.64081    -26.143871    -26.143871
   0.58082    -26.144036    -26.144037
   0.52083    -26.144233    -26.144233
   0.46084    -26.144410    -26.144411
   0.46084    -26.143551    -26.143552
   0.40323    -26.143554    -26.143554
   0.34563    -26.143566    -26.143566
   0.28802    -26.143577    -26.143578
   0.23042    -26.143594    -26.143595
   0.17281    -26.143612    -26.143613
   0.11521    -26.143625    -26.143626
   0.05760    -26.143634    -26.143634
   0.00000    -26.143636    -26.143636
 
# Band-Index   17
   0.00000    -23.772317    -23.772318
   0.05760    -23.772310    -23.772311
   0.11521    -23.772286    -23.772288
   0.17281    -23.772253    -23.772254
   0.23042    -23.772209    -23.772210
   0.28802    -23.772171    -23.772172
   0.34563    -23.772138    -23.772139
   0.40323    -23.772106    -23.772107
   0.46084    -23.772098    -23.772099
   0.46084    -23.761169    -23.761171
   0.52083    -23.764274    -23.764275
   0.58082    -23.767016    -23.767017
   0.64081    -23.769263    -23.769264
   0.70081    -23.770935    -23.770936
   0.76080    -23.771969    -23.771970
   0.82079    -23.772317    -23.772318
   0.82079    -23.772317    -23.772318
   0.88292    -23.771592    -23.771593
   0.94506    -23.769521    -23.769522
   1.00719    -23.766437    -23.766438
   1.06932    -23.762992    -23.762993
   1.13146    -23.760373    -23.760374
   1.19359    -23.759476    -23.759477
   1.25572    -23.759397    -23.759399
   1.25572    -23.754617    -23.754619
   1.31138    -23.754938    -23.754940
   1.36703    -23.755746    -23.755748
   1.42269    -23.756819    -23.756820
   1.47834    -23.758125    -23.758126
   1.53400    -23.759761    -23.759762
   1.58966    -23.761718    -23.761719
   1.64531    -23.763863    -23.763864
   1.70097    -23.766041    -23.766042
   1.75662    -23.768081    -23.768082
   1.81228    -23.769838    -23.769839
   1.86793    -23.771181    -23.771182
   1.92359    -23.772029    -23.772030
   1.97924    -23.772317    -23.772318
   1.97924    -23.772317    -23.772318
   2.03570    -23.771839    -23.771840
   2.09216    -23.770455    -23.770456
   2.14861    -23.768328    -23.768329
   2.20507    -23.765698    -23.765699
   2.26153    -23.762889    -23.762889
   2.31798    -23.760259    -23.760260
   2.37444    -23.758103    -23.758104
   2.43089    -23.756481    -23.756482
   2.48735    -23.755225    -23.755226
   2.54381    -23.754675    -23.754677
   2.54381    -23.759228    -23.759229
   2.60086    -23.759272    -23.759273
   2.65792    -23.759447    -23.759448
   2.71498    -23.760106    -23.760106
   2.77204    -23.761481    -23.761482
   2.82909    -23.763476    -23.763476
   2.88615    -23.765704    -23.765705
   2.94321    -23.767861    -23.767862
   3.00027    -23.769715    -23.769716
   3.05732    -23.771130    -23.771131
   3.11438    -23.772015    -23.772016
   3.17144    -23.772317    -23.772318
   3.17144    -23.772317    -23.772318
   3.22991    -23.772188    -23.772189
   3.28839    -23.771796    -23.771797
   3.34686    -23.771151    -23.771152
   3.40534    -23.770271    -23.770272
   3.46381    -23.769161    -23.769162
   3.52229    -23.767850    -23.767851
   3.58076    -23.766347    -23.766348
   3.63924    -23.764685    -23.764686
   3.69772    -23.762892    -23.762893
   3.75619    -23.761006    -23.761008
 
# Band-Index   18
   3.75619    -23.760983    -23.760983
   3.69772    -23.759026    -23.759027
   3.63924    -23.757023    -23.757024
   3.58076    -23.755030    -23.755031
   3.52229    -23.753088    -23.753089
   3.46381    -23.751359    -23.751359
   3.40534    -23.751751    -23.751751
   3.34686    -23.752049    -23.752049
   3.28839    -23.752262    -23.752262
   3.22991    -23.752386    -23.752386
   3.17144    -23.752430    -23.752430
   3.17144    -23.752430    -23.752430
   3.11438    -23.752432    -23.752432
   3.05732    -23.752492    -23.752493
   3.00027    -23.752714    -23.752715
   2.94321    -23.753325    -23.753325
   2.88615    -23.754392    -23.754393
   2.82909    -23.755666    -23.755666
   2.77204    -23.756871    -23.756872
   2.71498    -23.757877    -23.757878
   2.65792    -23.758596    -23.758596
   2.60086    -23.759033    -23.759034
   2.54381    -23.759208    -23.759208
   2.54381    -23.754647    -23.754647
   2.48735    -23.754905    -23.754904
   2.43089    -23.755612    -23.755612
   2.37444    -23.756395    -23.756395
   2.31798    -23.756563    -23.756564
   2.26153    -23.755840    -23.755841
   2.20507    -23.754385    -23.754386
   2.14861    -23.752849    -23.752850
   2.09216    -23.752308    -23.752308
   2.03570    -23.752369    -23.752369
   1.97924    -23.752430    -23.752430
   1.97924    -23.752430    -23.752430
   1.92359    -23.752399    -23.752399
   1.86793    -23.752353    -23.752353
   1.81228    -23.752433    -23.752433
   1.75662    -23.752994    -23.752995
   1.70097    -23.754126    -23.754127
   1.64531    -23.755300    -23.755301
   1.58966    -23.756135    -23.756136
   1.53400    -23.756483    -23.756484
   1.47834    -23.756322    -23.756322
   1.42269    -23.755772    -23.755772
   1.36703    -23.755159    -23.755159
   1.31138    -23.754741    -23.754740
   1.25572    -23.754589    -23.754589
   1.25572    -23.759377    -23.759377
   1.19359    -23.758984    -23.758985
   1.13146    -23.757872    -23.757873
   1.06932    -23.756072    -23.756073
   1.00719    -23.753997    -23.753997
   0.94506    -23.752681    -23.752681
   0.88292    -23.752421    -23.752421
   0.82079    -23.752430    -23.752430
   0.82079    -23.752430    -23.752430
   0.76080    -23.752276    -23.752276
   0.70081    -23.751823    -23.751823
   0.64081    -23.751315    -23.751316
   0.58082    -23.754472    -23.754473
   0.52083    -23.757831    -23.757832
   0.46084    -23.761146    -23.761146
   0.46084    -23.753025    -23.753025
   0.40323    -23.753004    -23.753004
   0.34563    -23.752947    -23.752947
   0.28802    -23.752841    -23.752842
   0.23042    -23.752728    -23.752728
   0.17281    -23.752612    -23.752613
   0.11521    -23.752517    -23.752517
   0.05760    -23.752449    -23.752449
   0.00000    -23.752430    -23.752430
 
# Band-Index   19
   0.00000    -23.745982    -23.745983
   0.05760    -23.745974    -23.745975
   0.11521    -23.745964    -23.745964
   0.17281    -23.745952    -23.745953
   0.23042    -23.745940    -23.745940
   0.28802    -23.745924    -23.745924
   0.34563    -23.745912    -23.745912
   0.40323    -23.745894    -23.745894
   0.46084    -23.745896    -23.745897
   0.46084    -23.747783    -23.747784
   0.52083    -23.749004    -23.749004
   0.58082    -23.750132    -23.750132
   0.64081    -23.751096    -23.751096
   0.70081    -23.748626    -23.748626
   0.76080    -23.746716    -23.746717
   0.82079    -23.745982    -23.745983
   0.82079    -23.745982    -23.745983
   0.88292    -23.746689    -23.746689
   0.94506    -23.748181    -23.748181
   1.00719    -23.748919    -23.748920
   1.06932    -23.748603    -23.748603
   1.13146    -23.749169    -23.749170
   1.19359    -23.748464    -23.748465
   1.25572    -23.747612    -23.747613
   1.25572    -23.746398    -23.746400
   1.31138    -23.746448    -23.746447
   1.36703    -23.746684    -23.746683
   1.42269    -23.747064    -23.747064
   1.47834    -23.747567    -23.747566
   1.53400    -23.748132    -23.748132
   1.58966    -23.748723    -23.748722
   1.64531    -23.749251    -23.749250
   1.70097    -23.749599    -23.749598
   1.75662    -23.749508    -23.749508
   1.81228    -23.748648    -23.748648
   1.86793    -23.747372    -23.747373
   1.92359    -23.746355    -23.746355
   1.97924    -23.745982    -23.745983
   1.97924    -23.745982    -23.745983
   2.03570    -23.746609    -23.746610
   2.09216    -23.748147    -23.748148
   2.14861    -23.749425    -23.749424
   2.20507    -23.749428    -23.749428
   2.26153    -23.748810    -23.748810
   2.31798    -23.748046    -23.748045
   2.37444    -23.747325    -23.747324
   2.43089    -23.746770    -23.746769
   2.48735    -23.746438    -23.746437
   2.54381    -23.746358    -23.746359
   2.54381    -23.747711    -23.747712
   2.60086    -23.748093    -23.748093
   2.65792    -23.748665    -23.748666
   2.71498    -23.749049    -23.749050
   2.77204    -23.748842    -23.748843
   2.82909    -23.748903    -23.748903
   2.88615    -23.749050    -23.749050
   2.94321    -23.748799    -23.748799
   3.00027    -23.748061    -23.748061
   3.05732    -23.747073    -23.747074
   3.11438    -23.746275    -23.746276
   3.17144    -23.745982    -23.745983
   3.17144    -23.745982    -23.745983
   3.22991    -23.746251    -23.746252
   3.28839    -23.747008    -23.747008
   3.34686    -23.748149    -23.748150
   3.40534    -23.749596    -23.749597
   3.46381    -23.751260    -23.751261
   3.52229    -23.750871    -23.750872
   3.58076    -23.750297    -23.750297
   3.63924    -23.749637    -23.749637
   3.69772    -23.748912    -23.748912
   3.75619    -23.748152    -23.748153
 
# Band-Index   20
   3.75619    -23.748127    -23.748126
   3.69772    -23.747336    -23.747336
   3.63924    -23.746534    -23.746534
   3.58076    -23.745769    -23.745769
   3.52229    -23.745073    -23.745073
   3.46381    -23.744473    -23.744473
   3.40534    -23.743998    -23.743998
   3.34686    -23.743658    -23.743658
   3.28839    -23.743465    -23.743465
   3.22991    -23.743397    -23.743397
   3.17144    -23.743390    -23.743390
   3.17144    -23.743390    -23.743390
   3.11438    -23.743523    -23.743523
   3.05732    -23.743950    -23.743951
   3.00027    -23.744680    -23.744681
   2.94321    -23.745699    -23.745700
   2.88615    -23.746895    -23.746896
   2.82909    -23.748045    -23.748046
   2.77204    -23.748557    -23.748557
   2.71498    -23.748162    -23.748162
   2.65792    -23.747805    -23.747805
   2.60086    -23.747617    -23.747617
   2.54381    -23.747686    -23.747685
   2.54381    -23.746329    -23.746328
   2.48735    -23.746248    -23.746250
   2.43089    -23.746067    -23.746068
   2.37444    -23.745908    -23.745909
   2.31798    -23.745701    -23.745702
   2.26153    -23.745389    -23.745390
   2.20507    -23.744960    -23.744960
   2.14861    -23.744451    -23.744452
   2.09216    -23.743938    -23.743939
   2.03570    -23.743543    -23.743543
   1.97924    -23.743390    -23.743390
   1.97924    -23.743390    -23.743390
   1.92359    -23.743484    -23.743484
   1.86793    -23.743749    -23.743749
   1.81228    -23.744120    -23.744121
   1.75662    -23.744538    -23.744539
   1.70097    -23.744951    -23.744952
   1.64531    -23.745323    -23.745323
   1.58966    -23.745623    -23.745624
   1.53400    -23.745846    -23.745847
   1.47834    -23.746006    -23.746007
   1.42269    -23.746116    -23.746118
   1.36703    -23.746231    -23.746233
   1.31138    -23.746345    -23.746347
   1.25572    -23.746369    -23.746368
   1.25572    -23.747587    -23.747586
   1.19359    -23.747485    -23.747485
   1.13146    -23.747955    -23.747955
   1.06932    -23.748383    -23.748383
   1.00719    -23.746526    -23.746526
   0.94506    -23.744770    -23.744771
   0.88292    -23.743717    -23.743717
   0.82079    -23.743390    -23.743390
   0.82079    -23.743390    -23.743390
   0.76080    -23.743429    -23.743429
   0.70081    -23.743725    -23.743725
   0.64081    -23.744391    -23.744391
   0.58082    -23.745363    -23.745363
   0.52083    -23.746530    -23.746530
   0.46084    -23.747758    -23.747757
   0.46084    -23.743456    -23.743456
   0.40323    -23.743449    -23.743449
   0.34563    -23.743457    -23.743457
   0.28802    -23.743441    -23.743441
   0.23042    -23.743429    -23.743429
   0.17281    -23.743411    -23.743411
   0.11521    -23.743401    -23.743401
   0.05760    -23.743391    -23.743391
   0.00000    -23.743390    -23.743390
 
# Band-Index   21
   0.00000    -23.734039    -23.734041
   0.05760    -23.734046    -23.734047
   0.11521    -23.734044    -23.734045
   0.17281    -23.734037    -23.734038
   0.23042    -23.734030    -23.734031
   0.28802    -23.734018    -23.734019
   0.34563    -23.734013    -23.734014
   0.40323    -23.734002    -23.734003
   0.46084    -23.734004    -23.734005
   0.46084    -23.727063    -23.727065
   0.52083    -23.727623    -23.727624
   0.58082    -23.728503    -23.728504
   0.64081    -23.730450    -23.730451
   0.70081    -23.732424    -23.732425
   0.76080    -23.733646    -23.733647
   0.82079    -23.734039    -23.734041
   0.82079    -23.734039    -23.734041
   0.88292    -23.734479    -23.734480
   0.94506    -23.735185    -23.735186
   1.00719    -23.735705    -23.735705
   1.06932    -23.736035    -23.736035
   1.13146    -23.736228    -23.736229
   1.19359    -23.736312    -23.736313
   1.25572    -23.736292    -23.736293
   1.25572    -23.731637    -23.731639
   1.31138    -23.732108    -23.732110
   1.36703    -23.732705    -23.732706
   1.42269    -23.733103    -23.733104
   1.47834    -23.733367    -23.733368
   1.53400    -23.733558    -23.733559
   1.58966    -23.733715    -23.733715
   1.64531    -23.733855    -23.733856
   1.70097    -23.733991    -23.733991
   1.75662    -23.734117    -23.734118
   1.81228    -23.734190    -23.734191
   1.86793    -23.734179    -23.734179
   1.92359    -23.734097    -23.734098
   1.97924    -23.734039    -23.734041
   1.97924    -23.734039    -23.734041
   2.03570    -23.734136    -23.734137
   2.09216    -23.734228    -23.734229
   2.14861    -23.734165    -23.734166
   2.20507    -23.734002    -23.734003
   2.26153    -23.733812    -23.733812
   2.31798    -23.733598    -23.733599
   2.37444    -23.733324    -23.733325
   2.43089    -23.732920    -23.732921
   2.48735    -23.732245    -23.732247
   2.54381    -23.731562    -23.731564
   2.54381    -23.736325    -23.736326
   2.60086    -23.736347    -23.736348
   2.65792    -23.736312    -23.736312
   2.71498    -23.736235    -23.736235
   2.77204    -23.736106    -23.736106
   2.82909    -23.735944    -23.735945
   2.88615    -23.735727    -23.735727
   2.94321    -23.735442    -23.735442
   3.00027    -23.735081    -23.735082
   3.05732    -23.734648    -23.734649
   3.11438    -23.734228    -23.734229
   3.17144    -23.734039    -23.734041
   3.17144    -23.734039    -23.734041
   3.22991    -23.733901    -23.733902
   3.28839    -23.733461    -23.733462
   3.34686    -23.732719    -23.732720
   3.40534    -23.731687    -23.731688
   3.46381    -23.730416    -23.730417
   3.52229    -23.729093    -23.729094
   3.58076    -23.728155    -23.728156
   3.63924    -23.727616    -23.727617
   3.69772    -23.727224    -23.727225
   3.75619    -23.726903    -23.726905
 
# Band-Index   22
   3.75619    -23.726877    -23.726876
   3.69772    -23.726572    -23.726573
   3.63924    -23.726261    -23.726262
   3.58076    -23.726145    -23.726146
   3.52229    -23.727410    -23.727411
   3.46381    -23.728148    -23.728149
   3.40534    -23.728741    -23.728741
   3.34686    -23.729331    -23.729332
   3.28839    -23.729894    -23.729895
   3.22991    -23.730308    -23.730309
   3.17144    -23.730463    -23.730464
   3.17144    -23.730463    -23.730464
   3.11438    -23.730688    -23.730689
   3.05732    -23.731381    -23.731382
   3.00027    -23.732440    -23.732441
   2.94321    -23.733564    -23.733565
   2.88615    -23.734495    -23.734496
   2.82909    -23.735159    -23.735159
   2.77204    -23.735591    -23.735592
   2.71498    -23.735884    -23.735885
   2.65792    -23.736082    -23.736082
   2.60086    -23.736224    -23.736224
   2.54381    -23.736310    -23.736309
   2.54381    -23.731533    -23.731533
   2.48735    -23.731540    -23.731540
   2.43089    -23.731552    -23.731552
   2.37444    -23.731584    -23.731584
   2.31798    -23.731640    -23.731641
   2.26153    -23.731671    -23.731672
   2.20507    -23.731573    -23.731574
   2.14861    -23.731292    -23.731293
   2.09216    -23.730905    -23.730906
   2.03570    -23.730583    -23.730584
   1.97924    -23.730463    -23.730464
   1.97924    -23.730463    -23.730464
   1.92359    -23.730531    -23.730532
   1.86793    -23.730724    -23.730725
   1.81228    -23.730992    -23.730993
   1.75662    -23.731265    -23.731266
   1.70097    -23.731467    -23.731468
   1.64531    -23.731563    -23.731564
   1.58966    -23.731561    -23.731562
   1.53400    -23.731518    -23.731519
   1.47834    -23.731496    -23.731497
   1.42269    -23.731515    -23.731516
   1.36703    -23.731559    -23.731559
   1.31138    -23.731598    -23.731598
   1.25572    -23.731608    -23.731608
   1.25572    -23.736277    -23.736277
   1.19359    -23.736149    -23.736150
   1.13146    -23.735892    -23.735893
   1.06932    -23.735389    -23.735389
   1.00719    -23.734348    -23.734349
   0.94506    -23.732660    -23.732661
   0.88292    -23.731040    -23.731040
   0.82079    -23.730463    -23.730464
   0.82079    -23.730463    -23.730464
   0.76080    -23.730064    -23.730065
   0.70081    -23.729172    -23.729173
   0.64081    -23.728220    -23.728221
   0.58082    -23.726696    -23.726697
   0.52083    -23.726516    -23.726516
   0.46084    -23.727036    -23.727036
   0.46084    -23.730268    -23.730269
   0.40323    -23.730274    -23.730275
   0.34563    -23.730301    -23.730302
   0.28802    -23.730331    -23.730332
   0.23042    -23.730368    -23.730369
   0.17281    -23.730406    -23.730407
   0.11521    -23.730435    -23.730436
   0.05760    -23.730457    -23.730458
   0.00000    -23.730463    -23.730464
 
# Band-Index   23
   0.00000    -23.724626    -23.724626
   0.05760    -23.724622    -23.724622
   0.11521    -23.724605    -23.724606
   0.17281    -23.724584    -23.724585
   0.23042    -23.724554    -23.724555
   0.28802    -23.724528    -23.724528
   0.34563    -23.724504    -23.724505
   0.40323    -23.724483    -23.724483
   0.46084    -23.724477    -23.724478
   0.46084    -23.720398    -23.720400
   0.52083    -23.723722    -23.723723
   0.58082    -23.725936    -23.725937
   0.64081    -23.725262    -23.725263
   0.70081    -23.724464    -23.724464
   0.76080    -23.724148    -23.724149
   0.82079    -23.724626    -23.724626
   0.82079    -23.724626    -23.724626
   0.88292    -23.725996    -23.725997
   0.94506    -23.727648    -23.727649
   1.00719    -23.728563    -23.728564
   1.06932    -23.728940    -23.728940
   1.13146    -23.728505    -23.728506
   1.19359    -23.726678    -23.726679
   1.25572    -23.723255    -23.723258
   1.25572    -23.729052    -23.729055
   1.31138    -23.729076    -23.729077
   1.36703    -23.729164    -23.729165
   1.42269    -23.729260    -23.729261
   1.47834    -23.729293    -23.729294
   1.53400    -23.729181    -23.729182
   1.58966    -23.728926    -23.728927
   1.64531    -23.728546    -23.728546
   1.70097    -23.728061    -23.728061
   1.75662    -23.727463    -23.727464
   1.81228    -23.726747    -23.726747
   1.86793    -23.725896    -23.725896
   1.92359    -23.725037    -23.725037
   1.97924    -23.724626    -23.724626
   1.97924    -23.724626    -23.724626
   2.03570    -23.725283    -23.725284
   2.09216    -23.726440    -23.726441
   2.14861    -23.727414    -23.727414
   2.20507    -23.728150    -23.728151
   2.26153    -23.728702    -23.728702
   2.31798    -23.729073    -23.729073
   2.37444    -23.729233    -23.729234
   2.43089    -23.729229    -23.729230
   2.48735    -23.729162    -23.729163
   2.54381    -23.729137    -23.729139
   2.54381    -23.723264    -23.723266
   2.60086    -23.725645    -23.725646
   2.65792    -23.727433    -23.727434
   2.71498    -23.728520    -23.728521
   2.77204    -23.728973    -23.728974
   2.82909    -23.728991    -23.728991
   2.88615    -23.728719    -23.728720
   2.94321    -23.728238    -23.728239
   3.00027    -23.727534    -23.727534
   3.05732    -23.726514    -23.726515
   3.11438    -23.725286    -23.725286
   3.17144    -23.724626    -23.724626
   3.17144    -23.724626    -23.724626
   3.22991    -23.724454    -23.724454
   3.28839    -23.723913    -23.723914
   3.34686    -23.724273    -23.724274
   3.40534    -23.724756    -23.724757
   3.46381    -23.725189    -23.725190
   3.52229    -23.725572    -23.725573
   3.58076    -23.725930    -23.725931
   3.63924    -23.724362    -23.724363
   3.69772    -23.722391    -23.722392
   3.75619    -23.720419    -23.720420
 
# Band-Index   24
   3.75619    -23.720414    -23.720415
   3.69772    -23.718573    -23.718574
   3.63924    -23.717004    -23.717005
   3.58076    -23.715832    -23.715833
   3.52229    -23.717201    -23.717202
   3.46381    -23.719520    -23.719521
   3.40534    -23.721457    -23.721458
   3.34686    -23.722928    -23.722928
   3.28839    -23.723797    -23.723798
   3.22991    -23.723417    -23.723418
   3.17144    -23.723267    -23.723268
   3.17144    -23.723267    -23.723268
   3.11438    -23.722742    -23.722743
   3.05732    -23.721389    -23.721390
   3.00027    -23.719623    -23.719624
   2.94321    -23.717813    -23.717814
   2.88615    -23.716255    -23.716256
   2.82909    -23.715225    -23.715226
   2.77204    -23.715045    -23.715046
   2.71498    -23.715976    -23.715978
   2.65792    -23.717938    -23.717939
   2.60086    -23.720539    -23.720540
   2.54381    -23.723239    -23.723240
   2.54381    -23.729113    -23.729114
   2.48735    -23.727340    -23.727341
   2.43089    -23.723836    -23.723837
   2.37444    -23.719975    -23.719977
   2.31798    -23.717211    -23.717212
   2.26153    -23.716741    -23.716742
   2.20507    -23.717919    -23.717920
   2.14861    -23.719663    -23.719664
   2.09216    -23.721412    -23.721412
   2.03570    -23.722758    -23.722759
   1.97924    -23.723267    -23.723268
   1.97924    -23.723267    -23.723268
   1.92359    -23.722965    -23.722966
   1.86793    -23.722120    -23.722121
   1.81228    -23.720911    -23.720912
   1.75662    -23.719537    -23.719538
   1.70097    -23.718181    -23.718182
   1.64531    -23.717086    -23.717087
   1.58966    -23.716657    -23.716659
   1.53400    -23.717475    -23.717477
   1.47834    -23.719650    -23.719652
   1.42269    -23.722556    -23.722557
   1.36703    -23.725492    -23.725494
   1.31138    -23.727902    -23.727903
   1.25572    -23.729029    -23.729029
   1.25572    -23.723231    -23.723231
   1.19359    -23.719017    -23.719019
   1.13146    -23.715760    -23.715761
   1.06932    -23.715054    -23.715055
   1.00719    -23.716629    -23.716630
   0.94506    -23.719337    -23.719338
   0.88292    -23.722036    -23.722037
   0.82079    -23.723267    -23.723268
   0.82079    -23.723267    -23.723268
   0.76080    -23.723658    -23.723659
   0.70081    -23.722531    -23.722532
   0.64081    -23.719583    -23.719584
   0.58082    -23.715597    -23.715598
   0.52083    -23.717459    -23.717460
   0.46084    -23.720394    -23.720395
   0.46084    -23.723172    -23.723173
   0.40323    -23.723176    -23.723177
   0.34563    -23.723198    -23.723199
   0.28802    -23.723207    -23.723208
   0.23042    -23.723224    -23.723225
   0.17281    -23.723242    -23.723243
   0.11521    -23.723254    -23.723255
   0.05760    -23.723268    -23.723269
   0.00000    -23.723267    -23.723268
 
# Band-Index   25
   0.00000    -23.716927    -23.716928
   0.05760    -23.716931    -23.716932
   0.11521    -23.716933    -23.716934
   0.17281    -23.716935    -23.716936
   0.23042    -23.716934    -23.716935
   0.28802    -23.716936    -23.716937
   0.34563    -23.716940    -23.716941
   0.40323    -23.716927    -23.716928
   0.46084    -23.716927    -23.716928
   0.46084    -23.706888    -23.706890
   0.52083    -23.711139    -23.711140
   0.58082    -23.715514    -23.715515
   0.64081    -23.714920    -23.714921
   0.70081    -23.715453    -23.715454
   0.76080    -23.716424    -23.716425
   0.82079    -23.716927    -23.716928
   0.82079    -23.716927    -23.716928
   0.88292    -23.714885    -23.714886
   0.94506    -23.711193    -23.711194
   1.00719    -23.707646    -23.707647
   1.06932    -23.704790    -23.704791
   1.13146    -23.702820    -23.702821
   1.19359    -23.701767    -23.701768
   1.25572    -23.701443    -23.701445
   1.25572    -23.703451    -23.703453
   1.31138    -23.703688    -23.703688
   1.36703    -23.704382    -23.704382
   1.42269    -23.705322    -23.705322
   1.47834    -23.706237    -23.706238
   1.53400    -23.706847    -23.706848
   1.58966    -23.707163    -23.707165
   1.64531    -23.707646    -23.707648
   1.70097    -23.708622    -23.708623
   1.75662    -23.710154    -23.710155
   1.81228    -23.712129    -23.712130
   1.86793    -23.714282    -23.714284
   1.92359    -23.716135    -23.716137
   1.97924    -23.716927    -23.716928
   1.97924    -23.716927    -23.716928
   2.03570    -23.715646    -23.715647
   2.09216    -23.712978    -23.712980
   2.14861    -23.710318    -23.710320
   2.20507    -23.708363    -23.708365
   2.26153    -23.707342    -23.707343
   2.31798    -23.706933    -23.706934
   2.37444    -23.706162    -23.706162
   2.43089    -23.704925    -23.704925
   2.48735    -23.703834    -23.703835
   2.54381    -23.703415    -23.703417
   2.54381    -23.701473    -23.701475
   2.60086    -23.701614    -23.701615
   2.65792    -23.702003    -23.702004
   2.71498    -23.702721    -23.702722
   2.77204    -23.703799    -23.703800
   2.82909    -23.705261    -23.705262
   2.88615    -23.707085    -23.707086
   2.94321    -23.709212    -23.709213
   3.00027    -23.711555    -23.711556
   3.05732    -23.713936    -23.713937
   3.11438    -23.715998    -23.715999
   3.17144    -23.716927    -23.716928
   3.17144    -23.716927    -23.716928
   3.22991    -23.716732    -23.716733
   3.28839    -23.716238    -23.716239
   3.34686    -23.715647    -23.715648
   3.40534    -23.715154    -23.715155
   3.46381    -23.714939    -23.714941
   3.52229    -23.715137    -23.715138
   3.58076    -23.714631    -23.714632
   3.63924    -23.711944    -23.711945
   3.69772    -23.709294    -23.709295
   3.75619    -23.706834    -23.706835
 
# Band-Index   26
   3.75619    -23.706824    -23.706825
   3.69772    -23.704684    -23.704685
   3.63924    -23.702921    -23.702922
   3.58076    -23.701495    -23.701496
   3.52229    -23.700281    -23.700282
   3.46381    -23.699188    -23.699189
   3.40534    -23.698185    -23.698186
   3.34686    -23.697312    -23.697313
   3.28839    -23.696636    -23.696637
   3.22991    -23.696205    -23.696206
   3.17144    -23.696054    -23.696055
   3.17144    -23.696054    -23.696055
   3.11438    -23.696004    -23.696005
   3.05732    -23.695889    -23.695890
   3.00027    -23.695823    -23.695824
   2.94321    -23.696054    -23.696055
   2.88615    -23.696865    -23.696866
   2.82909    -23.698233    -23.698234
   2.77204    -23.699708    -23.699710
   2.71498    -23.700793    -23.700794
   2.65792    -23.701298    -23.701299
   2.60086    -23.701431    -23.701432
   2.54381    -23.701462    -23.701463
   2.54381    -23.703397    -23.703397
   2.48735    -23.703478    -23.703480
   2.43089    -23.703600    -23.703602
   2.37444    -23.703593    -23.703594
   2.31798    -23.703044    -23.703045
   2.26153    -23.701313    -23.701314
   2.20507    -23.698937    -23.698938
   2.14861    -23.697246    -23.697247
   2.09216    -23.696452    -23.696453
   2.03570    -23.696142    -23.696143
   1.97924    -23.696054    -23.696055
   1.97924    -23.696054    -23.696055
   1.92359    -23.696109    -23.696110
   1.86793    -23.696275    -23.696276
   1.81228    -23.696630    -23.696631
   1.75662    -23.697340    -23.697341
   1.70097    -23.698612    -23.698613
   1.64531    -23.700383    -23.700384
   1.58966    -23.702120    -23.702121
   1.53400    -23.703200    -23.703201
   1.47834    -23.703595    -23.703597
   1.42269    -23.703643    -23.703645
   1.36703    -23.703571    -23.703573
   1.31138    -23.703486    -23.703488
   1.25572    -23.703433    -23.703433
   1.25572    -23.701433    -23.701433
   1.19359    -23.701371    -23.701372
   1.13146    -23.700680    -23.700681
   1.06932    -23.698686    -23.698687
   1.00719    -23.696559    -23.696561
   0.94506    -23.695817    -23.695818
   0.88292    -23.695935    -23.695936
   0.82079    -23.696054    -23.696055
   0.82079    -23.696054    -23.696055
   0.76080    -23.696458    -23.696459
   0.70081    -23.697570    -23.697571
   0.64081    -23.699168    -23.699169
   0.58082    -23.701067    -23.701068
   0.52083    -23.703493    -23.703494
   0.46084    -23.706879    -23.706879
   0.46084    -23.696130    -23.696131
   0.40323    -23.696129    -23.696130
   0.34563    -23.696129    -23.696130
   0.28802    -23.696118    -23.696119
   0.23042    -23.696101    -23.696102
   0.17281    -23.696085    -23.696086
   0.11521    -23.696071    -23.696072
   0.05760    -23.696061    -23.696062
   0.00000    -23.696054    -23.696055
 
# Band-Index   27
   0.00000    -23.684911    -23.684912
   0.05760    -23.684912    -23.684913
   0.11521    -23.684912    -23.684914
   0.17281    -23.684913    -23.684915
   0.23042    -23.684912    -23.684914
   0.28802    -23.684912    -23.684913
   0.34563    -23.684915    -23.684916
   0.40323    -23.684910    -23.684911
   0.46084    -23.684916    -23.684917
   0.46084    -23.686951    -23.686953
   0.52083    -23.687061    -23.687062
   0.58082    -23.686612    -23.686613
   0.64081    -23.685987    -23.685989
   0.70081    -23.685425    -23.685426
   0.76080    -23.685046    -23.685048
   0.82079    -23.684911    -23.684912
   0.82079    -23.684911    -23.684912
   0.88292    -23.685473    -23.685474
   0.94506    -23.686823    -23.686824
   1.00719    -23.687834    -23.687835
   1.06932    -23.687376    -23.687377
   1.13146    -23.685840    -23.685841
   1.19359    -23.683971    -23.683972
   1.25572    -23.682168    -23.682171
   1.25572    -23.685221    -23.685223
   1.31138    -23.685247    -23.685248
   1.36703    -23.685405    -23.685406
   1.42269    -23.685700    -23.685700
   1.47834    -23.686151    -23.686152
   1.53400    -23.686728    -23.686728
   1.58966    -23.687336    -23.687337
   1.64531    -23.687787    -23.687788
   1.70097    -23.687826    -23.687826
   1.75662    -23.687328    -23.687329
   1.81228    -23.686491    -23.686492
   1.86793    -23.685667    -23.685668
   1.92359    -23.685108    -23.685109
   1.97924    -23.684911    -23.684912
   1.97924    -23.684911    -23.684912
   2.03570    -23.685243    -23.685245
   2.09216    -23.686147    -23.686148
   2.14861    -23.687261    -23.687262
   2.20507    -23.687863    -23.687863
   2.26153    -23.687588    -23.687589
   2.31798    -23.686830    -23.686831
   2.37444    -23.686073    -23.686073
   2.43089    -23.685541    -23.685541
   2.48735    -23.685261    -23.685261
   2.54381    -23.685198    -23.685200
   2.54381    -23.682210    -23.682212
   2.60086    -23.683340    -23.683341
   2.65792    -23.684531    -23.684532
   2.71498    -23.685716    -23.685717
   2.77204    -23.686778    -23.686779
   2.82909    -23.687576    -23.687577
   2.88615    -23.687869    -23.687870
   2.94321    -23.687510    -23.687511
   3.00027    -23.686683    -23.686684
   3.05732    -23.685788    -23.685789
   3.11438    -23.685141    -23.685142
   3.17144    -23.684911    -23.684912
   3.17144    -23.684911    -23.684912
   3.22991    -23.684959    -23.684961
   3.28839    -23.685103    -23.685104
   3.34686    -23.685329    -23.685330
   3.40534    -23.685629    -23.685630
   3.46381    -23.685982    -23.685983
   3.52229    -23.686358    -23.686359
   3.58076    -23.686717    -23.686718
   3.63924    -23.686989    -23.686990
   3.69772    -23.687093    -23.687095
   3.75619    -23.686937    -23.686939
 
# Band-Index   28
   3.75619    -23.686904    -23.686904
   3.69772    -23.686350    -23.686351
   3.63924    -23.685340    -23.685341
   3.58076    -23.683938    -23.683939
   3.52229    -23.682282    -23.682283
   3.46381    -23.680559    -23.680560
   3.40534    -23.678941    -23.678942
   3.34686    -23.677563    -23.677564
   3.28839    -23.676515    -23.676516
   3.22991    -23.675860    -23.675861
   3.17144    -23.675633    -23.675634
   3.17144    -23.675633    -23.675634
   3.11438    -23.675698    -23.675699
   3.05732    -23.675890    -23.675891
   3.00027    -23.676198    -23.676199
   2.94321    -23.676619    -23.676620
   2.88615    -23.677145    -23.677146
   2.82909    -23.677763    -23.677764
   2.77204    -23.678471    -23.678472
   2.71498    -23.679272    -23.679274
   2.65792    -23.680155    -23.680156
   2.60086    -23.681130    -23.681131
   2.54381    -23.682182    -23.682182
   2.54381    -23.685167    -23.685167
   2.48735    -23.684843    -23.684845
   2.43089    -23.683941    -23.683943
   2.37444    -23.682750    -23.682752
   2.31798    -23.681468    -23.681470
   2.26153    -23.680198    -23.680200
   2.20507    -23.678966    -23.678968
   2.14861    -23.677781    -23.677783
   2.09216    -23.676714    -23.676715
   2.03570    -23.675932    -23.675933
   1.97924    -23.675633    -23.675634
   1.97924    -23.675633    -23.675634
   1.92359    -23.675814    -23.675816
   1.86793    -23.676302    -23.676304
   1.81228    -23.677021    -23.677022
   1.75662    -23.677869    -23.677870
   1.70097    -23.678782    -23.678784
   1.64531    -23.679727    -23.679729
   1.58966    -23.680700    -23.680702
   1.53400    -23.681687    -23.681689
   1.47834    -23.682674    -23.682676
   1.42269    -23.683612    -23.683614
   1.36703    -23.684430    -23.684432
   1.31138    -23.685005    -23.685007
   1.25572    -23.685190    -23.685189
   1.25572    -23.682140    -23.682140
   1.19359    -23.680529    -23.680530
   1.13146    -23.679136    -23.679138
   1.06932    -23.677961    -23.677962
   1.00719    -23.676988    -23.676989
   0.94506    -23.676256    -23.676257
   0.88292    -23.675795    -23.675796
   0.82079    -23.675633    -23.675634
   0.82079    -23.675633    -23.675634
   0.76080    -23.676251    -23.676252
   0.70081    -23.677993    -23.677994
   0.64081    -23.680568    -23.680569
   0.58082    -23.683424    -23.683425
   0.52083    -23.685753    -23.685754
   0.46084    -23.686918    -23.686918
   0.46084    -23.675631    -23.675632
   0.40323    -23.675632    -23.675633
   0.34563    -23.675642    -23.675643
   0.28802    -23.675640    -23.675641
   0.23042    -23.675635    -23.675637
   0.17281    -23.675636    -23.675637
   0.11521    -23.675637    -23.675638
   0.05760    -23.675636    -23.675637
   0.00000    -23.675633    -23.675634
 
# Band-Index   29
   0.00000    -17.524501    -17.524501
   0.05760    -17.524483    -17.524483
   0.11521    -17.524432    -17.524432
   0.17281    -17.524355    -17.524355
   0.23042    -17.524263    -17.524263
   0.28802    -17.524173    -17.524173
   0.34563    -17.524101    -17.524101
   0.40323    -17.524048    -17.524048
   0.46084    -17.524032    -17.524032
   0.46084    -17.524453    -17.524453
   0.52083    -17.524462    -17.524462
   0.58082    -17.524475    -17.524475
   0.64081    -17.524486    -17.524486
   0.70081    -17.524495    -17.524495
   0.76080    -17.524500    -17.524500
   0.82079    -17.524501    -17.524501
   0.82079    -17.524501    -17.524501
   0.88292    -17.524503    -17.524503
   0.94506    -17.524507    -17.524507
   1.00719    -17.524511    -17.524511
   1.06932    -17.524518    -17.524519
   1.13146    -17.524517    -17.524517
   1.19359    -17.524514    -17.524515
   1.25572    -17.524512    -17.524512
   1.25572    -17.524181    -17.524181
   1.31138    -17.524185    -17.524185
   1.36703    -17.524200    -17.524200
   1.42269    -17.524227    -17.524227
   1.47834    -17.524264    -17.524264
   1.53400    -17.524304    -17.524305
   1.58966    -17.524346    -17.524346
   1.64531    -17.524386    -17.524386
   1.70097    -17.524421    -17.524421
   1.75662    -17.524450    -17.524450
   1.81228    -17.524472    -17.524472
   1.86793    -17.524488    -17.524488
   1.92359    -17.524498    -17.524498
   1.97924    -17.524501    -17.524501
   1.97924    -17.524501    -17.524501
   2.03570    -17.524501    -17.524501
   2.09216    -17.524502    -17.524502
   2.14861    -17.524504    -17.524504
   2.20507    -17.524508    -17.524508
   2.26153    -17.524515    -17.524515
   2.31798    -17.524523    -17.524523
   2.37444    -17.524532    -17.524532
   2.43089    -17.524540    -17.524541
   2.48735    -17.524548    -17.524548
   2.54381    -17.524552    -17.524552
   2.54381    -17.524157    -17.524157
   2.60086    -17.524179    -17.524179
   2.65792    -17.524219    -17.524219
   2.71498    -17.524269    -17.524269
   2.77204    -17.524315    -17.524315
   2.82909    -17.524361    -17.524361
   2.88615    -17.524403    -17.524403
   2.94321    -17.524438    -17.524438
   3.00027    -17.524466    -17.524466
   3.05732    -17.524485    -17.524485
   3.11438    -17.524497    -17.524497
   3.17144    -17.524501    -17.524501
   3.17144    -17.524501    -17.524501
   3.22991    -17.524489    -17.524489
   3.28839    -17.524453    -17.524453
   3.34686    -17.524398    -17.524398
   3.40534    -17.524328    -17.524328
   3.46381    -17.524252    -17.524252
   3.52229    -17.524178    -17.524178
   3.58076    -17.524112    -17.524113
   3.63924    -17.524064    -17.524064
   3.69772    -17.524034    -17.524034
   3.75619    -17.524023    -17.524024
 
# Band-Index   30
   3.75619    -17.524001    -17.524000
   3.69772    -17.524011    -17.524011
   3.63924    -17.524042    -17.524041
   3.58076    -17.524088    -17.524087
   3.52229    -17.524142    -17.524142
   3.46381    -17.524199    -17.524198
   3.40534    -17.524252    -17.524251
   3.34686    -17.524298    -17.524298
   3.28839    -17.524334    -17.524334
   3.22991    -17.524355    -17.524355
   3.17144    -17.524362    -17.524362
   3.17144    -17.524362    -17.524362
   3.11438    -17.524355    -17.524355
   3.05732    -17.524334    -17.524334
   3.00027    -17.524301    -17.524301
   2.94321    -17.524261    -17.524261
   2.88615    -17.524218    -17.524218
   2.82909    -17.524178    -17.524178
   2.77204    -17.524146    -17.524146
   2.71498    -17.524127    -17.524127
   2.65792    -17.524115    -17.524115
   2.60086    -17.524121    -17.524121
   2.54381    -17.524134    -17.524134
   2.54381    -17.524529    -17.524529
   2.48735    -17.524526    -17.524526
   2.43089    -17.524515    -17.524514
   2.37444    -17.524494    -17.524494
   2.31798    -17.524469    -17.524469
   2.26153    -17.524442    -17.524442
   2.20507    -17.524416    -17.524416
   2.14861    -17.524394    -17.524394
   2.09216    -17.524377    -17.524377
   2.03570    -17.524366    -17.524366
   1.97924    -17.524362    -17.524362
   1.97924    -17.524362    -17.524362
   1.92359    -17.524358    -17.524358
   1.86793    -17.524345    -17.524344
   1.81228    -17.524323    -17.524323
   1.75662    -17.524297    -17.524297
   1.70097    -17.524269    -17.524269
   1.64531    -17.524242    -17.524242
   1.58966    -17.524218    -17.524218
   1.53400    -17.524199    -17.524199
   1.47834    -17.524185    -17.524185
   1.42269    -17.524175    -17.524175
   1.36703    -17.524167    -17.524167
   1.31138    -17.524161    -17.524161
   1.25572    -17.524158    -17.524158
   1.25572    -17.524489    -17.524489
   1.19359    -17.524479    -17.524479
   1.13146    -17.524459    -17.524459
   1.06932    -17.524436    -17.524435
   1.00719    -17.524405    -17.524405
   0.94506    -17.524383    -17.524383
   0.88292    -17.524367    -17.524367
   0.82079    -17.524362    -17.524362
   0.82079    -17.524362    -17.524362
   0.76080    -17.524366    -17.524366
   0.70081    -17.524374    -17.524374
   0.64081    -17.524386    -17.524386
   0.58082    -17.524403    -17.524402
   0.52083    -17.524419    -17.524419
   0.46084    -17.524430    -17.524430
   0.46084    -17.524010    -17.524009
   0.40323    -17.524024    -17.524024
   0.34563    -17.524069    -17.524069
   0.28802    -17.524124    -17.524123
   0.23042    -17.524189    -17.524189
   0.17281    -17.524256    -17.524256
   0.11521    -17.524312    -17.524312
   0.05760    -17.524349    -17.524349
   0.00000    -17.524362    -17.524362
 
# Band-Index   31
   0.00000    -17.499029    -17.499029
   0.05760    -17.499009    -17.499010
   0.11521    -17.498954    -17.498954
   0.17281    -17.498870    -17.498870
   0.23042    -17.498770    -17.498770
   0.28802    -17.498670    -17.498670
   0.34563    -17.498586    -17.498586
   0.40323    -17.498525    -17.498525
   0.46084    -17.498505    -17.498505
   0.46084    -17.490933    -17.490933
   0.52083    -17.493300    -17.493300
   0.58082    -17.495310    -17.495310
   0.64081    -17.496914    -17.496915
   0.70081    -17.498083    -17.498083
   0.76080    -17.498792    -17.498792
   0.82079    -17.499029    -17.499029
   0.82079    -17.499029    -17.499029
   0.88292    -17.498970    -17.498970
   0.94506    -17.498782    -17.498782
   1.00719    -17.498436    -17.498436
   1.06932    -17.497898    -17.497898
   1.13146    -17.497124    -17.497125
   1.19359    -17.496118    -17.496118
   1.25572    -17.494888    -17.494888
   1.25572    -17.489158    -17.489159
   1.31138    -17.489635    -17.489635
   1.36703    -17.490689    -17.490689
   1.42269    -17.491902    -17.491903
   1.47834    -17.493121    -17.493122
   1.53400    -17.494282    -17.494283
   1.58966    -17.495351    -17.495351
   1.64531    -17.496305    -17.496305
   1.70097    -17.497128    -17.497128
   1.75662    -17.497809    -17.497809
   1.81228    -17.498342    -17.498342
   1.86793    -17.498724    -17.498724
   1.92359    -17.498953    -17.498953
   1.97924    -17.499029    -17.499029
   1.97924    -17.499029    -17.499029
   2.03570    -17.498914    -17.498914
   2.09216    -17.498567    -17.498567
   2.14861    -17.497979    -17.497979
   2.20507    -17.497140    -17.497141
   2.26153    -17.496056    -17.496056
   2.31798    -17.494744    -17.494744
   2.37444    -17.493241    -17.493241
   2.43089    -17.491621    -17.491621
   2.48735    -17.490058    -17.490058
   2.54381    -17.489225    -17.489225
   2.54381    -17.494374    -17.494374
   2.60086    -17.495190    -17.495190
   2.65792    -17.495936    -17.495937
   2.71498    -17.496609    -17.496609
   2.77204    -17.497192    -17.497192
   2.82909    -17.497692    -17.497692
   2.88615    -17.498111    -17.498111
   2.94321    -17.498447    -17.498447
   3.00027    -17.498704    -17.498704
   3.05732    -17.498885    -17.498886
   3.11438    -17.498993    -17.498994
   3.17144    -17.499029    -17.499029
   3.17144    -17.499029    -17.499029
   3.22991    -17.498931    -17.498931
   3.28839    -17.498640    -17.498640
   3.34686    -17.498163    -17.498163
   3.40534    -17.497514    -17.497514
   3.46381    -17.496708    -17.496708
   3.52229    -17.495760    -17.495760
   3.58076    -17.494682    -17.494682
   3.63924    -17.493486    -17.493486
   3.69772    -17.492177    -17.492177
   3.75619    -17.490766    -17.490766
 
# Band-Index   32
   3.75619    -17.490752    -17.490753
   3.69772    -17.489235    -17.489235
   3.63924    -17.487611    -17.487611
   3.58076    -17.485901    -17.485901
   3.52229    -17.484778    -17.484778
   3.46381    -17.485262    -17.485262
   3.40534    -17.485679    -17.485679
   3.34686    -17.486020    -17.486020
   3.28839    -17.486273    -17.486273
   3.22991    -17.486428    -17.486429
   3.17144    -17.486481    -17.486481
   3.17144    -17.486481    -17.486481
   3.11438    -17.486589    -17.486589
   3.05732    -17.486906    -17.486906
   3.00027    -17.487410    -17.487410
   2.94321    -17.488073    -17.488073
   2.88615    -17.488860    -17.488860
   2.82909    -17.489735    -17.489735
   2.77204    -17.490666    -17.490666
   2.71498    -17.491622    -17.491622
   2.65792    -17.492569    -17.492569
   2.60086    -17.493493    -17.493494
   2.54381    -17.494371    -17.494372
   2.54381    -17.489212    -17.489212
   2.48735    -17.489236    -17.489236
   2.43089    -17.489227    -17.489228
   2.37444    -17.489102    -17.489102
   2.31798    -17.488817    -17.488817
   2.26153    -17.488386    -17.488386
   2.20507    -17.487866    -17.487867
   2.14861    -17.487339    -17.487339
   2.09216    -17.486889    -17.486889
   2.03570    -17.486587    -17.486587
   1.97924    -17.486481    -17.486481
   1.97924    -17.486481    -17.486481
   1.92359    -17.486534    -17.486534
   1.86793    -17.486687    -17.486688
   1.81228    -17.486930    -17.486930
   1.75662    -17.487244    -17.487244
   1.70097    -17.487604    -17.487604
   1.64531    -17.487976    -17.487976
   1.58966    -17.488329    -17.488329
   1.53400    -17.488634    -17.488634
   1.47834    -17.488870    -17.488870
   1.42269    -17.489027    -17.489027
   1.36703    -17.489111    -17.489112
   1.31138    -17.489145    -17.489145
   1.25572    -17.489146    -17.489146
   1.25572    -17.494885    -17.494885
   1.19359    -17.493467    -17.493468
   1.13146    -17.491927    -17.491927
   1.06932    -17.490358    -17.490358
   1.00719    -17.488868    -17.488868
   0.94506    -17.487624    -17.487624
   0.88292    -17.486781    -17.486781
   0.82079    -17.486481    -17.486481
   0.82079    -17.486481    -17.486481
   0.76080    -17.486365    -17.486365
   0.70081    -17.486017    -17.486017
   0.64081    -17.485442    -17.485442
   0.58082    -17.485342    -17.485342
   0.52083    -17.488245    -17.488245
   0.46084    -17.490919    -17.490919
   0.46084    -17.486040    -17.486040
   0.40323    -17.486057    -17.486057
   0.34563    -17.486108    -17.486108
   0.28802    -17.486178    -17.486178
   0.23042    -17.486262    -17.486262
   0.17281    -17.486347    -17.486347
   0.11521    -17.486418    -17.486418
   0.05760    -17.486465    -17.486465
   0.00000    -17.486481    -17.486481
 
# Band-Index   33
   0.00000    -17.477217    -17.477217
   0.05760    -17.477209    -17.477210
   0.11521    -17.477187    -17.477188
   0.17281    -17.477155    -17.477155
   0.23042    -17.477116    -17.477116
   0.28802    -17.477077    -17.477077
   0.34563    -17.477046    -17.477046
   0.40323    -17.477021    -17.477021
   0.46084    -17.477013    -17.477014
   0.46084    -17.482498    -17.482498
   0.52083    -17.483664    -17.483664
   0.58082    -17.484654    -17.484654
   0.64081    -17.482365    -17.482365
   0.70081    -17.479655    -17.479656
   0.76080    -17.477829    -17.477829
   0.82079    -17.477217    -17.477217
   0.82079    -17.477217    -17.477217
   0.88292    -17.477035    -17.477035
   0.94506    -17.476507    -17.476507
   1.00719    -17.475693    -17.475693
   1.06932    -17.474690    -17.474690
   1.13146    -17.473589    -17.473589
   1.19359    -17.472540    -17.472541
   1.25572    -17.471693    -17.471693
   1.25572    -17.485088    -17.485088
   1.31138    -17.484951    -17.484951
   1.36703    -17.484585    -17.484585
   1.42269    -17.484020    -17.484020
   1.47834    -17.483297    -17.483297
   1.53400    -17.482453    -17.482454
   1.58966    -17.481524    -17.481524
   1.64531    -17.480547    -17.480548
   1.70097    -17.479578    -17.479578
   1.75662    -17.478698    -17.478698
   1.81228    -17.478001    -17.478001
   1.86793    -17.477540    -17.477540
   1.92359    -17.477293    -17.477293
   1.97924    -17.477217    -17.477217
   1.97924    -17.477217    -17.477217
   2.03570    -17.477351    -17.477351
   2.09216    -17.477799    -17.477799
   2.14861    -17.478630    -17.478630
   2.20507    -17.479779    -17.479779
   2.26153    -17.481071    -17.481071
   2.31798    -17.482360    -17.482360
   2.37444    -17.483547    -17.483547
   2.43089    -17.484545    -17.484545
   2.48735    -17.485240    -17.485240
   2.54381    -17.485505    -17.485506
   2.54381    -17.471559    -17.471559
   2.60086    -17.472038    -17.472038
   2.65792    -17.472642    -17.472642
   2.71498    -17.473334    -17.473334
   2.77204    -17.474056    -17.474057
   2.82909    -17.474774    -17.474774
   2.88615    -17.475448    -17.475449
   2.94321    -17.476046    -17.476046
   3.00027    -17.476542    -17.476542
   3.05732    -17.476912    -17.476912
   3.11438    -17.477140    -17.477140
   3.17144    -17.477217    -17.477217
   3.17144    -17.477217    -17.477217
   3.22991    -17.477432    -17.477432
   3.28839    -17.478082    -17.478082
   3.34686    -17.479173    -17.479173
   3.40534    -17.480647    -17.480647
   3.46381    -17.482349    -17.482349
   3.52229    -17.484131    -17.484131
   3.58076    -17.484236    -17.484236
   3.63924    -17.483644    -17.483644
   3.69772    -17.483004    -17.483004
   3.75619    -17.482324    -17.482324
 
# Band-Index   34
   3.75619    -17.482308    -17.482308
   3.69772    -17.481578    -17.481578
   3.63924    -17.480789    -17.480789
   3.58076    -17.479945    -17.479945
   3.52229    -17.479042    -17.479042
   3.46381    -17.478066    -17.478066
   3.40534    -17.476979    -17.476979
   3.34686    -17.475707    -17.475707
   3.28839    -17.474196    -17.474196
   3.22991    -17.472524    -17.472524
   3.17144    -17.471250    -17.471250
   3.17144    -17.471250    -17.471250
   3.11438    -17.471225    -17.471225
   3.05732    -17.471156    -17.471156
   3.00027    -17.471056    -17.471056
   2.94321    -17.470947    -17.470947
   2.88615    -17.470851    -17.470851
   2.82909    -17.470788    -17.470788
   2.77204    -17.470775    -17.470775
   2.71498    -17.470831    -17.470832
   2.65792    -17.470964    -17.470964
   2.60086    -17.471199    -17.471199
   2.54381    -17.471548    -17.471548
   2.54381    -17.485492    -17.485492
   2.48735    -17.484632    -17.484632
   2.43089    -17.482984    -17.482985
   2.37444    -17.481235    -17.481235
   2.31798    -17.479566    -17.479566
   2.26153    -17.478053    -17.478053
   2.20507    -17.476702    -17.476702
   2.14861    -17.475421    -17.475421
   2.09216    -17.474038    -17.474038
   2.03570    -17.472484    -17.472484
   1.97924    -17.471250    -17.471250
   1.97924    -17.471250    -17.471250
   1.92359    -17.472122    -17.472122
   1.86793    -17.473354    -17.473354
   1.81228    -17.474509    -17.474509
   1.75662    -17.475543    -17.475543
   1.70097    -17.476506    -17.476506
   1.64531    -17.477485    -17.477485
   1.58966    -17.478543    -17.478543
   1.53400    -17.479699    -17.479699
   1.47834    -17.480939    -17.480939
   1.42269    -17.482227    -17.482227
   1.36703    -17.483496    -17.483496
   1.31138    -17.484586    -17.484587
   1.25572    -17.485074    -17.485074
   1.25572    -17.471684    -17.471684
   1.19359    -17.471117    -17.471118
   1.13146    -17.470825    -17.470825
   1.06932    -17.470757    -17.470757
   1.00719    -17.470837    -17.470837
   0.94506    -17.471013    -17.471013
   0.88292    -17.471182    -17.471182
   0.82079    -17.471250    -17.471250
   0.82079    -17.471250    -17.471250
   0.76080    -17.473626    -17.473626
   0.70081    -17.476100    -17.476100
   0.64081    -17.478022    -17.478022
   0.58082    -17.479664    -17.479664
   0.52083    -17.481150    -17.481150
   0.46084    -17.482481    -17.482481
   0.46084    -17.471400    -17.471401
   0.40323    -17.471394    -17.471395
   0.34563    -17.471382    -17.471382
   0.28802    -17.471354    -17.471354
   0.23042    -17.471324    -17.471325
   0.17281    -17.471296    -17.471297
   0.11521    -17.471272    -17.471272
   0.05760    -17.471256    -17.471256
   0.00000    -17.471250    -17.471250
 
# Band-Index   35
   0.00000    -17.470011    -17.470011
   0.05760    -17.470035    -17.470035
   0.11521    -17.470105    -17.470105
   0.17281    -17.470210    -17.470210
   0.23042    -17.470335    -17.470335
   0.28802    -17.470462    -17.470462
   0.34563    -17.470572    -17.470572
   0.40323    -17.470641    -17.470641
   0.46084    -17.470667    -17.470667
   0.46084    -17.457942    -17.457942
   0.52083    -17.459394    -17.459394
   0.58082    -17.461135    -17.461135
   0.64081    -17.463084    -17.463084
   0.70081    -17.465240    -17.465240
   0.76080    -17.467705    -17.467705
   0.82079    -17.470011    -17.470011
   0.82079    -17.470011    -17.470011
   0.88292    -17.469979    -17.469979
   0.94506    -17.469884    -17.469884
   1.00719    -17.469718    -17.469718
   1.06932    -17.469477    -17.469477
   1.13146    -17.469120    -17.469121
   1.19359    -17.468618    -17.468618
   1.25572    -17.467917    -17.467918
   1.25572    -17.457797    -17.457797
   1.31138    -17.457944    -17.457944
   1.36703    -17.458391    -17.458392
   1.42269    -17.459104    -17.459104
   1.47834    -17.460023    -17.460023
   1.53400    -17.461075    -17.461075
   1.58966    -17.462190    -17.462190
   1.64531    -17.463317    -17.463317
   1.70097    -17.464432    -17.464433
   1.75662    -17.465546    -17.465546
   1.81228    -17.466691    -17.466691
   1.86793    -17.467896    -17.467896
   1.92359    -17.469138    -17.469139
   1.97924    -17.470011    -17.470011
   1.97924    -17.470011    -17.470011
   2.03570    -17.468757    -17.468757
   2.09216    -17.467125    -17.467125
   2.14861    -17.465583    -17.465584
   2.20507    -17.464099    -17.464099
   2.26153    -17.462605    -17.462605
   2.31798    -17.461105    -17.461105
   2.37444    -17.459686    -17.459687
   2.43089    -17.458501    -17.458501
   2.48735    -17.457718    -17.457718
   2.54381    -17.457452    -17.457453
   2.54381    -17.468320    -17.468320
   2.60086    -17.468828    -17.468829
   2.65792    -17.469221    -17.469221
   2.71498    -17.469511    -17.469511
   2.77204    -17.469706    -17.469706
   2.82909    -17.469838    -17.469839
   2.88615    -17.469923    -17.469923
   2.94321    -17.469973    -17.469973
   3.00027    -17.469998    -17.469998
   3.05732    -17.470008    -17.470008
   3.11438    -17.470010    -17.470011
   3.17144    -17.470011    -17.470011
   3.17144    -17.470011    -17.470011
   3.22991    -17.468785    -17.468785
   3.28839    -17.467220    -17.467221
   3.34686    -17.465773    -17.465773
   3.40534    -17.464444    -17.464444
   3.46381    -17.463199    -17.463199
   3.52229    -17.462012    -17.462012
   3.58076    -17.460880    -17.460880
   3.63924    -17.459820    -17.459820
   3.69772    -17.458858    -17.458858
   3.75619    -17.458028    -17.458028
 
# Band-Index   36
   3.75619    -17.458023    -17.458023
   3.69772    -17.457343    -17.457343
   3.63924    -17.456810    -17.456810
   3.58076    -17.456399    -17.456399
   3.52229    -17.456075    -17.456075
   3.46381    -17.457129    -17.457129
   3.40534    -17.458790    -17.458790
   3.34686    -17.460283    -17.460283
   3.28839    -17.461480    -17.461480
   3.22991    -17.462254    -17.462254
   3.17144    -17.462522    -17.462522
   3.17144    -17.462522    -17.462522
   3.11438    -17.462596    -17.462596
   3.05732    -17.462815    -17.462815
   3.00027    -17.463167    -17.463167
   2.94321    -17.463636    -17.463636
   2.88615    -17.464202    -17.464202
   2.82909    -17.464845    -17.464845
   2.77204    -17.465543    -17.465543
   2.71498    -17.466273    -17.466273
   2.65792    -17.466997    -17.466997
   2.60086    -17.467693    -17.467693
   2.54381    -17.468312    -17.468312
   2.54381    -17.457442    -17.457442
   2.48735    -17.457475    -17.457476
   2.43089    -17.457573    -17.457574
   2.37444    -17.457784    -17.457784
   2.31798    -17.458188    -17.458188
   2.26153    -17.458871    -17.458871
   2.20507    -17.459825    -17.459825
   2.14861    -17.460874    -17.460874
   2.09216    -17.461768    -17.461769
   2.03570    -17.462334    -17.462334
   1.97924    -17.462522    -17.462522
   1.97924    -17.462522    -17.462522
   1.92359    -17.462413    -17.462413
   1.86793    -17.462085    -17.462086
   1.81228    -17.461549    -17.461549
   1.75662    -17.460849    -17.460849
   1.70097    -17.460077    -17.460077
   1.64531    -17.459346    -17.459346
   1.58966    -17.458751    -17.458751
   1.53400    -17.458331    -17.458331
   1.47834    -17.458067    -17.458067
   1.42269    -17.457916    -17.457916
   1.36703    -17.457838    -17.457838
   1.31138    -17.457802    -17.457802
   1.25572    -17.457787    -17.457787
   1.25572    -17.467911    -17.467911
   1.19359    -17.466999    -17.466999
   1.13146    -17.465959    -17.465959
   1.06932    -17.464915    -17.464915
   1.00719    -17.463960    -17.463960
   0.94506    -17.463196    -17.463196
   0.88292    -17.462696    -17.462696
   0.82079    -17.462522    -17.462522
   0.82079    -17.462522    -17.462522
   0.76080    -17.461780    -17.461780
   0.70081    -17.459774    -17.459774
   0.64081    -17.457061    -17.457061
   0.58082    -17.456089    -17.456089
   0.52083    -17.456839    -17.456840
   0.46084    -17.457937    -17.457937
   0.46084    -17.462678    -17.462678
   0.40323    -17.462671    -17.462671
   0.34563    -17.462658    -17.462658
   0.28802    -17.462630    -17.462630
   0.23042    -17.462600    -17.462600
   0.17281    -17.462570    -17.462570
   0.11521    -17.462544    -17.462544
   0.05760    -17.462527    -17.462527
   0.00000    -17.462522    -17.462522
 
# Band-Index   37
   0.00000    -17.455131    -17.455131
   0.05760    -17.455155    -17.455155
   0.11521    -17.455219    -17.455220
   0.17281    -17.455316    -17.455316
   0.23042    -17.455429    -17.455429
   0.28802    -17.455545    -17.455545
   0.34563    -17.455646    -17.455646
   0.40323    -17.455705    -17.455706
   0.46084    -17.455729    -17.455729
   0.46084    -17.451330    -17.451330
   0.52083    -17.452312    -17.452312
   0.58082    -17.454250    -17.454251
   0.64081    -17.455613    -17.455613
   0.70081    -17.455330    -17.455330
   0.76080    -17.455179    -17.455180
   0.82079    -17.455131    -17.455131
   0.82079    -17.455131    -17.455131
   0.88292    -17.455057    -17.455057
   0.94506    -17.454853    -17.454853
   1.00719    -17.454564    -17.454564
   1.06932    -17.454243    -17.454243
   1.13146    -17.453925    -17.453925
   1.19359    -17.453644    -17.453644
   1.25572    -17.453424    -17.453424
   1.25572    -17.450289    -17.450290
   1.31138    -17.450675    -17.450675
   1.36703    -17.451348    -17.451349
   1.42269    -17.452009    -17.452009
   1.47834    -17.452644    -17.452644
   1.53400    -17.453266    -17.453267
   1.58966    -17.453838    -17.453838
   1.64531    -17.454301    -17.454302
   1.70097    -17.454634    -17.454634
   1.75662    -17.454854    -17.454854
   1.81228    -17.454992    -17.454992
   1.86793    -17.455075    -17.455075
   1.92359    -17.455118    -17.455118
   1.97924    -17.455131    -17.455131
   1.97924    -17.455131    -17.455131
   2.03570    -17.455110    -17.455110
   2.09216    -17.455037    -17.455037
   2.14861    -17.454881    -17.454882
   2.20507    -17.454586    -17.454586
   2.26153    -17.454076    -17.454076
   2.31798    -17.453335    -17.453335
   2.37444    -17.452479    -17.452479
   2.43089    -17.451639    -17.451640
   2.48735    -17.450754    -17.450754
   2.54381    -17.450115    -17.450115
   2.54381    -17.453312    -17.453312
   2.60086    -17.453446    -17.453446
   2.65792    -17.453615    -17.453615
   2.71498    -17.453813    -17.453813
   2.77204    -17.454023    -17.454023
   2.82909    -17.454244    -17.454244
   2.88615    -17.454466    -17.454466
   2.94321    -17.454676    -17.454676
   3.00027    -17.454861    -17.454862
   3.05732    -17.455007    -17.455007
   3.11438    -17.455099    -17.455100
   3.17144    -17.455131    -17.455131
   3.17144    -17.455131    -17.455131
   3.22991    -17.455163    -17.455163
   3.28839    -17.455253    -17.455254
   3.34686    -17.455395    -17.455395
   3.40534    -17.455582    -17.455583
   3.46381    -17.455807    -17.455808
   3.52229    -17.455410    -17.455410
   3.58076    -17.453763    -17.453763
   3.63924    -17.452504    -17.452504
   3.69772    -17.451875    -17.451875
   3.75619    -17.451426    -17.451426
 
# Band-Index   38
   3.75619    -17.451419    -17.451419
   3.69772    -17.450913    -17.450913
   3.63924    -17.451001    -17.451002
   3.58076    -17.451714    -17.451714
   3.52229    -17.452041    -17.452042
   3.46381    -17.452275    -17.452275
   3.40534    -17.452479    -17.452479
   3.34686    -17.452661    -17.452661
   3.28839    -17.452809    -17.452810
   3.22991    -17.452906    -17.452907
   3.17144    -17.452940    -17.452940
   3.17144    -17.452940    -17.452940
   3.11438    -17.452940    -17.452940
   3.05732    -17.452941    -17.452941
   3.00027    -17.452943    -17.452943
   2.94321    -17.452946    -17.452946
   2.88615    -17.452954    -17.452954
   2.82909    -17.452969    -17.452969
   2.77204    -17.452997    -17.452997
   2.71498    -17.453042    -17.453042
   2.65792    -17.453101    -17.453101
   2.60086    -17.453189    -17.453189
   2.54381    -17.453295    -17.453295
   2.54381    -17.450105    -17.450105
   2.48735    -17.450433    -17.450433
   2.43089    -17.451111    -17.451111
   2.37444    -17.451774    -17.451774
   2.31798    -17.452225    -17.452225
   2.26153    -17.452505    -17.452506
   2.20507    -17.452687    -17.452687
   2.14861    -17.452807    -17.452807
   2.09216    -17.452884    -17.452884
   2.03570    -17.452926    -17.452926
   1.97924    -17.452940    -17.452940
   1.97924    -17.452940    -17.452940
   1.92359    -17.452931    -17.452931
   1.86793    -17.452903    -17.452903
   1.81228    -17.452854    -17.452854
   1.75662    -17.452783    -17.452783
   1.70097    -17.452685    -17.452685
   1.64531    -17.452551    -17.452551
   1.58966    -17.452365    -17.452365
   1.53400    -17.452107    -17.452107
   1.47834    -17.451751    -17.451751
   1.42269    -17.451299    -17.451299
   1.36703    -17.450823    -17.450823
   1.31138    -17.450437    -17.450437
   1.25572    -17.450279    -17.450279
   1.25572    -17.453408    -17.453408
   1.19359    -17.453242    -17.453242
   1.13146    -17.453120    -17.453120
   1.06932    -17.453041    -17.453041
   1.00719    -17.452988    -17.452988
   0.94506    -17.452959    -17.452960
   0.88292    -17.452944    -17.452945
   0.82079    -17.452940    -17.452940
   0.82079    -17.452940    -17.452940
   0.76080    -17.452897    -17.452897
   0.70081    -17.452758    -17.452758
   0.64081    -17.452491    -17.452491
   0.58082    -17.451969    -17.451969
   0.52083    -17.450467    -17.450467
   0.46084    -17.451324    -17.451324
   0.46084    -17.452155    -17.452155
   0.40323    -17.452186    -17.452186
   0.34563    -17.452280    -17.452281
   0.28802    -17.452405    -17.452405
   0.23042    -17.452555    -17.452555
   0.17281    -17.452704    -17.452705
   0.11521    -17.452829    -17.452830
   0.05760    -17.452912    -17.452912
   0.00000    -17.452940    -17.452940
 
# Band-Index   39
   0.00000    -17.445985    -17.445985
   0.05760    -17.445994    -17.445994
   0.11521    -17.446016    -17.446017
   0.17281    -17.446050    -17.446050
   0.23042    -17.446093    -17.446093
   0.28802    -17.446138    -17.446139
   0.34563    -17.446180    -17.446181
   0.40323    -17.446203    -17.446203
   0.46084    -17.446214    -17.446214
   0.46084    -17.448017    -17.448017
   0.52083    -17.450311    -17.450311
   0.58082    -17.449161    -17.449161
   0.64081    -17.447992    -17.447992
   0.70081    -17.446964    -17.446965
   0.76080    -17.446246    -17.446246
   0.82079    -17.445985    -17.445985
   0.82079    -17.445985    -17.445985
   0.88292    -17.445899    -17.445899
   0.94506    -17.445651    -17.445651
   1.00719    -17.445259    -17.445259
   1.06932    -17.444755    -17.444755
   1.13146    -17.444165    -17.444165
   1.19359    -17.443543    -17.443543
   1.25572    -17.442929    -17.442929
   1.25572    -17.448463    -17.448463
   1.31138    -17.448361    -17.448361
   1.36703    -17.448134    -17.448134
   1.42269    -17.447869    -17.447869
   1.47834    -17.447605    -17.447605
   1.53400    -17.447351    -17.447351
   1.58966    -17.447108    -17.447108
   1.64531    -17.446874    -17.446875
   1.70097    -17.446651    -17.446651
   1.75662    -17.446443    -17.446443
   1.81228    -17.446259    -17.446259
   1.86793    -17.446113    -17.446113
   1.92359    -17.446018    -17.446019
   1.97924    -17.445985    -17.445985
   1.97924    -17.445985    -17.445985
   2.03570    -17.446038    -17.446038
   2.09216    -17.446187    -17.446187
   2.14861    -17.446406    -17.446406
   2.20507    -17.446666    -17.446666
   2.26153    -17.446951    -17.446952
   2.31798    -17.447259    -17.447259
   2.37444    -17.447596    -17.447596
   2.43089    -17.447970    -17.447970
   2.48735    -17.448358    -17.448358
   2.54381    -17.448572    -17.448572
   2.54381    -17.443065    -17.443065
   2.60086    -17.443446    -17.443446
   2.65792    -17.443831    -17.443831
   2.71498    -17.444215    -17.444215
   2.77204    -17.444575    -17.444575
   2.82909    -17.444913    -17.444913
   2.88615    -17.445218    -17.445219
   2.94321    -17.445481    -17.445481
   3.00027    -17.445695    -17.445695
   3.05732    -17.445855    -17.445855
   3.11438    -17.445953    -17.445953
   3.17144    -17.445985    -17.445985
   3.17144    -17.445985    -17.445985
   3.22991    -17.446086    -17.446086
   3.28839    -17.446379    -17.446379
   3.34686    -17.446837    -17.446837
   3.40534    -17.447430    -17.447430
   3.46381    -17.448117    -17.448117
   3.52229    -17.448856    -17.448857
   3.58076    -17.449601    -17.449601
   3.63924    -17.450301    -17.450302
   3.69772    -17.449663    -17.449664
   3.75619    -17.448150    -17.448150
 
# Band-Index   40
   3.75619    -17.448140    -17.448140
   3.69772    -17.446672    -17.446672
   3.63924    -17.445313    -17.445313
   3.58076    -17.444104    -17.444104
   3.52229    -17.443072    -17.443072
   3.46381    -17.442234    -17.442234
   3.40534    -17.441595    -17.441595
   3.34686    -17.441150    -17.441150
   3.28839    -17.440874    -17.440874
   3.22991    -17.440730    -17.440730
   3.17144    -17.440685    -17.440685
   3.17144    -17.440685    -17.440685
   3.11438    -17.440706    -17.440706
   3.05732    -17.440770    -17.440770
   3.00027    -17.440876    -17.440876
   2.94321    -17.441022    -17.441022
   2.88615    -17.441210    -17.441210
   2.82909    -17.441438    -17.441438
   2.77204    -17.441703    -17.441703
   2.71498    -17.442005    -17.442005
   2.65792    -17.442333    -17.442333
   2.60086    -17.442688    -17.442688
   2.54381    -17.443060    -17.443060
   2.54381    -17.448571    -17.448571
   2.48735    -17.447773    -17.447774
   2.43089    -17.446469    -17.446469
   2.37444    -17.445149    -17.445149
   2.31798    -17.443930    -17.443930
   2.26153    -17.442872    -17.442872
   2.20507    -17.442016    -17.442016
   2.14861    -17.441385    -17.441385
   2.09216    -17.440975    -17.440975
   2.03570    -17.440754    -17.440754
   1.97924    -17.440685    -17.440685
   1.97924    -17.440685    -17.440685
   1.92359    -17.440727    -17.440727
   1.86793    -17.440859    -17.440859
   1.81228    -17.441096    -17.441096
   1.75662    -17.441454    -17.441454
   1.70097    -17.441945    -17.441945
   1.64531    -17.442567    -17.442567
   1.58966    -17.443312    -17.443312
   1.53400    -17.444163    -17.444164
   1.47834    -17.445098    -17.445098
   1.42269    -17.446087    -17.446087
   1.36703    -17.447085    -17.447085
   1.31138    -17.447993    -17.447993
   1.25572    -17.448461    -17.448461
   1.25572    -17.442924    -17.442924
   1.19359    -17.442349    -17.442349
   1.13146    -17.441843    -17.441843
   1.06932    -17.441427    -17.441427
   1.00719    -17.441097    -17.441097
   0.94506    -17.440867    -17.440867
   0.88292    -17.440731    -17.440731
   0.82079    -17.440685    -17.440685
   0.82079    -17.440685    -17.440685
   0.76080    -17.440817    -17.440817
   0.70081    -17.441291    -17.441291
   0.64081    -17.442239    -17.442239
   0.58082    -17.443716    -17.443716
   0.52083    -17.445675    -17.445675
   0.46084    -17.448007    -17.448007
   0.46084    -17.440617    -17.440617
   0.40323    -17.440618    -17.440618
   0.34563    -17.440630    -17.440630
   0.28802    -17.440639    -17.440639
   0.23042    -17.440651    -17.440651
   0.17281    -17.440665    -17.440665
   0.11521    -17.440676    -17.440676
   0.05760    -17.440683    -17.440683
   0.00000    -17.440685    -17.440685
 
# Band-Index   41
   0.00000    -17.435171    -17.435171
   0.05760    -17.435175    -17.435175
   0.11521    -17.435183    -17.435183
   0.17281    -17.435196    -17.435196
   0.23042    -17.435210    -17.435210
   0.28802    -17.435225    -17.435225
   0.34563    -17.435241    -17.435241
   0.40323    -17.435244    -17.435244
   0.46084    -17.435247    -17.435248
   0.46084    -17.434159    -17.434160
   0.52083    -17.434459    -17.434459
   0.58082    -17.434752    -17.434752
   0.64081    -17.434988    -17.434988
   0.70081    -17.435127    -17.435127
   0.76080    -17.435170    -17.435170
   0.82079    -17.435171    -17.435171
   0.82079    -17.435171    -17.435171
   0.88292    -17.435154    -17.435154
   0.94506    -17.435100    -17.435100
   1.00719    -17.435010    -17.435010
   1.06932    -17.434890    -17.434890
   1.13146    -17.434726    -17.434726
   1.19359    -17.434532    -17.434533
   1.25572    -17.434321    -17.434321
   1.25572    -17.434151    -17.434152
   1.31138    -17.434164    -17.434164
   1.36703    -17.434219    -17.434219
   1.42269    -17.434307    -17.434307
   1.47834    -17.434422    -17.434423
   1.53400    -17.434555    -17.434555
   1.58966    -17.434694    -17.434694
   1.64531    -17.434830    -17.434830
   1.70097    -17.434949    -17.434949
   1.75662    -17.435043    -17.435043
   1.81228    -17.435109    -17.435109
   1.86793    -17.435148    -17.435148
   1.92359    -17.435166    -17.435166
   1.97924    -17.435171    -17.435171
   1.97924    -17.435171    -17.435171
   2.03570    -17.435163    -17.435163
   2.09216    -17.435128    -17.435128
   2.14861    -17.435052    -17.435052
   2.20507    -17.434930    -17.434930
   2.26153    -17.434771    -17.434771
   2.31798    -17.434596    -17.434596
   2.37444    -17.434432    -17.434432
   2.43089    -17.434299    -17.434299
   2.48735    -17.434214    -17.434214
   2.54381    -17.434191    -17.434191
   2.54381    -17.434313    -17.434314
   2.60086    -17.434451    -17.434451
   2.65792    -17.434585    -17.434586
   2.71498    -17.434713    -17.434713
   2.77204    -17.434820    -17.434820
   2.82909    -17.434912    -17.434913
   2.88615    -17.434992    -17.434992
   2.94321    -17.435056    -17.435057
   3.00027    -17.435107    -17.435107
   3.05732    -17.435143    -17.435143
   3.11438    -17.435164    -17.435165
   3.17144    -17.435171    -17.435171
   3.17144    -17.435171    -17.435171
   3.22991    -17.435174    -17.435174
   3.28839    -17.435173    -17.435173
   3.34686    -17.435154    -17.435154
   3.40534    -17.435100    -17.435100
   3.46381    -17.435003    -17.435004
   3.52229    -17.434866    -17.434866
   3.58076    -17.434696    -17.434696
   3.63924    -17.434507    -17.434507
   3.69772    -17.434312    -17.434312
   3.75619    -17.434128    -17.434129
 
# Band-Index   42
   3.75619    -17.434114    -17.434114
   3.69772    -17.433941    -17.433941
   3.63924    -17.433776    -17.433776
   3.58076    -17.433629    -17.433629
   3.52229    -17.433500    -17.433500
   3.46381    -17.433391    -17.433391
   3.40534    -17.433300    -17.433300
   3.34686    -17.433229    -17.433229
   3.28839    -17.433177    -17.433177
   3.22991    -17.433146    -17.433146
   3.17144    -17.433134    -17.433134
   3.17144    -17.433134    -17.433134
   3.11438    -17.433148    -17.433148
   3.05732    -17.433186    -17.433186
   3.00027    -17.433249    -17.433249
   2.94321    -17.433334    -17.433334
   2.88615    -17.433440    -17.433440
   2.82909    -17.433563    -17.433563
   2.77204    -17.433700    -17.433700
   2.71498    -17.433851    -17.433851
   2.65792    -17.433999    -17.433999
   2.60086    -17.434153    -17.434153
   2.54381    -17.434299    -17.434299
   2.54381    -17.434177    -17.434177
   2.48735    -17.434158    -17.434158
   2.43089    -17.434084    -17.434084
   2.37444    -17.433970    -17.433970
   2.31798    -17.433828    -17.433828
   2.26153    -17.433669    -17.433669
   2.20507    -17.433507    -17.433507
   2.14861    -17.433360    -17.433360
   2.09216    -17.433240    -17.433240
   2.03570    -17.433162    -17.433162
   1.97924    -17.433134    -17.433134
   1.97924    -17.433134    -17.433134
   1.92359    -17.433150    -17.433151
   1.86793    -17.433197    -17.433197
   1.81228    -17.433270    -17.433270
   1.75662    -17.433365    -17.433365
   1.70097    -17.433477    -17.433477
   1.64531    -17.433597    -17.433597
   1.58966    -17.433718    -17.433718
   1.53400    -17.433835    -17.433835
   1.47834    -17.433939    -17.433939
   1.42269    -17.434025    -17.434025
   1.36703    -17.434090    -17.434090
   1.31138    -17.434130    -17.434130
   1.25572    -17.434138    -17.434137
   1.25572    -17.434307    -17.434306
   1.19359    -17.434078    -17.434078
   1.13146    -17.433840    -17.433840
   1.06932    -17.433617    -17.433617
   1.00719    -17.433417    -17.433417
   0.94506    -17.433264    -17.433264
   0.88292    -17.433167    -17.433167
   0.82079    -17.433134    -17.433134
   0.82079    -17.433134    -17.433134
   0.76080    -17.433166    -17.433166
   0.70081    -17.433258    -17.433258
   0.64081    -17.433408    -17.433408
   0.58082    -17.433613    -17.433613
   0.52083    -17.433865    -17.433865
   0.46084    -17.434145    -17.434145
   0.46084    -17.433113    -17.433113
   0.40323    -17.433113    -17.433113
   0.34563    -17.433122    -17.433122
   0.28802    -17.433122    -17.433122
   0.23042    -17.433125    -17.433125
   0.17281    -17.433129    -17.433129
   0.11521    -17.433132    -17.433132
   0.05760    -17.433134    -17.433134
   0.00000    -17.433134    -17.433134
 
# Band-Index   43
   0.00000    -17.417843    -17.417843
   0.05760    -17.417862    -17.417862
   0.11521    -17.417913    -17.417913
   0.17281    -17.417986    -17.417986
   0.23042    -17.418069    -17.418069
   0.28802    -17.418152    -17.418153
   0.34563    -17.418223    -17.418223
   0.40323    -17.418264    -17.418264
   0.46084    -17.418280    -17.418280
   0.46084    -17.416324    -17.416324
   0.52083    -17.416757    -17.416757
   0.58082    -17.417134    -17.417134
   0.64081    -17.417438    -17.417439
   0.70081    -17.417663    -17.417663
   0.76080    -17.417799    -17.417799
   0.82079    -17.417843    -17.417843
   0.82079    -17.417843    -17.417843
   0.88292    -17.417792    -17.417792
   0.94506    -17.417639    -17.417639
   1.00719    -17.417390    -17.417390
   1.06932    -17.417069    -17.417069
   1.13146    -17.416672    -17.416672
   1.19359    -17.416230    -17.416230
   1.25572    -17.415770    -17.415771
   1.25572    -17.415810    -17.415810
   1.31138    -17.415850    -17.415850
   1.36703    -17.415980    -17.415980
   1.42269    -17.416174    -17.416174
   1.47834    -17.416410    -17.416410
   1.53400    -17.416662    -17.416663
   1.58966    -17.416912    -17.416912
   1.64531    -17.417145    -17.417145
   1.70097    -17.417353    -17.417353
   1.75662    -17.417526    -17.417526
   1.81228    -17.417664    -17.417664
   1.86793    -17.417765    -17.417765
   1.92359    -17.417824    -17.417824
   1.97924    -17.417843    -17.417843
   1.97924    -17.417843    -17.417843
   2.03570    -17.417802    -17.417802
   2.09216    -17.417678    -17.417678
   2.14861    -17.417474    -17.417475
   2.20507    -17.417203    -17.417203
   2.26153    -17.416875    -17.416875
   2.31798    -17.416513    -17.416513
   2.37444    -17.416146    -17.416146
   2.43089    -17.415817    -17.415817
   2.48735    -17.415582    -17.415582
   2.54381    -17.415502    -17.415502
   2.54381    -17.416197    -17.416197
   2.60086    -17.416476    -17.416476
   2.65792    -17.416733    -17.416734
   2.71498    -17.416971    -17.416971
   2.77204    -17.417172    -17.417172
   2.82909    -17.417346    -17.417346
   2.88615    -17.417496    -17.417497
   2.94321    -17.417621    -17.417621
   3.00027    -17.417717    -17.417717
   3.05732    -17.417788    -17.417788
   3.11438    -17.417830    -17.417830
   3.17144    -17.417843    -17.417843
   3.17144    -17.417843    -17.417843
   3.22991    -17.417839    -17.417839
   3.28839    -17.417821    -17.417822
   3.34686    -17.417785    -17.417785
   3.40534    -17.417721    -17.417721
   3.46381    -17.417624    -17.417624
   3.52229    -17.417489    -17.417489
   3.58076    -17.417312    -17.417312
   3.63924    -17.417094    -17.417094
   3.69772    -17.416836    -17.416836
   3.75619    -17.416550    -17.416550
 
# Band-Index   44
   3.75619    -17.416537    -17.416537
   3.69772    -17.416224    -17.416224
   3.63924    -17.415886    -17.415886
   3.58076    -17.415537    -17.415537
   3.52229    -17.415184    -17.415184
   3.46381    -17.414833    -17.414833
   3.40534    -17.414490    -17.414490
   3.34686    -17.414163    -17.414163
   3.28839    -17.413869    -17.413869
   3.22991    -17.413641    -17.413642
   3.17144    -17.413550    -17.413550
   3.17144    -17.413550    -17.413550
   3.11438    -17.413582    -17.413582
   3.05732    -17.413679    -17.413679
   3.00027    -17.413837    -17.413837
   2.94321    -17.414046    -17.414046
   2.88615    -17.414302    -17.414302
   2.82909    -17.414592    -17.414592
   2.77204    -17.414906    -17.414906
   2.71498    -17.415237    -17.415238
   2.65792    -17.415562    -17.415563
   2.60086    -17.415883    -17.415883
   2.54381    -17.416183    -17.416183
   2.54381    -17.415488    -17.415488
   2.48735    -17.415467    -17.415467
   2.43089    -17.415382    -17.415382
   2.37444    -17.415240    -17.415241
   2.31798    -17.415048    -17.415048
   2.26153    -17.414808    -17.414809
   2.20507    -17.414529    -17.414529
   2.14861    -17.414224    -17.414224
   2.09216    -17.413918    -17.413918
   2.03570    -17.413660    -17.413660
   1.97924    -17.413550    -17.413550
   1.97924    -17.413550    -17.413550
   1.92359    -17.413623    -17.413623
   1.86793    -17.413810    -17.413810
   1.81228    -17.414056    -17.414056
   1.75662    -17.414324    -17.414324
   1.70097    -17.414594    -17.414594
   1.64531    -17.414852    -17.414852
   1.58966    -17.415091    -17.415091
   1.53400    -17.415301    -17.415302
   1.47834    -17.415479    -17.415479
   1.42269    -17.415619    -17.415619
   1.36703    -17.415722    -17.415722
   1.31138    -17.415783    -17.415783
   1.25572    -17.415797    -17.415797
   1.25572    -17.415757    -17.415757
   1.19359    -17.415290    -17.415290
   1.13146    -17.414833    -17.414833
   1.06932    -17.414419    -17.414419
   1.00719    -17.414056    -17.414056
   0.94506    -17.413781    -17.413781
   0.88292    -17.413608    -17.413608
   0.82079    -17.413550    -17.413550
   0.82079    -17.413550    -17.413550
   0.76080    -17.413770    -17.413770
   0.70081    -17.414232    -17.414232
   0.64081    -17.414762    -17.414762
   0.58082    -17.415303    -17.415303
   0.52083    -17.415827    -17.415828
   0.46084    -17.416311    -17.416311
   0.46084    -17.413768    -17.413768
   0.40323    -17.413760    -17.413761
   0.34563    -17.413743    -17.413743
   0.28802    -17.413707    -17.413707
   0.23042    -17.413665    -17.413665
   0.17281    -17.413622    -17.413622
   0.11521    -17.413585    -17.413585
   0.05760    -17.413559    -17.413559
   0.00000    -17.413550    -17.413550
 
# Band-Index   45
   0.00000    -17.412212    -17.412212
   0.05760    -17.412201    -17.412202
   0.11521    -17.412173    -17.412173
   0.17281    -17.412132    -17.412133
   0.23042    -17.412087    -17.412087
   0.28802    -17.412045    -17.412045
   0.34563    -17.412012    -17.412012
   0.40323    -17.411986    -17.411986
   0.46084    -17.411978    -17.411979
   0.46084    -17.409892    -17.409892
   0.52083    -17.410264    -17.410264
   0.58082    -17.410683    -17.410683
   0.64081    -17.411131    -17.411131
   0.70081    -17.411590    -17.411591
   0.76080    -17.412008    -17.412008
   0.82079    -17.412212    -17.412212
   0.82079    -17.412212    -17.412212
   0.88292    -17.412159    -17.412159
   0.94506    -17.412005    -17.412005
   1.00719    -17.411760    -17.411760
   1.06932    -17.411449    -17.411450
   1.13146    -17.411079    -17.411079
   1.19359    -17.410685    -17.410685
   1.25572    -17.410299    -17.410299
   1.25572    -17.410310    -17.410310
   1.31138    -17.410321    -17.410321
   1.36703    -17.410373    -17.410373
   1.42269    -17.410459    -17.410459
   1.47834    -17.410578    -17.410578
   1.53400    -17.410726    -17.410726
   1.58966    -17.410901    -17.410901
   1.64531    -17.411097    -17.411097
   1.70097    -17.411312    -17.411312
   1.75662    -17.411538    -17.411538
   1.81228    -17.411766    -17.411766
   1.86793    -17.411980    -17.411980
   1.92359    -17.412145    -17.412145
   1.97924    -17.412212    -17.412212
   1.97924    -17.412212    -17.412212
   2.03570    -17.412110    -17.412110
   2.09216    -17.411877    -17.411877
   2.14861    -17.411611    -17.411611
   2.20507    -17.411360    -17.411360
   2.26153    -17.411143    -17.411143
   2.31798    -17.410968    -17.410968
   2.37444    -17.410836    -17.410836
   2.43089    -17.410747    -17.410747
   2.48735    -17.410695    -17.410695
   2.54381    -17.410685    -17.410685
   2.54381    -17.410045    -17.410045
   2.60086    -17.410295    -17.410296
   2.65792    -17.410563    -17.410563
   2.71498    -17.410840    -17.410840
   2.77204    -17.411104    -17.411104
   2.82909    -17.411359    -17.411359
   2.88615    -17.411595    -17.411596
   2.94321    -17.411803    -17.411803
   3.00027    -17.411975    -17.411975
   3.05732    -17.412105    -17.412105
   3.11438    -17.412185    -17.412185
   3.17144    -17.412212    -17.412212
   3.17144    -17.412212    -17.412212
   3.22991    -17.412125    -17.412125
   3.28839    -17.411913    -17.411913
   3.34686    -17.411643    -17.411643
   3.40534    -17.411350    -17.411350
   3.46381    -17.411052    -17.411052
   3.52229    -17.410756    -17.410756
   3.58076    -17.410466    -17.410466
   3.63924    -17.410186    -17.410187
   3.69772    -17.409923    -17.409923
   3.75619    -17.409685    -17.409685
 
# Band-Index   46
   3.75619    -17.409673    -17.409673
   3.69772    -17.409461    -17.409461
   3.63924    -17.409272    -17.409272
   3.58076    -17.409117    -17.409117
   3.52229    -17.408994    -17.408995
   3.46381    -17.408904    -17.408904
   3.40534    -17.408843    -17.408843
   3.34686    -17.408805    -17.408805
   3.28839    -17.408785    -17.408785
   3.22991    -17.408776    -17.408776
   3.17144    -17.408774    -17.408774
   3.17144    -17.408774    -17.408774
   3.11438    -17.408780    -17.408780
   3.05732    -17.408799    -17.408799
   3.00027    -17.408834    -17.408834
   2.94321    -17.408889    -17.408889
   2.88615    -17.408968    -17.408969
   2.82909    -17.409075    -17.409075
   2.77204    -17.409213    -17.409213
   2.71498    -17.409383    -17.409383
   2.65792    -17.409573    -17.409573
   2.60086    -17.409795    -17.409795
   2.54381    -17.410032    -17.410032
   2.54381    -17.410673    -17.410673
   2.48735    -17.410600    -17.410600
   2.43089    -17.410386    -17.410386
   2.37444    -17.410093    -17.410094
   2.31798    -17.409779    -17.409779
   2.26153    -17.409482    -17.409482
   2.20507    -17.409227    -17.409227
   2.14861    -17.409027    -17.409028
   2.09216    -17.408886    -17.408886
   2.03570    -17.408802    -17.408802
   1.97924    -17.408774    -17.408774
   1.97924    -17.408774    -17.408774
   1.92359    -17.408785    -17.408785
   1.86793    -17.408819    -17.408820
   1.81228    -17.408878    -17.408878
   1.75662    -17.408963    -17.408963
   1.70097    -17.409078    -17.409079
   1.64531    -17.409223    -17.409223
   1.58966    -17.409396    -17.409396
   1.53400    -17.409589    -17.409589
   1.47834    -17.409791    -17.409791
   1.42269    -17.409986    -17.409986
   1.36703    -17.410152    -17.410152
   1.31138    -17.410263    -17.410264
   1.25572    -17.410297    -17.410297
   1.25572    -17.410286    -17.410286
   1.19359    -17.409919    -17.409919
   1.13146    -17.409585    -17.409585
   1.06932    -17.409304    -17.409304
   1.00719    -17.409070    -17.409070
   0.94506    -17.408906    -17.408906
   0.88292    -17.408807    -17.408807
   0.82079    -17.408774    -17.408774
   0.82079    -17.408774    -17.408774
   0.76080    -17.408806    -17.408806
   0.70081    -17.408901    -17.408901
   0.64081    -17.409059    -17.409059
   0.58082    -17.409278    -17.409278
   0.52083    -17.409555    -17.409555
   0.46084    -17.409879    -17.409880
   0.46084    -17.408425    -17.408425
   0.40323    -17.408437    -17.408437
   0.34563    -17.408476    -17.408476
   0.28802    -17.408527    -17.408527
   0.23042    -17.408592    -17.408593
   0.17281    -17.408661    -17.408661
   0.11521    -17.408720    -17.408720
   0.05760    -17.408760    -17.408760
   0.00000    -17.408774    -17.408774
 
# Band-Index   47
   0.00000    -17.376372    -17.376372
   0.05760    -17.376399    -17.376399
   0.11521    -17.376478    -17.376478
   0.17281    -17.376596    -17.376596
   0.23042    -17.376735    -17.376735
   0.28802    -17.376875    -17.376875
   0.34563    -17.376996    -17.376996
   0.40323    -17.377071    -17.377071
   0.46084    -17.377098    -17.377099
   0.46084    -17.375416    -17.375416
   0.52083    -17.375639    -17.375639
   0.58082    -17.375864    -17.375864
   0.64081    -17.376068    -17.376068
   0.70081    -17.376231    -17.376231
   0.76080    -17.376336    -17.376336
   0.82079    -17.376372    -17.376372
   0.82079    -17.376372    -17.376372
   0.88292    -17.376342    -17.376342
   0.94506    -17.376255    -17.376255
   1.00719    -17.376117    -17.376117
   1.06932    -17.375944    -17.375944
   1.13146    -17.375739    -17.375739
   1.19359    -17.375526    -17.375527
   1.25572    -17.375328    -17.375329
   1.25572    -17.375494    -17.375495
   1.31138    -17.375500    -17.375500
   1.36703    -17.375532    -17.375532
   1.42269    -17.375586    -17.375586
   1.47834    -17.375659    -17.375659
   1.53400    -17.375747    -17.375747
   1.58966    -17.375847    -17.375847
   1.64531    -17.375953    -17.375953
   1.70097    -17.376060    -17.376060
   1.75662    -17.376160    -17.376161
   1.81228    -17.376247    -17.376248
   1.86793    -17.376315    -17.376315
   1.92359    -17.376357    -17.376357
   1.97924    -17.376372    -17.376372
   1.97924    -17.376372    -17.376372
   2.03570    -17.376344    -17.376344
   2.09216    -17.376263    -17.376264
   2.14861    -17.376137    -17.376137
   2.20507    -17.375979    -17.375979
   2.26153    -17.375805    -17.375805
   2.31798    -17.375630    -17.375630
   2.37444    -17.375471    -17.375472
   2.43089    -17.375346    -17.375347
   2.48735    -17.375267    -17.375267
   2.54381    -17.375246    -17.375247
   2.54381    -17.375440    -17.375441
   2.60086    -17.375563    -17.375563
   2.65792    -17.375692    -17.375692
   2.71498    -17.375821    -17.375822
   2.77204    -17.375937    -17.375938
   2.82909    -17.376045    -17.376046
   2.88615    -17.376141    -17.376141
   2.94321    -17.376222    -17.376222
   3.00027    -17.376286    -17.376286
   3.05732    -17.376333    -17.376334
   3.11438    -17.376362    -17.376362
   3.17144    -17.376372    -17.376372
   3.17144    -17.376372    -17.376372
   3.22991    -17.376376    -17.376377
   3.28839    -17.376386    -17.376387
   3.34686    -17.376393    -17.376393
   3.40534    -17.376383    -17.376383
   3.46381    -17.376346    -17.376346
   3.52229    -17.376270    -17.376270
   3.58076    -17.376150    -17.376150
   3.63924    -17.375989    -17.375989
   3.69772    -17.375795    -17.375795
   3.75619    -17.375588    -17.375589
 
# Band-Index   48
   3.75619    -17.375575    -17.375575
   3.69772    -17.375365    -17.375365
   3.63924    -17.375163    -17.375163
   3.58076    -17.374988    -17.374989
   3.52229    -17.374850    -17.374850
   3.46381    -17.374751    -17.374751
   3.40534    -17.374688    -17.374689
   3.34686    -17.374654    -17.374654
   3.28839    -17.374639    -17.374639
   3.22991    -17.374635    -17.374635
   3.17144    -17.374633    -17.374634
   3.17144    -17.374633    -17.374634
   3.11438    -17.374640    -17.374640
   3.05732    -17.374660    -17.374660
   3.00027    -17.374693    -17.374693
   2.94321    -17.374740    -17.374740
   2.88615    -17.374801    -17.374801
   2.82909    -17.374877    -17.374877
   2.77204    -17.374967    -17.374967
   2.71498    -17.375072    -17.375072
   2.65792    -17.375182    -17.375182
   2.60086    -17.375305    -17.375305
   2.54381    -17.375427    -17.375427
   2.54381    -17.375233    -17.375233
   2.48735    -17.375224    -17.375224
   2.43089    -17.375179    -17.375180
   2.37444    -17.375109    -17.375110
   2.31798    -17.375023    -17.375024
   2.26153    -17.374929    -17.374930
   2.20507    -17.374837    -17.374837
   2.14861    -17.374755    -17.374755
   2.09216    -17.374690    -17.374690
   2.03570    -17.374648    -17.374648
   1.97924    -17.374633    -17.374634
   1.97924    -17.374633    -17.374634
   1.92359    -17.374643    -17.374643
   1.86793    -17.374672    -17.374673
   1.81228    -17.374720    -17.374720
   1.75662    -17.374784    -17.374785
   1.70097    -17.374866    -17.374866
   1.64531    -17.374960    -17.374960
   1.58966    -17.375063    -17.375063
   1.53400    -17.375168    -17.375168
   1.47834    -17.375269    -17.375269
   1.42269    -17.375358    -17.375359
   1.36703    -17.375428    -17.375428
   1.31138    -17.375472    -17.375472
   1.25572    -17.375481    -17.375481
   1.25572    -17.375315    -17.375315
   1.19359    -17.375133    -17.375133
   1.13146    -17.374974    -17.374974
   1.06932    -17.374849    -17.374849
   1.00719    -17.374748    -17.374748
   0.94506    -17.374682    -17.374683
   0.88292    -17.374645    -17.374645
   0.82079    -17.374633    -17.374634
   0.82079    -17.374633    -17.374634
   0.76080    -17.374658    -17.374658
   0.70081    -17.374728    -17.374728
   0.64081    -17.374843    -17.374843
   0.58082    -17.374999    -17.375000
   0.52083    -17.375192    -17.375192
   0.46084    -17.375402    -17.375403
   0.46084    -17.374316    -17.374317
   0.40323    -17.374328    -17.374328
   0.34563    -17.374366    -17.374366
   0.28802    -17.374414    -17.374415
   0.23042    -17.374475    -17.374475
   0.17281    -17.374536    -17.374536
   0.11521    -17.374587    -17.374588
   0.05760    -17.374622    -17.374622
   0.00000    -17.374633    -17.374634
 
# Band-Index   49
   0.00000    -12.594615    -12.594614
   0.05760    -12.586795    -12.586796
   0.11521    -12.563729    -12.563728
   0.17281    -12.526743    -12.526743
   0.23042    -12.478393    -12.478392
   0.28802    -12.423043    -12.423042
   0.34563    -12.368033    -12.368033
   0.40323    -12.324982    -12.324982
   0.46084    -12.308169    -12.308168
   0.46084    -12.278326    -12.278325
   0.52083    -12.370545    -12.370544
   0.58082    -12.448910    -12.448909
   0.64081    -12.511650    -12.511650
   0.70081    -12.557432    -12.557431
   0.76080    -12.585278    -12.585277
   0.82079    -12.594615    -12.594614
   0.82079    -12.594614    -12.594614
   0.88292    -12.584031    -12.584030
   0.94506    -12.552535    -12.552534
   1.00719    -12.501022    -12.501021
   1.06932    -12.431072    -12.431071
   1.13146    -12.344990    -12.344990
   1.19359    -12.246039    -12.246039
   1.25572    -12.138632    -12.138631
   1.25572    -11.944664    -11.944664
   1.31138    -11.957449    -11.957450
   1.36703    -11.993999    -11.993999
   1.42269    -12.049543    -12.049543
   1.47834    -12.118208    -12.118208
   1.53400    -12.194195    -12.194195
   1.58966    -12.272296    -12.272295
   1.64531    -12.348066    -12.348066
   1.70097    -12.417823    -12.417823
   1.75662    -12.478608    -12.478608
   1.81228    -12.528134    -12.528133
   1.86793    -12.564691    -12.564690
   1.92359    -12.587083    -12.587082
   1.97924    -12.594615    -12.594614
   1.97924    -12.594615    -12.594614
   2.03570    -12.586070    -12.586069
   2.09216    -12.560642    -12.560641
   2.14861    -12.519059    -12.519057
   2.20507    -12.462669    -12.462668
   2.26153    -12.393614    -12.393613
   2.31798    -12.315282    -12.315281
   2.37444    -12.233141    -12.233141
   2.43089    -12.156129    -12.156129
   2.48735    -12.098138    -12.098138
   2.54381    -12.075972    -12.075971
   2.54381    -11.960460    -11.960459
   2.60086    -12.025662    -12.025662
   2.65792    -12.099754    -12.099754
   2.71498    -12.179617    -12.179617
   2.77204    -12.261057    -12.261056
   2.82909    -12.339818    -12.339818
   2.88615    -12.412154    -12.412153
   2.94321    -12.475036    -12.475036
   3.00027    -12.526157    -12.526156
   3.05732    -12.563827    -12.563826
   3.11438    -12.586868    -12.586868
   3.17144    -12.594615    -12.594614
   3.17144    -12.594615    -12.594612
   3.22991    -12.586249    -12.586249
   3.28839    -12.561485    -12.561484
   3.34686    -12.521400    -12.521399
   3.40534    -12.467923    -12.467922
   3.46381    -12.403927    -12.403926
   3.52229    -12.333457    -12.333456
   3.58076    -12.261810    -12.261810
   3.63924    -12.195106    -12.195105
   3.69772    -12.138706    -12.138705
   3.75619    -12.094496    -12.094494
 
# Band-Index   50
   3.75619    -12.094440    -12.094440
   3.69772    -12.059059    -12.059058
   3.63924    -12.026184    -12.026183
   3.58076    -11.990394    -11.990393
   3.52229    -11.948644    -11.948643
   3.46381    -11.899930    -11.899930
   3.40534    -11.844734    -11.844734
   3.34686    -11.784922    -11.784923
   3.28839    -11.724451    -11.724452
   3.22991    -11.672255    -11.672256
   3.17144    -11.648871    -11.648873
   3.17144    -11.648871    -11.648873
   3.11438    -11.652252    -11.652254
   3.05732    -11.662186    -11.662188
   3.00027    -11.678074    -11.678076
   2.94321    -11.699039    -11.699041
   2.88615    -11.724121    -11.724123
   2.82909    -11.752550    -11.752551
   2.77204    -11.784014    -11.784015
   2.71498    -11.818935    -11.818936
   2.65792    -11.858618    -11.858619
   2.60086    -11.905085    -11.905086
   2.54381    -11.960394    -11.960396
   2.54381    -12.075903    -12.075904
   2.48735    -12.070003    -12.070003
   2.43089    -12.052334    -12.052335
   2.37444    -12.023189    -12.023189
   2.31798    -11.983067    -11.983067
   2.26153    -11.932797    -11.932798
   2.20507    -11.873697    -11.873697
   2.14861    -11.807932    -11.807933
   2.09216    -11.739531    -11.739531
   2.03570    -11.677983    -11.677984
   1.97924    -11.648871    -11.648873
   1.97924    -11.648871    -11.648873
   1.92359    -11.666294    -11.666295
   1.86793    -11.706753    -11.706754
   1.81228    -11.754477    -11.754478
   1.75662    -11.801233    -11.801234
   1.70097    -11.843027    -11.843027
   1.64531    -11.877830    -11.877830
   1.58966    -11.904767    -11.904767
   1.53400    -11.923833    -11.923833
   1.47834    -11.935773    -11.935773
   1.42269    -11.941980    -11.941980
   1.36703    -11.944305    -11.944305
   1.31138    -11.944682    -11.944682
   1.25572    -11.944591    -11.944592
   1.25572    -12.138578    -12.138579
   1.19359    -12.028312    -12.028312
   1.13146    -11.921938    -11.921939
   1.06932    -11.826754    -11.826755
   1.00719    -11.749146    -11.749147
   0.94506    -11.693105    -11.693107
   0.88292    -11.659826    -11.659829
   0.82079    -11.648871    -11.648873
   0.82079    -11.648871    -11.648873
   0.76080    -11.709634    -11.709635
   0.70081    -11.821689    -11.821689
   0.64081    -11.942193    -11.942193
   0.58082    -12.061237    -12.061237
   0.52083    -12.174334    -12.174334
   0.46084    -12.278274    -12.278274
   0.46084    -11.701253    -11.701248
   0.40323    -11.683436    -11.683431
   0.34563    -11.638214    -11.638209
   0.28802    -11.590805    -11.590807
   0.23042    -11.607689    -11.607691
   0.17281    -11.623919    -11.623921
   0.11521    -11.637211    -11.637213
   0.05760    -11.645870    -11.645873
   0.00000    -11.648871    -11.648873
 
# Band-Index   51
   0.00000    -11.431474    -11.431468
   0.05760    -11.437058    -11.437053
   0.11521    -11.454384    -11.454379
   0.17281    -11.484638    -11.484633
   0.23042    -11.528079    -11.528074
   0.28802    -11.581890    -11.581885
   0.34563    -11.575926    -11.575928
   0.40323    -11.565667    -11.565669
   0.46084    -11.562001    -11.562003
   0.46084    -10.821128    -10.821125
   0.52083    -10.926347    -10.926344
   0.58082    -11.036637    -11.036634
   0.64081    -11.150311    -11.150308
   0.70081    -11.264869    -11.264865
   0.76080    -11.372392    -11.372388
   0.82079    -11.431474    -11.431468
   0.82079    -11.431474    -11.431468
   0.88292    -11.422286    -11.422281
   0.94506    -11.394967    -11.394962
   1.00719    -11.350271    -11.350266
   1.06932    -11.289520    -11.289514
   1.13146    -11.214693    -11.214688
   1.19359    -11.128579    -11.128574
   1.25572    -11.034905    -11.034899
   1.25572    -11.147068    -11.147063
   1.31138    -11.151530    -11.151525
   1.36703    -11.163368    -11.163363
   1.42269    -11.179209    -11.179204
   1.47834    -11.196226    -11.196221
   1.53400    -11.213295    -11.213291
   1.58966    -11.230958    -11.230954
   1.64531    -11.250858    -11.250854
   1.70097    -11.275011    -11.275008
   1.75662    -11.304992    -11.304988
   1.81228    -11.340954    -11.340951
   1.86793    -11.380385    -11.380381
   1.92359    -11.415754    -11.415749
   1.97924    -11.431474    -11.431468
   1.97924    -11.431474    -11.431468
   2.03570    -11.403887    -11.403882
   2.09216    -11.347701    -11.347697
   2.14861    -11.290647    -11.290643
   2.20507    -11.244783    -11.244779
   2.26153    -11.215323    -11.215319
   2.31798    -11.202228    -11.202224
   2.37444    -11.201106    -11.201101
   2.43089    -11.205783    -11.205778
   2.48735    -11.210862    -11.210857
   2.54381    -11.212943    -11.212937
   2.54381    -11.202036    -11.202030
   2.60086    -11.260688    -11.260683
   2.65792    -11.305854    -11.305849
   2.71498    -11.339169    -11.339163
   2.77204    -11.363587    -11.363582
   2.82909    -11.382049    -11.382043
   2.88615    -11.396684    -11.396678
   2.94321    -11.408636    -11.408631
   3.00027    -11.418263    -11.418258
   3.05732    -11.425460    -11.425455
   3.11438    -11.429946    -11.429940
   3.17144    -11.431474    -11.431468
   3.17144    -11.431474    -11.431468
   3.22991    -11.410329    -11.410324
   3.28839    -11.365024    -11.365020
   3.34686    -11.316459    -11.316456
   3.40534    -11.273606    -11.273604
   3.46381    -11.239312    -11.239309
   3.52229    -11.212365    -11.212363
   3.58076    -11.188104    -11.188102
   3.63924    -11.159594    -11.159593
   3.69772    -11.119716    -11.119715
   3.75619    -11.063734    -11.063732
 
# Band-Index   52
   3.75619    -11.063690    -11.063689
   3.69772    -10.991217    -10.991216
   3.63924    -10.906538    -10.906537
   3.58076    -10.817044    -10.817042
   3.52229    -10.730836    -10.730834
   3.46381    -10.654389    -10.654387
   3.40534    -10.590450    -10.590447
   3.34686    -10.538869    -10.538866
   3.28839    -10.506876    -10.506869
   3.22991    -10.497484    -10.497476
   3.17144    -10.492332    -10.492325
   3.17144    -10.492332    -10.492325
   3.11438    -10.522958    -10.522951
   3.05732    -10.563946    -10.563939
   3.00027    -10.612248    -10.612241
   2.94321    -10.667927    -10.667920
   2.88615    -10.731426    -10.731419
   2.82909    -10.802975    -10.802968
   2.77204    -10.881802    -10.881795
   2.71498    -10.965549    -10.965543
   2.65792    -11.050213    -11.050207
   2.60086    -11.130709    -11.130703
   2.54381    -11.202014    -11.202008
   2.54381    -11.212895    -11.212888
   2.48735    -11.185886    -11.185880
   2.43089    -11.113949    -11.113943
   2.37444    -11.015440    -11.015435
   2.31798    -10.906742    -10.906736
   2.26153    -10.799886    -10.799880
   2.20507    -10.703558    -10.703552
   2.14861    -10.623726    -10.623719
   2.09216    -10.563006    -10.562999
   2.03570    -10.519666    -10.519658
   1.97924    -10.492332    -10.492325
   1.97924    -10.492332    -10.492325
   1.92359    -10.517269    -10.517261
   1.86793    -10.550495    -10.550487
   1.81228    -10.590028    -10.590021
   1.75662    -10.637510    -10.637503
   1.70097    -10.694546    -10.694540
   1.64531    -10.760789    -10.760783
   1.58966    -10.833524    -10.833517
   1.53400    -10.908668    -10.908662
   1.47834    -10.981545    -10.981539
   1.42269    -11.047115    -11.047109
   1.36703    -11.100017    -11.100011
   1.31138    -11.134816    -11.134809
   1.25572    -11.147015    -11.147008
   1.25572    -11.034866    -11.034860
   1.19359    -10.938197    -10.938191
   1.13146    -10.843459    -10.843452
   1.06932    -10.754495    -10.754489
   1.00719    -10.672656    -10.672649
   0.94506    -10.598460    -10.598453
   0.88292    -10.535276    -10.535269
   0.82079    -10.492332    -10.492325
   0.82079    -10.492332    -10.492325
   0.76080    -10.491560    -10.491553
   0.70081    -10.499819    -10.499816
   0.64081    -10.558530    -10.558527
   0.58082    -10.634204    -10.634202
   0.52083    -10.722853    -10.722850
   0.46084    -10.821078    -10.821076
   0.46084    -10.545710    -10.545707
   0.40323    -10.553257    -10.553255
   0.34563    -10.560051    -10.560049
   0.28802    -10.555828    -10.555827
   0.23042    -10.538961    -10.538960
   0.17281    -10.514413    -10.514406
   0.11521    -10.507426    -10.507419
   0.05760    -10.499245    -10.499237
   0.00000    -10.492332    -10.492325
 
# Band-Index   53
   0.00000    -10.486419    -10.486411
   0.05760    -10.478912    -10.478904
   0.11521    -10.482457    -10.482455
   0.17281    -10.512274    -10.512273
   0.23042    -10.519921    -10.519914
   0.28802    -10.523868    -10.523860
   0.34563    -10.526325    -10.526317
   0.40323    -10.527543    -10.527535
   0.46084    -10.527885    -10.527878
   0.46084    -10.484965    -10.484958
   0.52083    -10.486860    -10.486853
   0.58082    -10.488751    -10.488744
   0.64081    -10.489526    -10.489519
   0.70081    -10.489519    -10.489512
   0.76080    -10.487226    -10.487218
   0.82079    -10.486419    -10.486411
   0.82079    -10.486419    -10.486411
   0.88292    -10.466807    -10.466800
   0.94506    -10.468672    -10.468665
   1.00719    -10.488700    -10.488693
   1.06932    -10.515398    -10.515392
   1.13146    -10.536873    -10.536868
   1.19359    -10.546430    -10.546425
   1.25572    -10.543615    -10.543609
   1.25572    -10.606588    -10.606584
   1.31138    -10.609849    -10.609846
   1.36703    -10.616991    -10.616988
   1.42269    -10.623095    -10.623093
   1.47834    -10.624519    -10.624517
   1.53400    -10.619346    -10.619343
   1.58966    -10.606898    -10.606896
   1.64531    -10.587334    -10.587331
   1.70097    -10.561512    -10.561510
   1.75662    -10.531389    -10.531387
   1.81228    -10.500689    -10.500687
   1.86793    -10.474563    -10.474559
   1.92359    -10.467806    -10.467798
   1.97924    -10.486419    -10.486411
   1.97924    -10.486419    -10.486411
   2.03570    -10.472719    -10.472712
   2.09216    -10.484997    -10.484992
   2.14861    -10.507109    -10.507104
   2.20507    -10.522331    -10.522326
   2.26153    -10.524322    -10.524317
   2.31798    -10.512445    -10.512441
   2.37444    -10.490915    -10.490910
   2.43089    -10.466740    -10.466736
   2.48735    -10.447633    -10.447628
   2.54381    -10.440318    -10.440314
   2.54381    -10.554197    -10.554194
   2.60086    -10.568925    -10.568923
   2.65792    -10.577485    -10.577483
   2.71498    -10.578416    -10.578414
   2.77204    -10.571054    -10.571053
   2.82909    -10.555865    -10.555864
   2.88615    -10.534599    -10.534598
   2.94321    -10.510173    -10.510172
   3.00027    -10.486250    -10.486248
   3.05732    -10.466487    -10.466484
   3.11438    -10.463986    -10.463979
   3.17144    -10.486419    -10.486411
   3.17144    -10.486419    -10.486411
   3.22991    -10.481259    -10.481251
   3.28839    -10.488484    -10.488480
   3.34686    -10.502827    -10.502820
   3.40534    -10.509261    -10.509254
   3.46381    -10.515402    -10.515396
   3.52229    -10.519819    -10.519812
   3.58076    -10.519602    -10.519596
   3.63924    -10.513878    -10.513871
   3.69772    -10.503913    -10.503907
   3.75619    -10.491781    -10.491776
 
# Band-Index   54
   3.75619    -10.491756    -10.491748
   3.69772    -10.479452    -10.479445
   3.63924    -10.468633    -10.468626
   3.58076    -10.460566    -10.460559
   3.52229    -10.456041    -10.456033
   3.46381    -10.455307    -10.455299
   3.40534    -10.458066    -10.458058
   3.34686    -10.463545    -10.463537
   3.28839    -10.469948    -10.469942
   3.22991    -10.459422    -10.459419
   3.17144    -10.449261    -10.449259
   3.17144    -10.449261    -10.449259
   3.11438    -10.453667    -10.453664
   3.05732    -10.447360    -10.447353
   3.00027    -10.439045    -10.439037
   2.94321    -10.438408    -10.438401
   2.88615    -10.444498    -10.444491
   2.82909    -10.456292    -10.456286
   2.77204    -10.472706    -10.472700
   2.71498    -10.492450    -10.492445
   2.65792    -10.513906    -10.513902
   2.60086    -10.535168    -10.535165
   2.54381    -10.554186    -10.554184
   2.54381    -10.440298    -10.440293
   2.48735    -10.440137    -10.440132
   2.43089    -10.439559    -10.439554
   2.37444    -10.438561    -10.438556
   2.31798    -10.437333    -10.437328
   2.26153    -10.436472    -10.436466
   2.20507    -10.437074    -10.437069
   2.14861    -10.440567    -10.440562
   2.09216    -10.447886    -10.447881
   2.03570    -10.453344    -10.453341
   1.97924    -10.449261    -10.449259
   1.97924    -10.449261    -10.449259
   1.92359    -10.454731    -10.454728
   1.86793    -10.449295    -10.449288
   1.81228    -10.438889    -10.438882
   1.75662    -10.434193    -10.434186
   1.70097    -10.436287    -10.436280
   1.64531    -10.446377    -10.446370
   1.58966    -10.464679    -10.464673
   1.53400    -10.489873    -10.489867
   1.47834    -10.519588    -10.519582
   1.42269    -10.550638    -10.550632
   1.36703    -10.578863    -10.578857
   1.31138    -10.599125    -10.599119
   1.25572    -10.606565    -10.606560
   1.25572    -10.543582    -10.543579
   1.19359    -10.531406    -10.531403
   1.13146    -10.513812    -10.513808
   1.06932    -10.494482    -10.494479
   1.00719    -10.476412    -10.476409
   0.94506    -10.461884    -10.461881
   0.88292    -10.452504    -10.452501
   0.82079    -10.449261    -10.449259
   0.82079    -10.449261    -10.449259
   0.76080    -10.462248    -10.462245
   0.70081    -10.488774    -10.488766
   0.64081    -10.486965    -10.486957
   0.58082    -10.484882    -10.484874
   0.52083    -10.484121    -10.484114
   0.46084    -10.484939    -10.484930
   0.46084    -10.505558    -10.505560
   0.40323    -10.490890    -10.490891
   0.34563    -10.462893    -10.462893
   0.28802    -10.447166    -10.447159
   0.23042    -10.452275    -10.452267
   0.17281    -10.459888    -10.459880
   0.11521    -10.469095    -10.469088
   0.05760    -10.458552    -10.458549
   0.00000    -10.449261    -10.449259
 
# Band-Index   55
   0.00000    -10.354468    -10.354471
   0.05760    -10.356975    -10.356977
   0.11521    -10.365640    -10.365642
   0.17281    -10.381711    -10.381712
   0.23042    -10.404693    -10.404693
   0.28802    -10.432708    -10.432708
   0.34563    -10.445026    -10.445019
   0.40323    -10.445121    -10.445114
   0.46084    -10.445530    -10.445524
   0.46084    -10.266633    -10.266633
   0.52083    -10.284753    -10.284756
   0.58082    -10.303292    -10.303294
   0.64081    -10.321589    -10.321591
   0.70081    -10.338053    -10.338055
   0.76080    -10.350012    -10.350014
   0.82079    -10.354468    -10.354471
   0.82079    -10.354468    -10.354471
   0.88292    -10.352434    -10.352436
   0.94506    -10.346478    -10.346480
   1.00719    -10.336987    -10.336990
   1.06932    -10.324495    -10.324497
   1.13146    -10.309631    -10.309634
   1.19359    -10.293142    -10.293145
   1.25572    -10.275872    -10.275872
   1.25572    -10.452367    -10.452366
   1.31138    -10.447196    -10.447200
   1.36703    -10.433084    -10.433088
   1.42269    -10.414506    -10.414509
   1.47834    -10.397031    -10.397033
   1.53400    -10.383431    -10.383433
   1.58966    -10.374211    -10.374213
   1.64531    -10.368296    -10.368297
   1.70097    -10.364008    -10.364010
   1.75662    -10.360396    -10.360398
   1.81228    -10.357522    -10.357524
   1.86793    -10.355638    -10.355640
   1.92359    -10.354714    -10.354716
   1.97924    -10.354468    -10.354471
   1.97924    -10.354468    -10.354471
   2.03570    -10.351895    -10.351897
   2.09216    -10.344806    -10.344808
   2.14861    -10.334061    -10.334063
   2.20507    -10.320675    -10.320677
   2.26153    -10.306515    -10.306517
   2.31798    -10.293937    -10.293939
   2.37444    -10.284967    -10.284969
   2.43089    -10.280449    -10.280451
   2.48735    -10.279416    -10.279418
   2.54381    -10.279549    -10.279548
   2.54381    -10.378589    -10.378588
   2.60086    -10.385220    -10.385220
   2.65792    -10.388641    -10.388641
   2.71498    -10.389224    -10.389224
   2.77204    -10.387411    -10.387411
   2.82909    -10.383695    -10.383695
   2.88615    -10.378583    -10.378583
   2.94321    -10.372594    -10.372595
   3.00027    -10.366295    -10.366297
   3.05732    -10.360436    -10.360438
   3.11438    -10.356097    -10.356099
   3.17144    -10.354468    -10.354471
   3.17144    -10.354468    -10.354471
   3.22991    -10.354674    -10.354676
   3.28839    -10.357914    -10.357915
   3.34686    -10.366564    -10.366565
   3.40534    -10.378081    -10.378081
   3.46381    -10.386405    -10.386405
   3.52229    -10.387268    -10.387267
   3.58076    -10.381106    -10.381105
   3.63924    -10.370546    -10.370546
   3.69772    -10.357941    -10.357941
   3.75619    -10.344706    -10.344705
 
# Band-Index   56
   3.75619    -10.344661    -10.344663
   3.69772    -10.331270    -10.331271
   3.63924    -10.317545    -10.317546
   3.58076    -10.303004    -10.303005
   3.52229    -10.287077    -10.287079
   3.46381    -10.269415    -10.269417
   3.40534    -10.250241    -10.250244
   3.34686    -10.230913    -10.230915
   3.28839    -10.214063    -10.214065
   3.22991    -10.202625    -10.202627
   3.17144    -10.198594    -10.198597
   3.17144    -10.198594    -10.198597
   3.11438    -10.201195    -10.201197
   3.05732    -10.209187    -10.209189
   3.00027    -10.222841    -10.222844
   2.94321    -10.241881    -10.241883
   2.88615    -10.265011    -10.265013
   2.82909    -10.290008    -10.290010
   2.77204    -10.314380    -10.314382
   2.71498    -10.336150    -10.336151
   2.65792    -10.354238    -10.354239
   2.60086    -10.368337    -10.368337
   2.54381    -10.378552    -10.378553
   2.54381    -10.279493    -10.279498
   2.48735    -10.277336    -10.277339
   2.43089    -10.271176    -10.271179
   2.37444    -10.261851    -10.261854
   2.31798    -10.250376    -10.250379
   2.26153    -10.237843    -10.237845
   2.20507    -10.225399    -10.225402
   2.14861    -10.214263    -10.214266
   2.09216    -10.205632    -10.205634
   2.03570    -10.200339    -10.200341
   1.97924    -10.198594    -10.198597
   1.97924    -10.198594    -10.198597
   1.92359    -10.200922    -10.200925
   1.86793    -10.207963    -10.207965
   1.81228    -10.219832    -10.219834
   1.75662    -10.236589    -10.236592
   1.70097    -10.258108    -10.258110
   1.64531    -10.283971    -10.283973
   1.58966    -10.313364    -10.313366
   1.53400    -10.344936    -10.344937
   1.47834    -10.376641    -10.376642
   1.42269    -10.405745    -10.405745
   1.36703    -10.429471    -10.429470
   1.31138    -10.446040    -10.446039
   1.25572    -10.452317    -10.452321
   1.25572    -10.275817    -10.275822
   1.19359    -10.258590    -10.258592
   1.13146    -10.242227    -10.242229
   1.06932    -10.227559    -10.227561
   1.00719    -10.215317    -10.215319
   0.94506    -10.206141    -10.206144
   0.88292    -10.200493    -10.200495
   0.82079    -10.198594    -10.198597
   0.82079    -10.198594    -10.198597
   0.76080    -10.200828    -10.200831
   0.70081    -10.207550    -10.207552
   0.64081    -10.218481    -10.218483
   0.58082    -10.232736    -10.232738
   0.52083    -10.249106    -10.249109
   0.46084    -10.266581    -10.266585
   0.46084    -10.330391    -10.330392
   0.40323    -10.325949    -10.325950
   0.34563    -10.312652    -10.312653
   0.28802    -10.291592    -10.291594
   0.23042    -10.265926    -10.265928
   0.17281    -10.240034    -10.240037
   0.11521    -10.218170    -10.218173
   0.05760    -10.203664    -10.203667
   0.00000    -10.198594    -10.198597
 
# Band-Index   57
   0.00000     -7.262649     -7.262650
   0.05760     -7.262947     -7.262948
   0.11521     -7.262921     -7.262922
   0.17281     -7.260400     -7.260401
   0.23042     -7.253350     -7.253351
   0.28802     -7.241347     -7.241349
   0.34563     -7.226586     -7.226587
   0.40323     -7.213883     -7.213885
   0.46084     -7.208796     -7.208797
   0.46084     -6.722751     -6.722751
   0.52083     -6.868336     -6.868336
   0.58082     -6.999085     -6.999086
   0.64081     -7.109013     -7.109014
   0.70081     -7.192516     -7.192517
   0.76080     -7.244823     -7.244824
   0.82079     -7.262649     -7.262650
   0.82079     -7.262649     -7.262650
   0.88292     -7.232515     -7.232516
   0.94506     -7.145115     -7.145116
   1.00719     -7.008726     -7.008726
   1.06932     -6.835041     -6.835042
   1.13146     -6.637134     -6.637134
   1.19359     -6.428066     -6.428066
   1.25572     -6.220496     -6.220496
   1.25572     -6.209208     -6.209208
   1.31138     -6.240818     -6.240818
   1.36703     -6.321781     -6.321781
   1.42269     -6.429239     -6.429239
   1.47834     -6.548208     -6.548208
   1.53400     -6.670353     -6.670353
   1.58966     -6.790278     -6.790278
   1.64531     -6.903630     -6.903630
   1.70097     -7.006475     -7.006476
   1.75662     -7.095286     -7.095286
   1.81228     -7.167120     -7.167121
   1.86793     -7.219789     -7.219790
   1.92359     -7.251879     -7.251880
   1.97924     -7.262649     -7.262650
   1.97924     -7.262649     -7.262650
   2.03570     -7.241412     -7.241413
   2.09216     -7.179011     -7.179011
   2.14861     -7.079310     -7.079311
   2.20507     -6.948576     -6.948577
   2.26153     -6.795359     -6.795359
   2.31798     -6.630691     -6.630691
   2.37444     -6.468689     -6.468689
   2.43089     -6.327334     -6.327334
   2.48735     -6.228228     -6.228228
   2.54381     -6.192110     -6.192110
   2.54381     -6.373788     -6.373789
   2.60086     -6.493618     -6.493618
   2.65792     -6.608960     -6.608960
   2.71498     -6.720873     -6.720874
   2.77204     -6.829363     -6.829363
   2.82909     -6.932619     -6.932619
   2.88615     -7.027235     -7.027235
   2.94321     -7.109316     -7.109317
   3.00027     -7.175552     -7.175553
   3.05732     -7.223773     -7.223774
   3.11438     -7.252918     -7.252919
   3.17144     -7.262649     -7.262650
   3.17144     -7.262649     -7.262650
   3.22991     -7.256449     -7.256450
   3.28839     -7.237994     -7.237995
   3.34686     -7.207908     -7.207909
   3.40534     -7.167723     -7.167724
   3.46381     -7.120095     -7.120096
   3.52229     -7.068530     -7.068531
   3.58076     -7.016472     -7.016473
   3.63924     -6.965996     -6.965997
   3.69772     -6.916597     -6.916598
   3.75619     -6.864727     -6.864728
 
# Band-Index   58
   3.75619     -6.864701     -6.864702
   3.69772     -6.804708     -6.804708
   3.63924     -6.731121     -6.731121
   3.58076     -6.640958     -6.640958
   3.52229     -6.534774     -6.534774
   3.46381     -6.416769     -6.416769
   3.40534     -6.294555     -6.294555
   3.34686     -6.178862     -6.178862
   3.28839     -6.082657     -6.082657
   3.22991     -6.018851     -6.018851
   3.17144     -5.996590     -5.996590
   3.17144     -5.996590     -5.996590
   3.11438     -5.999143     -5.999143
   3.05732     -6.005964     -6.005964
   3.00027     -6.014556     -6.014556
   2.94321     -6.020930     -6.020930
   2.88615     -6.020058     -6.020058
   2.82909     -6.006781     -6.006781
   2.77204     -5.977124     -5.977124
   2.71498     -5.984878     -5.984878
   2.65792     -6.118314     -6.118314
   2.60086     -6.248576     -6.248576
   2.54381     -6.373764     -6.373764
   2.54381     -6.192062     -6.192062
   2.48735     -6.188408     -6.188407
   2.43089     -6.177123     -6.177123
   2.37444     -6.157734     -6.157733
   2.31798     -6.130689     -6.130689
   2.26153     -6.098253     -6.098253
   2.20507     -6.064585     -6.064585
   2.14861     -6.034760     -6.034760
   2.09216     -6.012890     -6.012890
   2.03570     -6.000462     -6.000462
   1.97924     -5.996590     -5.996590
   1.97924     -5.996590     -5.996590
   1.92359     -6.006432     -6.006432
   1.86793     -6.034344     -6.034344
   1.81228     -6.075775     -6.075775
   1.75662     -6.124129     -6.124129
   1.70097     -6.172057     -6.172057
   1.64531     -6.212861     -6.212860
   1.58966     -6.241576     -6.241576
   1.53400     -6.255708     -6.255708
   1.47834     -6.255615     -6.255614
   1.42269     -6.244599     -6.244599
   1.36703     -6.228535     -6.228534
   1.31138     -6.214638     -6.214638
   1.25572     -6.209161     -6.209161
   1.25572     -6.220485     -6.220484
   1.19359     -6.028060     -6.028059
   1.13146     -5.871916     -5.871915
   1.06932     -5.786790     -5.786789
   1.00719     -5.848825     -5.848825
   0.94506     -5.922813     -5.922813
   0.88292     -5.976823     -5.976823
   0.82079     -5.996590     -5.996590
   0.82079     -5.996590     -5.996590
   0.76080     -6.033202     -6.033202
   0.70081     -6.129742     -6.129743
   0.64081     -6.262160     -6.262160
   0.58082     -6.412255     -6.412255
   0.52083     -6.568478     -6.568478
   0.46084     -6.722720     -6.722720
   0.46084     -6.403829     -6.403829
   0.40323     -6.386043     -6.386043
   0.34563     -6.336811     -6.336811
   0.28802     -6.266321     -6.266321
   0.23042     -6.187092     -6.187092
   0.17281     -6.111417     -6.111417
   0.11521     -6.049905     -6.049905
   0.05760     -6.010229     -6.010229
   0.00000     -5.996590     -5.996590
 
# Band-Index   59
   0.00000     -5.785706     -5.785706
   0.05760     -5.761710     -5.761709
   0.11521     -5.696917     -5.696916
   0.17281     -5.616156     -5.616155
   0.23042     -5.560890     -5.560889
   0.28802     -5.546999     -5.546998
   0.34563     -5.552639     -5.552638
   0.40323     -5.560505     -5.560505
   0.46084     -5.563713     -5.563712
   0.46084     -5.455480     -5.455479
   0.52083     -5.541740     -5.541740
   0.58082     -5.622097     -5.622097
   0.64081     -5.690437     -5.690437
   0.70081     -5.742338     -5.742337
   0.76080     -5.774710     -5.774710
   0.82079     -5.785706     -5.785706
   0.82079     -5.785706     -5.785706
   0.88292     -5.782194     -5.782194
   0.94506     -5.773747     -5.773747
   1.00719     -5.768167     -5.768167
   1.06932     -5.773077     -5.773076
   1.13146     -5.710328     -5.710327
   1.19359     -5.666589     -5.666588
   1.25572     -5.639689     -5.639689
   1.25572     -5.598625     -5.598624
   1.31138     -5.594811     -5.594810
   1.36703     -5.584322     -5.584321
   1.42269     -5.569131     -5.569130
   1.47834     -5.550957     -5.550956
   1.53400     -5.531327     -5.531326
   1.58966     -5.514570     -5.514570
   1.64531     -5.515625     -5.515624
   1.70097     -5.552037     -5.552036
   1.75662     -5.612810     -5.612809
   1.81228     -5.678510     -5.678509
   1.86793     -5.734956     -5.734955
   1.92359     -5.772557     -5.772556
   1.97924     -5.785706     -5.785706
   1.97924     -5.785706     -5.785706
   2.03570     -5.779883     -5.779883
   2.09216     -5.762054     -5.762053
   2.14861     -5.732181     -5.732181
   2.20507     -5.692018     -5.692018
   2.26153     -5.645232     -5.645231
   2.31798     -5.596772     -5.596772
   2.37444     -5.552235     -5.552234
   2.43089     -5.517025     -5.517024
   2.48735     -5.495026     -5.495025
   2.54381     -5.487682     -5.487682
   2.54381     -5.718766     -5.718765
   2.60086     -5.794357     -5.794356
   2.65792     -5.867000     -5.867000
   2.71498     -5.929770     -5.929770
   2.77204     -5.852031     -5.852031
   2.82909     -5.726646     -5.726646
   2.88615     -5.628019     -5.628018
   2.94321     -5.616338     -5.616338
   3.00027     -5.669810     -5.669810
   3.05732     -5.728659     -5.728659
   3.11438     -5.770665     -5.770665
   3.17144     -5.785706     -5.785706
   3.17144     -5.785706     -5.785706
   3.22991     -5.766144     -5.766144
   3.28839     -5.709493     -5.709493
   3.34686     -5.622904     -5.622903
   3.40534     -5.518527     -5.518526
   3.46381     -5.410220     -5.410219
   3.52229     -5.305993     -5.305992
   3.58076     -5.204861     -5.204860
   3.63924     -5.106371     -5.106370
   3.69772     -5.018418     -5.018417
   3.75619     -4.955292     -4.955291
 
# Band-Index   60
   3.75619     -4.955276     -4.955275
   3.69772     -4.929523     -4.929522
   3.63924     -4.945113     -4.945112
   3.58076     -4.996838     -4.996836
   3.52229     -5.071067     -5.071066
   3.46381     -5.147012     -5.147011
   3.40534     -5.205729     -5.205729
   3.34686     -5.241106     -5.241105
   3.28839     -5.257604     -5.257603
   3.22991     -5.262846     -5.262845
   3.17144     -5.263642     -5.263641
   3.17144     -5.263642     -5.263641
   3.11438     -5.276074     -5.276073
   3.05732     -5.313163     -5.313162
   3.00027     -5.373062     -5.373061
   2.94321     -5.446214     -5.446213
   2.88615     -5.487275     -5.487274
   2.82909     -5.484295     -5.484295
   2.77204     -5.495874     -5.495874
   2.71498     -5.530312     -5.530311
   2.65792     -5.582233     -5.582232
   2.60086     -5.646448     -5.646448
   2.54381     -5.718740     -5.718739
   2.54381     -5.487655     -5.487654
   2.48735     -5.480469     -5.480468
   2.43089     -5.461049     -5.461048
   2.37444     -5.433773     -5.433772
   2.31798     -5.402677     -5.402676
   2.26153     -5.370769     -5.370768
   2.20507     -5.339942     -5.339941
   2.14861     -5.311429     -5.311428
   2.09216     -5.287015     -5.287014
   2.03570     -5.269890     -5.269889
   1.97924     -5.263642     -5.263641
   1.97924     -5.263642     -5.263641
   1.92359     -5.270293     -5.270292
   1.86793     -5.289131     -5.289131
   1.81228     -5.317116     -5.317116
   1.75662     -5.349662     -5.349662
   1.70097     -5.379972     -5.379971
   1.64531     -5.397048     -5.397047
   1.58966     -5.397005     -5.397004
   1.53400     -5.401153     -5.401152
   1.47834     -5.424585     -5.424584
   1.42269     -5.468177     -5.468176
   1.36703     -5.524350     -5.524349
   1.31138     -5.576274     -5.576273
   1.25572     -5.598584     -5.598583
   1.25572     -5.639659     -5.639659
   1.19359     -5.621974     -5.621973
   1.13146     -5.596629     -5.596628
   1.06932     -5.531656     -5.531655
   1.00719     -5.432811     -5.432811
   0.94506     -5.343015     -5.343014
   0.88292     -5.283995     -5.283994
   0.82079     -5.263642     -5.263641
   0.82079     -5.263642     -5.263641
   0.76080     -5.255146     -5.255145
   0.70081     -5.244707     -5.244706
   0.64081     -5.256950     -5.256950
   0.58082     -5.301416     -5.301415
   0.52083     -5.371661     -5.371660
   0.46084     -5.455454     -5.455453
   0.46084     -4.940172     -4.940171
   0.40323     -4.959986     -4.959985
   0.34563     -5.020264     -5.020263
   0.28802     -5.114239     -5.114239
   0.23042     -5.211165     -5.211164
   0.17281     -5.266287     -5.266286
   0.11521     -5.275433     -5.275433
   0.05760     -5.268048     -5.268047
   0.00000     -5.263642     -5.263641
 
# Band-Index   61
   0.00000     -4.100906     -4.100905
   0.05760     -4.088269     -4.088268
   0.11521     -4.055234     -4.055232
   0.17281     -4.015275     -4.015273
   0.23042     -3.982869     -3.982868
   0.28802     -3.964196     -3.964195
   0.34563     -3.957868     -3.957866
   0.40323     -3.958024     -3.958023
   0.46084     -3.958821     -3.958820
   0.46084     -4.124377     -4.124375
   0.52083     -4.199223     -4.199222
   0.58082     -4.243359     -4.243358
   0.64081     -4.248987     -4.248986
   0.70081     -4.213376     -4.213375
   0.76080     -4.147091     -4.147089
   0.82079     -4.100906     -4.100905
   0.82079     -4.100906     -4.100905
   0.88292     -4.102424     -4.102422
   0.94506     -4.211615     -4.211616
   1.00719     -4.330628     -4.330628
   1.06932     -4.407391     -4.407391
   1.13146     -4.440175     -4.440176
   1.19359     -4.430307     -4.430308
   1.25572     -4.383410     -4.383411
   1.25572     -3.709952     -3.709951
   1.31138     -3.756407     -3.756407
   1.36703     -3.827555     -3.827555
   1.42269     -3.916471     -3.916470
   1.47834     -4.021302     -4.021302
   1.53400     -4.129280     -4.129280
   1.58966     -4.224203     -4.224203
   1.64531     -4.291479     -4.291479
   1.70097     -4.321220     -4.321220
   1.75662     -4.309691     -4.309691
   1.81228     -4.259050     -4.259050
   1.86793     -4.179658     -4.179657
   1.92359     -4.113133     -4.113132
   1.97924     -4.100906     -4.100905
   1.97924     -4.100906     -4.100905
   2.03570     -4.128491     -4.128490
   2.09216     -4.210373     -4.210372
   2.14861     -4.291339     -4.291339
   2.20507     -4.343869     -4.343869
   2.26153     -4.363496     -4.363495
   2.31798     -4.352889     -4.352888
   2.37444     -4.319022     -4.319022
   2.43089     -4.272905     -4.272905
   2.48735     -4.230726     -4.230725
   2.54381     -4.212932     -4.212932
   2.54381     -3.911545     -3.911545
   2.60086     -3.932976     -3.932976
   2.65792     -3.996392     -3.996392
   2.71498     -4.096599     -4.096598
   2.77204     -4.208712     -4.208712
   2.82909     -4.300638     -4.300638
   2.88615     -4.346087     -4.346087
   2.94321     -4.333854     -4.333855
   3.00027     -4.268168     -4.268168
   3.05732     -4.160343     -4.160343
   3.11438     -4.092849     -4.092847
   3.17144     -4.100906     -4.100905
   3.17144     -4.100906     -4.100905
   3.22991     -4.112946     -4.112945
   3.28839     -4.133933     -4.133932
   3.34686     -4.143143     -4.143142
   3.40534     -4.130984     -4.130983
   3.46381     -4.095662     -4.095661
   3.52229     -4.040624     -4.040623
   3.58076     -3.974072     -3.974071
   3.63924     -3.908743     -3.908742
   3.69772     -3.859579     -3.859579
   3.75619     -3.836323     -3.836322
 
# Band-Index   62
   3.75619     -3.836313     -3.836313
   3.69772     -3.834528     -3.834527
   3.63924     -3.844509     -3.844508
   3.58076     -3.858183     -3.858183
   3.52229     -3.867605     -3.867605
   3.46381     -3.869713     -3.869712
   3.40534     -3.868607     -3.868607
   3.34686     -3.873283     -3.873284
   3.28839     -3.883788     -3.883788
   3.22991     -3.887282     -3.887282
   3.17144     -3.872213     -3.872212
   3.17144     -3.872213     -3.872212
   3.11438     -4.022214     -4.022214
   3.05732     -4.075173     -4.075172
   3.00027     -4.068926     -4.068925
   2.94321     -4.077096     -4.077095
   2.88615     -4.077693     -4.077692
   2.82909     -4.061520     -4.061520
   2.77204     -4.029818     -4.029817
   2.71498     -3.989383     -3.989382
   2.65792     -3.950029     -3.950028
   2.60086     -3.921211     -3.921211
   2.54381     -3.911532     -3.911531
   2.54381     -4.212898     -4.212898
   2.48735     -4.201268     -4.201269
   2.43089     -4.168630     -4.168631
   2.37444     -4.121217     -4.121218
   2.31798     -4.068190     -4.068191
   2.26153     -4.021330     -4.021330
   2.20507     -3.994414     -3.994415
   2.14861     -3.993338     -3.993339
   2.09216     -3.999343     -3.999344
   2.03570     -3.973288     -3.973289
   1.97924     -3.872213     -3.872212
   1.97924     -3.872213     -3.872212
   1.92359     -3.980439     -3.980440
   1.86793     -4.010012     -4.010012
   1.81228     -3.996236     -3.996236
   1.75662     -3.985043     -3.985042
   1.70097     -3.969592     -3.969592
   1.64531     -3.940822     -3.940821
   1.58966     -3.898495     -3.898494
   1.53400     -3.847333     -3.847332
   1.47834     -3.794818     -3.794817
   1.42269     -3.749508     -3.749507
   1.36703     -3.722093     -3.722093
   1.31138     -3.712629     -3.712629
   1.25572     -3.709941     -3.709942
   1.25572     -4.383405     -4.383405
   1.19359     -4.309460     -4.309460
   1.13146     -4.221778     -4.221779
   1.06932     -4.137824     -4.137824
   1.00719     -4.093159     -4.093158
   0.94506     -4.099852     -4.099851
   0.88292     -4.054206     -4.054206
   0.82079     -3.872213     -3.872212
   0.82079     -3.872213     -3.872212
   0.76080     -3.856872     -3.856873
   0.70081     -3.823670     -3.823672
   0.64081     -3.840286     -3.840286
   0.58082     -3.925342     -3.925341
   0.52083     -4.028705     -4.028704
   0.46084     -4.124364     -4.124364
   0.46084     -3.833690     -3.833689
   0.40323     -3.836088     -3.836088
   0.34563     -3.841751     -3.841751
   0.28802     -3.912462     -3.912463
   0.23042     -3.956942     -3.956943
   0.17281     -3.961799     -3.961800
   0.11521     -3.942135     -3.942136
   0.05760     -3.908249     -3.908250
   0.00000     -3.872213     -3.872212
 
# Band-Index   63
   0.00000     -3.856722     -3.856725
   0.05760     -3.856877     -3.856879
   0.11521     -3.857464     -3.857465
   0.17281     -3.854796     -3.854797
   0.23042     -3.850867     -3.850866
   0.28802     -3.847100     -3.847099
   0.34563     -3.819213     -3.819214
   0.40323     -3.700539     -3.700540
   0.46084     -3.638248     -3.638248
   0.46084     -3.540694     -3.540695
   0.52083     -3.572784     -3.572785
   0.58082     -3.645882     -3.645883
   0.64081     -3.732721     -3.732723
   0.70081     -3.808198     -3.808200
   0.76080     -3.845941     -3.845943
   0.82079     -3.856722     -3.856725
   0.82079     -3.856722     -3.856725
   0.88292     -3.879000     -3.879002
   0.94506     -3.928391     -3.928392
   1.00719     -3.966562     -3.966563
   1.06932     -3.912284     -3.912283
   1.13146     -3.761044     -3.761043
   1.19359     -3.546327     -3.546326
   1.25572     -3.316559     -3.316559
   1.25572     -3.644298     -3.644296
   1.31138     -3.652598     -3.652597
   1.36703     -3.669794     -3.669794
   1.42269     -3.672527     -3.672526
   1.47834     -3.654738     -3.654737
   1.53400     -3.627395     -3.627394
   1.58966     -3.605400     -3.605399
   1.64531     -3.680532     -3.680532
   1.70097     -3.768714     -3.768714
   1.75662     -3.842908     -3.842908
   1.81228     -3.887611     -3.887611
   1.86793     -3.889793     -3.889794
   1.92359     -3.868647     -3.868648
   1.97924     -3.856722     -3.856725
   1.97924     -3.856722     -3.856725
   2.03570     -3.860740     -3.860741
   2.09216     -3.870113     -3.870115
   2.14861     -3.874207     -3.874208
   2.20507     -3.860046     -3.860046
   2.26153     -3.816438     -3.816438
   2.31798     -3.749809     -3.749809
   2.37444     -3.676107     -3.676107
   2.43089     -3.611215     -3.611214
   2.48735     -3.561065     -3.561063
   2.54381     -3.539018     -3.539016
   2.54381     -3.215211     -3.215210
   2.60086     -3.344765     -3.344764
   2.65792     -3.436286     -3.436285
   2.71498     -3.500253     -3.500252
   2.77204     -3.571441     -3.571440
   2.82909     -3.665585     -3.665584
   2.88615     -3.764706     -3.764705
   2.94321     -3.851447     -3.851447
   3.00027     -3.908293     -3.908293
   3.05732     -3.912897     -3.912898
   3.11438     -3.878477     -3.878478
   3.17144     -3.856722     -3.856725
   3.17144     -3.856722     -3.856725
   3.22991     -3.850252     -3.850254
   3.28839     -3.834425     -3.834427
   3.34686     -3.813480     -3.813482
   3.40534     -3.784133     -3.784135
   3.46381     -3.736004     -3.736006
   3.52229     -3.666124     -3.666126
   3.58076     -3.579186     -3.579187
   3.63924     -3.494403     -3.494403
   3.69772     -3.435196     -3.435195
   3.75619     -3.390680     -3.390679
 
# Band-Index   64
   3.75619     -3.390667     -3.390666
   3.69772     -3.339353     -3.339352
   3.63924     -3.393647     -3.393646
   3.58076     -3.438621     -3.438620
   3.52229     -3.474299     -3.474297
   3.46381     -3.522345     -3.522344
   3.40534     -3.586714     -3.586712
   3.34686     -3.656568     -3.656567
   3.28839     -3.731111     -3.731110
   3.22991     -3.806973     -3.806973
   3.17144     -3.855847     -3.855849
   3.17144     -3.855847     -3.855849
   3.11438     -3.699051     -3.699052
   3.05732     -3.541853     -3.541854
   3.00027     -3.416984     -3.416984
   2.94321     -3.341252     -3.341251
   2.88615     -3.290462     -3.290461
   2.82909     -3.304276     -3.304276
   2.77204     -3.322593     -3.322593
   2.71498     -3.292259     -3.292257
   2.65792     -3.223824     -3.223822
   2.60086     -3.158829     -3.158827
   2.54381     -3.215176     -3.215174
   2.54381     -3.538988     -3.538986
   2.48735     -3.509137     -3.509135
   2.43089     -3.445661     -3.445659
   2.37444     -3.480258     -3.480257
   2.31798     -3.532451     -3.532450
   2.26153     -3.560087     -3.560086
   2.20507     -3.569001     -3.569000
   2.14861     -3.568724     -3.568723
   2.09216     -3.588997     -3.588996
   2.03570     -3.708580     -3.708580
   1.97924     -3.855847     -3.855849
   1.97924     -3.855847     -3.855849
   1.92359     -3.719326     -3.719327
   1.86793     -3.595874     -3.595874
   1.81228     -3.546728     -3.546728
   1.75662     -3.544050     -3.544050
   1.70097     -3.555913     -3.555912
   1.64531     -3.572738     -3.572737
   1.58966     -3.576038     -3.576038
   1.53400     -3.485606     -3.485607
   1.47834     -3.390316     -3.390316
   1.42269     -3.360092     -3.360092
   1.36703     -3.477982     -3.477981
   1.31138     -3.583694     -3.583693
   1.25572     -3.644273     -3.644272
   1.25572     -3.316541     -3.316540
   1.19359     -3.220052     -3.220050
   1.13146     -3.230421     -3.230419
   1.06932     -3.238960     -3.238958
   1.00719     -3.288898     -3.288897
   0.94506     -3.430410     -3.430410
   0.88292     -3.652109     -3.652110
   0.82079     -3.855847     -3.855849
   0.82079     -3.855847     -3.855849
   0.76080     -3.783763     -3.783762
   0.70081     -3.641647     -3.641645
   0.64081     -3.654705     -3.654705
   0.58082     -3.611868     -3.611869
   0.52083     -3.560059     -3.560061
   0.46084     -3.540668     -3.540671
   0.46084     -3.498060     -3.498059
   0.40323     -3.518169     -3.518168
   0.34563     -3.565633     -3.565632
   0.28802     -3.620993     -3.620992
   0.23042     -3.674309     -3.674309
   0.17281     -3.723082     -3.723081
   0.11521     -3.769485     -3.769485
   0.05760     -3.816443     -3.816444
   0.00000     -3.855847     -3.855849
 
# Band-Index   65
   0.00000     -3.546542     -3.546541
   0.05760     -3.540356     -3.540355
   0.11521     -3.518302     -3.518302
   0.17281     -3.468309     -3.468309
   0.23042     -3.376949     -3.376950
   0.28802     -3.248534     -3.248535
   0.34563     -3.157737     -3.157734
   0.40323     -3.198436     -3.198433
   0.46084     -3.216916     -3.216913
   0.46084     -3.009781     -3.009779
   0.52083     -3.150367     -3.150366
   0.58082     -3.309184     -3.309183
   0.64081     -3.477856     -3.477854
   0.70081     -3.630431     -3.630431
   0.76080     -3.572631     -3.572630
   0.82079     -3.546542     -3.546541
   0.82079     -3.546542     -3.546541
   0.88292     -3.505718     -3.505717
   0.94506     -3.408991     -3.408990
   1.00719     -3.236718     -3.236717
   1.06932     -3.163460     -3.163459
   1.13146     -3.053261     -3.053259
   1.19359     -3.042056     -3.042052
   1.25572     -3.059459     -3.059456
   1.25572     -3.095950     -3.095949
   1.31138     -3.120599     -3.120599
   1.36703     -3.186031     -3.186031
   1.42269     -3.264616     -3.264616
   1.47834     -3.213911     -3.213910
   1.53400     -3.180467     -3.180467
   1.58966     -3.189057     -3.189057
   1.64531     -3.188573     -3.188573
   1.70097     -3.185331     -3.185332
   1.75662     -3.228525     -3.228526
   1.81228     -3.339344     -3.339345
   1.86793     -3.456947     -3.456947
   1.92359     -3.523621     -3.523620
   1.97924     -3.546542     -3.546541
   1.97924     -3.546542     -3.546541
   2.03570     -3.534189     -3.534188
   2.09216     -3.465593     -3.465592
   2.14861     -3.311345     -3.311344
   2.20507     -3.168909     -3.168908
   2.26153     -3.093483     -3.093481
   2.31798     -3.185132     -3.185129
   2.37444     -3.299527     -3.299525
   2.43089     -3.351102     -3.351102
   2.48735     -3.259969     -3.259970
   2.54381     -3.199893     -3.199894
   2.54381     -3.121794     -3.121791
   2.60086     -3.125722     -3.125720
   2.65792     -3.137782     -3.137781
   2.71498     -3.161379     -3.161377
   2.77204     -3.196866     -3.196864
   2.82909     -3.242350     -3.242349
   2.88615     -3.272961     -3.272961
   2.94321     -3.276155     -3.276155
   3.00027     -3.335168     -3.335168
   3.05732     -3.424379     -3.424379
   3.11438     -3.508515     -3.508514
   3.17144     -3.546542     -3.546541
   3.17144     -3.546542     -3.546541
   3.22991     -3.551378     -3.551377
   3.28839     -3.551097     -3.551097
   3.34686     -3.517207     -3.517206
   3.40534     -3.448417     -3.448417
   3.46381     -3.364817     -3.364817
   3.52229     -3.280243     -3.280242
   3.58076     -3.228950     -3.228947
   3.63924     -3.267051     -3.267048
   3.69772     -3.317941     -3.317940
   3.75619     -3.222755     -3.222754
 
# Band-Index   66
   3.75619     -3.222733     -3.222732
   3.69772     -3.123746     -3.123744
   3.63924     -3.116664     -3.116663
   3.58076     -3.112111     -3.112110
   3.52229     -3.086098     -3.086097
   3.46381     -3.067760     -3.067758
   3.40534     -3.046693     -3.046691
   3.34686     -3.031975     -3.031972
   3.28839     -3.030973     -3.030971
   3.22991     -3.038304     -3.038301
   3.17144     -3.042089     -3.042086
   3.17144     -3.042089     -3.042086
   3.11438     -3.085040     -3.085038
   3.05732     -3.124599     -3.124597
   3.00027     -3.111819     -3.111817
   2.94321     -3.034794     -3.034793
   2.88615     -2.928242     -2.928241
   2.82909     -2.828639     -2.828639
   2.77204     -2.754923     -2.754923
   2.71498     -2.740418     -2.740417
   2.65792     -2.863632     -2.863630
   2.60086     -3.042260     -3.042258
   2.54381     -3.121775     -3.121773
   2.54381     -3.199848     -3.199849
   2.48735     -3.168130     -3.168131
   2.43089     -3.099661     -3.099662
   2.37444     -3.039294     -3.039294
   2.31798     -3.023984     -3.023984
   2.26153     -3.037969     -3.037969
   2.20507     -3.005693     -3.005693
   2.14861     -3.062822     -3.062820
   2.09216     -3.087497     -3.087495
   2.03570     -3.069628     -3.069625
   1.97924     -3.042089     -3.042086
   1.97924     -3.042089     -3.042086
   1.92359     -3.070517     -3.070515
   1.86793     -3.090184     -3.090182
   1.81228     -3.073147     -3.073145
   1.75662     -3.030902     -3.030900
   1.70097     -2.960432     -2.960430
   1.64531     -2.885197     -2.885196
   1.58966     -2.851166     -2.851166
   1.53400     -2.905402     -2.905401
   1.47834     -3.012898     -3.012896
   1.42269     -3.061305     -3.061302
   1.36703     -3.084664     -3.084661
   1.31138     -3.094125     -3.094123
   1.25572     -3.095905     -3.095904
   1.25572     -3.059454     -3.059449
   1.19359     -2.948200     -2.948197
   1.13146     -2.929452     -2.929450
   1.06932     -3.017836     -3.017837
   1.00719     -3.197012     -3.197011
   0.94506     -3.175336     -3.175333
   0.88292     -3.104069     -3.104066
   0.82079     -3.042089     -3.042086
   0.82079     -3.042089     -3.042086
   0.76080     -3.017932     -3.017930
   0.70081     -2.955372     -2.955369
   0.64081     -2.870426     -2.870424
   0.58082     -2.790946     -2.790945
   0.52083     -2.878331     -2.878329
   0.46084     -3.009773     -3.009771
   0.46084     -2.961994     -2.961993
   0.40323     -2.998712     -2.998712
   0.34563     -3.109132     -3.109134
   0.28802     -3.115581     -3.115578
   0.23042     -3.083348     -3.083345
   0.17281     -3.064616     -3.064613
   0.11521     -3.055684     -3.055682
   0.05760     -3.047993     -3.047990
   0.00000     -3.042089     -3.042086
 
# Band-Index   67
   0.00000     -2.929655     -2.929654
   0.05760     -2.899817     -2.899816
   0.11521     -2.822206     -2.822205
   0.17281     -2.705284     -2.705283
   0.23042     -2.754623     -2.754622
   0.28802     -2.833595     -2.833594
   0.34563     -2.884740     -2.884738
   0.40323     -2.906898     -2.906897
   0.46084     -2.904361     -2.904362
   0.46084     -2.643219     -2.643217
   0.52083     -2.714898     -2.714897
   0.58082     -2.784846     -2.784843
   0.64081     -2.851671     -2.851670
   0.70081     -2.895201     -2.895200
   0.76080     -2.921104     -2.921103
   0.82079     -2.929655     -2.929654
   0.82079     -2.929655     -2.929654
   0.88292     -2.847374     -2.847372
   0.94506     -2.719127     -2.719126
   1.00719     -2.777625     -2.777622
   1.06932     -2.872047     -2.872043
   1.13146     -2.881470     -2.881469
   1.19359     -2.872468     -2.872466
   1.25572     -2.769393     -2.769392
   1.25572     -2.543381     -2.543379
   1.31138     -2.625929     -2.625928
   1.36703     -2.736324     -2.736323
   1.42269     -2.827143     -2.827143
   1.47834     -2.873228     -2.873227
   1.53400     -2.862375     -2.862374
   1.58966     -2.788178     -2.788176
   1.64531     -2.722382     -2.722380
   1.70097     -2.718692     -2.718691
   1.75662     -2.732555     -2.732553
   1.81228     -2.727218     -2.727217
   1.86793     -2.783706     -2.783704
   1.92359     -2.875688     -2.875686
   1.97924     -2.929655     -2.929654
   1.97924     -2.929655     -2.929654
   2.03570     -2.880477     -2.880475
   2.09216     -2.812460     -2.812459
   2.14861     -2.827428     -2.827426
   2.20507     -2.911789     -2.911787
   2.26153     -2.880019     -2.880018
   2.31798     -2.777401     -2.777400
   2.37444     -2.698036     -2.698036
   2.43089     -2.772431     -2.772431
   2.48735     -2.851800     -2.851799
   2.54381     -2.888869     -2.888868
   2.54381     -2.555430     -2.555427
   2.60086     -2.570298     -2.570295
   2.65792     -2.583601     -2.583598
   2.71498     -2.592406     -2.592405
   2.77204     -2.652431     -2.652430
   2.82909     -2.723606     -2.723605
   2.88615     -2.781896     -2.781895
   2.94321     -2.788609     -2.788607
   3.00027     -2.723721     -2.723718
   3.05732     -2.739179     -2.739177
   3.11438     -2.860678     -2.860677
   3.17144     -2.929655     -2.929654
   3.17144     -2.929655     -2.929654
   3.22991     -2.907417     -2.907415
   3.28839     -2.852229     -2.852228
   3.34686     -2.786307     -2.786305
   3.40534     -2.750256     -2.750254
   3.46381     -2.804654     -2.804652
   3.52229     -2.908602     -2.908602
   3.58076     -2.963488     -2.963489
   3.63924     -2.946199     -2.946200
   3.69772     -2.996559     -2.996559
   3.75619     -2.971498     -2.971497
 
# Band-Index   68
   3.75619     -2.971478     -2.971479
   3.69772     -2.934232     -2.934232
   3.63924     -2.874977     -2.874975
   3.58076     -2.724284     -2.724280
   3.52229     -2.667172     -2.667169
   3.46381     -2.657894     -2.657892
   3.40534     -2.621239     -2.621239
   3.34686     -2.551552     -2.551552
   3.28839     -2.477163     -2.477162
   3.22991     -2.407165     -2.407163
   3.17144     -2.411753     -2.411750
   3.17144     -2.411753     -2.411750
   3.11438     -2.477725     -2.477722
   3.05732     -2.609550     -2.609547
   3.00027     -2.601437     -2.601436
   2.94321     -2.458861     -2.458859
   2.88615     -2.390703     -2.390702
   2.82909     -2.403646     -2.403641
   2.77204     -2.480643     -2.480638
   2.71498     -2.561122     -2.561117
   2.65792     -2.555956     -2.555955
   2.60086     -2.546505     -2.546503
   2.54381     -2.555404     -2.555402
   2.54381     -2.888864     -2.888863
   2.48735     -2.825302     -2.825301
   2.43089     -2.685776     -2.685775
   2.37444     -2.674008     -2.674007
   2.31798     -2.618410     -2.618410
   2.26153     -2.530275     -2.530275
   2.20507     -2.466505     -2.466503
   2.14861     -2.543183     -2.543179
   2.09216     -2.555279     -2.555275
   2.03570     -2.476766     -2.476762
   1.97924     -2.411753     -2.411750
   1.97924     -2.411753     -2.411750
   1.92359     -2.459067     -2.459063
   1.86793     -2.556139     -2.556136
   1.81228     -2.591192     -2.591189
   1.75662     -2.528873     -2.528870
   1.70097     -2.516402     -2.516399
   1.64531     -2.528322     -2.528318
   1.58966     -2.506173     -2.506169
   1.53400     -2.537406     -2.537403
   1.47834     -2.560142     -2.560139
   1.42269     -2.562170     -2.562168
   1.36703     -2.556923     -2.556921
   1.31138     -2.548568     -2.548566
   1.25572     -2.543368     -2.543367
   1.25572     -2.769375     -2.769373
   1.19359     -2.731398     -2.731397
   1.13146     -2.687642     -2.687639
   1.06932     -2.580796     -2.580794
   1.00719     -2.604112     -2.604111
   0.94506     -2.657653     -2.657650
   0.88292     -2.519073     -2.519070
   0.82079     -2.411753     -2.411750
   0.82079     -2.411753     -2.411750
   0.76080     -2.408890     -2.408886
   0.70081     -2.462595     -2.462594
   0.64081     -2.593422     -2.593421
   0.58082     -2.722726     -2.722725
   0.52083     -2.672959     -2.672957
   0.46084     -2.643212     -2.643211
   0.46084     -2.636717     -2.636717
   0.40323     -2.610701     -2.610701
   0.34563     -2.548260     -2.548262
   0.28802     -2.468691     -2.468691
   0.23042     -2.555836     -2.555834
   0.17281     -2.651249     -2.651248
   0.11521     -2.531334     -2.531333
   0.05760     -2.414457     -2.414457
   0.00000     -2.411753     -2.411750
 
# Band-Index   69
   0.00000     -2.340964     -2.340963
   0.05760     -2.391866     -2.391861
   0.11521     -2.355690     -2.355686
   0.17281     -2.332531     -2.332528
   0.23042     -2.387231     -2.387230
   0.28802     -2.390594     -2.390592
   0.34563     -2.239162     -2.239160
   0.40323     -2.438131     -2.438131
   0.46084     -2.546904     -2.546904
   0.46084     -2.503008     -2.503005
   0.52083     -2.459572     -2.459568
   0.58082     -2.419412     -2.419408
   0.64081     -2.402850     -2.402846
   0.70081     -2.403161     -2.403157
   0.76080     -2.370323     -2.370321
   0.82079     -2.340964     -2.340963
   0.82079     -2.340964     -2.340963
   0.88292     -2.330591     -2.330592
   0.94506     -2.356143     -2.356145
   1.00719     -2.368125     -2.368127
   1.06932     -2.357386     -2.357388
   1.13146     -2.331357     -2.331360
   1.19359     -2.331013     -2.331015
   1.25572     -2.361956     -2.361956
   1.25572     -2.433859     -2.433857
   1.31138     -2.415383     -2.415381
   1.36703     -2.373748     -2.373746
   1.42269     -2.335630     -2.335629
   1.47834     -2.336176     -2.336174
   1.53400     -2.380899     -2.380897
   1.58966     -2.393990     -2.393988
   1.64531     -2.380017     -2.380014
   1.70097     -2.410259     -2.410256
   1.75662     -2.438309     -2.438307
   1.81228     -2.418414     -2.418413
   1.86793     -2.397883     -2.397882
   1.92359     -2.376679     -2.376678
   1.97924     -2.340964     -2.340963
   1.97924     -2.340964     -2.340963
   2.03570     -2.332142     -2.332142
   2.09216     -2.350147     -2.350147
   2.14861     -2.385220     -2.385220
   2.20507     -2.435479     -2.435477
   2.26153     -2.370806     -2.370802
   2.31798     -2.335813     -2.335810
   2.37444     -2.494097     -2.494096
   2.43089     -2.564018     -2.564017
   2.48735     -2.451694     -2.451693
   2.54381     -2.374865     -2.374864
   2.54381     -2.242746     -2.242746
   2.60086     -2.290934     -2.290933
   2.65792     -2.330596     -2.330596
   2.71498     -2.301036     -2.301035
   2.77204     -2.319857     -2.319856
   2.82909     -2.359491     -2.359490
   2.88615     -2.356682     -2.356678
   2.94321     -2.408613     -2.408612
   3.00027     -2.411457     -2.411456
   3.05732     -2.401012     -2.401011
   3.11438     -2.380480     -2.380480
   3.17144     -2.340964     -2.340963
   3.17144     -2.340964     -2.340963
   3.22991     -2.385970     -2.385967
   3.28839     -2.383318     -2.383313
   3.34686     -2.411225     -2.411221
   3.40534     -2.423760     -2.423756
   3.46381     -2.382996     -2.382992
   3.52229     -2.430781     -2.430778
   3.58076     -2.556190     -2.556189
   3.63924     -2.600607     -2.600605
   3.69772     -2.581603     -2.581601
   3.75619     -2.518926     -2.518925
 
# Band-Index   70
   3.75619     -2.518913     -2.518912
   3.69772     -2.436215     -2.436215
   3.63924     -2.350282     -2.350281
   3.58076     -2.278694     -2.278694
   3.52229     -2.250174     -2.250174
   3.46381     -2.230157     -2.230157
   3.40534     -2.186838     -2.186839
   3.34686     -2.203195     -2.203195
   3.28839     -2.221726     -2.221726
   3.22991     -2.186932     -2.186933
   3.17144     -2.192675     -2.192676
   3.17144     -2.192675     -2.192676
   3.11438     -2.112023     -2.112024
   3.05732     -2.106663     -2.106658
   3.00027     -2.153175     -2.153171
   2.94321     -2.213450     -2.213445
   2.88615     -2.243048     -2.243046
   2.82909     -2.131769     -2.131768
   2.77204     -2.146928     -2.146927
   2.71498     -2.278957     -2.278957
   2.65792     -2.244527     -2.244527
   2.60086     -2.226884     -2.226884
   2.54381     -2.242709     -2.242710
   2.54381     -2.374834     -2.374833
   2.48735     -2.361478     -2.361477
   2.43089     -2.312558     -2.312556
   2.37444     -2.258975     -2.258971
   2.31798     -2.267894     -2.267891
   2.26153     -2.189885     -2.189884
   2.20507     -2.228069     -2.228066
   2.14861     -2.222249     -2.222246
   2.09216     -2.172293     -2.172289
   2.03570     -2.154356     -2.154356
   1.97924     -2.192675     -2.192676
   1.97924     -2.192675     -2.192676
   1.92359     -2.139648     -2.139648
   1.86793     -2.178309     -2.178306
   1.81228     -2.248762     -2.248758
   1.75662     -2.311341     -2.311337
   1.70097     -2.337080     -2.337077
   1.64531     -2.314396     -2.314394
   1.58966     -2.324067     -2.324066
   1.53400     -2.280553     -2.280552
   1.47834     -2.230494     -2.230492
   1.42269     -2.211714     -2.211712
   1.36703     -2.258646     -2.258644
   1.31138     -2.354126     -2.354124
   1.25572     -2.433834     -2.433832
   1.25572     -2.361941     -2.361941
   1.19359     -2.310967     -2.310965
   1.13146     -2.223099     -2.223095
   1.06932     -2.241761     -2.241757
   1.00719     -2.214682     -2.214677
   0.94506     -2.142894     -2.142889
   0.88292     -2.118168     -2.118168
   0.82079     -2.192675     -2.192676
   0.82079     -2.192675     -2.192676
   0.76080     -2.179851     -2.179852
   0.70081     -2.167988     -2.167986
   0.64081     -2.235173     -2.235172
   0.58082     -2.337770     -2.337770
   0.52083     -2.448876     -2.448876
   0.46084     -2.502990     -2.502988
   0.46084     -2.111193     -2.111189
   0.40323     -2.140458     -2.140454
   0.34563     -2.182155     -2.182154
   0.28802     -2.026073     -2.026070
   0.23042     -2.128624     -2.128622
   0.17281     -2.201004     -2.201005
   0.11521     -2.191457     -2.191459
   0.05760     -2.172906     -2.172908
   0.00000     -2.192675     -2.192676
 
# Band-Index   71
   0.00000     -2.108901     -2.108902
   0.05760     -2.087959     -2.087959
   0.11521     -2.036072     -2.036067
   0.17281     -2.003575     -2.003571
   0.23042     -1.971884     -1.971880
   0.28802     -1.949409     -1.949406
   0.34563     -1.925734     -1.925730
   0.40323     -1.854667     -1.854665
   0.46084     -1.818759     -1.818755
   0.46084     -2.041680     -2.041678
   0.52083     -2.082962     -2.082960
   0.58082     -2.112600     -2.112597
   0.64081     -2.129061     -2.129058
   0.70081     -2.145239     -2.145240
   0.76080     -2.122548     -2.122546
   0.82079     -2.108901     -2.108902
   0.82079     -2.108901     -2.108902
   0.88292     -2.088409     -2.088404
   0.94506     -2.050190     -2.050189
   1.00719     -2.077788     -2.077786
   1.06932     -2.146205     -2.146203
   1.13146     -2.216712     -2.216710
   1.19359     -2.239582     -2.239580
   1.25572     -2.191913     -2.191912
   1.25572     -1.817000     -1.816999
   1.31138     -1.843156     -1.843154
   1.36703     -1.909966     -1.909965
   1.42269     -1.978922     -1.978921
   1.47834     -2.005825     -2.005823
   1.53400     -2.033229     -2.033228
   1.58966     -2.114227     -2.114226
   1.64531     -2.126836     -2.126837
   1.70097     -2.055918     -2.055919
   1.75662     -2.028371     -2.028372
   1.81228     -2.043657     -2.043658
   1.86793     -2.076433     -2.076434
   1.92359     -2.100075     -2.100075
   1.97924     -2.108901     -2.108902
   1.97924     -2.108901     -2.108902
   2.03570     -2.101251     -2.101248
   2.09216     -2.083594     -2.083594
   2.14861     -2.069546     -2.069546
   2.20507     -2.094518     -2.094518
   2.26153     -2.150206     -2.150205
   2.31798     -2.109391     -2.109389
   2.37444     -2.216706     -2.216704
   2.43089     -2.244385     -2.244380
   2.48735     -2.246875     -2.246870
   2.54381     -2.250444     -2.250440
   2.54381     -1.828055     -1.828056
   2.60086     -1.822248     -1.822247
   2.65792     -1.804987     -1.804986
   2.71498     -1.856529     -1.856529
   2.77204     -1.979550     -1.979550
   2.82909     -1.891714     -1.891714
   2.88615     -1.884698     -1.884697
   2.94321     -1.929237     -1.929236
   3.00027     -1.993933     -1.993933
   3.05732     -2.055898     -2.055899
   3.11438     -2.078553     -2.078548
   3.17144     -2.108901     -2.108902
   3.17144     -2.108901     -2.108902
   3.22991     -2.106059     -2.106058
   3.28839     -2.108947     -2.108946
   3.34686     -2.110955     -2.110954
   3.40534     -2.073495     -2.073493
   3.46381     -1.996999     -1.996998
   3.52229     -1.948645     -1.948645
   3.58076     -1.931804     -1.931803
   3.63924     -1.904468     -1.904467
   3.69772     -1.862988     -1.862980
   3.75619     -1.827214     -1.827213
 
# Band-Index   72
   3.75619     -1.827168     -1.827169
   3.69772     -1.802047     -1.802046
   3.63924     -1.789118     -1.789117
   3.58076     -1.815718     -1.815717
   3.52229     -1.825542     -1.825541
   3.46381     -1.784472     -1.784471
   3.40534     -1.811736     -1.811735
   3.34686     -1.880927     -1.880925
   3.28839     -1.976371     -1.976369
   3.22991     -2.059991     -2.059988
   3.17144     -2.069238     -2.069233
   3.17144     -2.069238     -2.069233
   3.11438     -2.078320     -2.078320
   3.05732     -1.985550     -1.985550
   3.00027     -1.930792     -1.930792
   2.94321     -1.885876     -1.885877
   2.88615     -1.816077     -1.816077
   2.82909     -1.851894     -1.851893
   2.77204     -1.823751     -1.823750
   2.71498     -1.805122     -1.805121
   2.65792     -1.777831     -1.777831
   2.60086     -1.798798     -1.798798
   2.54381     -1.828046     -1.828044
   2.54381     -2.250422     -2.250421
   2.48735     -2.178435     -2.178433
   2.43089     -2.084646     -2.084644
   2.37444     -2.032040     -2.032037
   2.31798     -2.026698     -2.026696
   2.26153     -1.891398     -1.891395
   2.20507     -1.869845     -1.869843
   2.14861     -1.925341     -1.925338
   2.09216     -2.014492     -2.014490
   2.03570     -2.080326     -2.080324
   1.97924     -2.069238     -2.069233
   1.97924     -2.069238     -2.069233
   1.92359     -2.062371     -2.062368
   1.86793     -1.953756     -1.953755
   1.81228     -1.854083     -1.854083
   1.75662     -1.793091     -1.793091
   1.70097     -1.772896     -1.772895
   1.64531     -1.825446     -1.825445
   1.58966     -1.912865     -1.912863
   1.53400     -1.975574     -1.975572
   1.47834     -1.945740     -1.945738
   1.42269     -1.883322     -1.883321
   1.36703     -1.847269     -1.847268
   1.31138     -1.811277     -1.811277
   1.25572     -1.816965     -1.816965
   1.25572     -2.191894     -2.191894
   1.19359     -2.129768     -2.129768
   1.13146     -2.010952     -2.010952
   1.06932     -1.788551     -1.788550
   1.00719     -1.791329     -1.791329
   0.94506     -1.932809     -1.932807
   0.88292     -2.064293     -2.064293
   0.82079     -2.069238     -2.069233
   0.82079     -2.069238     -2.069233
   0.76080     -2.102401     -2.102399
   0.70081     -2.124019     -2.124017
   0.64081     -2.099497     -2.099497
   0.58082     -2.053782     -2.053782
   0.52083     -2.013855     -2.013855
   0.46084     -2.041663     -2.041661
   0.46084     -1.813506     -1.813504
   0.40323     -1.848739     -1.848735
   0.34563     -1.908904     -1.908902
   0.28802     -1.881736     -1.881735
   0.23042     -1.795523     -1.795523
   0.17281     -1.900050     -1.900051
   0.11521     -2.007097     -2.007097
   0.05760     -2.060319     -2.060314
   0.00000     -2.069238     -2.069233
 
# Band-Index   73
   0.00000     -1.825368     -1.825364
   0.05760     -1.779975     -1.779971
   0.11521     -1.670303     -1.670300
   0.17281     -1.603151     -1.603150
   0.23042     -1.679898     -1.679897
   0.28802     -1.713201     -1.713201
   0.34563     -1.662149     -1.662149
   0.40323     -1.639315     -1.639315
   0.46084     -1.634144     -1.634144
   0.46084     -1.838922     -1.838921
   0.52083     -1.920870     -1.920868
   0.58082     -1.856015     -1.856014
   0.64081     -1.755442     -1.755441
   0.70081     -1.656742     -1.656741
   0.76080     -1.758230     -1.758227
   0.82079     -1.825368     -1.825364
   0.82079     -1.825368     -1.825364
   0.88292     -1.833716     -1.833713
   0.94506     -1.823459     -1.823457
   1.00719     -1.729350     -1.729347
   1.06932     -1.682512     -1.682513
   1.13146     -1.677629     -1.677628
   1.19359     -1.652485     -1.652484
   1.25572     -1.584284     -1.584283
   1.25572     -1.753035     -1.753034
   1.31138     -1.780847     -1.780846
   1.36703     -1.810663     -1.810662
   1.42269     -1.865261     -1.865260
   1.47834     -1.861823     -1.861823
   1.53400     -1.816172     -1.816171
   1.58966     -1.775076     -1.775076
   1.64531     -1.738515     -1.738515
   1.70097     -1.633696     -1.633695
   1.75662     -1.604994     -1.604992
   1.81228     -1.628368     -1.628364
   1.86793     -1.719518     -1.719515
   1.92359     -1.794483     -1.794480
   1.97924     -1.825368     -1.825364
   1.97924     -1.825368     -1.825364
   2.03570     -1.803478     -1.803475
   2.09216     -1.761249     -1.761247
   2.14861     -1.728715     -1.728713
   2.20507     -1.737917     -1.737916
   2.26153     -1.797121     -1.797119
   2.31798     -1.850459     -1.850458
   2.37444     -1.843391     -1.843389
   2.43089     -1.770546     -1.770544
   2.48735     -1.688383     -1.688381
   2.54381     -1.648194     -1.648192
   2.54381     -1.513457     -1.513456
   2.60086     -1.583754     -1.583753
   2.65792     -1.638447     -1.638445
   2.71498     -1.613746     -1.613744
   2.77204     -1.655132     -1.655131
   2.82909     -1.733011     -1.733011
   2.88615     -1.673793     -1.673792
   2.94321     -1.601537     -1.601536
   3.00027     -1.586559     -1.586558
   3.05732     -1.707151     -1.707147
   3.11438     -1.801175     -1.801172
   3.17144     -1.825368     -1.825364
   3.17144     -1.825368     -1.825364
   3.22991     -1.773151     -1.773148
   3.28839     -1.671689     -1.671685
   3.34686     -1.611257     -1.611257
   3.40534     -1.653883     -1.653882
   3.46381     -1.734975     -1.734973
   3.52229     -1.785786     -1.785785
   3.58076     -1.777588     -1.777588
   3.63924     -1.741104     -1.741103
   3.69772     -1.692991     -1.692989
   3.75619     -1.647547     -1.647544
 
# Band-Index   74
   3.75619     -1.647531     -1.647527
   3.69772     -1.610216     -1.610212
   3.63924     -1.611409     -1.611405
   3.58076     -1.624696     -1.624692
   3.52229     -1.628502     -1.628499
   3.46381     -1.589660     -1.589658
   3.40534     -1.569097     -1.569097
   3.34686     -1.591490     -1.591488
   3.28839     -1.578468     -1.578467
   3.22991     -1.557472     -1.557472
   3.17144     -1.556063     -1.556062
   3.17144     -1.556063     -1.556062
   3.11438     -1.557191     -1.557190
   3.05732     -1.574070     -1.574069
   3.00027     -1.546753     -1.546749
   2.94321     -1.451390     -1.451389
   2.88615     -1.521597     -1.521596
   2.82909     -1.555134     -1.555133
   2.77204     -1.576273     -1.576272
   2.71498     -1.593447     -1.593445
   2.65792     -1.546925     -1.546922
   2.60086     -1.503443     -1.503440
   2.54381     -1.513422     -1.513420
   2.54381     -1.648182     -1.648181
   2.48735     -1.666763     -1.666761
   2.43089     -1.714209     -1.714208
   2.37444     -1.758387     -1.758385
   2.31798     -1.762950     -1.762949
   2.26153     -1.702814     -1.702814
   2.20507     -1.693819     -1.693819
   2.14861     -1.650864     -1.650863
   2.09216     -1.595371     -1.595371
   2.03570     -1.563522     -1.563521
   1.97924     -1.556063     -1.556062
   1.97924     -1.556063     -1.556062
   1.92359     -1.556682     -1.556681
   1.86793     -1.572850     -1.572849
   1.81228     -1.566753     -1.566751
   1.75662     -1.544569     -1.544569
   1.70097     -1.609653     -1.609651
   1.64531     -1.639639     -1.639638
   1.58966     -1.675879     -1.675878
   1.53400     -1.708133     -1.708132
   1.47834     -1.731258     -1.731258
   1.42269     -1.750444     -1.750444
   1.36703     -1.767514     -1.767515
   1.31138     -1.761992     -1.761993
   1.25572     -1.753014     -1.753015
   1.25572     -1.584261     -1.584260
   1.19359     -1.551293     -1.551293
   1.13146     -1.593655     -1.593655
   1.06932     -1.610372     -1.610369
   1.00719     -1.647133     -1.647133
   0.94506     -1.581902     -1.581901
   0.88292     -1.553290     -1.553289
   0.82079     -1.556063     -1.556062
   0.82079     -1.556063     -1.556062
   0.76080     -1.583376     -1.583375
   0.70081     -1.643835     -1.643832
   0.64081     -1.665193     -1.665193
   0.58082     -1.691183     -1.691183
   0.52083     -1.667015     -1.667015
   0.46084     -1.838902     -1.838902
   0.46084     -1.568990     -1.568990
   0.40323     -1.528679     -1.528678
   0.34563     -1.461765     -1.461763
   0.28802     -1.469114     -1.469113
   0.23042     -1.470547     -1.470546
   0.17281     -1.540609     -1.540606
   0.11521     -1.573122     -1.573121
   0.05760     -1.553620     -1.553619
   0.00000     -1.556063     -1.556062
 
# Band-Index   75
   0.00000     -1.542893     -1.542891
   0.05760     -1.540880     -1.540880
   0.11521     -1.498019     -1.498018
   0.17281     -1.474990     -1.474989
   0.23042     -1.418318     -1.418315
   0.28802     -1.375857     -1.375855
   0.34563     -1.458409     -1.458408
   0.40323     -1.452843     -1.452841
   0.46084     -1.449153     -1.449151
   0.46084     -1.607988     -1.607986
   0.52083     -1.659148     -1.659147
   0.58082     -1.539204     -1.539203
   0.64081     -1.552406     -1.552403
   0.70081     -1.609889     -1.609889
   0.76080     -1.561441     -1.561440
   0.82079     -1.542893     -1.542891
   0.82079     -1.542893     -1.542891
   0.88292     -1.548526     -1.548525
   0.94506     -1.528267     -1.528266
   1.00719     -1.504966     -1.504965
   1.06932     -1.604016     -1.604015
   1.13146     -1.542686     -1.542684
   1.19359     -1.495332     -1.495331
   1.25572     -1.443805     -1.443804
   1.25572     -1.438046     -1.438043
   1.31138     -1.440473     -1.440471
   1.36703     -1.424372     -1.424370
   1.42269     -1.373963     -1.373962
   1.47834     -1.343118     -1.343117
   1.53400     -1.369936     -1.369935
   1.58966     -1.414724     -1.414723
   1.64531     -1.460451     -1.460450
   1.70097     -1.489414     -1.489413
   1.75662     -1.494821     -1.494818
   1.81228     -1.534129     -1.534128
   1.86793     -1.541743     -1.541742
   1.92359     -1.551694     -1.551693
   1.97924     -1.542893     -1.542891
   1.97924     -1.542893     -1.542891
   2.03570     -1.553382     -1.553380
   2.09216     -1.569914     -1.569913
   2.14861     -1.577595     -1.577593
   2.20507     -1.568103     -1.568100
   2.26153     -1.644610     -1.644609
   2.31798     -1.621452     -1.621454
   2.37444     -1.564245     -1.564246
   2.43089     -1.490094     -1.490095
   2.48735     -1.407895     -1.407896
   2.54381     -1.359963     -1.359962
   2.54381     -1.456127     -1.456123
   2.60086     -1.439631     -1.439630
   2.65792     -1.408895     -1.408894
   2.71498     -1.398745     -1.398745
   2.77204     -1.382233     -1.382234
   2.82909     -1.360016     -1.360017
   2.88615     -1.338180     -1.338181
   2.94321     -1.397734     -1.397733
   3.00027     -1.444105     -1.444104
   3.05732     -1.500545     -1.500545
   3.11438     -1.541494     -1.541493
   3.17144     -1.542893     -1.542891
   3.17144     -1.542893     -1.542891
   3.22991     -1.554246     -1.554245
   3.28839     -1.556112     -1.556111
   3.34686     -1.534538     -1.534537
   3.40534     -1.507314     -1.507312
   3.46381     -1.530398     -1.530398
   3.52229     -1.481870     -1.481870
   3.58076     -1.440323     -1.440324
   3.63924     -1.424597     -1.424598
   3.69772     -1.428928     -1.428928
   3.75619     -1.400577     -1.400577
 
# Band-Index   76
   3.75619     -1.400559     -1.400559
   3.69772     -1.365149     -1.365148
   3.63924     -1.345349     -1.345346
   3.58076     -1.330036     -1.330033
   3.52229     -1.333099     -1.333096
   3.46381     -1.359574     -1.359571
   3.40534     -1.421224     -1.421222
   3.34686     -1.471464     -1.471462
   3.28839     -1.496521     -1.496520
   3.22991     -1.508696     -1.508695
   3.17144     -1.515520     -1.515519
   3.17144     -1.515520     -1.515519
   3.11438     -1.496470     -1.496469
   3.05732     -1.467423     -1.467422
   3.00027     -1.438809     -1.438807
   2.94321     -1.341702     -1.341698
   2.88615     -1.321850     -1.321850
   2.82909     -1.275538     -1.275537
   2.77204     -1.268952     -1.268951
   2.71498     -1.303855     -1.303854
   2.65792     -1.365021     -1.365020
   2.60086     -1.423957     -1.423955
   2.54381     -1.456109     -1.456107
   2.54381     -1.359955     -1.359954
   2.48735     -1.355464     -1.355462
   2.43089     -1.368445     -1.368442
   2.37444     -1.400455     -1.400452
   2.31798     -1.439257     -1.439254
   2.26153     -1.472870     -1.472868
   2.20507     -1.452317     -1.452316
   2.14861     -1.476978     -1.476977
   2.09216     -1.497040     -1.497038
   2.03570     -1.509941     -1.509940
   1.97924     -1.515520     -1.515519
   1.97924     -1.515520     -1.515519
   1.92359     -1.501740     -1.501739
   1.86793     -1.481969     -1.481968
   1.81228     -1.461355     -1.461353
   1.75662     -1.419125     -1.419122
   1.70097     -1.326101     -1.326098
   1.64531     -1.256565     -1.256563
   1.58966     -1.211042     -1.211041
   1.53400     -1.235869     -1.235868
   1.47834     -1.293998     -1.293997
   1.42269     -1.338652     -1.338651
   1.36703     -1.378379     -1.378377
   1.31138     -1.419467     -1.419464
   1.25572     -1.438033     -1.438030
   1.25572     -1.443782     -1.443783
   1.19359     -1.407955     -1.407955
   1.13146     -1.390674     -1.390673
   1.06932     -1.410944     -1.410943
   1.00719     -1.491525     -1.491524
   0.94506     -1.491372     -1.491370
   0.88292     -1.505583     -1.505582
   0.82079     -1.515520     -1.515519
   0.82079     -1.515520     -1.515519
   0.76080     -1.512757     -1.512756
   0.70081     -1.491511     -1.491510
   0.64081     -1.443186     -1.443185
   0.58082     -1.389491     -1.389490
   0.52083     -1.531094     -1.531094
   0.46084     -1.607962     -1.607964
   0.46084     -1.252490     -1.252489
   0.40323     -1.249016     -1.249015
   0.34563     -1.259753     -1.259752
   0.28802     -1.317626     -1.317624
   0.23042     -1.355019     -1.355017
   0.17281     -1.433150     -1.433149
   0.11521     -1.487825     -1.487824
   0.05760     -1.504709     -1.504708
   0.00000     -1.515520     -1.515519
 
# Band-Index   77
   0.00000     -1.223044     -1.223045
   0.05760     -1.225919     -1.225920
   0.11521     -1.232085     -1.232086
   0.17281     -1.235859     -1.235859
   0.23042     -1.246496     -1.246496
   0.28802     -1.279371     -1.279368
   0.34563     -1.212942     -1.212938
   0.40323     -1.162327     -1.162324
   0.46084     -1.143774     -1.143771
   0.46084     -1.040147     -1.040145
   0.52083     -1.199604     -1.199602
   0.58082     -1.311831     -1.311831
   0.64081     -1.214536     -1.214537
   0.70081     -1.228492     -1.228493
   0.76080     -1.226438     -1.226439
   0.82079     -1.223044     -1.223045
   0.82079     -1.223044     -1.223045
   0.88292     -1.244609     -1.244610
   0.94506     -1.294184     -1.294185
   1.00719     -1.341720     -1.341721
   1.06932     -1.377160     -1.377160
   1.13146     -1.270052     -1.270050
   1.19359     -1.150150     -1.150148
   1.25572     -1.107278     -1.107275
   1.25572     -1.197928     -1.197926
   1.31138     -1.190113     -1.190113
   1.36703     -1.182478     -1.182477
   1.42269     -1.172891     -1.172889
   1.47834     -1.149928     -1.149925
   1.53400     -1.144273     -1.144270
   1.58966     -1.178445     -1.178443
   1.64531     -1.216420     -1.216418
   1.70097     -1.276582     -1.276580
   1.75662     -1.245887     -1.245888
   1.81228     -1.255586     -1.255588
   1.86793     -1.246722     -1.246723
   1.92359     -1.230494     -1.230495
   1.97924     -1.223044     -1.223045
   1.97924     -1.223044     -1.223045
   2.03570     -1.234418     -1.234419
   2.09216     -1.254432     -1.254433
   2.14861     -1.254830     -1.254831
   2.20507     -1.326378     -1.326376
   2.26153     -1.375054     -1.375053
   2.31798     -1.321994     -1.321993
   2.37444     -1.276118     -1.276117
   2.43089     -1.249681     -1.249680
   2.48735     -1.238665     -1.238664
   2.54381     -1.232829     -1.232828
   2.54381     -1.274135     -1.274134
   2.60086     -1.283855     -1.283855
   2.65792     -1.273171     -1.273170
   2.71498     -1.257791     -1.257790
   2.77204     -1.252084     -1.252082
   2.82909     -1.253044     -1.253042
   2.88615     -1.227050     -1.227048
   2.94321     -1.319582     -1.319583
   3.00027     -1.291062     -1.291063
   3.05732     -1.258238     -1.258239
   3.11438     -1.232677     -1.232679
   3.17144     -1.223044     -1.223045
   3.17144     -1.223044     -1.223045
   3.22991     -1.226354     -1.226355
   3.28839     -1.234951     -1.234952
   3.34686     -1.247251     -1.247252
   3.40534     -1.282374     -1.282374
   3.46381     -1.312071     -1.312070
   3.52229     -1.264874     -1.264873
   3.58076     -1.227059     -1.227059
   3.63924     -1.251690     -1.251689
   3.69772     -1.263922     -1.263921
   3.75619     -1.242250     -1.242249
 
# Band-Index   78
   3.75619     -1.242231     -1.242230
   3.69772     -1.193259     -1.193258
   3.63924     -1.158196     -1.158193
   3.58076     -1.174811     -1.174808
   3.52229     -1.174854     -1.174851
   3.46381     -1.176205     -1.176203
   3.40534     -1.141725     -1.141723
   3.34686     -0.936752     -0.936750
   3.28839     -0.687364     -0.687363
   3.22991     -0.534109     -0.534107
   3.17144     -0.493219     -0.493217
   3.17144     -0.493219     -0.493217
   3.11438     -0.514256     -0.514254
   3.05732     -0.593135     -0.593132
   3.00027     -0.828441     -0.828438
   2.94321     -1.079718     -1.079716
   2.88615     -1.202864     -1.202859
   2.82909     -1.130650     -1.130646
   2.77204     -1.157347     -1.157344
   2.71498     -1.203237     -1.203236
   2.65792     -1.236562     -1.236561
   2.60086     -1.255285     -1.255285
   2.54381     -1.274103     -1.274104
   2.54381     -1.232817     -1.232817
   2.48735     -1.197346     -1.197346
   2.43089     -1.142470     -1.142470
   2.37444     -1.114531     -1.114531
   2.31798     -1.131969     -1.131970
   2.26153     -1.176803     -1.176803
   2.20507     -1.224291     -1.224292
   2.14861     -1.037100     -1.037097
   2.09216     -0.751068     -0.751065
   2.03570     -0.547889     -0.547886
   1.97924     -0.493219     -0.493217
   1.97924     -0.493219     -0.493217
   1.92359     -0.531837     -0.531835
   1.86793     -0.686564     -0.686561
   1.81228     -0.935731     -0.935729
   1.75662     -1.183303     -1.183301
   1.70097     -1.201338     -1.201337
   1.64531     -1.147049     -1.147047
   1.58966     -1.078110     -1.078108
   1.53400     -1.029192     -1.029190
   1.47834     -1.025890     -1.025887
   1.42269     -1.071765     -1.071763
   1.36703     -1.125865     -1.125864
   1.31138     -1.175552     -1.175550
   1.25572     -1.197895     -1.197896
   1.25572     -1.107262     -1.107261
   1.19359     -1.121333     -1.121330
   1.13146     -1.182890     -1.182889
   1.06932     -1.185451     -1.185449
   1.00719     -1.056934     -1.056931
   0.94506     -0.780790     -0.780786
   0.88292     -0.532957     -0.532952
   0.82079     -0.493219     -0.493217
   0.82079     -0.493219     -0.493217
   0.76080     -0.568714     -0.568711
   0.70081     -0.765724     -0.765722
   0.64081     -1.008459     -1.008456
   0.58082     -1.049383     -1.049380
   0.52083     -0.927891     -0.927888
   0.46084     -1.040127     -1.040124
   0.46084     -1.018678     -1.018674
   0.40323     -1.073014     -1.073011
   0.34563     -1.141644     -1.141643
   0.28802     -1.189210     -1.189209
   0.23042     -1.174389     -1.174387
   0.17281     -0.903698     -0.903695
   0.11521     -0.606437     -0.606434
   0.05760     -0.507562     -0.507560
   0.00000     -0.493219     -0.493217
 
# Band-Index   79
   0.00000     -0.433799     -0.433793
   0.05760     -0.454327     -0.454322
   0.11521     -0.548859     -0.548857
   0.17281     -0.612313     -0.612311
   0.23042     -0.690505     -0.690503
   0.28802     -0.773070     -0.773069
   0.34563     -0.845425     -0.845424
   0.40323     -0.892175     -0.892174
   0.46084     -0.917771     -0.917787
   0.46084     -0.789648     -0.789644
   0.52083     -0.876006     -0.876004
   0.58082     -0.723016     -0.723013
   0.64081     -0.595918     -0.595914
   0.70081     -0.504717     -0.504712
   0.76080     -0.451291     -0.451286
   0.82079     -0.433799     -0.433793
   0.82079     -0.433799     -0.433793
   0.88292     -0.513803     -0.513801
   0.94506     -0.572891     -0.572889
   1.00719     -0.663258     -0.663256
   1.06932     -0.774269     -0.774267
   1.13146     -0.890697     -0.890695
   1.19359     -0.980402     -0.980401
   1.25572     -0.906749     -0.906746
   1.25572     -1.148008     -1.148006
   1.31138     -1.137203     -1.137201
   1.36703     -1.101960     -1.101958
   1.42269     -1.054684     -1.054682
   1.47834     -1.018865     -1.018863
   1.53400     -0.964569     -0.964566
   1.58966     -0.877106     -0.877103
   1.64531     -0.775148     -0.775144
   1.70097     -0.674711     -0.674706
   1.75662     -0.600914     -0.600911
   1.81228     -0.540311     -0.540308
   1.86793     -0.491915     -0.491912
   1.92359     -0.454004     -0.454000
   1.97924     -0.433799     -0.433793
   1.97924     -0.433799     -0.433793
   2.03570     -0.472446     -0.472442
   2.09216     -0.523108     -0.523105
   2.14861     -0.591604     -0.591601
   2.20507     -0.677519     -0.677516
   2.26153     -0.769232     -0.769229
   2.31798     -0.852159     -0.852156
   2.37444     -0.911569     -0.911567
   2.43089     -0.937443     -0.937441
   2.48735     -0.942191     -0.942189
   2.54381     -0.942205     -0.942204
   2.54381     -0.954901     -0.954899
   2.60086     -0.956939     -0.956936
   2.65792     -0.952754     -0.952751
   2.71498     -0.934258     -0.934255
   2.77204     -0.942166     -0.942164
   2.82909     -0.947472     -0.947471
   2.88615     -0.880927     -0.880926
   2.94321     -0.773276     -0.773275
   3.00027     -0.664846     -0.664844
   3.05732     -0.574289     -0.574287
   3.11438     -0.464813     -0.464808
   3.17144     -0.433799     -0.433793
   3.17144     -0.433799     -0.433793
   3.22991     -0.451541     -0.451536
   3.28839     -0.507908     -0.507903
   3.34686     -0.599712     -0.599708
   3.40534     -0.715419     -0.715416
   3.46381     -0.844452     -0.844449
   3.52229     -0.972452     -0.972450
   3.58076     -1.070442     -1.070440
   3.63924     -1.100510     -1.100507
   3.69772     -1.088831     -1.088827
   3.75619     -1.075555     -1.075552
 
# Band-Index   80
   3.75619     -1.075528     -1.075525
   3.69772     -1.067485     -1.067482
   3.63924     -1.023917     -1.023914
   3.58076     -0.916592     -0.916590
   3.52229     -0.794624     -0.794621
   3.46381     -0.679457     -0.679454
   3.40534     -0.577720     -0.577716
   3.34686     -0.490069     -0.490065
   3.28839     -0.406387     -0.406384
   3.22991     -0.304116     -0.304113
   3.17144     -0.246087     -0.246085
   3.17144     -0.246087     -0.246085
   3.11438     -0.303848     -0.303845
   3.05732     -0.414554     -0.414550
   3.00027     -0.510093     -0.510089
   2.94321     -0.609006     -0.609001
   2.88615     -0.713034     -0.713030
   2.82909     -0.811181     -0.811177
   2.77204     -0.888361     -0.888357
   2.71498     -0.932322     -0.932320
   2.65792     -0.936752     -0.936750
   2.60086     -0.947340     -0.947338
   2.54381     -0.954888     -0.954885
   2.54381     -0.942168     -0.942166
   2.48735     -0.903732     -0.903731
   2.43089     -0.816272     -0.816270
   2.37444     -0.714017     -0.714015
   2.31798     -0.612470     -0.612468
   2.26153     -0.517988     -0.517986
   2.20507     -0.433266     -0.433263
   2.14861     -0.359987     -0.359984
   2.09216     -0.300976     -0.300973
   2.03570     -0.260973     -0.260970
   1.97924     -0.246087     -0.246085
   1.97924     -0.246087     -0.246085
   1.92359     -0.290076     -0.290073
   1.86793     -0.375171     -0.375168
   1.81228     -0.463760     -0.463757
   1.75662     -0.559849     -0.559846
   1.70097     -0.659531     -0.659529
   1.64531     -0.740094     -0.740093
   1.58966     -0.815630     -0.815628
   1.53400     -0.889633     -0.889632
   1.47834     -0.957992     -0.957992
   1.42269     -1.012340     -1.012340
   1.36703     -1.069081     -1.069081
   1.31138     -1.124537     -1.124536
   1.25572     -1.147983     -1.147981
   1.25572     -0.906703     -0.906700
   1.19359     -0.756282     -0.756279
   1.13146     -0.613150     -0.613147
   1.06932     -0.487065     -0.487061
   1.00719     -0.383573     -0.383570
   0.94506     -0.307575     -0.307571
   0.88292     -0.261590     -0.261587
   0.82079     -0.246087     -0.246085
   0.82079     -0.246087     -0.246085
   0.76080     -0.267809     -0.267806
   0.70081     -0.329413     -0.329410
   0.64081     -0.421000     -0.420997
   0.58082     -0.531579     -0.531575
   0.52083     -0.655419     -0.655415
   0.46084     -0.789620     -0.789617
   0.46084     -0.907613     -0.907612
   0.40323     -0.854269     -0.854267
   0.34563     -0.758378     -0.758375
   0.28802     -0.665464     -0.665461
   0.23042     -0.582037     -0.582034
   0.17281     -0.510664     -0.510660
   0.11521     -0.447870     -0.447867
   0.05760     -0.328999     -0.328997
   0.00000     -0.246087     -0.246085
 
# Band-Index   81
   0.00000      2.063589      2.063588
   0.05760      2.069954      2.069953
   0.11521      2.088805      2.088772
   0.17281      2.096977      2.096978
   0.23042      2.059536      2.059235
   0.28802      1.902234      1.902246
   0.34563      1.811397      1.811398
   0.40323      1.783086      1.783135
   0.46084      1.781335      1.781247
   0.46084      2.303458      2.303456
   0.52083      2.265359      2.265356
   0.58082      2.229140      2.229132
   0.64081      2.195198      2.195196
   0.70081      2.164723      2.164723
   0.76080      2.124436      2.124433
   0.82079      2.063589      2.063588
   0.82079      2.063589      2.063589
   0.88292      2.073910      2.073918
   0.94506      2.101642      2.101641
   1.00719      2.130668      2.130648
   1.06932      2.000231      2.000227
   1.13146      1.828673      1.828672
   1.19359      1.725678      1.725677
   1.25572      1.722600      1.722597
   1.25572      1.860230      1.860229
   1.31138      1.856644      1.856651
   1.36703      1.846680      1.846683
   1.42269      1.832577      1.832571
   1.47834      1.821404      1.821402
   1.53400      1.829472      1.829469
   1.58966      1.873972      1.873969
   1.64531      1.953222      1.953219
   1.70097      2.027693      2.027694
   1.75662      2.078025      2.078027
   1.81228      2.109313      2.109313
   1.86793      2.122722      2.122711
   1.92359      2.084308      2.084307
   1.97924      2.063589      2.063588
   1.97924      2.063589      2.063591
   2.03570      2.091160      2.091151
   2.09216      2.160621      2.160609
   2.14861      2.183954      2.183952
   2.20507      2.147485      2.147480
   2.26153      2.073852      2.073860
   2.31798      2.028325      2.028319
   2.37444      2.056363      2.056361
   2.43089      2.168202      2.168199
   2.48735      2.333956      2.333940
   2.54381      2.440396      2.440396
   2.54381      1.744433      1.744440
   2.60086      1.657744      1.657928
   2.65792      1.585652      1.585549
   2.71498      1.559835      1.559837
   2.77204      1.599925      1.599917
   2.82909      1.713165      1.713042
   2.88615      1.889262      1.889271
   2.94321      2.039413      2.039412
   3.00027      2.089746      2.089731
   3.05732      2.103246      2.103245
   3.11438      2.073920      2.073919
   3.17144      2.063589      2.063588
   3.17144      2.063589      2.063588
   3.22991      2.089868      2.089873
   3.28839      2.129895      2.129887
   3.34686      2.130548      2.130554
   3.40534      2.123056      2.123045
   3.46381      2.102308      2.102301
   3.52229      2.077266      2.077364
   3.58076      2.056725      2.056720
   3.63924      2.039859      2.039883
   3.69772      2.030659      2.030657
   3.75619      2.040253      2.040253
 
# Band-Index   82
   3.75619      2.040263      2.040268
   3.69772      2.082163      2.082161
   3.63924      2.153962      2.153962
   3.58076      2.222613      2.222611
   3.52229      2.254073      2.254076
   3.46381      2.282269      2.282243
   3.40534      2.354262      2.354202
   3.34686      2.285291      2.285291
   3.28839      2.170791      2.170790
   3.22991      2.132171      2.132170
   3.17144      2.110087      2.110086
   3.17144      2.110087      2.110086
   3.11438      2.122805      2.122800
   3.05732      2.116495      2.116490
   3.00027      2.143127      2.143126
   2.94321      2.094556      2.094555
   2.88615      1.974822      1.974822
   2.82909      1.911475      1.911473
   2.77204      1.862579      1.862579
   2.71498      1.834725      1.834724
   2.65792      1.823082      1.823081
   2.60086      1.803650      1.803677
   2.54381      1.744452      1.744454
   2.54381      2.440439      2.440434
   2.48735      2.451827      2.451839
   2.43089      2.482420      2.482420
   2.37444      2.522571      2.522570
   2.31798      2.557027      2.557028
   2.26153      2.560231      2.560231
   2.20507      2.464956      2.464972
   2.14861      2.309878      2.309878
   2.09216      2.186906      2.186905
   2.03570      2.139309      2.139300
   1.97924      2.110087      2.110084
   1.97924      2.110088      2.110088
   1.92359      2.124200      2.124203
   1.86793      2.144149      2.144148
   1.81228      2.230957      2.230958
   1.75662      2.278719      2.278755
   1.70097      2.153006      2.153003
   1.64531      2.061833      2.061833
   1.58966      2.039477      2.039491
   1.53400      2.047499      2.047496
   1.47834      2.033772      2.033778
   1.42269      1.980150      1.980164
   1.36703      1.919247      1.919269
   1.31138      1.875741      1.875733
   1.25572      1.860262      1.860260
   1.25572      1.722633      1.722633
   1.19359      1.817292      1.817298
   1.13146      1.973861      1.973866
   1.06932      2.106155      2.106169
   1.00719      2.159497      2.159497
   0.94506      2.196514      2.196507
   0.88292      2.148285      2.148240
   0.82079      2.110087      2.110084
   0.82079      2.110087      2.110086
   0.76080      2.142576      2.142574
   0.70081      2.252099      2.252129
   0.64081      2.330757      2.330832
   0.58082      2.354991      2.354967
   0.52083      2.338177      2.338181
   0.46084      2.303461      2.303464
   0.46084      1.888977      1.888975
   0.40323      1.906127      1.906124
   0.34563      1.951482      1.951480
   0.28802      2.008703      2.008702
   0.23042      2.060398      2.060393
   0.17281      2.116749      2.116748
   0.11521      2.118464      2.118462
   0.05760      2.128533      2.128531
   0.00000      2.110087      2.110084
 
# Band-Index   83
   0.00000      2.134422      2.134421
   0.05760      2.191597      2.191595
   0.11521      2.383283      2.383276
   0.17281      2.300184      2.299939
   0.23042      2.181765      2.181763
   0.28802      2.229105      2.229103
   0.34563      2.299931      2.299931
   0.40323      2.405949      2.405936
   0.46084      2.535831      2.535828
   0.46084      2.976068      2.976063
   0.52083      2.969977      2.969972
   0.58082      2.894127      2.894127
   0.64081      2.573997      2.573996
   0.70081      2.306233      2.306232
   0.76080      2.157577      2.157576
   0.82079      2.134422      2.134421
   0.82079      2.134423      2.134421
   0.88292      2.192557      2.192551
   0.94506      2.347740      2.347737
   1.00719      2.511317      2.511323
   1.06932      2.603069      2.603068
   1.13146      2.603547      2.603547
   1.19359      2.698380      2.698379
   1.25572      2.815998      2.815997
   1.25572      2.807232      2.807228
   1.31138      2.793987      2.793983
   1.36703      2.735215      2.735210
   1.42269      2.588162      2.588186
   1.47834      2.459251      2.459241
   1.53400      2.421186      2.421177
   1.58966      2.449033      2.449030
   1.64531      2.468490      2.468489
   1.70097      2.436445      2.436444
   1.75662      2.378493      2.378492
   1.81228      2.454851      2.454854
   1.86793      2.307315      2.307283
   1.92359      2.175091      2.175088
   1.97924      2.134425      2.134421
   1.97924      2.134422      2.134421
   2.03570      2.173159      2.173158
   2.09216      2.295432      2.295426
   2.14861      2.424144      2.424145
   2.20507      2.514747      2.514747
   2.26153      2.604228      2.604227
   2.31798      2.689544      2.689566
   2.37444      2.742887      2.742897
   2.43089      2.772307      2.772351
   2.48735      2.782329      2.782398
   2.54381      2.783632      2.783649
   2.54381      2.303327      2.303324
   2.60086      2.313244      2.313242
   2.65792      2.312799      2.312822
   2.71498      2.309322      2.309320
   2.77204      2.307948      2.307953
   2.82909      2.299118      2.299099
   2.88615      2.271332      2.271336
   2.94321      2.238368      2.238366
   3.00027      2.373740      2.373724
   3.05732      2.335322      2.335294
   3.11438      2.182092      2.182095
   3.17144      2.134422      2.134424
   3.17144      2.134422      2.134421
   3.22991      2.181105      2.181102
   3.28839      2.346979      2.346974
   3.34686      2.485146      2.485165
   3.40534      2.419904      2.419900
   3.46381      2.525833      2.525831
   3.52229      2.572009      2.571964
   3.58076      2.610945      2.610960
   3.63924      2.714881      2.714823
   3.69772      2.835106      2.835220
   3.75619      2.895417      2.895469
 
# Band-Index   84
   3.75619      2.895582      2.895521
   3.69772      2.910432      2.910408
   3.63924      2.928354      2.928378
   3.58076      2.943600      2.943576
   3.52229      2.927328      2.927319
   3.46381      2.848894      2.848894
   3.40534      2.716742      2.716750
   3.34686      2.542933      2.542935
   3.28839      2.645867      2.645549
   3.22991      2.811901      2.811691
   3.17144      2.939360      2.939687
   3.17144      2.939364      2.939717
   3.11438      2.801387      2.801143
   3.05732      2.598466      2.598249
   3.00027      2.525618      2.525567
   2.94321      2.697800      2.697928
   2.88615      2.810038      2.810045
   2.82909      2.817990      2.818101
   2.77204      2.720163      2.720159
   2.71498      2.579445      2.579351
   2.65792      2.435760      2.435820
   2.60086      2.332187      2.332184
   2.54381      2.303369      2.303366
   2.54381      2.783700      2.783789
   2.48735      2.852317      2.852216
   2.43089      2.945486      2.945491
   2.37444      3.014689      3.014713
   2.31798      2.966196      2.966195
   2.26153      2.857532      2.857530
   2.20507      2.821962      2.821961
   2.14861      2.869349      2.869346
   2.09216      2.936517      2.936539
   2.03570      2.940193      2.940174
   1.97924      2.939361      2.939371
   1.97924      2.939390      2.939646
   1.92359      2.829813      2.829873
   1.86793      2.671114      2.670856
   1.81228      2.509816      2.509817
   1.75662      2.605330      2.605327
   1.70097      2.709779      2.709772
   1.64531      2.786584      2.786587
   1.58966      2.834704      2.834725
   1.53400      2.845727      2.845730
   1.47834      2.823435      2.823422
   1.42269      2.812427      2.812425
   1.36703      2.826666      2.826664
   1.31138      2.818450      2.818447
   1.25572      2.807273      2.807270
   1.25572      2.816043      2.816042
   1.19359      2.884576      2.884574
   1.13146      2.811324      2.811315
   1.06932      2.667873      2.667873
   1.00719      2.740190      2.740190
   0.94506      2.896500      2.896500
   0.88292      2.939417      2.938984
   0.82079      2.939410      2.939411
   0.82079      2.939326      2.939319
   0.76080      2.942220      2.942720
   0.70081      2.949891      2.949966
   0.64081      2.960249      2.960275
   0.58082      2.963549      2.963526
   0.52083      2.976333      2.976296
   0.46084      2.976084      2.976099
   0.46084      2.637638      2.637636
   0.40323      2.716766      2.716688
   0.34563      2.773519      2.773766
   0.28802      2.804840      2.804797
   0.23042      2.750382      2.750315
   0.17281      2.598387      2.598371
   0.11521      2.537830      2.537551
   0.05760      2.767957      2.767949
   0.00000      2.939335      2.939355
 
# Band-Index   85
   0.00000      2.996759      2.996759
   0.05760      3.127477      3.127463
   0.11521      3.234928      3.234922
   0.17281      3.177795      3.177692
   0.23042      3.018721      3.018723
   0.28802      2.875556      2.875575
   0.34563      2.800632      2.800677
   0.40323      2.784682      2.784661
   0.46084      2.698838      2.698775
   0.46084      3.401640      3.401640
   0.52083      3.205535      3.205535
   0.58082      2.970283      2.970195
   0.64081      2.964008      2.964015
   0.70081      2.974772      2.974742
   0.76080      2.989709      2.989709
   0.82079      2.996758      2.996758
   0.82079      2.996762      2.996759
   0.88292      2.984610      2.984621
   0.94506      2.960707      2.960764
   1.00719      2.975595      2.975589
   1.06932      2.978054      2.978125
   1.13146      2.996494      2.996492
   1.19359      3.034452      3.034475
   1.25572      3.139790      3.139786
   1.25572      3.225135      3.225134
   1.31138      3.105681      3.105680
   1.36703      2.959070      2.959069
   1.42269      2.941051      2.941053
   1.47834      2.935420      2.935430
   1.53400      2.953952      2.953932
   1.58966      3.015631      3.015630
   1.64531      3.092584      3.092587
   1.70097      3.063296      3.063294
   1.75662      3.049320      3.049348
   1.81228      3.076705      3.076710
   1.86793      3.100088      3.100069
   1.92359      3.065947      3.065908
   1.97924      2.996758      2.996760
   1.97924      2.996759      2.996758
   2.03570      2.989081      2.989074
   2.09216      2.963488      2.963614
   2.14861      2.975096      2.975099
   2.20507      3.010993      3.010997
   2.26153      3.056557      3.056527
   2.31798      3.077893      3.077791
   2.37444      3.078825      3.078791
   2.43089      3.120556      3.120519
   2.48735      3.149296      3.149268
   2.54381      3.162505      3.162531
   2.54381      2.622822      2.622820
   2.60086      2.651164      2.651163
   2.65792      2.778345      2.778325
   2.71498      2.901714      2.901710
   2.77204      2.908131      2.908130
   2.82909      2.889220      2.889219
   2.88615      2.906910      2.906910
   2.94321      2.972360      2.972362
   3.00027      3.057778      3.057784
   3.05732      3.109005      3.108987
   3.11438      3.079270      3.079270
   3.17144      2.996759      2.996762
   3.17144      2.996758      2.996761
   3.22991      3.096346      3.096342
   3.28839      3.182339      3.182338
   3.34686      3.207704      3.207699
   3.40534      3.153358      3.153361
   3.46381      3.093031      3.093000
   3.52229      3.117651      3.117654
   3.58076      3.231045      3.231030
   3.63924      3.300937      3.300938
   3.69772      3.375998      3.375996
   3.75619      3.465481      3.465476
 
# Band-Index   86
   3.75619      3.465495      3.465489
   3.69772      3.511576      3.511611
   3.63924      3.410168      3.410166
   3.58076      3.307684      3.307682
   3.52229      3.317813      3.317812
   3.46381      3.337412      3.337414
   3.40534      3.340951      3.340951
   3.34686      3.340670      3.340670
   3.28839      3.339174      3.339174
   3.22991      3.327465      3.327464
   3.17144      3.320218      3.320217
   3.17144      3.320218      3.320217
   3.11438      3.303037      3.303036
   3.05732      3.269201      3.269200
   3.00027      3.247283      3.247284
   2.94321      3.238713      3.238711
   2.88615      3.195292      3.195290
   2.82909      3.101472      3.101470
   2.77204      3.017531      3.017529
   2.71498      2.905454      2.905452
   2.65792      2.780430      2.780479
   2.60086      2.680052      2.680052
   2.54381      2.622859      2.622859
   2.54381      3.162547      3.162544
   2.48735      3.165678      3.165691
   2.43089      3.179107      3.179111
   2.37444      3.209033      3.208964
   2.31798      3.230953      3.230950
   2.26153      3.198760      3.198772
   2.20507      3.161653      3.161663
   2.14861      3.153407      3.153407
   2.09216      3.205383      3.205379
   2.03570      3.287808      3.287808
   1.97924      3.320218      3.320217
   1.97924      3.320218      3.320217
   1.92359      3.309244      3.309244
   1.86793      3.281110      3.280906
   1.81228      3.252581      3.252696
   1.75662      3.217207      3.217199
   1.70097      3.162948      3.162947
   1.64531      3.125564      3.125563
   1.58966      3.200472      3.200471
   1.53400      3.130008      3.130006
   1.47834      3.059701      3.059700
   1.42269      3.020175      3.020173
   1.36703      3.057366      3.057363
   1.31138      3.151357      3.151351
   1.25572      3.225149      3.225145
   1.25572      3.139827      3.139961
   1.19359      3.093120      3.093089
   1.13146      3.054953      3.054949
   1.06932      3.018014      3.018353
   1.00719      2.983733      2.983752
   0.94506      3.079127      3.079126
   0.88292      3.247448      3.247447
   0.82079      3.320218      3.320217
   0.82079      3.320218      3.320217
   0.76080      3.333556      3.333639
   0.70081      3.377310      3.377487
   0.64081      3.442532      3.442670
   0.58082      3.439042      3.439042
   0.52083      3.449326      3.449327
   0.46084      3.401654      3.401655
   0.46084      2.777704      2.777709
   0.40323      2.843966      2.843962
   0.34563      3.138932      3.138951
   0.28802      3.331812      3.331810
   0.23042      3.340292      3.340291
   0.17281      3.344121      3.344120
   0.11521      3.336863      3.336862
   0.05760      3.325446      3.325446
   0.00000      3.320218      3.320217
 
# Band-Index   87
   0.00000      3.565583      3.565520
   0.05760      3.528779      3.528747
   0.11521      3.438830      3.438858
   0.17281      3.447019      3.446632
   0.23042      3.484435      3.484433
   0.28802      3.393853      3.393835
   0.34563      3.328760      3.328759
   0.40323      3.332710      3.332707
   0.46084      3.336198      3.336197
   0.46084      3.595772      3.595772
   0.52083      3.585640      3.585639
   0.58082      3.549541      3.549521
   0.64081      3.454429      3.454641
   0.70081      3.474078      3.474016
   0.76080      3.526250      3.526299
   0.82079      3.565521      3.565520
   0.82079      3.565521      3.565520
   0.88292      3.588459      3.588560
   0.94506      3.605072      3.605132
   1.00719      3.525706      3.525712
   1.06932      3.459673      3.459805
   1.13146      3.380544      3.380612
   1.19359      3.235676      3.235661
   1.25572      3.150389      3.150381
   1.25572      3.341921      3.341924
   1.31138      3.331078      3.331076
   1.36703      3.323132      3.323132
   1.42269      3.323719      3.323849
   1.47834      3.344053      3.344052
   1.53400      3.333097      3.333096
   1.58966      3.259664      3.259662
   1.64531      3.340813      3.340810
   1.70097      3.449207      3.449204
   1.75662      3.456056      3.456176
   1.81228      3.467077      3.467072
   1.86793      3.494144      3.494447
   1.92359      3.538800      3.538816
   1.97924      3.565521      3.565520
   1.97924      3.565589      3.565520
   2.03570      3.557259      3.557257
   2.09216      3.544102      3.544101
   2.14861      3.527600      3.527320
   2.20507      3.469504      3.469455
   2.26153      3.389516      3.389473
   2.31798      3.348927      3.348924
   2.37444      3.439533      3.439528
   2.43089      3.532010      3.532007
   2.48735      3.566223      3.566223
   2.54381      3.574892      3.574890
   2.54381      2.947264      2.947260
   2.60086      2.937792      2.937789
   2.65792      2.953174      2.953172
   2.71498      3.026875      3.026890
   2.77204      3.172719      3.172730
   2.82909      3.232601      3.232624
   2.88615      3.284471      3.284741
   2.94321      3.352686      3.352708
   3.00027      3.420830      3.420860
   3.05732      3.482637      3.482490
   3.11438      3.539911      3.539832
   3.17144      3.565521      3.565520
   3.17144      3.565574      3.565520
   3.22991      3.530395      3.530394
   3.28839      3.476245      3.476287
   3.34686      3.458686      3.458584
   3.40534      3.487008      3.486526
   3.46381      3.491234      3.491220
   3.52229      3.480971      3.480980
   3.58076      3.495917      3.495885
   3.63924      3.527537      3.527535
   3.69772      3.562027      3.562026
   3.75619      3.633999      3.633998
 
# Band-Index   88
   3.75619      3.634145      3.634263
   3.69772      3.642871      3.642854
   3.63924      3.630119      3.630267
   3.58076      3.605374      3.605372
   3.52229      3.573436      3.573453
   3.46381      3.570033      3.569952
   3.40534      3.619063      3.619052
   3.34686      3.674173      3.673985
   3.28839      3.694100      3.694035
   3.22991      3.707376      3.707636
   3.17144      3.705363      3.702930
   3.17144      3.703167      3.702900
   3.11438      3.686280      3.687161
   3.05732      3.652381      3.651949
   3.00027      3.570061      3.569801
   2.94321      3.414236      3.414205
   2.88615      3.286697      3.286778
   2.82909      3.233035      3.233072
   2.77204      3.178605      3.178368
   2.71498      3.107547      3.107543
   2.65792      3.041640      3.041638
   2.60086      2.983839      2.983836
   2.54381      2.947282      2.947279
   2.54381      3.574952      3.574953
   2.48735      3.656745      3.656743
   2.43089      3.706147      3.706145
   2.37444      3.572868      3.572870
   2.31798      3.525022      3.525021
   2.26153      3.556400      3.556399
   2.20507      3.631740      3.631738
   2.14861      3.665533      3.665533
   2.09216      3.710479      3.710479
   2.03570      3.726579      3.726599
   1.97924      3.703677      3.703834
   1.97924      3.702953      3.705844
   1.92359      3.699945      3.700035
   1.86793      3.682481      3.682481
   1.81228      3.651251      3.651248
   1.75662      3.577351      3.577683
   1.70097      3.465940      3.465836
   1.64531      3.487271      3.487210
   1.58966      3.531759      3.531767
   1.53400      3.543099      3.543108
   1.47834      3.587626      3.587611
   1.42269      3.600338      3.600342
   1.36703      3.527108      3.527147
   1.31138      3.421113      3.421110
   1.25572      3.342002      3.341972
   1.25572      3.150546      3.150531
   1.19359      3.272258      3.272245
   1.13146      3.388234      3.388231
   1.06932      3.565334      3.565332
   1.00719      3.690838      3.690837
   0.94506      3.697352      3.696733
   0.88292      3.703513      3.702698
   0.82079      3.705771      3.702943
   0.82079      3.703062      3.705718
   0.76080      3.732601      3.732601
   0.70081      3.712862      3.712862
   0.64081      3.689558      3.689558
   0.58082      3.633009      3.633008
   0.52083      3.607040      3.607040
   0.46084      3.595804      3.595804
   0.46084      3.545418      3.545196
   0.40323      3.546302      3.546301
   0.34563      3.562703      3.562702
   0.28802      3.624538      3.624537
   0.23042      3.684379      3.684378
   0.17281      3.693177      3.693176
   0.11521      3.690138      3.689981
   0.05760      3.692989      3.693833
   0.00000      3.703183      3.703119
 
# Band-Index   89
   0.00000      3.734476      3.734475
   0.05760      3.732716      3.732715
   0.11521      3.719922      3.719921
   0.17281      3.703186      3.703200
   0.23042      3.705089      3.705087
   0.28802      3.675334      3.675332
   0.34563      3.663139      3.663137
   0.40323      3.660986      3.660984
   0.46084      3.665880      3.665878
   0.46084      3.787543      3.787649
   0.52083      3.701003      3.700988
   0.58082      3.670663      3.670655
   0.64081      3.715653      3.715652
   0.70081      3.813269      3.813267
   0.76080      3.764959      3.764958
   0.82079      3.734476      3.734475
   0.82079      3.734476      3.734476
   0.88292      3.759709      3.759538
   0.94506      3.744821      3.744899
   1.00719      3.886154      3.885261
   1.06932      4.019842      4.020015
   1.13146      3.997707      3.997705
   1.19359      3.976011      3.976103
   1.25572      4.006800      4.006820
   1.25572      3.575278      3.575278
   1.31138      3.589971      3.589969
   1.36703      3.635136      3.635134
   1.42269      3.689843      3.689841
   1.47834      3.690687      3.690685
   1.53400      3.649063      3.649007
   1.58966      3.641251      3.641734
   1.64531      3.638268      3.638265
   1.70097      3.616686      3.616680
   1.75662      3.631432      3.631776
   1.81228      3.713373      3.713381
   1.86793      3.786862      3.786609
   1.92359      3.754144      3.754142
   1.97924      3.734476      3.734475
   1.97924      3.734476      3.734476
   2.03570      3.745068      3.745016
   2.09216      3.767529      3.767504
   2.14861      3.693910      3.693653
   2.20507      3.645482      3.645271
   2.26153      3.685017      3.684974
   2.31798      3.759248      3.759340
   2.37444      3.858507      3.858505
   2.43089      3.919422      3.919420
   2.48735      4.003971      4.003970
   2.54381      4.160484      4.160495
   2.54381      3.395939      3.395932
   2.60086      3.357664      3.357634
   2.65792      3.324899      3.324902
   2.71498      3.320108      3.320106
   2.77204      3.329744      3.329735
   2.82909      3.459888      3.459887
   2.88615      3.579207      3.579206
   2.94321      3.658965      3.658964
   3.00027      3.718994      3.718993
   3.05732      3.789376      3.789359
   3.11438      3.752418      3.752417
   3.17144      3.734476      3.734475
   3.17144      3.734476      3.734475
   3.22991      3.749877      3.749876
   3.28839      3.775637      3.775636
   3.34686      3.721610      3.721609
   3.40534      3.689862      3.689248
   3.46381      3.753512      3.753511
   3.52229      3.820235      3.820054
   3.58076      3.846871      3.846872
   3.63924      3.882509      3.882479
   3.69772      3.923173      3.923178
   3.75619      3.939727      3.939742
 
# Band-Index   90
   3.75619      3.939755      3.939822
   3.69772      3.959832      3.960252
   3.63924      3.953618      3.953616
   3.58076      3.955760      3.955757
   3.52229      3.941920      3.941919
   3.46381      3.907874      3.907872
   3.40534      3.882224      3.882223
   3.34686      3.877364      3.877363
   3.28839      3.832952      3.832579
   3.22991      3.769012      3.769569
   3.17144      3.741142      3.741142
   3.17144      3.741142      3.741145
   3.11438      3.767574      3.767270
   3.05732      3.797482      3.797481
   3.00027      3.804604      3.804251
   2.94321      3.750402      3.750447
   2.88615      3.649139      3.649250
   2.82909      3.491878      3.491867
   2.77204      3.361171      3.361171
   2.71498      3.320744      3.320744
   2.65792      3.379666      3.379666
   2.60086      3.410285      3.410285
   2.54381      3.395968      3.395956
   2.54381      4.160498      4.160535
   2.48735      4.092745      4.092307
   2.43089      3.980171      3.980171
   2.37444      4.029318      4.029188
   2.31798      4.079106      4.079117
   2.26153      4.038381      4.038424
   2.20507      4.017479      4.017378
   2.14861      3.960118      3.960117
   2.09216      3.842623      3.842531
   2.03570      3.773524      3.773481
   1.97924      3.741142      3.741142
   1.97924      3.741142      3.741142
   1.92359      3.766654      3.766447
   1.86793      3.817489      3.817277
   1.81228      3.849240      3.849454
   1.75662      3.830123      3.829820
   1.70097      3.782824      3.782822
   1.64531      3.711827      3.711826
   1.58966      3.700089      3.700080
   1.53400      3.784997      3.784964
   1.47834      3.832500      3.832497
   1.42269      3.826220      3.826234
   1.36703      3.806962      3.806968
   1.31138      3.677245      3.677237
   1.25572      3.575306      3.575304
   1.25572      4.006844      4.007094
   1.19359      4.077131      4.077129
   1.13146      4.145673      4.145702
   1.06932      4.053287      4.053286
   1.00719      3.916494      3.916493
   0.94506      3.827799      3.827055
   0.88292      3.764512      3.764511
   0.82079      3.741142      3.741142
   0.82079      3.741143      3.741142
   0.76080      3.781921      3.782548
   0.70081      3.869036      3.869035
   0.64081      3.943007      3.942479
   0.58082      3.939799      3.939779
   0.52083      3.878552      3.878554
   0.46084      3.787682      3.787713
   0.46084      3.701032      3.700724
   0.40323      3.726848      3.726849
   0.34563      3.765168      3.765485
   0.28802      3.768591      3.768797
   0.23042      3.737677      3.737676
   0.17281      3.780282      3.780280
   0.11521      3.827878      3.827485
   0.05760      3.773880      3.773643
   0.00000      3.741143      3.741142
 
# Band-Index   91
   0.00000      4.001083      4.001098
   0.05760      3.996312      3.996256
   0.11521      3.940367      3.940205
   0.17281      3.961025      3.960924
   0.23042      3.874380      3.874379
   0.28802      3.835098      3.835097
   0.34563      3.817986      3.817958
   0.40323      3.762940      3.762841
   0.46084      3.736617      3.736612
   0.46084      4.021712      4.022138
   0.52083      3.963935      3.963835
   0.58082      4.096749      4.096393
   0.64081      4.113698      4.113373
   0.70081      3.931711      3.931710
   0.76080      3.929230      3.929228
   0.82079      4.001083      4.001132
   0.82079      4.001127      4.001081
   0.88292      3.864444      3.864466
   0.94506      3.876244      3.876243
   1.00719      3.954823      3.955176
   1.06932      4.070825      4.070792
   1.13146      4.227087      4.227131
   1.19359      4.382946      4.383048
   1.25572      4.511844      4.512347
   1.25572      3.881914      3.881913
   1.31138      3.888066      3.888065
   1.36703      3.884473      3.884471
   1.42269      3.918876      3.918871
   1.47834      3.912928      3.912847
   1.53400      3.919697      3.919695
   1.58966      4.000872      4.000911
   1.64531      4.081684      4.081793
   1.70097      4.057417      4.056904
   1.75662      4.026185      4.026957
   1.81228      3.992110      3.992559
   1.86793      3.930207      3.930264
   1.92359      3.975307      3.975190
   1.97924      4.001167      4.001183
   1.97924      4.001083      4.001184
   2.03570      3.908153      3.908269
   2.09216      3.900040      3.900059
   2.14861      4.010554      4.010553
   2.20507      4.070290      4.070288
   2.26153      4.109224      4.107963
   2.31798      4.101139      4.100607
   2.37444      4.173452      4.173549
   2.43089      4.206310      4.206307
   2.48735      4.204563      4.204626
   2.54381      4.204461      4.204459
   2.54381      4.015013      4.015012
   2.60086      3.844438      3.844437
   2.65792      3.696275      3.696274
   2.71498      3.638882      3.638879
   2.77204      3.689214      3.689211
   2.82909      3.823670      3.823668
   2.88615      3.957363      3.957361
   2.94321      3.969077      3.969076
   3.00027      3.910211      3.910210
   3.05732      3.905076      3.905021
   3.11438      3.984243      3.984174
   3.17144      4.001083      4.001144
   3.17144      4.001137      4.001180
   3.22991      3.960047      3.960045
   3.28839      3.893376      3.893373
   3.34686      3.902973      3.902968
   3.40534      3.945006      3.944966
   3.46381      3.975109      3.975108
   3.52229      4.031627      4.031560
   3.58076      4.078138      4.078136
   3.63924      4.092586      4.092586
   3.69772      4.064950      4.064953
   3.75619      4.082115      4.082247
 
# Band-Index   92
   3.75619      4.082524      4.082736
   3.69772      4.107866      4.107866
   3.63924      4.156882      4.156970
   3.58076      4.188855      4.188799
   3.52229      4.126265      4.126434
   3.46381      4.070296      4.070212
   3.40534      4.016056      4.016061
   3.34686      3.973432      3.973432
   3.28839      4.016745      4.016742
   3.22991      4.082700      4.082602
   3.17144      4.084961      4.084959
   3.17144      4.084961      4.085137
   3.11438      4.013373      4.013398
   3.05732      3.988880      3.988878
   3.00027      4.014819      4.014322
   2.94321      4.093120      4.093255
   2.88615      4.147817      4.147715
   2.82909      4.207307      4.207305
   2.77204      4.261508      4.261507
   2.71498      4.267107      4.267106
   2.65792      4.229230      4.229230
   2.60086      4.147926      4.147925
   2.54381      4.015038      4.015038
   2.54381      4.205082      4.204492
   2.48735      4.263556      4.263476
   2.43089      4.303525      4.303212
   2.37444      4.318822      4.318819
   2.31798      4.297282      4.297280
   2.26153      4.233050      4.233049
   2.20507      4.132465      4.132463
   2.14861      4.056698      4.056679
   2.09216      3.977124      3.977182
   2.03570      3.991208      3.991206
   1.97924      4.084961      4.084959
   1.97924      4.084961      4.085060
   1.92359      4.025646      4.025667
   1.86793      4.022236      4.022234
   1.81228      4.011257      4.011213
   1.75662      4.095506      4.095889
   1.70097      4.148236      4.148087
   1.64531      4.102823      4.102824
   1.58966      4.083046      4.083010
   1.53400      4.039008      4.039010
   1.47834      3.985842      3.985848
   1.42269      4.018661      4.018705
   1.36703      4.020305      4.020304
   1.31138      3.921465      3.921468
   1.25572      3.881949      3.881947
   1.25572      4.512708      4.512879
   1.19359      4.465415      4.465414
   1.13146      4.289830      4.289938
   1.06932      4.143775      4.144540
   1.00719      4.025640      4.025639
   0.94506      4.000390      4.000428
   0.88292      3.963387      3.962819
   0.82079      4.085156      4.084959
   0.82079      4.084961      4.084959
   0.76080      4.111972      4.112033
   0.70081      4.150882      4.150880
   0.64081      4.220762      4.220760
   0.58082      4.248392      4.248390
   0.52083      4.222221      4.222220
   0.46084      4.022278      4.022335
   0.46084      4.176821      4.176819
   0.40323      4.150747      4.150747
   0.34563      4.096989      4.096996
   0.28802      4.102497      4.102316
   0.23042      4.043207      4.043513
   0.17281      3.972157      3.972174
   0.11521      4.018509      4.018507
   0.05760      4.047353      4.047284
   0.00000      4.084961      4.084959
 
# Band-Index   93
   0.00000      4.101071      4.101071
   0.05760      4.139934      4.139866
   0.11521      4.098132      4.098130
   0.17281      4.140263      4.140261
   0.23042      4.183415      4.183024
   0.28802      4.104250      4.104078
   0.34563      4.158271      4.158269
   0.40323      4.226270      4.226268
   0.46084      4.269666      4.269678
   0.46084      4.438615      4.438613
   0.52083      4.424209      4.424207
   0.58082      4.368633      4.368631
   0.64081      4.284762      4.284761
   0.70081      4.164937      4.164936
   0.76080      4.121598      4.121704
   0.82079      4.101071      4.101107
   0.82079      4.101119      4.101082
   0.88292      4.159617      4.159615
   0.94506      4.055440      4.055437
   1.00719      4.183312      4.183310
   1.06932      4.275043      4.275091
   1.13146      4.386468      4.387273
   1.19359      4.590983      4.590972
   1.25572      4.637322      4.637319
   1.25572      4.420009      4.420014
   1.31138      4.302620      4.302546
   1.36703      4.189207      4.188920
   1.42269      4.216922      4.217037
   1.47834      4.265285      4.265310
   1.53400      4.271467      4.271399
   1.58966      4.253509      4.253507
   1.64531      4.241307      4.241305
   1.70097      4.199903      4.199902
   1.75662      4.138707      4.138751
   1.81228      4.065945      4.065943
   1.86793      4.052548      4.052537
   1.92359      4.145519      4.145516
   1.97924      4.101072      4.101078
   1.97924      4.101105      4.101071
   2.03570      4.188882      4.188872
   2.09216      4.140136      4.140133
   2.14861      4.150644      4.150643
   2.20507      4.348833      4.348832
   2.26153      4.365628      4.365624
   2.31798      4.436333      4.436328
   2.37444      4.465812      4.466732
   2.43089      4.370639      4.367547
   2.48735      4.393236      4.390554
   2.54381      4.406911      4.407223
   2.54381      4.576306      4.576319
   2.60086      4.535090      4.535063
   2.65792      4.509838      4.509837
   2.71498      4.469583      4.469589
   2.77204      4.406169      4.406168
   2.82909      4.349871      4.349341
   2.88615      4.276701      4.277215
   2.94321      4.184596      4.184595
   3.00027      4.104190      4.104187
   3.05732      4.048726      4.048723
   3.11438      4.116755      4.116753
   3.17144      4.101071      4.101071
   3.17144      4.101085      4.101071
   3.22991      4.114976      4.114976
   3.28839      4.154106      4.154094
   3.34686      4.229777      4.229627
   3.40534      4.261881      4.261879
   3.46381      4.240345      4.240343
   3.52229      4.230787      4.231014
   3.58076      4.235158      4.234585
   3.63924      4.223900      4.223888
   3.69772      4.153700      4.153742
   3.75619      4.178351      4.178856
 
# Band-Index   94
   3.75619      4.178809      4.179131
   3.69772      4.281256      4.281127
   3.63924      4.293413      4.293431
   3.58076      4.324259      4.324110
   3.52229      4.252283      4.252281
   3.46381      4.296091      4.295975
   3.40534      4.399946      4.399726
   3.34686      4.370566      4.370549
   3.28839      4.274688      4.274686
   3.22991      4.205165      4.205164
   3.17144      4.218478      4.218472
   3.17144      4.218475      4.218472
   3.11438      4.216757      4.216756
   3.05732      4.347165      4.347164
   3.00027      4.482797      4.482567
   2.94321      4.414149      4.414149
   2.88615      4.366235      4.366235
   2.82909      4.353602      4.353601
   2.77204      4.424472      4.424489
   2.71498      4.511197      4.511202
   2.65792      4.569273      4.569271
   2.60086      4.598020      4.598018
   2.54381      4.576335      4.576364
   2.54381      4.411621      4.410906
   2.48735      4.509001      4.508974
   2.43089      4.596924      4.597632
   2.37444      4.530754      4.530754
   2.31798      4.599494      4.599493
   2.26153      4.555772      4.555555
   2.20507      4.431487      4.431486
   2.14861      4.418744      4.418742
   2.09216      4.376795      4.376794
   2.03570      4.264040      4.263981
   1.97924      4.218476      4.218478
   1.97924      4.218477      4.218472
   1.92359      4.205159      4.205159
   1.86793      4.320035      4.319955
   1.81228      4.441799      4.441798
   1.75662      4.474562      4.474854
   1.70097      4.389000      4.389000
   1.64531      4.326323      4.326322
   1.58966      4.349585      4.349735
   1.53400      4.374501      4.374501
   1.47834      4.347194      4.347383
   1.42269      4.301017      4.301280
   1.36703      4.340726      4.340972
   1.31138      4.389733      4.389537
   1.25572      4.421032      4.420718
   1.25572      4.637467      4.637845
   1.19359      4.660185      4.659133
   1.13146      4.489692      4.489693
   1.06932      4.303580      4.303578
   1.00719      4.263904      4.263903
   0.94506      4.383447      4.383446
   0.88292      4.320002      4.319994
   0.82079      4.218474      4.218473
   0.82079      4.218476      4.218472
   0.76080      4.267130      4.267128
   0.70081      4.393302      4.393215
   0.64081      4.313822      4.314078
   0.58082      4.396977      4.396975
   0.52083      4.452330      4.452329
   0.46084      4.438633      4.438631
   0.46084      4.445390      4.445409
   0.40323      4.489597      4.489591
   0.34563      4.513247      4.513271
   0.28802      4.374199      4.374397
   0.23042      4.233461      4.233627
   0.17281      4.191268      4.191332
   0.11521      4.165902      4.165938
   0.05760      4.144360      4.144357
   0.00000      4.218477      4.218475
 
# Band-Index   95
   0.00000      4.456716      4.456715
   0.05760      4.543249      4.543247
   0.11521      4.607598      4.607594
   0.17281      4.606268      4.606704
   0.23042      4.576423      4.575151
   0.28802      4.578838      4.579400
   0.34563      4.600350      4.602534
   0.40323      4.714098      4.713647
   0.46084      4.773504      4.771011
   0.46084      4.663083      4.663099
   0.52083      4.555061      4.555061
   0.58082      4.599352      4.599351
   0.64081      4.502634      4.502632
   0.70081      4.522479      4.522477
   0.76080      4.498667      4.498666
   0.82079      4.456716      4.456715
   0.82079      4.456717      4.456715
   0.88292      4.543772      4.543770
   0.94506      4.636598      4.636597
   1.00719      4.600609      4.600608
   1.06932      4.589086      4.589087
   1.13146      4.759498      4.758937
   1.19359      4.747652      4.747647
   1.25572      4.856298      4.855893
   1.25572      4.440552      4.440638
   1.31138      4.456336      4.456510
   1.36703      4.459064      4.459271
   1.42269      4.465096      4.465094
   1.47834      4.483815      4.484076
   1.53400      4.428532      4.428537
   1.58966      4.454130      4.454030
   1.64531      4.521266      4.521263
   1.70097      4.573839      4.573843
   1.75662      4.570015      4.570309
   1.81228      4.596535      4.596472
   1.86793      4.651332      4.651325
   1.92359      4.543214      4.543210
   1.97924      4.456716      4.456715
   1.97924      4.456716      4.456716
   2.03570      4.526339      4.526338
   2.09216      4.582040      4.582041
   2.14861      4.521201      4.521637
   2.20507      4.528822      4.528886
   2.26153      4.672491      4.672494
   2.31798      4.701557      4.701582
   2.37444      4.661511      4.661515
   2.43089      4.661537      4.661533
   2.48735      4.762071      4.762126
   2.54381      4.853719      4.853744
   2.54381      4.748189      4.748170
   2.60086      4.669461      4.669461
   2.65792      4.599831      4.599832
   2.71498      4.531337      4.531648
   2.77204      4.465225      4.465224
   2.82909      4.405561      4.405560
   2.88615      4.368833      4.368832
   2.94321      4.499710      4.499709
   3.00027      4.564718      4.564719
   3.05732      4.694080      4.694297
   3.11438      4.557889      4.557876
   3.17144      4.456716      4.456715
   3.17144      4.456717      4.456716
   3.22991      4.527265      4.527264
   3.28839      4.553469      4.553466
   3.34686      4.512264      4.512269
   3.40534      4.485570      4.485939
   3.46381      4.582970      4.583078
   3.52229      4.538004      4.538114
   3.58076      4.412178      4.412178
   3.63924      4.412057      4.412021
   3.69772      4.362257      4.362380
   3.75619      4.403560      4.403560
 
# Band-Index   96
   3.75619      4.403855      4.403915
   3.69772      4.511667      4.511858
   3.63924      4.543550      4.544227
   3.58076      4.496366      4.496363
   3.52229      4.574062      4.573687
   3.46381      4.608146      4.608590
   3.40534      4.581869      4.581865
   3.34686      4.580906      4.580667
   3.28839      4.638693      4.638687
   3.22991      4.584192      4.584191
   3.17144      4.586887      4.586887
   3.17144      4.586887      4.586884
   3.11438      4.625930      4.625927
   3.05732      4.720539      4.720539
   3.00027      4.740600      4.740600
   2.94321      4.728814      4.728814
   2.88615      4.721266      4.722139
   2.82909      4.685954      4.685770
   2.77204      4.654737      4.654228
   2.71498      4.634009      4.634933
   2.65792      4.657185      4.657053
   2.60086      4.718002      4.717992
   2.54381      4.748237      4.748182
   2.54381      4.853743      4.856747
   2.48735      4.845918      4.847309
   2.43089      4.822450      4.822310
   2.37444      4.803372      4.802753
   2.31798      4.750610      4.750730
   2.26153      4.738918      4.738922
   2.20507      4.668469      4.668469
   2.14861      4.702469      4.700863
   2.09216      4.728327      4.728035
   2.03570      4.639488      4.639487
   1.97924      4.586887      4.586885
   1.97924      4.586887      4.586886
   1.92359      4.610946      4.610946
   1.86793      4.695827      4.695822
   1.81228      4.694021      4.694024
   1.75662      4.628348      4.628339
   1.70097      4.597901      4.598012
   1.64531      4.635677      4.635969
   1.58966      4.681298      4.681115
   1.53400      4.651600      4.651414
   1.47834      4.541613      4.541558
   1.42269      4.553598      4.553480
   1.36703      4.570873      4.570719
   1.31138      4.547488      4.547677
   1.25572      4.441097      4.440976
   1.25572      4.856897      4.858328
   1.19359      4.844595      4.844363
   1.13146      4.816828      4.816797
   1.06932      4.771354      4.770894
   1.00719      4.782112      4.781428
   0.94506      4.743766      4.744115
   0.88292      4.704255      4.704259
   0.82079      4.586888      4.586884
   0.82079      4.586887      4.586885
   0.76080      4.572045      4.572042
   0.70081      4.561473      4.561465
   0.64081      4.554076      4.553898
   0.58082      4.649819      4.649648
   0.52083      4.755692      4.755720
   0.46084      4.663363      4.663508
   0.46084      4.865692      4.865566
   0.40323      4.807147      4.807521
   0.34563      4.774490      4.774725
   0.28802      4.688366      4.688209
   0.23042      4.603819      4.603678
   0.17281      4.663434      4.663400
   0.11521      4.688136      4.688123
   0.05760      4.594471      4.594467
   0.00000      4.586887      4.586885
 
# Band-Index   97
   0.00000      4.782694      4.782722
   0.05760      4.766999      4.767024
   0.11521      4.740752      4.740753
   0.17281      4.789819      4.789815
   0.23042      4.799155      4.799120
   0.28802      4.785250      4.785553
   0.34563      4.857319      4.857378
   0.40323      4.990323      4.990326
   0.46084      4.922711      4.922727
   0.46084      5.082838      5.082841
   0.52083      4.874321      4.874248
   0.58082      4.752605      4.752604
   0.64081      4.768516      4.768518
   0.70081      4.630458      4.630717
   0.76080      4.814788      4.814780
   0.82079      4.782694      4.782774
   0.82079      4.782858      4.782757
   0.88292      4.742049      4.741977
   0.94506      4.814613      4.815232
   1.00719      4.884998      4.884992
   1.06932      4.931844      4.932355
   1.13146      4.873100      4.873080
   1.19359      4.945220      4.945104
   1.25572      5.033616      5.033499
   1.25572      4.789631      4.789634
   1.31138      4.694308      4.694258
   1.36703      4.677090      4.677090
   1.42269      4.642921      4.642919
   1.47834      4.717458      4.717813
   1.53400      4.824148      4.824505
   1.58966      4.864709      4.863284
   1.64531      4.841151      4.840372
   1.70097      4.796407      4.796982
   1.75662      4.762643      4.762631
   1.81228      4.772379      4.772345
   1.86793      4.760197      4.760052
   1.92359      4.791192      4.791191
   1.97924      4.782900      4.782831
   1.97924      4.782771      4.782695
   2.03570      4.770123      4.770087
   2.09216      4.792099      4.792486
   2.14861      4.813178      4.813198
   2.20507      4.826586      4.826589
   2.26153      4.808784      4.808785
   2.31798      4.847640      4.847238
   2.37444      4.846796      4.846240
   2.43089      4.893819      4.892449
   2.48735      4.939585      4.938053
   2.54381      4.997155      4.997155
   2.54381      4.838580      4.838659
   2.60086      4.887523      4.887522
   2.65792      4.832725      4.832722
   2.71498      4.776216      4.776219
   2.77204      4.788117      4.787958
   2.82909      4.834009      4.833649
   2.88615      4.875142      4.874510
   2.94321      4.774246      4.774328
   3.00027      4.814666      4.814673
   3.05732      4.797908      4.798009
   3.11438      4.788890      4.788659
   3.17144      4.782755      4.782694
   3.17144      4.782746      4.782695
   3.22991      4.781355      4.781427
   3.28839      4.701004      4.702024
   3.34686      4.714782      4.714788
   3.40534      4.769363      4.769364
   3.46381      4.785711      4.785711
   3.52229      4.793779      4.793709
   3.58076      4.799559      4.799566
   3.63924      4.720286      4.720425
   3.69772      4.757245      4.758258
   3.75619      4.807793      4.807764
 
# Band-Index   98
   3.75619      4.807810      4.807785
   3.69772      4.830291      4.830318
   3.63924      4.872788      4.873584
   3.58076      4.916459      4.915731
   3.52229      4.931906      4.932072
   3.46381      4.916611      4.916387
   3.40534      4.927716      4.927724
   3.34686      4.897718      4.897714
   3.28839      4.830207      4.830211
   3.22991      4.853856      4.854458
   3.17144      4.958443      4.959421
   3.17144      4.957680      4.959798
   3.11438      4.965464      4.966125
   3.05732      4.839889      4.839887
   3.00027      4.843154      4.843159
   2.94321      4.872775      4.873380
   2.88615      4.908131      4.908019
   2.82909      5.001224      5.001230
   2.77204      5.055209      5.055177
   2.71498      5.077183      5.077445
   2.65792      5.038362      5.038329
   2.60086      4.926734      4.926732
   2.54381      4.838783      4.838754
   2.54381      4.997680      4.998169
   2.48735      5.033293      5.033343
   2.43089      5.092194      5.093122
   2.37444      5.104141      5.103460
   2.31798      5.048150      5.049152
   2.26153      5.010962      5.010565
   2.20507      5.066825      5.067948
   2.14861      4.928882      4.929571
   2.09216      4.802459      4.802695
   2.03570      4.864170      4.867839
   1.97924      4.959165      4.960042
   1.97924      4.958051      4.958511
   1.92359      4.925053      4.925304
   1.86793      4.835991      4.836001
   1.81228      4.867176      4.868037
   1.75662      4.918476      4.918693
   1.70097      4.903647      4.903648
   1.64531      4.914926      4.914904
   1.58966      4.932268      4.932261
   1.53400      4.904211      4.903785
   1.47834      4.783501      4.783883
   1.42269      4.750526      4.750571
   1.36703      4.716479      4.715764
   1.31138      4.751101      4.751033
   1.25572      4.789662      4.789652
   1.25572      5.033883      5.033782
   1.19359      5.059718      5.059612
   1.13146      4.959654      4.958163
   1.06932      4.990164      4.991091
   1.00719      4.914591      4.915332
   0.94506      4.878602      4.878712
   0.88292      4.853293      4.857780
   0.82079      4.960053      4.959739
   0.82079      4.957606      4.958248
   0.76080      4.820249      4.824073
   0.70081      4.886537      4.886656
   0.64081      4.849538      4.849038
   0.58082      4.846939      4.846486
   0.52083      4.953675      4.953696
   0.46084      5.082847      5.083360
   0.46084      5.061702      5.062822
   0.40323      5.039304      5.039944
   0.34563      5.026629      5.026407
   0.28802      4.984135      4.983217
   0.23042      4.937293      4.937830
   0.17281      4.857997      4.857984
   0.11521      4.827230      4.824036
   0.05760      4.873355      4.873667
   0.00000      4.958346      4.958683
 
# Band-Index   99
   0.00000      5.004044      5.005665
   0.05760      5.078343      5.078194
   0.11521      4.916265      4.916311
   0.17281      4.875608      4.875939
   0.23042      4.961522      4.961074
   0.28802      5.034065      5.034055
   0.34563      5.036896      5.038345
   0.40323      5.058540      5.060443
   0.46084      5.145757      5.147837
   0.46084      5.158454      5.158400
   0.52083      5.073750      5.073748
   0.58082      4.939431      4.939428
   0.64081      4.927232      4.927224
   0.70081      4.950465      4.951890
   0.76080      4.992189      4.990977
   0.82079      5.005475      5.004038
   0.82079      5.007515      5.006245
   0.88292      5.081344      5.075492
   0.94506      4.993980      4.993986
   1.00719      5.147595      5.144693
   1.06932      5.107793      5.107118
   1.13146      5.189241      5.186158
   1.19359      5.246975      5.245606
   1.25572      5.281453      5.281464
   1.25572      4.817374      4.817374
   1.31138      4.824309      4.824309
   1.36703      4.857783      4.857780
   1.42269      4.946405      4.946400
   1.47834      4.985581      4.985574
   1.53400      4.965023      4.965028
   1.58966      5.025601      5.025591
   1.64531      5.022827      5.022818
   1.70097      5.016365      5.016298
   1.75662      5.012580      5.012582
   1.81228      4.992931      4.992378
   1.86793      4.953088      4.952984
   1.92359      4.975452      4.975467
   1.97924      5.004240      5.004681
   1.97924      5.005533      5.004802
   2.03570      4.986911      4.989302
   2.09216      4.906215      4.907084
   2.14861      4.987213      4.987218
   2.20507      5.130251      5.130333
   2.26153      5.224876      5.225274
   2.31798      5.228839      5.228265
   2.37444      5.229964      5.227526
   2.43089      5.156169      5.156688
   2.48735      5.066441      5.067909
   2.54381      5.012019      5.013631
   2.54381      5.044122      5.044243
   2.60086      5.037928      5.037946
   2.65792      5.113057      5.113096
   2.71498      5.240742      5.243446
   2.77204      5.237508      5.237698
   2.82909      5.156021      5.155720
   2.88615      4.992786      4.993209
   2.94321      4.988008      4.988008
   3.00027      4.949278      4.949337
   3.05732      4.908846      4.911319
   3.11438      4.982876      4.981834
   3.17144      5.004130      5.004449
   3.17144      5.004685      5.004570
   3.22991      5.064147      5.067230
   3.28839      5.036320      5.035970
   3.34686      5.036529      5.035612
   3.40534      5.012321      5.013000
   3.46381      4.983640      4.983170
   3.52229      4.985489      4.985881
   3.58076      4.958357      4.956993
   3.63924      4.945897      4.944452
   3.69772      4.980115      4.981444
   3.75619      5.038421      5.039865
 
# Band-Index  100
   3.75619      5.042749      5.040450
   3.69772      5.047621      5.048959
   3.63924      5.000151      5.000337
   3.58076      5.058863      5.057892
   3.52229      5.093426      5.094032
   3.46381      5.141212      5.141107
   3.40534      5.168564      5.168559
   3.34686      5.150342      5.150270
   3.28839      5.123931      5.123910
   3.22991      5.106402      5.108661
   3.17144      5.201866      5.201750
   3.17144      5.205923      5.200982
   3.11438      5.031726      5.032179
   3.05732      5.004385      5.005387
   3.00027      5.013668      5.013450
   2.94321      5.120992      5.120961
   2.88615      5.196272      5.196270
   2.82909      5.214130      5.214122
   2.77204      5.311723      5.312619
   2.71498      5.251447      5.252579
   2.65792      5.129646      5.129815
   2.60086      5.038334      5.038335
   2.54381      5.044163      5.044587
   2.54381      5.016187      5.015593
   2.48735      5.122989      5.121758
   2.43089      5.241122      5.241295
   2.37444      5.291664      5.295784
   2.31798      5.303382      5.301244
   2.26153      5.252701      5.252761
   2.20507      5.150056      5.151702
   2.14861      5.221981      5.221369
   2.09216      5.233110      5.232434
   2.03570      5.193843      5.192691
   1.97924      5.201300      5.201067
   1.97924      5.200427      5.201213
   1.92359      5.096441      5.096931
   1.86793      5.063442      5.062778
   1.81228      5.032314      5.032163
   1.75662      5.038909      5.038936
   1.70097      5.102087      5.101796
   1.64531      5.110541      5.110556
   1.58966      5.071682      5.071322
   1.53400      5.025852      5.025866
   1.47834      5.010485      5.010481
   1.42269      4.975104      4.975089
   1.36703      4.946778      4.946768
   1.31138      4.899380      4.899383
   1.25572      4.817387      4.817382
   1.25572      5.281521      5.281494
   1.19359      5.317944      5.317941
   1.13146      5.431590      5.431655
   1.06932      5.395166      5.389163
   1.00719      5.185720      5.183922
   0.94506      5.138195      5.139190
   0.88292      5.085911      5.086462
   0.82079      5.203431      5.204395
   0.82079      5.200618      5.203155
   0.76080      5.086084      5.084080
   0.70081      4.995951      4.995044
   0.64081      4.954289      4.954298
   0.58082      5.019434      5.019429
   0.52083      5.126490      5.126640
   0.46084      5.158509      5.158428
   0.46084      5.167525      5.168358
   0.40323      5.126874      5.126881
   0.34563      5.094179      5.094158
   0.28802      5.056930      5.056290
   0.23042      5.022551      5.022485
   0.17281      5.091852      5.091477
   0.11521      5.206040      5.205734
   0.05760      5.117943      5.116729
   0.00000      5.201771      5.201111
 
# Band-Index  101
   0.00000      5.207723      5.208867
   0.05760      5.232480      5.230800
   0.11521      5.213128      5.213143
   0.17281      5.186263      5.186133
   0.23042      5.132725      5.134008
   0.28802      5.165981      5.165998
   0.34563      5.202840      5.202671
   0.40323      5.217339      5.217472
   0.46084      5.267603      5.267789
   0.46084      5.304510      5.304151
   0.52083      5.370591      5.370592
   0.58082      5.448216      5.448275
   0.64081      5.455554      5.454636
   0.70081      5.425469      5.426638
   0.76080      5.341130      5.341159
   0.82079      5.208341      5.209695
   0.82079      5.210149      5.213164
   0.88292      5.324468      5.325201
   0.94506      5.450252      5.452058
   1.00719      5.489263      5.504485
   1.06932      5.528462      5.547715
   1.13146      5.537144      5.532249
   1.19359      5.464356      5.464853
   1.25572      5.499670      5.499846
   1.25572      5.251602      5.251601
   1.31138      5.246528      5.246519
   1.36703      5.240499      5.240469
   1.42269      5.239629      5.240079
   1.47834      5.200992      5.202105
   1.53400      5.111887      5.111876
   1.58966      5.141527      5.140759
   1.64531      5.243170      5.243168
   1.70097      5.274379      5.274325
   1.75662      5.277637      5.271619
   1.81228      5.179970      5.177374
   1.86793      5.176738      5.177926
   1.92359      5.204007      5.205121
   1.97924      5.208967      5.209805
   1.97924      5.207734      5.207769
   2.03570      5.233037      5.231543
   2.09216      5.280493      5.281441
   2.14861      5.349245      5.346808
   2.20507      5.414001      5.414372
   2.26153      5.386538      5.387582
   2.31798      5.389162      5.383819
   2.37444      5.347073      5.339461
   2.43089      5.334509      5.327861
   2.48735      5.451194      5.433462
   2.54381      5.503806      5.506437
   2.54381      5.125927      5.125927
   2.60086      5.122875      5.122439
   2.65792      5.221618      5.221929
   2.71498      5.281080      5.282401
   2.77204      5.345771      5.345426
   2.82909      5.333780      5.331885
   2.88615      5.255746      5.256943
   2.94321      5.213261      5.213472
   3.00027      5.248270      5.249309
   3.05732      5.240891      5.240362
   3.11438      5.230133      5.223907
   3.17144      5.209899      5.207702
   3.17144      5.207814      5.207834
   3.22991      5.227620      5.232378
   3.28839      5.202510      5.202279
   3.34686      5.188100      5.187323
   3.40534      5.190650      5.189649
   3.46381      5.147286      5.147288
   3.52229      5.163914      5.162878
   3.58076      5.194849      5.195390
   3.63924      5.186199      5.182528
   3.69772      5.092229      5.096024
   3.75619      5.183689      5.183230
 
# Band-Index  102
   3.75619      5.183948      5.183428
   3.69772      5.270378      5.270288
   3.63924      5.275908      5.269772
   3.58076      5.312100      5.310392
   3.52229      5.359189      5.359260
   3.46381      5.384996      5.382478
   3.40534      5.319676      5.319492
   3.34686      5.333360      5.334467
   3.28839      5.380324      5.381740
   3.22991      5.360466      5.363728
   3.17144      5.325391      5.325552
   3.17144      5.327189      5.325388
   3.11438      5.362738      5.362269
   3.05732      5.319360      5.318896
   3.00027      5.260805      5.260956
   2.94321      5.355517      5.355462
   2.88615      5.493202      5.495375
   2.82909      5.550016      5.551575
   2.77204      5.505675      5.504650
   2.71498      5.437204      5.436884
   2.65792      5.350309      5.350275
   2.60086      5.243706      5.243706
   2.54381      5.125956      5.125937
   2.54381      5.535384      5.507922
   2.48735      5.550752      5.523545
   2.43089      5.575968      5.563402
   2.37444      5.563212      5.562370
   2.31798      5.423683      5.423225
   2.26153      5.415988      5.414015
   2.20507      5.458428      5.460698
   2.14861      5.488567      5.489621
   2.09216      5.492012      5.489767
   2.03570      5.393289      5.398043
   1.97924      5.325395      5.325520
   1.97924      5.326820      5.326632
   1.92359      5.394758      5.396393
   1.86793      5.426295      5.426306
   1.81228      5.412062      5.412065
   1.75662      5.335391      5.335493
   1.70097      5.407077      5.401819
   1.64531      5.365283      5.365041
   1.58966      5.319371      5.319305
   1.53400      5.319713      5.319912
   1.47834      5.320147      5.320191
   1.42269      5.368419      5.368503
   1.36703      5.357096      5.358599
   1.31138      5.286647      5.284616
   1.25572      5.251845      5.251638
   1.25572      5.501482      5.500322
   1.19359      5.577123      5.580358
   1.13146      5.587526      5.577361
   1.06932      5.582049      5.581223
   1.00719      5.571747      5.572237
   0.94506      5.512163      5.509428
   0.88292      5.358974      5.361531
   0.82079      5.328027      5.325447
   0.82079      5.328387      5.327819
   0.76080      5.357985      5.357963
   0.70081      5.440310      5.441617
   0.64081      5.471756      5.471870
   0.58082      5.469716      5.469589
   0.52083      5.403026      5.402995
   0.46084      5.305023      5.304849
   0.46084      5.269981      5.269699
   0.40323      5.401965      5.401828
   0.34563      5.296760      5.296665
   0.28802      5.178097      5.178855
   0.23042      5.265027      5.267785
   0.17281      5.342279      5.342242
   0.11521      5.292676      5.291546
   0.05760      5.311566      5.311747
   0.00000      5.326495      5.325402
 
# Band-Index  103
   0.00000      5.377471      5.378073
   0.05760      5.440988      5.440162
   0.11521      5.483910      5.483872
   0.17281      5.405632      5.402100
   0.23042      5.398004      5.398110
   0.28802      5.441247      5.441377
   0.34563      5.464099      5.463065
   0.40323      5.513468      5.516491
   0.46084      5.657798      5.650842
   0.46084      5.442007      5.442299
   0.52083      5.514347      5.511400
   0.58082      5.565671      5.566315
   0.64081      5.561387      5.548228
   0.70081      5.566544      5.567075
   0.76080      5.481660      5.481628
   0.82079      5.377751      5.377204
   0.82079      5.377280      5.377247
   0.88292      5.479107      5.477907
   0.94506      5.586802      5.587301
   1.00719      5.640075      5.647147
   1.06932      5.635324      5.636297
   1.13146      5.707234      5.703879
   1.19359      5.761582      5.760291
   1.25572      5.728019      5.733302
   1.25572      5.499114      5.499096
   1.31138      5.517340      5.521567
   1.36703      5.544773      5.543316
   1.42269      5.548480      5.548560
   1.47834      5.546316      5.547461
   1.53400      5.483996      5.485250
   1.58966      5.444782      5.442428
   1.64531      5.472472      5.464060
   1.70097      5.471956      5.471798
   1.75662      5.552523      5.553575
   1.81228      5.589636      5.586558
   1.86793      5.570570      5.574769
   1.92359      5.462720      5.466079
   1.97924      5.377757      5.377227
   1.97924      5.377268      5.377587
   2.03570      5.461810      5.461432
   2.09216      5.586828      5.586303
   2.14861      5.640674      5.636873
   2.20507      5.604846      5.612966
   2.26153      5.572414      5.565092
   2.31798      5.581992      5.580297
   2.37444      5.588726      5.589614
   2.43089      5.694429      5.690129
   2.48735      5.775296      5.760490
   2.54381      5.723992      5.738370
   2.54381      5.529651      5.529643
   2.60086      5.518431      5.518426
   2.65792      5.524954      5.523460
   2.71498      5.585742      5.564546
   2.77204      5.590297      5.590112
   2.82909      5.648762      5.649686
   2.88615      5.675954      5.676706
   2.94321      5.696408      5.695825
   3.00027      5.703009      5.703495
   3.05732      5.644778      5.649614
   3.11438      5.486268      5.485314
   3.17144      5.378373      5.377861
   3.17144      5.377577      5.377500
   3.22991      5.447821      5.451538
   3.28839      5.519487      5.519453
   3.34686      5.504825      5.504304
   3.40534      5.432787      5.434556
   3.46381      5.532486      5.537227
   3.52229      5.500241      5.500050
   3.58076      5.441987      5.441598
   3.63924      5.403016      5.401178
   3.69772      5.344562      5.344386
   3.75619      5.366885      5.365123
 
# Band-Index  104
   3.75619      5.369922      5.367743
   3.69772      5.494445      5.490231
   3.63924      5.604581      5.600142
   3.58076      5.651970      5.647410
   3.52229      5.719853      5.719895
   3.46381      5.559391      5.560406
   3.40534      5.574201      5.575518
   3.34686      5.607326      5.603754
   3.28839      5.687562      5.685007
   3.22991      5.719349      5.722547
   3.17144      5.746130      5.746331
   3.17144      5.746279      5.746129
   3.11438      5.750481      5.747049
   3.05732      5.756456      5.755287
   3.00027      5.735382      5.738058
   2.94321      5.706763      5.714423
   2.88615      5.679540      5.677472
   2.82909      5.656343      5.658559
   2.77204      5.607721      5.605566
   2.71498      5.609516      5.615503
   2.65792      5.592657      5.580193
   2.60086      5.548930      5.548822
   2.54381      5.529847      5.529718
   2.54381      5.763185      5.750846
   2.48735      5.808780      5.777436
   2.43089      5.763855      5.758759
   2.37444      5.664265      5.669359
   2.31798      5.623667      5.622868
   2.26153      5.615738      5.616893
   2.20507      5.648175      5.650653
   2.14861      5.698524      5.702500
   2.09216      5.682250      5.655273
   2.03570      5.709089      5.710352
   1.97924      5.746453      5.764271
   1.97924      5.746569      5.746592
   1.92359      5.729932      5.730150
   1.86793      5.741491      5.741533
   1.81228      5.710066      5.703772
   1.75662      5.720653      5.725350
   1.70097      5.707088      5.703242
   1.64531      5.677893      5.679145
   1.58966      5.645037      5.641867
   1.53400      5.591815      5.591787
   1.47834      5.579296      5.580824
   1.42269      5.635054      5.633017
   1.36703      5.681574      5.681569
   1.31138      5.598897      5.605354
   1.25572      5.505257      5.499145
   1.25572      5.733412      5.746442
   1.19359      5.804652      5.803416
   1.13146      5.785084      5.784590
   1.06932      5.757229      5.757214
   1.00719      5.705140      5.707798
   0.94506      5.613570      5.617512
   0.88292      5.738758      5.739132
   0.82079      5.746779      5.752172
   0.82079      5.751841      5.746185
   0.76080      5.673895      5.671260
   0.70081      5.656959      5.661085
   0.64081      5.730785      5.726292
   0.58082      5.647082      5.647094
   0.52083      5.556300      5.558646
   0.46084      5.442925      5.442806
   0.46084      5.723034      5.731654
   0.40323      5.697131      5.705535
   0.34563      5.711186      5.714128
   0.28802      5.719434      5.721926
   0.23042      5.726245      5.714445
   0.17281      5.661460      5.650904
   0.11521      5.733855      5.725668
   0.05760      5.742366      5.742420
   0.00000      5.746047      5.746846
 
# Band-Index  105
   0.00000      5.822663      5.824468
   0.05760      5.815307      5.816527
   0.11521      5.746505      5.739214
   0.17281      5.737950      5.738711
   0.23042      5.737522      5.739785
   0.28802      5.746600      5.745755
   0.34563      5.742052      5.741783
   0.40323      5.764742      5.774930
   0.46084      5.800019      5.806055
   0.46084      5.865809      5.867069
   0.52083      5.661573      5.661498
   0.58082      5.676647      5.679526
   0.64081      5.759815      5.767012
   0.70081      5.783425      5.783540
   0.76080      5.831972      5.831537
   0.82079      5.825633      5.821031
   0.82079      5.828130      5.838793
   0.88292      5.764716      5.747508
   0.94506      5.727010      5.727110
   1.00719      5.726359      5.728479
   1.06932      5.760627      5.760410
   1.13146      5.794443      5.794443
   1.19359      5.838861      5.836453
   1.25572      5.843869      5.845837
   1.25572      5.829365      5.829002
   1.31138      5.775369      5.776962
   1.36703      5.730003      5.725436
   1.42269      5.678157      5.670269
   1.47834      5.648080      5.645091
   1.53400      5.664552      5.660996
   1.58966      5.707902      5.701035
   1.64531      5.709303      5.717015
   1.70097      5.771772      5.766818
   1.75662      5.785654      5.781396
   1.81228      5.803300      5.801972
   1.86793      5.763386      5.765998
   1.92359      5.813155      5.815005
   1.97924      5.825327      5.827592
   1.97924      5.824732      5.853598
   2.03570      5.809284      5.818418
   2.09216      5.773696      5.763497
   2.14861      5.790921      5.783511
   2.20507      5.774102      5.780708
   2.26153      5.787282      5.791020
   2.31798      5.816720      5.806860
   2.37444      5.909331      5.901636
   2.43089      5.904883      5.904316
   2.48735      5.934461      5.931794
   2.54381      5.930672      5.916321
   2.54381      5.807112      5.808094
   2.60086      5.796191      5.794204
   2.65792      5.785084      5.776035
   2.71498      5.746627      5.743286
   2.77204      5.714113      5.712828
   2.82909      5.703371      5.703548
   2.88615      5.755588      5.755297
   2.94321      5.806440      5.806323
   3.00027      5.803426      5.830144
   3.05732      5.763471      5.792077
   3.11438      5.836164      5.805055
   3.17144      5.826338      5.827248
   3.17144      5.826450      5.841101
   3.22991      5.821432      5.834897
   3.28839      5.790825      5.783031
   3.34686      5.764248      5.765816
   3.40534      5.796111      5.794961
   3.46381      5.798884      5.800655
   3.52229      5.739439      5.738659
   3.58076      5.754683      5.752687
   3.63924      5.775826      5.772207
   3.69772      5.866032      5.873522
   3.75619      5.993119      5.991557
 
# Band-Index  106
   3.75619      5.995715      5.998411
   3.69772      6.021700      6.019420
   3.63924      5.942577      5.941674
   3.58076      5.878908      5.872858
   3.52229      5.815445      5.811314
   3.46381      5.874943      5.875307
   3.40534      5.880171      5.881262
   3.34686      5.868113      5.868988
   3.28839      5.880795      5.893068
   3.22991      5.934084      5.947237
   3.17144      5.933395      5.932410
   3.17144      5.928406      5.928491
   3.11438      5.940261      5.913596
   3.05732      5.876624      5.876082
   3.00027      5.869732      5.868145
   2.94321      5.848784      5.858263
   2.88615      5.791224      5.791008
   2.82909      5.765013      5.758723
   2.77204      5.810120      5.801487
   2.71498      5.802037      5.806272
   2.65792      5.810962      5.804828
   2.60086      5.812863      5.810611
   2.54381      5.813896      5.814301
   2.54381      5.946037      5.959033
   2.48735      5.960818      5.950857
   2.43089      5.973478      5.948142
   2.37444      5.923228      5.916407
   2.31798      5.934729      5.928624
   2.26153      5.883153      5.886156
   2.20507      5.909374      5.906433
   2.14861      5.834124      5.832285
   2.09216      5.877588      5.881368
   2.03570      5.918926      5.927714
   1.97924      5.929674      5.941848
   1.97924      5.947309      5.932675
   1.92359      5.918333      5.920181
   1.86793      5.895966      5.895073
   1.81228      5.840205      5.840010
   1.75662      5.843883      5.844333
   1.70097      5.801341      5.792571
   1.64531      5.906112      5.892447
   1.58966      5.934624      5.932363
   1.53400      5.968546      5.967511
   1.47834      5.981262      5.964673
   1.42269      5.904296      5.917598
   1.36703      5.863350      5.852440
   1.31138      5.816755      5.813848
   1.25572      5.829478      5.829010
   1.25572      5.851360      5.856680
   1.19359      5.895221      5.892009
   1.13146      5.996224      5.990872
   1.06932      5.978992      5.975071
   1.00719      5.967201      5.962478
   0.94506      5.919347      5.949027
   0.88292      5.923047      5.926368
   0.82079      5.931291      5.926154
   0.82079      5.928896      5.927639
   0.76080      5.931603      5.932313
   0.70081      5.870275      5.870132
   0.64081      5.804187      5.802540
   0.58082      5.812525      5.808591
   0.52083      5.906599      5.906299
   0.46084      5.875084      5.883147
   0.46084      5.860665      5.862884
   0.40323      5.810652      5.815152
   0.34563      5.831328      5.836698
   0.28802      5.793047      5.788037
   0.23042      5.796587      5.804128
   0.17281      5.802034      5.804972
   0.11521      5.820405      5.828601
   0.05760      5.936084      5.926872
   0.00000      5.929478      5.932230
 
# Band-Index  107
   0.00000      5.968714      5.966523
   0.05760      5.961063      5.957581
   0.11521      5.947746      5.949161
   0.17281      5.943430      5.944994
   0.23042      5.952862      5.952132
   0.28802      5.956485      5.952486
   0.34563      5.951191      5.962615
   0.40323      5.918197      5.943024
   0.46084      5.898274      5.926624
   0.46084      6.010505      5.996009
   0.52083      5.991733      5.983032
   0.58082      5.975555      5.969638
   0.64081      5.916845      5.916724
   0.70081      5.917293      5.921049
   0.76080      5.933048      5.936150
   0.82079      5.961565      5.961404
   0.82079      5.962394      5.961397
   0.88292      5.978126      5.981900
   0.94506      5.987922      5.987472
   1.00719      5.972518      5.974361
   1.06932      6.005237      6.004689
   1.13146      6.041438      6.007886
   1.19359      5.947960      5.946132
   1.25572      6.017992      6.019726
   1.25572      5.918375      5.918215
   1.31138      5.936999      5.934269
   1.36703      5.942199      5.946572
   1.42269      5.973145      5.973288
   1.47834      5.994796      5.993661
   1.53400      6.005820      6.005028
   1.58966      6.012485      6.010613
   1.64531      5.915990      5.909217
   1.70097      5.879611      5.875003
   1.75662      5.851986      5.854974
   1.81228      5.949782      5.945160
   1.86793      5.946063      5.937848
   1.92359      5.956840      5.957411
   1.97924      5.964902      5.964141
   1.97924      5.960717      5.984557
   2.03570      5.958029      5.961005
   2.09216      5.966697      5.962975
   2.14861      5.962517      5.970023
   2.20507      5.961942      5.955976
   2.26153      5.991086      5.976473
   2.31798      6.057568      6.018613
   2.37444      6.027068      6.038773
   2.43089      6.067242      6.021319
   2.48735      6.066568      6.039958
   2.54381      6.105233      6.093136
   2.54381      6.020418      6.020776
   2.60086      6.016942      6.017051
   2.65792      6.002424      6.002962
   2.71498      5.950490      5.940902
   2.77204      5.874114      5.871088
   2.82909      5.855197      5.859567
   2.88615      5.819439      5.819487
   2.94321      5.862736      5.879131
   3.00027      5.928709      5.932755
   3.05732      5.967752      5.973903
   3.11438      5.999289      5.965133
   3.17144      5.960749      5.960027
   3.17144      5.971940      5.963391
   3.22991      5.948764      5.955520
   3.28839      5.958556      5.960162
   3.34686      5.941635      5.939595
   3.40534      5.933427      5.924085
   3.46381      5.914049      5.917206
   3.52229      5.922678      5.930952
   3.58076      5.985224      5.955489
   3.63924      6.007489      6.016034
   3.69772      6.178212      6.188482
   3.75619      6.199244      6.249826
 
# Band-Index  108
   3.75619      6.279604      6.259908
   3.69772      6.232041      6.240258
   3.63924      6.177165      6.202980
   3.58076      6.117424      6.089158
   3.52229      5.964677      5.963149
   3.46381      5.936612      5.960350
   3.40534      5.968507      5.973187
   3.34686      5.970431      5.967994
   3.28839      5.990751      5.993889
   3.22991      6.072452      6.097286
   3.17144      6.143593      6.147275
   3.17144      6.151742      6.141185
   3.11438      6.154344      6.077548
   3.05732      5.978185      6.011059
   3.00027      5.944787      5.991318
   2.94321      5.965663      5.955817
   2.88615      5.972505      5.973504
   2.82909      5.932135      5.949545
   2.77204      5.922361      5.923327
   2.71498      5.971654      5.979517
   2.65792      6.005338      6.004445
   2.60086      6.019368      6.019969
   2.54381      6.043431      6.028295
   2.54381      6.126026      6.108623
   2.48735      6.149277      6.101227
   2.43089      6.108918      6.094744
   2.37444      6.083754      6.118529
   2.31798      6.147659      6.200269
   2.26153      6.135121      6.141612
   2.20507      6.008204      6.009730
   2.14861      6.003790      5.994456
   2.09216      6.077264      6.069342
   2.03570      6.114603      6.139199
   1.97924      6.156855      6.164012
   1.97924      6.171824      6.149234
   1.92359      6.079105      6.107919
   1.86793      6.018571      6.018712
   1.81228      5.978162      5.981928
   1.75662      5.990132      5.990642
   1.70097      6.012003      6.016198
   1.64531      6.036762      6.052216
   1.58966      6.084358      6.054277
   1.53400      6.062140      6.075004
   1.47834      6.051712      6.043803
   1.42269      6.044375      6.038803
   1.36703      6.001229      5.994057
   1.31138      5.963219      5.964636
   1.25572      5.921473      5.918392
   1.25572      6.019281      6.037776
   1.19359      6.062633      6.053974
   1.13146      6.061976      6.054558
   1.06932      6.100531      6.067292
   1.00719      6.100214      6.184399
   0.94506      6.097946      6.102051
   0.88292      6.133543      6.109643
   0.82079      6.174155      6.180405
   0.82079      6.138544      6.129099
   0.76080      6.204442      6.153883
   0.70081      6.191606      6.200413
   0.64081      6.236509      6.248544
   0.58082      6.254345      6.262917
   0.52083      6.187503      6.195912
   0.46084      6.022964      5.999075
   0.46084      6.019123      6.006923
   0.40323      5.992834      5.994858
   0.34563      6.058212      6.046036
   0.28802      6.009808      6.007218
   0.23042      6.015610      6.018966
   0.17281      6.022161      6.018359
   0.11521      6.017550      6.003845
   0.05760      6.069042      6.059892
   0.00000      6.146046      6.135379
 
# Band-Index  109
   0.00000      6.341922      6.357209
   0.05760      6.357250      6.352159
   0.11521      6.273471      6.287383
   0.17281      6.262369      6.299856
   0.23042      6.305474      6.319840
   0.28802      6.378203      6.387257
   0.34563      6.334869      6.391015
   0.40323      6.295092      6.299125
   0.46084      6.171081      6.173944
   0.46084      6.404644      6.412069
   0.52083      6.332048      6.316259
   0.58082      6.320812      6.324336
   0.64081      6.338625      6.269512
   0.70081      6.290152      6.268958
   0.76080      6.289658      6.310481
   0.82079      6.329488      6.308021
   0.82079      6.358241      6.359892
   0.88292      6.412759      6.404737
   0.94506      6.390393      6.394782
   1.00719      6.269304      6.268611
   1.06932      6.228032      6.165390
   1.13146      6.103787      6.101686
   1.19359      6.137353      6.169527
   1.25572      6.146839      6.143399
   1.25572      6.413448      6.405508
   1.31138      6.219378      6.220817
   1.36703      6.090817      6.100759
   1.42269      6.127421      6.119522
   1.47834      6.249557      6.242270
   1.53400      6.176450      6.245261
   1.58966      6.123825      6.097295
   1.64531      6.131561      6.116672
   1.70097      6.317375      6.192533
   1.75662      6.223916      6.197321
   1.81228      6.235380      6.184801
   1.86793      6.315714      6.354100
   1.92359      6.375229      6.391539
   1.97924      6.387356      6.376292
   1.97924      6.331928      6.324308
   2.03570      6.405322      6.362205
   2.09216      6.364309      6.357751
   2.14861      6.347517      6.310763
   2.20507      6.283394      6.334717
   2.26153      6.351738      6.361418
   2.31798      6.307841      6.278705
   2.37444      6.215193      6.232578
   2.43089      6.261489      6.176746
   2.48735      6.220414      6.210342
   2.54381      6.182339      6.212544
   2.54381      6.502962      6.493700
   2.60086      6.418228      6.393754
   2.65792      6.250799      6.247688
   2.71498      6.174867      6.130849
   2.77204      6.096606      6.105190
   2.82909      6.066417      6.095689
   2.88615      6.057640      6.057858
   2.94321      6.138639      6.136444
   3.00027      6.130006      6.141026
   3.05732      6.295925      6.325305
   3.11438      6.416227      6.387615
   3.17144      6.387719      6.371209
   3.17144      6.332019      6.369788
   3.22991      6.302033      6.345432
   3.28839      6.310053      6.331678
   3.34686      6.340950      6.320804
   3.40534      6.291271      6.252463
   3.46381      6.146976      6.137434
   3.52229      6.146230      6.165970
   3.58076      6.342699      6.285670
   3.63924      6.296153      6.278959
   3.69772      6.298100      6.312742
   3.75619      6.328292      6.283566
 
# Band-Index  110
   3.75619      6.401547      6.403289
   3.69772      6.457217      6.379283
   3.63924      6.469734      6.439225
   3.58076      6.559729      6.514621
   3.52229      6.586936      6.588421
   3.46381      6.594120      6.574608
   3.40534      6.621865      6.544141
   3.34686      6.540745      6.526810
   3.28839      6.473193      6.496341
   3.22991      6.433801      6.486916
   3.17144      6.455971      6.453835
   3.17144      6.514374      6.446144
   3.11438      6.564042      6.448793
   3.05732      6.468906      6.456594
   3.00027      6.259344      6.294143
   2.94321      6.148308      6.163726
   2.88615      6.281337      6.264681
   2.82909      6.349822      6.431434
   2.77204      6.435540      6.405882
   2.71498      6.483860      6.414353
   2.65792      6.448924      6.432641
   2.60086      6.500727      6.465454
   2.54381      6.638320      6.614836
   2.54381      6.277939      6.360832
   2.48735      6.286905      6.294540
   2.43089      6.436185      6.294368
   2.37444      6.461224      6.418978
   2.31798      6.437096      6.392748
   2.26153      6.442094      6.494041
   2.20507      6.433194      6.481841
   2.14861      6.414896      6.407188
   2.09216      6.468494      6.489766
   2.03570      6.490184      6.493538
   1.97924      6.446241      6.489443
   1.97924      6.479238      6.482579
   1.92359      6.484353      6.502773
   1.86793      6.427877      6.519813
   1.81228      6.424628      6.386932
   1.75662      6.444075      6.364261
   1.70097      6.517054      6.377571
   1.64531      6.434097      6.512591
   1.58966      6.442442      6.466793
   1.53400      6.446030      6.431797
   1.47834      6.268299      6.430472
   1.42269      6.348125      6.338866
   1.36703      6.342363      6.343650
   1.31138      6.403299      6.403409
   1.25572      6.467943      6.433197
   1.25572      6.152605      6.158250
   1.19359      6.260538      6.258656
   1.13146      6.464505      6.427590
   1.06932      6.305301      6.357382
   1.00719      6.377901      6.402181
   0.94506      6.434127      6.409666
   0.88292      6.519878      6.526895
   0.82079      6.448586      6.530297
   0.82079      6.466582      6.450467
   0.76080      6.556252      6.433793
   0.70081      6.431255      6.474389
   0.64081      6.487227      6.474390
   0.58082      6.562221      6.563907
   0.52083      6.585352      6.521229
   0.46084      6.479164      6.461102
   0.46084      6.273744      6.269623
   0.40323      6.388832      6.354943
   0.34563      6.480396      6.487814
   0.28802      6.618244      6.646720
   0.23042      6.700222      6.607088
   0.17281      6.595131      6.635143
   0.11521      6.473300      6.473309
   0.05760      6.405214      6.359098
   0.00000      6.454939      6.497224
 
# Band-Index  111
   0.00000      6.549365      6.594510
   0.05760      6.603614      6.577919
   0.11521      6.671038      6.682530
   0.17281      6.758722      6.699797
   0.23042      6.791297      6.753983
   0.28802      6.731404      6.796072
   0.34563      6.689603      6.710786
   0.40323      6.527995      6.705264
   0.46084      6.462444      6.561744
   0.46084      6.801123      6.823756
   0.52083      6.798798      6.730705
   0.58082      6.567609      6.596181
   0.64081      6.516156      6.519818
   0.70081      6.571042      6.567427
   0.76080      6.604784      6.557683
   0.82079      6.633540      6.557355
   0.82079      6.572849      6.576614
   0.88292      6.612601      6.623707
   0.94506      6.488117      6.601838
   1.00719      6.658699      6.536055
   1.06932      6.560990      6.538115
   1.13146      6.533075      6.528725
   1.19359      6.439531      6.439546
   1.25572      6.504190      6.480628
   1.25572      6.597701      6.546680
   1.31138      6.616681      6.693746
   1.36703      6.711058      6.496172
   1.42269      6.492303      6.471187
   1.47834      6.586050      6.535096
   1.53400      6.538435      6.532728
   1.58966      6.658492      6.565550
   1.64531      6.638992      6.604435
   1.70097      6.664204      6.696130
   1.75662      6.694602      6.663208
   1.81228      6.698163      6.689000
   1.86793      6.565181      6.572995
   1.92359      6.579408      6.604054
   1.97924      6.612653      6.650740
   1.97924      6.577135      6.584486
   2.03570      6.665210      6.630855
   2.09216      6.698892      6.631257
   2.14861      6.677663      6.639930
   2.20507      6.589924      6.629622
   2.26153      6.512937      6.614452
   2.31798      6.590311      6.501254
   2.37444      6.518161      6.545857
   2.43089      6.516330      6.528906
   2.48735      6.473160      6.448333
   2.54381      6.456156      6.419983
   2.54381      6.906188      6.949764
   2.60086      6.891177      6.902862
   2.65792      6.855117      6.837873
   2.71498      6.832514      6.808262
   2.77204      6.809111      6.821270
   2.82909      6.794282      6.768359
   2.88615      6.665260      6.660995
   2.94321      6.648249      6.622019
   3.00027      6.568799      6.592379
   3.05732      6.564482      6.573486
   3.11438      6.687433      6.540681
   3.17144      6.593840      6.557602
   3.17144      6.582890      6.587189
   3.22991      6.578215      6.631195
   3.28839      6.586627      6.582682
   3.34686      6.700623      6.707331
   3.40534      6.686555      6.738408
   3.46381      6.691179      6.655901
   3.52229      6.638986      6.641243
   3.58076      6.829484      6.656671
   3.63924      6.587972      6.614870
   3.69772      6.534185      6.481831
   3.75619      6.582402      6.592155
 
# Band-Index  112
   3.75619      6.770919      6.711895
   3.69772      6.835474      6.577593
   3.63924      6.779879      6.892319
   3.58076      6.902519      6.811655
   3.52229      6.822720      6.829516
   3.46381      6.926687      6.947537
   3.40534      6.858806      6.796578
   3.34686      6.820719      6.749656
   3.28839      6.760822      6.847626
   3.22991      6.793508      6.985388
   3.17144      6.784505      6.835792
   3.17144      6.962261      6.710717
   3.11438      7.062384      6.815544
   3.05732      6.773232      6.786707
   3.00027      6.643375      6.786844
   2.94321      6.709659      6.871002
   2.88615      6.797258      6.827798
   2.82909      6.962817      6.899080
   2.77204      7.019673      6.956745
   2.71498      6.945534      6.936926
   2.65792      7.127363      7.017649
   2.60086      6.913953      6.923350
   2.54381      6.996296      7.050566
   2.54381      6.604376      6.699548
   2.48735      6.641783      6.696962
   2.43089      6.830623      6.615419
   2.37444      6.825244      6.886109
   2.31798      7.003915      6.738849
   2.26153      6.859370      7.019170
   2.20507      6.933980      6.949707
   2.14861      6.994574      6.987003
   2.09216      7.045611      6.947685
   2.03570      6.907276      7.146366
   1.97924      6.723003      6.822653
   1.97924      6.794795      6.880527
   1.92359      6.707037      6.706065
   1.86793      6.742906      6.756114
   1.81228      6.854434      6.761238
   1.75662      6.750189      6.772057
   1.70097      6.754479      6.863113
   1.64531      6.895722      7.129157
   1.58966      6.920573      6.675698
   1.53400      6.699406      6.702969
   1.47834      6.687695      6.873199
   1.42269      7.282659      6.685274
   1.36703      7.053670      6.796681
   1.31138      6.959007      6.943492
   1.25572      6.867670      6.674629
   1.25572      6.619189      6.567607
   1.19359      6.764523      6.711981
   1.13146      6.633177      6.657252
   1.06932      6.794366      6.791643
   1.00719      6.884605      6.843717
   0.94506      6.820292      6.788688
   0.88292      6.817230      6.857486
   0.82079      6.811941      6.755312
   0.82079      7.068108      6.796185
   0.76080      6.939706      6.713308
   0.70081      7.012445      6.961107
   0.64081      6.925255      6.881576
   0.58082      6.982298      6.863894
   0.52083      6.923962      6.994891
   0.46084      6.913824      6.890822
   0.46084      6.739274      6.662864
   0.40323      6.803206      6.821000
   0.34563      6.786549      6.802474
   0.28802      6.868034      6.957530
   0.23042      6.920745      6.871266
   0.17281      6.920138      6.963875
   0.11521      6.944617      6.822861
   0.05760      6.969186      6.828657
   0.00000      6.741427      6.806961
