21   
126  

1    
  0.0099999984605438  -0.0000027091773761  -0.0000048424661902
  -0.0152248600    0.0043435700   -0.0074127300
  -0.0011762600    0.0045800500    0.0007177100
  -0.0051975400   -0.0014364000    0.0005630900
   0.0026136700    0.0014072800    0.0050465200
  -0.0006159000    0.0022454600   -0.0035457600
   0.0049660300   -0.0062878600    0.0006421500
  -0.0054196000    0.0022206100   -0.0001271100
   0.0075062700   -0.0017314800    0.0022832900
  -0.0001140200    0.0061933500   -0.0013058500
   0.0036366600   -0.0009944700   -0.0024494900
  -0.0011829200    0.0007150800    0.0035158000
   0.0012154800    0.0028737200   -0.0007367900
   0.0006496700    0.0003146500    0.0009211600
   0.0007054600   -0.0055034100   -0.0012100400
  -0.0036740700   -0.0031574700    0.0030152400
   0.0006249300   -0.0056872600    0.0021668200
  -0.0023164400   -0.0040489200   -0.0015077200
   0.0033496600   -0.0006323500    0.0076451900
   0.0021005400    0.0015047800   -0.0050876300
   0.0009891800    0.0018495900    0.0047316700
   0.0065640500    0.0012314800   -0.0078655200

1    
 -0.0099999984605438   0.0000027091773761   0.0000048424661902
   0.0183746500    0.0031086900   -0.0055944900
  -0.0014401400    0.0046548100    0.0006505600
  -0.0054626400   -0.0013625400    0.0004931000
   0.0023487600    0.0014815300    0.0049765000
  -0.0008803200    0.0023196400   -0.0036159100
   0.0000302600   -0.0061334600    0.0004986400
  -0.0053636600    0.0022933300   -0.0001946900
   0.0072368300   -0.0016574600    0.0022082700
  -0.0008110900    0.0062581600   -0.0014065200
  -0.0037439600   -0.0008825600   -0.0025576300
  -0.0014534000    0.0007893300    0.0034435700
   0.0010097900    0.0029477900   -0.0008092900
  -0.0004363100    0.0003784900    0.0008513300
   0.0004384600   -0.0054292500   -0.0012775700
  -0.0044714800   -0.0030942200    0.0029470500
  -0.0005157400   -0.0056199100    0.0021697000
  -0.0023377700   -0.0039717900   -0.0015972000
   0.0030763400   -0.0005578900    0.0075581700
   0.0018313400    0.0015784600   -0.0051746400
   0.0008343500    0.0019262500    0.0046447300
  -0.0082642700    0.0009726100   -0.0082136600

1    
 -0.0050019844089963   0.0086591065585393   0.0000050576692750
   0.0152753000   -0.0082096400   -0.0031416900
  -0.0016495000    0.0045925600    0.0006141400
  -0.0056722600   -0.0014236900    0.0002733600
   0.0021380400    0.0014193400    0.0049375000
  -0.0010911800    0.0022568900   -0.0038385200
   0.0009680500   -0.0041836800    0.0004733900
  -0.0056535400    0.0020934900   -0.0002627700
   0.0070283700   -0.0017179300    0.0020162600
  -0.0009111700    0.0063812900   -0.0014600100
  -0.0022043100    0.0021149300   -0.0027414700
  -0.0016620000    0.0007290300    0.0033796400
   0.0007856100    0.0028585700   -0.0010061800
  -0.0004374400    0.0006728400    0.0007214200
   0.0002293400   -0.0054908600   -0.0014062600
  -0.0045295800   -0.0029060100    0.0028054900
  -0.0005045500   -0.0052992700    0.0020183400
  -0.0026099900   -0.0041397200   -0.0017378600
   0.0028688300   -0.0006169100    0.0074496000
   0.0016224400    0.0015190000   -0.0053265800
   0.0005949900    0.0018138200    0.0045438400
  -0.0045854700    0.0075359400   -0.0083116400

1    
  0.0050019844089963  -0.0086591065585393  -0.0000050576692750
  -0.0042316200    0.0174093000   -0.0038183500
  -0.0013695600    0.0045423200    0.0005387900
  -0.0053914200   -0.0014749100    0.0003839600
   0.0024201100    0.0013686500    0.0048680400
  -0.0008097200    0.0022068200   -0.0037245200
   0.0036545100   -0.0082884600    0.0004481900
  -0.0055333900    0.0023212300   -0.0003049300
   0.0073109800   -0.0017717000    0.0021052000
  -0.0004202000    0.0059653900   -0.0014935600
   0.0016660500   -0.0041404000   -0.0026376500
  -0.0013780800    0.0006741200    0.0033358900
   0.0010363500    0.0028604900   -0.0009153600
   0.0002453600   -0.0000787800    0.0007417300
   0.0005111900   -0.0055427600   -0.0013887400
  -0.0040135400   -0.0034390600    0.0028445600
   0.0002074800   -0.0061123800    0.0020322600
  -0.0024481400   -0.0039812000   -0.0016887400
   0.0031539600   -0.0006749000    0.0074646800
   0.0019054600    0.0014641200   -0.0052674000
   0.0008233100    0.0018595900    0.0045520300
   0.0026609100   -0.0051674900   -0.0080760800

1    
 -0.0000048821456916   0.0000030679736198   0.0099999983376094
   0.0021613400    0.0035251600   -0.0268038200
  -0.0013478900    0.0046264200    0.0014401700
  -0.0053667600   -0.0013932800    0.0013050700
   0.0024467300    0.0014488500    0.0058383000
  -0.0007842500    0.0022852500   -0.0028294200
   0.0024959500   -0.0061898300   -0.0001667400
  -0.0054299900    0.0022633100    0.0014942400
   0.0073364900   -0.0016903800    0.0025709500
  -0.0004935900    0.0062272500   -0.0011076500
  -0.0000730700   -0.0009562100   -0.0016211000
  -0.0013553400    0.0007552700    0.0038014300
   0.0010777500    0.0029153700   -0.0003423300
   0.0000537300    0.0003476300    0.0030363600
   0.0005420100   -0.0054669900   -0.0001477400
  -0.0040571500   -0.0031216600    0.0039477800
  -0.0000099900   -0.0056073300    0.0132017400
  -0.0023613900   -0.0040079600   -0.0037685800
   0.0031742500   -0.0005908200    0.0055556500
   0.0019279500    0.0015493600   -0.0071620300
   0.0008715300    0.0018921600    0.0031326500
  -0.0008083100    0.0011884000   -0.0013749300

1    
  0.0000048821456916  -0.0000030679736198  -0.0099999983376094
   0.0084533500    0.0000092700    0.0151587800
  -0.0016438100    0.0047961500   -0.0001587000
  -0.0056688000   -0.0012216000   -0.0003279500
   0.0021415100    0.0016259000    0.0040934200
  -0.0010881900    0.0024640600   -0.0044116000
   0.0021222700   -0.0060136400    0.0011785500
  -0.0057288400    0.0024351200   -0.0019301700
   0.0070315800   -0.0015127800    0.0018403500
  -0.0008071200    0.0064066800   -0.0016932300
  -0.0004089200   -0.0007656000   -0.0034168500
  -0.0016571900    0.0009341000    0.0030688500
   0.0007716100    0.0030916800   -0.0012863300
  -0.0001904000    0.0005419800   -0.0013687900
   0.0002267800   -0.0052802900   -0.0024232800
  -0.0044590600   -0.0029394500    0.0019419000
  -0.0002324300   -0.0055074800   -0.0086549300
  -0.0026735800   -0.0038294500    0.0005691900
   0.0028765600   -0.0004146900    0.0095545400
   0.0016286100    0.0017192100   -0.0031922800
   0.0005754700    0.0020673000    0.0061438900
  -0.0012694200    0.0013935500   -0.0146853600

2    
  0.0099999984605438  -0.0000027091773761  -0.0000048424661902
   0.0058902300    0.0009788700   -0.0007371100
  -0.0141043900    0.0077729000    0.0024072500
  -0.0032703600   -0.0014533500    0.0001325300
   0.0021815100    0.0014063400    0.0046020700
  -0.0010473800    0.0022446700   -0.0039898200
   0.0021996300   -0.0062321800    0.0001510000
  -0.0056890400    0.0022195100   -0.0005700000
   0.0069103600   -0.0017322000    0.0018352500
  -0.0007911600    0.0061870200   -0.0017679400
  -0.0003493900   -0.0009925800   -0.0028966200
   0.0019643400    0.0006943400    0.0030917500
   0.0010240400    0.0028733200   -0.0011783000
   0.0002063200    0.0003109800    0.0004754200
   0.0005413100   -0.0054840000   -0.0016479600
  -0.0043682400   -0.0031616900    0.0025688300
  -0.0003674200   -0.0056928500    0.0017772700
  -0.0021891600   -0.0040446300   -0.0019520100
   0.0101537500   -0.0003943800    0.0073438000
   0.0016113400    0.0015016900   -0.0055364500
   0.0006138200    0.0018496300    0.0042830200
  -0.0011200900    0.0011485900   -0.0083919900

2    
 -0.0099999984605438   0.0000027091773761   0.0000048424661902
   0.0057239600    0.0011911400   -0.0007966000
   0.0175142300    0.0038284300    0.0040200800
  -0.0081553100   -0.0011768000    0.0000217300
   0.0020144000    0.0016183900    0.0045398900
  -0.0012149400    0.0024562200   -0.0040523800
   0.0020319200   -0.0060202100    0.0000887900
  -0.0058608600    0.0024308000   -0.0006365500
   0.0070658500   -0.0015202800    0.0017720900
  -0.0008998400    0.0063984700   -0.0018326200
  -0.0005224300   -0.0007806600   -0.0029610400
  -0.0053660500    0.0009138300    0.0030130600
   0.0004363200    0.0030817000   -0.0012564400
  -0.0007696700    0.0005223300    0.0004149200
  -0.0001609400   -0.0053105500   -0.0017240500
  -0.0045376600   -0.0029497500    0.0025085000
  -0.0002932900   -0.0054795600    0.0017011500
  -0.0032345200   -0.0038406900   -0.0020150200
  -0.0044704600   -0.0005010900    0.0070657300
   0.0015537100    0.0017168000   -0.0056119400
   0.0004420000    0.0020609800    0.0042072100
  -0.0012964200    0.0013604900   -0.0084665000

2    
 -0.0050019844089963   0.0086591065585393   0.0000050576692750
   0.0058179200    0.0014112600   -0.0010858600
   0.0085197900   -0.0129022400    0.0080297600
  -0.0069229000    0.0009887400   -0.0002785800
   0.0021084000    0.0018389600    0.0044366700
  -0.0011209200    0.0026764200   -0.0043400900
   0.0021270700   -0.0057994400   -0.0000173400
  -0.0057650500    0.0026544000   -0.0007695000
   0.0070799800   -0.0014390000    0.0015176500
  -0.0008211000    0.0065939100   -0.0019614600
  -0.0004269400   -0.0005578000   -0.0032225200
  -0.0034706800    0.0042296500    0.0028750500
   0.0006389400    0.0034928700   -0.0015262600
  -0.0004718100    0.0011046900    0.0002189200
   0.0000724100   -0.0048421700   -0.0019103800
  -0.0044430500   -0.0027282100    0.0023116400
  -0.0002595500   -0.0053656000    0.0015194900
  -0.0029163500   -0.0032315400   -0.0021838400
  -0.0007048900    0.0061166000    0.0068651900
   0.0016200700    0.0018893100   -0.0058337000
   0.0005385100    0.0022839000    0.0040366200
  -0.0011998400    0.0015853100   -0.0086814300

2    
  0.0050019844089963  -0.0086591065585393  -0.0000050576692750
   0.0059334300    0.0012016300   -0.0007757400
  -0.0077181200    0.0159332300    0.0031324200
  -0.0043934100   -0.0032260600    0.0001106900
   0.0022247200    0.0016286200    0.0045635400
  -0.0010046300    0.0024665800   -0.0040286700
   0.0022426200   -0.0060101300    0.0001124000
  -0.0056473500    0.0024396800   -0.0006077300
   0.0070340800   -0.0013712000    0.0017944100
  -0.0007337700    0.0064345400   -0.0018062200
  -0.0003075900   -0.0007728800   -0.0029356900
   0.0002341500   -0.0021324800    0.0030645600
   0.0009617100    0.0029062700   -0.0012075500
   0.0000459000    0.0001756900    0.0004373400
   0.0004426700   -0.0055191000   -0.0016944400
  -0.0043257800   -0.0029404400    0.0025294600
  -0.0002633800   -0.0053635200    0.0017434400
  -0.0023675800   -0.0042063500   -0.0020256800
   0.0063826800   -0.0068561000    0.0073437200
   0.0016832600    0.0017750600   -0.0055713000
   0.0006554400    0.0020696300    0.0042479700
  -0.0010790600    0.0013673400   -0.0084269300

2    
 -0.0000048821456916   0.0000030679736198   0.0099999983376094
   0.0060141600    0.0010705300   -0.0000473600
  -0.0026026200    0.0062943900   -0.0159959900
  -0.0054788800   -0.0013826100   -0.0006538100
   0.0023113100    0.0014961600    0.0052809100
  -0.0009195500    0.0023337800   -0.0032256300
   0.0023251600   -0.0061436900    0.0008556900
  -0.0055623800    0.0023094200   -0.0003159600
   0.0071971100   -0.0016416700    0.0034494800
  -0.0006327900    0.0062750400   -0.0014057300
  -0.0002234200   -0.0009019000   -0.0026444800
  -0.0014734000    0.0007941800    0.0038473400
   0.0009452200    0.0029582400   -0.0010060600
  -0.0000825000    0.0004471800    0.0025764900
   0.0004274900   -0.0054566400   -0.0007690500
  -0.0042333700   -0.0030732400    0.0035967600
  -0.0001144000   -0.0056083600   -0.0005044100
  -0.0025552600   -0.0039306900    0.0086955400
   0.0031286300   -0.0006166900    0.0137371400
   0.0017920800    0.0015965600   -0.0071521400
   0.0007353400    0.0019394300    0.0021852700
  -0.0009979400    0.0012405700   -0.0105040200

2    
  0.0000048821456916  -0.0000030679736198  -0.0099999983376094
   0.0058389000    0.0012551200   -0.0017161100
   0.0012082500    0.0023448500    0.0255802200
  -0.0057059600   -0.0011286600    0.0006266100
   0.0021237300    0.0016839600    0.0038114700
  -0.0011047500    0.0025222100   -0.0050402400
   0.0021460400   -0.0059537200   -0.0006680500
  -0.0057484800    0.0024975200   -0.0009665300
   0.0070181400   -0.0014561500   -0.0000148500
  -0.0008197100    0.0064652000   -0.0022648300
  -0.0004095200   -0.0007160000   -0.0034136300
  -0.0016873500    0.0009999600    0.0021406000
   0.0007548500    0.0031526200   -0.0016309900
  -0.0002464900    0.0005730600   -0.0018055300
   0.0001916900   -0.0051856600   -0.0027497100
  -0.0044337200   -0.0028827500    0.0013394800
  -0.0003057200   -0.0054136300    0.0038722000
  -0.0026338000   -0.0037708700   -0.0131275100
   0.0028214600   -0.0003175300    0.0004669500
   0.0016121800    0.0017788900   -0.0041436000
   0.0005602200    0.0021268000    0.0062039500
  -0.0011799500    0.0014247700   -0.0064999000

3    
  0.0099999984605438  -0.0000027091773761  -0.0000048424661902
   0.0059531500    0.0012278400   -0.0005348300
   0.0008147700    0.0047796700    0.0005120400
  -0.0195704500   -0.0027943500   -0.0014660100
   0.0022436300    0.0016549400    0.0048051300
  -0.0009849800    0.0024932300   -0.0037886800
   0.0022623700   -0.0059833900    0.0003528100
  -0.0056253900    0.0024681300   -0.0003696800
   0.0071032600   -0.0014837400    0.0020397000
  -0.0008660800    0.0064353600   -0.0015675300
  -0.0002856400   -0.0007436700   -0.0026975900
  -0.0013442700    0.0009694600    0.0032872000
   0.0044718200    0.0031523300   -0.0010150800
   0.0001200700    0.0005466100    0.0006857300
   0.0008104000   -0.0052634900   -0.0014504200
  -0.0043054300   -0.0029129800    0.0027698200
  -0.0002358400   -0.0054421000    0.0019799300
   0.0047267700   -0.0039662300   -0.0018825200
   0.0035005100   -0.0003860300    0.0073766000
   0.0015917000    0.0017529000   -0.0053319100
   0.0006787300    0.0020979800    0.0044848600
  -0.0010591000    0.0013975300   -0.0081895800

3    
 -0.0099999984605438   0.0000027091773761   0.0000048424661902
   0.0060202400    0.0012030100   -0.0006632200
  -0.0038371300    0.0048190500    0.0003349800
   0.0077521500   -0.0025300500    0.0010068600
   0.0023129600    0.0016303200    0.0046738800
  -0.0009177600    0.0024685300   -0.0039174700
   0.0023294800   -0.0060081400    0.0002245700
  -0.0055644300    0.0024432600   -0.0004984500
   0.0072341100   -0.0015084100    0.0019089400
  -0.0004646700    0.0064110000   -0.0016914200
  -0.0002258300   -0.0007687400   -0.0028220500
  -0.0016992800    0.0009350200    0.0031351300
  -0.0026536100    0.0030981600   -0.0010994800
  -0.0003194200    0.0005397800    0.0005422400
  -0.0000732700   -0.0052762300   -0.0015802200
  -0.0042403100   -0.0029377400    0.0026425300
  -0.0000659300   -0.0054673600    0.0018466900
  -0.0097815800   -0.0038166700   -0.0018684000
   0.0025196400   -0.0004088800    0.0072669000
   0.0019340100    0.0017281500   -0.0054693600
   0.0007373500    0.0020733200    0.0043512200
  -0.0009966900    0.0013726200   -0.0083238500

3    
 -0.0050019844089963   0.0086591065585393   0.0000050576692750
   0.0060234000    0.0013312400   -0.0006199500
  -0.0026676800    0.0069423600    0.0003583200
   0.0005336300   -0.0177127400    0.0003833800
   0.0023158100    0.0017572000    0.0047179700
  -0.0009145000    0.0025965400   -0.0038743700
   0.0023330100   -0.0058801900    0.0002682100
  -0.0055595000    0.0025741900   -0.0004552700
   0.0072212900   -0.0014080900    0.0019504900
  -0.0005449700    0.0063946000   -0.0016471000
  -0.0002202700   -0.0006371400   -0.0027817500
  -0.0015864800    0.0012542400    0.0031723600
  -0.0008526600    0.0062573800   -0.0010962900
  -0.0001923000    0.0008946600    0.0005858700
   0.0001651200   -0.0047333500   -0.0015358500
  -0.0042364700   -0.0028086800    0.0026868500
  -0.0000885500   -0.0053856500    0.0018841200
  -0.0061337600    0.0029458000   -0.0019742600
   0.0027858800    0.0001734500    0.0073094600
   0.0018681900    0.0017361300   -0.0054338600
   0.0007428500    0.0022050900    0.0043883600
  -0.0009920500    0.0015029800   -0.0082866900

3    
  0.0050019844089963  -0.0086591065585393  -0.0000050576692750
   0.0061006000    0.0010970800   -0.0006722600
  -0.0001754500    0.0027029900    0.0003940300
  -0.0155016300    0.0121908400    0.0010603300
   0.0023916000    0.0015257600    0.0046661300
  -0.0008375300    0.0023624800   -0.0039258100
   0.0024096800   -0.0061138600    0.0002138400
  -0.0054797900    0.0023344000   -0.0005076800
   0.0072668600   -0.0015866300    0.0019036700
  -0.0006353300    0.0064493200   -0.0017073000
  -0.0001401700   -0.0008776000   -0.0028326200
  -0.0013069200    0.0006444000    0.0031560000
   0.0027943900   -0.0000585400   -0.0011128600
   0.0001456500    0.0001938000    0.0005478400
   0.0007261600   -0.0058006800   -0.0015891800
  -0.0041584700   -0.0030446500    0.0026309400
  -0.0000632800   -0.0055280800    0.0018475100
   0.0013588700   -0.0104925600   -0.0018802500
   0.0033863500   -0.0009674500    0.0072390400
   0.0018073600    0.0017406100   -0.0054624200
   0.0008240000    0.0019636900    0.0043525900
  -0.0009129700    0.0012646700   -0.0083215300

3    
 -0.0000048821456916   0.0000030679736198   0.0099999983376094
   0.0062579300    0.0013853300    0.0002687600
  -0.0012164800    0.0049559100   -0.0001774800
  -0.0111891300   -0.0060320600   -0.0200254900
   0.0025544800    0.0018109900    0.0056238400
  -0.0006765000    0.0026487300   -0.0029584800
   0.0025672600   -0.0058280100    0.0012634000
  -0.0053218700    0.0026252700    0.0000050400
   0.0074416900   -0.0013282100    0.0024991900
  -0.0003921100    0.0066016600    0.0002100500
   0.0000194000   -0.0005863400   -0.0023203700
  -0.0012453000    0.0011133900    0.0035398500
   0.0011530400    0.0032481800   -0.0000605800
   0.0001521100    0.0006648800    0.0017211900
   0.0006085000   -0.0050486200    0.0004678000
  -0.0039905600   -0.0027579800    0.0039593000
   0.0001211300   -0.0052844400    0.0003689600
  -0.0023296800   -0.0037479600    0.0048869300
   0.0032205400   -0.0001552200    0.0162243600
   0.0020432400    0.0019031300   -0.0076142300
   0.0009770100    0.0022552300    0.0024068600
  -0.0007547100    0.0015561300   -0.0102889000

3    
  0.0000048821456916  -0.0000030679736198  -0.0099999983376094
   0.0062176900    0.0013680200   -0.0015709500
  -0.0013023700    0.0049985900    0.0010956800
  -0.0106513100   -0.0059113200    0.0184872800
   0.0025041100    0.0017964100    0.0039346300
  -0.0007246400    0.0026345800   -0.0048427600
   0.0025272100   -0.0058416700   -0.0006169900
  -0.0053660200    0.0026085000   -0.0008249200
   0.0073972500   -0.0013424900    0.0013818700
  -0.0004383100    0.0065681100   -0.0034485200
  -0.0000287000   -0.0006038000   -0.0032658600
  -0.0012949600    0.0011088200    0.0029421700
   0.0011684400    0.0032908000   -0.0020684600
   0.0001507600    0.0007499300   -0.0005083700
   0.0006269200   -0.0051591800   -0.0034049400
  -0.0040535400   -0.0027705300    0.0014316400
   0.0000795000   -0.0053039900    0.0034740800
  -0.0022357000   -0.0035586100   -0.0085383100
   0.0032960000   -0.0003052800   -0.0006902000
   0.0019856200    0.0018977500   -0.0031976800
   0.0009415700    0.0022384300    0.0064634700
  -0.0007995300    0.0015369500   -0.0062328500

4    
  0.0099999984605438  -0.0000027091773761  -0.0000048424661902
   0.0057516300    0.0012247200   -0.0007500600
  -0.0017462800    0.0048252600    0.0002614700
  -0.0057695200   -0.0011919700    0.0001062800
  -0.0078449500   -0.0001397500    0.0071995200
   0.0011161600    0.0025194300   -0.0040241900
   0.0020605500   -0.0059861300    0.0001369500
  -0.0022699400    0.0024782900   -0.0006050600
   0.0071495900   -0.0014876500    0.0018143500
  -0.0008976200    0.0064326700   -0.0017835600
  -0.0006567400   -0.0007468100   -0.0029074200
  -0.0017881400    0.0009607600    0.0030554200
   0.0006776800    0.0031182000   -0.0011966500
  -0.0003341400    0.0005544700    0.0004630000
   0.0005897300   -0.0052662500   -0.0016588200
  -0.0042437800   -0.0029129000    0.0025577200
  -0.0003836400   -0.0054459300    0.0017560000
  -0.0027605900   -0.0038030300   -0.0019801100
   0.0026423500   -0.0003863600    0.0071739800
   0.0020114700    0.0017459800   -0.0054674700
   0.0080121600    0.0021138800    0.0042618900
  -0.0013159700    0.0013931100   -0.0084132300

4    
 -0.0099999984605438   0.0000027091773761   0.0000048424661902
   0.0058507600    0.0011118800   -0.0006226200
  -0.0016466600    0.0047119300    0.0003884800
  -0.0056677000   -0.0013043000    0.0002320200
   0.0190840200    0.0020379400    0.0045701600
  -0.0033907700    0.0023810700   -0.0038742800
   0.0021605400   -0.0060995100    0.0002645100
  -0.0092907000    0.0023072900   -0.0004098900
   0.0068149200   -0.0015991600    0.0019531300
  -0.0008049400    0.0063193600   -0.0016550600
  -0.0002254600   -0.0008597400   -0.0027927000
  -0.0016258000    0.0008467200    0.0031846100
   0.0007709200    0.0030052900   -0.0010687200
  -0.0002381300    0.0004423400    0.0005913800
  -0.0002210700   -0.0053657500   -0.0015444700
  -0.0046755700   -0.0030260700    0.0026747900
  -0.0002887900   -0.0055592200    0.0018880100
  -0.0026697700   -0.0039158100   -0.0018478800
   0.0030070600   -0.0005013600    0.0073068300
   0.0011427100    0.0016362800   -0.0054537400
  -0.0069758200    0.0021497400    0.0044967400
  -0.0011097500    0.0012811000   -0.0082813000

4    
 -0.0050019844089963   0.0086591065585393   0.0000050576692750
   0.0058294800    0.0009428600   -0.0006355300
  -0.0016676000    0.0045429600    0.0003740600
  -0.0056896700   -0.0014747900    0.0002189600
   0.0124022500   -0.0069278200    0.0048787200
  -0.0022633000    0.0041977700   -0.0038900800
   0.0021396700   -0.0062684400    0.0002504200
  -0.0074924400    0.0052788000   -0.0004324200
   0.0069023200   -0.0015815700    0.0019405700
  -0.0008244200    0.0061534300   -0.0016695600
  -0.0003297500   -0.0011733900   -0.0028032600
  -0.0016622100    0.0006511300    0.0031697300
   0.0007514700    0.0028389000   -0.0010820800
  -0.0002588100    0.0002741100    0.0005781200
  -0.0000196700   -0.0051513600   -0.0015628700
  -0.0045664100   -0.0029688800    0.0026720500
  -0.0003085900   -0.0057261300    0.0018716800
  -0.0026888700   -0.0040813100   -0.0018633900
   0.0029203800   -0.0007841200    0.0072909200
   0.0013637400    0.0018861400   -0.0054848300
  -0.0033806200    0.0083055300    0.0044760300
  -0.0011569400    0.0010661600   -0.0082972400

4    
  0.0050019844089963  -0.0086591065585393  -0.0000050576692750
   0.0056788500    0.0013448000   -0.0008817000
  -0.0018181500    0.0049450600    0.0003177000
  -0.0058412800   -0.0010703200   -0.0000213900
   0.0008590600    0.0100832900    0.0079943400
  -0.0001337500    0.0006036700   -0.0041527400
   0.0019882100   -0.0058669300    0.0001881000
  -0.0041343500   -0.0004949900   -0.0005677900
   0.0069694700   -0.0015528300    0.0017129300
  -0.0009731900    0.0065489900   -0.0017538100
  -0.0006472200   -0.0004835200   -0.0030150900
  -0.0018455800    0.0011055600    0.0030851100
   0.0006038800    0.0032331600   -0.0013007200
  -0.0004066000    0.0006748600    0.0004246200
   0.0002958700   -0.0055307800   -0.0016904600
  -0.0044502200   -0.0030271500    0.0025067000
  -0.0004576600   -0.0053285200    0.0017371200
  -0.0028354500   -0.0036867600   -0.0020302400
   0.0026354700   -0.0001539100    0.0071571700
   0.0016995400    0.0014526000   -0.0055158100
   0.0041756600   -0.0043573200    0.0042713500
  -0.0013625500    0.0015610300   -0.0084653800

4    
 -0.0000048821456916   0.0000030679736198   0.0099999983376094
   0.0058995300    0.0012737400    0.0002475800
  -0.0015973500    0.0048773600    0.0011802700
  -0.0056163100   -0.0011411500    0.0010722300
   0.0037002200   -0.0011088500   -0.0139567800
  -0.0010475200    0.0025433400   -0.0045744500
   0.0022099900   -0.0059382600    0.0011001800
  -0.0057077500    0.0025137900    0.0004414300
   0.0070819500   -0.0014359400    0.0022464700
  -0.0007507100    0.0064785600   -0.0012767400
  -0.0003399200   -0.0006946400   -0.0010165500
  -0.0016058600    0.0010066700    0.0036565000
   0.0008259700    0.0031679000   -0.0006783000
  -0.0001901600    0.0006069600    0.0017528700
   0.0002746600   -0.0051825000    0.0003271900
  -0.0043971700   -0.0028646500    0.0036795300
  -0.0002332500   -0.0054019000   -0.0002075400
  -0.0026095300   -0.0037527300   -0.0039363100
   0.0029301900   -0.0003468200    0.0050708700
   0.0016774200    0.0017952200    0.0038361800
   0.0006022000    0.0021607400    0.0108647300
  -0.0011066200    0.0014431600   -0.0098293700

4    
  0.0000048821456916  -0.0000030679736198  -0.0099999983376094
   0.0058723700    0.0011845900   -0.0020632100
  -0.0016248200    0.0047833500   -0.0007857500
  -0.0056505800   -0.0012335900   -0.0011659100
   0.0041163600    0.0007605600    0.0320773000
  -0.0010570500    0.0024442700   -0.0036571400
   0.0021809700   -0.0060259300   -0.0009653700
  -0.0056830200    0.0024248300   -0.0017826200
   0.0070538700   -0.0015289200    0.0011400000
  -0.0007836100    0.0063949700   -0.0024415300
  -0.0003741900   -0.0007900300   -0.0050878600
  -0.0016385900    0.0009211000    0.0023094200
   0.0007929000    0.0030757300   -0.0019939000
  -0.0002119100    0.0005130600   -0.0010590300
   0.0002630500   -0.0053290100   -0.0038094900
  -0.0043504700   -0.0029581300    0.0011735600
  -0.0002697400   -0.0054814100    0.0035736200
  -0.0026515300   -0.0038439800   -0.0001981800
   0.0028897700   -0.0004203300    0.0091380300
   0.0016427100    0.0017141500   -0.0147237100
   0.0006348500    0.0020397700   -0.0025090000
  -0.0011513300    0.0013549500   -0.0071692400

5    
  0.0099999984605438  -0.0000027091773761  -0.0000048424661902
   0.0058669800    0.0009672100   -0.0004956800
  -0.0016307700    0.0045675500    0.0005148500
  -0.0056530100   -0.0014493300    0.0003590400
   0.0044624600    0.0013906100    0.0048408600
  -0.0134299400    0.0060440400   -0.0063496900
   0.0021749000   -0.0062442500    0.0003912700
  -0.0054971200    0.0022070800   -0.0003357700
   0.0105996200   -0.0017041500    0.0020362300
  -0.0007821800    0.0061747100   -0.0015289300
  -0.0004064800   -0.0010043500   -0.0026577600
  -0.0018073900    0.0007018900    0.0033163400
   0.0007934800    0.0028604000   -0.0009425000
  -0.0002172700    0.0002957800    0.0007150200
   0.0005149700   -0.0055203100   -0.0014148900
  -0.0039387200   -0.0031801200    0.0028199000
  -0.0002661900   -0.0057040400    0.0020132400
  -0.0026470600   -0.0040605900   -0.0017224400
   0.0028363400   -0.0006443300    0.0074324000
   0.0092346400    0.0013285800   -0.0054021200
   0.0010733900    0.0018359800    0.0045669500
  -0.0012806300    0.0011376200   -0.0081563300

5    
 -0.0099999984605438   0.0000027091773761   0.0000048424661902
   0.0061463300    0.0009885700   -0.0003875300
  -0.0013514000    0.0045888100    0.0006241800
  -0.0053734600   -0.0014278600    0.0004680200
   0.0001351300    0.0013866600    0.0049715000
   0.0099586600    0.0055154400   -0.0085196900
   0.0024570700   -0.0062223200    0.0004990000
  -0.0056495100    0.0022316600   -0.0002123500
   0.0037773800   -0.0017314300    0.0021933200
  -0.0005092900    0.0061963900   -0.0014196700
  -0.0000644300   -0.0009836000   -0.0025487700
  -0.0011955300    0.0007241000    0.0034170900
   0.0010659900    0.0028820600   -0.0008332900
   0.0000587100    0.0003184300    0.0008259500
   0.0002651400   -0.0054964800   -0.0012949700
  -0.0045700100   -0.0031444700    0.0029060000
   0.0000046400   -0.0056821200    0.0021220400
  -0.0023724100   -0.0040392400   -0.0016143200
   0.0032228100   -0.0006225900    0.0075399000
  -0.0056535900    0.0014971600   -0.0052100600
   0.0003833500    0.0018633800    0.0045204100
  -0.0007355900    0.0011574500   -0.0080467800

5    
 -0.0050019844089963   0.0086591065585393   0.0000050576692750
   0.0060133400    0.0009409300   -0.0003820800
  -0.0014845300    0.0045415400    0.0006286800
  -0.0055064600   -0.0014755700    0.0004729800
   0.0011789900    0.0033732300    0.0049744400
   0.0053229700   -0.0061106700   -0.0086695500
   0.0023229200   -0.0062710200    0.0005034600
  -0.0056767000    0.0023696900   -0.0002098800
   0.0054273200    0.0013160900    0.0022074900
  -0.0006407500    0.0061513700   -0.0014151800
  -0.0002129000   -0.0010575100   -0.0025427600
  -0.0014120600    0.0005325000    0.0034203100
   0.0009344700    0.0028376300   -0.0008274500
  -0.0000740200    0.0002716800    0.0008303600
   0.0002670700   -0.0053124400   -0.0013014200
  -0.0044814400   -0.0028076400    0.0029154000
  -0.0001264800   -0.0057260800    0.0021295100
  -0.0025042200   -0.0040846400   -0.0016067300
   0.0030616600   -0.0007174400    0.0075478000
  -0.0019636500    0.0080015400   -0.0051849400
   0.0004887300    0.0022304100    0.0045490800
  -0.0009342500    0.0009964000   -0.0080395200

5    
  0.0050019844089963  -0.0086591065585393  -0.0000050576692750
   0.0060250000    0.0010257300   -0.0006907500
  -0.0014716700    0.0046258700    0.0005083200
  -0.0054948100   -0.0013903600    0.0001687600
   0.0034709400   -0.0005369200    0.0048329200
  -0.0094484100    0.0171994300   -0.0043873300
   0.0023342700   -0.0061849500    0.0003796600
  -0.0054477200    0.0020785100   -0.0003717800
   0.0089476300   -0.0047889200    0.0018672400
  -0.0006269400    0.0062303300   -0.0015630800
  -0.0002338800   -0.0009198300   -0.0028255800
  -0.0015654300    0.0009033900    0.0032822500
   0.0009506400    0.0029135000   -0.0011099400
  -0.0000588600    0.0003549100    0.0006145700
   0.0005429400   -0.0056882400   -0.0015024200
  -0.0040022300   -0.0035073500    0.0027120300
  -0.0001100700   -0.0056492800    0.0019262500
  -0.0024903000   -0.0040041700   -0.0018405800
   0.0030215500   -0.0005409800    0.0073472500
   0.0057247400   -0.0049046100   -0.0055367800
   0.0009901200    0.0014740100    0.0044654600
  -0.0010575000    0.0013099200   -0.0082764700

5    
 -0.0000048821456916   0.0000030679736198   0.0099999983376094
   0.0059417700    0.0011042100    0.0005196200
  -0.0015545100    0.0047072100    0.0017954000
  -0.0055750500   -0.0013107600    0.0014302800
   0.0022228200    0.0015373200    0.0044620200
  -0.0003777600    0.0030870700   -0.0306110900
   0.0022528800   -0.0061095500    0.0016274800
  -0.0056388300    0.0023462400    0.0003201600
   0.0071098700   -0.0015859900    0.0032454400
  -0.0007087700    0.0063102300   -0.0007631100
  -0.0002968100   -0.0008663600   -0.0019438400
  -0.0015649000    0.0008364400    0.0054532600
   0.0008697300    0.0029972400   -0.0003153400
  -0.0001459000    0.0004376500    0.0022063100
   0.0003036000   -0.0053480800   -0.0000613200
  -0.0043484000   -0.0030410900    0.0049179600
  -0.0001912700   -0.0055718700    0.0002016400
  -0.0025670500   -0.0039228600   -0.0035699800
   0.0029719900   -0.0005134300    0.0061583800
   0.0016852200    0.0016593200    0.0014425700
   0.0006732900    0.0019724900    0.0136333800
  -0.0010619200    0.0012745600   -0.0101492200

5    
  0.0000048821456916  -0.0000030679736198  -0.0099999983376094
   0.0060174200    0.0011103400   -0.0013553700
  -0.0014805300    0.0047088300   -0.0004235400
  -0.0055047000   -0.0013084000   -0.0005450600
   0.0023182600    0.0015310400    0.0054733600
  -0.0019874200    0.0031159900    0.0135349600
   0.0023255600   -0.0060999800   -0.0005150300
  -0.0055640100    0.0023498700   -0.0006932000
   0.0072126800   -0.0016233900    0.0011061000
  -0.0006373200    0.0063190200   -0.0019870800
  -0.0002290400   -0.0008632200   -0.0031994000
  -0.0014909300    0.0008468200    0.0014755700
   0.0009367100    0.0030006100   -0.0013900200
  -0.0000658800    0.0004361600   -0.0005142600
   0.0004212600   -0.0054050700   -0.0024788400
  -0.0042138700   -0.0030278300    0.0008791300
  -0.0001239900   -0.0055562500    0.0040326300
  -0.0025061400   -0.0039185500    0.0003043100
   0.0030344900   -0.0004978400    0.0089109600
   0.0018139100    0.0016232600   -0.0118443800
   0.0007333100    0.0019791900   -0.0047827000
  -0.0010097600    0.0012794000   -0.0059881500

6    
  0.0099999984605438  -0.0000027091773761  -0.0000048424661902
   0.0084588400    0.0012030400   -0.0005820700
  -0.0013755800    0.0048275200    0.0003997400
  -0.0053976800   -0.0011896700    0.0002434600
   0.0024137600    0.0016544200    0.0047274500
  -0.0008171300    0.0024922900   -0.0038640900
  -0.0153437500   -0.0078876800   -0.0002093500
  -0.0054914500    0.0024668200   -0.0004454300
   0.0073075500   -0.0014842100    0.0019620000
   0.0029933500    0.0063995300   -0.0016216300
   0.0000938400   -0.0007418300   -0.0027581800
  -0.0013823300    0.0009624800    0.0031943400
   0.0008779600    0.0031209800   -0.0010623600
   0.0003041000    0.0005615300    0.0006094300
   0.0005054400   -0.0052564000   -0.0015289000
  -0.0036541800   -0.0029126200    0.0026935000
   0.0075662100   -0.0052757000    0.0020251600
  -0.0024464200   -0.0038018800   -0.0018339700
   0.0031479400   -0.0003850200    0.0073221000
   0.0019025800    0.0017515800   -0.0054109300
   0.0007056100    0.0020966500    0.0044110300
  -0.0003686300    0.0013981700   -0.0082712900

6    
 -0.0099999984605438   0.0000027091773761   0.0000048424661902
   0.0035362200    0.0013539000   -0.0006397700
  -0.0016252600    0.0048977300    0.0004227700
  -0.0056470800   -0.0011190100    0.0002666900
   0.0021642700    0.0017247100    0.0047494700
  -0.0010644000    0.0025627300   -0.0038435200
   0.0187509500   -0.0092178800   -0.0003112500
  -0.0056771100    0.0025376600   -0.0004273400
   0.0070512500   -0.0014141500    0.0019835400
  -0.0043028400    0.0065073400   -0.0016199300
  -0.0005831900   -0.0006805200   -0.0027715400
  -0.0016390700    0.0010322100    0.0032163900
   0.0009625200    0.0031910000   -0.0010335500
  -0.0004832700    0.0006247700    0.0006156800
   0.0002537200   -0.0051859400   -0.0015034600
  -0.0048680800   -0.0028398700    0.0027170900
  -0.0078418400   -0.0053866200    0.0019015900
  -0.0025912900   -0.0037302000   -0.0018254500
   0.0028933800   -0.0003148900    0.0073289100
   0.0016445300    0.0018220400   -0.0054035800
   0.0007317000    0.0021670300    0.0044115900
  -0.0016651100    0.0014679800   -0.0082343200

6    
 -0.0050019844089963   0.0086591065585393   0.0000050576692750
   0.0047763100    0.0031758800   -0.0006935500
  -0.0015047100    0.0047569000    0.0003494100
  -0.0055266600   -0.0012600100    0.0001927300
   0.0022849600    0.0015839200    0.0046763500
  -0.0009447300    0.0024205100   -0.0039173700
   0.0091191900   -0.0186714100    0.0009203300
  -0.0055725800    0.0023687900   -0.0004990300
   0.0071733400   -0.0015521100    0.0019099800
  -0.0024225300    0.0094937200   -0.0016538900
  -0.0003491700   -0.0006296600   -0.0028375900
  -0.0015167100    0.0008946700    0.0031456500
   0.0009994000    0.0029052500   -0.0011085300
  -0.0002310100    0.0007004900    0.0005418200
   0.0003748100   -0.0053260300   -0.0015779600
  -0.0045110700   -0.0025768000    0.0026431100
  -0.0039331900    0.0007135700    0.0019737400
  -0.0024967900   -0.0039155100   -0.0018933500
   0.0030152200   -0.0004537500    0.0072615400
   0.0017671000    0.0016847400   -0.0054712000
   0.0007837500    0.0019076600    0.0043458900
  -0.0012849400    0.0017791700   -0.0083080700

6    
  0.0050019844089963  -0.0086591065585393  -0.0000050576692750
   0.0072237800   -0.0007558800   -0.0005841600
  -0.0014622500    0.0048805500    0.0004177700
  -0.0054844100   -0.0011363000    0.0002613700
   0.0023271000    0.0017075200    0.0047451100
  -0.0009033100    0.0025469000   -0.0038460500
  -0.0062376000    0.0035588900   -0.0003153000
  -0.0055622600    0.0025480100   -0.0004288400
   0.0072192200   -0.0014339700    0.0019790600
   0.0011751500    0.0033733600   -0.0016434400
  -0.0001036800   -0.0008757100   -0.0027489100
  -0.0014711500    0.0010122400    0.0032100400
   0.0008746400    0.0033186300   -0.0010436000
   0.0000825900    0.0003940900    0.0006279200
   0.0004181500   -0.0052040500   -0.0015100600
  -0.0039827800   -0.0032703300    0.0027119200
   0.0035483100   -0.0116947300    0.0018886400
  -0.0025061200   -0.0037027500   -0.0018223000
   0.0030598300   -0.0003339700    0.0073335600
   0.0018137200    0.0018011200   -0.0053995800
   0.0006884000    0.0022699100    0.0044207100
  -0.0007173400    0.0009964900   -0.0082538400

6    
 -0.0000048821456916   0.0000030679736198   0.0099999983376094
   0.0059859700    0.0014748400   -0.0011913600
  -0.0015450500    0.0050795600    0.0012841700
  -0.0055657300   -0.0009373900    0.0012434100
   0.0022476000    0.0019035600    0.0056305400
  -0.0009824600    0.0027403600   -0.0029638400
   0.0025669700   -0.0129732800   -0.0189515500
  -0.0056263900    0.0027175700    0.0000902800
   0.0071354400   -0.0012348200    0.0024174700
  -0.0006898000    0.0067297800   -0.0006804600
  -0.0002814500   -0.0004933500   -0.0024354200
  -0.0015538100    0.0012103700    0.0036441200
   0.0008718700    0.0033651200    0.0008286100
  -0.0001072700    0.0008543100    0.0017299800
   0.0003436100   -0.0050122900   -0.0002506700
  -0.0043540100   -0.0026652000    0.0045910900
  -0.0001285200   -0.0050815800    0.0086019400
  -0.0025643800   -0.0035503700   -0.0033818600
   0.0029755600   -0.0001361600    0.0052781600
   0.0017284900    0.0020048800   -0.0074325600
   0.0006814600    0.0023454700    0.0021759300
  -0.0011380900    0.0016586400   -0.0002279600

6    
  0.0000048821456916  -0.0000030679736198  -0.0099999983376094
   0.0059868300    0.0014124900   -0.0000954700
  -0.0014753900    0.0050101600   -0.0003555600
  -0.0054997600   -0.0010079500   -0.0008030300
   0.0023087900    0.0018386700    0.0039430200
  -0.0009209200    0.0026770500   -0.0048254400
   0.0012463900   -0.0112248200    0.0194873700
  -0.0055633900    0.0026503500   -0.0008934800
   0.0072018000   -0.0013011100    0.0014753600
  -0.0006419600    0.0065721900   -0.0025430900
  -0.0002301200   -0.0005626400   -0.0031525800
  -0.0014881400    0.0011465900    0.0028423300
   0.0009493100    0.0033087100   -0.0029499000
  -0.0000907700    0.0006943500   -0.0004862800
   0.0003954300   -0.0050676700   -0.0027608300
  -0.0041842200   -0.0027296400    0.0007284800
  -0.0001691700   -0.0053828200   -0.0047805600
  -0.0024945500   -0.0036171000   -0.0002953500
   0.0030453600   -0.0002011800    0.0093807000
   0.0017975800    0.0019322100   -0.0034117800
   0.0007333200    0.0022821400    0.0066536700
  -0.0009064300    0.0015700100   -0.0171575900

7    
  0.0099999984605438  -0.0000027091773761  -0.0000048424661902
   0.0060651700    0.0010546500   -0.0005891600
  -0.0012704600    0.0046541000    0.0004269700
  -0.0052918700   -0.0013625800    0.0002700000
   0.0060742100    0.0015267000    0.0047012500
  -0.0004998700    0.0023157600   -0.0038385500
   0.0025027300   -0.0061572000    0.0003028800
  -0.0305770300    0.0042666800   -0.0011360800
   0.0073915900   -0.0016576300    0.0019871700
  -0.0004191800    0.0062614900   -0.0016185100
   0.0018589100   -0.0009079900   -0.0027358500
  -0.0012753000    0.0007891400    0.0032199900
   0.0011499300    0.0029474100   -0.0010315700
   0.0001501200    0.0003850600    0.0006299500
   0.0005746100   -0.0054300000   -0.0015019900
   0.0016162600   -0.0030934700    0.0027266800
   0.0000978000   -0.0056170100    0.0019239000
  -0.0022910100   -0.0039737700   -0.0018122100
   0.0032584100   -0.0005577000    0.0073426100
   0.0019500200    0.0015778900   -0.0053880400
   0.0106216600    0.0017506000    0.0043738800
  -0.0016867000    0.0012278800   -0.0082533200

7    
 -0.0099999984605438   0.0000027091773761   0.0000048424661902
   0.0058462100    0.0010860800   -0.0008060500
  -0.0018133900    0.0046867100    0.0002044200
  -0.0058369000   -0.0013299800    0.0000502500
  -0.0015838200    0.0015013000    0.0045399000
  -0.0014713400    0.0023517300   -0.0040551400
   0.0020277700   -0.0061242000    0.0000802900
   0.0201672300    0.0037291500    0.0032040500
   0.0068835100   -0.0016249800    0.0017680900
  -0.0009741500    0.0062943000   -0.0018388000
  -0.0024335000   -0.0008786400   -0.0029603600
  -0.0018298000    0.0008219200    0.0030005500
   0.0006075300    0.0029801200   -0.0012516000
  -0.0004124100    0.0004143900    0.0004063200
   0.0001009600   -0.0053965300   -0.0017212200
  -0.0102599700   -0.0031670300    0.0025467700
  -0.0004615000   -0.0055844500    0.0016989700
  -0.0028302800   -0.0039413600   -0.0020366500
   0.0026996800   -0.0005260400    0.0071177400
   0.0015135900    0.0016116100   -0.0056156400
  -0.0095122700    0.0018363200    0.0041309400
  -0.0004271700    0.0012595800   -0.0084628300

7    
 -0.0050019844089963   0.0086591065585393   0.0000050576692750
   0.0058563100    0.0007184000   -0.0008644500
  -0.0017232000    0.0044596700    0.0001455400
  -0.0057458000   -0.0015560200   -0.0000080200
   0.0002974700    0.0043635400    0.0044730700
  -0.0012718900    0.0023119800   -0.0041150400
   0.0021004500   -0.0063813100    0.0000216400
   0.0080605600   -0.0094229900    0.0044485700
   0.0069654300   -0.0018671600    0.0017089500
  -0.0008806300    0.0060723200   -0.0018969300
  -0.0014125800    0.0005179500   -0.0030225400
  -0.0017365300    0.0005998000    0.0029422800
   0.0006977000    0.0027528100   -0.0013110500
  -0.0003157100    0.0001966900    0.0003499800
   0.0001735400   -0.0056535700   -0.0017803600
  -0.0071937600    0.0016022800    0.0024254000
  -0.0003668800   -0.0058041600    0.0016410100
  -0.0027407400   -0.0041701400   -0.0020946100
   0.0027944100   -0.0007459100    0.0070597500
   0.0015771100    0.0013368100   -0.0056731100
  -0.0043392100    0.0104242700    0.0040662600
  -0.0007960500    0.0002447500   -0.0085163300

7    
  0.0050019844089963  -0.0086591065585393  -0.0000050576692750
   0.0058779700    0.0010776200   -0.0006338600
  -0.0015379500    0.0045369600    0.0003839500
  -0.0055599100   -0.0014807100    0.0002263800
   0.0039900800   -0.0017273500    0.0046759300
  -0.0008715300    0.0020157300   -0.0038815100
   0.0022521900   -0.0062452900    0.0002589600
  -0.0153775900    0.0237219700   -0.0003841400
   0.0071326600   -0.0017593500    0.0019436200
  -0.0006897900    0.0061391700   -0.0016614700
   0.0006473400   -0.0026719700   -0.0027786000
  -0.0015454400    0.0006667700    0.0031771400
   0.0008824500    0.0028305100   -0.0010750400
  -0.0001235900    0.0002584000    0.0005843600
   0.0003252100   -0.0055168700   -0.0015451300
  -0.0015086600   -0.0080249000    0.0027397500
  -0.0001739000   -0.0057416900    0.0018815300
  -0.0025577400   -0.0040893300   -0.0018547100
   0.0029862600   -0.0006824500    0.0073003200
   0.0017096200    0.0015085800   -0.0054311000
   0.0056458100   -0.0067010000    0.0043753800
  -0.0015035200    0.0018852000   -0.0083017900

7    
 -0.0000048821456916   0.0000030679736198   0.0099999983376094
   0.0058812700    0.0010382000    0.0013256900
  -0.0016131100    0.0046404400    0.0009827100
  -0.0056354700   -0.0013754300    0.0008469600
   0.0021397100    0.0014770300    0.0058657900
  -0.0010620400    0.0023062100   -0.0033614800
   0.0021934300   -0.0061723700    0.0009586800
  -0.0037134300    0.0044617900   -0.0114998000
   0.0070645400   -0.0016708400    0.0024011000
  -0.0007680500    0.0062467200   -0.0012695400
  -0.0003591100   -0.0009326000   -0.0017046400
  -0.0016249200    0.0007741100    0.0035645600
   0.0008081300    0.0029330500   -0.0006699900
  -0.0002120300    0.0003641900    0.0014133300
   0.0002708400   -0.0054470400   -0.0006652200
  -0.0044747100   -0.0031187500   -0.0006842400
  -0.0002525000   -0.0056346600    0.0008779600
  -0.0026301700   -0.0039880100   -0.0028150400
   0.0029063300   -0.0005728600    0.0063644700
   0.0016606100    0.0015654800   -0.0065176200
   0.0005450200    0.0018941600    0.0125381500
  -0.0011243300    0.0012111800   -0.0079518200

7    
  0.0000048821456916  -0.0000030679736198  -0.0099999983376094
   0.0056649600    0.0011071500   -0.0025253200
  -0.0018352400    0.0047062300   -0.0001753900
  -0.0058576400   -0.0013119900   -0.0003523300
   0.0019879300    0.0015233700    0.0036266300
  -0.0012703500    0.0023687100   -0.0043600400
   0.0019715500   -0.0061046700   -0.0004047800
   0.0003801000    0.0030756800    0.0098954300
   0.0068437100   -0.0016056800    0.0015215200
  -0.0009904600    0.0063143700   -0.0020200700
  -0.0005775700   -0.0008648200   -0.0038388900
  -0.0018449400    0.0008414200    0.0028274900
   0.0005841200    0.0029996800   -0.0014325600
  -0.0004173700    0.0004380400   -0.0001983700
   0.0000398600   -0.0053740200   -0.0023880600
  -0.0044836200   -0.0030241400    0.0060268100
  -0.0004767700   -0.0055618800    0.0029297300
  -0.0028563500   -0.0039218900   -0.0008456600
   0.0026863200   -0.0005059100    0.0082791300
   0.0014379400    0.0016294400   -0.0042993400
   0.0003718900    0.0019974900   -0.0037007500
  -0.0013580500    0.0012734300   -0.0085652000

8    
  0.0099999984605438  -0.0000027091773761  -0.0000048424661902
   0.0060329800    0.0010133500   -0.0004657900
  -0.0016279600    0.0046136600    0.0005446600
  -0.0055207800   -0.0014033400    0.0003887500
   0.0025419400    0.0014404500    0.0048680000
   0.0026438000    0.0022857900   -0.0037200700
   0.0023434900   -0.0061978000    0.0004193400
  -0.0055662800    0.0022536500   -0.0003035400
  -0.0141423600    0.0007367800   -0.0012967000
  -0.0006195400    0.0062211400   -0.0015000200
  -0.0002033200   -0.0009583300   -0.0026280900
   0.0004072900    0.0007448800    0.0033348300
   0.0009620700    0.0029068300   -0.0009127600
  -0.0000454800    0.0003436200    0.0007443800
   0.0060074500   -0.0053757300   -0.0013702900
  -0.0042605000   -0.0031277800    0.0028377200
  -0.0001063900   -0.0056574200    0.0020457200
  -0.0024749900   -0.0040141600   -0.0016898300
   0.0021524500   -0.0006075200    0.0074526600
   0.0117493900    0.0017156700   -0.0051773700
   0.0007004500    0.0018827000    0.0045514300
  -0.0009736800    0.0011835700   -0.0081230500

8    
 -0.0099999984605438   0.0000027091773761   0.0000048424661902
   0.0059659200    0.0011540800   -0.0005820000
  -0.0013684900    0.0047546400    0.0004357400
  -0.0055198100   -0.0012624800    0.0002747000
   0.0020443600    0.0015824800    0.0047563600
  -0.0045176100    0.0023795300   -0.0037989800
   0.0022744700   -0.0060571700    0.0003069200
  -0.0055979600    0.0023939800   -0.0004157400
   0.0270801800   -0.0018214800    0.0010993900
  -0.0006859000    0.0063618500   -0.0016129800
  -0.0002814300   -0.0008176900   -0.0027414700
  -0.0034227800    0.0008769100    0.0032143600
   0.0008835500    0.0030476200   -0.0010266000
  -0.0001289000    0.0004827900    0.0006319400
  -0.0052291900   -0.0053163700   -0.0015585800
  -0.0042591100   -0.0029861800    0.0027249600
  -0.0001693500   -0.0055169500    0.0019278100
  -0.0025584900   -0.0038739400   -0.0018082200
   0.0038908200   -0.0004563800    0.0073596900
  -0.0080856600    0.0017263200   -0.0053770800
   0.0007415600    0.0020253500    0.0044315400
  -0.0010561900    0.0013230800   -0.0082417900

8    
 -0.0050019844089963   0.0086591065585393   0.0000050576692750
   0.0059351700    0.0013535300   -0.0007036100
  -0.0014799800    0.0048132200    0.0005015700
  -0.0055675000   -0.0010919900    0.0001558900
   0.0021184100    0.0019627300    0.0048215600
  -0.0027420600    0.0057167100   -0.0039053500
   0.0022445600   -0.0058574300    0.0003687700
  -0.0056375500    0.0025786100   -0.0003792000
   0.0178243500   -0.0228747700    0.0014831600
  -0.0007181900    0.0065606600   -0.0015735400
  -0.0003106400   -0.0006143300   -0.0028365800
  -0.0025008500    0.0027181700    0.0032526800
   0.0008561800    0.0032494200   -0.0011207700
  -0.0001540300    0.0006936100    0.0006020700
  -0.0025183000   -0.0002352500   -0.0015326900
  -0.0043079500   -0.0028181300    0.0026954600
  -0.0002012800   -0.0053194200    0.0019170800
  -0.0025851600   -0.0036673400   -0.0018503500
   0.0034118400   -0.0010366900    0.0073462400
  -0.0032666800    0.0101617400   -0.0053866400
   0.0006830300    0.0021769800    0.0044303700
  -0.0010833700    0.0015299600   -0.0082861300

8    
  0.0050019844089963  -0.0086591065585393  -0.0000050576692750
   0.0061224800    0.0009865400   -0.0004911500
  -0.0014568100    0.0047274900    0.0005195400
  -0.0054139900   -0.0014003000    0.0003643800
   0.0025230100    0.0012267700    0.0048417400
   0.0009530600   -0.0008339200   -0.0037506100
   0.0024323500   -0.0062254000    0.0003939300
  -0.0054680000    0.0022422200   -0.0003291100
  -0.0057461900    0.0190436100   -0.0007262700
  -0.0005299400    0.0061944400   -0.0015253500
  -0.0001167400   -0.0009901700   -0.0026531500
  -0.0004423700   -0.0009019800    0.0033085800
   0.0010485400    0.0028749600   -0.0009377700
   0.0000391500    0.0003066100    0.0007215300
   0.0032533200   -0.0104811700   -0.0014520600
  -0.0041540100   -0.0031243300    0.0028122100
  -0.0000159300   -0.0056826000    0.0020209400
  -0.0023898000   -0.0040483900   -0.0017146300
   0.0026978100    0.0001586600    0.0074314900
   0.0067347400   -0.0071254400   -0.0052133700
   0.0008178300    0.0019028900    0.0045271600
  -0.0008884900    0.0011494900   -0.0081480600

8    
 -0.0000048821456916   0.0000030679736198   0.0099999983376094
   0.0062648900    0.0009234600   -0.0000051400
  -0.0012325100    0.0045281000    0.0023442500
  -0.0052543000   -0.0014923900    0.0009560500
   0.0025525000    0.0013563700    0.0052509800
  -0.0006988700    0.0022114300   -0.0027298900
   0.0025740500   -0.0062879600    0.0009012600
  -0.0053164500    0.0021637400    0.0000237500
   0.0012587600    0.0026554200   -0.0095252400
  -0.0003866700    0.0061306900   -0.0012358800
   0.0000229800   -0.0010459600   -0.0023757500
  -0.0012432300    0.0006606000    0.0042908600
   0.0011890500    0.0028179600   -0.0006543800
   0.0001770200    0.0002617400    0.0014316000
   0.0006011200   -0.0054614400   -0.0048310100
  -0.0039886400   -0.0032181300    0.0035848000
   0.0001290300   -0.0057487000    0.0009359800
  -0.0022477700   -0.0041029900   -0.0028393500
   0.0032924600   -0.0006920400    0.0076420600
   0.0020702000    0.0014520000    0.0027211200
   0.0009857200    0.0017935600    0.0033172800
  -0.0007493600    0.0010945600   -0.0092033600

8    
  0.0000048821456916  -0.0000030679736198  -0.0099999983376094
   0.0059732400    0.0010548500   -0.0012311400
  -0.0015233500    0.0046519800   -0.0015749200
  -0.0055468700   -0.0013628800   -0.0004762400
   0.0022703500    0.0014761000    0.0041877000
  -0.0009374200    0.0022957100   -0.0050425300
   0.0022838000   -0.0061565800   -0.0003629600
  -0.0056068500    0.0022935100   -0.0009232400
   0.0069878400    0.0003716100    0.0132255500
  -0.0006790500    0.0062624100   -0.0020687700
  -0.0002691800   -0.0009181300   -0.0031784400
  -0.0015353000    0.0007888600    0.0020897300
   0.0008962500    0.0029478500   -0.0014674400
  -0.0001125500    0.0003725500   -0.0002466500
   0.0003881400   -0.0055174700    0.0018150500
  -0.0042915400   -0.0030851000    0.0017949200
  -0.0001651800   -0.0056148400    0.0028374500
  -0.0025460500   -0.0039746600   -0.0008556300
   0.0029921200   -0.0005537300    0.0069585900
   0.0017666200    0.0015196800   -0.0135913100
   0.0006958300    0.0019250400    0.0054667700
  -0.0010408400    0.0012232400   -0.0073564900

9    
  0.0099999984605438  -0.0000027091773761  -0.0000048424661902
   0.0061211400    0.0011347000   -0.0007775600
  -0.0016218500    0.0047313800    0.0002269300
  -0.0057818000   -0.0012861400    0.0000650500
   0.0022005200    0.0015581000    0.0045535400
  -0.0010299900    0.0023962700   -0.0040371900
   0.0057363500   -0.0060829900    0.0001001900
  -0.0056686100    0.0023709100   -0.0006199500
   0.0070889100   -0.0015807800    0.0017889600
  -0.0194159600    0.0067413700    0.0014887800
  -0.0003550600   -0.0008411800   -0.0029433600
  -0.0015950700    0.0008659700    0.0030220200
   0.0027103900    0.0030457700   -0.0012095700
   0.0054008800    0.0003212500    0.0004952300
   0.0003017800   -0.0053520100   -0.0016988100
  -0.0043874200   -0.0030088000    0.0025225100
   0.0097082400   -0.0056093200    0.0017037900
  -0.0035099100   -0.0038802000   -0.0020141500
   0.0029386100   -0.0004813400    0.0071420100
   0.0016820000    0.0016553800   -0.0055906700
   0.0006364600    0.0020008700    0.0042286500
  -0.0011596000    0.0013008000   -0.0084464100

9    
 -0.0099999984605438   0.0000027091773761   0.0000048424661902
   0.0061478500    0.0012061200   -0.0008065400
  -0.0011040800    0.0048115100    0.0002093500
  -0.0049884700   -0.0012054700    0.0000503600
   0.0026527400    0.0016386800    0.0045382700
  -0.0005771200    0.0024766600   -0.0040561700
  -0.0008476300   -0.0059641100    0.0000659300
  -0.0052253600    0.0024514900   -0.0006378600
   0.0075446600   -0.0015001100    0.0017714300
   0.0114154700    0.0049472200    0.0019923700
   0.0001403800   -0.0007602200   -0.0029653800
  -0.0011518800    0.0009465700    0.0030042200
  -0.0005944600    0.0030997200   -0.0012577600
  -0.0053033700    0.0006083700    0.0003819600
   0.0007325900   -0.0052719700   -0.0017197500
  -0.0038621500   -0.0029308000    0.0025031900
  -0.0097188000   -0.0055224800    0.0016797400
  -0.0012534000   -0.0038278500   -0.0020287300
   0.0033774000   -0.0004010200    0.0071270300
   0.0021399000    0.0017357500   -0.0056055400
   0.0010756900    0.0020816300    0.0042134900
  -0.0005999600    0.0013803000   -0.0084596200

9    
 -0.0050019844089963   0.0086591065585393   0.0000050576692750
   0.0060671200    0.0012982100   -0.0007534700
  -0.0013111700    0.0046881400    0.0002588300
  -0.0052645200   -0.0014481700    0.0001091300
   0.0024619100    0.0015437700    0.0045861800
  -0.0007681000    0.0023814200   -0.0040062700
   0.0006895200   -0.0029825800    0.0001519500
  -0.0054139700    0.0023605300   -0.0005873300
   0.0073530800   -0.0015964400    0.0018207700
   0.0052343600   -0.0106340600    0.0008421300
  -0.0000614600   -0.0008734500   -0.0029139400
  -0.0013405500    0.0008554400    0.0030546400
   0.0001578200    0.0046409000   -0.0012064900
  -0.0027356600    0.0053933400    0.0004888200
   0.0005468900   -0.0053589200   -0.0016675800
  -0.0040698000   -0.0030564300    0.0025528800
  -0.0048655600    0.0031074400    0.0017724000
  -0.0018894300   -0.0046981100   -0.0019775600
   0.0031901300   -0.0004901000    0.0071775700
   0.0019477400    0.0016382800   -0.0055554300
   0.0008880700    0.0019926600    0.0042634900
  -0.0008164200    0.0012381300   -0.0084107100

9    
  0.0050019844089963  -0.0086591065585393  -0.0000050576692750
   0.0060062300    0.0012145700   -0.0007800600
  -0.0016112700    0.0050215400    0.0002263200
  -0.0057015400   -0.0008766000    0.0000572500
   0.0021951000    0.0018203000    0.0045545800
  -0.0010353200    0.0026583600   -0.0040385400
   0.0039734700   -0.0089440400    0.0000478700
  -0.0056763700    0.0026286300   -0.0006214800
   0.0070844100   -0.0013173000    0.0017876500
  -0.0094470300    0.0184298200    0.0017314900
  -0.0003495200   -0.0005607500   -0.0029467400
  -0.0016028400    0.0011240000    0.0030205600
   0.0017471700    0.0016499000   -0.0012085400
   0.0027000600   -0.0041136800    0.0004549400
   0.0002907600   -0.0050984400   -0.0017017700
  -0.0043759900   -0.0027156200    0.0025221100
   0.0047814400   -0.0136278200    0.0015959800
  -0.0030750300   -0.0028546300   -0.0020183400
   0.0029297000   -0.0002251900    0.0071372700
   0.0016780400    0.0019198800   -0.0055951400
   0.0006278400    0.0022566000    0.0042245000
  -0.0011393000    0.0016104400   -0.0084499200

9    
 -0.0000048821456916   0.0000030679736198   0.0099999983376094
   0.0061922400    0.0011864600   -0.0008271600
  -0.0013172000    0.0047849500    0.0003581000
  -0.0053416100   -0.0012299000    0.0015451700
   0.0024733600    0.0016100500    0.0045912700
  -0.0007577800    0.0024478400   -0.0039955300
   0.0024971600   -0.0059886600    0.0006968500
  -0.0054013600    0.0024236000   -0.0007971300
   0.0073621700   -0.0015280100    0.0016150700
  -0.0050170800    0.0054608500    0.0015014600
  -0.0000624300   -0.0007884800   -0.0030507800
  -0.0013280600    0.0009170500    0.0028438100
   0.0011205500    0.0030666800   -0.0007163000
   0.0001624600    0.0005614600   -0.0033958300
   0.0005658600   -0.0053041700   -0.0014429900
  -0.0040765200   -0.0029592100    0.0028272200
   0.0000502000   -0.0055176000    0.0093156700
  -0.0023441700   -0.0038304600   -0.0022028700
   0.0032029200   -0.0004301200    0.0055961400
   0.0019555400    0.0017103700   -0.0070949700
   0.0009000900    0.0020532800    0.0027340900
  -0.0008363500    0.0013540200   -0.0101012900

9    
  0.0000048821456916  -0.0000030679736198  -0.0099999983376094
   0.0060982500    0.0011090200   -0.0008113900
  -0.0013861000    0.0047118900    0.0000191200
  -0.0054068200   -0.0013095200   -0.0014591800
   0.0024020800    0.0015404200    0.0044488600
  -0.0008276200    0.0023780000   -0.0041487300
   0.0024132400   -0.0061406900   -0.0005295200
  -0.0054703200    0.0023513000   -0.0005110800
   0.0072932800   -0.0015989300    0.0018862300
  -0.0034068600    0.0069890300    0.0030205200
  -0.0001304100   -0.0008586200   -0.0029325000
  -0.0013972100    0.0008479300    0.0031314300
   0.0010175200    0.0030153500   -0.0018269700
  -0.0000458200    0.0004096500    0.0041335200
   0.0004905500   -0.0053619600   -0.0020392000
  -0.0041510400   -0.0030269100    0.0021408300
  -0.0000516300   -0.0055264700   -0.0059214600
  -0.0023971500   -0.0039288600   -0.0018753100
   0.0031348500   -0.0004983200    0.0086226900
   0.0018883200    0.0016344700   -0.0041513300
   0.0008341200    0.0019824100    0.0056581700
  -0.0009012200    0.0012808200   -0.0068547000

10   
  0.0099999984605438  -0.0000027091773761  -0.0000048424661902
   0.0096031600    0.0009587700   -0.0006022500
  -0.0014471800    0.0045931400    0.0003748000
  -0.0054689700   -0.0014233300    0.0002191900
   0.0021736700    0.0014204400    0.0047033700
  -0.0009221000    0.0022587100   -0.0038883600
   0.0025702000   -0.0062114100    0.0002553500
  -0.0036588000    0.0022250200   -0.0004803900
   0.0072371100   -0.0017184400    0.0019362200
  -0.0006228300    0.0062003800   -0.0016707100
  -0.0215830600    0.0020477400   -0.0026373900
  -0.0014589300    0.0007282000    0.0031700300
   0.0009783300    0.0028866100   -0.0010826700
  -0.0000725500    0.0003238600    0.0005765600
   0.0004370300   -0.0054904400   -0.0015531500
   0.0011302500   -0.0031318500    0.0027091900
  -0.0001425800   -0.0056765200    0.0018710500
  -0.0024587400   -0.0040348200   -0.0018630600
   0.0030707400   -0.0006191700    0.0072914900
   0.0018329400    0.0015179100   -0.0054415000
  -0.0001188400    0.0018568100    0.0043783000
   0.0089211700    0.0012884100   -0.0082660700

10   
 -0.0099999984605438   0.0000027091773761   0.0000048424661902
   0.0020200100    0.0012385500   -0.0007002400
  -0.0019227000    0.0048378600    0.0003103700
  -0.0059452200   -0.0011794100    0.0001544200
   0.0020364300    0.0016647700    0.0046393700
  -0.0013284000    0.0025019200   -0.0039557800
   0.0016732300   -0.0059773700    0.0001790800
  -0.0078825100    0.0024695100   -0.0005432900
   0.0067525600   -0.0014741700    0.0018735600
  -0.0010562800    0.0064453600   -0.0017324800
   0.0274240800   -0.0029172000   -0.0012444700
  -0.0019316000    0.0009723400    0.0031054000
   0.0004932700    0.0031309300   -0.0011458400
  -0.0004753700    0.0005661000    0.0005112400
  -0.0000470300   -0.0052456600   -0.0016178000
  -0.0100580800   -0.0028076000    0.0025151900
  -0.0005068100   -0.0054348400    0.0018128900
  -0.0029481800   -0.0037904700   -0.0019238600
   0.0026016200   -0.0003748500    0.0072308000
   0.0013451400    0.0017615800   -0.0055014500
   0.0011900600    0.0021065700    0.0043173800
  -0.0114342200    0.0015060900   -0.0082845000

10   
 -0.0050019844089963   0.0086591065585393   0.0000050576692750
   0.0039928600    0.0043096200   -0.0006958400
  -0.0017257800    0.0048042800    0.0003093200
  -0.0057481000   -0.0012124000    0.0001536700
   0.0021483200    0.0014837900    0.0046395000
  -0.0011481800    0.0024391600   -0.0039554700
   0.0019793300   -0.0058263400    0.0001815700
  -0.0067399100    0.0040819400   -0.0005473500
   0.0069515600   -0.0015035800    0.0018717300
  -0.0008700200    0.0063935000   -0.0017345400
   0.0137942700   -0.0194119600   -0.0012818000
  -0.0017352600    0.0009377500    0.0031041900
   0.0006922700    0.0031015800   -0.0011477900
  -0.0002956000    0.0005015200    0.0005107800
   0.0001517100   -0.0052761200   -0.0016177700
  -0.0072639500    0.0018293600    0.0026108600
  -0.0003367900   -0.0055160900    0.0018067100
  -0.0027477800   -0.0038179100   -0.0019289100
   0.0027968700   -0.0004114600    0.0072261400
   0.0015452800    0.0017339500   -0.0055064800
   0.0009456100    0.0013034400    0.0043104400
  -0.0063867200    0.0100559600   -0.0083089600

10   
  0.0050019844089963  -0.0086591065585393  -0.0000050576692750
   0.0076806300   -0.0020943200   -0.0006000400
  -0.0016240800    0.0045946700    0.0003781900
  -0.0056462200   -0.0014220300    0.0002228100
   0.0020810800    0.0015685000    0.0047048600
  -0.0010821500    0.0022902100   -0.0038853800
   0.0022821500   -0.0063992700    0.0002552400
  -0.0047659100    0.0006068500   -0.0004740700
   0.0070578900   -0.0017209700    0.0019395300
  -0.0007888900    0.0062201600   -0.0016653900
  -0.0082072100    0.0195708200   -0.0026531500
  -0.0016351700    0.0007310100    0.0031742600
   0.0007990200    0.0028839400   -0.0010792700
  -0.0002323700    0.0003563700    0.0005796800
   0.0002574700   -0.0054919900   -0.0015504300
  -0.0017162200   -0.0079505100    0.0026153400
  -0.0002927500   -0.0056273800    0.0018790000
  -0.0026392000   -0.0040392400   -0.0018562700
   0.0028953700   -0.0006145800    0.0072981700
   0.0016527100    0.0015136200   -0.0054348300
   0.0001503100    0.0026368800    0.0043867000
   0.0037735600   -0.0076127500   -0.0082349500

10   
 -0.0000048821456916   0.0000030679736198   0.0099999983376094
   0.0057447000    0.0010838300    0.0004329300
  -0.0017699100    0.0046825300    0.0009185400
  -0.0057935100   -0.0013350400    0.0007785900
   0.0020281800    0.0015073800    0.0066245100
  -0.0012083000    0.0023452600   -0.0032385100
   0.0020553200   -0.0061328900    0.0006986000
  -0.0058521600    0.0023185900    0.0005606600
   0.0069104100   -0.0016308700    0.0022732200
  -0.0009209600    0.0062884900   -0.0012428500
   0.0044184800    0.0003972700   -0.0127826900
  -0.0017796500    0.0008148300    0.0035269200
   0.0006532400    0.0029739900   -0.0007408100
  -0.0003619900    0.0004104100    0.0013920100
   0.0001172700   -0.0054084100   -0.0007203100
  -0.0045004400   -0.0030509400   -0.0005886500
  -0.0004090300   -0.0055939000    0.0007125300
  -0.0027844300   -0.0039468600   -0.0028703200
   0.0027514400   -0.0005321200    0.0062918200
   0.0015045200    0.0016070100   -0.0064594000
   0.0004586800    0.0019533200    0.0046707900
  -0.0012618600    0.0012481200   -0.0002375700

10   
  0.0000048821456916  -0.0000030679736198  -0.0099999983376094
   0.0055480400    0.0012024600   -0.0017344100
  -0.0019339500    0.0048052900   -0.0001668300
  -0.0059540600   -0.0012112000   -0.0003368100
   0.0018470600    0.0016338900    0.0027373800
  -0.0013754800    0.0024722600   -0.0045328700
   0.0018562600   -0.0060045900   -0.0001962500
  -0.0060201500    0.0024481400   -0.0015023100
   0.0067451400   -0.0015053200    0.0016013800
  -0.0010917500    0.0064141800   -0.0020909200
   0.0078811500   -0.0020283900    0.0077572800
  -0.0019451500    0.0009418800    0.0028171300
   0.0004845100    0.0030995800   -0.0014237400
  -0.0005196400    0.0005355500   -0.0002344700
  -0.0000610600   -0.0052718900   -0.0023831300
  -0.0047191700   -0.0029576300    0.0059738400
  -0.0005741900   -0.0054612400    0.0030265100
  -0.0029565200   -0.0038218600   -0.0008577800
   0.0025871400   -0.0004056600    0.0082843000
   0.0013394400    0.0017289500   -0.0044264500
   0.0002758800    0.0020732800    0.0040690900
  -0.0014135000    0.0013123000   -0.0163809400

11   
  0.0099999984605438  -0.0000027091773761  -0.0000048424661902
   0.0059994900    0.0009618400   -0.0005707300
   0.0020793000    0.0045734100    0.0004365500
  -0.0053124600   -0.0014521700    0.0002884700
   0.0022563500    0.0013896500    0.0047670600
  -0.0011084300    0.0022268400   -0.0038277900
   0.0023091000   -0.0062494100    0.0003155600
  -0.0055777600    0.0022017800   -0.0004077800
   0.0090634800   -0.0017367400    0.0020116300
  -0.0006479200    0.0061695100   -0.0016042700
  -0.0002440100   -0.0010099600   -0.0027317800
  -0.0222676700    0.0045627000    0.0021810500
   0.0009016500    0.0028550400   -0.0010169000
  -0.0001244600    0.0002920700    0.0006421300
   0.0059050400   -0.0055278400   -0.0015039900
  -0.0042558700   -0.0031794700    0.0027338500
  -0.0001309400   -0.0057090300    0.0019384500
  -0.0025737000   -0.0040656100   -0.0017971300
   0.0131383600   -0.0007593100    0.0073067800
   0.0008818700    0.0014930200   -0.0053734300
   0.0007270300    0.0018323000    0.0044432600
  -0.0010184500    0.0011313800   -0.0082310200

11   
 -0.0099999984605438   0.0000027091773761   0.0000048424661902
   0.0058368000    0.0010735400   -0.0006056000
  -0.0052370900    0.0046954000    0.0003743300
  -0.0058902800   -0.0013486600    0.0002480200
   0.0021634700    0.0015008900    0.0047317700
  -0.0009318600    0.0023393400   -0.0038596300
   0.0021461700   -0.0061376300    0.0002818900
  -0.0057492000    0.0023138800   -0.0004418000
   0.0051397000   -0.0016352300    0.0019735800
  -0.0008200700    0.0062813600   -0.0016389700
  -0.0004039700   -0.0008979400   -0.0027668700
   0.0211116800    0.0024491300    0.0028423800
   0.0007807200    0.0029672600   -0.0010507300
  -0.0002120200    0.0004025300    0.0006075000
  -0.0052763100   -0.0055099300   -0.0014575600
  -0.0044260000   -0.0030674000    0.0027007600
  -0.0003076000   -0.0055972900    0.0019004900
  -0.0026223600   -0.0039546700   -0.0018344700
  -0.0071838200   -0.0006600300    0.0072723200
   0.0025040800    0.0015986000   -0.0054154400
   0.0005522100    0.0019435000    0.0044064100
  -0.0011742500    0.0012433700   -0.0082683800

11   
 -0.0050019844089963   0.0086591065585393   0.0000050576692750
   0.0058194600    0.0011702600   -0.0005738500
  -0.0034833800    0.0078347700    0.0004045100
  -0.0057989900   -0.0010611000    0.0002763700
   0.0021293600    0.0015677900    0.0047625200
  -0.0010341200    0.0022893700   -0.0038285400
   0.0021293000   -0.0060402300    0.0003128600
  -0.0057643200    0.0024146900   -0.0004097200
   0.0060590300    0.0000795200    0.0020066200
  -0.0008351700    0.0063820900   -0.0016073400
  -0.0004215200   -0.0008026000   -0.0027352900
   0.0112013500   -0.0167638800    0.0022801100
   0.0007534400    0.0030451900   -0.0010177400
  -0.0002474600    0.0004688700    0.0006386600
  -0.0024483200   -0.0006997400   -0.0015334900
  -0.0044417200   -0.0029669100    0.0027315300
  -0.0003212000   -0.0054946500    0.0019347900
  -0.0026673500   -0.0039049700   -0.0017989300
  -0.0020100100    0.0081762800    0.0073297900
   0.0020364100    0.0009221400   -0.0053795700
   0.0005383600    0.0020459800    0.0044405800
  -0.0011931600    0.0013371200   -0.0082338900

11   
  0.0050019844089963  -0.0086591065585393  -0.0000050576692750
   0.0061617700    0.0008586700   -0.0006626900
   0.0004438000    0.0013753500    0.0005362500
  -0.0052580200   -0.0017432500    0.0002036600
   0.0024349500    0.0013150500    0.0048621800
  -0.0008615400    0.0022700800   -0.0039177000
   0.0024715200   -0.0063536800    0.0004074100
  -0.0054176500    0.0020950800   -0.0003415400
   0.0082743900   -0.0034852900    0.0019485600
  -0.0004892700    0.0060619900   -0.0015350900
  -0.0000819400   -0.0011128300   -0.0027982200
  -0.0154701800    0.0236313500    0.0021380900
   0.0010750500    0.0027682500   -0.0010831200
   0.0000569100    0.0002206100    0.0006447900
   0.0033058800   -0.0102153300   -0.0013925300
  -0.0040958800   -0.0032863600    0.0027351300
   0.0000277700   -0.0058183500    0.0019528000
  -0.0023835500   -0.0041216600   -0.0018150500
   0.0082848700   -0.0093688400    0.0073013900
   0.0014897000    0.0021549400   -0.0054018200
   0.0008864000    0.0017230100    0.0044677800
  -0.0008549700    0.0010312100   -0.0082503000

11   
 -0.0000048821456916   0.0000030679736198   0.0099999983376094
   0.0063033700    0.0007607000    0.0000203900
  -0.0011875300    0.0043482900    0.0015857200
  -0.0052047200   -0.0016687800    0.0007814600
   0.0025971900    0.0011882100    0.0054576700
  -0.0006286200    0.0020208400   -0.0018087200
   0.0026120400   -0.0064497600    0.0009184300
  -0.0052769900    0.0020008700   -0.0000262700
   0.0074888700   -0.0019525200    0.0030835400
  -0.0003467100    0.0059671200   -0.0012174700
   0.0000634800   -0.0012102600   -0.0023275200
  -0.0082017600    0.0085673200   -0.0091505000
   0.0012289500    0.0026520300   -0.0005437700
   0.0002158300    0.0000935700    0.0015015300
   0.0006674400   -0.0057663200   -0.0047416400
  -0.0039463200   -0.0033818800    0.0036140400
   0.0001687600   -0.0059132900    0.0009806800
  -0.0022089200   -0.0042651400   -0.0029027800
   0.0032595100   -0.0008307500    0.0154904200
   0.0020816700    0.0012783100   -0.0050175900
   0.0010241700    0.0016303000    0.0034772200
  -0.0007096700    0.0009311400   -0.0091748400

11   
  0.0000048821456916  -0.0000030679736198  -0.0099999983376094
   0.0059104500    0.0008302800   -0.0012535900
  -0.0015945500    0.0044444500   -0.0007676800
  -0.0056230400   -0.0015726900   -0.0003032000
   0.0021990200    0.0012581100    0.0039776100
  -0.0010343600    0.0021012900   -0.0058869800
   0.0022202400   -0.0063824600   -0.0003828500
  -0.0056731900    0.0020704100   -0.0008810600
   0.0070894000   -0.0018798500    0.0008287100
  -0.0007443600    0.0060394700   -0.0020798200
  -0.0003344300   -0.0011411900   -0.0032296200
  -0.0002926900    0.0070151500    0.0151574800
   0.0008306700    0.0027267500   -0.0015874200
  -0.0001757300    0.0001568600   -0.0003132300
   0.0002950600   -0.0056071200    0.0016282400
  -0.0043595800   -0.0033087000    0.0017618400
  -0.0002302700   -0.0058373100    0.0028065500
  -0.0026104200   -0.0041991000   -0.0007770200
   0.0029184400   -0.0007773500   -0.0008402800
   0.0016835900    0.0013621400   -0.0058084600
   0.0006320200    0.0017012200    0.0053219400
  -0.0011062800    0.0009996500   -0.0073711800

12   
  0.0099999984605438  -0.0000027091773761  -0.0000048424661902
   0.0058277300    0.0013270600   -0.0006639400
  -0.0014304900    0.0049302600    0.0003482100
  -0.0020665400   -0.0010901600    0.0001804600
   0.0021513000    0.0017544500    0.0046741400
  -0.0010776100    0.0025927700   -0.0039184900
   0.0019986400   -0.0058839000    0.0002186800
  -0.0057231100    0.0025674100   -0.0004999600
   0.0070469000   -0.0013844100    0.0019082500
   0.0010881600    0.0065407700   -0.0016871000
  -0.0003776700   -0.0006446500   -0.0028258600
  -0.0016689700    0.0010626200    0.0031424800
  -0.0171123700   -0.0008635500   -0.0002312500
   0.0054891500    0.0007075800    0.0005113500
   0.0002050100   -0.0051549200   -0.0015806200
  -0.0043897700   -0.0028142500    0.0026397000
  -0.0011888100   -0.0053419700    0.0018447800
   0.0073263600   -0.0035668400   -0.0018786800
   0.0028280200   -0.0002845600    0.0072630800
   0.0016434200    0.0018519000   -0.0054694500
   0.0005785400    0.0021975300    0.0043497200
  -0.0011478900    0.0014968700   -0.0083254700

12   
 -0.0099999984605438   0.0000027091773761   0.0000048424661902
   0.0060444400    0.0011094100   -0.0007085300
  -0.0016923800    0.0047091400    0.0002972500
  -0.0090979100   -0.0013378700    0.0001950400
   0.0023045900    0.0015370900    0.0046293100
  -0.0009262100    0.0023749300   -0.0039636000
   0.0024917000   -0.0061017100    0.0001896800
  -0.0055680700    0.0023496500   -0.0005441400
   0.0071895100   -0.0016017800    0.0018653500
  -0.0025183500    0.0062970000   -0.0017653200
  -0.0002345800   -0.0008621700   -0.0028693400
  -0.0014751800    0.0008447100    0.0030976000
   0.0199100700    0.0035661500    0.0004843300
  -0.0057248200    0.0005018300    0.0004826400
   0.0004321800   -0.0053747800   -0.0016266200
  -0.0042567300   -0.0030303000    0.0025972600
   0.0007833000   -0.0055708000    0.0018062700
  -0.0122610400   -0.0038005900   -0.0018278600
   0.0030909300   -0.0005027900    0.0072233800
   0.0017811000    0.0016338800   -0.0055092600
   0.0007363500    0.0019797700    0.0043102500
  -0.0010088900    0.0012792400   -0.0083637000

12   
 -0.0050019844089963   0.0086591065585393   0.0000050576692750
   0.0060443500    0.0011312200   -0.0006237500
  -0.0015731600    0.0049449500    0.0003812800
  -0.0072604000    0.0017883000    0.0002297700
   0.0023200900    0.0015861000    0.0047148100
  -0.0009101200    0.0024248100   -0.0038771600
   0.0024228500   -0.0062002200    0.0002681000
  -0.0055530200    0.0023979800   -0.0004588200
   0.0072080900   -0.0015485600    0.0019488600
  -0.0015455300    0.0080047600   -0.0016784300
  -0.0002164000   -0.0008086800   -0.0027856600
  -0.0014696400    0.0008758800    0.0031815100
   0.0098012200   -0.0144914200   -0.0010049800
  -0.0029677800    0.0052580700    0.0005243900
   0.0004297200   -0.0053551600   -0.0015411800
  -0.0042365400   -0.0029717600    0.0026801900
   0.0003564300   -0.0062857800    0.0018886400
  -0.0074907300    0.0046976200   -0.0018376600
   0.0030786300   -0.0004991100    0.0073065400
   0.0018009200    0.0016892800   -0.0054268600
   0.0007508300    0.0020268800    0.0043924900
  -0.0009897800    0.0013348300   -0.0082820800

12   
  0.0050019844089963  -0.0086591065585393  -0.0000050576692750
   0.0058155000    0.0013805200   -0.0005077300
  -0.0015645300    0.0047660600    0.0005079100
  -0.0038909500   -0.0040921000    0.0003701000
   0.0021234000    0.0017799600    0.0048304400
  -0.0011064400    0.0026177200   -0.0037639100
   0.0020555400   -0.0057112000    0.0003839800
  -0.0057508100    0.0025940700   -0.0003433800
   0.0070161500   -0.0013629800    0.0020643400
   0.0001137600    0.0049314500   -0.0015290900
  -0.0004079500   -0.0006232900   -0.0026700300
  -0.0016871700    0.0011065000    0.0033009300
  -0.0063375400    0.0160825800   -0.0034938500
   0.0025881500   -0.0041195700    0.0007298800
   0.0001945400   -0.0050999500   -0.0014243400
  -0.0044223700   -0.0027973600    0.0027986200
  -0.0007664200   -0.0045420200    0.0020015400
   0.0022160100   -0.0123092800   -0.0016952700
   0.0028275300   -0.0002137000    0.0074174200
   0.0016114000    0.0018714300   -0.0053138000
   0.0005516600    0.0022251300    0.0045052700
  -0.0011794700    0.0015160400   -0.0081690400

12   
 -0.0000048821456916   0.0000030679736198   0.0099999983376094
   0.0059839300    0.0012088600   -0.0003993200
  -0.0015077600    0.0047964400    0.0004314000
  -0.0055607800   -0.0012389000    0.0008812600
   0.0022765400    0.0016356000    0.0048435500
  -0.0009532100    0.0024738200   -0.0037530200
   0.0022884700   -0.0060042800    0.0018121500
  -0.0055982000    0.0024489700   -0.0005408600
   0.0071661500   -0.0015025300    0.0018583600
  -0.0006530000    0.0064070000   -0.0010436800
  -0.0002573100   -0.0007620200   -0.0028756500
  -0.0015246900    0.0009439300    0.0031857400
   0.0005272000    0.0018540200   -0.0028925200
  -0.0000999100    0.0004555800   -0.0030979500
   0.0003693500   -0.0052750400   -0.0011432500
  -0.0042660400   -0.0029289400    0.0030375000
  -0.0001670800   -0.0054622900    0.0017671400
  -0.0024622900   -0.0038423100    0.0058106300
   0.0030049300   -0.0004015700    0.0057321100
   0.0017599000    0.0017348000   -0.0068398800
   0.0007029100    0.0020790300    0.0029709000
  -0.0010291100    0.0013798200   -0.0097446400

12   
  0.0000048821456916  -0.0000030679736198  -0.0099999983376094
   0.0060260300    0.0012071500   -0.0009025900
  -0.0014783000    0.0048203600    0.0004742600
  -0.0054695600   -0.0011790300   -0.0005068700
   0.0023148700    0.0016348800    0.0047135700
  -0.0009140100    0.0024724200   -0.0040613400
   0.0023384900   -0.0060038900   -0.0011725900
  -0.0055563200    0.0024473400   -0.0002767600
   0.0072071300   -0.0015044700    0.0020151500
  -0.0006443200    0.0064247800   -0.0021592300
  -0.0002186900   -0.0007647000   -0.0027231300
  -0.0014826000    0.0009404600    0.0033010300
  -0.0002214100    0.0015967700   -0.0000532600
  -0.0000474200    0.0006273300    0.0043611400
   0.0004049800   -0.0052760900   -0.0018947800
  -0.0042400900   -0.0029334800    0.0023700300
  -0.0000980400   -0.0054630700    0.0020413400
  -0.0025325400   -0.0038241900   -0.0095084600
   0.0030512800   -0.0004071100    0.0089282600
   0.0018015700    0.0017308100   -0.0040095900
   0.0007496400    0.0020775500    0.0058708700
  -0.0009907200    0.0013761900   -0.0068070300

13   
  0.0099999984605438  -0.0000027091773761  -0.0000048424661902
   0.0053273500    0.0023082300   -0.0009113700
  -0.0021740600    0.0059049000    0.0001352700
  -0.0063454700   -0.0001167800   -0.0000270700
   0.0012129000    0.0027307400    0.0044611300
  -0.0020178100    0.0035703600   -0.0041323000
   0.0015050800   -0.0049049400    0.0000266800
  -0.0066509200    0.0035465400   -0.0007159700
   0.0061112700   -0.0004058400    0.0016970500
   0.0038468200    0.0074796300   -0.0018830700
  -0.0013565000    0.0003340600   -0.0030393100
  -0.0026237200    0.0020403700    0.0029301000
   0.0055555000    0.0041073700   -0.0012739200
  -0.0060966400   -0.0225942600    0.0059442200
  -0.0006371100   -0.0041769800   -0.0017953100
  -0.0052734400   -0.0018321800    0.0024269100
   0.0059895000   -0.0044362500    0.0016902100
   0.0035922400   -0.0027269900   -0.0025602600
   0.0018860700    0.0006938400    0.0070642900
   0.0006773200    0.0028286200   -0.0056686400
  -0.0003786000    0.0031738500    0.0041524500
  -0.0021497600    0.0024757000   -0.0085211000

13   
 -0.0099999984605438   0.0000027091773761   0.0000048424661902
   0.0022186600   -0.0001144500   -0.0005547000
  -0.0052687000    0.0034901100    0.0004540200
  -0.0091467000   -0.0025195000    0.0003076300
  -0.0010754300    0.0003177700    0.0047721900
  -0.0043070600    0.0011572900   -0.0038238400
  -0.0013185900   -0.0073223400    0.0002881900
  -0.0089597400    0.0011294400   -0.0003970200
   0.0038063200   -0.0028212400    0.0019992700
  -0.0096641700    0.0052392800   -0.0017041800
  -0.0035748000   -0.0020815600   -0.0027311400
  -0.0048409300   -0.0003748900    0.0032367200
  -0.0080884200    0.0017576300   -0.0009914800
   0.0935261700    0.0251785800   -0.0008761500
  -0.0030459300   -0.0065949100   -0.0014837900
  -0.0076921200   -0.0042534100    0.0027382300
  -0.0106538300   -0.0066816100    0.0022207600
  -0.0131033300   -0.0050204000   -0.0015986800
  -0.0002871400   -0.0017233200    0.0073453100
  -0.0015717700    0.0004160800   -0.0053882100
  -0.0026259700    0.0007621000    0.0044314700
  -0.0043265300    0.0000593400   -0.0082445900

13   
 -0.0050019844089963   0.0086591065585393   0.0000050576692750
   0.0075028600    0.0015237600   -0.0003647400
   0.0000035200    0.0051296900    0.0006864800
  -0.0039526200   -0.0010022900    0.0004750800
   0.0039945300    0.0016018300    0.0049776800
   0.0007645800    0.0024417000   -0.0036144700
   0.0038804800   -0.0058191200    0.0005331100
  -0.0038820000    0.0024240500   -0.0001967400
   0.0088814100   -0.0015265600    0.0022135400
  -0.0018975700    0.0112583600   -0.0014528200
   0.0014787300   -0.0008276100   -0.0025252900
   0.0002130600    0.0008811000    0.0034461300
  -0.0001781400    0.0078834800   -0.0008343800
  -0.0211340700   -0.0234337800   -0.0049520300
   0.0020564600   -0.0052496200   -0.0012767400
  -0.0025853300   -0.0029127400    0.0029462100
  -0.0020545900    0.0007440200    0.0026573300
  -0.0044879300    0.0023618900   -0.0016903700
   0.0047555900   -0.0004841500    0.0075499200
   0.0034885200    0.0016817900   -0.0051815500
   0.0024338200    0.0020284900    0.0046391700
   0.0007187000    0.0012957100   -0.0080355300

13   
  0.0050019844089963  -0.0086591065585393  -0.0000050576692750
   0.0065597900   -0.0026024900   -0.0006475200
  -0.0009359700    0.0009865900    0.0003583800
  -0.0050309500   -0.0048963100    0.0002434500
   0.0026512900   -0.0018259000    0.0047017500
  -0.0005789800   -0.0009870200   -0.0038941000
   0.0028031700   -0.0096854000    0.0002321300
  -0.0052182900   -0.0010210600   -0.0004690500
   0.0075448700   -0.0049731200    0.0019287900
   0.0025189900   -0.0019209100   -0.0016707700
   0.0000983300   -0.0041941200   -0.0027979400
  -0.0011669500   -0.0024885400    0.0031680700
   0.0042132500   -0.0051740100   -0.0009981500
  -0.0216089900    0.0914487400    0.0012497900
   0.0007705200   -0.0087940400   -0.0015553400
  -0.0038716900   -0.0064472000    0.0026660000
   0.0039139600   -0.0150988500    0.0016626700
   0.0014724800   -0.0133980300   -0.0021630100
   0.0033535000   -0.0038178300    0.0073060900
   0.0021262800   -0.0017103600   -0.0054288700
   0.0010711100   -0.0013653200    0.0043917600
  -0.0006857300   -0.0020348200   -0.0082841200

13   
 -0.0000048821456916   0.0000030679736198   0.0099999983376094
   0.0064429500    0.0023054100    0.0045918200
  -0.0010513400    0.0059041700    0.0056690900
  -0.0050744000   -0.0001070200    0.0043706300
   0.0027420300    0.0027326800    0.0089714800
  -0.0004913900    0.0035709300    0.0003809900
   0.0027634700   -0.0049150900    0.0043897300
  -0.0051318000    0.0035489100    0.0032268600
   0.0076297100   -0.0004066700    0.0056096400
  -0.0002028300    0.0075288600   -0.0020639500
   0.0002074900    0.0003354100    0.0009267400
  -0.0010612800    0.0020391400    0.0068993900
   0.0013845000    0.0041055100   -0.0015284300
  -0.0096793300   -0.0234619500   -0.2758339700
   0.0008419800   -0.0041883700    0.0033095600
  -0.0037954700   -0.0018377700    0.0075313000
  -0.0000656300   -0.0046363000    0.1137901400
  -0.0017424100   -0.0016994300    0.1119870400
   0.0034678800    0.0006908200    0.0071597200
   0.0022206800    0.0028360000   -0.0053893400
   0.0011623600    0.0031766200    0.0044302600
  -0.0005671900    0.0024781500   -0.0084287200

13   
  0.0000048821456916  -0.0000030679736198  -0.0099999983376094
   0.0066618400    0.0022005900   -0.0058535400
  -0.0008325300    0.0057997800   -0.0047744200
  -0.0048657600   -0.0002121100   -0.0038429100
   0.0029539300    0.0026300300    0.0005097600
  -0.0002762400    0.0034710600   -0.0080830800
   0.0029750500   -0.0050080400   -0.0038226400
  -0.0049187000    0.0034426600   -0.0040727500
   0.0078450100   -0.0005040300   -0.0016781300
  -0.0000834600    0.0073832100   -0.0011545100
   0.0004187300    0.0002313000   -0.0064441600
  -0.0008454200    0.0019401600   -0.0004822100
   0.0016101900    0.0041064500   -0.0006009900
  -0.0145343000   -0.0211089900    0.2759705500
   0.0010331300   -0.0042686100   -0.0063355200
  -0.0036124700   -0.0019344000   -0.0021174500
   0.0012073600   -0.0036440500   -0.1119016000
  -0.0019067700   -0.0032833600   -0.1137184600
   0.0036892500    0.0005924600    0.0075012500
   0.0024424600    0.0027229600   -0.0054144000
   0.0013913600    0.0030732700    0.0044020900
  -0.0003526600    0.0023696700   -0.0080868900

14   
  0.0099999984605438  -0.0000027091773761  -0.0000048424661902
   0.0063182800   -0.0002982900   -0.0018841600
  -0.0009071700    0.0033106800   -0.0008510400
  -0.0047271700   -0.0027197300   -0.0010688800
   0.0030621000    0.0001224600    0.0034552700
  -0.0003544700    0.0009693100   -0.0051488400
   0.0026274100   -0.0075095600   -0.0009943900
  -0.0052968400    0.0009411900   -0.0017185200
   0.0131202100   -0.0030486200    0.0006921400
  -0.0003215100    0.0049087500   -0.0029179800
   0.0000828000   -0.0022705100   -0.0040446600
   0.0043618800   -0.0004617500    0.0018885600
   0.0012063400    0.0015954800   -0.0023306600
   0.0002920900   -0.0009667800   -0.0006667000
  -0.0336939100    0.0234908800    0.0226795700
  -0.0038786500   -0.0044414600    0.0014236000
   0.0001606900   -0.0069699200    0.0006191600
  -0.0022501000   -0.0053234000   -0.0031159000
   0.0105787700   -0.0022360400    0.0070313400
   0.0093488700    0.0004669700   -0.0066195500
   0.0009871800    0.0005683100    0.0031237400
  -0.0007168100   -0.0001279700   -0.0095520900

14   
 -0.0099999984605438   0.0000027091773761   0.0000048424661902
   0.0046493300    0.0017918100    0.0012687400
  -0.0031204700    0.0053834900    0.0022509300
  -0.0073455500   -0.0006203900    0.0021670800
   0.0004858300    0.0022282800    0.0066467600
  -0.0025536000    0.0030543800   -0.0019692500
   0.0009587700   -0.0054194800    0.0021562700
  -0.0068989200    0.0030324600    0.0014317200
   0.0002169400   -0.0009796900    0.0038883100
  -0.0020155900    0.0069991500    0.0002364100
  -0.0015984600   -0.0001799900   -0.0008961300
  -0.0083588800    0.0015123900    0.0050632500
  -0.0003923000    0.0036847700    0.0008252100
  -0.0014977400    0.0011199400    0.0024777000
   0.0538630300   -0.0182496500   -0.0385344600
  -0.0056729900   -0.0023474600    0.0045718200
  -0.0014677700   -0.0048783200    0.0037839900
  -0.0038149600   -0.0032380700    0.0000439500
  -0.0058214900    0.0004273300    0.0087418700
  -0.0066937200    0.0020530600   -0.0040555600
  -0.0005770800    0.0026650800    0.0062873200
  -0.0023444100    0.0019609000   -0.0063859200

14   
 -0.0050019844089963   0.0086591065585393   0.0000050576692750
   0.0056560100    0.0016319100    0.0015737200
  -0.0019635900    0.0054741000    0.0025597300
  -0.0061060200   -0.0003705600    0.0024955600
   0.0017123800    0.0024488800    0.0069681500
  -0.0014152800    0.0031292400   -0.0016567000
   0.0019648700   -0.0055795900    0.0024603500
  -0.0059097100    0.0028430300    0.0017388200
   0.0041117500    0.0039258500    0.0042440800
  -0.0010030200    0.0068491500    0.0005399800
  -0.0005896500   -0.0003352300   -0.0005899100
  -0.0046290000    0.0059750400    0.0053551900
   0.0005970600    0.0034969300    0.0011327100
  -0.0004596100    0.0010195300    0.0027789200
   0.0199313600   -0.0382337700   -0.0444449300
  -0.0046350900   -0.0024539000    0.0048743600
  -0.0004724100   -0.0050573800    0.0041029100
  -0.0028322800   -0.0034379300    0.0003610900
  -0.0012206100    0.0067281700    0.0090362700
  -0.0017898700    0.0077042000   -0.0040670400
   0.0004008500    0.0024582800    0.0066038500
  -0.0013481400    0.0017840600   -0.0060671100

14   
  0.0050019844089963  -0.0086591065585393  -0.0000050576692750
   0.0100715000   -0.0037996700   -0.0031991600
   0.0026913200   -0.0004361000   -0.0021661600
  -0.0012056300   -0.0066298700   -0.0024067800
   0.0065950300   -0.0037621400    0.0021265200
   0.0032629400   -0.0027606200   -0.0064679200
   0.0063801500   -0.0110096200   -0.0023063400
  -0.0015264500   -0.0025295000   -0.0030352500
   0.0140423400   -0.0114065200   -0.0006685100
   0.0034244700    0.0013978400   -0.0042308900
   0.0038321700   -0.0057762300   -0.0053575700
   0.0052347200   -0.0087240500    0.0005780800
   0.0049761500   -0.0018768900   -0.0036468900
   0.0040126000   -0.0045278600   -0.0019762000
  -0.0954745800    0.1171373000    0.0480065600
  -0.0001568200   -0.0079943000    0.0001131700
   0.0039242300   -0.0104515900   -0.0007111700
   0.0015255900   -0.0087851300   -0.0044444600
   0.0111955700   -0.0121945800    0.0061392400
   0.0093806300   -0.0093745200   -0.0072587400
   0.0047684100   -0.0028841400    0.0017951700
   0.0030456600   -0.0036118100   -0.0108827100

14   
 -0.0000048821456916   0.0000030679736198   0.0099999983376094
   0.0053480800    0.0022305300    0.0034176300
  -0.0021461500    0.0058339900    0.0042935500
  -0.0061651800   -0.0001849300    0.0049888000
   0.0016494000    0.0026538300    0.0094805600
  -0.0015925600    0.0034887600    0.0000268800
   0.0016582700   -0.0049830100    0.0043800800
  -0.0062306900    0.0034697500    0.0030895900
   0.0065440400   -0.0004165900    0.0012258000
  -0.0012981000    0.0074350900    0.0018392200
  -0.0008887900    0.0002615000    0.0007587300
  -0.0021865200    0.0018853100    0.0026375300
   0.0002776500    0.0041238600    0.0024847500
  -0.0007402700    0.0015620800    0.0052508300
   0.0127077100   -0.0272131500   -0.2684110500
  -0.0048946600   -0.0019135000    0.0073885400
  -0.0007819700   -0.0044484100    0.0016209900
  -0.0031562900   -0.0027962600   -0.0022722400
   0.0022201100    0.0011553400    0.1114638500
   0.0012734500    0.0023538900    0.1107835600
   0.0000660600    0.0030994800    0.0040477900
  -0.0016635900    0.0024024300   -0.0084953900

14   
  0.0000048821456916  -0.0000030679736198  -0.0099999983376094
   0.0075749800   -0.0009239300   -0.0030363800
   0.0000712600    0.0026716600   -0.0018483100
  -0.0039485500   -0.0033419700   -0.0028374200
   0.0038530300   -0.0004859900    0.0017248300
   0.0006318900    0.0003524700   -0.0061127600
   0.0038829300   -0.0081320200   -0.0022253400
  -0.0040101400    0.0003174000   -0.0023676400
   0.0087187300   -0.0036618000    0.0043818400
   0.0009161200    0.0042821000   -0.0035194600
   0.0013269700   -0.0028973300   -0.0047105400
   0.0000988400   -0.0011185200    0.0055190700
   0.0024924400    0.0009705200   -0.0029788400
   0.0014901600   -0.0015963600   -0.0024667500
  -0.0318760000    0.0362417400    0.2296051300
  -0.0027024800   -0.0050605200   -0.0004194500
   0.0014301000   -0.0075865400    0.0039013300
  -0.0009537400   -0.0059522500    0.0003144600
   0.0046107600   -0.0027708800   -0.0979843900
   0.0035364700   -0.0005008000   -0.1150883500
   0.0022986100   -0.0000510800    0.0064738200
   0.0005576200   -0.0007559000   -0.0063248500

15   
  0.0099999984605438  -0.0000027091773761  -0.0000048424661902
   0.0068423200    0.0011517100   -0.0028284100
  -0.0009272600    0.0047364600   -0.0018404300
  -0.0049489800   -0.0012808500   -0.0019969400
   0.0031308700    0.0015637800    0.0024626100
   0.0000888400    0.0023923900   -0.0061659000
   0.0033595600   -0.0060777900   -0.0020288100
   0.0006802900    0.0025226000   -0.0027916300
   0.0077198900   -0.0015757700   -0.0002813700
  -0.0001155200    0.0063449700   -0.0038901600
   0.0057240000   -0.0009337400   -0.0049964500
  -0.0009316700    0.0008704900    0.0009563100
   0.0015057800    0.0030288100   -0.0032986300
   0.0005493300    0.0004695600   -0.0016319700
   0.0010161700   -0.0053473500   -0.0037639700
  -0.0430248800   -0.0028946000    0.0461924100
   0.0003828700   -0.0055316600   -0.0003595800
  -0.0019663000   -0.0038930000   -0.0041008200
   0.0035736400   -0.0004757600    0.0050544900
   0.0022969900    0.0016592600   -0.0076744800
   0.0077195700    0.0019966100    0.0030194200
   0.0073244800    0.0012738700   -0.0100356900

15   
 -0.0099999984605438   0.0000027091773761   0.0000048424661902
  -0.0006609900    0.0017698500    0.0019426400
  -0.0078934000    0.0053875100    0.0029694900
  -0.0119151200   -0.0006298500    0.0028140100
  -0.0043664000    0.0022139400    0.0073126400
  -0.0077887100    0.0030587500   -0.0012746200
  -0.0045667700   -0.0054216000    0.0029056500
  -0.0176061700    0.0029945200    0.0021752500
   0.0008190800   -0.0009243500    0.0045345800
  -0.0070139000    0.0069927900    0.0009304700
  -0.0120212400   -0.0001973300   -0.0001656600
  -0.0079104000    0.0015224400    0.0057644000
  -0.0054847500    0.0036807000    0.0015136400
  -0.0065475400    0.0011117900    0.0031637600
  -0.0060761700   -0.0046962500    0.0010375000
   0.1503894800   -0.0159656800   -0.0470592800
  -0.0064827400   -0.0048884500    0.0044897000
  -0.0088913100   -0.0032397600    0.0007573900
  -0.0033518400    0.0001739500    0.0099129900
  -0.0045687100    0.0023128000   -0.0028216900
  -0.0127219000    0.0026760400    0.0061923700
  -0.0153405000    0.0020682000   -0.0070952100

15   
 -0.0050019844089963   0.0086591065585393   0.0000050576692750
   0.0047511200    0.0007774200    0.0005538200
  -0.0026168000    0.0041392100    0.0015836100
  -0.0066394700   -0.0018780200    0.0014280700
   0.0010399400    0.0011972700    0.0059196900
  -0.0022897900    0.0021938200   -0.0026786800
   0.0009488900   -0.0062638700    0.0014928100
  -0.0095375400    0.0066248400    0.0007324600
   0.0060785400   -0.0022020900    0.0031473500
  -0.0017540300    0.0057160400   -0.0004586300
  -0.0040564000    0.0034159000   -0.0015618200
  -0.0026317300    0.0002796000    0.0043769800
  -0.0002025500    0.0024435900    0.0001280900
  -0.0012350600   -0.0000784900    0.0017822200
  -0.0007704400   -0.0058913400   -0.0003452500
   0.0309992600   -0.0143135000   -0.0203484900
  -0.0012287500   -0.0061762200    0.0030862300
  -0.0036263300   -0.0045064400   -0.0006484000
   0.0019148100   -0.0010910600    0.0085073800
   0.0006800600    0.0010163600   -0.0042257800
  -0.0038226000    0.0077988600    0.0055086600
  -0.0060011400    0.0067981000   -0.0079803400

15   
  0.0050019844089963  -0.0086591065585393  -0.0000050576692750
   0.0073044900   -0.0001575300   -0.0024202600
  -0.0003227800    0.0036813900   -0.0014356100
  -0.0043444800   -0.0023355500   -0.0015934900
   0.0035969800    0.0002772400    0.0028758100
   0.0004742300    0.0009551400   -0.0057428500
   0.0037262000   -0.0075401400   -0.0015960400
  -0.0016579600   -0.0035629800   -0.0023303400
   0.0083408100   -0.0026014400    0.0001246400
   0.0005050100    0.0053189300   -0.0034817400
   0.0036751800   -0.0066523900   -0.0045918000
  -0.0003304800   -0.0001892100    0.0013629700
   0.0021044700    0.0019633900   -0.0028952300
   0.0011178000   -0.0006426000   -0.0012309600
   0.0015900000   -0.0064565600   -0.0033613000
  -0.0419130100    0.0417943600    0.0383592100
   0.0010099500   -0.0065459300    0.0000587400
  -0.0013508700   -0.0049292400   -0.0036811000
   0.0041874300   -0.0015137700    0.0054742100
   0.0029276900    0.0006519600   -0.0072568300
   0.0052291500   -0.0053897600    0.0031041800
   0.0041301900   -0.0061252900   -0.0097421900

15   
 -0.0000048821456916   0.0000030679736198   0.0099999983376094
   0.0033939800    0.0012799600    0.0015846400
  -0.0041021300    0.0048906500    0.0027743100
  -0.0081219700   -0.0011271800    0.0026923400
  -0.0003015800    0.0017191700    0.0069206000
  -0.0035263900    0.0025488600   -0.0009183600
  -0.0002948900   -0.0059264600    0.0033009800
  -0.0081947100    0.0024857000   -0.0029181000
   0.0045792500   -0.0014248300    0.0038295400
  -0.0032534400    0.0064910300    0.0002237900
  -0.0028022000   -0.0006235300   -0.0051523400
  -0.0041122500    0.0010185500    0.0050816100
  -0.0016791300    0.0031769200    0.0007655100
  -0.0026942600    0.0006200100    0.0036182400
  -0.0022090000   -0.0052060800    0.0015331200
   0.0474273400   -0.0058807600   -0.2278113800
  -0.0027362100   -0.0053930000   -0.0003101400
  -0.0051107700   -0.0037403900   -0.0038964600
   0.0004173600   -0.0003267500    0.0053131000
  -0.0008269600    0.0018167500   -0.0075438400
  -0.0020145500    0.0022169200    0.1139862800
  -0.0038374700    0.0013844600    0.0969265600

15   
  0.0000048821456916  -0.0000030679736198  -0.0099999983376094
   0.0072431400    0.0011416900   -0.0044853100
  -0.0002545400    0.0047384000   -0.0036184200
  -0.0042795100   -0.0012815100   -0.0038393700
   0.0035290400    0.0015580900    0.0008481600
   0.0002949600    0.0024063100   -0.0085931500
   0.0035499500   -0.0060688500   -0.0044547000
  -0.0042868500    0.0024230600    0.0003068600
   0.0084227600   -0.0015721000   -0.0015608300
   0.0005858600    0.0063491600   -0.0051671700
   0.0009449800   -0.0008912700   -0.0021986400
  -0.0002670000    0.0008762700   -0.0003192100
   0.0021605000    0.0030349700   -0.0045280000
   0.0011581300    0.0004649600   -0.0040323100
   0.0016124300   -0.0053356100   -0.0062051500
  -0.0298172300   -0.0029706000    0.2686221200
   0.0010991800   -0.0055235800    0.0023483500
  -0.0012844500   -0.0038893700   -0.0015434200
   0.0042668500   -0.0004718900    0.0075579300
   0.0030184500    0.0016578500   -0.0050412100
   0.0015165500    0.0019602000   -0.1117846700
   0.0007867900    0.0013938100   -0.1123118800

16   
  0.0099999984605438  -0.0000027091773761  -0.0000048424661902
   0.0061479400    0.0011595700   -0.0006147500
  -0.0019083400    0.0047560900    0.0004821200
  -0.0058600700   -0.0012596400    0.0003177800
   0.0020048600    0.0015840500    0.0048094800
  -0.0012241000    0.0024218700   -0.0037826700
   0.0095953000   -0.0060560200    0.0003344400
  -0.0058607700    0.0023966800   -0.0003677900
   0.0068941500   -0.0015545700    0.0020400600
   0.0090069600    0.0064970700   -0.0014984400
  -0.0005833400   -0.0008132700   -0.0026957700
  -0.0017874200    0.0008913800    0.0032737000
  -0.0002764800    0.0030671800   -0.0010074400
   0.0070348700    0.0003603500   -0.0001851400
   0.0000734500   -0.0053272300   -0.0014411700
  -0.0045981300   -0.0029801200    0.0027817800
  -0.0156751300   -0.0058403900    0.0011049700
  -0.0063976400   -0.0038827400   -0.0018112700
   0.0027607200   -0.0004561300    0.0073722100
   0.0014876200    0.0016809800   -0.0053611500
   0.0004569300    0.0020258900    0.0044586800
  -0.0012913800    0.0013289700   -0.0082096400

16   
 -0.0099999984605438   0.0000027091773761   0.0000048424661902
   0.0057177900    0.0011963000   -0.0004187800
  -0.0012184500    0.0048019500    0.0005591600
  -0.0053106800   -0.0012157700    0.0004072300
   0.0024469400    0.0016280600    0.0048902800
  -0.0007833400    0.0024662300   -0.0037019400
  -0.0050920600   -0.0061781700    0.0003171300
  -0.0054337200    0.0024410100   -0.0002839400
   0.0073386800   -0.0015107200    0.0021233500
  -0.0104715100    0.0064987200   -0.0014457200
  -0.0000325300   -0.0007716900   -0.0026093900
  -0.0013603200    0.0009362000    0.0033586500
   0.0019852900    0.0030919300   -0.0008913800
  -0.0073275300    0.0006644200    0.0011777300
   0.0005596200   -0.0052819000   -0.0013633100
  -0.0040520700   -0.0029416400    0.0028580400
   0.0167217700   -0.0067667300   -0.0019923100
   0.0012393200   -0.0038139600   -0.0016464700
   0.0031543400   -0.0004106600    0.0074751100
   0.0019334700    0.0017255900   -0.0052572900
   0.0008543100    0.0020714900    0.0045616900
  -0.0008693100    0.0013693500   -0.0081178200

16   
 -0.0050019844089963   0.0086591065585393   0.0000050576692750
   0.0056228500    0.0013666300   -0.0006614000
  -0.0015986000    0.0044807400    0.0003068600
  -0.0056550900   -0.0014745200    0.0001578100
   0.0021294800    0.0014164000    0.0046366500
  -0.0011010000    0.0022554300   -0.0039546600
  -0.0014736900    0.0000753300    0.0001943900
  -0.0057476300    0.0022361400   -0.0005362200
   0.0070204600   -0.0017230100    0.0018721300
  -0.0058967500    0.0146388800   -0.0017271100
  -0.0003766700   -0.0010303100   -0.0028625100
  -0.0016745100    0.0007307600    0.0031056600
   0.0012126100    0.0021043500   -0.0011481400
  -0.0040519900    0.0066776900    0.0000873900
   0.0002306200   -0.0055142200   -0.0016186600
  -0.0043933700   -0.0031971200    0.0026033000
   0.0128112600   -0.0198470900    0.0037550700
  -0.0008892700   -0.0071490200   -0.0018992300
   0.0028485800   -0.0006027500    0.0072312200
   0.0016147900    0.0015118600   -0.0055011600
   0.0005474700    0.0018792700    0.0043172300
  -0.0011795600    0.0011645600   -0.0083586300

16   
  0.0050019844089963  -0.0086591065585393  -0.0000050576692750
   0.0060195300    0.0010278100   -0.0004113600
  -0.0017533900    0.0051149000    0.0006788700
  -0.0057412200   -0.0009631300    0.0005120900
   0.0020973000    0.0018332800    0.0050065000
  -0.0011322800    0.0026701900   -0.0035852800
   0.0059116100   -0.0120327600    0.0004086500
  -0.0057724400    0.0026390400   -0.0001718800
   0.0069867900   -0.0013047200    0.0022367400
   0.0039978200   -0.0019074100   -0.0012704300
  -0.0004649300   -0.0005181600   -0.0024966800
  -0.0016990400    0.0011344800    0.0034701600
   0.0002556200    0.0040819400   -0.0008025400
   0.0035256400   -0.0056408800    0.0008658900
   0.0001767600   -0.0050574800   -0.0012427100
  -0.0044839500   -0.0026900300    0.0029800900
  -0.0071802200    0.0065825100   -0.0035902400
  -0.0044966400   -0.0005008800   -0.0016125000
   0.0028409000   -0.0002265300    0.0075638700
   0.0015808900    0.0019323000   -0.0051691000
   0.0005386900    0.0022563500    0.0046505700
  -0.0012074400    0.0015691600   -0.0080207100

16   
 -0.0000048821456916   0.0000030679736198   0.0099999983376094
   0.0057506800    0.0008787900    0.0098415800
  -0.0016882300    0.0045116200   -0.0020663200
  -0.0057137800   -0.0015061400   -0.0016640100
   0.0020943200    0.0013438600    0.0022918900
  -0.0011346500    0.0021838200   -0.0062938200
   0.0021843900   -0.0061772200    0.0065564600
  -0.0057742500    0.0021551200   -0.0019998300
   0.0069891500   -0.0017958900    0.0004456800
  -0.0008487000    0.0062096300    0.0059723700
  -0.0004405800   -0.0010571000   -0.0044225500
  -0.0017018900    0.0006538700    0.0016886400
   0.0007247100    0.0028125700   -0.0012189200
  -0.0001962000    0.0007648900    0.1127686400
   0.0001717800   -0.0055542200   -0.0049779100
  -0.0044693700   -0.0032194700   -0.0009168100
   0.0030441900   -0.0017231300   -0.1341327400
  -0.0027436700   -0.0040885600    0.0034315600
   0.0028338400   -0.0006950700    0.0115923900
   0.0015859200    0.0014326900   -0.0011705500
   0.0005360000    0.0017860300    0.0086384500
  -0.0012036700    0.0010838900   -0.0043641900

16   
  0.0000048821456916  -0.0000030679736198  -0.0099999983376094
   0.0059678300    0.0014956800   -0.0113817100
  -0.0015478300    0.0050812400    0.0030730600
  -0.0055674100   -0.0009363200    0.0023535300
   0.0022484100    0.0019009100    0.0073730100
  -0.0009843200    0.0027366100   -0.0012419200
   0.0021949000   -0.0058649700   -0.0058625400
  -0.0056309500    0.0027157400    0.0013265200
   0.0071327600   -0.0012367700    0.0036562300
  -0.0007062700    0.0065950800   -0.0091038300
  -0.0002859100   -0.0004946600   -0.0009363000
  -0.0015561000    0.0012062500    0.0049186100
   0.0008775700    0.0033720200   -0.0006797300
  -0.0001992400    0.0002078700   -0.1058023700
   0.0003509100   -0.0050216300    0.0021280100
  -0.0042910200   -0.0026717800    0.0065087700
   0.0002300700   -0.0113889100    0.1284822700
  -0.0025253100   -0.0035545500   -0.0069204600
   0.0029707300   -0.0001390100    0.0032158700
   0.0017245400    0.0020068000   -0.0094682500
   0.0006648700    0.0023446200    0.0003437900
  -0.0010682300    0.0016457700   -0.0119825600

17   
  0.0099999984605438  -0.0000027091773761  -0.0000048424661902
   0.0057299500    0.0010124500   -0.0005694100
  -0.0012070900    0.0046166100    0.0004008200
   0.0016038400   -0.0013878200    0.0002798700
   0.0021472200    0.0014413100    0.0047667600
  -0.0010833000    0.0022791100   -0.0038262400
   0.0021097000   -0.0061975900    0.0003120400
  -0.0057277900    0.0022541100   -0.0004083700
   0.0070444100   -0.0016972300    0.0020003400
  -0.0016968700    0.0062241700   -0.0016050900
  -0.0003800800   -0.0009578300   -0.0027337400
  -0.0017089100    0.0007491500    0.0032337600
   0.0106777100    0.0027751000   -0.0010078900
   0.0071317100    0.0002417100    0.0010165700
   0.0001832900   -0.0054674800   -0.0014877600
  -0.0044275100   -0.0031276000    0.0027341400
  -0.0038701700   -0.0056605000    0.0019057700
  -0.0205028600   -0.0011054100   -0.0031872600
   0.0028842800   -0.0005978100    0.0073539200
   0.0016542000    0.0015384500   -0.0053804500
   0.0005741500    0.0018840100    0.0044383800
  -0.0011359000    0.0011830800   -0.0082361600

17   
 -0.0099999984605438   0.0000027091773761   0.0000048424661902
   0.0063719000    0.0011738700   -0.0008959600
  -0.0016866800    0.0047693700    0.0001959500
  -0.0125711200   -0.0010729600    0.0001001100
   0.0025378800    0.0015995800    0.0044410400
  -0.0006910200    0.0024376900   -0.0041505000
   0.0026109100   -0.0060380100    0.0000013800
  -0.0053336600    0.0024121800   -0.0007275600
   0.0074216000   -0.0015391600    0.0016792500
   0.0005083800    0.0063614300   -0.0019033200
  -0.0000025000   -0.0007991700   -0.0030550700
  -0.0012057700    0.0009066200    0.0029138200
  -0.0086741200    0.0029501400   -0.0014609700
  -0.0072177900    0.0005925400    0.0003808900
   0.0006832300   -0.0053146300   -0.0018199300
  -0.0039894900   -0.0029679700    0.0024028700
   0.0037041400   -0.0054856400    0.0016692500
   0.0120905800   -0.0046266300    0.0032148500
   0.0032641600   -0.0004416000    0.0070594100
   0.0020001400    0.0016972800   -0.0056701700
   0.0009703800    0.0020428000    0.0041498900
  -0.0007911300    0.0013422800   -0.0085252100

17   
 -0.0050019844089963   0.0086591065585393   0.0000050576692750
   0.0061455400    0.0008771900   -0.0007170000
  -0.0016288100    0.0049638200    0.0003790900
  -0.0092267100    0.0051188300    0.0001605400
   0.0023754600    0.0014125500    0.0046207700
  -0.0008537500    0.0022500100   -0.0039712800
   0.0024203500   -0.0062726600    0.0001781500
  -0.0054966800    0.0022235900   -0.0005497600
   0.0072626100   -0.0017202100    0.0018585200
  -0.0000962700    0.0054116900   -0.0017162900
  -0.0001618600   -0.0009806000   -0.0028750600
  -0.0013951800    0.0006733400    0.0030939300
  -0.0038236300    0.0115494400   -0.0012495800
  -0.0037736800    0.0066540000    0.0014170100
   0.0004961800   -0.0055417700   -0.0016391600
  -0.0041645900   -0.0031755700    0.0025837700
   0.0017336300   -0.0088062100    0.0018502800
   0.0053700700   -0.0185750400   -0.0011306900
   0.0031051700   -0.0006176700    0.0072308600
   0.0018484600    0.0015277400   -0.0054961300
   0.0008064700    0.0018528700    0.0043238100
  -0.0009427700    0.0011746600   -0.0083517700

17   
  0.0050019844089963  -0.0086591065585393  -0.0000050576692750
   0.0058720700    0.0014914800   -0.0008101300
  -0.0013484700    0.0046018500    0.0001686300
  -0.0019535000   -0.0076526900    0.0001632200
   0.0022254900    0.0018108300    0.0045248200
  -0.0010046600    0.0026494400   -0.0040679400
   0.0022159900   -0.0057805900    0.0000737500
  -0.0056487200    0.0026253400   -0.0006482800
   0.0071190200   -0.0013339400    0.0017592100
  -0.0011740700    0.0073739500   -0.0018511900
  -0.0003050700   -0.0005940200   -0.0029754500
  -0.0016026800    0.0011658400    0.0029918700
   0.0059078000   -0.0053135400   -0.0012772200
   0.0036245500   -0.0056158900   -0.0000648600
   0.0002879500   -0.0050549900   -0.0017312200
  -0.0043365700   -0.0027373500    0.0024902300
  -0.0019939800   -0.0021601000    0.0016641000
  -0.0121526300    0.0090826100    0.0023445500
   0.0029606300   -0.0002374700    0.0071236800
   0.0017212900    0.0018897400   -0.0056138600
   0.0006539400    0.0022562900    0.0042052000
  -0.0010683900    0.0015332200   -0.0084691100

17   
 -0.0000048821456916   0.0000030679736198   0.0099999983376094
   0.0062452700    0.0013138800   -0.0033255500
  -0.0012504600    0.0049384600    0.0111093600
  -0.0053534200   -0.0012206400    0.0063413100
   0.0025275000    0.0017412500    0.0020671600
  -0.0007018700    0.0025812000   -0.0065531100
   0.0025517700   -0.0058946900   -0.0018742100
  -0.0053416400    0.0025528000   -0.0021843100
   0.0074224700   -0.0013979600    0.0001525300
  -0.0004103900    0.0065250900   -0.0020672000
  -0.0000062000   -0.0006591900   -0.0045336900
  -0.0012690100    0.0010525700    0.0013154800
   0.0011150900    0.0031628900    0.0063645500
  -0.0002494100    0.0002466400    0.1070108900
   0.0006075500   -0.0051606600   -0.0053800100
  -0.0040406400   -0.0028221800   -0.0010043500
   0.0000828800   -0.0053248400    0.0069390700
  -0.0074127400   -0.0068279300   -0.1281715900
   0.0032684100   -0.0003019400    0.0109881200
   0.0020187700    0.0018314800   -0.0013948400
   0.0009702800    0.0021837800    0.0084118000
  -0.0007742100    0.0014799800   -0.0042114200

17   
  0.0000048821456916  -0.0000030679736198  -0.0099999983376094
   0.0058433300    0.0008855200    0.0018121700
  -0.0016475800    0.0044206700   -0.0100871700
  -0.0056064800   -0.0014156200   -0.0060799900
   0.0021456000    0.0013111800    0.0071127200
  -0.0010872500    0.0021474600   -0.0014712000
   0.0021557000   -0.0063301000    0.0021422200
  -0.0057332600    0.0021260600    0.0010328100
   0.0070304100   -0.0018264800    0.0034682000
  -0.0007978700    0.0060895100   -0.0015208800
  -0.0003901700   -0.0010851700   -0.0013147700
  -0.0016587100    0.0006154400    0.0048055500
   0.0008256100    0.0028124200   -0.0087177500
   0.0001037900    0.0005796500   -0.1116551600
   0.0002454500   -0.0056072200    0.0020381400
  -0.0043893300   -0.0032608600    0.0061039500
  -0.0002540200   -0.0058012200   -0.0034145300
  -0.0006693900    0.0008348600    0.1345489800
   0.0028670500   -0.0007249900    0.0033660700
   0.0016222900    0.0014161700   -0.0096971900
   0.0005610500    0.0017549000    0.0001171200
  -0.0011662200    0.0010578400   -0.0125893100

18   
  0.0099999984605438  -0.0000027091773761  -0.0000048424661902
   0.0058346700    0.0008558300   -0.0006247900
   0.0055741300    0.0045175000    0.0003938400
  -0.0051632100   -0.0015601500    0.0001857900
   0.0019896900    0.0012842300    0.0047199700
  -0.0011602200    0.0021208600   -0.0038769000
   0.0021434000   -0.0063551100    0.0002627900
  -0.0057405700    0.0020963100   -0.0004599900
   0.0061122200   -0.0018513700    0.0019405100
  -0.0008108100    0.0060635800   -0.0016573100
  -0.0004092600   -0.0011159200   -0.0027869700
   0.0084417500    0.0008160100    0.0032186800
   0.0007028800    0.0027490100   -0.0010721600
  -0.0003113000    0.0001864400    0.0005888900
   0.0078703600   -0.0060944600   -0.0019033100
  -0.0044477900   -0.0032837400    0.0026811300
  -0.0002800100   -0.0058150300    0.0018823100
  -0.0026764400   -0.0041719700   -0.0018527000
  -0.0150918200    0.0054277600    0.0076910900
  -0.0019728000    0.0013776900   -0.0054307600
   0.0005777600    0.0017271500    0.0043873500
  -0.0011826400    0.0010253900   -0.0082874400

18   
 -0.0099999984605438   0.0000027091773761   0.0000048424661902
   0.0058945200    0.0012748800   -0.0006794500
  -0.0088133300    0.0046432200    0.0002118600
  -0.0061486600   -0.0011410600    0.0002501800
   0.0023217800    0.0017008800    0.0046514900
  -0.0009868300    0.0025404500   -0.0039421800
   0.0022039000   -0.0059363200    0.0002078000
  -0.0056936400    0.0025147000   -0.0005162300
   0.0079829800   -0.0014281400    0.0018763400
  -0.0007650100    0.0064825900   -0.0017138300
  -0.0003469400   -0.0006966000   -0.0028428800
  -0.0117048900    0.0010445500    0.0032141000
   0.0008713500    0.0031686400   -0.0011266400
  -0.0001326200    0.0006044000    0.0005337400
  -0.0073783600   -0.0047156600   -0.0016620200
  -0.0043424800   -0.0028669600    0.0026283400
  -0.0002664200   -0.0053962300    0.0018186900
  -0.0026279400   -0.0037531400   -0.0019203500
   0.0251986000   -0.0034285700    0.0085445700
   0.0052581500    0.0017996100   -0.0055077600
   0.0005936100    0.0021442100    0.0043248000
  -0.0011178000    0.0014445600   -0.0083505600

18   
 -0.0050019844089963   0.0086591065585393   0.0000050576692750
   0.0058368000    0.0012947700   -0.0007534700
  -0.0050690000    0.0113081700    0.0003203600
  -0.0059443300   -0.0006715500    0.0002012100
   0.0021962900    0.0016036200    0.0047612100
  -0.0010735600    0.0025099700   -0.0040141300
   0.0021464100   -0.0059180700    0.0003155200
  -0.0057481300    0.0025401100   -0.0004328600
   0.0074620700   -0.0022028600    0.0018365800
  -0.0008204800    0.0065072800   -0.0016274500
  -0.0004059000   -0.0006795100   -0.0028890800
  -0.0068033700    0.0095223600    0.0032859300
   0.0007875400    0.0031401500   -0.0011714100
  -0.0002188700    0.0005764200    0.0005508400
  -0.0040139000    0.0019771100   -0.0010979200
  -0.0044115200   -0.0028668000    0.0026440700
  -0.0003123900   -0.0053578200    0.0018617700
  -0.0026816800   -0.0037240600   -0.0019105500
   0.0162991700   -0.0219361800    0.0075872300
   0.0034038600   -0.0012672100   -0.0055059000
   0.0005482200    0.0021828900    0.0043778600
  -0.0011772400    0.0014612000   -0.0083398100

18   
  0.0050019844089963  -0.0086591065585393  -0.0000050576692750
   0.0061800000    0.0010713700   -0.0006737800
   0.0022410300   -0.0017047100    0.0003654600
  -0.0050779300   -0.0017965100    0.0001036000
   0.0024025700    0.0016167300    0.0046754200
  -0.0007862300    0.0023854500   -0.0039242300
   0.0024892300   -0.0061392100    0.0002133000
  -0.0053983300    0.0023060900   -0.0005111200
   0.0069080700   -0.0008546200    0.0018935000
  -0.0004685900    0.0062733400   -0.0017066300
  -0.0000629800   -0.0008988900   -0.0028341700
   0.0036023700   -0.0078297900    0.0031806800
   0.0010756500    0.0030104000   -0.0011222000
   0.0000622900    0.0004486000    0.0005407900
   0.0047888500   -0.0126218500   -0.0023615200
  -0.0040914600   -0.0030495800    0.0026322900
   0.0000544400   -0.0056181800    0.0018310200
  -0.0023345500   -0.0039657700   -0.0019012000
  -0.0118229600    0.0195094900    0.0090692100
   0.0001627000    0.0046911000   -0.0054675600
   0.0009115500    0.0019228900    0.0043355800
  -0.0008357100    0.0012436400   -0.0083384500

18   
 -0.0000048821456916   0.0000030679736198   0.0099999983376094
   0.0059646400    0.0012678600   -0.0021987000
  -0.0014137500    0.0047567400    0.0074843900
  -0.0055694900   -0.0011429100    0.0090039700
   0.0022477800    0.0016945800    0.0028747000
  -0.0009794200    0.0025358700   -0.0050296100
   0.0022730500   -0.0059409300   -0.0014307600
  -0.0056211700    0.0025069500   -0.0012275900
   0.0071338400   -0.0014451300    0.0024768200
  -0.0006948400    0.0064787000   -0.0024514500
  -0.0002847200   -0.0007062800   -0.0035338400
  -0.0015388200    0.0010308400    0.0115420800
   0.0008804000    0.0031633700   -0.0019715200
  -0.0001177200    0.0005886600   -0.0021847900
   0.0008829000   -0.0060248200    0.1032677100
  -0.0043197800   -0.0028683900   -0.0000033700
  -0.0001830400   -0.0053916700    0.0069293100
  -0.0025662900   -0.0037650300    0.0028279000
   0.0025286800   -0.0021142000   -0.1328384300
   0.0017408600    0.0018042600    0.0004430500
   0.0006909100    0.0021375300    0.0093247300
  -0.0010540300    0.0014339900   -0.0033046200

18   
  0.0000048821456916  -0.0000030679736198  -0.0099999983376094
   0.0059969500    0.0010914000    0.0008520300
  -0.0015966100    0.0047850300   -0.0067626900
  -0.0055093700   -0.0013329100   -0.0085513500
   0.0022979000    0.0015190100    0.0064755400
  -0.0009350300    0.0023522900   -0.0028051700
   0.0023075100   -0.0061237600    0.0018581700
  -0.0055812400    0.0023313700    0.0002254400
   0.0071919500   -0.0016221200    0.0013719100
  -0.0006477400    0.0062945000   -0.0009507300
  -0.0002381200   -0.0008774000   -0.0021340200
  -0.0015216200    0.0007774500   -0.0052620600
   0.0009280400    0.0029832800   -0.0002612000
  -0.0000932700    0.0004289000    0.0032513300
  -0.0001740700   -0.0045604400   -0.1004378400
  -0.0042372100   -0.0030546100    0.0052579700
  -0.0001303300   -0.0055914700   -0.0032039400
  -0.0025049400   -0.0039317900   -0.0065686000
   0.0029609800   -0.0002867700    0.1427724300
   0.0017861900    0.0015926100   -0.0112415800
   0.0007134200    0.0019614600   -0.0005931200
  -0.0010133800    0.0012639700   -0.0132925000

19   
  0.0099999984605438  -0.0000027091773761  -0.0000048424661902
   0.0060186100    0.0011253800   -0.0006268400
  -0.0015367900    0.0047243900    0.0003878000
  -0.0056424000   -0.0012907800    0.0002369500
   0.0027922000    0.0015496900    0.0047157800
   0.0066618700    0.0024188300   -0.0038532900
   0.0023281500   -0.0060858200    0.0002601300
  -0.0056162800    0.0023647000   -0.0004593200
   0.0170709500   -0.0016334600    0.0019038400
  -0.0006349500    0.0063330700   -0.0016584400
  -0.0002174200   -0.0008461700   -0.0027864400
  -0.0023871200    0.0008535300    0.0031932700
   0.0009487800    0.0030186600   -0.0010710400
  -0.0000896700    0.0004545300    0.0005834500
   0.0077111000   -0.0050361000   -0.0013501100
  -0.0042929400   -0.0030182600    0.0026788800
  -0.0001211200   -0.0055457400    0.0018932100
  -0.0024746800   -0.0039030500   -0.0018431900
  -0.0005451400   -0.0004754300    0.0072993000
  -0.0197486300    0.0017037000   -0.0056272300
   0.0007502400    0.0019923300    0.0043985900
  -0.0009747600    0.0012959800   -0.0082752800

19   
 -0.0099999984605438   0.0000027091773761   0.0000048424661902
   0.0059242300    0.0011372800   -0.0005649900
  -0.0015165200    0.0047396100    0.0004492800
  -0.0054553400   -0.0012789900    0.0002828800
   0.0017388200    0.0015663000    0.0047848100
  -0.0086078000    0.0025633900   -0.0037333800
   0.0022330600   -0.0060737300    0.0003211600
  -0.0056038000    0.0023780300   -0.0004028900
  -0.0028141900   -0.0017589800    0.0019309600
  -0.0007273700    0.0063449400   -0.0015979400
  -0.0003246200   -0.0008343500   -0.0027270300
  -0.0006928800    0.0008680200    0.0032529600
   0.0008397900    0.0030311700   -0.0010115600
  -0.0001412900    0.0004675200    0.0006467100
  -0.0068936900   -0.0057226100   -0.0010960200
  -0.0042829900   -0.0030016300    0.0027369000
  -0.0002112000   -0.0055332300    0.0019487300
  -0.0026156100   -0.0038898200   -0.0017872200
   0.0065186400   -0.0004746800    0.0073812900
   0.0231089300    0.0021550200   -0.0070460000
   0.0006357700    0.0020104400    0.0044534700
  -0.0011119200    0.0013062900   -0.0082221000

19   
 -0.0050019844089963   0.0086591065585393   0.0000050576692750
   0.0058939100    0.0012342300   -0.0006110700
  -0.0015774400    0.0047841200    0.0004015900
  -0.0055563400   -0.0013040600    0.0002326500
   0.0019457100    0.0020716600    0.0047347300
  -0.0049976700    0.0089555400   -0.0037838900
   0.0022026800   -0.0059763500    0.0002746700
  -0.0056617400    0.0024270000   -0.0004500700
   0.0023122000    0.0070622100    0.0019229900
  -0.0007583500    0.0064412200   -0.0016450400
  -0.0003518500   -0.0007315700   -0.0027738900
  -0.0011582900    0.0002016600    0.0031978800
   0.0008128300    0.0031337100   -0.0010589800
  -0.0001825400    0.0005445400    0.0006016600
  -0.0029932100    0.0003128200   -0.0011749500
  -0.0043405300   -0.0029546700    0.0026932900
  -0.0002430100   -0.0054388900    0.0018949800
  -0.0026348400   -0.0037746100   -0.0018403800
   0.0046973200   -0.0034634200    0.0073437100
   0.0131146900   -0.0170601100   -0.0060850400
   0.0006075300    0.0021120500    0.0044006500
  -0.0011310900    0.0014229300   -0.0082754700

19   
  0.0050019844089963  -0.0086591065585393  -0.0000050576692750
   0.0059717400    0.0010891400   -0.0006523300
  -0.0015535700    0.0047402200    0.0003625000
  -0.0056189500   -0.0012049700    0.0002151300
   0.0025071100    0.0010978600    0.0046961500
   0.0028056100   -0.0041648700   -0.0038793700
   0.0022811300   -0.0061227400    0.0002342000
  -0.0056359300    0.0023761900   -0.0004829000
   0.0121238200   -0.0100371100    0.0018502700
  -0.0006811600    0.0062975100   -0.0016825800
  -0.0002674700   -0.0008885100   -0.0028123700
  -0.0019810600    0.0016008600    0.0031750500
   0.0008985300    0.0029766800   -0.0010959000
  -0.0001254200    0.0004383200    0.0005570700
   0.0037218100   -0.0110820900   -0.0013687200
  -0.0043121200   -0.0030036100    0.0026509500
  -0.0001666800   -0.0055797200    0.0018738700
  -0.0025325000   -0.0039576600   -0.0018625600
   0.0011932000    0.0025820400    0.0072596700
  -0.0082961400    0.0196514600   -0.0051216100
   0.0007010400    0.0019514200    0.0043778800
  -0.0010329800    0.0012395700   -0.0082943800

19   
 -0.0000048821456916   0.0000030679736198   0.0099999983376094
   0.0059613200    0.0011725500   -0.0025331000
  -0.0015365200    0.0047702700   -0.0010180400
  -0.0055612300   -0.0012511500   -0.0019616300
   0.0023169200    0.0015409800    0.0142732800
  -0.0010441900    0.0025014500    0.0026956200
   0.0022701200   -0.0060350600   -0.0017427700
  -0.0056226300    0.0024117700   -0.0016849500
   0.0071737800   -0.0015195000    0.0099975500
  -0.0006983000    0.0063836300   -0.0027414200
  -0.0002882500   -0.0008001200   -0.0039288400
  -0.0015484100    0.0009097800    0.0033833700
   0.0008768800    0.0030679500   -0.0021657000
  -0.0001209300    0.0004967800   -0.0023399100
   0.0005049000   -0.0059784800    0.1080244500
  -0.0043192900   -0.0029622600   -0.0004747600
  -0.0001868100   -0.0054859900    0.0065604300
  -0.0025721600   -0.0038561000    0.0028316700
   0.0029893600   -0.0004481700    0.0127860800
   0.0017764200    0.0016996500   -0.1448515700
   0.0006867800    0.0020425200    0.0085731200
  -0.0010577600    0.0013395100   -0.0036828800

19   
  0.0000048821456916  -0.0000030679736198  -0.0099999983376094
   0.0060611000    0.0010070500    0.0011402400
  -0.0014350100    0.0046125400    0.0016657700
  -0.0054551100   -0.0014023400    0.0022973100
   0.0023029500    0.0014822200   -0.0040858400
  -0.0008335300    0.0022370800   -0.0105451200
   0.0023716100   -0.0062075400    0.0021302700
  -0.0055177100    0.0022471800    0.0006408000
   0.0071774800   -0.0016929400   -0.0062360100
  -0.0005840000    0.0062110400   -0.0006986300
  -0.0001733000   -0.0009618500   -0.0017920500
  -0.0014440700    0.0007369800    0.0028630500
   0.0009924100    0.0028995000   -0.0001225300
  -0.0000295600    0.0003424700    0.0033702300
   0.0003396700   -0.0048779600   -0.1140241100
  -0.0041765600   -0.0031393000    0.0056844400
  -0.0000654000   -0.0056757600   -0.0028973600
  -0.0024378600   -0.0040194100   -0.0066344100
   0.0030784300   -0.0005957300    0.0016581800
  -0.0000021500    0.0037394700    0.1384836400
   0.0007790800    0.0018774100    0.0000834900
  -0.0009484800    0.0011799100   -0.0129813500

20   
  0.0099999984605438  -0.0000027091773761  -0.0000048424661902
   0.0060188200    0.0011818700   -0.0006203500
  -0.0014219600    0.0047842000    0.0003929500
  -0.0054434300   -0.0012324200    0.0002365300
   0.0099368400    0.0014170600    0.0046401300
  -0.0003859600    0.0024461900   -0.0038790000
   0.0022448500   -0.0060275700    0.0002801000
   0.0042782000    0.0025643300   -0.0004144000
   0.0072036600   -0.0015285500    0.0019564900
  -0.0005693100    0.0063913000   -0.0016491100
  -0.0010606700   -0.0007774300   -0.0027814000
  -0.0014254200    0.0009191700    0.0031897400
   0.0009982800    0.0030775300   -0.0010645600
  -0.0000327900    0.0005131400    0.0005935600
   0.0004037400   -0.0053018200   -0.0015346400
   0.0022699800   -0.0029808100    0.0023739600
  -0.0000389500   -0.0054878400    0.0018945000
  -0.0024425100   -0.0038441500   -0.0018411600
   0.0031210800   -0.0004272300    0.0073148600
   0.0018621900    0.0017057200   -0.0054196600
  -0.0210154900    0.0012547600    0.0046381100
  -0.0045011300    0.0013525500   -0.0083066600

20   
 -0.0099999984605438   0.0000027091773761   0.0000048424661902
   0.0059438500    0.0011816300   -0.0005130400
  -0.0016121400    0.0047804100    0.0005024000
  -0.0056345400   -0.0012365000    0.0003462700
  -0.0053505400    0.0016119100    0.0048016200
  -0.0015373800    0.0024480600   -0.0037744300
   0.0023364700   -0.0060312000    0.0003665300
  -0.0154800000    0.0025228200   -0.0002742100
   0.0071214500   -0.0015303800    0.0020584000
  -0.0007736100    0.0063880600   -0.0015451300
   0.0005387700   -0.0007874900   -0.0026943700
  -0.0016289300    0.0009150900    0.0032958100
   0.0008096300    0.0030733000   -0.0009575400
  -0.0001785300    0.0005103400    0.0007074300
   0.0003221500   -0.0053000300   -0.0014232200
  -0.0109816200   -0.0029199300    0.0025556400
  -0.0002742500   -0.0054899400    0.0019819000
  -0.0026284600   -0.0038475200   -0.0017545100
   0.0028873200   -0.0004333700    0.0073989400
   0.0016514300    0.0017077800   -0.0053314300
   0.0220071100    0.0010943900    0.0024058400
   0.0024618200    0.0013425700   -0.0081529200

20   
 -0.0050019844089963   0.0086591065585393   0.0000050576692750
   0.0059577900    0.0011362100   -0.0007127500
  -0.0015664500    0.0047866600    0.0004902400
  -0.0055897600   -0.0012292100    0.0001502600
  -0.0015416400    0.0081962700    0.0047885300
  -0.0012535600    0.0028691100   -0.0039675100
   0.0023105000   -0.0061471000    0.0003538300
  -0.0106354700    0.0109597300   -0.0003431800
   0.0071378700   -0.0015719000    0.0018923700
  -0.0007274500    0.0064002500   -0.0015830100
   0.0001297000   -0.0015664800   -0.0028588400
  -0.0015811200    0.0009262800    0.0032549600
   0.0008542800    0.0030769000   -0.0011293400
  -0.0001453900    0.0004987500    0.0006001700
   0.0003360400   -0.0053436800   -0.0015295200
  -0.0076806500    0.0035382300    0.0024712100
  -0.0002194900   -0.0054648900    0.0018982800
  -0.0025853700   -0.0038433600   -0.0018692700
   0.0029439800   -0.0004077300    0.0073182400
   0.0016980700    0.0017187600   -0.0054572100
   0.0114397400   -0.0167907000    0.0045231400
   0.0007183700   -0.0017421200   -0.0082906200

20   
  0.0050019844089963  -0.0086591065585393  -0.0000050576692750
   0.0059679100    0.0011957200   -0.0006871700
  -0.0015031200    0.0047458500    0.0003277700
  -0.0055247500   -0.0012715000    0.0001716300
   0.0062195400   -0.0049265200    0.0045685200
  -0.0007018800    0.0019960500   -0.0039465600
   0.0022339900   -0.0059437000    0.0002095400
  -0.0007772700   -0.0063027700   -0.0004425200
   0.0071504700   -0.0015194600    0.0018906200
  -0.0006535900    0.0063466500   -0.0017156400
  -0.0006960800   -0.0000558300   -0.0028567100
  -0.0015099400    0.0008750100    0.0031236800
   0.0009174200    0.0030398000   -0.0011304500
  -0.0001021100    0.0004938200    0.0005296900
   0.0003525700   -0.0052919900   -0.0015974100
  -0.0010122000   -0.0094359300    0.0022614100
  -0.0001304800   -0.0055452800    0.0018220700
  -0.0025224000   -0.0038801300   -0.0019142100
   0.0030282500   -0.0004853500    0.0072420000
   0.0017782500    0.0016627800   -0.0054918600
  -0.0097085000    0.0198932000    0.0059992600
  -0.0028060600    0.0044095700   -0.0083636600

20   
 -0.0000048821456916   0.0000030679736198   0.0099999983376094
   0.0057976900    0.0011790100   -0.0018422600
  -0.0017016000    0.0047766600   -0.0013201700
  -0.0057274500   -0.0012413200   -0.0015754300
   0.0020376000    0.0016228000    0.0114373000
  -0.0010726300    0.0024277400    0.0049588500
   0.0021087200   -0.0060283300   -0.0017465100
  -0.0057485500    0.0023705800    0.0077848200
   0.0069757700   -0.0015331300    0.0009063600
  -0.0008622600    0.0063906200   -0.0025429700
  -0.0004538100   -0.0007964000   -0.0024119100
  -0.0017150100    0.0009184900    0.0022488700
   0.0007122300    0.0030744300   -0.0019724600
  -0.0002849400    0.0005040500   -0.0021335400
   0.0001593600   -0.0052936700   -0.0044818900
  -0.0038810300   -0.0028133700    0.1152108500
  -0.0003505900   -0.0054793200    0.0067251300
  -0.0027366600   -0.0038489900    0.0029880600
   0.0028197900   -0.0004300100    0.0120579300
   0.0015723300    0.0016983600   -0.0010634400
   0.0035588700    0.0011560300   -0.1406464700
  -0.0012078200    0.0013457700   -0.0025811300

20   
  0.0000048821456916  -0.0000030679736198  -0.0099999983376094
   0.0060042300    0.0012063300    0.0007552000
  -0.0014910900    0.0048118100    0.0022731500
  -0.0055101300   -0.0012062500    0.0022099600
   0.0023852400    0.0016165700   -0.0018779700
  -0.0010197600    0.0024907200   -0.0134282800
   0.0023119300   -0.0060091000    0.0024335300
  -0.0055715800    0.0024834300   -0.0085269300
   0.0071892600   -0.0015045000    0.0031522400
  -0.0006401700    0.0064101800   -0.0005866100
  -0.0002327800   -0.0007613500   -0.0030113300
  -0.0014991600    0.0009372800    0.0042978700
   0.0009362800    0.0030980200   -0.0000100400
  -0.0000866200    0.0005406300    0.0034916800
   0.0004067500   -0.0052869500    0.0015874600
  -0.0049274400   -0.0030791700   -0.1069049900
  -0.0001224500   -0.0054770700   -0.0028192900
  -0.0024942700   -0.0038209400   -0.0065474600
   0.0030284700   -0.0004088100    0.0026798000
   0.0017812000    0.0017364900   -0.0096353800
   0.0005710900    0.0008425700    0.1442547100
  -0.0010190100    0.0013801200   -0.0137872900

21   
  0.0099999984605438  -0.0000027091773761  -0.0000048424661902
   0.0134210900    0.0013406000   -0.0004564700
  -0.0013507000    0.0046835800    0.0004305200
  -0.0053735400   -0.0013337700    0.0002743600
   0.0023818200    0.0015105400    0.0047654500
  -0.0009274400    0.0023493300   -0.0038259500
   0.0029767900   -0.0061293200    0.0002138400
  -0.0063363500    0.0023139600   -0.0004032900
   0.0073349600   -0.0016284600    0.0019921800
  -0.0005583000    0.0062915200   -0.0016141800
   0.0098128400   -0.0010885700   -0.0027993400
  -0.0013627500    0.0008177500    0.0032267500
   0.0010763600    0.0029762900   -0.0010255200
   0.0000025600    0.0004144400    0.0006343800
   0.0005060900   -0.0053999300   -0.0014976200
   0.0042258300   -0.0031109200    0.0022423400
   0.0000185000   -0.0055849800    0.0019364900
  -0.0023470400   -0.0039452100   -0.0018053500
   0.0031673700   -0.0005294200    0.0073489300
   0.0019445000    0.0016080600   -0.0053843600
  -0.0027009000    0.0019622500    0.0044507400
  -0.0259117000    0.0024822600   -0.0087039000

21   
 -0.0099999984605438   0.0000027091773761   0.0000048424661902
  -0.0015639200    0.0011257600   -0.0005981900
  -0.0017492400    0.0048316400    0.0004434300
  -0.0057710700   -0.0011852800    0.0002854900
   0.0020967500    0.0016583800    0.0047671400
  -0.0010531500    0.0024953200   -0.0038354800
   0.0015359100   -0.0059790100    0.0003918900
  -0.0049267900    0.0024711900   -0.0003983800
   0.0069239200   -0.0014804200    0.0020044400
  -0.0008508700    0.0064375400   -0.0015993300
  -0.0104263300   -0.0007842000   -0.0027963800
  -0.0017582500    0.0009663500    0.0032375200
   0.0006646900    0.0031247500   -0.0010157900
  -0.0002812900    0.0005575900    0.0006421500
   0.0001535900   -0.0052529300   -0.0014858800
  -0.0128812000   -0.0028797200    0.0035086300
  -0.0003979800   -0.0054431600    0.0019402700
  -0.0027903800   -0.0037960200   -0.0017923900
   0.0027742600   -0.0003809300    0.0073630400
   0.0015030500    0.0017549700   -0.0053696000
   0.0040485800    0.0020953400    0.0044323500
   0.0247497100   -0.0003371500   -0.0101249400

21   
 -0.0050019844089963   0.0086591065585393   0.0000050576692750
   0.0022447600    0.0070922600   -0.0006295300
  -0.0016823700    0.0044140100    0.0003798000
  -0.0057039500   -0.0016029300    0.0002232000
   0.0021354300    0.0011915500    0.0047061800
  -0.0010530600    0.0019610900   -0.0038912600
   0.0018645400   -0.0059450000    0.0002936400
  -0.0053105900    0.0012758700   -0.0004565400
   0.0069945200   -0.0018921200    0.0019410100
  -0.0008095800    0.0059736400   -0.0016631100
  -0.0052780400    0.0077189300   -0.0028260100
  -0.0016917200    0.0005475500    0.0031756600
   0.0007351800    0.0027134100   -0.0010777000
  -0.0002406400    0.0000927300    0.0005802200
   0.0002103000   -0.0056889300   -0.0015487600
  -0.0086581300    0.0030698200    0.0031093300
  -0.0003244000   -0.0058525100    0.0018805900
  -0.0027121500   -0.0041944700   -0.0018543900
   0.0028402400   -0.0008009800    0.0073005600
   0.0015818000    0.0013575700   -0.0054324000
   0.0023270200   -0.0014225500    0.0043835500
   0.0125308100   -0.0100089600   -0.0085940500

21   
  0.0050019844089963  -0.0086591065585393  -0.0000050576692750
   0.0095294600   -0.0051866600   -0.0004878000
  -0.0013793900    0.0047617800    0.0004103000
  -0.0054017200   -0.0012548300    0.0002551400
   0.0023814100    0.0016379900    0.0047459000
  -0.0008888600    0.0025444700   -0.0038465400
   0.0026893600   -0.0065026400    0.0002156600
  -0.0059101000    0.0031893000   -0.0004234300
   0.0073034200   -0.0015554900    0.0019740300
  -0.0005609000    0.0064163600   -0.0016332800
   0.0049274600   -0.0095389900   -0.0028515400
  -0.0013902900    0.0008976300    0.0032065400
   0.0010447500    0.0030488200   -0.0010444900
   0.0000018800    0.0005424700    0.0006119100
   0.0004882800   -0.0053025700   -0.0015191600
   0.0000961900   -0.0093691300    0.0027118600
  -0.0000162300   -0.0055147000    0.0019204300
  -0.0023866500   -0.0038861400   -0.0018176900
   0.0031403900   -0.0004483400    0.0073363700
   0.0019047500    0.0016667300   -0.0053965400
  -0.0009546900    0.0051393700    0.0044386500
  -0.0146185300    0.0187145600   -0.0088063200

21   
 -0.0000048821456916   0.0000030679736198   0.0099999983376094
   0.0059966400    0.0010307000    0.0065696400
  -0.0016282400    0.0046571100   -0.0010418000
  -0.0056533200   -0.0013618900   -0.0013185000
   0.0021542000    0.0014873700    0.0036917300
  -0.0010743100    0.0023281900   -0.0055949000
   0.0021684200   -0.0061498300    0.0090907100
  -0.0057205100    0.0023069600    0.0001630800
   0.0070495400   -0.0016523300    0.0013110400
  -0.0007888600    0.0062698800   -0.0024189400
  -0.0004078300   -0.0009534000    0.0057039400
  -0.0016411600    0.0007978500    0.0025772300
   0.0007849300    0.0029547800   -0.0017293000
  -0.0002092300    0.0003857800   -0.0020268200
   0.0002323300   -0.0054104000   -0.0040676500
  -0.0033929000   -0.0031281700    0.1015057100
  -0.0002720000   -0.0055995100    0.0066487300
  -0.0026625100   -0.0039693300    0.0032834500
   0.0028937100   -0.0005507800    0.0123586400
   0.0016464700    0.0015768800   -0.0003975500
   0.0005626300    0.0019262700    0.0102464200
  -0.0000379900    0.0030538600   -0.1445548600

21   
  0.0000048821456916  -0.0000030679736198  -0.0099999983376094
   0.0059290900    0.0011937500   -0.0077023100
  -0.0014107000    0.0047613400    0.0019779800
  -0.0054303200   -0.0012560100    0.0019431600
   0.0023850600    0.0015842600    0.0058810700
  -0.0008469200    0.0024176000   -0.0020180300
   0.0024069100   -0.0060586900   -0.0084948100
  -0.0054897500    0.0023858000   -0.0009663300
   0.0072702300   -0.0015552700    0.0027321000
  -0.0005597600    0.0063611300   -0.0007367100
  -0.0001359400   -0.0007926200   -0.0111313000
  -0.0014195300    0.0008876500    0.0039480800
   0.0010169400    0.0030490800   -0.0002610400
  -0.0000086800    0.0004896900    0.0033789500
   0.0004878400   -0.0053401500    0.0011582900
  -0.0051407900   -0.0029398300   -0.1019548000
  -0.0000469600   -0.0055266400   -0.0027763300
  -0.0024145500   -0.0038705600   -0.0068783900
   0.0031084400   -0.0004578900    0.0023407200
   0.0018614500    0.0016880200   -0.0103487300
   0.0008200600    0.0020333700   -0.0014621000
  -0.0023821300    0.0009459600    0.1313705200
