#K-Path(1/A)         Spin-Up(eV)   Spin-down(eV)
# NKPTS & NBANDS:  71  96
# Band-Index    1
   0.00000    -37.584204    -37.584209
   0.06375    -37.584201    -37.584205
   0.12750    -37.584203    -37.584207
   0.19125    -37.584201    -37.584205
   0.25500    -37.584200    -37.584204
   0.31876    -37.584203    -37.584207
   0.38251    -37.584201    -37.584205
   0.44626    -37.584206    -37.584210
   0.44626    -37.577671    -37.577675
   0.50864    -37.579459    -37.579464
   0.57102    -37.581056    -37.581060
   0.63340    -37.582383    -37.582387
   0.69579    -37.583379    -37.583383
   0.75817    -37.583996    -37.584000
   0.82055    -37.584204    -37.584208
   0.82055    -37.584204    -37.584208
   0.88339    -37.583979    -37.583984
   0.94622    -37.583316    -37.583320
   1.00906    -37.582243    -37.582247
   1.07190    -37.580816    -37.580821
   1.13474    -37.579112    -37.579116
   1.19757    -37.577213    -37.577217
   1.26041    -37.575222    -37.575226
   1.26041    -37.572689    -37.572693
   1.31647    -37.573158    -37.573163
   1.37253    -37.574204    -37.574208
   1.42858    -37.575454    -37.575459
   1.48464    -37.576772    -37.576776
   1.54070    -37.578089    -37.578093
   1.59676    -37.579353    -37.579357
   1.65282    -37.580533    -37.580537
   1.70888    -37.581591    -37.581595
   1.76493    -37.582496    -37.582500
   1.82099    -37.583228    -37.583232
   1.87705    -37.583765    -37.583769
   1.93311    -37.584092    -37.584096
   1.98917    -37.584204    -37.584208
   1.98917    -37.584204    -37.584208
   2.04692    -37.584019    -37.584023
   2.10468    -37.583470    -37.583475
   2.16243    -37.582582    -37.582586
   2.22019    -37.581394    -37.581399
   2.27794    -37.579963    -37.579967
   2.33570    -37.578352    -37.578356
   2.39346    -37.576644    -37.576648
   2.45121    -37.574944    -37.574948
   2.50897    -37.573436    -37.573441
   2.56672    -37.572692    -37.572697
   2.56672    -37.575216    -37.575219
   2.62357    -37.576487    -37.576492
   2.68041    -37.577738    -37.577742
   2.73726    -37.578938    -37.578942
   2.79410    -37.580064    -37.580068
   2.85095    -37.581092    -37.581096
   2.90779    -37.582002    -37.582006
   2.96464    -37.582773    -37.582777
   3.02148    -37.583390    -37.583394
   3.07833    -37.583838    -37.583842
   3.13517    -37.584111    -37.584115
   3.19202    -37.584204    -37.584209
   3.19202    -37.584204    -37.584208
   3.25026    -37.584126    -37.584130
   3.30850    -37.583903    -37.583907
   3.36675    -37.583533    -37.583537
   3.42499    -37.583020    -37.583025
   3.48324    -37.582378    -37.582383
   3.54148    -37.581618    -37.581623
   3.59973    -37.580754    -37.580758
   3.65797    -37.579797    -37.579802
   3.71621    -37.578763    -37.578767
   3.77446    -37.577675    -37.577679
 
# Band-Index    2
   3.77446    -37.577668    -37.577672
   3.71621    -37.576537    -37.576542
   3.65797    -37.575380    -37.575385
   3.59973    -37.574221    -37.574226
   3.54148    -37.573071    -37.573075
   3.48324    -37.571952    -37.571957
   3.42499    -37.570878    -37.570882
   3.36675    -37.569860    -37.569864
   3.30850    -37.568918    -37.568922
   3.25026    -37.568067    -37.568071
   3.19202    -37.567487    -37.567492
   3.19202    -37.567487    -37.567492
   3.13517    -37.567515    -37.567519
   3.07833    -37.567604    -37.567609
   3.02148    -37.567791    -37.567795
   2.96464    -37.568141    -37.568145
   2.90779    -37.568708    -37.568712
   2.85095    -37.569491    -37.569495
   2.79410    -37.570444    -37.570448
   2.73726    -37.571527    -37.571531
   2.68041    -37.572706    -37.572710
   2.62357    -37.573943    -37.573947
   2.56672    -37.575211    -37.575216
   2.56672    -37.572690    -37.572694
   2.50897    -37.572639    -37.572643
   2.45121    -37.572481    -37.572485
   2.39346    -37.572199    -37.572203
   2.33570    -37.571774    -37.571778
   2.27794    -37.571208    -37.571212
   2.22019    -37.570519    -37.570524
   2.16243    -37.569734    -37.569738
   2.10468    -37.568900    -37.568904
   2.04692    -37.568076    -37.568080
   1.98917    -37.567487    -37.567492
   1.98917    -37.567487    -37.567492
   1.93311    -37.567896    -37.567900
   1.87705    -37.568513    -37.568518
   1.82099    -37.569160    -37.569164
   1.76493    -37.569799    -37.569803
   1.70888    -37.570403    -37.570408
   1.65282    -37.570958    -37.570962
   1.59676    -37.571443    -37.571447
   1.54070    -37.571847    -37.571851
   1.48464    -37.572169    -37.572173
   1.42858    -37.572407    -37.572411
   1.37253    -37.572567    -37.572571
   1.31647    -37.572659    -37.572663
   1.26041    -37.572687    -37.572691
   1.26041    -37.575217    -37.575222
   1.19757    -37.573231    -37.573235
   1.13474    -37.571367    -37.571371
   1.07190    -37.569743    -37.569748
   1.00906    -37.568520    -37.568525
   0.94622    -37.567829    -37.567833
   0.88339    -37.567556    -37.567560
   0.82055    -37.567487    -37.567492
   0.82055    -37.567487    -37.567492
   0.75817    -37.568623    -37.568627
   0.69579    -37.570192    -37.570196
   0.63340    -37.571949    -37.571953
   0.57102    -37.573833    -37.573837
   0.50864    -37.575768    -37.575773
   0.44626    -37.577665    -37.577669
   0.44626    -37.567502    -37.567507
   0.38251    -37.567501    -37.567505
   0.31876    -37.567498    -37.567502
   0.25500    -37.567494    -37.567498
   0.19125    -37.567494    -37.567498
   0.12750    -37.567493    -37.567497
   0.06375    -37.567490    -37.567494
   0.00000    -37.567487    -37.567492
 
# Band-Index    3
   0.00000    -37.567004    -37.567008
   0.06375    -37.567006    -37.567011
   0.12750    -37.567009    -37.567014
   0.19125    -37.567011    -37.567015
   0.25500    -37.567012    -37.567016
   0.31876    -37.567016    -37.567020
   0.38251    -37.567020    -37.567024
   0.44626    -37.567021    -37.567025
   0.44626    -37.564457    -37.564461
   0.50864    -37.564640    -37.564645
   0.57102    -37.564882    -37.564886
   0.63340    -37.565132    -37.565136
   0.69579    -37.565347    -37.565351
   0.75817    -37.566133    -37.566137
   0.82055    -37.567004    -37.567008
   0.82055    -37.567004    -37.567008
   0.88339    -37.567004    -37.567008
   0.94622    -37.567002    -37.567006
   1.00906    -37.566994    -37.566999
   1.07190    -37.566981    -37.566986
   1.13474    -37.566968    -37.566973
   1.19757    -37.566951    -37.566955
   1.26041    -37.566929    -37.566933
   1.26041    -37.569459    -37.569464
   1.31647    -37.569393    -37.569398
   1.37253    -37.569204    -37.569209
   1.42858    -37.568909    -37.568913
   1.48464    -37.568534    -37.568539
   1.54070    -37.568109    -37.568114
   1.59676    -37.567659    -37.567663
   1.65282    -37.567212    -37.567216
   1.70888    -37.566796    -37.566801
   1.76493    -37.566443    -37.566447
   1.82099    -37.566217    -37.566222
   1.87705    -37.566306    -37.566310
   1.93311    -37.566672    -37.566676
   1.98917    -37.567004    -37.567008
   1.98917    -37.567004    -37.567008
   2.04692    -37.566547    -37.566552
   2.10468    -37.566207    -37.566212
   2.16243    -37.566413    -37.566418
   2.22019    -37.566875    -37.566880
   2.27794    -37.567429    -37.567434
   2.33570    -37.568018    -37.568023
   2.39346    -37.568577    -37.568582
   2.45121    -37.569041    -37.569046
   2.50897    -37.569353    -37.569358
   2.56672    -37.569465    -37.569470
   2.56672    -37.566928    -37.566932
   2.62357    -37.566943    -37.566948
   2.68041    -37.566959    -37.566963
   2.73726    -37.566968    -37.566972
   2.79410    -37.566978    -37.566983
   2.85095    -37.566987    -37.566992
   2.90779    -37.566994    -37.566998
   2.96464    -37.566999    -37.567003
   3.02148    -37.567002    -37.567006
   3.07833    -37.567005    -37.567009
   3.13517    -37.567005    -37.567009
   3.19202    -37.567004    -37.567008
   3.19202    -37.567004    -37.567008
   3.25026    -37.566521    -37.566525
   3.30850    -37.565953    -37.565958
   3.36675    -37.565470    -37.565475
   3.42499    -37.565272    -37.565276
   3.48324    -37.565136    -37.565141
   3.54148    -37.564990    -37.564995
   3.59973    -37.564842    -37.564846
   3.65797    -37.564696    -37.564700
   3.71621    -37.564571    -37.564576
   3.77446    -37.564480    -37.564485
 
# Band-Index    4
   3.77446    -37.564474    -37.564478
   3.71621    -37.564414    -37.564419
   3.65797    -37.564405    -37.564409
   3.59973    -37.564459    -37.564463
   3.54148    -37.564585    -37.564589
   3.48324    -37.564790    -37.564795
   3.42499    -37.565084    -37.565088
   3.36675    -37.565385    -37.565389
   3.30850    -37.565469    -37.565473
   3.25026    -37.565522    -37.565526
   3.19202    -37.565540    -37.565544
   3.19202    -37.565540    -37.565544
   3.13517    -37.565607    -37.565611
   3.07833    -37.565795    -37.565799
   3.02148    -37.566065    -37.566070
   2.96464    -37.566342    -37.566346
   2.90779    -37.566554    -37.566558
   2.85095    -37.566692    -37.566696
   2.79410    -37.566777    -37.566782
   2.73726    -37.566833    -37.566838
   2.68041    -37.566875    -37.566879
   2.62357    -37.566903    -37.566907
   2.56672    -37.566924    -37.566928
   2.56672    -37.569464    -37.569467
   2.50897    -37.568868    -37.568872
   2.45121    -37.567821    -37.567825
   2.39346    -37.566863    -37.566867
   2.33570    -37.566129    -37.566133
   2.27794    -37.565663    -37.565667
   2.22019    -37.565471    -37.565475
   2.16243    -37.565522    -37.565526
   2.10468    -37.565668    -37.565672
   2.04692    -37.565599    -37.565603
   1.98917    -37.565540    -37.565544
   1.98917    -37.565540    -37.565544
   1.93311    -37.565576    -37.565580
   1.87705    -37.565654    -37.565658
   1.82099    -37.565635    -37.565639
   1.76493    -37.565511    -37.565515
   1.70888    -37.565465    -37.565469
   1.65282    -37.565558    -37.565562
   1.59676    -37.565811    -37.565815
   1.54070    -37.566228    -37.566232
   1.48464    -37.566800    -37.566804
   1.42858    -37.567511    -37.567515
   1.37253    -37.568312    -37.568316
   1.31647    -37.569080    -37.569084
   1.26041    -37.569457    -37.569461
   1.26041    -37.566925    -37.566929
   1.19757    -37.566887    -37.566892
   1.13474    -37.566827    -37.566831
   1.07190    -37.566718    -37.566722
   1.00906    -37.566500    -37.566504
   0.94622    -37.566107    -37.566111
   0.88339    -37.565703    -37.565707
   0.82055    -37.565540    -37.565544
   0.82055    -37.565540    -37.565544
   0.75817    -37.565489    -37.565493
   0.69579    -37.565329    -37.565333
   0.63340    -37.564782    -37.564786
   0.57102    -37.564479    -37.564483
   0.50864    -37.564384    -37.564388
   0.44626    -37.564450    -37.564454
   0.44626    -37.565550    -37.565555
   0.38251    -37.565549    -37.565554
   0.31876    -37.565548    -37.565552
   0.25500    -37.565544    -37.565549
   0.19125    -37.565546    -37.565550
   0.12750    -37.565544    -37.565548
   0.06375    -37.565541    -37.565545
   0.00000    -37.565540    -37.565544
 
# Band-Index    5
   0.00000    -18.597211    -18.597210
   0.06375    -18.597135    -18.597134
   0.12750    -18.596914    -18.596914
   0.19125    -18.596597    -18.596597
   0.25500    -18.596251    -18.596251
   0.31876    -18.595929    -18.595929
   0.38251    -18.595706    -18.595706
   0.44626    -18.595627    -18.595627
   0.44626    -18.540402    -18.540402
   0.50864    -18.556845    -18.556845
   0.57102    -18.570938    -18.570938
   0.63340    -18.582271    -18.582271
   0.69579    -18.590537    -18.590537
   0.75817    -18.595541    -18.595541
   0.82055    -18.597211    -18.597210
   0.82055    -18.597211    -18.597210
   0.88339    -18.593646    -18.593646
   0.94622    -18.583135    -18.583135
   1.00906    -18.566868    -18.566868
   1.07190    -18.571146    -18.571146
   1.13474    -18.580277    -18.580277
   1.19757    -18.585989    -18.585989
   1.26041    -18.587488    -18.587488
   1.26041    -18.509612    -18.509612
   1.31647    -18.520664    -18.520664
   1.37253    -18.533183    -18.533183
   1.42858    -18.543183    -18.543183
   1.48464    -18.550337    -18.550337
   1.54070    -18.554654    -18.554654
   1.59676    -18.556576    -18.556576
   1.65282    -18.558498    -18.558498
   1.70888    -18.566287    -18.566287
   1.76493    -18.576205    -18.576205
   1.82099    -18.584957    -18.584957
   1.87705    -18.591639    -18.591639
   1.93311    -18.595801    -18.595801
   1.98917    -18.597211    -18.597210
   1.98917    -18.597211    -18.597210
   2.04692    -18.594871    -18.594871
   2.10468    -18.588043    -18.588042
   2.16243    -18.577401    -18.577401
   2.22019    -18.564599    -18.564598
   2.27794    -18.557212    -18.557212
   2.33570    -18.555677    -18.555677
   2.39346    -18.550629    -18.550629
   2.45121    -18.540701    -18.540701
   2.50897    -18.526035    -18.526035
   2.56672    -18.511392    -18.511392
   2.56672    -18.585945    -18.585945
   2.62357    -18.585709    -18.585708
   2.68041    -18.583799    -18.583799
   2.73726    -18.580312    -18.580311
   2.79410    -18.575395    -18.575395
   2.85095    -18.569320    -18.569320
   2.90779    -18.563816    -18.563816
   2.96464    -18.574455    -18.574455
   3.02148    -18.584132    -18.584132
   3.07833    -18.591333    -18.591333
   3.13517    -18.595734    -18.595734
   3.19202    -18.597211    -18.597210
   3.19202    -18.597211    -18.597210
   3.25026    -18.596572    -18.596572
   3.30850    -18.594653    -18.594653
   3.36675    -18.591474    -18.591474
   3.42499    -18.587074    -18.587073
   3.48324    -18.581507    -18.581507
   3.54148    -18.574848    -18.574848
   3.59973    -18.567181    -18.567181
   3.65797    -18.558609    -18.558609
   3.71621    -18.549231    -18.549231
   3.77446    -18.539154    -18.539154
 
# Band-Index    6
   3.77446    -18.539148    -18.539148
   3.71621    -18.528461    -18.528461
   3.65797    -18.517263    -18.517263
   3.59973    -18.505673    -18.505673
   3.54148    -18.507476    -18.507476
   3.48324    -18.516179    -18.516179
   3.42499    -18.523699    -18.523698
   3.36675    -18.529788    -18.529788
   3.30850    -18.534258    -18.534258
   3.25026    -18.536993    -18.536992
   3.19202    -18.537918    -18.537918
   3.19202    -18.537918    -18.537918
   3.13517    -18.539215    -18.539215
   3.07833    -18.542926    -18.542926
   3.02148    -18.548534    -18.548534
   2.96464    -18.555301    -18.555301
   2.90779    -18.562452    -18.562452
   2.85095    -18.563636    -18.563636
   2.79410    -18.570392    -18.570392
   2.73726    -18.576555    -18.576555
   2.68041    -18.581316    -18.581316
   2.62357    -18.584475    -18.584475
   2.56672    -18.585943    -18.585943
   2.56672    -18.511390    -18.511390
   2.50897    -18.512780    -18.512780
   2.45121    -18.516238    -18.516238
   2.39346    -18.521083    -18.521082
   2.33570    -18.530866    -18.530866
   2.27794    -18.544310    -18.544310
   2.22019    -18.548721    -18.548721
   2.16243    -18.544477    -18.544477
   2.10468    -18.540469    -18.540469
   2.04692    -18.538465    -18.538465
   1.98917    -18.537918    -18.537918
   1.98917    -18.537918    -18.537918
   1.93311    -18.538294    -18.538294
   1.87705    -18.539526    -18.539526
   1.82099    -18.541835    -18.541835
   1.76493    -18.545142    -18.545142
   1.70888    -18.548251    -18.548251
   1.65282    -18.547272    -18.547272
   1.59676    -18.538257    -18.538257
   1.54070    -18.527569    -18.527569
   1.48464    -18.519970    -18.519970
   1.42858    -18.516023    -18.516022
   1.37253    -18.512839    -18.512839
   1.31647    -18.510502    -18.510501
   1.26041    -18.509610    -18.509610
   1.26041    -18.587487    -18.587487
   1.19757    -18.584478    -18.584478
   1.13474    -18.577091    -18.577091
   1.07190    -18.566227    -18.566227
   1.00906    -18.559988    -18.559988
   0.94622    -18.548986    -18.548985
   0.88339    -18.540879    -18.540879
   0.82055    -18.537918    -18.537918
   0.82055    -18.537918    -18.537918
   0.75817    -18.535265    -18.535265
   0.69579    -18.527538    -18.527538
   0.63340    -18.515346    -18.515346
   0.57102    -18.502405    -18.502405
   0.50864    -18.522072    -18.522072
   0.44626    -18.540396    -18.540396
   0.44626    -18.539555    -18.539555
   0.38251    -18.539470    -18.539470
   0.31876    -18.539233    -18.539233
   0.25500    -18.538897    -18.538897
   0.19125    -18.538523    -18.538523
   0.12750    -18.538206    -18.538206
   0.06375    -18.537990    -18.537990
   0.00000    -18.537918    -18.537918
 
# Band-Index    7
   0.00000    -18.515170    -18.515170
   0.06375    -18.515091    -18.515091
   0.12750    -18.514876    -18.514876
   0.19125    -18.514566    -18.514565
   0.25500    -18.514225    -18.514224
   0.31876    -18.513904    -18.513904
   0.38251    -18.513684    -18.513684
   0.44626    -18.513604    -18.513604
   0.44626    -18.464364    -18.464364
   0.50864    -18.482177    -18.482176
   0.57102    -18.499733    -18.499732
   0.63340    -18.487832    -18.487831
   0.69579    -18.502386    -18.502386
   0.75817    -18.511870    -18.511870
   0.82055    -18.515170    -18.515170
   0.82055    -18.515170    -18.515170
   0.88339    -18.520974    -18.520974
   0.94622    -18.534430    -18.534430
   1.00906    -18.549134    -18.549134
   1.07190    -18.541167    -18.541167
   1.13474    -18.513913    -18.513913
   1.19757    -18.482778    -18.482778
   1.26041    -18.450018    -18.450018
   1.26041    -18.499598    -18.499598
   1.31647    -18.500368    -18.500368
   1.37253    -18.503035    -18.503034
   1.42858    -18.508136    -18.508136
   1.48464    -18.515308    -18.515308
   1.54070    -18.520716    -18.520715
   1.59676    -18.523463    -18.523463
   1.65282    -18.525079    -18.525079
   1.70888    -18.525564    -18.525564
   1.76493    -18.524674    -18.524674
   1.82099    -18.522275    -18.522275
   1.87705    -18.518990    -18.518989
   1.93311    -18.516224    -18.516223
   1.98917    -18.515170    -18.515170
   1.98917    -18.515170    -18.515170
   2.04692    -18.516955    -18.516955
   2.10468    -18.521144    -18.521144
   2.16243    -18.524709    -18.524709
   2.22019    -18.525775    -18.525774
   2.27794    -18.524648    -18.524647
   2.33570    -18.521613    -18.521613
   2.39346    -18.514808    -18.514808
   2.45121    -18.506396    -18.506396
   2.50897    -18.501654    -18.501654
   2.56672    -18.500330    -18.500330
   2.56672    -18.448938    -18.448938
   2.62357    -18.469706    -18.469706
   2.68041    -18.490229    -18.490229
   2.73726    -18.509897    -18.509897
   2.79410    -18.528125    -18.528125
   2.85095    -18.543932    -18.543932
   2.90779    -18.549712    -18.549712
   2.96464    -18.542037    -18.542037
   3.02148    -18.532706    -18.532706
   3.07833    -18.524019    -18.524019
   3.13517    -18.517596    -18.517595
   3.19202    -18.515170    -18.515170
   3.19202    -18.515170    -18.515170
   3.25026    -18.513934    -18.513934
   3.30850    -18.510312    -18.510312
   3.36675    -18.504483    -18.504482
   3.42499    -18.496723    -18.496723
   3.48324    -18.487404    -18.487404
   3.54148    -18.493711    -18.493710
   3.59973    -18.497797    -18.497796
   3.65797    -18.487561    -18.487561
   3.71621    -18.477009    -18.477009
   3.77446    -18.466451    -18.466451
 
# Band-Index    8
   3.77446    -18.466444    -18.466443
   3.71621    -18.456137    -18.456137
   3.65797    -18.454143    -18.454142
   3.59973    -18.465731    -18.465730
   3.54148    -18.476934    -18.476933
   3.48324    -18.481585    -18.481585
   3.42499    -18.469367    -18.469367
   3.36675    -18.457200    -18.457200
   3.30850    -18.448210    -18.448210
   3.25026    -18.449950    -18.449949
   3.19202    -18.450529    -18.450528
   3.19202    -18.450529    -18.450528
   3.13517    -18.452095    -18.452094
   3.07833    -18.455013    -18.455013
   3.02148    -18.457148    -18.457147
   2.96464    -18.457742    -18.457741
   2.90779    -18.456725    -18.456725
   2.85095    -18.454250    -18.454249
   2.79410    -18.450513    -18.450513
   2.73726    -18.445710    -18.445710
   2.68041    -18.440061    -18.440061
   2.62357    -18.434469    -18.434468
   2.56672    -18.448934    -18.448934
   2.56672    -18.500329    -18.500329
   2.50897    -18.482277    -18.482277
   2.45121    -18.458392    -18.458392
   2.39346    -18.439936    -18.439936
   2.33570    -18.441320    -18.441319
   2.27794    -18.447374    -18.447374
   2.22019    -18.452333    -18.452332
   2.16243    -18.454968    -18.454967
   2.10468    -18.454592    -18.454592
   2.04692    -18.451996    -18.451995
   1.98917    -18.450529    -18.450528
   1.98917    -18.450529    -18.450528
   1.93311    -18.451419    -18.451418
   1.87705    -18.453498    -18.453497
   1.82099    -18.455098    -18.455098
   1.76493    -18.455133    -18.455133
   1.70888    -18.453499    -18.453498
   1.65282    -18.450475    -18.450474
   1.59676    -18.446464    -18.446463
   1.54070    -18.442186    -18.442186
   1.48464    -18.440785    -18.440785
   1.42858    -18.451322    -18.451322
   1.37253    -18.468721    -18.468721
   1.31647    -18.486637    -18.486637
   1.26041    -18.499597    -18.499597
   1.26041    -18.450014    -18.450014
   1.19757    -18.435186    -18.435186
   1.13474    -18.444077    -18.444076
   1.07190    -18.451469    -18.451468
   1.00906    -18.456143    -18.456142
   0.94622    -18.457007    -18.457006
   0.88339    -18.453753    -18.453753
   0.82055    -18.450529    -18.450528
   0.82055    -18.450529    -18.450528
   0.75817    -18.448767    -18.448767
   0.69579    -18.461378    -18.461378
   0.63340    -18.481969    -18.481969
   0.57102    -18.469927    -18.469926
   0.50864    -18.450575    -18.450575
   0.44626    -18.464356    -18.464356
   0.44626    -18.452739    -18.452738
   0.38251    -18.452638    -18.452638
   0.31876    -18.452354    -18.452354
   0.25500    -18.451927    -18.451926
   0.19125    -18.451422    -18.451422
   0.12750    -18.450968    -18.450968
   0.06375    -18.450642    -18.450642
   0.00000    -18.450529    -18.450528
 
# Band-Index    9
   0.00000    -18.425463    -18.425463
   0.06375    -18.425443    -18.425443
   0.12750    -18.425390    -18.425389
   0.19125    -18.425313    -18.425313
   0.25500    -18.425235    -18.425235
   0.31876    -18.425157    -18.425157
   0.38251    -18.425103    -18.425103
   0.44626    -18.425083    -18.425083
   0.44626    -18.431071    -18.431071
   0.50864    -18.447724    -18.447723
   0.57102    -18.433065    -18.433064
   0.63340    -18.434275    -18.434275
   0.69579    -18.443425    -18.443425
   0.75817    -18.441415    -18.441415
   0.82055    -18.425463    -18.425463
   0.82055    -18.425463    -18.425463
   0.88339    -18.420047    -18.420047
   0.94622    -18.408297    -18.408297
   1.00906    -18.398422    -18.398422
   1.07190    -18.397919    -18.397919
   1.13474    -18.404888    -18.404888
   1.19757    -18.417020    -18.417020
   1.26041    -18.424300    -18.424299
   1.26041    -18.408726    -18.408726
   1.31647    -18.412952    -18.412951
   1.37253    -18.418839    -18.418838
   1.42858    -18.424014    -18.424013
   1.48464    -18.424372    -18.424371
   1.54070    -18.418121    -18.418121
   1.59676    -18.413541    -18.413540
   1.65282    -18.412415    -18.412415
   1.70888    -18.417474    -18.417474
   1.76493    -18.423055    -18.423055
   1.82099    -18.427623    -18.427623
   1.87705    -18.430128    -18.430128
   1.93311    -18.429153    -18.429153
   1.98917    -18.425463    -18.425463
   1.98917    -18.425463    -18.425463
   2.04692    -18.429901    -18.429900
   2.10468    -18.428951    -18.428950
   2.16243    -18.423603    -18.423603
   2.22019    -18.416410    -18.416409
   2.27794    -18.412033    -18.412033
   2.33570    -18.417041    -18.417040
   2.39346    -18.424762    -18.424762
   2.45121    -18.421045    -18.421044
   2.50897    -18.413749    -18.413748
   2.56672    -18.408670    -18.408670
   2.56672    -18.426342    -18.426341
   2.62357    -18.426996    -18.426996
   2.68041    -18.412660    -18.412660
   2.73726    -18.406249    -18.406248
   2.79410    -18.400705    -18.400704
   2.85095    -18.396987    -18.396987
   2.90779    -18.397050    -18.397050
   2.96464    -18.401726    -18.401725
   3.02148    -18.409147    -18.409146
   3.07833    -18.417002    -18.417002
   3.13517    -18.423113    -18.423112
   3.19202    -18.425463    -18.425463
   3.19202    -18.425463    -18.425463
   3.25026    -18.433908    -18.433908
   3.30850    -18.445248    -18.445248
   3.36675    -18.445191    -18.445191
   3.42499    -18.440824    -18.440823
   3.48324    -18.434962    -18.434961
   3.54148    -18.429023    -18.429023
   3.59973    -18.437137    -18.437136
   3.65797    -18.446302    -18.446301
   3.71621    -18.442417    -18.442417
   3.77446    -18.430747    -18.430746
 
# Band-Index   10
   3.77446    -18.430745    -18.430745
   3.71621    -18.419325    -18.419325
   3.65797    -18.408520    -18.408520
   3.59973    -18.418287    -18.418287
   3.54148    -18.427162    -18.427162
   3.48324    -18.421333    -18.421332
   3.42499    -18.415231    -18.415230
   3.36675    -18.411018    -18.411017
   3.30850    -18.410180    -18.410180
   3.25026    -18.414366    -18.414365
   3.19202    -18.420756    -18.420756
   3.19202    -18.420756    -18.420756
   3.13517    -18.417629    -18.417629
   3.07833    -18.410340    -18.410339
   3.02148    -18.401998    -18.401998
   2.96464    -18.395213    -18.395213
   2.90779    -18.391580    -18.391579
   2.85095    -18.390115    -18.390114
   2.79410    -18.390040    -18.390039
   2.73726    -18.394171    -18.394170
   2.68041    -18.408561    -18.408561
   2.62357    -18.419500    -18.419500
   2.56672    -18.426338    -18.426338
   2.56672    -18.408667    -18.408666
   2.50897    -18.408769    -18.408768
   2.45121    -18.408152    -18.408152
   2.39346    -18.404406    -18.404406
   2.33570    -18.402840    -18.402839
   2.27794    -18.407649    -18.407648
   2.22019    -18.406858    -18.406858
   2.16243    -18.404244    -18.404243
   2.10468    -18.404458    -18.404458
   2.04692    -18.411717    -18.411717
   1.98917    -18.420756    -18.420756
   1.98917    -18.420756    -18.420756
   1.93311    -18.414199    -18.414198
   1.87705    -18.406763    -18.406763
   1.82099    -18.403737    -18.403736
   1.76493    -18.404319    -18.404319
   1.70888    -18.406353    -18.406353
   1.65282    -18.408275    -18.408275
   1.59676    -18.405314    -18.405314
   1.54070    -18.402129    -18.402128
   1.48464    -18.403743    -18.403743
   1.42858    -18.407609    -18.407608
   1.37253    -18.408817    -18.408816
   1.31647    -18.408861    -18.408860
   1.26041    -18.408723    -18.408723
   1.26041    -18.424296    -18.424296
   1.19757    -18.414278    -18.414277
   1.13474    -18.393205    -18.393204
   1.07190    -18.389982    -18.389981
   1.00906    -18.392437    -18.392436
   0.94622    -18.400968    -18.400968
   0.88339    -18.413769    -18.413769
   0.82055    -18.420756    -18.420756
   0.82055    -18.420756    -18.420756
   0.75817    -18.410989    -18.410989
   0.69579    -18.411993    -18.411993
   0.63340    -18.420815    -18.420814
   0.57102    -18.420998    -18.420997
   0.50864    -18.412315    -18.412315
   0.44626    -18.431069    -18.431069
   0.44626    -18.420798    -18.420798
   0.38251    -18.420796    -18.420796
   0.31876    -18.420789    -18.420789
   0.25500    -18.420781    -18.420780
   0.19125    -18.420763    -18.420763
   0.12750    -18.420757    -18.420757
   0.06375    -18.420756    -18.420756
   0.00000    -18.420756    -18.420756
 
# Band-Index   11
   0.00000    -18.386722    -18.386721
   0.06375    -18.386717    -18.386716
   0.12750    -18.386707    -18.386706
   0.19125    -18.386693    -18.386693
   0.25500    -18.386689    -18.386688
   0.31876    -18.386672    -18.386672
   0.38251    -18.386663    -18.386663
   0.44626    -18.386658    -18.386657
   0.44626    -18.384625    -18.384625
   0.50864    -18.403742    -18.403741
   0.57102    -18.396055    -18.396055
   0.63340    -18.385208    -18.385208
   0.69579    -18.381356    -18.381355
   0.75817    -18.385435    -18.385434
   0.82055    -18.386722    -18.386721
   0.82055    -18.386722    -18.386721
   0.88339    -18.386238    -18.386238
   0.94622    -18.384151    -18.384151
   1.00906    -18.384564    -18.384563
   1.07190    -18.385661    -18.385660
   1.13474    -18.385185    -18.385184
   1.19757    -18.384970    -18.384970
   1.26041    -18.385023    -18.385022
   1.26041    -18.404368    -18.404368
   1.31647    -18.403923    -18.403922
   1.37253    -18.402857    -18.402857
   1.42858    -18.401665    -18.401665
   1.48464    -18.400963    -18.400963
   1.54070    -18.395822    -18.395822
   1.59676    -18.388809    -18.388808
   1.65282    -18.384632    -18.384632
   1.70888    -18.382191    -18.382190
   1.76493    -18.381102    -18.381101
   1.82099    -18.381432    -18.381432
   1.87705    -18.384613    -18.384612
   1.93311    -18.386476    -18.386475
   1.98917    -18.386722    -18.386721
   1.98917    -18.386722    -18.386721
   2.04692    -18.386164    -18.386164
   2.10468    -18.382429    -18.382428
   2.16243    -18.381133    -18.381132
   2.22019    -18.382694    -18.382693
   2.27794    -18.386602    -18.386601
   2.33570    -18.394330    -18.394329
   2.39346    -18.400567    -18.400567
   2.45121    -18.401136    -18.401135
   2.50897    -18.402110    -18.402110
   2.56672    -18.402573    -18.402572
   2.56672    -18.384994    -18.384993
   2.62357    -18.385074    -18.385073
   2.68041    -18.384839    -18.384839
   2.73726    -18.384937    -18.384936
   2.79410    -18.385186    -18.385185
   2.85095    -18.385405    -18.385404
   2.90779    -18.384744    -18.384743
   2.96464    -18.383259    -18.383259
   3.02148    -18.384598    -18.384598
   3.07833    -18.385954    -18.385953
   3.13517    -18.386548    -18.386548
   3.19202    -18.386722    -18.386721
   3.19202    -18.386722    -18.386721
   3.25026    -18.386508    -18.386507
   3.30850    -18.384412    -18.384411
   3.36675    -18.381394    -18.381394
   3.42499    -18.381926    -18.381926
   3.48324    -18.385005    -18.385005
   3.54148    -18.390665    -18.390664
   3.59973    -18.398700    -18.398699
   3.65797    -18.407658    -18.407658
   3.71621    -18.396146    -18.396146
   3.77446    -18.384614    -18.384614
 
# Band-Index   12
   3.77446    -18.384612    -18.384612
   3.71621    -18.374699    -18.374698
   3.65797    -18.367878    -18.367878
   3.59973    -18.363784    -18.363783
   3.54148    -18.365330    -18.365330
   3.48324    -18.366672    -18.366672
   3.42499    -18.370210    -18.370210
   3.36675    -18.376817    -18.376817
   3.30850    -18.379751    -18.379751
   3.25026    -18.380905    -18.380905
   3.19202    -18.381468    -18.381467
   3.19202    -18.381468    -18.381467
   3.13517    -18.381507    -18.381506
   3.07833    -18.381675    -18.381674
   3.02148    -18.382163    -18.382162
   2.96464    -18.381609    -18.381609
   2.90779    -18.376788    -18.376787
   2.85095    -18.373071    -18.373071
   2.79410    -18.375033    -18.375033
   2.73726    -18.382230    -18.382230
   2.68041    -18.384797    -18.384796
   2.62357    -18.384880    -18.384880
   2.56672    -18.384990    -18.384990
   2.56672    -18.402570    -18.402569
   2.50897    -18.398272    -18.398272
   2.45121    -18.392722    -18.392721
   2.39346    -18.387196    -18.387195
   2.33570    -18.380393    -18.380393
   2.27794    -18.378837    -18.378837
   2.22019    -18.378006    -18.378005
   2.16243    -18.377285    -18.377284
   2.10468    -18.379697    -18.379696
   2.04692    -18.380963    -18.380963
   1.98917    -18.381468    -18.381467
   1.98917    -18.381468    -18.381467
   1.93311    -18.381143    -18.381143
   1.87705    -18.380399    -18.380399
   1.82099    -18.378684    -18.378683
   1.76493    -18.377155    -18.377155
   1.70888    -18.377783    -18.377782
   1.65282    -18.378671    -18.378670
   1.59676    -18.379095    -18.379094
   1.54070    -18.381245    -18.381244
   1.48464    -18.386680    -18.386679
   1.42858    -18.391227    -18.391226
   1.37253    -18.395723    -18.395722
   1.31647    -18.400559    -18.400559
   1.26041    -18.404365    -18.404364
   1.26041    -18.385019    -18.385019
   1.19757    -18.384966    -18.384966
   1.13474    -18.381354    -18.381354
   1.07190    -18.372699    -18.372699
   1.00906    -18.378009    -18.378009
   0.94622    -18.382395    -18.382395
   0.88339    -18.381604    -18.381604
   0.82055    -18.381468    -18.381467
   0.82055    -18.381468    -18.381467
   0.75817    -18.380187    -18.380187
   0.69579    -18.374747    -18.374746
   0.63340    -18.366838    -18.366837
   0.57102    -18.364596    -18.364595
   0.50864    -18.369811    -18.369811
   0.44626    -18.384623    -18.384623
   0.44626    -18.381356    -18.381355
   0.38251    -18.381364    -18.381363
   0.31876    -18.381381    -18.381380
   0.25500    -18.381410    -18.381410
   0.19125    -18.381425    -18.381424
   0.12750    -18.381444    -18.381444
   0.06375    -18.381461    -18.381460
   0.00000    -18.381468    -18.381467
 
# Band-Index   13
   0.00000    -18.369884    -18.369884
   0.06375    -18.369875    -18.369874
   0.12750    -18.369835    -18.369835
   0.19125    -18.369777    -18.369776
   0.25500    -18.369730    -18.369730
   0.31876    -18.369665    -18.369664
   0.38251    -18.369626    -18.369625
   0.44626    -18.369610    -18.369609
   0.44626    -18.357351    -18.357351
   0.50864    -18.361676    -18.361675
   0.57102    -18.362737    -18.362737
   0.63340    -18.363755    -18.363755
   0.69579    -18.368502    -18.368502
   0.75817    -18.369535    -18.369534
   0.82055    -18.369884    -18.369884
   0.82055    -18.369884    -18.369884
   0.88339    -18.370444    -18.370443
   0.94622    -18.371101    -18.371101
   1.00906    -18.368526    -18.368526
   1.07190    -18.360829    -18.360828
   1.13474    -18.351792    -18.351792
   1.19757    -18.345069    -18.345069
   1.26041    -18.341893    -18.341892
   1.26041    -18.355741    -18.355740
   1.31647    -18.357288    -18.357287
   1.37253    -18.361315    -18.361314
   1.42858    -18.366557    -18.366556
   1.48464    -18.371629    -18.371629
   1.54070    -18.374273    -18.374272
   1.59676    -18.367353    -18.367353
   1.65282    -18.358590    -18.358590
   1.70888    -18.358255    -18.358255
   1.76493    -18.363622    -18.363622
   1.82099    -18.368838    -18.368838
   1.87705    -18.370070    -18.370069
   1.93311    -18.369983    -18.369982
   1.98917    -18.369884    -18.369884
   1.98917    -18.369884    -18.369884
   2.04692    -18.370027    -18.370026
   2.10468    -18.369608    -18.369607
   2.16243    -18.364066    -18.364066
   2.22019    -18.357519    -18.357518
   2.27794    -18.362107    -18.362107
   2.33570    -18.373530    -18.373530
   2.39346    -18.370702    -18.370701
   2.45121    -18.364023    -18.364023
   2.50897    -18.357984    -18.357984
   2.56672    -18.355463    -18.355463
   2.56672    -18.342441    -18.342441
   2.62357    -18.344058    -18.344058
   2.68041    -18.347133    -18.347132
   2.73726    -18.351604    -18.351604
   2.79410    -18.357132    -18.357132
   2.85095    -18.363002    -18.363002
   2.90779    -18.367935    -18.367934
   2.96464    -18.370678    -18.370677
   3.02148    -18.371258    -18.371257
   3.07833    -18.370753    -18.370752
   3.13517    -18.370135    -18.370134
   3.19202    -18.369884    -18.369884
   3.19202    -18.369884    -18.369884
   3.25026    -18.369754    -18.369753
   3.30850    -18.369352    -18.369351
   3.36675    -18.368694    -18.368693
   3.42499    -18.367792    -18.367791
   3.48324    -18.363949    -18.363949
   3.54148    -18.361734    -18.361734
   3.59973    -18.363764    -18.363764
   3.65797    -18.361964    -18.361963
   3.71621    -18.359786    -18.359786
   3.77446    -18.356930    -18.356930
 
# Band-Index   14
   3.77446    -18.356923    -18.356922
   3.71621    -18.352929    -18.352928
   3.65797    -18.348641    -18.348640
   3.59973    -18.347696    -18.347695
   3.54148    -18.350139    -18.350139
   3.48324    -18.350455    -18.350454
   3.42499    -18.347141    -18.347141
   3.36675    -18.342923    -18.342922
   3.30850    -18.339235    -18.339235
   3.25026    -18.336787    -18.336787
   3.19202    -18.335932    -18.335932
   3.19202    -18.335932    -18.335932
   3.13517    -18.335640    -18.335640
   3.07833    -18.334757    -18.334757
   3.02148    -18.333299    -18.333299
   2.96464    -18.331363    -18.331363
   2.90779    -18.329776    -18.329776
   2.85095    -18.334353    -18.334353
   2.79410    -18.341629    -18.341629
   2.73726    -18.343592    -18.343591
   2.68041    -18.342867    -18.342867
   2.62357    -18.342163    -18.342163
   2.56672    -18.342440    -18.342440
   2.56672    -18.355462    -18.355462
   2.50897    -18.355473    -18.355473
   2.45121    -18.355075    -18.355074
   2.39346    -18.353738    -18.353738
   2.33570    -18.351482    -18.351482
   2.27794    -18.347725    -18.347725
   2.22019    -18.341283    -18.341283
   2.16243    -18.339228    -18.339227
   2.10468    -18.337679    -18.337678
   2.04692    -18.336412    -18.336411
   1.98917    -18.335932    -18.335932
   1.98917    -18.335932    -18.335932
   1.93311    -18.336222    -18.336222
   1.87705    -18.337029    -18.337028
   1.82099    -18.338170    -18.338169
   1.76493    -18.339372    -18.339371
   1.70888    -18.340825    -18.340825
   1.65282    -18.345261    -18.345261
   1.59676    -18.349721    -18.349721
   1.54070    -18.352119    -18.352118
   1.48464    -18.353857    -18.353857
   1.42858    -18.355049    -18.355049
   1.37253    -18.355639    -18.355638
   1.31647    -18.355762    -18.355762
   1.26041    -18.355740    -18.355739
   1.26041    -18.341891    -18.341891
   1.19757    -18.342030    -18.342029
   1.13474    -18.343312    -18.343312
   1.07190    -18.336764    -18.336764
   1.00906    -18.329932    -18.329932
   0.94622    -18.333011    -18.333011
   0.88339    -18.335198    -18.335198
   0.82055    -18.335932    -18.335932
   0.82055    -18.335932    -18.335932
   0.75817    -18.338238    -18.338238
   0.69579    -18.344285    -18.344285
   0.63340    -18.350540    -18.350539
   0.57102    -18.348402    -18.348402
   0.50864    -18.350125    -18.350124
   0.44626    -18.357344    -18.357343
   0.44626    -18.336308    -18.336308
   0.38251    -18.336293    -18.336292
   0.31876    -18.336245    -18.336245
   0.25500    -18.336179    -18.336178
   0.19125    -18.336088    -18.336087
   0.12750    -18.336012    -18.336012
   0.06375    -18.335955    -18.335955
   0.00000    -18.335932    -18.335932
 
# Band-Index   15
   0.00000    -18.283590    -18.283590
   0.06375    -18.283588    -18.283587
   0.12750    -18.283583    -18.283583
   0.19125    -18.283578    -18.283578
   0.25500    -18.283588    -18.283588
   0.31876    -18.283585    -18.283585
   0.38251    -18.283582    -18.283582
   0.44626    -18.283583    -18.283583
   0.44626    -18.312426    -18.312426
   0.50864    -18.318483    -18.318483
   0.57102    -18.312407    -18.312407
   0.63340    -18.296160    -18.296159
   0.69579    -18.286981    -18.286981
   0.75817    -18.284438    -18.284438
   0.82055    -18.283590    -18.283590
   0.82055    -18.283590    -18.283590
   0.88339    -18.287448    -18.287448
   0.94622    -18.298592    -18.298592
   1.00906    -18.314910    -18.314910
   1.07190    -18.320882    -18.320882
   1.13474    -18.314325    -18.314325
   1.19757    -18.306395    -18.306394
   1.26041    -18.298568    -18.298568
   1.26041    -18.313172    -18.313172
   1.31647    -18.312958    -18.312958
   1.37253    -18.312607    -18.312607
   1.42858    -18.312777    -18.312777
   1.48464    -18.314092    -18.314092
   1.54070    -18.316834    -18.316834
   1.59676    -18.320600    -18.320600
   1.65282    -18.323129    -18.323128
   1.70888    -18.318501    -18.318501
   1.76493    -18.307599    -18.307598
   1.82099    -18.297005    -18.297005
   1.87705    -18.289270    -18.289270
   1.93311    -18.284930    -18.284930
   1.98917    -18.283590    -18.283590
   1.98917    -18.283590    -18.283590
   2.04692    -18.285889    -18.285889
   2.10468    -18.293500    -18.293500
   2.16243    -18.306482    -18.306482
   2.22019    -18.320285    -18.320285
   2.27794    -18.322355    -18.322355
   2.33570    -18.317463    -18.317463
   2.39346    -18.313724    -18.313724
   2.45121    -18.312369    -18.312369
   2.50897    -18.312577    -18.312577
   2.56672    -18.312902    -18.312901
   2.56672    -18.298717    -18.298717
   2.62357    -18.303620    -18.303620
   2.68041    -18.308664    -18.308664
   2.73726    -18.313664    -18.313664
   2.79410    -18.318241    -18.318240
   2.85095    -18.321443    -18.321443
   2.90779    -18.317658    -18.317658
   2.96464    -18.307118    -18.307118
   3.02148    -18.297307    -18.297307
   3.07833    -18.289813    -18.289813
   3.13517    -18.285161    -18.285161
   3.19202    -18.283590    -18.283590
   3.19202    -18.283590    -18.283590
   3.25026    -18.283894    -18.283894
   3.30850    -18.284810    -18.284810
   3.36675    -18.286335    -18.286335
   3.42499    -18.288465    -18.288465
   3.48324    -18.295999    -18.295998
   3.54148    -18.305996    -18.305996
   3.59973    -18.314522    -18.314522
   3.65797    -18.318254    -18.318254
   3.71621    -18.316518    -18.316518
   3.77446    -18.312294    -18.312294
 
# Band-Index   16
   3.77446    -18.312288    -18.312288
   3.71621    -18.307459    -18.307459
   3.65797    -18.302728    -18.302728
   3.59973    -18.298373    -18.298373
   3.54148    -18.294511    -18.294511
   3.48324    -18.291195    -18.291195
   3.42499    -18.286503    -18.286503
   3.36675    -18.278464    -18.278463
   3.30850    -18.272396    -18.272395
   3.25026    -18.268631    -18.268631
   3.19202    -18.267358    -18.267358
   3.19202    -18.267358    -18.267358
   3.13517    -18.267675    -18.267675
   3.07833    -18.268623    -18.268623
   3.02148    -18.270181    -18.270181
   2.96464    -18.272310    -18.272310
   2.90779    -18.274952    -18.274952
   2.85095    -18.278059    -18.278059
   2.79410    -18.281574    -18.281574
   2.73726    -18.285445    -18.285445
   2.68041    -18.289603    -18.289603
   2.62357    -18.294035    -18.294034
   2.56672    -18.298714    -18.298713
   2.56672    -18.312900    -18.312900
   2.50897    -18.310682    -18.310682
   2.45121    -18.305355    -18.305355
   2.39346    -18.298910    -18.298910
   2.33570    -18.292470    -18.292470
   2.27794    -18.286530    -18.286529
   2.22019    -18.281268    -18.281268
   2.16243    -18.276650    -18.276650
   2.10468    -18.272474    -18.272474
   2.04692    -18.268903    -18.268903
   1.98917    -18.267358    -18.267358
   1.98917    -18.267358    -18.267358
   1.93311    -18.268300    -18.268300
   1.87705    -18.270695    -18.270695
   1.82099    -18.273722    -18.273722
   1.76493    -18.276986    -18.276986
   1.70888    -18.280527    -18.280527
   1.65282    -18.284452    -18.284452
   1.59676    -18.288795    -18.288795
   1.54070    -18.293530    -18.293530
   1.48464    -18.298545    -18.298544
   1.42858    -18.303607    -18.303607
   1.37253    -18.308285    -18.308285
   1.31647    -18.311813    -18.311812
   1.26041    -18.313171    -18.313170
   1.26041    -18.298565    -18.298565
   1.19757    -18.291313    -18.291312
   1.13474    -18.284733    -18.284732
   1.07190    -18.278931    -18.278931
   1.00906    -18.274082    -18.274081
   0.94622    -18.270419    -18.270419
   0.88339    -18.268133    -18.268133
   0.82055    -18.267358    -18.267358
   0.82055    -18.267358    -18.267358
   0.75817    -18.270872    -18.270872
   0.69579    -18.280977    -18.280977
   0.63340    -18.291202    -18.291202
   0.57102    -18.297043    -18.297043
   0.50864    -18.304322    -18.304322
   0.44626    -18.312420    -18.312420
   0.44626    -18.267387    -18.267387
   0.38251    -18.267387    -18.267387
   0.31876    -18.267388    -18.267387
   0.25500    -18.267379    -18.267379
   0.19125    -18.267361    -18.267361
   0.12750    -18.267358    -18.267358
   0.06375    -18.267358    -18.267357
   0.00000    -18.267358    -18.267358
 
# Band-Index   17
   0.00000    -17.486183    -17.486183
   0.06375    -17.486269    -17.486268
   0.12750    -17.486502    -17.486501
   0.19125    -17.486835    -17.486835
   0.25500    -17.487211    -17.487210
   0.31876    -17.487529    -17.487528
   0.38251    -17.487749    -17.487749
   0.44626    -17.487831    -17.487831
   0.44626    -17.486193    -17.486192
   0.50864    -17.486204    -17.486204
   0.57102    -17.486211    -17.486210
   0.63340    -17.486207    -17.486206
   0.69579    -17.486196    -17.486196
   0.75817    -17.486187    -17.486186
   0.82055    -17.486183    -17.486183
   0.82055    -17.486183    -17.486183
   0.88339    -17.486194    -17.486194
   0.94622    -17.486222    -17.486222
   1.00906    -17.486260    -17.486259
   1.07190    -17.486298    -17.486297
   1.13474    -17.486314    -17.486314
   1.19757    -17.486310    -17.486309
   1.26041    -17.486290    -17.486290
   1.26041    -17.487389    -17.487389
   1.31647    -17.487383    -17.487382
   1.37253    -17.487380    -17.487380
   1.42858    -17.487367    -17.487367
   1.48464    -17.487330    -17.487329
   1.54070    -17.487254    -17.487254
   1.59676    -17.487134    -17.487133
   1.65282    -17.486971    -17.486970
   1.70888    -17.486776    -17.486775
   1.76493    -17.486573    -17.486572
   1.82099    -17.486386    -17.486385
   1.87705    -17.486241    -17.486240
   1.93311    -17.486192    -17.486191
   1.98917    -17.486183    -17.486183
   1.98917    -17.486183    -17.486183
   2.04692    -17.486188    -17.486188
   2.10468    -17.486207    -17.486207
   2.16243    -17.486235    -17.486235
   2.22019    -17.486255    -17.486254
   2.27794    -17.486249    -17.486249
   2.33570    -17.486214    -17.486214
   2.39346    -17.486155    -17.486154
   2.45121    -17.486087    -17.486086
   2.50897    -17.486037    -17.486037
   2.56672    -17.486034    -17.486034
   2.56672    -17.487404    -17.487404
   2.62357    -17.487543    -17.487543
   2.68041    -17.487623    -17.487622
   2.73726    -17.487614    -17.487614
   2.79410    -17.487501    -17.487501
   2.85095    -17.487302    -17.487301
   2.90779    -17.487042    -17.487042
   2.96464    -17.486761    -17.486760
   3.02148    -17.486499    -17.486499
   3.07833    -17.486293    -17.486292
   3.13517    -17.486195    -17.486195
   3.19202    -17.486183    -17.486183
   3.19202    -17.486183    -17.486183
   3.25026    -17.486226    -17.486225
   3.30850    -17.486350    -17.486349
   3.36675    -17.486539    -17.486538
   3.42499    -17.486767    -17.486767
   3.48324    -17.487008    -17.487008
   3.54148    -17.487235    -17.487235
   3.59973    -17.487425    -17.487425
   3.65797    -17.487556    -17.487556
   3.71621    -17.487615    -17.487615
   3.77446    -17.487604    -17.487604
 
# Band-Index   18
   3.77446    -17.487584    -17.487583
   3.71621    -17.487493    -17.487492
   3.65797    -17.487328    -17.487327
   3.59973    -17.487119    -17.487118
   3.54148    -17.486889    -17.486888
   3.48324    -17.486662    -17.486661
   3.42499    -17.486463    -17.486462
   3.36675    -17.486307    -17.486307
   3.30850    -17.486199    -17.486199
   3.25026    -17.486137    -17.486137
   3.19202    -17.486117    -17.486116
   3.19202    -17.486117    -17.486116
   3.13517    -17.486158    -17.486158
   3.07833    -17.486220    -17.486220
   3.02148    -17.486265    -17.486265
   2.96464    -17.486325    -17.486324
   2.90779    -17.486402    -17.486401
   2.85095    -17.486503    -17.486502
   2.79410    -17.486635    -17.486635
   2.73726    -17.486805    -17.486804
   2.68041    -17.486994    -17.486994
   2.62357    -17.487200    -17.487200
   2.56672    -17.487384    -17.487383
   2.56672    -17.486014    -17.486013
   2.50897    -17.486028    -17.486027
   2.45121    -17.486031    -17.486031
   2.39346    -17.486033    -17.486033
   2.33570    -17.486038    -17.486038
   2.27794    -17.486050    -17.486049
   2.22019    -17.486067    -17.486066
   2.16243    -17.486087    -17.486087
   2.10468    -17.486106    -17.486106
   2.04692    -17.486116    -17.486116
   1.98917    -17.486117    -17.486116
   1.98917    -17.486117    -17.486116
   1.93311    -17.486147    -17.486146
   1.87705    -17.486213    -17.486213
   1.82099    -17.486253    -17.486252
   1.76493    -17.486309    -17.486308
   1.70888    -17.486387    -17.486386
   1.65282    -17.486489    -17.486489
   1.59676    -17.486620    -17.486619
   1.54070    -17.486776    -17.486775
   1.48464    -17.486946    -17.486945
   1.42858    -17.487110    -17.487110
   1.37253    -17.487250    -17.487249
   1.31647    -17.487342    -17.487341
   1.26041    -17.487369    -17.487368
   1.26041    -17.486270    -17.486269
   1.19757    -17.486229    -17.486229
   1.13474    -17.486178    -17.486178
   1.07190    -17.486140    -17.486139
   1.00906    -17.486115    -17.486114
   0.94622    -17.486111    -17.486110
   0.88339    -17.486115    -17.486114
   0.82055    -17.486117    -17.486116
   0.82055    -17.486117    -17.486116
   0.75817    -17.486114    -17.486114
   0.69579    -17.486110    -17.486109
   0.63340    -17.486112    -17.486112
   0.57102    -17.486128    -17.486127
   0.50864    -17.486153    -17.486153
   0.44626    -17.486173    -17.486172
   0.44626    -17.487030    -17.487029
   0.38251    -17.486982    -17.486982
   0.31876    -17.486850    -17.486850
   0.25500    -17.486666    -17.486666
   0.19125    -17.486457    -17.486457
   0.12750    -17.486278    -17.486278
   0.06375    -17.486158    -17.486158
   0.00000    -17.486117    -17.486116
 
# Band-Index   19
   0.00000    -17.462088    -17.462088
   0.06375    -17.461929    -17.461929
   0.12750    -17.461469    -17.461468
   0.19125    -17.460762    -17.460762
   0.25500    -17.459921    -17.459920
   0.31876    -17.459091    -17.459091
   0.38251    -17.458480    -17.458479
   0.44626    -17.458253    -17.458253
   0.44626    -17.453020    -17.453019
   0.50864    -17.455697    -17.455697
   0.57102    -17.457971    -17.457971
   0.63340    -17.459771    -17.459771
   0.69579    -17.461062    -17.461061
   0.75817    -17.461832    -17.461832
   0.82055    -17.462088    -17.462088
   0.82055    -17.462088    -17.462088
   0.88339    -17.462062    -17.462061
   0.94622    -17.461961    -17.461961
   1.00906    -17.461725    -17.461725
   1.07190    -17.461286    -17.461286
   1.13474    -17.460568    -17.460567
   1.19757    -17.459554    -17.459554
   1.26041    -17.458254    -17.458254
   1.26041    -17.451165    -17.451164
   1.31647    -17.451487    -17.451486
   1.37253    -17.452292    -17.452292
   1.42858    -17.453327    -17.453326
   1.48464    -17.454467    -17.454467
   1.54070    -17.455665    -17.455664
   1.59676    -17.456890    -17.456889
   1.65282    -17.458103    -17.458102
   1.70888    -17.459244    -17.459244
   1.76493    -17.460250    -17.460249
   1.82099    -17.461059    -17.461058
   1.87705    -17.461636    -17.461636
   1.93311    -17.461976    -17.461976
   1.98917    -17.462088    -17.462088
   1.98917    -17.462088    -17.462088
   2.04692    -17.461983    -17.461983
   2.10468    -17.461659    -17.461659
   2.16243    -17.461092    -17.461092
   2.22019    -17.460256    -17.460256
   2.27794    -17.459143    -17.459142
   2.33570    -17.457765    -17.457764
   2.39346    -17.456154    -17.456153
   2.45121    -17.454376    -17.454375
   2.50897    -17.452621    -17.452621
   2.56672    -17.451675    -17.451674
   2.56672    -17.455871    -17.455871
   2.62357    -17.456376    -17.456376
   2.68041    -17.456951    -17.456951
   2.73726    -17.457629    -17.457628
   2.79410    -17.458394    -17.458393
   2.85095    -17.459215    -17.459215
   2.90779    -17.460027    -17.460027
   2.96464    -17.460758    -17.460758
   3.02148    -17.461348    -17.461348
   3.07833    -17.461765    -17.461765
   3.13517    -17.462008    -17.462008
   3.19202    -17.462088    -17.462088
   3.19202    -17.462088    -17.462088
   3.25026    -17.461918    -17.461917
   3.30850    -17.461413    -17.461412
   3.36675    -17.460591    -17.460590
   3.42499    -17.459496    -17.459495
   3.48324    -17.458202    -17.458202
   3.54148    -17.456800    -17.456800
   3.59973    -17.455373    -17.455373
   3.65797    -17.453976    -17.453975
   3.71621    -17.452621    -17.452621
   3.77446    -17.451292    -17.451292
 
# Band-Index   20
   3.77446    -17.451280    -17.451279
   3.71621    -17.449927    -17.449926
   3.65797    -17.448508    -17.448507
   3.59973    -17.447030    -17.447030
   3.54148    -17.446375    -17.446375
   3.48324    -17.446967    -17.446966
   3.42499    -17.447575    -17.447574
   3.36675    -17.448110    -17.448110
   3.30850    -17.448536    -17.448536
   3.25026    -17.448813    -17.448813
   3.19202    -17.448909    -17.448909
   3.19202    -17.448909    -17.448909
   3.13517    -17.449059    -17.449058
   3.07833    -17.449489    -17.449489
   3.02148    -17.450149    -17.450149
   2.96464    -17.450966    -17.450965
   2.90779    -17.451853    -17.451853
   2.85095    -17.452733    -17.452732
   2.79410    -17.453545    -17.453545
   2.73726    -17.454258    -17.454258
   2.68041    -17.454857    -17.454857
   2.62357    -17.455381    -17.455380
   2.56672    -17.455869    -17.455868
   2.56672    -17.451663    -17.451662
   2.50897    -17.451649    -17.451648
   2.45121    -17.451555    -17.451554
   2.39346    -17.451344    -17.451344
   2.33570    -17.451003    -17.451003
   2.27794    -17.450561    -17.450560
   2.22019    -17.450075    -17.450075
   2.16243    -17.449612    -17.449612
   2.10468    -17.449236    -17.449235
   2.04692    -17.448993    -17.448993
   1.98917    -17.448909    -17.448909
   1.98917    -17.448909    -17.448909
   1.93311    -17.448968    -17.448968
   1.87705    -17.449141    -17.449140
   1.82099    -17.449410    -17.449410
   1.76493    -17.449747    -17.449746
   1.70888    -17.450107    -17.450107
   1.65282    -17.450443    -17.450443
   1.59676    -17.450716    -17.450715
   1.54070    -17.450909    -17.450909
   1.48464    -17.451028    -17.451027
   1.42858    -17.451091    -17.451091
   1.37253    -17.451128    -17.451127
   1.31647    -17.451150    -17.451149
   1.26041    -17.451153    -17.451152
   1.26041    -17.458251    -17.458250
   1.19757    -17.456704    -17.456704
   1.13474    -17.454997    -17.454996
   1.07190    -17.453244    -17.453244
   1.00906    -17.451577    -17.451577
   0.94622    -17.450185    -17.450185
   0.88339    -17.449244    -17.449244
   0.82055    -17.448909    -17.448909
   0.82055    -17.448909    -17.448909
   0.75817    -17.448682    -17.448681
   0.69579    -17.448018    -17.448017
   0.63340    -17.446967    -17.446966
   0.57102    -17.446811    -17.446811
   0.50864    -17.450012    -17.450012
   0.44626    -17.453010    -17.453009
   0.44626    -17.448342    -17.448341
   0.38251    -17.448367    -17.448367
   0.31876    -17.448443    -17.448442
   0.25500    -17.448557    -17.448556
   0.19125    -17.448679    -17.448678
   0.12750    -17.448796    -17.448796
   0.06375    -17.448880    -17.448879
   0.00000    -17.448909    -17.448909
 
# Band-Index   21
   0.00000    -17.437725    -17.437724
   0.06375    -17.437677    -17.437677
   0.12750    -17.437554    -17.437554
   0.19125    -17.437404    -17.437404
   0.25500    -17.437282    -17.437281
   0.31876    -17.437206    -17.437206
   0.38251    -17.437182    -17.437181
   0.44626    -17.437180    -17.437180
   0.44626    -17.442222    -17.442222
   0.50864    -17.443988    -17.443987
   0.57102    -17.445598    -17.445597
   0.63340    -17.443586    -17.443586
   0.69579    -17.440640    -17.440639
   0.75817    -17.438500    -17.438500
   0.82055    -17.437725    -17.437724
   0.82055    -17.437725    -17.437724
   0.88339    -17.437567    -17.437567
   0.94622    -17.437117    -17.437117
   1.00906    -17.436426    -17.436426
   1.07190    -17.435574    -17.435573
   1.13474    -17.434621    -17.434620
   1.19757    -17.433663    -17.433663
   1.26041    -17.432797    -17.432797
   1.26041    -17.445745    -17.445744
   1.31647    -17.445656    -17.445656
   1.37253    -17.445416    -17.445416
   1.42858    -17.445020    -17.445019
   1.48464    -17.444471    -17.444470
   1.54070    -17.443769    -17.443768
   1.59676    -17.442917    -17.442916
   1.65282    -17.441930    -17.441929
   1.70888    -17.440854    -17.440854
   1.76493    -17.439788    -17.439787
   1.82099    -17.438866    -17.438866
   1.87705    -17.438205    -17.438204
   1.93311    -17.437837    -17.437837
   1.98917    -17.437725    -17.437724
   1.98917    -17.437725    -17.437724
   2.04692    -17.437933    -17.437933
   2.10468    -17.438577    -17.438576
   2.16243    -17.439638    -17.439637
   2.22019    -17.440986    -17.440985
   2.27794    -17.442449    -17.442448
   2.33570    -17.443880    -17.443879
   2.39346    -17.445163    -17.445162
   2.45121    -17.446199    -17.446198
   2.50897    -17.446888    -17.446887
   2.56672    -17.447145    -17.447145
   2.56672    -17.431352    -17.431351
   2.62357    -17.431794    -17.431794
   2.68041    -17.432647    -17.432647
   2.73726    -17.433581    -17.433581
   2.79410    -17.434455    -17.434455
   2.85095    -17.435246    -17.435246
   2.90779    -17.435945    -17.435944
   2.96464    -17.436546    -17.436546
   3.02148    -17.437040    -17.437039
   3.07833    -17.437411    -17.437411
   3.13517    -17.437644    -17.437644
   3.19202    -17.437725    -17.437724
   3.19202    -17.437725    -17.437724
   3.25026    -17.437986    -17.437986
   3.30850    -17.438782    -17.438782
   3.36675    -17.440072    -17.440071
   3.42499    -17.441694    -17.441693
   3.48324    -17.443445    -17.443444
   3.54148    -17.445103    -17.445102
   3.59973    -17.445356    -17.445355
   3.65797    -17.444592    -17.444592
   3.71621    -17.443701    -17.443701
   3.77446    -17.442721    -17.442721
 
# Band-Index   22
   3.77446    -17.442708    -17.442707
   3.71621    -17.441631    -17.441630
   3.65797    -17.440458    -17.440458
   3.59973    -17.439220    -17.439219
   3.54148    -17.437957    -17.437957
   3.48324    -17.436720    -17.436720
   3.42499    -17.435549    -17.435548
   3.36675    -17.434443    -17.434443
   3.30850    -17.433388    -17.433387
   3.25026    -17.432485    -17.432484
   3.19202    -17.432092    -17.432092
   3.19202    -17.432092    -17.432092
   3.13517    -17.432099    -17.432099
   3.07833    -17.432118    -17.432117
   3.02148    -17.432142    -17.432142
   2.96464    -17.432168    -17.432167
   2.90779    -17.432179    -17.432179
   2.85095    -17.432154    -17.432154
   2.79410    -17.432067    -17.432066
   2.73726    -17.431901    -17.431901
   2.68041    -17.431656    -17.431656
   2.62357    -17.431411    -17.431410
   2.56672    -17.431345    -17.431344
   2.56672    -17.447132    -17.447131
   2.50897    -17.446064    -17.446064
   2.45121    -17.443968    -17.443967
   2.39346    -17.441681    -17.441681
   2.33570    -17.439460    -17.439460
   2.27794    -17.437453    -17.437453
   2.22019    -17.435755    -17.435755
   2.16243    -17.434383    -17.434383
   2.10468    -17.433279    -17.433278
   2.04692    -17.432440    -17.432440
   1.98917    -17.432092    -17.432092
   1.98917    -17.432092    -17.432092
   1.93311    -17.432329    -17.432329
   1.87705    -17.432917    -17.432916
   1.82099    -17.433662    -17.433661
   1.76493    -17.434509    -17.434509
   1.70888    -17.435527    -17.435527
   1.65282    -17.436779    -17.436779
   1.59676    -17.438251    -17.438250
   1.54070    -17.439861    -17.439861
   1.48464    -17.441493    -17.441493
   1.42858    -17.443031    -17.443031
   1.37253    -17.444367    -17.444367
   1.31647    -17.445353    -17.445352
   1.26041    -17.445732    -17.445731
   1.26041    -17.432789    -17.432788
   1.19757    -17.432103    -17.432103
   1.13474    -17.431680    -17.431680
   1.07190    -17.431543    -17.431542
   1.00906    -17.431617    -17.431616
   0.94622    -17.431817    -17.431817
   0.88339    -17.432013    -17.432012
   0.82055    -17.432092    -17.432092
   0.82055    -17.432092    -17.432092
   0.75817    -17.433040    -17.433040
   0.69579    -17.434788    -17.434788
   0.63340    -17.436610    -17.436610
   0.57102    -17.438469    -17.438469
   0.50864    -17.440355    -17.440354
   0.44626    -17.442211    -17.442210
   0.44626    -17.432517    -17.432517
   0.38251    -17.432496    -17.432495
   0.31876    -17.432440    -17.432440
   0.25500    -17.432361    -17.432360
   0.19125    -17.432262    -17.432262
   0.12750    -17.432176    -17.432175
   0.06375    -17.432115    -17.432114
   0.00000    -17.432092    -17.432092
 
# Band-Index   23
   0.00000    -17.425222    -17.425222
   0.06375    -17.425342    -17.425341
   0.12750    -17.425693    -17.425693
   0.19125    -17.426248    -17.426247
   0.25500    -17.426933    -17.426932
   0.31876    -17.427603    -17.427602
   0.38251    -17.428100    -17.428100
   0.44626    -17.428285    -17.428285
   0.44626    -17.418271    -17.418271
   0.50864    -17.419407    -17.419407
   0.57102    -17.420580    -17.420579
   0.63340    -17.421760    -17.421759
   0.69579    -17.422976    -17.422976
   0.75817    -17.424346    -17.424345
   0.82055    -17.425222    -17.425221
   0.82055    -17.425222    -17.425221
   0.88339    -17.425273    -17.425273
   0.94622    -17.425414    -17.425413
   1.00906    -17.425610    -17.425609
   1.07190    -17.425818    -17.425817
   1.13474    -17.425969    -17.425968
   1.19757    -17.426022    -17.426021
   1.26041    -17.425917    -17.425917
   1.26041    -17.419646    -17.419646
   1.31647    -17.419731    -17.419731
   1.37253    -17.419972    -17.419971
   1.42858    -17.420316    -17.420316
   1.48464    -17.420725    -17.420725
   1.54070    -17.421208    -17.421208
   1.59676    -17.421814    -17.421814
   1.65282    -17.422516    -17.422516
   1.70888    -17.423184    -17.423183
   1.76493    -17.423721    -17.423721
   1.82099    -17.424156    -17.424155
   1.87705    -17.424596    -17.424595
   1.93311    -17.425027    -17.425026
   1.98917    -17.425222    -17.425222
   1.98917    -17.425222    -17.425222
   2.04692    -17.424881    -17.424880
   2.10468    -17.424146    -17.424145
   2.16243    -17.423382    -17.423381
   2.22019    -17.422575    -17.422575
   2.27794    -17.421604    -17.421604
   2.33570    -17.420477    -17.420476
   2.39346    -17.419303    -17.419302
   2.45121    -17.418247    -17.418247
   2.50897    -17.417501    -17.417501
   2.56672    -17.417236    -17.417235
   2.56672    -17.428871    -17.428870
   2.62357    -17.429148    -17.429148
   2.68041    -17.428880    -17.428879
   2.73726    -17.428385    -17.428384
   2.79410    -17.427782    -17.427782
   2.85095    -17.427149    -17.427149
   2.90779    -17.426544    -17.426544
   2.96464    -17.426024    -17.426024
   3.02148    -17.425634    -17.425633
   3.07833    -17.425385    -17.425385
   3.13517    -17.425259    -17.425259
   3.19202    -17.425222    -17.425221
   3.19202    -17.425222    -17.425221
   3.25026    -17.424916    -17.424915
   3.30850    -17.424273    -17.424273
   3.36675    -17.423603    -17.423603
   3.42499    -17.422917    -17.422916
   3.48324    -17.422164    -17.422163
   3.54148    -17.421350    -17.421349
   3.59973    -17.420537    -17.420536
   3.65797    -17.419815    -17.419815
   3.71621    -17.419274    -17.419273
   3.77446    -17.418939    -17.418939
 
# Band-Index   24
   3.77446    -17.418930    -17.418929
   3.71621    -17.418709    -17.418709
   3.65797    -17.418469    -17.418468
   3.59973    -17.418121    -17.418120
   3.54148    -17.417626    -17.417625
   3.48324    -17.417028    -17.417028
   3.42499    -17.417727    -17.417726
   3.36675    -17.419244    -17.419244
   3.30850    -17.420500    -17.420500
   3.25026    -17.421282    -17.421281
   3.19202    -17.421534    -17.421533
   3.19202    -17.421534    -17.421533
   3.13517    -17.421638    -17.421638
   3.07833    -17.421926    -17.421926
   3.02148    -17.422337    -17.422337
   2.96464    -17.422815    -17.422815
   2.90779    -17.423344    -17.423343
   2.85095    -17.423966    -17.423966
   2.79410    -17.424754    -17.424753
   2.73726    -17.425736    -17.425735
   2.68041    -17.426851    -17.426850
   2.62357    -17.427980    -17.427979
   2.56672    -17.428870    -17.428870
   2.56672    -17.417224    -17.417224
   2.50897    -17.417229    -17.417228
   2.45121    -17.417242    -17.417242
   2.39346    -17.417313    -17.417313
   2.33570    -17.417532    -17.417532
   2.27794    -17.418037    -17.418036
   2.22019    -17.418916    -17.418915
   2.16243    -17.420003    -17.420003
   2.10468    -17.420916    -17.420915
   2.04692    -17.421402    -17.421402
   1.98917    -17.421534    -17.421533
   1.98917    -17.421534    -17.421533
   1.93311    -17.421457    -17.421457
   1.87705    -17.421172    -17.421172
   1.82099    -17.420631    -17.420630
   1.76493    -17.419993    -17.419993
   1.70888    -17.419536    -17.419535
   1.65282    -17.419329    -17.419328
   1.59676    -17.419194    -17.419194
   1.54070    -17.419014    -17.419014
   1.48464    -17.418894    -17.418894
   1.42858    -17.418984    -17.418984
   1.37253    -17.419252    -17.419252
   1.31647    -17.419525    -17.419524
   1.26041    -17.419635    -17.419635
   1.26041    -17.425916    -17.425916
   1.19757    -17.425592    -17.425592
   1.13474    -17.425017    -17.425016
   1.07190    -17.424226    -17.424225
   1.00906    -17.423310    -17.423309
   0.94622    -17.422436    -17.422436
   0.88339    -17.421782    -17.421782
   0.82055    -17.421534    -17.421533
   0.82055    -17.421534    -17.421533
   0.75817    -17.420826    -17.420825
   0.69579    -17.418721    -17.418720
   0.63340    -17.415834    -17.415833
   0.57102    -17.416242    -17.416241
   0.50864    -17.417197    -17.417197
   0.44626    -17.418263    -17.418263
   0.44626    -17.420846    -17.420846
   0.38251    -17.420980    -17.420979
   0.31876    -17.421214    -17.421214
   0.25500    -17.421395    -17.421395
   0.19125    -17.421486    -17.421486
   0.12750    -17.421524    -17.421524
   0.06375    -17.421533    -17.421533
   0.00000    -17.421534    -17.421533
 
# Band-Index   25
   0.00000    -17.414349    -17.414348
   0.06375    -17.414538    -17.414538
   0.12750    -17.415079    -17.415079
   0.19125    -17.415889    -17.415889
   0.25500    -17.416852    -17.416852
   0.31876    -17.417799    -17.417799
   0.38251    -17.418569    -17.418568
   0.44626    -17.418896    -17.418896
   0.44626    -17.407671    -17.407670
   0.50864    -17.410028    -17.410027
   0.57102    -17.412822    -17.412821
   0.63340    -17.415446    -17.415445
   0.69579    -17.414846    -17.414845
   0.75817    -17.414474    -17.414474
   0.82055    -17.414349    -17.414348
   0.82055    -17.414349    -17.414348
   0.88339    -17.414176    -17.414175
   0.94622    -17.413730    -17.413730
   1.00906    -17.413152    -17.413152
   1.07190    -17.412549    -17.412549
   1.13474    -17.411966    -17.411966
   1.19757    -17.411437    -17.411437
   1.26041    -17.410977    -17.410977
   1.26041    -17.406687    -17.406686
   1.31647    -17.407147    -17.407146
   1.37253    -17.408215    -17.408214
   1.42858    -17.409496    -17.409495
   1.48464    -17.410777    -17.410776
   1.54070    -17.411960    -17.411960
   1.59676    -17.413027    -17.413026
   1.65282    -17.413947    -17.413947
   1.70888    -17.414600    -17.414600
   1.76493    -17.414854    -17.414854
   1.82099    -17.414774    -17.414773
   1.87705    -17.414571    -17.414570
   1.93311    -17.414407    -17.414407
   1.98917    -17.414349    -17.414348
   1.98917    -17.414349    -17.414348
   2.04692    -17.414305    -17.414305
   2.10468    -17.414167    -17.414166
   2.16243    -17.413891    -17.413891
   2.22019    -17.413372    -17.413372
   2.27794    -17.412478    -17.412478
   2.33570    -17.411228    -17.411228
   2.39346    -17.409836    -17.409836
   2.45121    -17.408547    -17.408546
   2.50897    -17.407583    -17.407583
   2.56672    -17.407207    -17.407207
   2.56672    -17.412312    -17.412312
   2.62357    -17.413542    -17.413541
   2.68041    -17.414611    -17.414611
   2.73726    -17.415397    -17.415396
   2.79410    -17.415804    -17.415804
   2.85095    -17.415835    -17.415834
   2.90779    -17.415579    -17.415579
   2.96464    -17.415194    -17.415193
   3.02148    -17.414822    -17.414821
   3.07833    -17.414548    -17.414547
   3.13517    -17.414395    -17.414395
   3.19202    -17.414349    -17.414348
   3.19202    -17.414349    -17.414348
   3.25026    -17.414487    -17.414486
   3.30850    -17.414885    -17.414885
   3.36675    -17.415487    -17.415487
   3.42499    -17.416182    -17.416181
   3.48324    -17.415964    -17.415964
   3.54148    -17.414381    -17.414380
   3.59973    -17.412836    -17.412836
   3.65797    -17.411391    -17.411391
   3.71621    -17.410039    -17.410038
   3.77446    -17.408751    -17.408751
 
# Band-Index   26
   3.77446    -17.408747    -17.408746
   3.71621    -17.407512    -17.407511
   3.65797    -17.406362    -17.406362
   3.59973    -17.406749    -17.406749
   3.54148    -17.407279    -17.407278
   3.48324    -17.407747    -17.407747
   3.42499    -17.408185    -17.408184
   3.36675    -17.408580    -17.408580
   3.30850    -17.408900    -17.408900
   3.25026    -17.409106    -17.409105
   3.19202    -17.409175    -17.409175
   3.19202    -17.409175    -17.409175
   3.13517    -17.409121    -17.409120
   3.07833    -17.408959    -17.408958
   3.02148    -17.408707    -17.408706
   2.96464    -17.408420    -17.408420
   2.90779    -17.408197    -17.408197
   2.85095    -17.408159    -17.408159
   2.79410    -17.408408    -17.408408
   2.73726    -17.408996    -17.408995
   2.68041    -17.409897    -17.409896
   2.62357    -17.411043    -17.411042
   2.56672    -17.412299    -17.412298
   2.56672    -17.407199    -17.407198
   2.50897    -17.407291    -17.407291
   2.45121    -17.407520    -17.407520
   2.39346    -17.407811    -17.407810
   2.33570    -17.408113    -17.408113
   2.27794    -17.408402    -17.408402
   2.22019    -17.408663    -17.408662
   2.16243    -17.408880    -17.408879
   2.10468    -17.409041    -17.409041
   2.04692    -17.409142    -17.409141
   1.98917    -17.409175    -17.409175
   1.98917    -17.409175    -17.409175
   1.93311    -17.409098    -17.409098
   1.87705    -17.408878    -17.408877
   1.82099    -17.408551    -17.408551
   1.76493    -17.408183    -17.408183
   1.70888    -17.407847    -17.407847
   1.65282    -17.407602    -17.407601
   1.59676    -17.407460    -17.407459
   1.54070    -17.407380    -17.407380
   1.48464    -17.407285    -17.407285
   1.42858    -17.407126    -17.407126
   1.37253    -17.406923    -17.406923
   1.31647    -17.406748    -17.406748
   1.26041    -17.406679    -17.406678
   1.26041    -17.410965    -17.410965
   1.19757    -17.410565    -17.410564
   1.13474    -17.410215    -17.410215
   1.07190    -17.409912    -17.409912
   1.00906    -17.409636    -17.409636
   0.94622    -17.409404    -17.409404
   0.88339    -17.409238    -17.409237
   0.82055    -17.409175    -17.409175
   0.82055    -17.409175    -17.409175
   0.75817    -17.408995    -17.408994
   0.69579    -17.408471    -17.408470
   0.63340    -17.407650    -17.407650
   0.57102    -17.406589    -17.406589
   0.50864    -17.405850    -17.405849
   0.44626    -17.407665    -17.407665
   0.44626    -17.408291    -17.408291
   0.38251    -17.408365    -17.408365
   0.31876    -17.408560    -17.408559
   0.25500    -17.408800    -17.408799
   0.19125    -17.408991    -17.408991
   0.12750    -17.409113    -17.409113
   0.06375    -17.409164    -17.409164
   0.00000    -17.409175    -17.409175
 
# Band-Index   27
   0.00000    -17.402378    -17.402377
   0.06375    -17.402358    -17.402357
   0.12750    -17.402306    -17.402305
   0.19125    -17.402234    -17.402234
   0.25500    -17.402163    -17.402163
   0.31876    -17.402094    -17.402093
   0.38251    -17.402048    -17.402048
   0.44626    -17.402033    -17.402033
   0.44626    -17.403916    -17.403915
   0.50864    -17.405334    -17.405334
   0.57102    -17.404519    -17.404518
   0.63340    -17.403559    -17.403559
   0.69579    -17.402899    -17.402898
   0.75817    -17.402508    -17.402507
   0.82055    -17.402378    -17.402377
   0.82055    -17.402378    -17.402377
   0.88339    -17.402228    -17.402228
   0.94622    -17.401825    -17.401825
   1.00906    -17.401266    -17.401265
   1.07190    -17.400660    -17.400659
   1.13474    -17.400075    -17.400074
   1.19757    -17.399573    -17.399573
   1.26041    -17.399181    -17.399181
   1.26041    -17.403079    -17.403079
   1.31647    -17.403041    -17.403040
   1.37253    -17.402953    -17.402953
   1.42858    -17.402860    -17.402859
   1.48464    -17.402782    -17.402782
   1.54070    -17.402715    -17.402715
   1.59676    -17.402644    -17.402643
   1.65282    -17.402559    -17.402558
   1.70888    -17.402466    -17.402466
   1.76493    -17.402388    -17.402388
   1.82099    -17.402346    -17.402345
   1.87705    -17.402345    -17.402344
   1.93311    -17.402365    -17.402365
   1.98917    -17.402378    -17.402377
   1.98917    -17.402378    -17.402377
   2.04692    -17.402351    -17.402350
   2.10468    -17.402283    -17.402283
   2.16243    -17.402210    -17.402209
   2.22019    -17.402166    -17.402165
   2.27794    -17.402181    -17.402180
   2.33570    -17.402273    -17.402273
   2.39346    -17.402441    -17.402441
   2.45121    -17.402659    -17.402659
   2.50897    -17.402867    -17.402866
   2.56672    -17.402958    -17.402958
   2.56672    -17.399255    -17.399254
   2.62357    -17.399736    -17.399735
   2.68041    -17.400177    -17.400177
   2.73726    -17.400562    -17.400562
   2.79410    -17.400881    -17.400880
   2.85095    -17.401160    -17.401160
   2.90779    -17.401425    -17.401425
   2.96464    -17.401689    -17.401689
   3.02148    -17.401946    -17.401945
   3.07833    -17.402167    -17.402167
   3.13517    -17.402321    -17.402321
   3.19202    -17.402378    -17.402377
   3.19202    -17.402378    -17.402377
   3.25026    -17.402415    -17.402415
   3.30850    -17.402540    -17.402540
   3.36675    -17.402779    -17.402779
   3.42499    -17.403161    -17.403161
   3.48324    -17.403707    -17.403707
   3.54148    -17.404427    -17.404427
   3.59973    -17.405313    -17.405312
   3.65797    -17.406087    -17.406087
   3.71621    -17.405288    -17.405288
   3.77446    -17.404337    -17.404336
 
# Band-Index   28
   3.77446    -17.404333    -17.404332
   3.71621    -17.403290    -17.403290
   3.65797    -17.402234    -17.402234
   3.59973    -17.401239    -17.401239
   3.54148    -17.400373    -17.400373
   3.48324    -17.399686    -17.399686
   3.42499    -17.399197    -17.399196
   3.36675    -17.398887    -17.398887
   3.30850    -17.398715    -17.398715
   3.25026    -17.398635    -17.398634
   3.19202    -17.398612    -17.398612
   3.19202    -17.398612    -17.398612
   3.13517    -17.398558    -17.398558
   3.07833    -17.398409    -17.398408
   3.02148    -17.398197    -17.398197
   2.96464    -17.397973    -17.397973
   2.90779    -17.397795    -17.397795
   2.85095    -17.397719    -17.397718
   2.79410    -17.397780    -17.397780
   2.73726    -17.397992    -17.397991
   2.68041    -17.398329    -17.398328
   2.62357    -17.398767    -17.398767
   2.56672    -17.399251    -17.399251
   2.56672    -17.402954    -17.402954
   2.50897    -17.402670    -17.402670
   2.45121    -17.402003    -17.402003
   2.39346    -17.401219    -17.401219
   2.33570    -17.400476    -17.400476
   2.27794    -17.399851    -17.399850
   2.22019    -17.399367    -17.399367
   2.16243    -17.399019    -17.399019
   2.10468    -17.398787    -17.398787
   2.04692    -17.398655    -17.398655
   1.98917    -17.398612    -17.398612
   1.98917    -17.398612    -17.398612
   1.93311    -17.398601    -17.398601
   1.87705    -17.398580    -17.398579
   1.82099    -17.398581    -17.398581
   1.76493    -17.398653    -17.398653
   1.70888    -17.398845    -17.398845
   1.65282    -17.399182    -17.399182
   1.59676    -17.399652    -17.399652
   1.54070    -17.400219    -17.400218
   1.48464    -17.400839    -17.400839
   1.42858    -17.401490    -17.401490
   1.37253    -17.402160    -17.402159
   1.31647    -17.402779    -17.402779
   1.26041    -17.403076    -17.403075
   1.26041    -17.399177    -17.399177
   1.19757    -17.398894    -17.398894
   1.13474    -17.398714    -17.398714
   1.07190    -17.398623    -17.398623
   1.00906    -17.398587    -17.398586
   0.94622    -17.398591    -17.398590
   0.88339    -17.398605    -17.398605
   0.82055    -17.398612    -17.398612
   0.82055    -17.398612    -17.398612
   0.75817    -17.398742    -17.398742
   0.69579    -17.399152    -17.399151
   0.63340    -17.399895    -17.399894
   0.57102    -17.401001    -17.401001
   0.50864    -17.402404    -17.402404
   0.44626    -17.403911    -17.403911
   0.44626    -17.397706    -17.397706
   0.38251    -17.397746    -17.397746
   0.31876    -17.397863    -17.397863
   0.25500    -17.398042    -17.398041
   0.19125    -17.398239    -17.398238
   0.12750    -17.398428    -17.398428
   0.06375    -17.398563    -17.398563
   0.00000    -17.398612    -17.398612
 
# Band-Index   29
   0.00000    -17.393721    -17.393720
   0.06375    -17.393735    -17.393735
   0.12750    -17.393775    -17.393775
   0.19125    -17.393833    -17.393833
   0.25500    -17.393902    -17.393901
   0.31876    -17.393951    -17.393951
   0.38251    -17.393987    -17.393986
   0.44626    -17.394001    -17.394000
   0.44626    -17.393231    -17.393230
   0.50864    -17.393421    -17.393420
   0.57102    -17.393549    -17.393549
   0.63340    -17.393633    -17.393632
   0.69579    -17.393683    -17.393683
   0.75817    -17.393711    -17.393710
   0.82055    -17.393721    -17.393720
   0.82055    -17.393721    -17.393720
   0.88339    -17.393690    -17.393689
   0.94622    -17.393595    -17.393594
   1.00906    -17.393432    -17.393431
   1.07190    -17.393205    -17.393204
   1.13474    -17.392912    -17.392912
   1.19757    -17.392585    -17.392584
   1.26041    -17.392258    -17.392258
   1.26041    -17.392964    -17.392963
   1.31647    -17.392969    -17.392969
   1.37253    -17.392992    -17.392991
   1.42858    -17.393032    -17.393032
   1.48464    -17.393094    -17.393094
   1.54070    -17.393182    -17.393181
   1.59676    -17.393299    -17.393298
   1.65282    -17.393436    -17.393435
   1.70888    -17.393569    -17.393569
   1.76493    -17.393672    -17.393672
   1.82099    -17.393727    -17.393727
   1.87705    -17.393737    -17.393737
   1.93311    -17.393727    -17.393726
   1.98917    -17.393721    -17.393720
   1.98917    -17.393721    -17.393720
   2.04692    -17.393702    -17.393702
   2.10468    -17.393647    -17.393646
   2.16243    -17.393557    -17.393556
   2.22019    -17.393436    -17.393435
   2.27794    -17.393293    -17.393292
   2.33570    -17.393143    -17.393143
   2.39346    -17.393003    -17.393002
   2.45121    -17.392887    -17.392886
   2.50897    -17.392811    -17.392810
   2.56672    -17.392789    -17.392788
   2.56672    -17.391716    -17.391716
   2.62357    -17.391928    -17.391927
   2.68041    -17.392231    -17.392230
   2.73726    -17.392599    -17.392598
   2.79410    -17.392978    -17.392977
   2.85095    -17.393319    -17.393319
   2.90779    -17.393573    -17.393573
   2.96464    -17.393719    -17.393718
   3.02148    -17.393768    -17.393768
   3.07833    -17.393760    -17.393759
   3.13517    -17.393733    -17.393732
   3.19202    -17.393721    -17.393720
   3.19202    -17.393721    -17.393720
   3.25026    -17.393724    -17.393724
   3.30850    -17.393731    -17.393731
   3.36675    -17.393730    -17.393729
   3.42499    -17.393699    -17.393699
   3.48324    -17.393626    -17.393625
   3.54148    -17.393503    -17.393503
   3.59973    -17.393336    -17.393335
   3.65797    -17.393141    -17.393140
   3.71621    -17.392939    -17.392938
   3.77446    -17.392752    -17.392751
 
# Band-Index   30
   3.77446    -17.392741    -17.392740
   3.71621    -17.392574    -17.392573
   3.65797    -17.392428    -17.392428
   3.59973    -17.392300    -17.392299
   3.54148    -17.392168    -17.392168
   3.48324    -17.392013    -17.392012
   3.42499    -17.391822    -17.391821
   3.36675    -17.391606    -17.391605
   3.30850    -17.391400    -17.391399
   3.25026    -17.391250    -17.391250
   3.19202    -17.391196    -17.391196
   3.19202    -17.391196    -17.391196
   3.13517    -17.391233    -17.391232
   3.07833    -17.391327    -17.391326
   3.02148    -17.391441    -17.391441
   2.96464    -17.391537    -17.391537
   2.90779    -17.391589    -17.391588
   2.85095    -17.391594    -17.391594
   2.79410    -17.391570    -17.391569
   2.73726    -17.391543    -17.391542
   2.68041    -17.391535    -17.391534
   2.62357    -17.391585    -17.391584
   2.56672    -17.391708    -17.391707
   2.56672    -17.392778    -17.392777
   2.50897    -17.392753    -17.392752
   2.45121    -17.392671    -17.392670
   2.39346    -17.392533    -17.392533
   2.33570    -17.392343    -17.392342
   2.27794    -17.392109    -17.392109
   2.22019    -17.391854    -17.391853
   2.16243    -17.391603    -17.391603
   2.10468    -17.391390    -17.391389
   2.04692    -17.391247    -17.391246
   1.98917    -17.391196    -17.391196
   1.98917    -17.391196    -17.391196
   1.93311    -17.391248    -17.391247
   1.87705    -17.391384    -17.391384
   1.82099    -17.391562    -17.391562
   1.76493    -17.391735    -17.391734
   1.70888    -17.391873    -17.391872
   1.65282    -17.391971    -17.391970
   1.59676    -17.392051    -17.392051
   1.54070    -17.392154    -17.392154
   1.48464    -17.392311    -17.392310
   1.42858    -17.392517    -17.392517
   1.37253    -17.392732    -17.392731
   1.31647    -17.392893    -17.392892
   1.26041    -17.392953    -17.392952
   1.26041    -17.392249    -17.392249
   1.19757    -17.391945    -17.391944
   1.13474    -17.391686    -17.391685
   1.07190    -17.391490    -17.391489
   1.00906    -17.391345    -17.391344
   0.94622    -17.391257    -17.391256
   0.88339    -17.391211    -17.391210
   0.82055    -17.391196    -17.391196
   0.82055    -17.391196    -17.391196
   0.75817    -17.391317    -17.391316
   0.69579    -17.391647    -17.391646
   0.63340    -17.392097    -17.392096
   0.57102    -17.392554    -17.392553
   0.50864    -17.392939    -17.392939
   0.44626    -17.393220    -17.393219
   0.44626    -17.391492    -17.391491
   0.38251    -17.391484    -17.391484
   0.31876    -17.391461    -17.391461
   0.25500    -17.391421    -17.391420
   0.19125    -17.391350    -17.391349
   0.12750    -17.391277    -17.391276
   0.06375    -17.391218    -17.391218
   0.00000    -17.391196    -17.391196
 
# Band-Index   31
   0.00000    -17.365918    -17.365917
   0.06375    -17.366141    -17.366140
   0.12750    -17.366675    -17.366674
   0.19125    -17.367294    -17.367294
   0.25500    -17.367852    -17.367851
   0.31876    -17.368255    -17.368255
   0.38251    -17.368494    -17.368494
   0.44626    -17.368573    -17.368572
   0.44626    -17.364841    -17.364841
   0.50864    -17.365242    -17.365242
   0.57102    -17.365539    -17.365539
   0.63340    -17.365735    -17.365735
   0.69579    -17.365848    -17.365848
   0.75817    -17.365902    -17.365902
   0.82055    -17.365918    -17.365917
   0.82055    -17.365918    -17.365917
   0.88339    -17.365855    -17.365855
   0.94622    -17.365671    -17.365671
   1.00906    -17.365375    -17.365375
   1.07190    -17.364989    -17.364988
   1.13474    -17.364517    -17.364517
   1.19757    -17.364000    -17.363999
   1.26041    -17.363469    -17.363469
   1.26041    -17.365900    -17.365900
   1.31647    -17.365964    -17.365964
   1.37253    -17.366130    -17.366130
   1.42858    -17.366323    -17.366323
   1.48464    -17.366475    -17.366475
   1.54070    -17.366549    -17.366549
   1.59676    -17.366549    -17.366548
   1.65282    -17.366499    -17.366498
   1.70888    -17.366425    -17.366425
   1.76493    -17.366338    -17.366338
   1.82099    -17.366230    -17.366230
   1.87705    -17.366097    -17.366097
   1.93311    -17.365972    -17.365971
   1.98917    -17.365918    -17.365917
   1.98917    -17.365918    -17.365917
   2.04692    -17.365882    -17.365881
   2.10468    -17.365771    -17.365770
   2.16243    -17.365583    -17.365583
   2.22019    -17.365319    -17.365318
   2.27794    -17.364988    -17.364988
   2.33570    -17.364615    -17.364614
   2.39346    -17.364227    -17.364227
   2.45121    -17.363870    -17.363869
   2.50897    -17.363606    -17.363605
   2.56672    -17.363513    -17.363512
   2.56672    -17.366672    -17.366672
   2.62357    -17.366999    -17.366998
   2.68041    -17.367143    -17.367143
   2.73726    -17.367137    -17.367136
   2.79410    -17.367034    -17.367034
   2.85095    -17.366906    -17.366905
   2.90779    -17.366772    -17.366772
   2.96464    -17.366618    -17.366617
   3.02148    -17.366421    -17.366421
   3.07833    -17.366195    -17.366194
   3.13517    -17.365998    -17.365998
   3.19202    -17.365918    -17.365917
   3.19202    -17.365918    -17.365917
   3.25026    -17.366023    -17.366023
   3.30850    -17.366279    -17.366279
   3.36675    -17.366575    -17.366574
   3.42499    -17.366833    -17.366833
   3.48324    -17.367025    -17.367025
   3.54148    -17.367145    -17.367145
   3.59973    -17.367183    -17.367183
   3.65797    -17.367118    -17.367118
   3.71621    -17.366932    -17.366932
   3.77446    -17.366622    -17.366622
 
# Band-Index   32
   3.77446    -17.366609    -17.366609
   3.71621    -17.366182    -17.366181
   3.65797    -17.365667    -17.365667
   3.59973    -17.365112    -17.365111
   3.54148    -17.364541    -17.364541
   3.48324    -17.363959    -17.363959
   3.42499    -17.363354    -17.363354
   3.36675    -17.362731    -17.362731
   3.30850    -17.362134    -17.362133
   3.25026    -17.361648    -17.361647
   3.19202    -17.361397    -17.361396
   3.19202    -17.361397    -17.361396
   3.13517    -17.361278    -17.361278
   3.07833    -17.361520    -17.361520
   3.02148    -17.361896    -17.361896
   2.96464    -17.362342    -17.362341
   2.90779    -17.362853    -17.362853
   2.85095    -17.363440    -17.363440
   2.79410    -17.364101    -17.364101
   2.73726    -17.364811    -17.364811
   2.68041    -17.365514    -17.365513
   2.62357    -17.366155    -17.366154
   2.56672    -17.366660    -17.366659
   2.56672    -17.363500    -17.363499
   2.50897    -17.363492    -17.363492
   2.45121    -17.363443    -17.363443
   2.39346    -17.363340    -17.363339
   2.33570    -17.363167    -17.363166
   2.27794    -17.362925    -17.362925
   2.22019    -17.362632    -17.362631
   2.16243    -17.362305    -17.362305
   2.10468    -17.361966    -17.361965
   2.04692    -17.361634    -17.361634
   1.98917    -17.361397    -17.361396
   1.98917    -17.361397    -17.361396
   1.93311    -17.361550    -17.361549
   1.87705    -17.361875    -17.361874
   1.82099    -17.362288    -17.362288
   1.76493    -17.362735    -17.362735
   1.70888    -17.363200    -17.363200
   1.65282    -17.363698    -17.363697
   1.59676    -17.364227    -17.364227
   1.54070    -17.364747    -17.364746
   1.48464    -17.365193    -17.365192
   1.42858    -17.365524    -17.365523
   1.37253    -17.365739    -17.365738
   1.31647    -17.365853    -17.365853
   1.26041    -17.365887    -17.365887
   1.26041    -17.363457    -17.363456
   1.19757    -17.362932    -17.362931
   1.13474    -17.362438    -17.362437
   1.07190    -17.362005    -17.362004
   1.00906    -17.361638    -17.361637
   0.94622    -17.361369    -17.361369
   0.88339    -17.361329    -17.361329
   0.82055    -17.361397    -17.361396
   0.82055    -17.361397    -17.361396
   0.75817    -17.361880    -17.361879
   0.69579    -17.362492    -17.362492
   0.63340    -17.363124    -17.363123
   0.57102    -17.363747    -17.363747
   0.50864    -17.364329    -17.364328
   0.44626    -17.364829    -17.364828
   0.44626    -17.363424    -17.363424
   0.38251    -17.363358    -17.363358
   0.31876    -17.363162    -17.363161
   0.25500    -17.362833    -17.362832
   0.19125    -17.362371    -17.362370
   0.12750    -17.361838    -17.361838
   0.06375    -17.361357    -17.361357
   0.00000    -17.361397    -17.361396
 
# Band-Index   33
   0.00000    -17.361149    -17.361148
   0.06375    -17.361210    -17.361209
   0.12750    -17.360777    -17.360777
   0.19125    -17.360307    -17.360306
   0.25500    -17.359929    -17.359928
   0.31876    -17.359671    -17.359671
   0.38251    -17.359541    -17.359540
   0.44626    -17.359504    -17.359504
   0.44626    -17.358127    -17.358126
   0.50864    -17.358567    -17.358567
   0.57102    -17.359065    -17.359064
   0.63340    -17.359593    -17.359593
   0.69579    -17.360137    -17.360136
   0.75817    -17.360688    -17.360687
   0.82055    -17.361149    -17.361148
   0.82055    -17.361149    -17.361148
   0.88339    -17.361204    -17.361204
   0.94622    -17.361135    -17.361134
   1.00906    -17.360830    -17.360829
   1.07190    -17.360442    -17.360442
   1.13474    -17.359984    -17.359983
   1.19757    -17.359498    -17.359497
   1.26041    -17.359015    -17.359015
   1.26041    -17.356929    -17.356928
   1.31647    -17.356980    -17.356980
   1.37253    -17.357153    -17.357152
   1.42858    -17.357441    -17.357441
   1.48464    -17.357830    -17.357829
   1.54070    -17.358276    -17.358275
   1.59676    -17.358725    -17.358724
   1.65282    -17.359131    -17.359131
   1.70888    -17.359494    -17.359494
   1.76493    -17.359858    -17.359858
   1.82099    -17.360253    -17.360253
   1.87705    -17.360654    -17.360654
   1.93311    -17.360988    -17.360988
   1.98917    -17.361149    -17.361148
   1.98917    -17.361149    -17.361148
   2.04692    -17.360915    -17.360914
   2.10468    -17.360599    -17.360598
   2.16243    -17.360304    -17.360304
   2.22019    -17.360058    -17.360058
   2.27794    -17.359882    -17.359882
   2.33570    -17.359786    -17.359785
   2.39346    -17.359756    -17.359756
   2.45121    -17.359769    -17.359769
   2.50897    -17.359797    -17.359797
   2.56672    -17.359819    -17.359819
   2.56672    -17.356968    -17.356968
   2.62357    -17.357354    -17.357353
   2.68041    -17.357825    -17.357825
   2.73726    -17.358341    -17.358340
   2.79410    -17.358841    -17.358841
   2.85095    -17.359304    -17.359304
   2.90779    -17.359731    -17.359731
   2.96464    -17.360148    -17.360148
   3.02148    -17.360570    -17.360570
   3.07833    -17.360971    -17.360970
   3.13517    -17.361250    -17.361250
   3.19202    -17.361149    -17.361148
   3.19202    -17.361149    -17.361148
   3.25026    -17.360917    -17.360916
   3.30850    -17.360479    -17.360479
   3.36675    -17.359944    -17.359944
   3.42499    -17.359385    -17.359384
   3.48324    -17.358837    -17.358837
   3.54148    -17.358304    -17.358304
   3.59973    -17.357773    -17.357773
   3.65797    -17.357249    -17.357248
   3.71621    -17.356766    -17.356766
   3.77446    -17.356378    -17.356378
 
# Band-Index   34
   3.77446    -17.356366    -17.356366
   3.71621    -17.356097    -17.356097
   3.65797    -17.355953    -17.355953
   3.59973    -17.355923    -17.355923
   3.54148    -17.355975    -17.355975
   3.48324    -17.356084    -17.356083
   3.42499    -17.356239    -17.356239
   3.36675    -17.356445    -17.356445
   3.30850    -17.356689    -17.356689
   3.25026    -17.356912    -17.356911
   3.19202    -17.357006    -17.357006
   3.19202    -17.357006    -17.357006
   3.13517    -17.356929    -17.356929
   3.07833    -17.356746    -17.356746
   3.02148    -17.356546    -17.356546
   2.96464    -17.356392    -17.356392
   2.90779    -17.356303    -17.356303
   2.85095    -17.356272    -17.356272
   2.79410    -17.356288    -17.356288
   2.73726    -17.356352    -17.356351
   2.68041    -17.356469    -17.356468
   2.62357    -17.356668    -17.356667
   2.56672    -17.356956    -17.356956
   2.56672    -17.359807    -17.359807
   2.50897    -17.359681    -17.359681
   2.45121    -17.359334    -17.359334
   2.39346    -17.358874    -17.358873
   2.33570    -17.358389    -17.358389
   2.27794    -17.357947    -17.357946
   2.22019    -17.357585    -17.357585
   2.16243    -17.357316    -17.357315
   2.10468    -17.357137    -17.357136
   2.04692    -17.357038    -17.357037
   1.98917    -17.357006    -17.357006
   1.98917    -17.357006    -17.357006
   1.93311    -17.356956    -17.356956
   1.87705    -17.356846    -17.356846
   1.82099    -17.356751    -17.356750
   1.76493    -17.356707    -17.356706
   1.70888    -17.356703    -17.356703
   1.65282    -17.356712    -17.356711
   1.59676    -17.356718    -17.356717
   1.54070    -17.356731    -17.356730
   1.48464    -17.356761    -17.356761
   1.42858    -17.356808    -17.356807
   1.37253    -17.356861    -17.356861
   1.31647    -17.356904    -17.356904
   1.26041    -17.356917    -17.356916
   1.26041    -17.359003    -17.359002
   1.19757    -17.358538    -17.358537
   1.13474    -17.358107    -17.358107
   1.07190    -17.357736    -17.357735
   1.00906    -17.357422    -17.357422
   0.94622    -17.357194    -17.357194
   0.88339    -17.357054    -17.357054
   0.82055    -17.357006    -17.357006
   0.82055    -17.357006    -17.357006
   0.75817    -17.357027    -17.357027
   0.69579    -17.357099    -17.357099
   0.63340    -17.357234    -17.357234
   0.57102    -17.357446    -17.357445
   0.50864    -17.357743    -17.357742
   0.44626    -17.358115    -17.358114
   0.44626    -17.354823    -17.354823
   0.38251    -17.354882    -17.354882
   0.31876    -17.355067    -17.355067
   0.25500    -17.355385    -17.355385
   0.19125    -17.355815    -17.355815
   0.12750    -17.356331    -17.356330
   0.06375    -17.356801    -17.356801
   0.00000    -17.357006    -17.357006
 
# Band-Index   35
   0.00000    -17.332030    -17.332030
   0.06375    -17.331865    -17.331865
   0.12750    -17.331404    -17.331404
   0.19125    -17.330743    -17.330743
   0.25500    -17.331291    -17.331290
   0.31876    -17.332318    -17.332317
   0.38251    -17.333036    -17.333036
   0.44626    -17.333295    -17.333295
   0.44626    -17.329995    -17.329995
   0.50864    -17.330496    -17.330496
   0.57102    -17.330980    -17.330980
   0.63340    -17.331408    -17.331407
   0.69579    -17.331743    -17.331743
   0.75817    -17.331957    -17.331956
   0.82055    -17.332030    -17.332030
   0.82055    -17.332030    -17.332030
   0.88339    -17.331977    -17.331976
   0.94622    -17.331819    -17.331819
   1.00906    -17.331569    -17.331569
   1.07190    -17.331248    -17.331247
   1.13474    -17.330863    -17.330863
   1.19757    -17.330449    -17.330449
   1.26041    -17.330029    -17.330029
   1.26041    -17.331159    -17.331159
   1.31647    -17.331206    -17.331205
   1.37253    -17.331341    -17.331341
   1.42858    -17.331515    -17.331515
   1.48464    -17.331663    -17.331662
   1.54070    -17.331710    -17.331710
   1.59676    -17.331595    -17.331595
   1.65282    -17.331280    -17.331280
   1.70888    -17.330770    -17.330770
   1.76493    -17.330434    -17.330433
   1.82099    -17.331020    -17.331019
   1.87705    -17.331543    -17.331543
   1.93311    -17.331902    -17.331902
   1.98917    -17.332030    -17.332030
   1.98917    -17.332030    -17.332030
   2.04692    -17.331977    -17.331977
   2.10468    -17.331822    -17.331822
   2.16243    -17.331576    -17.331576
   2.22019    -17.331256    -17.331255
   2.27794    -17.330887    -17.330886
   2.33570    -17.330504    -17.330504
   2.39346    -17.330147    -17.330146
   2.45121    -17.329853    -17.329853
   2.50897    -17.329662    -17.329661
   2.56672    -17.329602    -17.329602
   2.56672    -17.330373    -17.330373
   2.62357    -17.331214    -17.331214
   2.68041    -17.331944    -17.331944
   2.73726    -17.332418    -17.332418
   2.79410    -17.332523    -17.332523
   2.85095    -17.332234    -17.332234
   2.90779    -17.331595    -17.331594
   2.96464    -17.330722    -17.330722
   3.02148    -17.330782    -17.330781
   3.07833    -17.331432    -17.331431
   3.13517    -17.331873    -17.331873
   3.19202    -17.332030    -17.332030
   3.19202    -17.332030    -17.332030
   3.25026    -17.331923    -17.331923
   3.30850    -17.331630    -17.331630
   3.36675    -17.331224    -17.331224
   3.42499    -17.330806    -17.330805
   3.48324    -17.330710    -17.330710
   3.54148    -17.331238    -17.331237
   3.59973    -17.331575    -17.331574
   3.65797    -17.331669    -17.331669
   3.71621    -17.331535    -17.331534
   3.77446    -17.331241    -17.331240
 
# Band-Index   36
   3.77446    -17.331230    -17.331230
   3.71621    -17.330861    -17.330861
   3.65797    -17.330522    -17.330521
   3.59973    -17.330312    -17.330311
   3.54148    -17.330285    -17.330284
   3.48324    -17.330443    -17.330442
   3.42499    -17.330017    -17.330017
   3.36675    -17.329334    -17.329334
   3.30850    -17.328743    -17.328743
   3.25026    -17.328344    -17.328344
   3.19202    -17.328203    -17.328202
   3.19202    -17.328203    -17.328202
   3.13517    -17.328401    -17.328401
   3.07833    -17.328963    -17.328963
   3.02148    -17.329786    -17.329786
   2.96464    -17.330035    -17.330035
   2.90779    -17.329328    -17.329328
   2.85095    -17.328787    -17.328787
   2.79410    -17.328511    -17.328511
   2.73726    -17.328556    -17.328556
   2.68041    -17.328917    -17.328917
   2.62357    -17.329556    -17.329556
   2.56672    -17.330363    -17.330363
   2.56672    -17.329592    -17.329592
   2.50897    -17.329569    -17.329568
   2.45121    -17.329485    -17.329484
   2.39346    -17.329351    -17.329350
   2.33570    -17.329174    -17.329174
   2.27794    -17.328968    -17.328967
   2.22019    -17.328749    -17.328749
   2.16243    -17.328540    -17.328539
   2.10468    -17.328363    -17.328363
   2.04692    -17.328245    -17.328244
   1.98917    -17.328203    -17.328202
   1.98917    -17.328203    -17.328202
   1.93311    -17.328357    -17.328356
   1.87705    -17.328788    -17.328787
   1.82099    -17.329412    -17.329411
   1.76493    -17.330108    -17.330107
   1.70888    -17.329884    -17.329883
   1.65282    -17.329495    -17.329495
   1.59676    -17.329333    -17.329332
   1.54070    -17.329424    -17.329423
   1.48464    -17.329738    -17.329738
   1.42858    -17.330193    -17.330192
   1.37253    -17.330666    -17.330666
   1.31647    -17.331021    -17.331021
   1.26041    -17.331149    -17.331149
   1.26041    -17.330019    -17.330019
   1.19757    -17.329606    -17.329606
   1.13474    -17.329219    -17.329218
   1.07190    -17.328878    -17.328878
   1.00906    -17.328590    -17.328590
   0.94622    -17.328378    -17.328378
   0.88339    -17.328247    -17.328247
   0.82055    -17.328203    -17.328202
   0.82055    -17.328203    -17.328202
   0.75817    -17.328259    -17.328259
   0.69579    -17.328427    -17.328427
   0.63340    -17.328698    -17.328698
   0.57102    -17.329062    -17.329062
   0.50864    -17.329501    -17.329501
   0.44626    -17.329985    -17.329985
   0.44626    -17.328769    -17.328769
   0.38251    -17.328927    -17.328926
   0.31876    -17.329372    -17.329371
   0.25500    -17.330023    -17.330022
   0.19125    -17.330152    -17.330152
   0.12750    -17.329143    -17.329142
   0.06375    -17.328449    -17.328449
   0.00000    -17.328203    -17.328202
 
# Band-Index   37
   0.00000    -12.617142    -12.617142
   0.06375    -12.605569    -12.605569
   0.12750    -12.571675    -12.571675
   0.19125    -12.518240    -12.518240
   0.25500    -12.450699    -12.450699
   0.31876    -12.378727    -12.378727
   0.38251    -12.319034    -12.319034
   0.44626    -12.294755    -12.294755
   0.44626    -12.252298    -12.252298
   0.50864    -12.357698    -12.357698
   0.57102    -12.447861    -12.447861
   0.63340    -12.520476    -12.520476
   0.69579    -12.573724    -12.573724
   0.75817    -12.606225    -12.606225
   0.82055    -12.617142    -12.617142
   0.82055    -12.617142    -12.617142
   0.88339    -12.605551    -12.605551
   0.94622    -12.571075    -12.571076
   1.00906    -12.514720    -12.514720
   1.07190    -12.438211    -12.438211
   1.13474    -12.343992    -12.343993
   1.19757    -12.235403    -12.235403
   1.26041    -12.116880    -12.116880
   1.26041    -11.977673    -11.977673
   1.31647    -11.983909    -11.983909
   1.37253    -12.003544    -12.003544
   1.42858    -12.038506    -12.038506
   1.48464    -12.090184    -12.090184
   1.54070    -12.157376    -12.157376
   1.59676    -12.235619    -12.235618
   1.65282    -12.318475    -12.318475
   1.70888    -12.399323    -12.399323
   1.76493    -12.472482    -12.472483
   1.82099    -12.533547    -12.533547
   1.87705    -12.579310    -12.579310
   1.93311    -12.607589    -12.607589
   1.98917    -12.617142    -12.617142
   1.98917    -12.617142    -12.617142
   2.04692    -12.607535    -12.607535
   2.10468    -12.578968    -12.578968
   2.16243    -12.532315    -12.532315
   2.22019    -12.469146    -12.469146
   2.27794    -12.391857    -12.391858
   2.33570    -12.304126    -12.304126
   2.39346    -12.211779    -12.211780
   2.45121    -12.124452    -12.124452
   2.50897    -12.057800    -12.057800
   2.56672    -12.032014    -12.032014
   2.56672    -11.986526    -11.986526
   2.62357    -12.033809    -12.033809
   2.68041    -12.087863    -12.087862
   2.73726    -12.152539    -12.152539
   2.79410    -12.227771    -12.227771
   2.85095    -12.309301    -12.309301
   2.90779    -12.390754    -12.390754
   2.96464    -12.465814    -12.465815
   3.02148    -12.529276    -12.529276
   3.07833    -12.577246    -12.577246
   3.13517    -12.607049    -12.607049
   3.19202    -12.617142    -12.617142
   3.19202    -12.617142    -12.617142
   3.25026    -12.607543    -12.607544
   3.30850    -12.579254    -12.579254
   3.36675    -12.533906    -12.533906
   3.42499    -12.474322    -12.474322
   3.48324    -12.404567    -12.404567
   3.54148    -12.330006    -12.330005
   3.59973    -12.257012    -12.257012
   3.65797    -12.191921    -12.191921
   3.71621    -12.138900    -12.138899
   3.77446    -12.097498    -12.097498
 
# Band-Index   38
   3.77446    -12.097456    -12.097456
   3.71621    -12.062152    -12.062151
   3.65797    -12.025586    -12.025586
   3.59973    -11.982282    -11.982282
   3.54148    -11.929620    -11.929620
   3.48324    -11.867272    -11.867272
   3.42499    -11.796650    -11.796650
   3.36675    -11.720869    -11.720870
   3.30850    -11.645505    -11.645505
   3.25026    -11.581632    -11.581632
   3.19202    -11.553317    -11.553317
   3.19202    -11.553317    -11.553317
   3.13517    -11.557396    -11.557396
   3.07833    -11.570362    -11.570362
   3.02148    -11.593827    -11.593827
   2.96464    -11.628847    -11.628848
   2.90779    -11.674541    -11.674541
   2.85095    -11.727823    -11.727823
   2.79410    -11.784399    -11.784399
   2.73726    -11.840209    -11.840209
   2.68041    -11.892551    -11.892551
   2.62357    -11.940747    -11.940747
   2.56672    -11.986472    -11.986472
   2.56672    -12.031958    -12.031958
   2.50897    -12.025223    -12.025223
   2.45121    -12.005043    -12.005043
   2.39346    -11.971823    -11.971823
   2.33570    -11.926243    -11.926243
   2.27794    -11.869383    -11.869383
   2.22019    -11.802891    -11.802892
   2.16243    -11.729360    -11.729360
   2.10468    -11.653391    -11.653391
   2.04692    -11.585417    -11.585418
   1.98917    -11.553317    -11.553317
   1.98917    -11.553317    -11.553317
   1.93311    -11.572426    -11.572426
   1.87705    -11.617126    -11.617126
   1.82099    -11.670778    -11.670778
   1.76493    -11.725072    -11.725072
   1.70888    -11.776287    -11.776287
   1.65282    -11.822668    -11.822668
   1.59676    -11.863378    -11.863378
   1.54070    -11.898050    -11.898050
   1.48464    -11.926543    -11.926543
   1.42858    -11.948805    -11.948805
   1.37253    -11.964790    -11.964790
   1.31647    -11.974425    -11.974425
   1.26041    -11.977619    -11.977619
   1.26041    -12.116830    -12.116830
   1.19757    -11.994005    -11.994005
   1.13474    -11.873858    -11.873858
   1.07190    -11.764415    -11.764415
   1.00906    -11.673453    -11.673453
   0.94622    -11.606672    -11.606673
   0.88339    -11.566582    -11.566583
   0.82055    -11.553317    -11.553317
   0.82055    -11.553317    -11.553317
   0.75817    -11.619136    -11.619136
   0.69579    -11.741382    -11.741382
   0.63340    -11.874336    -11.874336
   0.57102    -12.007074    -12.007074
   0.50864    -12.134340    -12.134340
   0.44626    -12.252258    -12.252259
   0.44626    -11.643915    -11.643915
   0.38251    -11.618644    -11.618644
   0.31876    -11.591099    -11.591100
   0.25500    -11.581953    -11.581953
   0.19125    -11.571663    -11.571663
   0.12750    -11.562261    -11.562261
   0.06375    -11.555680    -11.555680
   0.00000    -11.553317    -11.553317
 
# Band-Index   39
   0.00000    -11.327086    -11.327086
   0.06375    -11.337210    -11.337209
   0.12750    -11.367611    -11.367611
   0.19125    -11.417638    -11.417638
   0.25500    -11.483843    -11.483843
   0.31876    -11.556904    -11.556904
   0.38251    -11.597361    -11.597361
   0.44626    -11.599582    -11.599582
   0.44626    -10.738019    -10.738019
   0.50864    -10.834109    -10.834109
   0.57102    -10.936866    -10.936866
   0.63340    -11.045377    -11.045377
   0.69579    -11.157740    -11.157739
   0.75817    -11.266145    -11.266144
   0.82055    -11.327086    -11.327086
   0.82055    -11.327086    -11.327086
   0.88339    -11.318270    -11.318270
   0.94622    -11.292046    -11.292046
   1.00906    -11.249104    -11.249103
   1.07190    -11.190671    -11.190671
   1.13474    -11.118642    -11.118642
   1.19757    -11.035788    -11.035788
   1.26041    -10.946082    -10.946081
   1.26041    -11.122330    -11.122330
   1.31647    -11.131788    -11.131788
   1.37253    -11.156797    -11.156796
   1.42858    -11.188257    -11.188257
   1.48464    -11.215627    -11.215627
   1.54070    -11.232000    -11.232000
   1.59676    -11.236596    -11.236596
   1.65282    -11.233878    -11.233878
   1.70888    -11.231154    -11.231154
   1.76493    -11.235939    -11.235939
   1.82099    -11.253001    -11.253000
   1.87705    -11.281434    -11.281434
   1.93311    -11.312292    -11.312292
   1.98917    -11.327086    -11.327086
   1.98917    -11.327086    -11.327086
   2.04692    -11.299016    -11.299016
   2.10468    -11.244256    -11.244256
   2.16243    -11.193510    -11.193509
   2.22019    -11.159742    -11.159742
   2.27794    -11.146451    -11.146450
   2.33570    -11.149827    -11.149826
   2.39346    -11.162278    -11.162277
   2.45121    -11.176419    -11.176419
   2.50897    -11.186925    -11.186925
   2.56672    -11.190785    -11.190785
   2.56672    -11.176420    -11.176420
   2.62357    -11.251736    -11.251736
   2.68041    -11.310988    -11.310988
   2.73726    -11.349148    -11.349148
   2.79410    -11.365745    -11.365745
   2.85095    -11.365476    -11.365476
   2.90779    -11.355851    -11.355850
   2.96464    -11.344098    -11.344098
   3.02148    -11.334905    -11.334904
   3.07833    -11.329693    -11.329692
   3.13517    -11.327575    -11.327575
   3.19202    -11.327086    -11.327086
   3.19202    -11.327086    -11.327086
   3.25026    -11.306608    -11.306608
   3.30850    -11.265321    -11.265321
   3.36675    -11.224444    -11.224444
   3.42499    -11.190337    -11.190337
   3.48324    -11.162320    -11.162320
   3.54148    -11.136293    -11.136293
   3.59973    -11.106306    -11.106306
   3.65797    -11.066061    -11.066061
   3.71621    -11.011005    -11.011005
   3.77446    -10.940385    -10.940386
 
# Band-Index   40
   3.77446    -10.940349    -10.940349
   3.71621    -10.857777    -10.857777
   3.65797    -10.770083    -10.770083
   3.59973    -10.685704    -10.685704
   3.54148    -10.616082    -10.616083
   3.48324    -10.583716    -10.583716
   3.42499    -10.570697    -10.570697
   3.36675    -10.562092    -10.562092
   3.30850    -10.555799    -10.555799
   3.25026    -10.551188    -10.551188
   3.19202    -10.549336    -10.549336
   3.19202    -10.549336    -10.549336
   3.13517    -10.549931    -10.549931
   3.07833    -10.551736    -10.551736
   3.02148    -10.558852    -10.558852
   2.96464    -10.595837    -10.595837
   2.90779    -10.660579    -10.660579
   2.85095    -10.738163    -10.738163
   2.79410    -10.823096    -10.823096
   2.73726    -10.911945    -10.911945
   2.68041    -11.002208    -11.002208
   2.62357    -11.091497    -11.091497
   2.56672    -11.176412    -11.176412
   2.56672    -11.190754    -11.190754
   2.50897    -11.160700    -11.160700
   2.45121    -11.081804    -11.081804
   2.39346    -10.975918    -10.975918
   2.33570    -10.861456    -10.861456
   2.27794    -10.751965    -10.751965
   2.22019    -10.659534    -10.659534
   2.16243    -10.599321    -10.599322
   2.10468    -10.570821    -10.570821
   2.04692    -10.555108    -10.555108
   1.98917    -10.549336    -10.549336
   1.98917    -10.549336    -10.549336
   1.93311    -10.549079    -10.549079
   1.87705    -10.548191    -10.548191
   1.82099    -10.548478    -10.548478
   1.76493    -10.600442    -10.600442
   1.70888    -10.675599    -10.675599
   1.65282    -10.755930    -10.755931
   1.59676    -10.836783    -10.836783
   1.54070    -10.913898    -10.913898
   1.48464    -10.983336    -10.983337
   1.42858    -11.041567    -11.041567
   1.37253    -11.085577    -11.085577
   1.31647    -11.113006    -11.113006
   1.26041    -11.122299    -11.122298
   1.26041    -10.946074    -10.946074
   1.19757    -10.855165    -10.855165
   1.13474    -10.770734    -10.770734
   1.07190    -10.700445    -10.700445
   1.00906    -10.644754    -10.644754
   0.94622    -10.598355    -10.598354
   0.88339    -10.563191    -10.563191
   0.82055    -10.549336    -10.549336
   0.82055    -10.549336    -10.549336
   0.75817    -10.546197    -10.546197
   0.69579    -10.537336    -10.537336
   0.63340    -10.524678    -10.524678
   0.57102    -10.571180    -10.571180
   0.50864    -10.649704    -10.649704
   0.44626    -10.737978    -10.737978
   0.44626    -10.613806    -10.613806
   0.38251    -10.611809    -10.611809
   0.31876    -10.605862    -10.605862
   0.25500    -10.596159    -10.596159
   0.19125    -10.583244    -10.583244
   0.12750    -10.568494    -10.568494
   0.06375    -10.555170    -10.555170
   0.00000    -10.549336    -10.549336
 
# Band-Index   41
   0.00000    -10.442825    -10.442825
   0.06375    -10.436641    -10.436641
   0.12750    -10.422780    -10.422780
   0.19125    -10.436152    -10.436153
   0.25500    -10.478117    -10.478117
   0.31876    -10.517830    -10.517830
   0.38251    -10.544043    -10.544044
   0.44626    -10.553068    -10.553069
   0.44626    -10.481335    -10.481335
   0.50864    -10.493983    -10.493982
   0.57102    -10.508660    -10.508660
   0.63340    -10.504003    -10.504004
   0.69579    -10.453696    -10.453696
   0.75817    -10.444766    -10.444765
   0.82055    -10.442825    -10.442825
   0.82055    -10.442825    -10.442825
   0.88339    -10.449037    -10.449036
   0.94622    -10.469779    -10.469779
   1.00906    -10.504454    -10.504454
   1.07190    -10.542354    -10.542354
   1.13474    -10.567418    -10.567418
   1.19757    -10.572882    -10.572882
   1.26041    -10.562251    -10.562252
   1.26041    -10.498174    -10.498175
   1.31647    -10.510892    -10.510892
   1.37253    -10.528646    -10.528646
   1.42858    -10.535092    -10.535092
   1.48464    -10.533674    -10.533674
   1.54070    -10.537097    -10.537097
   1.59676    -10.538681    -10.538681
   1.65282    -10.538739    -10.538739
   1.70888    -10.539204    -10.539204
   1.76493    -10.540995    -10.540995
   1.82099    -10.529775    -10.529775
   1.87705    -10.480769    -10.480770
   1.93311    -10.450980    -10.450980
   1.98917    -10.442825    -10.442825
   1.98917    -10.442825    -10.442825
   2.04692    -10.448127    -10.448127
   2.10468    -10.474577    -10.474577
   2.16243    -10.514048    -10.514048
   2.22019    -10.534315    -10.534316
   2.27794    -10.527127    -10.527127
   2.33570    -10.504179    -10.504179
   2.39346    -10.475113    -10.475113
   2.45121    -10.447624    -10.447624
   2.50897    -10.427866    -10.427866
   2.56672    -10.420611    -10.420611
   2.56672    -10.503232    -10.503233
   2.62357    -10.517358    -10.517359
   2.68041    -10.521337    -10.521338
   2.73726    -10.515437    -10.515437
   2.79410    -10.502862    -10.502863
   2.85095    -10.489511    -10.489511
   2.90779    -10.504296    -10.504296
   2.96464    -10.520093    -10.520092
   3.02148    -10.510812    -10.510812
   3.07833    -10.478218    -10.478218
   3.13517    -10.452323    -10.452323
   3.19202    -10.442825    -10.442825
   3.19202    -10.442825    -10.442825
   3.25026    -10.440558    -10.440558
   3.30850    -10.439004    -10.439004
   3.36675    -10.457500    -10.457500
   3.42499    -10.490929    -10.490930
   3.48324    -10.534647    -10.534647
   3.54148    -10.572953    -10.572953
   3.59973    -10.582501    -10.582501
   3.65797    -10.578051    -10.578051
   3.71621    -10.563728    -10.563728
   3.77446    -10.541953    -10.541953
 
# Band-Index   42
   3.77446    -10.541934    -10.541934
   3.71621    -10.515702    -10.515702
   3.65797    -10.488303    -10.488303
   3.59973    -10.463019    -10.463019
   3.54148    -10.442862    -10.442862
   3.48324    -10.430065    -10.430065
   3.42499    -10.424629    -10.424629
   3.36675    -10.424854    -10.424854
   3.30850    -10.424461    -10.424462
   3.25026    -10.414827    -10.414827
   3.19202    -10.410666    -10.410667
   3.19202    -10.410666    -10.410667
   3.13517    -10.418324    -10.418324
   3.07833    -10.436556    -10.436556
   3.02148    -10.456301    -10.456301
   2.96464    -10.470948    -10.470948
   2.90779    -10.480039    -10.480040
   2.85095    -10.477673    -10.477673
   2.79410    -10.451654    -10.451654
   2.73726    -10.443733    -10.443733
   2.68041    -10.458237    -10.458237
   2.62357    -10.481576    -10.481576
   2.56672    -10.503219    -10.503219
   2.56672    -10.420583    -10.420583
   2.50897    -10.420356    -10.420356
   2.45121    -10.419653    -10.419653
   2.39346    -10.418512    -10.418512
   2.33570    -10.417110    -10.417110
   2.27794    -10.415894    -10.415894
   2.22019    -10.415599    -10.415599
   2.16243    -10.416828    -10.416828
   2.10468    -10.418654    -10.418654
   2.04692    -10.415841    -10.415841
   1.98917    -10.410666    -10.410667
   1.98917    -10.410666    -10.410667
   1.93311    -10.417617    -10.417618
   1.87705    -10.428538    -10.428538
   1.82099    -10.435441    -10.435441
   1.76493    -10.439944    -10.439944
   1.70888    -10.447355    -10.447355
   1.65282    -10.463089    -10.463089
   1.59676    -10.485322    -10.485322
   1.54070    -10.507968    -10.507968
   1.48464    -10.524067    -10.524067
   1.42858    -10.521763    -10.521763
   1.37253    -10.511705    -10.511705
   1.31647    -10.502220    -10.502220
   1.26041    -10.498150    -10.498150
   1.26041    -10.562231    -10.562231
   1.19757    -10.541025    -10.541025
   1.13474    -10.513963    -10.513963
   1.07190    -10.484890    -10.484890
   1.00906    -10.457024    -10.457024
   0.94622    -10.433283    -10.433283
   0.88339    -10.416741    -10.416741
   0.82055    -10.410666    -10.410667
   0.82055    -10.410666    -10.410667
   0.75817    -10.421651    -10.421652
   0.69579    -10.449712    -10.449712
   0.63340    -10.456100    -10.456100
   0.57102    -10.463164    -10.463164
   0.50864    -10.471257    -10.471257
   0.44626    -10.481316    -10.481316
   0.44626    -10.390968    -10.390968
   0.38251    -10.391184    -10.391185
   0.31876    -10.391549    -10.391550
   0.25500    -10.396709    -10.396708
   0.19125    -10.408260    -10.408260
   0.12750    -10.415408    -10.415409
   0.06375    -10.411288    -10.411289
   0.00000    -10.410666    -10.410667
 
# Band-Index   43
   0.00000    -10.311253    -10.311254
   0.06375    -10.323882    -10.323882
   0.12750    -10.355622    -10.355623
   0.19125    -10.383407    -10.383408
   0.25500    -10.390791    -10.390791
   0.31876    -10.388947    -10.388947
   0.38251    -10.384615    -10.384614
   0.44626    -10.383235    -10.383234
   0.44626    -10.280679    -10.280680
   0.50864    -10.283649    -10.283650
   0.57102    -10.287890    -10.287890
   0.63340    -10.294200    -10.294201
   0.69579    -10.301875    -10.301876
   0.75817    -10.308549    -10.308550
   0.82055    -10.311253    -10.311254
   0.82055    -10.311253    -10.311254
   0.88339    -10.309196    -10.309197
   0.94622    -10.304330    -10.304331
   1.00906    -10.298784    -10.298784
   1.07190    -10.293761    -10.293762
   1.13474    -10.289608    -10.289608
   1.19757    -10.286234    -10.286235
   1.26041    -10.283396    -10.283397
   1.26041    -10.387730    -10.387732
   1.31647    -10.383185    -10.383186
   1.37253    -10.372192    -10.372193
   1.42858    -10.359026    -10.359026
   1.48464    -10.346463    -10.346463
   1.54070    -10.335532    -10.335532
   1.59676    -10.326158    -10.326159
   1.65282    -10.320631    -10.320632
   1.70888    -10.327635    -10.327636
   1.76493    -10.327230    -10.327231
   1.82099    -10.320410    -10.320411
   1.87705    -10.314183    -10.314183
   1.93311    -10.311551    -10.311551
   1.98917    -10.311253    -10.311254
   1.98917    -10.311253    -10.311254
   2.04692    -10.309366    -10.309366
   2.10468    -10.305293    -10.305293
   2.16243    -10.300682    -10.300683
   2.22019    -10.295806    -10.295807
   2.27794    -10.290978    -10.290978
   2.33570    -10.287068    -10.287069
   2.39346    -10.284877    -10.284878
   2.45121    -10.284225    -10.284226
   2.50897    -10.284215    -10.284217
   2.56672    -10.284265    -10.284266
   2.56672    -10.273616    -10.273617
   2.62357    -10.284045    -10.284045
   2.68041    -10.305633    -10.305633
   2.73726    -10.328095    -10.328095
   2.79410    -10.346433    -10.346434
   2.85095    -10.362349    -10.362350
   2.90779    -10.361341    -10.361342
   2.96464    -10.347359    -10.347360
   3.02148    -10.330585    -10.330586
   3.07833    -10.318207    -10.318208
   3.13517    -10.312459    -10.312460
   3.19202    -10.311253    -10.311254
   3.19202    -10.311253    -10.311254
   3.25026    -10.316499    -10.316500
   3.30850    -10.330613    -10.330614
   3.36675    -10.349553    -10.349554
   3.42499    -10.368128    -10.368128
   3.48324    -10.380257    -10.380257
   3.54148    -10.380878    -10.380879
   3.59973    -10.369870    -10.369870
   3.65797    -10.350860    -10.350861
   3.71621    -10.327649    -10.327649
   3.77446    -10.303510    -10.303511
 
# Band-Index   44
   3.77446    -10.303481    -10.303482
   3.71621    -10.281237    -10.281238
   3.65797    -10.263200    -10.263200
   3.59973    -10.250920    -10.250921
   3.54148    -10.244812    -10.244813
   3.48324    -10.244036    -10.244037
   3.42499    -10.246776    -10.246777
   3.36675    -10.250957    -10.250957
   3.30850    -10.254936    -10.254937
   3.25026    -10.257703    -10.257704
   3.19202    -10.258689    -10.258690
   3.19202    -10.258689    -10.258690
   3.13517    -10.261730    -10.261731
   3.07833    -10.270610    -10.270611
   3.02148    -10.283765    -10.283766
   2.96464    -10.298537    -10.298538
   2.90779    -10.313179    -10.313179
   2.85095    -10.326824    -10.326825
   2.79410    -10.335397    -10.335397
   2.73726    -10.320678    -10.320678
   2.68041    -10.295094    -10.295094
   2.62357    -10.277732    -10.277732
   2.56672    -10.273603    -10.273603
   2.56672    -10.284217    -10.284218
   2.50897    -10.283221    -10.283221
   2.45121    -10.281189    -10.281190
   2.39346    -10.279370    -10.279370
   2.33570    -10.277625    -10.277626
   2.27794    -10.275274    -10.275274
   2.22019    -10.271983    -10.271984
   2.16243    -10.267798    -10.267799
   2.10468    -10.263370    -10.263371
   2.04692    -10.259957    -10.259958
   1.98917    -10.258689    -10.258690
   1.98917    -10.258689    -10.258690
   1.93311    -10.261137    -10.261137
   1.87705    -10.268275    -10.268275
   1.82099    -10.279084    -10.279085
   1.76493    -10.291531    -10.291532
   1.70888    -10.303261    -10.303262
   1.65282    -10.309542    -10.309543
   1.59676    -10.296470    -10.296470
   1.54070    -10.284216    -10.284217
   1.48464    -10.284206    -10.284206
   1.42858    -10.300387    -10.300387
   1.37253    -10.331225    -10.331226
   1.31647    -10.367896    -10.367896
   1.26041    -10.387684    -10.387684
   1.26041    -10.283350    -10.283350
   1.19757    -10.280673    -10.280673
   1.13474    -10.277724    -10.277724
   1.07190    -10.274113    -10.274114
   1.00906    -10.269590    -10.269590
   0.94622    -10.264522    -10.264522
   0.88339    -10.260320    -10.260320
   0.82055    -10.258689    -10.258690
   0.82055    -10.258689    -10.258690
   0.75817    -10.259970    -10.259971
   0.69579    -10.263485    -10.263486
   0.63340    -10.268335    -10.268336
   0.57102    -10.273334    -10.273335
   0.50864    -10.277502    -10.277503
   0.44626    -10.280631    -10.280631
   0.44626    -10.186613    -10.186613
   0.38251    -10.190547    -10.190548
   0.31876    -10.201449    -10.201450
   0.25500    -10.216819    -10.216820
   0.19125    -10.233123    -10.233124
   0.12750    -10.246860    -10.246860
   0.06375    -10.255689    -10.255690
   0.00000    -10.258689    -10.258690
 
# Band-Index   45
   0.00000     -7.286941     -7.286940
   0.06375     -7.283174     -7.283173
   0.12750     -7.272245     -7.272245
   0.19125     -7.255358     -7.255357
   0.25500     -7.234806     -7.234806
   0.31876     -7.214244     -7.214243
   0.38251     -7.198599     -7.198598
   0.44626     -7.192684     -7.192683
   0.44626     -6.732670     -6.732670
   0.50864     -6.878889     -6.878889
   0.57102     -7.012403     -7.012402
   0.63340     -7.126100     -7.126099
   0.69579     -7.213260     -7.213260
   0.75817     -7.268174     -7.268174
   0.82055     -7.286941     -7.286940
   0.82055     -7.286941     -7.286940
   0.88339     -7.255508     -7.255507
   0.94622     -7.164713     -7.164712
   1.00906     -7.024098     -7.024097
   1.07190     -6.846971     -6.846970
   1.13474     -6.648081     -6.648080
   1.19757     -6.442059     -6.442059
   1.26041     -6.242795     -6.242794
   1.26041     -6.197557     -6.197556
   1.31647     -6.221625     -6.221624
   1.37253     -6.284057     -6.284056
   1.42858     -6.368869     -6.368868
   1.48464     -6.466739     -6.466739
   1.54070     -6.573921     -6.573920
   1.59676     -6.688465     -6.688464
   1.65282     -6.807766     -6.807765
   1.70888     -6.927404     -6.927403
   1.76493     -7.041027     -7.041027
   1.82099     -7.140994     -7.140994
   1.87705     -7.219474     -7.219474
   1.93311     -7.269663     -7.269662
   1.98917     -7.286941     -7.286940
   1.98917     -7.286941     -7.286940
   2.04692     -7.264700     -7.264700
   2.10468     -7.199289     -7.199289
   2.16243     -7.094562     -7.094561
   2.22019     -6.956680     -6.956679
   2.27794     -6.793963     -6.793962
   2.33570     -6.617050     -6.617049
   2.39346     -6.439686     -6.439685
   2.45121     -6.280296     -6.280296
   2.50897     -6.163959     -6.163958
   2.56672     -6.120043     -6.120041
   2.56672     -6.321094     -6.321093
   2.62357     -6.421365     -6.421364
   2.68041     -6.517741     -6.517741
   2.73726     -6.614816     -6.614815
   2.79410     -6.715467     -6.715466
   2.85095     -6.820654     -6.820653
   2.90779     -6.929057     -6.929056
   2.96464     -7.036340     -7.036339
   3.02148     -7.135002     -7.135001
   3.07833     -7.215510     -7.215510
   3.13517     -7.268451     -7.268451
   3.19202     -7.286941     -7.286940
   3.19202     -7.286941     -7.286940
   3.25026     -7.278293     -7.278293
   3.30850     -7.252529     -7.252529
   3.36675     -7.210363     -7.210363
   3.42499     -7.153456     -7.153455
   3.48324     -7.084805     -7.084805
   3.54148     -7.008776     -7.008776
   3.59973     -6.930550     -6.930550
   3.65797     -6.854983     -6.854982
   3.71621     -6.785143     -6.785142
   3.77446     -6.721212     -6.721211
 
# Band-Index   46
   3.77446     -6.721193     -6.721193
   3.71621     -6.660431     -6.660431
   3.65797     -6.598385     -6.598384
   3.59973     -6.530669     -6.530669
   3.54148     -6.454471     -6.454471
   3.48324     -6.369556     -6.369555
   3.42499     -6.278862     -6.278861
   3.36675     -6.188859     -6.188858
   3.30850     -6.109605     -6.109604
   3.25026     -6.053845     -6.053845
   3.19202     -6.033552     -6.033551
   3.19202     -6.033552     -6.033551
   3.13517     -6.026549     -6.026549
   3.07833     -6.007814     -6.007813
   3.02148     -5.983168     -5.983168
   2.96464     -5.959386     -5.959385
   2.90779     -5.941155     -5.941154
   2.85095     -5.928963     -5.928963
   2.79410     -5.918658     -5.918658
   2.73726     -5.966856     -5.966856
   2.68041     -6.093138     -6.093137
   2.62357     -6.212273     -6.212272
   2.56672     -6.321079     -6.321078
   2.56672     -6.120026     -6.120025
   2.50897     -6.122240     -6.122239
   2.45121     -6.126714     -6.126713
   2.39346     -6.128680     -6.128679
   2.33570     -6.123890     -6.123889
   2.27794     -6.110794     -6.110793
   2.22019     -6.091119     -6.091118
   2.16243     -6.069169     -6.069169
   2.10468     -6.050092     -6.050092
   2.04692     -6.037726     -6.037726
   1.98917     -6.033552     -6.033551
   1.98917     -6.033552     -6.033551
   1.93311     -6.036362     -6.036361
   1.87705     -6.045749     -6.045749
   1.82099     -6.063320     -6.063320
   1.76493     -6.089451     -6.089451
   1.70888     -6.122470     -6.122469
   1.65282     -6.158610     -6.158610
   1.59676     -6.192502     -6.192501
   1.54070     -6.218297     -6.218296
   1.48464     -6.231344     -6.231343
   1.42858     -6.230177     -6.230176
   1.37253     -6.218215     -6.218214
   1.31647     -6.203934     -6.203934
   1.26041     -6.197542     -6.197542
   1.26041     -6.242781     -6.242780
   1.19757     -6.063774     -6.063773
   1.13474     -5.919708     -5.919707
   1.07190     -5.825042     -5.825042
   1.00906     -5.895863     -5.895862
   0.94622     -5.965342     -5.965341
   0.88339     -6.015334     -6.015333
   0.82055     -6.033552     -6.033551
   0.82055     -6.033552     -6.033551
   0.75817     -6.068958     -6.068958
   0.69579     -6.161288     -6.161287
   0.63340     -6.286900     -6.286899
   0.57102     -6.429822     -6.429821
   0.50864     -6.580726     -6.580726
   0.44626     -6.732650     -6.732650
   0.44626     -6.343841     -6.343841
   0.38251     -6.327733     -6.327733
   0.31876     -6.283267     -6.283266
   0.25500     -6.220352     -6.220352
   0.19125     -6.151753     -6.151753
   0.12750     -6.090634     -6.090633
   0.06375     -6.048548     -6.048547
   0.00000     -6.033552     -6.033551
 
# Band-Index   47
   0.00000     -5.766581     -5.766580
   0.06375     -5.733486     -5.733486
   0.12750     -5.641276     -5.641275
   0.19125     -5.511562     -5.511561
   0.25500     -5.386557     -5.386556
   0.31876     -5.333360     -5.333359
   0.38251     -5.328417     -5.328415
   0.44626     -5.329081     -5.329079
   0.44626     -5.316267     -5.316266
   0.50864     -5.429180     -5.429179
   0.57102     -5.538345     -5.538344
   0.63340     -5.632959     -5.632958
   0.69579     -5.705551     -5.705550
   0.75817     -5.751078     -5.751077
   0.82055     -5.766581     -5.766580
   0.82055     -5.766581     -5.766580
   0.88339     -5.765747     -5.765746
   0.94622     -5.766634     -5.766633
   1.00906     -5.780110     -5.780109
   1.07190     -5.821832     -5.821832
   1.13474     -5.754185     -5.754184
   1.19757     -5.696173     -5.696172
   1.26041     -5.645123     -5.645123
   1.26041     -5.589349     -5.589348
   1.31647     -5.576304     -5.576303
   1.37253     -5.542323     -5.542322
   1.42858     -5.499501     -5.499500
   1.48464     -5.461697     -5.461696
   1.54070     -5.440798     -5.440797
   1.59676     -5.444072     -5.444071
   1.65282     -5.473476     -5.473475
   1.70888     -5.525563     -5.525562
   1.76493     -5.591513     -5.591512
   1.82099     -5.659103     -5.659103
   1.87705     -5.716198     -5.716198
   1.93311     -5.753650     -5.753649
   1.98917     -5.766581     -5.766580
   1.98917     -5.766581     -5.766580
   2.04692     -5.760376     -5.760375
   2.10468     -5.741357     -5.741356
   2.16243     -5.709482     -5.709481
   2.22019     -5.666792     -5.666791
   2.27794     -5.617641     -5.617640
   2.33570     -5.567990     -5.567989
   2.39346     -5.524387     -5.524386
   2.45121     -5.492406     -5.492405
   2.50897     -5.474431     -5.474430
   2.56672     -5.468975     -5.468974
   2.56672     -5.754895     -5.754895
   2.62357     -5.823272     -5.823272
   2.68041     -5.872680     -5.872680
   2.73726     -5.902670     -5.902670
   2.79410     -5.842029     -5.842028
   2.85095     -5.732974     -5.732973
   2.90779     -5.660804     -5.660803
   2.96464     -5.644508     -5.644507
   3.02148     -5.673680     -5.673680
   3.07833     -5.717964     -5.717963
   3.13517     -5.753370     -5.753369
   3.19202     -5.766581     -5.766580
   3.19202     -5.766581     -5.766580
   3.25026     -5.744673     -5.744672
   3.30850     -5.681529     -5.681528
   3.36675     -5.584850     -5.584849
   3.42499     -5.466757     -5.466756
   3.48324     -5.342433     -5.342432
   3.54148     -5.228158     -5.228157
   3.59973     -5.137649     -5.137648
   3.65797     -5.073654     -5.073653
   3.71621     -5.028539     -5.028538
   3.77446     -5.001640     -5.001639
 
# Band-Index   48
   3.77446     -5.001611     -5.001610
   3.71621     -4.998355     -4.998354
   3.65797     -5.020720     -5.020719
   3.59973     -5.059918     -5.059917
   3.54148     -5.098820     -5.098818
   3.48324     -5.130147     -5.130145
   3.42499     -5.156334     -5.156333
   3.36675     -5.180553     -5.180552
   3.30850     -5.203082     -5.203081
   3.25026     -5.220431     -5.220430
   3.19202     -5.227148     -5.227146
   3.19202     -5.227148     -5.227146
   3.13517     -5.234099     -5.234098
   3.07833     -5.255754     -5.255753
   3.02148     -5.291986     -5.291985
   2.96464     -5.336144     -5.336144
   2.90779     -5.374722     -5.374721
   2.85095     -5.407386     -5.407386
   2.79410     -5.450874     -5.450873
   2.73726     -5.512929     -5.512929
   2.68041     -5.589992     -5.589992
   2.62357     -5.673924     -5.673923
   2.56672     -5.754873     -5.754872
   2.56672     -5.468944     -5.468944
   2.50897     -5.453256     -5.453255
   2.45121     -5.414692     -5.414691
   2.39346     -5.367501     -5.367500
   2.33570     -5.322053     -5.322052
   2.27794     -5.284886     -5.284885
   2.22019     -5.258785     -5.258784
   2.16243     -5.242679     -5.242678
   2.10468     -5.233489     -5.233487
   2.04692     -5.228678     -5.228677
   1.98917     -5.227148     -5.227146
   1.98917     -5.227148     -5.227146
   1.93311     -5.226948     -5.226946
   1.87705     -5.226634     -5.226633
   1.82099     -5.227019     -5.227018
   1.76493     -5.229559     -5.229558
   1.70888     -5.236820     -5.236819
   1.65282     -5.252718     -5.252718
   1.59676     -5.281248     -5.281247
   1.54070     -5.324087     -5.324086
   1.48464     -5.379681     -5.379680
   1.42858     -5.444370     -5.444369
   1.37253     -5.511446     -5.511446
   1.31647     -5.566833     -5.566832
   1.26041     -5.589325     -5.589324
   1.26041     -5.645094     -5.645094
   1.19757     -5.595828     -5.595827
   1.13474     -5.540807     -5.540806
   1.07190     -5.470374     -5.470374
   1.00906     -5.385568     -5.385567
   0.94622     -5.304649     -5.304648
   0.88339     -5.247590     -5.247588
   0.82055     -5.227148     -5.227146
   0.82055     -5.227148     -5.227146
   0.75817     -5.205152     -5.205151
   0.69579     -5.159464     -5.159463
   0.63340     -5.129978     -5.129976
   0.57102     -5.147173     -5.147172
   0.50864     -5.215239     -5.215238
   0.44626     -5.316236     -5.316235
   0.44626     -5.091003     -5.091002
   0.38251     -5.115542     -5.115541
   0.31876     -5.182201     -5.182200
   0.25500     -5.241443     -5.241442
   0.19125     -5.247993     -5.247992
   0.12750     -5.239018     -5.239017
   0.06375     -5.230456     -5.230454
   0.00000     -5.227148     -5.227146
 
# Band-Index   49
   0.00000     -4.024667     -4.024667
   0.06375     -4.019484     -4.019484
   0.12750     -4.015403     -4.015404
   0.19125     -4.006412     -4.006413
   0.25500     -3.953566     -3.953566
   0.31876     -3.929623     -3.929623
   0.38251     -3.914579     -3.914579
   0.44626     -3.909725     -3.909725
   0.44626     -4.232045     -4.232046
   0.50864     -4.314000     -4.314000
   0.57102     -4.352263     -4.352263
   0.63340     -4.330981     -4.330982
   0.69579     -4.252237     -4.252238
   0.75817     -4.132775     -4.132775
   0.82055     -4.024667     -4.024668
   0.82055     -4.024667     -4.024668
   0.88339     -4.116603     -4.116603
   0.94622     -4.249934     -4.249935
   1.00906     -4.338474     -4.338475
   1.07190     -4.379752     -4.379753
   1.13474     -4.372529     -4.372530
   1.19757     -4.318994     -4.318994
   1.26041     -4.226941     -4.226942
   1.26041     -3.571608     -3.571608
   1.31647     -3.630243     -3.630243
   1.37253     -3.677927     -3.677926
   1.42858     -3.724740     -3.724740
   1.48464     -3.794151     -3.794151
   1.54070     -3.893462     -3.893462
   1.59676     -4.000667     -4.000667
   1.65282     -4.093198     -4.093198
   1.70888     -4.157236     -4.157236
   1.76493     -4.186557     -4.186557
   1.82099     -4.179850     -4.179850
   1.87705     -4.139023     -4.139024
   1.93311     -4.071471     -4.071471
   1.98917     -4.024667     -4.024667
   1.98917     -4.024667     -4.024667
   2.04692     -4.120812     -4.120812
   2.10468     -4.245480     -4.245481
   2.16243     -4.332735     -4.332735
   2.22019     -4.377054     -4.377055
   2.27794     -4.377523     -4.377524
   2.33570     -4.337242     -4.337243
   2.39346     -4.264620     -4.264621
   2.45121     -4.174470     -4.174472
   2.50897     -4.091784     -4.091785
   2.56672     -4.055675     -4.055677
   2.56672     -3.806387     -3.806387
   2.62357     -3.830685     -3.830684
   2.68041     -3.833602     -3.833602
   2.73726     -3.832051     -3.832051
   2.79410     -3.909969     -3.909969
   2.85095     -3.989475     -3.989475
   2.90779     -4.049797     -4.049797
   2.96464     -4.082672     -4.082672
   3.02148     -4.088539     -4.088540
   3.07833     -4.068113     -4.068114
   3.13517     -4.025288     -4.025288
   3.19202     -4.024667     -4.024667
   3.19202     -4.024667     -4.024667
   3.25026     -4.078484     -4.078484
   3.30850     -4.147708     -4.147709
   3.36675     -4.194189     -4.194190
   3.42499     -4.210456     -4.210456
   3.48324     -4.194858     -4.194859
   3.54148     -4.151532     -4.151532
   3.59973     -4.089949     -4.089949
   3.65797     -4.022868     -4.022867
   3.71621     -3.962768     -3.962768
   3.77446     -3.917586     -3.917586
 
# Band-Index   50
   3.77446     -3.917570     -3.917569
   3.71621     -3.889604     -3.889604
   3.65797     -3.876633     -3.876633
   3.59973     -3.872971     -3.872971
   3.54148     -3.874163     -3.874163
   3.48324     -3.883987     -3.883987
   3.42499     -3.909694     -3.909695
   3.36675     -3.938059     -3.938060
   3.30850     -3.956950     -3.956950
   3.25026     -3.965388     -3.965388
   3.19202     -3.961697     -3.961698
   3.19202     -3.961697     -3.961698
   3.13517     -4.020361     -4.020361
   3.07833     -4.021735     -4.021735
   3.02148     -4.002939     -4.002939
   2.96464     -3.959477     -3.959477
   2.90779     -3.887227     -3.887227
   2.85095     -3.796804     -3.796804
   2.79410     -3.776479     -3.776478
   2.73726     -3.811806     -3.811806
   2.68041     -3.783142     -3.783142
   2.62357     -3.779857     -3.779857
   2.56672     -3.806380     -3.806380
   2.56672     -4.055657     -4.055658
   2.50897     -4.040753     -4.040754
   2.45121     -3.998174     -3.998175
   2.39346     -3.933532     -3.933533
   2.33570     -3.854658     -3.854659
   2.27794     -3.858051     -3.858051
   2.22019     -3.921178     -3.921178
   2.16243     -3.961701     -3.961701
   2.10468     -3.984729     -3.984729
   2.04692     -3.994486     -3.994486
   1.98917     -3.961697     -3.961698
   1.98917     -3.961697     -3.961698
   1.93311     -3.979346     -3.979347
   1.87705     -3.962780     -3.962780
   1.82099     -3.932969     -3.932969
   1.76493     -3.899518     -3.899518
   1.70888     -3.870738     -3.870738
   1.65282     -3.841616     -3.841617
   1.59676     -3.796380     -3.796380
   1.54070     -3.730043     -3.730043
   1.48464     -3.661748     -3.661747
   1.42858     -3.611281     -3.611281
   1.37253     -3.579971     -3.579971
   1.31647     -3.572329     -3.572329
   1.26041     -3.571580     -3.571580
   1.26041     -4.226924     -4.226925
   1.19757     -4.109915     -4.109916
   1.13474     -3.993916     -3.993916
   1.07190     -3.984920     -3.984920
   1.00906     -4.051130     -4.051130
   0.94622     -4.068418     -4.068418
   0.88339     -4.044843     -4.044843
   0.82055     -3.961697     -3.961698
   0.82055     -3.961697     -3.961698
   0.75817     -3.959054     -3.959054
   0.69579     -3.957910     -3.957910
   0.63340     -3.977777     -3.977777
   0.57102     -4.037272     -4.037272
   0.50864     -4.130539     -4.130539
   0.44626     -4.232032     -4.232032
   0.44626     -3.771660     -3.771660
   0.38251     -3.772939     -3.772939
   0.31876     -3.842174     -3.842174
   0.25500     -3.950847     -3.950847
   0.19125     -3.980738     -3.980738
   0.12750     -4.004249     -4.004250
   0.06375     -3.991931     -3.991931
   0.00000     -3.961697     -3.961698
 
# Band-Index   51
   0.00000     -3.919225     -3.919226
   0.06375     -3.875902     -3.875902
   0.12750     -3.811347     -3.811348
   0.19125     -3.747241     -3.747241
   0.25500     -3.766140     -3.766140
   0.31876     -3.773286     -3.773286
   0.38251     -3.705186     -3.705187
   0.44626     -3.622581     -3.622581
   0.44626     -3.560327     -3.560328
   0.50864     -3.582115     -3.582115
   0.57102     -3.610588     -3.610588
   0.63340     -3.630799     -3.630799
   0.69579     -3.640622     -3.640623
   0.75817     -3.794255     -3.794256
   0.82055     -3.919225     -3.919226
   0.82055     -3.919225     -3.919226
   0.88339     -3.731347     -3.731348
   0.94622     -3.622758     -3.622759
   1.00906     -3.695279     -3.695279
   1.07190     -3.783820     -3.783820
   1.13474     -3.742083     -3.742083
   1.19757     -3.529574     -3.529575
   1.26041     -3.260824     -3.260824
   1.26041     -3.570473     -3.570473
   1.31647     -3.555059     -3.555059
   1.37253     -3.518461     -3.518461
   1.42858     -3.475597     -3.475597
   1.48464     -3.530839     -3.530839
   1.54070     -3.571043     -3.571043
   1.59676     -3.573975     -3.573974
   1.65282     -3.569328     -3.569328
   1.70888     -3.616206     -3.616206
   1.76493     -3.644420     -3.644421
   1.82099     -3.667819     -3.667819
   1.87705     -3.731504     -3.731504
   1.93311     -3.833619     -3.833619
   1.98917     -3.919225     -3.919226
   1.98917     -3.919225     -3.919226
   2.04692     -3.786477     -3.786478
   2.10468     -3.706634     -3.706634
   2.16243     -3.670784     -3.670784
   2.22019     -3.689818     -3.689819
   2.27794     -3.768002     -3.768003
   2.33570     -3.767312     -3.767312
   2.39346     -3.654973     -3.654973
   2.45121     -3.533689     -3.533689
   2.50897     -3.444879     -3.444878
   2.56672     -3.412418     -3.412418
   2.56672     -3.240373     -3.240373
   2.62357     -3.273330     -3.273330
   2.68041     -3.351148     -3.351148
   2.73726     -3.480896     -3.480896
   2.79410     -3.615154     -3.615155
   2.85095     -3.670736     -3.670737
   2.90779     -3.632826     -3.632826
   2.96464     -3.594997     -3.594997
   3.02148     -3.575220     -3.575221
   3.07833     -3.711405     -3.711405
   3.13517     -3.834760     -3.834760
   3.19202     -3.919225     -3.919226
   3.19202     -3.919225     -3.919226
   3.25026     -3.846274     -3.846274
   3.30850     -3.760724     -3.760725
   3.36675     -3.757029     -3.757030
   3.42499     -3.766787     -3.766787
   3.48324     -3.744795     -3.744796
   3.54148     -3.672731     -3.672732
   3.59973     -3.564501     -3.564502
   3.65797     -3.445822     -3.445823
   3.71621     -3.346254     -3.346255
   3.77446     -3.276335     -3.276335
 
# Band-Index   52
   3.77446     -3.276330     -3.276331
   3.71621     -3.261757     -3.261757
   3.65797     -3.310580     -3.310581
   3.59973     -3.351789     -3.351789
   3.54148     -3.388027     -3.388027
   3.48324     -3.431281     -3.431281
   3.42499     -3.493520     -3.493520
   3.36675     -3.581764     -3.581764
   3.30850     -3.661922     -3.661922
   3.25026     -3.656413     -3.656413
   3.19202     -3.638948     -3.638947
   3.19202     -3.638948     -3.638947
   3.13517     -3.625081     -3.625081
   3.07833     -3.591788     -3.591788
   3.02148     -3.571073     -3.571074
   2.96464     -3.465780     -3.465780
   2.90779     -3.408963     -3.408963
   2.85095     -3.354749     -3.354749
   2.79410     -3.307248     -3.307248
   2.73726     -3.267607     -3.267607
   2.68041     -3.229573     -3.229573
   2.62357     -3.199709     -3.199709
   2.56672     -3.240357     -3.240357
   2.56672     -3.412396     -3.412395
   2.50897     -3.384492     -3.384491
   2.45121     -3.403545     -3.403545
   2.39346     -3.455429     -3.455429
   2.33570     -3.503759     -3.503759
   2.27794     -3.555621     -3.555621
   2.22019     -3.603731     -3.603731
   2.16243     -3.599427     -3.599428
   2.10468     -3.560956     -3.560957
   2.04692     -3.607706     -3.607705
   1.98917     -3.638948     -3.638947
   1.98917     -3.638948     -3.638947
   1.93311     -3.628856     -3.628855
   1.87705     -3.607610     -3.607610
   1.82099     -3.599862     -3.599863
   1.76493     -3.585846     -3.585846
   1.70888     -3.571469     -3.571469
   1.65282     -3.560470     -3.560470
   1.59676     -3.493757     -3.493757
   1.54070     -3.446006     -3.446006
   1.48464     -3.441642     -3.441642
   1.42858     -3.440047     -3.440047
   1.37253     -3.419074     -3.419074
   1.31647     -3.498649     -3.498649
   1.26041     -3.570452     -3.570451
   1.26041     -3.260812     -3.260812
   1.19757     -3.017069     -3.017069
   1.13474     -2.997363     -2.997363
   1.07190     -3.087363     -3.087363
   1.00906     -3.272744     -3.272744
   0.94622     -3.503605     -3.503605
   0.88339     -3.605786     -3.605786
   0.82055     -3.638948     -3.638947
   0.82055     -3.638948     -3.638947
   0.75817     -3.638768     -3.638767
   0.69579     -3.637711     -3.637710
   0.63340     -3.584093     -3.584094
   0.57102     -3.565987     -3.565989
   0.50864     -3.555448     -3.555449
   0.44626     -3.560326     -3.560327
   0.44626     -3.600827     -3.600827
   0.38251     -3.600739     -3.600739
   0.31876     -3.633278     -3.633278
   0.25500     -3.684399     -3.684400
   0.19125     -3.745561     -3.745562
   0.12750     -3.715075     -3.715075
   0.06375     -3.671222     -3.671222
   0.00000     -3.638948     -3.638947
 
# Band-Index   53
   0.00000     -3.537720     -3.537721
   0.06375     -3.490997     -3.490998
   0.12750     -3.406217     -3.406217
   0.19125     -3.313380     -3.313380
   0.25500     -3.224298     -3.224299
   0.31876     -3.150090     -3.150091
   0.38251     -3.154293     -3.154293
   0.44626     -3.166086     -3.166086
   0.44626     -2.851601     -2.851602
   0.50864     -3.000521     -3.000521
   0.57102     -3.182659     -3.182659
   0.63340     -3.374031     -3.374031
   0.69579     -3.515134     -3.515135
   0.75817     -3.538540     -3.538541
   0.82055     -3.537720     -3.537721
   0.82055     -3.537720     -3.537721
   0.88339     -3.527661     -3.527661
   0.94622     -3.420282     -3.420282
   1.00906     -3.257941     -3.257941
   1.07190     -3.073578     -3.073578
   1.13474     -2.928071     -2.928071
   1.19757     -2.885696     -2.885696
   1.26041     -2.874772     -2.874772
   1.26041     -3.199571     -3.199571
   1.31647     -3.230217     -3.230218
   1.37253     -3.303279     -3.303280
   1.42858     -3.279266     -3.279266
   1.48464     -3.178055     -3.178055
   1.54070     -3.149658     -3.149658
   1.59676     -3.159489     -3.159490
   1.65282     -3.182574     -3.182575
   1.70888     -3.242869     -3.242870
   1.76493     -3.340089     -3.340089
   1.82099     -3.447285     -3.447285
   1.87705     -3.522139     -3.522139
   1.93311     -3.538069     -3.538070
   1.98917     -3.537720     -3.537721
   1.98917     -3.537720     -3.537721
   2.04692     -3.539213     -3.539214
   2.10468     -3.458760     -3.458760
   2.16243     -3.258096     -3.258096
   2.22019     -3.082709     -3.082709
   2.27794     -3.067814     -3.067814
   2.33570     -3.139299     -3.139299
   2.39346     -3.215265     -3.215265
   2.45121     -3.289639     -3.289639
   2.50897     -3.290490     -3.290490
   2.56672     -3.225718     -3.225718
   2.56672     -3.108121     -3.108121
   2.62357     -3.171078     -3.171078
   2.68041     -3.118843     -3.118843
   2.73726     -3.094984     -3.094984
   2.79410     -3.120881     -3.120881
   2.85095     -3.173118     -3.173119
   2.90779     -3.278444     -3.278445
   2.96464     -3.421653     -3.421653
   3.02148     -3.517717     -3.517716
   3.07833     -3.539754     -3.539754
   3.13517     -3.538780     -3.538780
   3.19202     -3.537720     -3.537721
   3.19202     -3.537720     -3.537721
   3.25026     -3.512806     -3.512806
   3.30850     -3.462011     -3.462011
   3.36675     -3.399131     -3.399132
   3.42499     -3.323671     -3.323672
   3.48324     -3.246466     -3.246466
   3.54148     -3.187711     -3.187711
   3.59973     -3.142450     -3.142451
   3.65797     -3.092563     -3.092563
   3.71621     -3.132895     -3.132896
   3.77446     -3.106544     -3.106545
 
# Band-Index   54
   3.77446     -3.106518     -3.106518
   3.71621     -3.050588     -3.050589
   3.65797     -3.056485     -3.056486
   3.59973     -2.977811     -2.977812
   3.54148     -2.987328     -2.987328
   3.48324     -3.020017     -3.020017
   3.42499     -3.027754     -3.027754
   3.36675     -3.011231     -3.011230
   3.30850     -2.984031     -2.984030
   3.25026     -2.960432     -2.960432
   3.19202     -2.951099     -2.951098
   3.19202     -2.951099     -2.951098
   3.13517     -2.979910     -2.979910
   3.07833     -3.029769     -3.029769
   3.02148     -3.069926     -3.069926
   2.96464     -3.088581     -3.088581
   2.90779     -3.079327     -3.079327
   2.85095     -3.032064     -3.032063
   2.79410     -2.960190     -2.960190
   2.73726     -2.963799     -2.963799
   2.68041     -3.062042     -3.062043
   2.62357     -3.074891     -3.074892
   2.56672     -3.108100     -3.108100
   2.56672     -3.225693     -3.225693
   2.50897     -3.182645     -3.182645
   2.45121     -3.083150     -3.083150
   2.39346     -2.965210     -2.965210
   2.33570     -2.883577     -2.883577
   2.27794     -2.898035     -2.898035
   2.22019     -2.932310     -2.932310
   2.16243     -2.933553     -2.933553
   2.10468     -2.965460     -2.965459
   2.04692     -2.962984     -2.962983
   1.98917     -2.951099     -2.951098
   1.98917     -2.951099     -2.951098
   1.93311     -2.972788     -2.972788
   1.87705     -3.005825     -3.005825
   1.82099     -3.021423     -3.021423
   1.76493     -3.014103     -3.014103
   1.70888     -2.984673     -2.984673
   1.65282     -2.925257     -2.925257
   1.59676     -2.895713     -2.895713
   1.54070     -2.988972     -2.988972
   1.48464     -3.091354     -3.091354
   1.42858     -3.161054     -3.161054
   1.37253     -3.196449     -3.196449
   1.31647     -3.201881     -3.201881
   1.26041     -3.199534     -3.199534
   1.26041     -2.874771     -2.874771
   1.19757     -2.848899     -2.848899
   1.13474     -2.862639     -2.862639
   1.07190     -2.983891     -2.983891
   1.00906     -3.013132     -3.013132
   0.94622     -3.003751     -3.003751
   0.88339     -2.973686     -2.973685
   0.82055     -2.951099     -2.951098
   0.82055     -2.951099     -2.951098
   0.75817     -2.957345     -2.957345
   0.69579     -2.965841     -2.965840
   0.63340     -2.954647     -2.954647
   0.57102     -2.907149     -2.907149
   0.50864     -2.825651     -2.825650
   0.44626     -2.851597     -2.851597
   0.44626     -3.085654     -3.085654
   0.38251     -3.101932     -3.101932
   0.31876     -3.123252     -3.123252
   0.25500     -3.081698     -3.081698
   0.19125     -3.037427     -3.037427
   0.12750     -2.996501     -2.996501
   0.06375     -2.964533     -2.964533
   0.00000     -2.951099     -2.951098
 
# Band-Index   55
   0.00000     -2.791771     -2.791772
   0.06375     -2.769996     -2.769996
   0.12750     -2.713354     -2.713354
   0.19125     -2.714050     -2.714049
   0.25500     -2.779604     -2.779604
   0.31876     -2.821807     -2.821807
   0.38251     -2.842857     -2.842857
   0.44626     -2.848497     -2.848497
   0.44626     -2.701101     -2.701100
   0.50864     -2.707052     -2.707053
   0.57102     -2.707109     -2.707109
   0.63340     -2.747959     -2.747958
   0.69579     -2.772998     -2.772997
   0.75817     -2.787053     -2.787053
   0.82055     -2.791771     -2.791772
   0.82055     -2.791771     -2.791772
   0.88339     -2.748446     -2.748446
   0.94622     -2.658134     -2.658134
   1.00906     -2.736188     -2.736187
   1.07190     -2.783860     -2.783860
   1.13474     -2.808061     -2.808060
   1.19757     -2.769838     -2.769838
   1.26041     -2.681253     -2.681253
   1.26041     -2.524897     -2.524898
   1.31647     -2.611491     -2.611491
   1.37253     -2.733591     -2.733591
   1.42858     -2.842275     -2.842275
   1.48464     -2.901661     -2.901661
   1.54070     -2.853520     -2.853520
   1.59676     -2.825088     -2.825088
   1.65282     -2.788628     -2.788628
   1.70888     -2.730062     -2.730062
   1.76493     -2.702404     -2.702404
   1.82099     -2.700814     -2.700814
   1.87705     -2.724662     -2.724662
   1.93311     -2.766353     -2.766353
   1.98917     -2.791771     -2.791772
   1.98917     -2.791771     -2.791772
   2.04692     -2.773081     -2.773081
   2.10468     -2.778304     -2.778304
   2.16243     -2.842888     -2.842887
   2.22019     -2.846561     -2.846561
   2.27794     -2.756795     -2.756795
   2.33570     -2.682928     -2.682927
   2.39346     -2.723811     -2.723811
   2.45121     -2.809309     -2.809309
   2.50897     -2.896282     -2.896282
   2.56672     -2.933176     -2.933177
   2.56672     -2.777520     -2.777520
   2.62357     -2.795643     -2.795643
   2.68041     -2.818166     -2.818166
   2.73726     -2.833207     -2.833207
   2.79410     -2.684720     -2.684720
   2.85095     -2.562506     -2.562506
   2.90779     -2.558460     -2.558460
   2.96464     -2.532555     -2.532555
   3.02148     -2.601543     -2.601543
   3.07833     -2.684781     -2.684780
   3.13517     -2.756494     -2.756494
   3.19202     -2.791771     -2.791772
   3.19202     -2.791771     -2.791772
   3.25026     -2.779765     -2.779765
   3.30850     -2.753902     -2.753902
   3.36675     -2.735241     -2.735240
   3.42499     -2.730234     -2.730233
   3.48324     -2.725834     -2.725833
   3.54148     -2.756826     -2.756826
   3.59973     -2.842960     -2.842960
   3.65797     -2.866486     -2.866485
   3.71621     -2.915452     -2.915451
   3.77446     -2.869358     -2.869358
 
# Band-Index   56
   3.77446     -2.869338     -2.869338
   3.71621     -2.785546     -2.785546
   3.65797     -2.703934     -2.703933
   3.59973     -2.667485     -2.667485
   3.54148     -2.685829     -2.685829
   3.48324     -2.618178     -2.618179
   3.42499     -2.546506     -2.546506
   3.36675     -2.539764     -2.539764
   3.30850     -2.526180     -2.526179
   3.25026     -2.472761     -2.472760
   3.19202     -2.411905     -2.411905
   3.19202     -2.411905     -2.411905
   3.13517     -2.415184     -2.415184
   3.07833     -2.436747     -2.436746
   3.02148     -2.485913     -2.485904
   2.96464     -2.514089     -2.514089
   2.90779     -2.488809     -2.488808
   2.85095     -2.548015     -2.548015
   2.79410     -2.620772     -2.620772
   2.73726     -2.677638     -2.677637
   2.68041     -2.722853     -2.722853
   2.62357     -2.755445     -2.755444
   2.56672     -2.777517     -2.777516
   2.56672     -2.933166     -2.933167
   2.50897     -2.848815     -2.848815
   2.45121     -2.689567     -2.689567
   2.39346     -2.533153     -2.533153
   2.33570     -2.569734     -2.569734
   2.27794     -2.514409     -2.514408
   2.22019     -2.457339     -2.457338
   2.16243     -2.476639     -2.476638
   2.10468     -2.515984     -2.515984
   2.04692     -2.484281     -2.484280
   1.98917     -2.411905     -2.411905
   1.98917     -2.411905     -2.411905
   1.93311     -2.412160     -2.412160
   1.87705     -2.415056     -2.415055
   1.82099     -2.422535     -2.422535
   1.76493     -2.438275     -2.438275
   1.70888     -2.477440     -2.477439
   1.65282     -2.548485     -2.548485
   1.59676     -2.648220     -2.648219
   1.54070     -2.663546     -2.663546
   1.48464     -2.608246     -2.608246
   1.42858     -2.574289     -2.574289
   1.37253     -2.550644     -2.550645
   1.31647     -2.532289     -2.532290
   1.26041     -2.524869     -2.524870
   1.26041     -2.681240     -2.681240
   1.19757     -2.691112     -2.691112
   1.13474     -2.649493     -2.649493
   1.07190     -2.518676     -2.518675
   1.00906     -2.559122     -2.559122
   0.94622     -2.653283     -2.653283
   0.88339     -2.533823     -2.533822
   0.82055     -2.411905     -2.411905
   0.82055     -2.411905     -2.411905
   0.75817     -2.404065     -2.404064
   0.69579     -2.389278     -2.389278
   0.63340     -2.479219     -2.479220
   0.57102     -2.592715     -2.592715
   0.50864     -2.657417     -2.657416
   0.44626     -2.701091     -2.701090
   0.44626     -2.429822     -2.429823
   0.38251     -2.346436     -2.346436
   0.31876     -2.434515     -2.434515
   0.25500     -2.536429     -2.536429
   0.19125     -2.632693     -2.632693
   0.12750     -2.625165     -2.625165
   0.06375     -2.514740     -2.514740
   0.00000     -2.411905     -2.411905
 
# Band-Index   57
   0.00000     -2.350988     -2.350988
   0.06375     -2.280721     -2.280721
   0.12750     -2.274637     -2.274637
   0.19125     -2.280843     -2.280842
   0.25500     -2.289973     -2.289973
   0.31876     -2.301194     -2.301195
   0.38251     -2.312435     -2.312436
   0.44626     -2.317507     -2.317508
   0.44626     -2.501565     -2.501565
   0.50864     -2.516972     -2.516972
   0.57102     -2.437636     -2.437636
   0.63340     -2.391583     -2.391583
   0.69579     -2.388829     -2.388829
   0.75817     -2.353247     -2.353247
   0.82055     -2.350988     -2.350988
   0.82055     -2.350988     -2.350988
   0.88339     -2.275362     -2.275362
   0.94622     -2.310794     -2.310794
   1.00906     -2.329609     -2.329609
   1.07190     -2.322572     -2.322572
   1.13474     -2.290713     -2.290713
   1.19757     -2.301381     -2.301381
   1.26041     -2.324447     -2.324447
   1.26041     -2.399122     -2.399121
   1.31647     -2.386394     -2.386394
   1.37253     -2.359385     -2.359385
   1.42858     -2.337473     -2.337473
   1.48464     -2.328257     -2.328257
   1.54070     -2.329574     -2.329574
   1.59676     -2.351738     -2.351739
   1.65282     -2.373628     -2.373628
   1.70888     -2.383981     -2.383981
   1.76493     -2.378559     -2.378559
   1.82099     -2.371478     -2.371478
   1.87705     -2.367216     -2.367216
   1.93311     -2.357248     -2.357248
   1.98917     -2.350988     -2.350988
   1.98917     -2.350988     -2.350988
   2.04692     -2.273445     -2.273445
   2.10468     -2.279629     -2.279629
   2.16243     -2.309948     -2.309948
   2.22019     -2.362504     -2.362504
   2.27794     -2.417215     -2.417216
   2.33570     -2.436715     -2.436715
   2.39346     -2.490998     -2.490999
   2.45121     -2.425661     -2.425661
   2.50897     -2.333049     -2.333048
   2.56672     -2.249486     -2.249485
   2.56672     -2.214481     -2.214481
   2.62357     -2.312859     -2.312859
   2.68041     -2.401471     -2.401471
   2.73726     -2.473371     -2.473371
   2.79410     -2.525560     -2.525560
   2.85095     -2.473882     -2.473882
   2.90779     -2.436114     -2.436114
   2.96464     -2.436029     -2.436028
   3.02148     -2.405150     -2.405150
   3.07833     -2.387625     -2.387625
   3.13517     -2.362271     -2.362271
   3.19202     -2.350988     -2.350988
   3.19202     -2.350988     -2.350988
   3.25026     -2.296729     -2.296729
   3.30850     -2.269033     -2.269032
   3.36675     -2.280488     -2.280488
   3.42499     -2.340584     -2.340584
   3.48324     -2.355898     -2.355897
   3.54148     -2.406205     -2.406204
   3.59973     -2.526822     -2.526822
   3.65797     -2.599580     -2.599580
   3.71621     -2.563480     -2.563479
   3.77446     -2.491787     -2.491787
 
# Band-Index   58
   3.77446     -2.491771     -2.491771
   3.71621     -2.404578     -2.404578
   3.65797     -2.314555     -2.314555
   3.59973     -2.239729     -2.239729
   3.54148     -2.223936     -2.223935
   3.48324     -2.238998     -2.238998
   3.42499     -2.239595     -2.239595
   3.36675     -2.244520     -2.244520
   3.30850     -2.208278     -2.208278
   3.25026     -2.223634     -2.223634
   3.19202     -2.241812     -2.241812
   3.19202     -2.241812     -2.241812
   3.13517     -2.240624     -2.240624
   3.07833     -2.211968     -2.211968
   3.02148     -2.153742     -2.153742
   2.96464     -2.099620     -2.099620
   2.90779     -2.165704     -2.165704
   2.85095     -2.217660     -2.217660
   2.79410     -2.140135     -2.140134
   2.73726     -2.055534     -2.055534
   2.68041     -2.055508     -2.055508
   2.62357     -2.122007     -2.122007
   2.56672     -2.214477     -2.214477
   2.56672     -2.249477     -2.249477
   2.50897     -2.271843     -2.271843
   2.45121     -2.287231     -2.287231
   2.39346     -2.318018     -2.318018
   2.33570     -2.270760     -2.270760
   2.27794     -2.233005     -2.233005
   2.22019     -2.254715     -2.254715
   2.16243     -2.229631     -2.229630
   2.10468     -2.198306     -2.198306
   2.04692     -2.246075     -2.246075
   1.98917     -2.241812     -2.241812
   1.98917     -2.241812     -2.241812
   1.93311     -2.242183     -2.242183
   1.87705     -2.242975     -2.242975
   1.82099     -2.253375     -2.253375
   1.76493     -2.271482     -2.271482
   1.70888     -2.277964     -2.277963
   1.65282     -2.275905     -2.275905
   1.59676     -2.284759     -2.284759
   1.54070     -2.293785     -2.293785
   1.48464     -2.242135     -2.242135
   1.42858     -2.169034     -2.169034
   1.37253     -2.209001     -2.209001
   1.31647     -2.315310     -2.315309
   1.26041     -2.399107     -2.399107
   1.26041     -2.324436     -2.324436
   1.19757     -2.274049     -2.274049
   1.13474     -2.282395     -2.282395
   1.07190     -2.293256     -2.293256
   1.00906     -2.200241     -2.200241
   0.94622     -2.093258     -2.093259
   0.88339     -2.204372     -2.204372
   0.82055     -2.241812     -2.241812
   0.82055     -2.241812     -2.241812
   0.75817     -2.230875     -2.230875
   0.69579     -2.199355     -2.199355
   0.63340     -2.240995     -2.240995
   0.57102     -2.325031     -2.325031
   0.50864     -2.414915     -2.414915
   0.44626     -2.501556     -2.501556
   0.44626     -2.288034     -2.288034
   0.38251     -2.301794     -2.301796
   0.31876     -2.163946     -2.163946
   0.25500     -2.137961     -2.137961
   0.19125     -2.116358     -2.116358
   0.12750     -2.113181     -2.113181
   0.06375     -2.196663     -2.196663
   0.00000     -2.241812     -2.241812
 
# Band-Index   59
   0.00000     -2.110730     -2.110731
   0.06375     -2.104688     -2.104688
   0.12750     -2.042223     -2.042223
   0.19125     -2.016251     -2.016251
   0.25500     -2.041448     -2.041448
   0.31876     -2.089856     -2.089856
   0.38251     -2.182490     -2.182489
   0.44626     -2.188759     -2.188759
   0.44626     -1.878853     -1.878852
   0.50864     -1.995387     -1.995387
   0.57102     -2.085909     -2.085909
   0.63340     -2.150273     -2.150273
   0.69579     -2.179740     -2.179740
   0.75817     -2.134050     -2.134050
   0.82055     -2.110730     -2.110731
   0.82055     -2.110730     -2.110731
   0.88339     -2.077437     -2.077437
   0.94622     -2.046342     -2.046342
   1.00906     -2.039619     -2.039619
   1.07190     -2.100171     -2.100171
   1.13474     -2.186143     -2.186144
   1.19757     -2.232966     -2.232967
   1.26041     -2.153632     -2.153633
   1.26041     -1.979994     -1.979995
   1.31647     -1.986537     -1.986537
   1.37253     -2.017057     -2.017057
   1.42858     -2.056259     -2.056259
   1.48464     -2.030133     -2.030134
   1.54070     -2.008360     -2.008360
   1.59676     -1.968775     -1.968776
   1.65282     -1.935569     -1.935569
   1.70888     -1.950882     -1.950882
   1.76493     -1.993442     -1.993442
   1.82099     -2.037544     -2.037544
   1.87705     -2.066036     -2.066036
   1.93311     -2.096542     -2.096542
   1.98917     -2.110730     -2.110731
   1.98917     -2.110730     -2.110731
   2.04692     -2.100723     -2.100723
   2.10468     -2.079121     -2.079121
   2.16243     -2.077086     -2.077086
   2.22019     -2.099686     -2.099686
   2.27794     -2.137999     -2.137999
   2.33570     -2.168986     -2.168987
   2.39346     -2.181612     -2.181612
   2.45121     -2.183101     -2.183101
   2.50897     -2.200000     -2.200000
   2.56672     -2.235960     -2.235960
   2.56672     -1.828479     -1.828479
   2.62357     -1.861775     -1.861775
   2.68041     -1.911761     -1.911761
   2.73726     -1.950815     -1.950815
   2.79410     -1.953313     -1.953314
   2.85095     -1.945715     -1.945715
   2.90779     -1.992082     -1.992083
   2.96464     -2.077560     -2.077561
   3.02148     -2.062044     -2.062044
   3.07833     -2.032372     -2.032372
   3.13517     -2.085228     -2.085228
   3.19202     -2.110730     -2.110731
   3.19202     -2.110730     -2.110731
   3.25026     -2.116989     -2.116989
   3.30850     -2.113336     -2.113336
   3.36675     -2.094881     -2.094881
   3.42499     -2.093955     -2.093955
   3.48324     -2.087545     -2.087545
   3.54148     -2.066440     -2.066440
   3.59973     -2.044141     -2.044142
   3.65797     -2.010708     -2.010709
   3.71621     -1.953470     -1.953471
   3.77446     -1.883635     -1.883636
 
# Band-Index   60
   3.77446     -1.883587     -1.883587
   3.71621     -1.898067     -1.898068
   3.65797     -1.918921     -1.918925
   3.59973     -1.923703     -1.923709
   3.54148     -1.878334     -1.878334
   3.48324     -1.853807     -1.853807
   3.42499     -1.883855     -1.883855
   3.36675     -1.938701     -1.938701
   3.30850     -1.992621     -1.992621
   3.25026     -2.007375     -2.007375
   3.19202     -2.003465     -2.003465
   3.19202     -2.003465     -2.003465
   3.13517     -2.011253     -2.011253
   3.07833     -2.032283     -2.032283
   3.02148     -1.972594     -1.972594
   2.96464     -1.907758     -1.907758
   2.90779     -1.884959     -1.884960
   2.85095     -1.905199     -1.905199
   2.79410     -1.829383     -1.829384
   2.73726     -1.787087     -1.787087
   2.68041     -1.786930     -1.786930
   2.62357     -1.805008     -1.805008
   2.56672     -1.828470     -1.828470
   2.56672     -2.235941     -2.235941
   2.50897     -2.181953     -2.181952
   2.45121     -2.143360     -2.143359
   2.39346     -2.072106     -2.072105
   2.33570     -1.951698     -1.951698
   2.27794     -1.901714     -1.901713
   2.22019     -1.930351     -1.930350
   2.16243     -1.990652     -1.990651
   2.10468     -2.039095     -2.039095
   2.04692     -2.019491     -2.019491
   1.98917     -2.003465     -2.003465
   1.98917     -2.003465     -2.003465
   1.93311     -2.012752     -2.012752
   1.87705     -2.029824     -2.029824
   1.82099     -2.020816     -2.020816
   1.76493     -1.981249     -1.981249
   1.70888     -1.903806     -1.903806
   1.65282     -1.874272     -1.874272
   1.59676     -1.958361     -1.958361
   1.54070     -1.978333     -1.978334
   1.48464     -1.984003     -1.984003
   1.42858     -1.980923     -1.980923
   1.37253     -1.976149     -1.976150
   1.31647     -1.977331     -1.977331
   1.26041     -1.979959     -1.979959
   1.26041     -2.153616     -2.153617
   1.19757     -2.031434     -2.031435
   1.13474     -1.867091     -1.867090
   1.07190     -1.800432     -1.800432
   1.00906     -1.848401     -1.848401
   0.94622     -2.016844     -2.016844
   0.88339     -2.025613     -2.025613
   0.82055     -2.003465     -2.003465
   0.82055     -2.003465     -2.003465
   0.75817     -2.020399     -2.020399
   0.69579     -2.045507     -2.045507
   0.63340     -2.034221     -2.034221
   0.57102     -1.986571     -1.986570
   0.50864     -1.929716     -1.929715
   0.44626     -1.878850     -1.878849
   0.44626     -2.159249     -2.159249
   0.38251     -2.123338     -2.123339
   0.31876     -2.015903     -2.015904
   0.25500     -1.815961     -1.815961
   0.19125     -1.912997     -1.912997
   0.12750     -2.005123     -2.005123
   0.06375     -2.003065     -2.003065
   0.00000     -2.003465     -2.003465
 
# Band-Index   61
   0.00000     -1.701475     -1.701475
   0.06375     -1.713362     -1.713361
   0.12750     -1.727420     -1.727419
   0.19125     -1.735311     -1.735310
   0.25500     -1.790238     -1.790238
   0.31876     -1.750966     -1.750967
   0.38251     -1.712549     -1.712549
   0.44626     -1.699711     -1.699711
   0.44626     -1.842507     -1.842507
   0.50864     -1.828858     -1.828857
   0.57102     -1.782576     -1.782575
   0.63340     -1.705498     -1.705497
   0.69579     -1.706102     -1.706102
   0.75817     -1.720734     -1.720734
   0.82055     -1.701475     -1.701475
   0.82055     -1.701475     -1.701475
   0.88339     -1.706734     -1.706734
   0.94622     -1.720910     -1.720910
   1.00906     -1.749139     -1.749138
   1.07190     -1.690046     -1.690047
   1.13474     -1.790548     -1.790549
   1.19757     -1.808637     -1.808637
   1.26041     -1.739259     -1.739260
   1.26041     -1.536807     -1.536807
   1.31647     -1.598044     -1.598045
   1.37253     -1.664110     -1.664110
   1.42858     -1.714127     -1.714128
   1.48464     -1.778204     -1.778204
   1.54070     -1.821603     -1.821603
   1.59676     -1.845350     -1.845350
   1.65282     -1.839811     -1.839811
   1.70888     -1.817617     -1.817617
   1.76493     -1.759562     -1.759562
   1.82099     -1.737533     -1.737533
   1.87705     -1.731194     -1.731195
   1.93311     -1.714950     -1.714950
   1.98917     -1.701475     -1.701475
   1.98917     -1.701475     -1.701475
   2.04692     -1.715535     -1.715535
   2.10468     -1.718252     -1.718252
   2.16243     -1.702328     -1.702328
   2.22019     -1.744951     -1.744951
   2.27794     -1.807444     -1.807444
   2.33570     -1.873069     -1.873069
   2.39346     -1.873734     -1.873734
   2.45121     -1.851280     -1.851280
   2.50897     -1.806344     -1.806344
   2.56672     -1.763604     -1.763604
   2.56672     -1.631091     -1.631091
   2.62357     -1.638277     -1.638278
   2.68041     -1.655190     -1.655191
   2.73726     -1.681026     -1.681026
   2.79410     -1.702996     -1.702996
   2.85095     -1.747907     -1.747907
   2.90779     -1.828934     -1.828934
   2.96464     -1.793214     -1.793214
   3.02148     -1.744823     -1.744822
   3.07833     -1.720672     -1.720672
   3.13517     -1.706594     -1.706594
   3.19202     -1.701475     -1.701475
   3.19202     -1.701475     -1.701475
   3.25026     -1.718814     -1.718814
   3.30850     -1.729438     -1.729438
   3.36675     -1.708388     -1.708388
   3.42499     -1.670111     -1.670111
   3.48324     -1.675185     -1.675185
   3.54148     -1.792470     -1.792470
   3.59973     -1.848603     -1.848603
   3.65797     -1.832554     -1.832555
   3.71621     -1.814778     -1.814777
   3.77446     -1.830196     -1.830197
 
# Band-Index   62
   3.77446     -1.830169     -1.830182
   3.71621     -1.763346     -1.763346
   3.65797     -1.705277     -1.705277
   3.59973     -1.690398     -1.690398
   3.54148     -1.689434     -1.689434
   3.48324     -1.623020     -1.623020
   3.42499     -1.553980     -1.553980
   3.36675     -1.557320     -1.557320
   3.30850     -1.593264     -1.593264
   3.25026     -1.642241     -1.642241
   3.19202     -1.671713     -1.671713
   3.19202     -1.671713     -1.671713
   3.13517     -1.686454     -1.686454
   3.07833     -1.719323     -1.719323
   3.02148     -1.740931     -1.740931
   2.96464     -1.721881     -1.721882
   2.90779     -1.660846     -1.660847
   2.85095     -1.647386     -1.647386
   2.79410     -1.682058     -1.682058
   2.73726     -1.670619     -1.670620
   2.68041     -1.634863     -1.634864
   2.62357     -1.624740     -1.624741
   2.56672     -1.631087     -1.631088
   2.56672     -1.763586     -1.763586
   2.50897     -1.772653     -1.772653
   2.45121     -1.770965     -1.770965
   2.39346     -1.744242     -1.744242
   2.33570     -1.721215     -1.721215
   2.27794     -1.700207     -1.700207
   2.22019     -1.673259     -1.673259
   2.16243     -1.653863     -1.653863
   2.10468     -1.638188     -1.638188
   2.04692     -1.652039     -1.652039
   1.98917     -1.671713     -1.671713
   1.98917     -1.671713     -1.671713
   1.93311     -1.663499     -1.663499
   1.87705     -1.656104     -1.656104
   1.82099     -1.654282     -1.654282
   1.76493     -1.651924     -1.651924
   1.70888     -1.647504     -1.647504
   1.65282     -1.763574     -1.763574
   1.59676     -1.703167     -1.703167
   1.54070     -1.657043     -1.657043
   1.48464     -1.624654     -1.624654
   1.42858     -1.629508     -1.629509
   1.37253     -1.619934     -1.619934
   1.31647     -1.563508     -1.563508
   1.26041     -1.536794     -1.536794
   1.26041     -1.739250     -1.739250
   1.19757     -1.678233     -1.678233
   1.13474     -1.650127     -1.650127
   1.07190     -1.642571     -1.642570
   1.00906     -1.691149     -1.691150
   0.94622     -1.702171     -1.702171
   0.88339     -1.683279     -1.683279
   0.82055     -1.671713     -1.671713
   0.82055     -1.671713     -1.671713
   0.75817     -1.613449     -1.613449
   0.69579     -1.603867     -1.603867
   0.63340     -1.647593     -1.647593
   0.57102     -1.683714     -1.683714
   0.50864     -1.683175     -1.683175
   0.44626     -1.842490     -1.842490
   0.44626     -1.553344     -1.553344
   0.38251     -1.554338     -1.554338
   0.31876     -1.543330     -1.543329
   0.25500     -1.424145     -1.424146
   0.19125     -1.538452     -1.538452
   0.12750     -1.624301     -1.624301
   0.06375     -1.662184     -1.662184
   0.00000     -1.671713     -1.671713
 
# Band-Index   63
   0.00000     -1.552847     -1.552847
   0.06375     -1.520626     -1.520626
   0.12750     -1.450040     -1.450040
   0.19125     -1.383289     -1.383288
   0.25500     -1.406976     -1.406976
   0.31876     -1.271181     -1.271180
   0.38251     -1.175210     -1.175210
   0.44626     -1.158029     -1.158029
   0.44626     -1.634051     -1.634052
   0.50864     -1.649535     -1.649535
   0.57102     -1.573634     -1.573634
   0.63340     -1.642054     -1.642054
   0.69579     -1.601200     -1.601200
   0.75817     -1.566351     -1.566351
   0.82055     -1.552847     -1.552847
   0.82055     -1.552847     -1.552847
   0.88339     -1.540499     -1.540499
   0.94622     -1.509255     -1.509256
   1.00906     -1.512372     -1.512372
   1.07190     -1.560157     -1.560158
   1.13474     -1.554932     -1.554932
   1.19757     -1.493025     -1.493025
   1.26041     -1.451113     -1.451114
   1.26041     -1.531908     -1.531909
   1.31647     -1.545909     -1.545910
   1.37253     -1.570447     -1.570447
   1.42858     -1.593914     -1.593914
   1.48464     -1.553392     -1.553392
   1.54070     -1.506214     -1.506214
   1.59676     -1.585172     -1.585172
   1.65282     -1.631104     -1.631104
   1.70888     -1.631005     -1.631005
   1.76493     -1.595561     -1.595561
   1.82099     -1.568652     -1.568652
   1.87705     -1.539862     -1.539862
   1.93311     -1.548186     -1.548186
   1.98917     -1.552847     -1.552847
   1.98917     -1.552847     -1.552847
   2.04692     -1.550884     -1.550884
   2.10468     -1.543715     -1.543714
   2.16243     -1.597995     -1.597995
   2.22019     -1.582264     -1.582264
   2.27794     -1.571576     -1.571576
   2.33570     -1.672332     -1.672332
   2.39346     -1.634456     -1.634456
   2.45121     -1.589150     -1.589150
   2.50897     -1.584918     -1.584918
   2.56672     -1.593684     -1.593684
   2.56672     -1.222227     -1.222227
   2.62357     -1.276896     -1.276896
   2.68041     -1.291843     -1.291843
   2.73726     -1.346166     -1.346166
   2.79410     -1.470442     -1.470442
   2.85095     -1.576692     -1.576692
   2.90779     -1.563153     -1.563153
   2.96464     -1.511125     -1.511124
   3.02148     -1.501098     -1.501098
   3.07833     -1.513372     -1.513372
   3.13517     -1.542029     -1.542029
   3.19202     -1.552847     -1.552847
   3.19202     -1.552847     -1.552847
   3.25026     -1.541295     -1.541295
   3.30850     -1.519745     -1.519745
   3.36675     -1.533429     -1.533429
   3.42499     -1.540001     -1.540000
   3.48324     -1.513016     -1.513016
   3.54148     -1.528047     -1.528046
   3.59973     -1.564131     -1.564131
   3.65797     -1.594333     -1.594332
   3.71621     -1.574788     -1.574788
   3.77446     -1.503125     -1.503125
 
# Band-Index   64
   3.77446     -1.503116     -1.503116
   3.71621     -1.459049     -1.459049
   3.65797     -1.423808     -1.423808
   3.59973     -1.393341     -1.393341
   3.54148     -1.415543     -1.415542
   3.48324     -1.449641     -1.449641
   3.42499     -1.442842     -1.442841
   3.36675     -1.480555     -1.480555
   3.30850     -1.504875     -1.504875
   3.25026     -1.490398     -1.490397
   3.19202     -1.483809     -1.483809
   3.19202     -1.483809     -1.483809
   3.13517     -1.485643     -1.485642
   3.07833     -1.491548     -1.491548
   3.02148     -1.476074     -1.476074
   2.96464     -1.456097     -1.456097
   2.90779     -1.512684     -1.512684
   2.85095     -1.482193     -1.482193
   2.79410     -1.400342     -1.400342
   2.73726     -1.296909     -1.296909
   2.68041     -1.233381     -1.233381
   2.62357     -1.186883     -1.186883
   2.56672     -1.222222     -1.222222
   2.56672     -1.593672     -1.593672
   2.50897     -1.530341     -1.530341
   2.45121     -1.426789     -1.426790
   2.39346     -1.369538     -1.369538
   2.33570     -1.432494     -1.432494
   2.27794     -1.508418     -1.508418
   2.22019     -1.469508     -1.469508
   2.16243     -1.507799     -1.507799
   2.10468     -1.537679     -1.537679
   2.04692     -1.498219     -1.498219
   1.98917     -1.483809     -1.483809
   1.98917     -1.483809     -1.483809
   1.93311     -1.492563     -1.492563
   1.87705     -1.517899     -1.517899
   1.82099     -1.520275     -1.520274
   1.76493     -1.514953     -1.514952
   1.70888     -1.523260     -1.523260
   1.65282     -1.481609     -1.481609
   1.59676     -1.431016     -1.431016
   1.54070     -1.472622     -1.472622
   1.48464     -1.429107     -1.429107
   1.42858     -1.461723     -1.461723
   1.37253     -1.494823     -1.494823
   1.31647     -1.508439     -1.508440
   1.26041     -1.531899     -1.531899
   1.26041     -1.451095     -1.451095
   1.19757     -1.428696     -1.428696
   1.13474     -1.419582     -1.419583
   1.07190     -1.508300     -1.508299
   1.00906     -1.481869     -1.481869
   0.94622     -1.498141     -1.498141
   0.88339     -1.487321     -1.487321
   0.82055     -1.483809     -1.483809
   0.82055     -1.483809     -1.483809
   0.75817     -1.516957     -1.516956
   0.69579     -1.537699     -1.537699
   0.63340     -1.501854     -1.501854
   0.57102     -1.483470     -1.483470
   0.50864     -1.536052     -1.536052
   0.44626     -1.634025     -1.634026
   0.44626     -1.126624     -1.126624
   0.38251     -1.169017     -1.169016
   0.31876     -1.223097     -1.223097
   0.25500     -1.308477     -1.308477
   0.19125     -1.368550     -1.368550
   0.12750     -1.438515     -1.438515
   0.06375     -1.472405     -1.472404
   0.00000     -1.483809     -1.483809
 
# Band-Index   65
   0.00000     -1.191038     -1.191039
   0.06375     -1.192963     -1.192964
   0.12750     -1.195903     -1.195903
   0.19125     -1.197436     -1.197437
   0.25500     -1.290367     -1.290367
   0.31876     -1.214808     -1.214807
   0.38251     -1.113811     -1.113811
   0.44626     -1.042192     -1.042191
   0.44626     -1.154739     -1.154739
   0.50864     -1.329828     -1.329827
   0.57102     -1.264042     -1.264043
   0.63340     -1.109826     -1.109827
   0.69579     -1.163592     -1.163593
   0.75817     -1.186777     -1.186777
   0.82055     -1.191038     -1.191039
   0.82055     -1.191038     -1.191039
   0.88339     -1.215010     -1.215010
   0.94622     -1.274335     -1.274336
   1.00906     -1.337892     -1.337893
   1.07190     -1.398292     -1.398293
   1.13474     -1.418122     -1.418122
   1.19757     -1.257528     -1.257527
   1.26041     -1.092186     -1.092186
   1.26041     -1.247002     -1.247002
   1.31647     -1.286275     -1.286275
   1.37253     -1.321738     -1.321738
   1.42858     -1.367490     -1.367490
   1.48464     -1.400234     -1.400234
   1.54070     -1.384926     -1.384925
   1.59676     -1.430367     -1.430368
   1.65282     -1.429972     -1.429972
   1.70888     -1.408259     -1.408260
   1.76493     -1.263262     -1.263262
   1.82099     -1.235085     -1.235086
   1.87705     -1.216725     -1.216725
   1.93311     -1.198772     -1.198773
   1.98917     -1.191038     -1.191039
   1.98917     -1.191038     -1.191039
   2.04692     -1.200808     -1.200808
   2.10468     -1.217610     -1.217610
   2.16243     -1.223796     -1.223796
   2.22019     -1.255936     -1.255936
   2.27794     -1.360672     -1.360672
   2.33570     -1.327553     -1.327553
   2.39346     -1.342829     -1.342829
   2.45121     -1.305262     -1.305263
   2.50897     -1.210989     -1.210989
   2.56672     -1.116879     -1.116879
   2.56672     -1.114279     -1.114280
   2.62357     -1.152267     -1.152267
   2.68041     -1.212192     -1.212193
   2.73726     -1.266976     -1.266976
   2.79410     -1.313682     -1.313682
   2.85095     -1.362565     -1.362565
   2.90779     -1.386551     -1.386551
   2.96464     -1.341525     -1.341526
   3.02148     -1.277650     -1.277650
   3.07833     -1.235530     -1.235530
   3.13517     -1.203187     -1.203188
   3.19202     -1.191038     -1.191039
   3.19202     -1.191038     -1.191039
   3.25026     -1.190836     -1.190836
   3.30850     -1.189627     -1.189628
   3.36675     -1.187311     -1.187311
   3.42499     -1.247767     -1.247767
   3.48324     -1.407202     -1.407202
   3.54148     -1.389697     -1.389697
   3.59973     -1.369374     -1.369374
   3.65797     -1.384897     -1.384896
   3.71621     -1.411128     -1.411128
   3.77446     -1.403183     -1.403184
 
# Band-Index   66
   3.77446     -1.403181     -1.403182
   3.71621     -1.326946     -1.326947
   3.65797     -1.242091     -1.242092
   3.59973     -1.228355     -1.228356
   3.54148     -1.201326     -1.201327
   3.48324     -1.181103     -1.181104
   3.42499     -1.170096     -1.170097
   3.36675     -0.928075     -0.928075
   3.30850     -0.641313     -0.641313
   3.25026     -0.441149     -0.441150
   3.19202     -0.380966     -0.380967
   3.19202     -0.380966     -0.380967
   3.13517     -0.465785     -0.465786
   3.07833     -0.700601     -0.700603
   3.02148     -1.007864     -1.007865
   2.96464     -1.255928     -1.255928
   2.90779     -1.269021     -1.269022
   2.85095     -1.223645     -1.223645
   2.79410     -1.178171     -1.178171
   2.73726     -1.192235     -1.192235
   2.68041     -1.160811     -1.160811
   2.62357     -1.120430     -1.120430
   2.56672     -1.114274     -1.114274
   2.56672     -1.116873     -1.116873
   2.50897     -1.124364     -1.124364
   2.45121     -1.140695     -1.140695
   2.39346     -1.151724     -1.151724
   2.33570     -1.172754     -1.172754
   2.27794     -1.188965     -1.188966
   2.22019     -1.174905     -1.174905
   2.16243     -0.895223     -0.895224
   2.10468     -0.593564     -0.593565
   2.04692     -0.411738     -0.411739
   1.98917     -0.380966     -0.380967
   1.98917     -0.380966     -0.380967
   1.93311     -0.446189     -0.446189
   1.87705     -0.637837     -0.637838
   1.82099     -0.907703     -0.907704
   1.76493     -1.179384     -1.179384
   1.70888     -1.235408     -1.235408
   1.65282     -1.236275     -1.236275
   1.59676     -1.239929     -1.239929
   1.54070     -1.286525     -1.286526
   1.48464     -1.306585     -1.306585
   1.42858     -1.278765     -1.278765
   1.37253     -1.268967     -1.268967
   1.31647     -1.265598     -1.265598
   1.26041     -1.246987     -1.246987
   1.26041     -1.092161     -1.092160
   1.19757     -1.107516     -1.107516
   1.13474     -1.184063     -1.184063
   1.07190     -1.209704     -1.209704
   1.00906     -1.010951     -1.010952
   0.94622     -0.681713     -0.681714
   0.88339     -0.440363     -0.440364
   0.82055     -0.380966     -0.380967
   0.82055     -0.380966     -0.380967
   0.75817     -0.395600     -0.395601
   0.69579     -0.616212     -0.616212
   0.63340     -0.906285     -0.906286
   0.57102     -0.960906     -0.960906
   0.50864     -0.958537     -0.958537
   0.44626     -1.154721     -1.154721
   0.44626     -1.008810     -1.008811
   0.38251     -1.056841     -1.056843
   0.31876     -1.119622     -1.119623
   0.25500     -1.162289     -1.162290
   0.19125     -1.090820     -1.090821
   0.12750     -0.746592     -0.746592
   0.06375     -0.479417     -0.479417
   0.00000     -0.380966     -0.380967
 
# Band-Index   67
   0.00000     -0.305687     -0.305687
   0.06375     -0.328399     -0.328399
   0.12750     -0.393125     -0.393126
   0.19125     -0.490909     -0.490910
   0.25500     -0.610179     -0.610179
   0.31876     -0.738922     -0.738923
   0.38251     -0.865323     -0.865323
   0.44626     -0.950953     -0.950954
   0.44626     -0.721252     -0.721253
   0.50864     -0.843064     -0.843065
   0.57102     -0.760487     -0.760487
   0.63340     -0.580255     -0.580255
   0.69579     -0.451510     -0.451510
   0.75817     -0.391154     -0.391154
   0.82055     -0.305687     -0.305687
   0.82055     -0.305687     -0.305687
   0.88339     -0.330070     -0.330070
   0.94622     -0.402948     -0.402947
   1.00906     -0.504133     -0.504133
   1.07190     -0.630906     -0.630906
   1.13474     -0.765355     -0.765355
   1.19757     -0.916203     -0.916203
   1.26041     -1.001542     -1.001542
   1.26041     -1.229614     -1.229614
   1.31647     -1.196178     -1.196178
   1.37253     -1.158214     -1.158214
   1.42858     -1.131038     -1.131038
   1.48464     -1.113500     -1.113500
   1.54070     -1.099941     -1.099941
   1.59676     -1.047065     -1.047065
   1.65282     -0.923917     -0.923917
   1.70888     -0.776441     -0.776442
   1.76493     -0.629656     -0.629656
   1.82099     -0.498416     -0.498416
   1.87705     -0.395775     -0.395775
   1.93311     -0.329937     -0.329937
   1.98917     -0.305687     -0.305687
   1.98917     -0.305687     -0.305687
   2.04692     -0.363326     -0.363326
   2.10468     -0.477506     -0.477506
   2.16243     -0.601352     -0.601353
   2.22019     -0.749747     -0.749747
   2.27794     -0.903969     -0.903969
   2.33570     -1.038979     -1.038979
   2.39346     -1.107266     -1.107266
   2.45121     -1.087540     -1.087539
   2.50897     -1.059521     -1.059521
   2.56672     -1.048748     -1.048748
   2.56672     -0.857332     -0.857332
   2.62357     -0.893283     -0.893284
   2.68041     -0.953909     -0.953909
   2.73726     -1.014479     -1.014479
   2.79410     -0.998285     -0.998285
   2.85095     -0.876144     -0.876144
   2.90779     -0.729693     -0.729693
   2.96464     -0.585556     -0.585556
   3.02148     -0.455723     -0.455723
   3.07833     -0.349821     -0.349821
   3.13517     -0.315313     -0.315313
   3.19202     -0.305687     -0.305687
   3.19202     -0.305687     -0.305687
   3.25026     -0.344425     -0.344426
   3.30850     -0.427127     -0.427128
   3.36675     -0.538822     -0.538823
   3.42499     -0.674120     -0.674121
   3.48324     -0.821077     -0.821078
   3.54148     -0.964241     -0.964242
   3.59973     -1.085545     -1.085546
   3.65797     -1.154112     -1.154112
   3.71621     -1.121480     -1.121480
   3.77446     -1.068292     -1.068292
 
# Band-Index   68
   3.77446     -1.068285     -1.068286
   3.71621     -1.008949     -1.008949
   3.65797     -0.933220     -0.933220
   3.59973     -0.832944     -0.832944
   3.54148     -0.715279     -0.715279
   3.48324     -0.594754     -0.594754
   3.42499     -0.483025     -0.483025
   3.36675     -0.388016     -0.388017
   3.30850     -0.314838     -0.314838
   3.25026     -0.264916     -0.264917
   3.19202     -0.241706     -0.241706
   3.19202     -0.241706     -0.241706
   3.13517     -0.274575     -0.274576
   3.07833     -0.343903     -0.343903
   3.02148     -0.390408     -0.390408
   2.96464     -0.452594     -0.452594
   2.90779     -0.526762     -0.526762
   2.85095     -0.607824     -0.607824
   2.79410     -0.689518     -0.689518
   2.73726     -0.763885     -0.763885
   2.68041     -0.818899     -0.818899
   2.62357     -0.843621     -0.843621
   2.56672     -0.857315     -0.857315
   2.56672     -1.048728     -1.048728
   2.50897     -0.945872     -0.945872
   2.45121     -0.818086     -0.818086
   2.39346     -0.698038     -0.698037
   2.33570     -0.590718     -0.590718
   2.27794     -0.498561     -0.498560
   2.22019     -0.422530     -0.422530
   2.16243     -0.362337     -0.362337
   2.10468     -0.316088     -0.316088
   2.04692     -0.276778     -0.276778
   1.98917     -0.241706     -0.241706
   1.98917     -0.241706     -0.241706
   1.93311     -0.272614     -0.272615
   1.87705     -0.345176     -0.345176
   1.82099     -0.443763     -0.443763
   1.76493     -0.560915     -0.560915
   1.70888     -0.688371     -0.688371
   1.65282     -0.813225     -0.813225
   1.59676     -0.915455     -0.915456
   1.54070     -0.972378     -0.972378
   1.48464     -0.987991     -0.987991
   1.42858     -1.008317     -1.008317
   1.37253     -1.064178     -1.064178
   1.31647     -1.151616     -1.151617
   1.26041     -1.229605     -1.229605
   1.26041     -1.001518     -1.001517
   1.19757     -0.893528     -0.893528
   1.13474     -0.762014     -0.762014
   1.07190     -0.621694     -0.621694
   1.00906     -0.501014     -0.501014
   0.94622     -0.399496     -0.399496
   0.88339     -0.310870     -0.310870
   0.82055     -0.241706     -0.241706
   0.82055     -0.241706     -0.241706
   0.75817     -0.274601     -0.274601
   0.69579     -0.354854     -0.354855
   0.63340     -0.434588     -0.434589
   0.57102     -0.515017     -0.515018
   0.50864     -0.610235     -0.610236
   0.44626     -0.721239     -0.721239
   0.44626     -0.857613     -0.857614
   0.38251     -0.790011     -0.790012
   0.31876     -0.671542     -0.671542
   0.25500     -0.547509     -0.547510
   0.19125     -0.432569     -0.432570
   0.12750     -0.337753     -0.337753
   0.06375     -0.270819     -0.270819
   0.00000     -0.241706     -0.241706
 
# Band-Index   69
   0.00000      1.802146      1.802146
   0.06375      1.806848      1.806847
   0.12750      1.821397      1.821397
   0.19125      1.847380      1.847379
   0.25500      1.888219      1.888219
   0.31876      1.948324      1.948324
   0.38251      2.024364      2.024363
   0.44626      2.047723      2.047723
   0.44626      2.515963      2.515963
   0.50864      2.491133      2.491132
   0.57102      2.445381      2.445381
   0.63340      2.376031      2.376031
   0.69579      2.102862      2.102862
   0.75817      1.880523      1.880523
   0.82055      1.802146      1.802146
   0.82055      1.802146      1.802146
   0.88339      1.812483      1.812483
   0.94622      1.840971      1.840972
   1.00906      1.874903      1.874903
   1.07190      1.864088      1.864088
   1.13474      1.716438      1.716439
   1.19757      1.548587      1.548586
   1.26041      1.498294      1.498293
   1.26041      2.049510      2.049510
   1.31647      2.050422      2.050420
   1.37253      2.060835      2.060834
   1.42858      2.059266      2.059266
   1.48464      2.002443      2.002443
   1.54070      1.988866      1.988866
   1.59676      2.046895      2.046894
   1.65282      2.169476      2.169476
   1.70888      2.256758      2.256758
   1.76493      2.119332      2.119332
   1.82099      1.986304      1.986304
   1.87705      1.885322      1.885323
   1.93311      1.823067      1.823067
   1.98917      1.802147      1.802146
   1.98917      1.802148      1.802148
   2.04692      1.835736      1.835735
   2.10468      1.933906      1.933906
   2.16243      2.083995      2.083994
   2.22019      2.152685      2.152684
   2.27794      2.005791      2.005790
   2.33570      1.905964      1.905964
   2.39346      1.914234      1.914234
   2.45121      2.040101      2.040101
   2.50897      2.260119      2.260119
   2.56672      2.466204      2.466204
   2.56672      1.738459      1.738459
   2.62357      1.747238      1.747238
   2.68041      1.806716      1.806716
   2.73726      1.899339      1.899338
   2.79410      1.978001      1.978001
   2.85095      1.975380      1.975380
   2.90779      1.933903      1.933903
   2.96464      1.889902      1.889902
   3.02148      1.852417      1.852417
   3.07833      1.824611      1.824611
   3.13517      1.807758      1.807757
   3.19202      1.802146      1.802147
   3.19202      1.802148      1.802147
   3.25026      1.832832      1.832833
   3.30850      1.921803      1.921803
   3.36675      2.057108      2.057107
   3.42499      2.209745      2.209745
   3.48324      2.298190      2.298190
   3.54148      2.346204      2.346204
   3.59973      2.334460      2.334460
   3.65797      2.316489      2.316488
   3.71621      2.306756      2.306755
   3.77446      2.304957      2.304956
 
# Band-Index   70
   3.77446      2.304965      2.304964
   3.71621      2.319789      2.319789
   3.65797      2.353259      2.353258
   3.59973      2.383719      2.383719
   3.54148      2.390014      2.390013
   3.48324      2.365617      2.365617
   3.42499      2.258129      2.258129
   3.36675      2.208595      2.208595
   3.30850      2.186436      2.186436
   3.25026      2.187796      2.187795
   3.19202      2.201642      2.201643
   3.19202      2.201642      2.201642
   3.13517      2.210922      2.210922
   3.07833      2.253882      2.253882
   3.02148      2.322905      2.322905
   2.96464      2.386207      2.386207
   2.90779      2.320269      2.320269
   2.85095      2.155884      2.155884
   2.79410      2.013098      2.013098
   2.73726      1.911278      1.911278
   2.68041      1.840961      1.840961
   2.62357      1.779108      1.779109
   2.56672      1.738462      1.738461
   2.56672      2.466218      2.466218
   2.50897      2.477183      2.477182
   2.45121      2.507544      2.507544
   2.39346      2.548830      2.548830
   2.33570      2.580132      2.580132
   2.27794      2.511765      2.511765
   2.22019      2.326822      2.326822
   2.16243      2.309386      2.309385
   2.10468      2.284427      2.284427
   2.04692      2.226657      2.226657
   1.98917      2.201642      2.201643
   1.98917      2.201642      2.201642
   1.93311      2.213060      2.213060
   1.87705      2.255355      2.255355
   1.82099      2.318077      2.318077
   1.76493      2.378409      2.378409
   1.70888      2.369206      2.369206
   1.65282      2.385528      2.385526
   1.59676      2.343909      2.343908
   1.54070      2.258294      2.258293
   1.48464      2.168876      2.168875
   1.42858      2.102098      2.102098
   1.37253      2.085929      2.085928
   1.31647      2.062493      2.062492
   1.26041      2.049516      2.049515
   1.26041      1.498301      1.498300
   1.19757      1.571709      1.571709
   1.13474      1.731362      1.731361
   1.07190      1.961258      1.961258
   1.00906      2.194912      2.194911
   0.94622      2.279577      2.279577
   0.88339      2.232702      2.232702
   0.82055      2.201642      2.201642
   0.82055      2.201642      2.201643
   0.75817      2.227663      2.227662
   0.69579      2.294682      2.294682
   0.63340      2.424584      2.424584
   0.57102      2.512143      2.512143
   0.50864      2.524168      2.524169
   0.44626      2.515965      2.515966
   0.44626      2.079497      2.079497
   0.38251      2.054308      2.054307
   0.31876      2.071340      2.071339
   0.25500      2.092909      2.092909
   0.19125      2.114527      2.114527
   0.12750      2.136736      2.136736
   0.06375      2.166447      2.166447
   0.00000      2.201643      2.201642
 
# Band-Index   71
   0.00000      2.312114      2.312111
   0.06375      2.437018      2.437017
   0.12750      2.666727      2.666726
   0.19125      2.521654      2.521652
   0.25500      2.325214      2.325212
   0.31876      2.188400      2.188398
   0.38251      2.113806      2.113804
   0.44626      2.080307      2.080306
   0.44626      3.240972      3.240973
   0.50864      3.234191      3.234191
   0.57102      2.847979      2.847978
   0.63340      2.493668      2.493668
   0.69579      2.416708      2.416709
   0.75817      2.345309      2.345312
   0.82055      2.312111      2.312111
   0.82055      2.312111      2.312112
   0.88339      2.360603      2.360604
   0.94622      2.467493      2.467493
   1.00906      2.618022      2.618022
   1.07190      2.385646      2.385646
   1.13474      2.333381      2.333382
   1.19757      2.420063      2.420063
   1.26041      2.552974      2.552974
   1.26041      2.746689      2.746688
   1.31647      2.652337      2.652336
   1.37253      2.490142      2.490141
   1.42858      2.426259      2.426258
   1.48464      2.488875      2.488874
   1.54070      2.596295      2.596294
   1.59676      2.644787      2.644786
   1.65282      2.512829      2.512828
   1.70888      2.447737      2.447737
   1.76493      2.564871      2.564870
   1.82099      2.630385      2.630385
   1.87705      2.514516      2.514517
   1.93311      2.374831      2.374831
   1.98917      2.312111      2.312111
   1.98917      2.312111      2.312111
   2.04692      2.348549      2.348548
   2.10468      2.428755      2.428755
   2.16243      2.513881      2.513881
   2.22019      2.596815      2.596815
   2.27794      2.651672      2.651672
   2.33570      2.710836      2.710836
   2.39346      2.718832      2.718832
   2.45121      2.690421      2.690421
   2.50897      2.664063      2.664063
   2.56672      2.654080      2.654080
   2.56672      2.204151      2.204151
   2.62357      2.135090      2.135090
   2.68041      2.164638      2.164638
   2.73726      2.231994      2.231994
   2.79410      2.221147      2.221148
   2.85095      2.335446      2.335446
   2.90779      2.525542      2.525542
   2.96464      2.573979      2.573979
   3.02148      2.634807      2.634807
   3.07833      2.538480      2.538481
   3.13517      2.387099      2.387098
   3.19202      2.312111      2.312112
   3.19202      2.312112      2.312112
   3.25026      2.392747      2.392748
   3.30850      2.563942      2.563942
   3.36675      2.732096      2.732096
   3.42499      2.612379      2.612262
   3.48324      2.522946      2.523004
   3.54148      2.561127      2.561127
   3.59973      2.671864      2.671864
   3.65797      2.802988      2.802988
   3.71621      2.907349      2.907351
   3.77446      2.949301      2.949300
 
# Band-Index   72
   3.77446      2.949305      2.949301
   3.71621      2.963371      2.963372
   3.65797      2.989509      2.989509
   3.59973      3.012965      3.012965
   3.54148      3.014274      3.014274
   3.48324      2.993431      2.993427
   3.42499      2.912117      2.912117
   3.36675      2.776702      2.776701
   3.30850      2.912105      2.912104
   3.25026      3.060555      3.060591
   3.19202      3.135412      3.135515
   3.19202      3.135404      3.135542
   3.13517      3.100377      3.100371
   3.07833      3.025114      3.024992
   3.02148      2.915934      2.915933
   2.96464      2.737624      2.737625
   2.90779      2.525637      2.525636
   2.85095      2.517936      2.517936
   2.79410      2.432709      2.432708
   2.73726      2.288792      2.288792
   2.68041      2.293717      2.293717
   2.62357      2.298407      2.298407
   2.56672      2.204156      2.204156
   2.56672      2.654087      2.654086
   2.50897      2.863854      2.863854
   2.45121      3.077465      3.077465
   2.39346      3.116832      3.116832
   2.33570      2.935537      2.935538
   2.27794      2.813110      2.813109
   2.22019      2.781965      2.781966
   2.16243      2.867296      2.867296
   2.10468      3.093319      3.093318
   2.04692      3.139129      3.139128
   1.98917      3.135526      3.135566
   1.98917      3.135404      3.135404
   1.93311      3.109817      3.109816
   1.87705      3.051074      3.051066
   1.82099      2.968076      2.968074
   1.76493      2.927570      2.927569
   1.70888      2.890899      2.890898
   1.65282      2.818560      2.818560
   1.59676      2.739467      2.739466
   1.54070      2.748943      2.748941
   1.48464      2.754078      2.754077
   1.42858      2.755340      2.755339
   1.37253      2.753933      2.753933
   1.31647      2.749280      2.749280
   1.26041      2.746696      2.746696
   1.26041      2.552994      2.552994
   1.19757      2.690514      2.690514
   1.13474      2.799776      2.799776
   1.07190      2.796040      2.796040
   1.00906      2.641062      2.641062
   0.94622      2.985059      2.985059
   0.88339      3.140536      3.140412
   0.82055      3.135411      3.135419
   0.82055      3.135412      3.135404
   0.75817      3.138435      3.138565
   0.69579      3.159955      3.160049
   0.63340      3.203090      3.203179
   0.57102      3.238073      3.238072
   0.50864      3.256597      3.256596
   0.44626      3.240978      3.240977
   0.44626      2.700709      2.700709
   0.38251      2.738645      2.738638
   0.31876      2.781645      2.781647
   0.25500      2.829983      2.829980
   0.19125      2.822427      2.822424
   0.12750      2.758397      2.758396
   0.06375      2.998064      2.997997
   0.00000      3.135412      3.135403
 
# Band-Index   73
   0.00000      3.191104      3.191103
   0.06375      3.197233      3.197233
   0.12750      3.236752      3.236752
   0.19125      3.382423      3.382423
   0.25500      3.159317      3.159317
   0.31876      2.946918      2.946919
   0.38251      2.779991      2.779991
   0.44626      2.722798      2.722796
   0.44626      3.436955      3.436956
   0.50864      3.262777      3.262776
   0.57102      3.268910      3.268909
   0.63340      3.255461      3.255460
   0.69579      3.259569      3.259570
   0.75817      3.221295      3.221295
   0.82055      3.191104      3.191103
   0.82055      3.191104      3.191103
   0.88339      3.239633      3.239632
   0.94622      3.157501      3.157501
   1.00906      2.959332      2.959332
   1.07190      2.883163      2.883161
   1.13474      2.996139      2.996139
   1.19757      3.174509      3.174509
   1.26041      3.324195      3.324194
   1.26041      3.168797      3.168796
   1.31647      3.129372      3.129371
   1.37253      3.056051      3.056051
   1.42858      3.016833      3.016833
   1.48464      3.016552      3.016552
   1.54070      2.962094      2.962094
   1.59676      2.904696      2.904696
   1.65282      2.949030      2.949030
   1.70888      3.023533      3.023533
   1.76493      3.065484      3.065484
   1.82099      3.129508      3.129508
   1.87705      3.250514      3.250514
   1.93311      3.216593      3.216593
   1.98917      3.191104      3.191103
   1.98917      3.191104      3.191103
   2.04692      3.226045      3.226045
   2.10468      3.163569      3.163566
   2.16243      3.195614      3.195608
   2.22019      3.222179      3.222180
   2.27794      3.149821      3.149820
   2.33570      3.126916      3.126916
   2.39346      3.141504      3.141505
   2.45121      3.245844      3.245854
   2.50897      3.319767      3.319779
   2.56672      3.347444      3.347453
   2.56672      2.697542      2.697539
   2.62357      2.677564      2.677564
   2.68041      2.742753      2.742754
   2.73726      2.817546      2.817545
   2.79410      2.871934      2.871933
   2.85095      2.918131      2.918130
   2.90779      2.968361      2.968361
   2.96464      3.038395      3.038395
   3.02148      3.166132      3.166132
   3.07833      3.270160      3.270159
   3.13517      3.216972      3.216972
   3.19202      3.191104      3.191103
   3.19202      3.191104      3.191103
   3.25026      3.204959      3.204959
   3.30850      3.239859      3.239859
   3.36675      3.282621      3.282621
   3.42499      3.299989      3.299987
   3.48324      3.255836      3.255835
   3.54148      3.196482      3.196482
   3.59973      3.163334      3.163334
   3.65797      3.196067      3.196067
   3.71621      3.295331      3.295331
   3.77446      3.406057      3.406056
 
# Band-Index   74
   3.77446      3.406061      3.406061
   3.71621      3.467219      3.467220
   3.65797      3.451505      3.451505
   3.59973      3.391602      3.391602
   3.54148      3.351122      3.351121
   3.48324      3.351592      3.351592
   3.42499      3.386399      3.386399
   3.36675      3.445139      3.445139
   3.30850      3.509745      3.509744
   3.25026      3.504797      3.504798
   3.19202      3.465731      3.465730
   3.19202      3.465734      3.465730
   3.13517      3.467974      3.467973
   3.07833      3.355289      3.355288
   3.02148      3.203415      3.203415
   2.96464      3.162969      3.162969
   2.90779      3.165149      3.165149
   2.85095      3.112413      3.112413
   2.79410      3.023288      3.023287
   2.73726      2.928545      2.928546
   2.68041      2.833106      2.833106
   2.62357      2.750215      2.750214
   2.56672      2.697543      2.697543
   2.56672      3.347459      3.347463
   2.50897      3.343207      3.343208
   2.45121      3.341471      3.341481
   2.39346      3.402119      3.402126
   2.33570      3.396674      3.396674
   2.27794      3.317776      3.317774
   2.22019      3.250301      3.250300
   2.16243      3.315023      3.315022
   2.10468      3.319823      3.319822
   2.04692      3.367737      3.367737
   1.98917      3.465733      3.465732
   1.98917      3.465731      3.465730
   1.93311      3.460430      3.460429
   1.87705      3.364141      3.364140
   1.82099      3.388170      3.388170
   1.76493      3.307324      3.307324
   1.70888      3.260091      3.260091
   1.65282      3.250595      3.250595
   1.59676      3.185942      3.185942
   1.54070      3.112457      3.112455
   1.48464      3.108713      3.108713
   1.42858      3.144346      3.144345
   1.37253      3.147734      3.147734
   1.31647      3.147219      3.147219
   1.26041      3.168802      3.168802
   1.26041      3.324212      3.324211
   1.19757      3.307894      3.307893
   1.13474      3.262621      3.262622
   1.07190      3.223177      3.223176
   1.00906      3.189316      3.189318
   0.94622      3.163537      3.163537
   0.88339      3.315866      3.315866
   0.82055      3.465731      3.465730
   0.82055      3.465731      3.465730
   0.75817      3.442600      3.442601
   0.69579      3.387122      3.387121
   0.63340      3.328079      3.328079
   0.57102      3.283900      3.283899
   0.50864      3.367733      3.367734
   0.44626      3.436973      3.436971
   0.44626      2.890970      2.890970
   0.38251      2.974143      2.974142
   0.31876      3.200383      3.200383
   0.25500      3.330590      3.330591
   0.19125      3.396296      3.396296
   0.12750      3.555790      3.555790
   0.06375      3.548461      3.548460
   0.00000      3.465731      3.465732
 
# Band-Index   75
   0.00000      3.676047      3.676046
   0.06375      3.646589      3.646589
   0.12750      3.576121      3.576121
   0.19125      3.445405      3.445405
   0.25500      3.456799      3.456800
   0.31876      3.272604      3.272604
   0.38251      3.249895      3.249895
   0.44626      3.246805      3.246805
   0.44626      3.687033      3.687033
   0.50864      3.556654      3.556654
   0.57102      3.688084      3.688083
   0.63340      3.707378      3.707379
   0.69579      3.630055      3.630055
   0.75817      3.637729      3.637729
   0.82055      3.676047      3.676047
   0.82055      3.676047      3.676046
   0.88339      3.509279      3.509279
   0.94622      3.429874      3.429873
   1.00906      3.597259      3.597260
   1.07190      3.664132      3.664133
   1.13474      3.567868      3.567867
   1.19757      3.462407      3.462408
   1.26041      3.403595      3.403595
   1.26041      3.373452      3.373451
   1.31647      3.338132      3.338133
   1.37253      3.377077      3.377078
   1.42858      3.434637      3.434638
   1.48464      3.418435      3.418435
   1.54070      3.402874      3.402873
   1.59676      3.419629      3.419630
   1.65282      3.458805      3.458805
   1.70888      3.546009      3.546009
   1.76493      3.550500      3.550500
   1.82099      3.502275      3.502275
   1.87705      3.580003      3.580003
   1.93311      3.630307      3.630306
   1.98917      3.676047      3.676046
   1.98917      3.676047      3.676046
   2.04692      3.604333      3.604333
   2.10468      3.518188      3.518188
   2.16243      3.531918      3.531918
   2.22019      3.629760      3.629760
   2.27794      3.628700      3.628697
   2.33570      3.528439      3.528440
   2.39346      3.514971      3.514972
   2.45121      3.650419      3.650418
   2.50897      3.735546      3.735546
   2.56672      3.749901      3.749901
   2.56672      2.846483      2.846483
   2.62357      2.773158      2.773158
   2.68041      2.858607      2.858607
   2.73726      3.100976      3.100977
   2.79410      3.371283      3.371281
   2.85095      3.420863      3.420863
   2.90779      3.406527      3.406527
   2.96464      3.403436      3.403436
   3.02148      3.376946      3.376947
   3.07833      3.426937      3.426937
   3.13517      3.613051      3.613050
   3.19202      3.676047      3.676046
   3.19202      3.676047      3.676046
   3.25026      3.647584      3.647584
   3.30850      3.626498      3.626497
   3.36675      3.602538      3.602538
   3.42499      3.533756      3.533756
   3.48324      3.519937      3.519937
   3.54148      3.554590      3.554588
   3.59973      3.607353      3.607354
   3.65797      3.655699      3.655700
   3.71621      3.700199      3.700200
   3.77446      3.745765      3.745766
 
# Band-Index   76
   3.77446      3.745766      3.745766
   3.71621      3.735952      3.735953
   3.65797      3.709418      3.709418
   3.59973      3.713330      3.713331
   3.54148      3.729398      3.729398
   3.48324      3.697377      3.697377
   3.42499      3.701577      3.701577
   3.36675      3.761489      3.761490
   3.30850      3.853834      3.853835
   3.25026      3.882197      3.882197
   3.19202      3.877577      3.877577
   3.19202      3.877576      3.877575
   3.13517      3.799886      3.799886
   3.07833      3.762035      3.762034
   3.02148      3.754437      3.754437
   2.96464      3.700279      3.700283
   2.90779      3.612909      3.612908
   2.85095      3.508454      3.508454
   2.79410      3.437246      3.437246
   2.73726      3.364066      3.364066
   2.68041      3.204253      3.204254
   2.62357      3.017964      3.017964
   2.56672      2.846498      2.846499
   2.56672      3.749906      3.749904
   2.50897      3.769727      3.769725
   2.45121      3.801510      3.801510
   2.39346      3.812206      3.812207
   2.33570      3.806735      3.806737
   2.27794      3.773148      3.773143
   2.22019      3.756725      3.756727
   2.16243      3.799691      3.799689
   2.10468      3.827137      3.827137
   2.04692      3.853184      3.853184
   1.98917      3.877577      3.877578
   1.98917      3.877575      3.877576
   1.93311      3.831417      3.831417
   1.87705      3.754379      3.754379
   1.82099      3.753280      3.753279
   1.76493      3.744284      3.744284
   1.70888      3.660480      3.660480
   1.65282      3.608282      3.608279
   1.59676      3.569996      3.569996
   1.54070      3.561604      3.561601
   1.48464      3.557935      3.557935
   1.42858      3.510745      3.510745
   1.37253      3.455619      3.455619
   1.31647      3.429933      3.429933
   1.26041      3.373453      3.373454
   1.26041      3.403600      3.403599
   1.19757      3.518655      3.518665
   1.13474      3.655961      3.655965
   1.07190      3.759680      3.759678
   1.00906      3.813179      3.813180
   0.94622      3.824055      3.824055
   0.88339      3.828613      3.828612
   0.82055      3.877577      3.877577
   0.82055      3.877577      3.877576
   0.75817      3.964244      3.964247
   0.69579      3.928453      3.928560
   0.63340      3.822197      3.822215
   0.57102      3.823694      3.823695
   0.50864      3.878493      3.878493
   0.44626      3.687045      3.687045
   0.44626      3.450476      3.450475
   0.38251      3.490688      3.490690
   0.31876      3.582119      3.582119
   0.25500      3.611863      3.611863
   0.19125      3.644297      3.644297
   0.12750      3.766568      3.766569
   0.06375      3.836024      3.836024
   0.00000      3.877575      3.877575
 
# Band-Index   77
   0.00000      3.948691      3.948691
   0.06375      3.962551      3.962550
   0.12750      3.853301      3.853302
   0.19125      3.816683      3.816683
   0.25500      3.774574      3.774574
   0.31876      3.725171      3.725168
   0.38251      3.706383      3.706382
   0.44626      3.711536      3.711536
   0.44626      4.084670      4.084671
   0.50864      3.952368      3.952368
   0.57102      3.900372      3.900366
   0.63340      3.930210      3.930184
   0.69579      3.992503      3.992505
   0.75817      3.978523      3.978524
   0.82055      3.948691      3.948691
   0.82055      3.948691      3.948691
   0.88339      3.958148      3.958148
   0.94622      4.059806      4.059807
   1.00906      4.024097      4.024097
   1.07190      3.935045      3.935045
   1.13474      3.990122      3.990122
   1.19757      4.078040      4.078039
   1.26041      4.183783      4.183785
   1.26041      3.440551      3.440552
   1.31647      3.491961      3.491961
   1.37253      3.579233      3.579233
   1.42858      3.582074      3.582074
   1.48464      3.655680      3.655680
   1.54070      3.822419      3.822419
   1.59676      4.001130      4.001130
   1.65282      3.983315      3.983315
   1.70888      3.887975      3.887976
   1.76493      3.864725      3.864724
   1.82099      3.987161      3.987162
   1.87705      3.989518      3.989518
   1.93311      3.964316      3.964318
   1.98917      3.948691      3.948691
   1.98917      3.948691      3.948691
   2.04692      3.962817      3.962817
   2.10468      4.005650      4.005650
   2.16243      4.089203      4.089204
   2.22019      4.002413      4.002414
   2.27794      3.934835      3.934835
   2.33570      3.984286      3.984280
   2.39346      4.100448      4.100440
   2.45121      4.209562      4.209589
   2.50897      4.284759      4.284760
   2.56672      4.444326      4.444324
   2.56672      3.491518      3.491518
   2.62357      3.392175      3.392176
   2.68041      3.341716      3.341716
   2.73726      3.365753      3.365752
   2.79410      3.498316      3.498315
   2.85095      3.810760      3.810760
   2.90779      4.067322      4.067322
   2.96464      4.101225      4.101225
   3.02148      4.073544      4.073544
   3.07833      3.996624      3.996624
   3.13517      3.953277      3.953277
   3.19202      3.948691      3.948691
   3.19202      3.948691      3.948691
   3.25026      3.971741      3.971741
   3.30850      3.949006      3.949008
   3.36675      3.931213      3.931214
   3.42499      3.892883      3.892883
   3.48324      3.821327      3.821327
   3.54148      3.768474      3.768474
   3.59973      3.811878      3.811878
   3.65797      3.872088      3.872088
   3.71621      3.936397      3.936398
   3.77446      4.017396      4.017396
 
# Band-Index   78
   3.77446      4.017409      4.017410
   3.71621      4.079741      4.079742
   3.65797      4.083062      4.083063
   3.59973      4.080863      4.080861
   3.54148      4.088538      4.088541
   3.48324      4.103853      4.103853
   3.42499      4.093727      4.093727
   3.36675      4.064539      4.064538
   3.30850      4.025207      4.025209
   3.25026      4.020380      4.020377
   3.19202      4.026269      4.026203
   3.19202      4.025813      4.025813
   3.13517      3.983301      3.983301
   3.07833      4.052169      4.052168
   3.02148      4.152089      4.152089
   2.96464      4.180229      4.180229
   2.90779      4.090952      4.090953
   2.85095      3.856213      3.856214
   2.79410      3.691463      3.691464
   2.73726      3.632777      3.632777
   2.68041      3.624298      3.624298
   2.62357      3.582737      3.582736
   2.56672      3.491526      3.491525
   2.56672      4.444334      4.444387
   2.50897      4.360000      4.359993
   2.45121      4.257873      4.257888
   2.39346      4.346960      4.346959
   2.33570      4.336697      4.336703
   2.27794      4.246480      4.246480
   2.22019      4.195501      4.195496
   2.16243      4.174772      4.174732
   2.10468      4.139507      4.139507
   2.04692      4.026191      4.026209
   1.98917      4.025813      4.025813
   1.98917      4.025813      4.025813
   1.93311      3.982995      3.982995
   1.87705      4.065488      4.065488
   1.82099      4.149738      4.149738
   1.76493      4.192320      4.192320
   1.70888      4.186342      4.186334
   1.65282      4.154198      4.154198
   1.59676      4.045934      4.045934
   1.54070      3.988040      3.988031
   1.48464      3.863932      3.863945
   1.42858      3.776478      3.776480
   1.37253      3.692303      3.692303
   1.31647      3.557599      3.557599
   1.26041      3.440561      3.440561
   1.26041      4.183792      4.183793
   1.19757      4.291813      4.291814
   1.13474      4.322398      4.322399
   1.07190      4.297597      4.297597
   1.00906      4.246603      4.246604
   0.94622      4.149019      4.149016
   0.88339      4.042260      4.042259
   0.82055      4.025813      4.025814
   0.82055      4.026303      4.025813
   0.75817      4.000513      4.000512
   0.69579      4.155938      4.155938
   0.63340      4.268625      4.268626
   0.57102      4.262055      4.262055
   0.50864      4.215162      4.215163
   0.44626      4.084673      4.084681
   0.44626      3.759854      3.759852
   0.38251      3.803365      3.803365
   0.31876      3.865765      3.865764
   0.25500      3.854094      3.854095
   0.19125      3.912397      3.912398
   0.12750      4.011443      4.011444
   0.06375      4.035364      4.035366
   0.00000      4.026020      4.025813
 
# Band-Index   79
   0.00000      4.104010      4.104046
   0.06375      4.053043      4.053026
   0.12750      4.075784      4.075784
   0.19125      4.073729      4.073729
   0.25500      4.054942      4.054942
   0.31876      3.908292      3.908298
   0.38251      3.836854      3.836853
   0.44626      3.824123      3.824123
   0.44626      4.314701      4.314702
   0.50864      4.291834      4.291833
   0.57102      4.337833      4.337831
   0.63340      4.359849      4.359852
   0.69579      4.218822      4.218821
   0.75817      4.138110      4.138111
   0.82055      4.104010      4.104010
   0.82055      4.104010      4.104010
   0.88339      4.140280      4.140280
   0.94622      4.178584      4.178588
   1.00906      4.270095      4.270095
   1.07190      4.358162      4.358152
   1.13474      4.438374      4.438372
   1.19757      4.508860      4.508860
   1.26041      4.543146      4.543146
   1.26041      3.778069      3.778071
   1.31647      3.779340      3.779342
   1.37253      3.800752      3.800752
   1.42858      3.851943      3.851943
   1.48464      3.923824      3.923821
   1.54070      3.995200      3.995191
   1.59676      4.128109      4.128108
   1.65282      4.224447      4.224437
   1.70888      4.360888      4.360888
   1.76493      4.307619      4.307617
   1.82099      4.196848      4.196845
   1.87705      4.135248      4.135247
   1.93311      4.112993      4.112993
   1.98917      4.104010      4.104010
   1.98917      4.104054      4.104033
   2.04692      4.131210      4.131210
   2.10468      4.202986      4.202986
   2.16243      4.192283      4.192276
   2.22019      4.285197      4.285196
   2.27794      4.398956      4.398955
   2.33570      4.469570      4.469654
   2.39346      4.467436      4.467412
   2.45121      4.532674      4.532676
   2.50897      4.523226      4.523226
   2.56672      4.475754      4.475757
   2.56672      3.797001      3.797001
   2.62357      3.760914      3.760915
   2.68041      3.776439      3.776440
   2.73726      3.833746      3.833746
   2.79410      3.931087      3.931087
   2.85095      4.047928      4.047928
   2.90779      4.116530      4.116531
   2.96464      4.207846      4.207843
   3.02148      4.235263      4.235267
   3.07833      4.124317      4.124317
   3.13517      4.104617      4.104619
   3.19202      4.104011      4.104010
   3.19202      4.104010      4.104010
   3.25026      4.095226      4.095190
   3.30850      4.118530      4.118529
   3.36675      4.085913      4.085913
   3.42499      4.131973      4.131973
   3.48324      4.182845      4.182844
   3.54148      4.176399      4.176398
   3.59973      4.157334      4.157327
   3.65797      4.166106      4.166105
   3.71621      4.182528      4.182529
   3.77446      4.182988      4.182989
 
# Band-Index   80
   3.77446      4.182992      4.182992
   3.71621      4.250017      4.250017
   3.65797      4.346971      4.346975
   3.59973      4.381661      4.381644
   3.54148      4.351547      4.351547
   3.48324      4.283648      4.283654
   3.42499      4.251751      4.251751
   3.36675      4.247417      4.247402
   3.30850      4.160971      4.160971
   3.25026      4.144082      4.144083
   3.19202      4.152916      4.152917
   3.19202      4.152916      4.152917
   3.13517      4.225428      4.225429
   3.07833      4.285638      4.285639
   3.02148      4.258351      4.258350
   2.96464      4.312171      4.312173
   2.90779      4.216980      4.216983
   2.85095      4.266521      4.266522
   2.79410      4.367724      4.367724
   2.73726      4.341651      4.341651
   2.68041      4.125087      4.125087
   2.62357      3.918846      3.918848
   2.56672      3.797010      3.797010
   2.56672      4.475773      4.475775
   2.50897      4.595430      4.595443
   2.45121      4.636823      4.636801
   2.39346      4.582236      4.582251
   2.33570      4.550893      4.550890
   2.27794      4.514083      4.514036
   2.22019      4.403040      4.403058
   2.16243      4.314498      4.314497
   2.10468      4.258262      4.258259
   2.04692      4.236849      4.236850
   1.98917      4.152916      4.152917
   1.98917      4.152916      4.152917
   1.93311      4.206279      4.206280
   1.87705      4.204327      4.204327
   1.82099      4.212745      4.212745
   1.76493      4.379270      4.379269
   1.70888      4.441115      4.441122
   1.65282      4.390373      4.390342
   1.59676      4.284875      4.284866
   1.54070      4.349526      4.349522
   1.48464      4.365423      4.365424
   1.42858      4.208662      4.208667
   1.37253      3.988120      3.988124
   1.31647      3.829148      3.829148
   1.26041      3.778078      3.778076
   1.26041      4.543175      4.543175
   1.19757      4.570855      4.570856
   1.13474      4.700867      4.700864
   1.07190      4.619260      4.619340
   1.00906      4.425201      4.425201
   0.94622      4.253136      4.253140
   0.88339      4.235157      4.235154
   0.82055      4.152916      4.152917
   0.82055      4.152916      4.152917
   0.75817      4.182854      4.182855
   0.69579      4.244795      4.244796
   0.63340      4.426192      4.426197
   0.57102      4.576434      4.576429
   0.50864      4.423919      4.423920
   0.44626      4.314713      4.314707
   0.44626      4.171646      4.171646
   0.38251      4.167963      4.167963
   0.31876      4.156734      4.156735
   0.25500      4.088967      4.088970
   0.19125      4.119553      4.119553
   0.12750      4.082066      4.082066
   0.06375      4.112461      4.112461
   0.00000      4.152916      4.152916
 
# Band-Index   81
   0.00000      4.287254      4.287250
   0.06375      4.298818      4.298816
   0.12750      4.329607      4.329606
   0.19125      4.347196      4.347436
   0.25500      4.143151      4.143153
   0.31876      4.232458      4.232446
   0.38251      4.502448      4.502446
   0.44626      4.641012      4.640973
   0.44626      4.382673      4.382670
   0.50864      4.438584      4.439154
   0.57102      4.649613      4.649632
   0.63340      4.478130      4.478130
   0.69579      4.336640      4.336639
   0.75817      4.267098      4.267097
   0.82055      4.287252      4.287250
   0.82055      4.287252      4.287250
   0.88339      4.428439      4.428439
   0.94622      4.415690      4.415692
   1.00906      4.426088      4.426089
   1.07190      4.714719      4.714711
   1.13474      4.761091      4.761106
   1.19757      4.836061      4.836058
   1.26041      4.888240      4.888236
   1.26041      4.692923      4.692924
   1.31647      4.640322      4.640322
   1.37253      4.645530      4.645543
   1.42858      4.718087      4.718085
   1.48464      4.720482      4.720486
   1.54070      4.797142      4.797130
   1.59676      4.718836      4.718822
   1.65282      4.597564      4.597564
   1.70888      4.573976      4.573972
   1.76493      4.468896      4.468895
   1.82099      4.368361      4.368359
   1.87705      4.302730      4.302733
   1.93311      4.290981      4.290981
   1.98917      4.287251      4.287251
   1.98917      4.287251      4.287252
   2.04692      4.314444      4.314443
   2.10468      4.293435      4.293435
   2.16243      4.414299      4.414301
   2.22019      4.656290      4.656282
   2.27794      4.682853      4.682873
   2.33570      4.643225      4.643220
   2.39346      4.682513      4.682518
   2.45121      4.739824      4.739810
   2.50897      4.890194      4.890215
   2.56672      4.931128      4.931112
   2.56672      4.766831      4.766830
   2.62357      4.721268      4.721267
   2.68041      4.678589      4.678589
   2.73726      4.510203      4.510203
   2.79410      4.502551      4.502551
   2.85095      4.432457      4.432456
   2.90779      4.405648      4.405651
   2.96464      4.400021      4.400024
   3.02148      4.333563      4.333570
   3.07833      4.341689      4.341698
   3.13517      4.306010      4.306013
   3.19202      4.287254      4.287250
   3.19202      4.287250      4.287253
   3.25026      4.281295      4.281295
   3.30850      4.283626      4.283626
   3.36675      4.295827      4.295827
   3.42499      4.351570      4.351538
   3.48324      4.354616      4.354611
   3.54148      4.421908      4.421832
   3.59973      4.524317      4.524466
   3.65797      4.551649      4.551709
   3.71621      4.557152      4.557508
   3.77446      4.555756      4.555770
 
# Band-Index   82
   3.77446      4.555816      4.555808
   3.71621      4.598819      4.598824
   3.65797      4.638293      4.638290
   3.59973      4.585592      4.585587
   3.54148      4.517659      4.517655
   3.48324      4.437519      4.437518
   3.42499      4.419002      4.419001
   3.36675      4.529256      4.529258
   3.30850      4.462322      4.462321
   3.25026      4.409781      4.409782
   3.19202      4.393893      4.393897
   3.19202      4.393896      4.393893
   3.13517      4.429010      4.429014
   3.07833      4.394958      4.394957
   3.02148      4.415159      4.415161
   2.96464      4.410106      4.410110
   2.90779      4.511079      4.511085
   2.85095      4.473860      4.473860
   2.79410      4.541283      4.541277
   2.73726      4.650055      4.650052
   2.68041      4.773861      4.773861
   2.62357      4.854532      4.854525
   2.56672      4.766832      4.766833
   2.56672      4.931140      4.931134
   2.50897      4.917579      4.917591
   2.45121      4.841231      4.841255
   2.39346      4.773064      4.773072
   2.33570      4.789375      4.789387
   2.27794      4.835964      4.835951
   2.22019      4.799643      4.799638
   2.16243      4.690739      4.690742
   2.10468      4.618870      4.618875
   2.04692      4.480692      4.480693
   1.98917      4.393894      4.393897
   1.98917      4.393896      4.393896
   1.93311      4.441472      4.441472
   1.87705      4.503875      4.503875
   1.82099      4.547654      4.547656
   1.76493      4.585967      4.585968
   1.70888      4.685622      4.685615
   1.65282      4.853871      4.853875
   1.59676      4.860587      4.860562
   1.54070      4.835417      4.835419
   1.48464      4.894251      4.894275
   1.42858      4.783990      4.783992
   1.37253      4.726478      4.726478
   1.31647      4.706251      4.706252
   1.26041      4.692937      4.692936
   1.26041      4.888289      4.888252
   1.19757      4.948867      4.948915
   1.13474      4.961801      4.961820
   1.07190      4.730897      4.730865
   1.00906      4.583272      4.583272
   0.94622      4.539706      4.539714
   0.88339      4.473044      4.473039
   0.82055      4.393893      4.393895
   0.82055      4.393894      4.393895
   0.75817      4.427406      4.427407
   0.69579      4.487385      4.487385
   0.63340      4.570168      4.570174
   0.57102      4.671556      4.671550
   0.50864      4.516016      4.516014
   0.44626      4.382690      4.382689
   0.44626      4.853715      4.853721
   0.38251      4.918255      4.918240
   0.31876      4.792216      4.792214
   0.25500      4.590344      4.590348
   0.19125      4.419602      4.419603
   0.12750      4.405443      4.405447
   0.06375      4.396176      4.396183
   0.00000      4.393895      4.393900
 
# Band-Index   83
   0.00000      4.770067      4.770046
   0.06375      4.692115      4.692111
   0.12750      4.708723      4.708723
   0.19125      4.626078      4.626078
   0.25500      4.786854      4.786853
   0.31876      5.029389      5.029378
   0.38251      4.980816      4.980853
   0.44626      5.060001      5.060010
   0.44626      4.925148      4.925137
   0.50864      4.850546      4.850575
   0.57102      4.748574      4.748573
   0.63340      4.722944      4.722948
   0.69579      4.688866      4.688867
   0.75817      4.745694      4.745696
   0.82055      4.770052      4.770042
   0.82055      4.770052      4.770057
   0.88339      4.633418      4.633413
   0.94622      4.842267      4.842243
   1.00906      5.093671      5.093679
   1.07190      4.943039      4.943069
   1.13474      4.992804      4.992934
   1.19757      5.152102      5.152087
   1.26041      5.185669      5.185626
   1.26041      4.908394      4.908386
   1.31647      4.931859      4.931853
   1.37253      4.993211      4.993087
   1.42858      5.000435      5.000400
   1.48464      5.019481      5.019483
   1.54070      5.072013      5.072020
   1.59676      5.070460      5.070472
   1.65282      4.929956      4.929721
   1.70888      4.830797      4.830801
   1.76493      4.793741      4.793742
   1.82099      4.759220      4.759215
   1.87705      4.732634      4.732635
   1.93311      4.758798      4.758799
   1.98917      4.770046      4.770065
   1.98917      4.770052      4.770048
   2.04692      4.661662      4.661666
   2.10468      4.711888      4.711891
   2.16243      4.806169      4.806167
   2.22019      4.832675      4.832660
   2.27794      4.927484      4.927483
   2.33570      4.965555      4.965556
   2.39346      4.930187      4.930243
   2.45121      4.914662      4.914627
   2.50897      4.952040      4.952028
   2.56672      5.068319      5.068284
   2.56672      5.017921      5.017920
   2.62357      4.911017      4.911018
   2.68041      4.786590      4.786591
   2.73726      4.720591      4.720591
   2.79410      4.550585      4.550585
   2.85095      4.575952      4.575943
   2.90779      4.548506      4.548520
   2.96464      4.747807      4.747808
   3.02148      4.797170      4.797175
   3.07833      4.766437      4.766437
   3.13517      4.770609      4.770611
   3.19202      4.770041      4.770050
   3.19202      4.770043      4.770058
   3.25026      4.702421      4.702423
   3.30850      4.648696      4.648691
   3.36675      4.632656      4.632656
   3.42499      4.747481      4.747475
   3.48324      4.750351      4.750477
   3.54148      4.753531      4.753580
   3.59973      4.829110      4.828903
   3.65797      4.763878      4.763922
   3.71621      4.654251      4.654256
   3.77446      4.683540      4.683539
 
# Band-Index   84
   3.77446      4.683561      4.683616
   3.71621      4.782764      4.782779
   3.65797      4.901741      4.901979
   3.59973      4.905358      4.905308
   3.54148      4.967788      4.967794
   3.48324      4.979869      4.979877
   3.42499      4.903845      4.903840
   3.36675      4.785267      4.785255
   3.30850      4.819209      4.819201
   3.25026      4.864654      4.864652
   3.19202      4.782656      4.782668
   3.19202      4.782656      4.782657
   3.13517      4.852668      4.852681
   3.07833      4.901494      4.901495
   3.02148      4.896536      4.896569
   2.96464      4.896287      4.896974
   2.90779      4.985133      4.985170
   2.85095      5.040536      5.040408
   2.79410      5.027733      5.027467
   2.73726      4.903941      4.903951
   2.68041      4.925207      4.925202
   2.62357      4.934312      4.934303
   2.56672      5.017944      5.017944
   2.56672      5.068409      5.068316
   2.50897      5.039012      5.038941
   2.45121      5.052036      5.052051
   2.39346      5.060388      5.060388
   2.33570      5.033886      5.033938
   2.27794      5.061690      5.061665
   2.22019      5.080845      5.080863
   2.16243      4.962604      4.962596
   2.10468      4.855890      4.855888
   2.04692      4.875429      4.875419
   1.98917      4.782656      4.782658
   1.98917      4.782658      4.782668
   1.93311      4.835307      4.835309
   1.87705      4.920337      4.920346
   1.82099      4.917865      4.917866
   1.76493      4.915447      4.915447
   1.70888      4.899141      4.899159
   1.65282      5.000893      5.001009
   1.59676      5.142166      5.142141
   1.54070      5.212127      5.212124
   1.48464      5.106657      5.106656
   1.42858      5.060162      5.060163
   1.37253      5.057961      5.057959
   1.31647      5.017543      5.017544
   1.26041      4.908409      4.908404
   1.26041      5.185771      5.185720
   1.19757      5.183373      5.183590
   1.13474      5.163512      5.163581
   1.07190      5.079965      5.079951
   1.00906      5.095534      5.095573
   0.94622      5.004219      5.004261
   0.88339      4.929628      4.929627
   0.82055      4.782657      4.782656
   0.82055      4.782659      4.782656
   0.75817      4.785699      4.785699
   0.69579      4.819248      4.819117
   0.63340      4.817705      4.817707
   0.57102      4.757828      4.757838
   0.50864      4.926667      4.926662
   0.44626      4.925154      4.925141
   0.44626      5.209694      5.209675
   0.38251      5.210834      5.210788
   0.31876      5.035759      5.035785
   0.25500      4.976413      4.976410
   0.19125      4.816012      4.816038
   0.12750      4.757297      4.757311
   0.06375      4.916777      4.916776
   0.00000      4.782662      4.782658
 
# Band-Index   85
   0.00000      4.997433      4.997435
   0.06375      4.938413      4.938413
   0.12750      5.030231      5.030224
   0.19125      5.068637      5.068628
   0.25500      5.118090      5.118067
   0.31876      5.157129      5.157140
   0.38251      5.213460      5.213474
   0.44626      5.230051      5.230172
   0.44626      5.249009      5.248989
   0.50864      5.017184      5.017202
   0.57102      4.842988      4.842998
   0.63340      4.885267      4.885237
   0.69579      4.938075      4.938086
   0.75817      4.982443      4.982442
   0.82055      4.997431      4.997433
   0.82055      4.997431      4.997433
   0.88339      4.947661      4.947619
   0.94622      5.070573      5.070568
   1.00906      5.162995      5.163012
   1.07190      5.121109      5.121194
   1.13474      5.167189      5.167274
   1.19757      5.347033      5.347078
   1.26041      5.650549      5.649799
   1.26041      5.198486      5.198482
   1.31647      5.158860      5.158860
   1.37253      5.110148      5.110116
   1.42858      5.128769      5.128758
   1.48464      5.203718      5.203719
   1.54070      5.245501      5.245564
   1.59676      5.227809      5.227836
   1.65282      5.148735      5.148752
   1.70888      5.009939      5.009950
   1.76493      4.982754      4.982744
   1.82099      5.025438      5.025440
   1.87705      4.948310      4.948320
   1.93311      4.922760      4.922761
   1.98917      4.997433      4.997444
   1.98917      4.997467      4.997434
   2.04692      4.961050      4.961047
   2.10468      5.072979      5.072972
   2.16243      5.176284      5.176288
   2.22019      5.136270      5.136309
   2.27794      5.214066      5.214094
   2.33570      5.222601      5.221859
   2.39346      5.189500      5.189516
   2.45121      5.147198      5.147126
   2.50897      5.110020      5.110069
   2.56672      5.101785      5.101797
   2.56672      5.144127      5.144137
   2.62357      5.114998      5.114997
   2.68041      5.044260      5.044232
   2.73726      5.103385      5.103368
   2.79410      5.157427      5.157470
   2.85095      5.228959      5.228958
   2.90779      5.138562      5.139029
   2.96464      4.958765      4.959566
   3.02148      4.916829      4.917108
   3.07833      4.945243      4.945246
   3.13517      4.903904      4.903914
   3.19202      4.997445      4.997472
   3.19202      4.997432      4.997432
   3.25026      4.962705      4.962697
   3.30850      5.015827      5.015794
   3.36675      5.035055      5.035057
   3.42499      5.009832      5.009827
   3.48324      5.080683      5.080734
   3.54148      5.080202      5.080164
   3.59973      5.035471      5.035451
   3.65797      5.063102      5.063134
   3.71621      5.216062      5.216027
   3.77446      5.247811      5.248074
 
# Band-Index   86
   3.77446      5.248735      5.248374
   3.71621      5.256686      5.256903
   3.65797      5.197994      5.198075
   3.59973      5.227331      5.226601
   3.54148      5.171499      5.171487
   3.48324      5.126389      5.127091
   3.42499      5.083801      5.083811
   3.36675      5.115826      5.115870
   3.30850      5.086350      5.086303
   3.25026      5.073809      5.073805
   3.19202      5.112840      5.112829
   3.19202      5.112830      5.112825
   3.13517      5.089237      5.089314
   3.07833      5.122848      5.122681
   3.02148      5.157072      5.157751
   2.96464      5.088010      5.087930
   2.90779      5.222450      5.221363
   2.85095      5.324805      5.324989
   2.79410      5.312515      5.312491
   2.73726      5.211991      5.211994
   2.68041      5.112738      5.112747
   2.62357      5.135900      5.135903
   2.56672      5.144144      5.144140
   2.56672      5.101870      5.101977
   2.50897      5.198259      5.198281
   2.45121      5.282281      5.282357
   2.39346      5.349997      5.349862
   2.33570      5.405257      5.404942
   2.27794      5.321170      5.321137
   2.22019      5.256988      5.256848
   2.16243      5.234258      5.234280
   2.10468      5.178790      5.178783
   2.04692      5.144328      5.144337
   1.98917      5.112837      5.112840
   1.98917      5.112830      5.112830
   1.93311      5.097106      5.097107
   1.87705      5.118603      5.118609
   1.82099      5.206354      5.206324
   1.76493      5.275912      5.275622
   1.70888      5.336890      5.336531
   1.65282      5.289596      5.288640
   1.59676      5.359199      5.357863
   1.54070      5.360053      5.360050
   1.48464      5.350592      5.350711
   1.42858      5.348692      5.348926
   1.37253      5.255072      5.255056
   1.31647      5.160814      5.160815
   1.26041      5.198499      5.198506
   1.26041      5.650907      5.650292
   1.19757      5.525792      5.526108
   1.13474      5.239431      5.239435
   1.07190      5.285584      5.285420
   1.00906      5.173078      5.173157
   0.94622      5.180178      5.180190
   0.88339      5.146074      5.146006
   0.82055      5.112825      5.112830
   0.82055      5.112824      5.112843
   0.75817      5.109824      5.109819
   0.69579      5.103457      5.103454
   0.63340      4.920351      4.920320
   0.57102      4.892422      4.892396
   0.50864      5.115811      5.115961
   0.44626      5.250170      5.248995
   0.44626      5.371923      5.372233
   0.38251      5.296143      5.296091
   0.31876      5.233835      5.233831
   0.25500      5.154138      5.154141
   0.19125      5.198214      5.198257
   0.12750      5.130342      5.130355
   0.06375      5.047306      5.047322
   0.00000      5.112824      5.112837
 
# Band-Index   87
   0.00000      5.180519      5.180525
   0.06375      5.278416      5.278433
   0.12750      5.327697      5.327682
   0.19125      5.374430      5.374458
   0.25500      5.341201      5.341358
   0.31876      5.237388      5.237368
   0.38251      5.365983      5.365628
   0.44626      5.440106      5.440343
   0.44626      5.403247      5.403224
   0.50864      5.480716      5.481499
   0.57102      5.334445      5.334280
   0.63340      5.206183      5.206839
   0.69579      5.201655      5.201663
   0.75817      5.209520      5.209513
   0.82055      5.180522      5.180514
   0.82055      5.180538      5.180514
   0.88339      5.293469      5.293467
   0.94622      5.300693      5.300734
   1.00906      5.339345      5.339396
   1.07190      5.505292      5.505220
   1.13474      5.621191      5.621804
   1.19757      5.674344      5.674168
   1.26041      5.750672      5.750517
   1.26041      5.405977      5.405930
   1.31647      5.403309      5.403273
   1.37253      5.388387      5.388485
   1.42858      5.450051      5.450821
   1.48464      5.547118      5.547646
   1.54070      5.528780      5.528886
   1.59676      5.478285      5.477981
   1.65282      5.511167      5.511168
   1.70888      5.410168      5.410639
   1.76493      5.401625      5.401367
   1.82099      5.408006      5.408020
   1.87705      5.469270      5.469276
   1.93311      5.336011      5.336027
   1.98917      5.180521      5.180814
   1.98917      5.180563      5.180768
   2.04692      5.247061      5.247051
   2.10468      5.283659      5.283873
   2.16243      5.285100      5.285147
   2.22019      5.390758      5.391092
   2.27794      5.449497      5.448350
   2.33570      5.507644      5.506641
   2.39346      5.521811      5.522324
   2.45121      5.534364      5.535541
   2.50897      5.546583      5.546389
   2.56672      5.510148      5.510258
   2.56672      5.292684      5.292684
   2.62357      5.301926      5.301901
   2.68041      5.371854      5.371846
   2.73726      5.453904      5.453907
   2.79410      5.583101      5.583455
   2.85095      5.650563      5.650987
   2.90779      5.579030      5.578447
   2.96464      5.516518      5.516700
   3.02148      5.438374      5.438585
   3.07833      5.490629      5.490606
   3.13517      5.381168      5.381438
   3.19202      5.180886      5.180546
   3.19202      5.180522      5.180520
   3.25026      5.240414      5.240399
   3.30850      5.265831      5.265838
   3.36675      5.291386      5.291383
   3.42499      5.348751      5.348733
   3.48324      5.245534      5.245534
   3.54148      5.235821      5.235801
   3.59973      5.235684      5.235713
   3.65797      5.255645      5.255743
   3.71621      5.273954      5.274185
   3.77446      5.445456      5.445633
 
# Band-Index   88
   3.77446      5.446488      5.446169
   3.71621      5.451855      5.451687
   3.65797      5.336433      5.336284
   3.59973      5.365386      5.364053
   3.54148      5.516968      5.517191
   3.48324      5.524510      5.524349
   3.42499      5.425423      5.425434
   3.36675      5.428452      5.427982
   3.30850      5.464009      5.463967
   3.25026      5.425606      5.425569
   3.19202      5.369150      5.369219
   3.19202      5.369239      5.369230
   3.13517      5.436880      5.437025
   3.07833      5.491036      5.490899
   3.02148      5.505119      5.506672
   2.96464      5.579519      5.579904
   2.90779      5.656448      5.656704
   2.85095      5.656697      5.656810
   2.79410      5.622004      5.621933
   2.73726      5.527075      5.527084
   2.68041      5.416912      5.416950
   2.62357      5.340423      5.340408
   2.56672      5.292690      5.292689
   2.56672      5.510888      5.510387
   2.50897      5.617121      5.617031
   2.45121      5.681384      5.680845
   2.39346      5.615337      5.615623
   2.33570      5.571814      5.565648
   2.27794      5.468604      5.468357
   2.22019      5.441052      5.441705
   2.16243      5.449349      5.449240
   2.10468      5.404605      5.404621
   2.04692      5.361733      5.361495
   1.98917      5.369356      5.369165
   1.98917      5.369278      5.369322
   1.93311      5.413149      5.413081
   1.87705      5.499546      5.499513
   1.82099      5.530868      5.530941
   1.76493      5.513553      5.513352
   1.70888      5.536308      5.536370
   1.65282      5.618142      5.618022
   1.59676      5.706528      5.706148
   1.54070      5.678265      5.677596
   1.48464      5.696350      5.696498
   1.42858      5.629175      5.629060
   1.37253      5.518524      5.518318
   1.31647      5.451247      5.451246
   1.26041      5.406021      5.406015
   1.26041      5.751244      5.750827
   1.19757      5.781330      5.782335
   1.13474      5.652755      5.653007
   1.07190      5.510058      5.507814
   1.00906      5.401760      5.402070
   0.94622      5.479767      5.479967
   0.88339      5.394634      5.394609
   0.82055      5.369129      5.369144
   0.82055      5.369165      5.369174
   0.75817      5.327284      5.327424
   0.69579      5.271453      5.270975
   0.63340      5.337113      5.337211
   0.57102      5.439792      5.439965
   0.50864      5.518522      5.519508
   0.44626      5.403313      5.403357
   0.44626      5.521552      5.521781
   0.38251      5.496413      5.496328
   0.31876      5.544518      5.544608
   0.25500      5.525269      5.524891
   0.19125      5.396906      5.396846
   0.12750      5.376367      5.376430
   0.06375      5.493580      5.493630
   0.00000      5.369139      5.369223
 
# Band-Index   89
   0.00000      5.561071      5.560949
   0.06375      5.502744      5.503010
   0.12750      5.693147      5.693167
   0.19125      5.527929      5.527910
   0.25500      5.538650      5.534524
   0.31876      5.614759      5.614874
   0.38251      5.603821      5.603761
   0.44626      5.616032      5.617567
   0.44626      5.923990      5.923545
   0.50864      5.704627      5.705054
   0.57102      5.602915      5.602350
   0.63340      5.630553      5.633269
   0.69579      5.658900      5.658809
   0.75817      5.596067      5.596106
   0.82055      5.561443      5.560981
   0.82055      5.561253      5.561053
   0.88339      5.514776      5.514738
   0.94622      5.601690      5.602595
   1.00906      5.736552      5.735019
   1.07190      5.775235      5.766047
   1.13474      5.919983      5.918841
   1.19757      5.965281      5.964128
   1.26041      5.854251      5.854587
   1.26041      5.469238      5.469266
   1.31647      5.495296      5.495319
   1.37253      5.569570      5.570164
   1.42858      5.683645      5.683654
   1.48464      5.767132      5.771817
   1.54070      5.817385      5.819758
   1.59676      5.797994      5.798149
   1.65282      5.817111      5.813620
   1.70888      5.835021      5.835397
   1.76493      5.692274      5.691769
   1.82099      5.646118      5.646875
   1.87705      5.574250      5.574179
   1.93311      5.541256      5.541273
   1.98917      5.561938      5.561076
   1.98917      5.561172      5.561010
   2.04692      5.550946      5.550765
   2.10468      5.587530      5.587975
   2.16243      5.533290      5.533281
   2.22019      5.547915      5.547973
   2.27794      5.607232      5.607621
   2.33570      5.677836      5.677930
   2.39346      5.844665      5.845645
   2.45121      5.764057      5.764174
   2.50897      5.683073      5.682979
   2.56672      5.728612      5.728591
   2.56672      5.499225      5.499221
   2.62357      5.442971      5.442997
   2.68041      5.528971      5.528970
   2.73726      5.655350      5.655095
   2.79410      5.817584      5.818175
   2.85095      5.886865      5.886498
   2.90779      5.816019      5.815103
   2.96464      5.878894      5.878863
   3.02148      5.868652      5.868871
   3.07833      5.663115      5.662730
   3.13517      5.524795      5.525722
   3.19202      5.561153      5.560963
   3.19202      5.560964      5.561102
   3.25026      5.546479      5.546537
   3.30850      5.591455      5.591544
   3.36675      5.690603      5.690568
   3.42499      5.630817      5.630436
   3.48324      5.557587      5.558572
   3.54148      5.525262      5.525402
   3.59973      5.531055      5.525912
   3.65797      5.524140      5.524231
   3.71621      5.511441      5.511361
   3.77446      5.602861      5.602816
 
# Band-Index   90
   3.77446      5.605728      5.603521
   3.71621      5.806923      5.810047
   3.65797      5.847287      5.855526
   3.59973      5.859751      5.860509
   3.54148      5.812745      5.812144
   3.48324      5.726570      5.728077
   3.42499      5.693976      5.693628
   3.36675      5.732665      5.731969
   3.30850      5.784301      5.783661
   3.25026      5.788445      5.788521
   3.19202      5.777126      5.775869
   3.19202      5.778767      5.776110
   3.13517      5.797666      5.797808
   3.07833      5.868905      5.856878
   3.02148      5.927937      5.928640
   2.96464      5.976673      5.978475
   2.90779      6.012932      6.010774
   2.85095      5.977970      5.978752
   2.79410      5.998965      5.999439
   2.73726      5.818142      5.818362
   2.68041      5.698869      5.698787
   2.62357      5.619088      5.619083
   2.56672      5.499275      5.499327
   2.56672      5.728944      5.729383
   2.50897      5.738173      5.738152
   2.45121      5.885349      5.885553
   2.39346      5.989911      5.991331
   2.33570      5.862610      5.858977
   2.27794      5.800978      5.794628
   2.22019      5.679294      5.681252
   2.16243      5.687353      5.686961
   2.10468      5.727845      5.729490
   2.04692      5.827449      5.827118
   1.98917      5.775770      5.776370
   1.98917      5.775911      5.775820
   1.93311      5.797281      5.796352
   1.87705      5.778738      5.776742
   1.82099      5.861474      5.861499
   1.76493      5.961796      5.960790
   1.70888      5.918823      5.918967
   1.65282      5.984739      5.984836
   1.59676      5.951577      5.950235
   1.54070      5.862077      5.861448
   1.48464      5.843230      5.844789
   1.42858      5.822731      5.825612
   1.37253      5.678070      5.679413
   1.31647      5.529125      5.528951
   1.26041      5.469331      5.469319
   1.26041      5.857314      5.856087
   1.19757      5.968279      5.974054
   1.13474      5.988469      5.993057
   1.07190      5.927629      5.919056
   1.00906      5.838071      5.845078
   0.94622      5.838488      5.838699
   0.88339      5.859357      5.857694
   0.82055      5.775980      5.775736
   0.82055      5.775896      5.776356
   0.75817      5.808834      5.809510
   0.69579      5.813027      5.813272
   0.63340      5.818891      5.818843
   0.57102      5.812620      5.816894
   0.50864      5.777133      5.779410
   0.44626      5.927583      5.925381
   0.44626      5.689619      5.690462
   0.38251      5.755088      5.754759
   0.31876      5.709259      5.709323
   0.25500      5.701745      5.701985
   0.19125      5.752825      5.753863
   0.12750      5.713180      5.713356
   0.06375      5.767528      5.768124
   0.00000      5.775787      5.775943
 
# Band-Index   91
   0.00000      6.031010      6.033125
   0.06375      5.954372      5.952636
   0.12750      5.790695      5.790186
   0.19125      5.760792      5.761312
   0.25500      5.744904      5.750403
   0.31876      5.828357      5.835499
   0.38251      5.917103      5.918859
   0.44626      5.975370      5.976345
   0.44626      5.997520      5.995047
   0.50864      5.894294      5.896738
   0.57102      5.888552      5.892591
   0.63340      5.988575      5.984541
   0.69579      6.008536      6.007890
   0.75817      5.986919      5.991956
   0.82055      6.030641      6.030525
   0.82055      6.031273      6.033275
   0.88339      5.979889      5.982900
   0.94622      5.916817      5.941154
   1.00906      5.955142      5.968611
   1.07190      6.049529      6.040502
   1.13474      6.249807      6.255032
   1.19757      6.248495      6.250161
   1.26041      6.232786      6.235757
   1.26041      6.037505      6.039715
   1.31647      6.005044      6.007151
   1.37253      5.927434      5.929455
   1.42858      5.863623      5.870798
   1.48464      5.918221      5.922618
   1.54070      6.040930      6.046564
   1.59676      6.038328      6.044698
   1.65282      6.081622      6.077244
   1.70888      6.065829      6.064704
   1.76493      6.009595      6.007751
   1.82099      5.969078      5.968193
   1.87705      5.975930      5.974233
   1.93311      6.008287      6.007040
   1.98917      6.033908      6.032633
   1.98917      6.032510      6.032893
   2.04692      5.980464      5.981104
   2.10468      6.008110      6.008324
   2.16243      5.990687      5.986689
   2.22019      5.967761      5.973228
   2.27794      5.858072      5.858937
   2.33570      6.050299      6.049801
   2.39346      6.036193      6.038601
   2.45121      5.982781      5.984469
   2.50897      5.964222      5.964002
   2.56672      5.947624      5.947442
   2.56672      5.723390      5.723380
   2.62357      5.762217      5.762175
   2.68041      5.947173      5.947925
   2.73726      6.128178      6.126956
   2.79410      6.163047      6.165182
   2.85095      6.300267      6.299267
   2.90779      6.350582      6.314616
   2.96464      6.234028      6.234345
   3.02148      6.077877      6.079046
   3.07833      5.953597      5.956170
   3.13517      6.030676      6.032890
   3.19202      6.032164      6.035483
   3.19202      6.031750      6.033527
   3.25026      5.957745      5.956506
   3.30850      5.838806      5.838286
   3.36675      5.786182      5.785727
   3.42499      5.872745      5.872026
   3.48324      6.002734      5.994360
   3.54148      6.016600      6.013159
   3.59973      6.038927      6.042638
   3.65797      5.995973      6.006420
   3.71621      5.876194      5.890292
   3.77446      5.968006      5.969581
 
# Band-Index   92
   3.77446      6.004467      5.971970
   3.71621      6.070290      6.076228
   3.65797      6.179295      6.184606
   3.59973      6.140875      6.145809
   3.54148      6.172341      6.168217
   3.48324      6.150436      6.148315
   3.42499      6.031275      6.027863
   3.36675      5.895361      5.897758
   3.30850      5.941820      5.941100
   3.25026      6.112400      6.112393
   3.19202      6.260653      6.269964
   3.19202      6.280818      6.263844
   3.13517      6.090882      6.096195
   3.07833      6.052717      6.029244
   3.02148      6.082441      6.084232
   2.96464      6.239767      6.234984
   2.90779      6.404906      6.388365
   2.85095      6.498726      6.516961
   2.79410      6.340929      6.347855
   2.73726      6.395462      6.388788
   2.68041      6.116395      6.116798
   2.62357      5.874129      5.874155
   2.56672      5.723431      5.723474
   2.56672      5.949814      5.951370
   2.50897      6.098853      6.098608
   2.45121      6.298525      6.300896
   2.39346      6.112363      6.122474
   2.33570      6.068505      6.070080
   2.27794      6.013546      6.016443
   2.22019      6.054097      6.051725
   2.16243      6.049921      6.048431
   2.10468      6.056233      6.058551
   2.04692      6.164005      6.161526
   1.98917      6.267512      6.267405
   1.98917      6.278807      6.267577
   1.93311      6.156261      6.142792
   1.87705      6.067465      6.068277
   1.82099      6.080002      6.080561
   1.76493      6.115659      6.103090
   1.70888      6.130010      6.130920
   1.65282      6.172051      6.175831
   1.59676      6.243539      6.252264
   1.54070      6.174011      6.167644
   1.48464      6.103099      6.105555
   1.42858      6.030486      6.028560
   1.37253      6.036134      6.042781
   1.31647      6.040806      6.039559
   1.26041      6.041715      6.039756
   1.26041      6.238034      6.241039
   1.19757      6.275903      6.258865
   1.13474      6.259463      6.259940
   1.07190      6.222236      6.220859
   1.00906      6.110595      6.110151
   0.94622      6.040999      6.047738
   0.88339      6.122174      6.102496
   0.82055      6.260542      6.260880
   0.82055      6.264976      6.259765
   0.75817      6.173588      6.171828
   0.69579      6.048113      6.050604
   0.63340      6.033817      6.038109
   0.57102      6.046321      6.049642
   0.50864      6.042926      6.042309
   0.44626      6.018234      6.003567
   0.44626      6.317871      6.321539
   0.38251      6.294665      6.312439
   0.31876      6.263631      6.270467
   0.25500      6.131140      6.140838
   0.19125      5.934065      5.936210
   0.12750      5.834530      5.834686
   0.06375      5.985183      5.983640
   0.00000      6.259039      6.273600
 
# Band-Index   93
   0.00000      6.274293      6.281667
   0.06375      6.350565      6.345610
   0.12750      6.521336      6.522661
   0.19125      6.437666      6.434236
   0.25500      6.336909      6.326347
   0.31876      6.273286      6.284843
   0.38251      6.397314      6.374399
   0.44626      6.436576      6.446034
   0.44626      6.037987      6.036505
   0.50864      6.116198      6.120056
   0.57102      6.185386      6.193077
   0.63340      6.121472      6.146817
   0.69579      6.223801      6.247357
   0.75817      6.326526      6.324455
   0.82055      6.269608      6.271943
   0.82055      6.284113      6.277209
   0.88339      6.358097      6.348106
   0.94622      6.344896      6.344781
   1.00906      6.299207      6.305301
   1.07190      6.427515      6.409159
   1.13474      6.372077      6.379610
   1.19757      6.377488      6.416615
   1.26041      6.500782      6.536120
   1.26041      6.360168      6.351391
   1.31647      6.327528      6.339012
   1.37253      6.277844      6.267891
   1.42858      6.171891      6.191537
   1.48464      6.152508      6.193119
   1.54070      6.277861      6.225613
   1.59676      6.343132      6.357631
   1.65282      6.476780      6.495442
   1.70888      6.487635      6.482622
   1.76493      6.326355      6.317636
   1.82099      6.217676      6.218064
   1.87705      6.239516      6.235471
   1.93311      6.291492      6.293922
   1.98917      6.281362      6.331758
   1.98917      6.309807      6.283302
   2.04692      6.327660      6.329708
   2.10468      6.277233      6.290995
   2.16243      6.188572      6.187613
   2.22019      6.174489      6.176194
   2.27794      6.302336      6.285176
   2.33570      6.177387      6.175024
   2.39346      6.303571      6.306051
   2.45121      6.357360      6.360392
   2.50897      6.506678      6.500233
   2.56672      6.559374      6.598548
   2.56672      6.925947      6.932359
   2.62357      6.808187      6.797181
   2.68041      6.657685      6.647559
   2.73726      6.443997      6.445373
   2.79410      6.640877      6.640468
   2.85095      6.554530      6.564944
   2.90779      6.618598      6.577856
   2.96464      6.332882      6.347959
   3.02148      6.239176      6.247072
   3.07833      6.303829      6.258511
   3.13517      6.295587      6.295603
   3.19202      6.318322      6.282083
   3.19202      6.284708      6.271597
   3.25026      6.285674      6.279108
   3.30850      6.305220      6.307656
   3.36675      6.344199      6.351327
   3.42499      6.300202      6.286293
   3.48324      6.267810      6.275654
   3.54148      6.461019      6.446589
   3.59973      6.471943      6.402701
   3.65797      6.221543      6.223988
   3.71621      6.285482      6.291009
   3.77446      6.311268      6.305199
 
# Band-Index   94
   3.77446      6.333976      6.438132
   3.71621      6.361656      6.365977
   3.65797      6.537780      6.484638
   3.59973      6.520907      6.524957
   3.54148      6.553231      6.520374
   3.48324      6.557671      6.537927
   3.42499      6.523634      6.524001
   3.36675      6.497202      6.509188
   3.30850      6.535031      6.522811
   3.25026      6.626306      6.614104
   3.19202      6.568584      6.571222
   3.19202      6.664959      6.580010
   3.13517      6.612957      6.636876
   3.07833      6.617485      6.575515
   3.02148      6.519050      6.526389
   2.96464      6.613963      6.628174
   2.90779      6.805778      6.735396
   2.85095      6.600990      6.600247
   2.79410      6.686711      6.683029
   2.73726      6.931433      6.968078
   2.68041      7.089898      7.108862
   2.62357      7.053589      7.053008
   2.56672      6.937286      6.951763
   2.56672      6.669697      6.846208
   2.50897      6.628718      6.582127
   2.45121      6.540693      6.539503
   2.39346      6.443851      6.532312
   2.33570      6.462606      6.472358
   2.27794      6.390206      6.391493
   2.22019      6.398743      6.418927
   2.16243      6.492496      6.454344
   2.10468      6.474651      6.487832
   2.04692      6.523992      6.536253
   1.98917      6.589361      6.567946
   1.98917      6.573747      6.572116
   1.93311      6.592623      6.586625
   1.87705      6.536343      6.522826
   1.82099      6.458256      6.448341
   1.76493      6.473848      6.487758
   1.70888      6.564912      6.540627
   1.65282      6.699040      6.696463
   1.59676      6.589976      6.651878
   1.54070      6.578539      6.591257
   1.48464      6.485477      6.613067
   1.42858      6.454958      6.459561
   1.37253      6.464860      6.450731
   1.31647      6.396234      6.415560
   1.26041      6.380192      6.351868
   1.26041      6.530965      6.662077
   1.19757      6.565190      6.568022
   1.13474      6.441963      6.423958
   1.07190      6.446535      6.458167
   1.00906      6.317603      6.330243
   0.94622      6.368190      6.406833
   0.88339      6.530622      6.536817
   0.82055      6.570138      6.573539
   0.82055      6.567703      6.579168
   0.75817      6.469157      6.460419
   0.69579      6.481043      6.430062
   0.63340      6.391836      6.402245
   0.57102      6.297792      6.293030
   0.50864      6.164394      6.182472
   0.44626      6.068874      6.046173
   0.44626      6.669234      6.666641
   0.38251      6.704562      6.707844
   0.31876      6.786502      6.777190
   0.25500      6.786383      6.783354
   0.19125      6.702428      6.705621
   0.12750      6.563392      6.528199
   0.06375      6.646178      6.655992
   0.00000      6.566054      6.571457
 
# Band-Index   95
   0.00000      6.749978      6.671534
   0.06375      6.727193      6.771444
   0.12750      6.754211      6.770223
   0.19125      6.718176      6.718588
   0.25500      6.873340      6.865849
   0.31876      6.858690      6.886534
   0.38251      6.799139      6.791280
   0.44626      6.760631      6.725322
   0.44626      6.276000      6.274864
   0.50864      6.392741      6.400093
   0.57102      6.333889      6.361859
   0.63340      6.430167      6.452413
   0.69579      6.544683      6.543343
   0.75817      6.660915      6.641565
   0.82055      6.692560      6.672816
   0.82055      6.648842      6.673827
   0.88339      6.631356      6.588612
   0.94622      6.452978      6.635462
   1.00906      6.446464      6.467450
   1.07190      6.572096      6.475830
   1.13474      6.600506      6.623637
   1.19757      6.587046      6.638624
   1.26041      6.738490      6.773831
   1.26041      6.657496      6.664308
   1.31647      6.623335      6.651433
   1.37253      6.594162      6.591841
   1.42858      6.670087      6.634964
   1.48464      6.612884      6.674937
   1.54070      6.675279      6.622607
   1.59676      6.756769      6.718355
   1.65282      6.757846      6.892962
   1.70888      6.738840      6.764114
   1.76493      6.725242      6.711759
   1.82099      6.557671      6.560069
   1.87705      6.605144      6.576465
   1.93311      6.668748      6.640516
   1.98917      6.720327      6.702202
   1.98917      6.729642      6.661074
   2.04692      6.632227      6.641297
   2.10468      6.580483      6.568923
   2.16243      6.538449      6.498608
   2.22019      6.488079      6.568822
   2.27794      6.610671      6.577811
   2.33570      6.517710      6.685178
   2.39346      6.543276      6.726377
   2.45121      6.695961      6.753469
   2.50897      6.744727      6.777715
   2.56672      6.912912      6.922570
   2.56672      7.139579      7.149073
   2.62357      7.090919      7.115278
   2.68041      7.193268      7.174577
   2.73726      7.007786      7.029346
   2.79410      6.796175      6.879510
   2.85095      6.725244      6.833503
   2.90779      6.833607      6.803039
   2.96464      6.813215      6.831368
   3.02148      6.622553      6.660205
   3.07833      6.726582      6.630192
   3.13517      6.674091      6.675376
   3.19202      6.719007      6.745116
   3.19202      6.673819      6.653568
   3.25026      6.746953      6.682986
   3.30850      6.685398      6.695806
   3.36675      6.595390      6.641563
   3.42499      6.550168      6.572483
   3.48324      6.593143      6.636908
   3.54148      6.618122      6.610275
   3.59973      6.594525      6.579147
   3.65797      6.697099      6.721525
   3.71621      6.928300      6.935126
   3.77446      6.883817      6.929249
 
# Band-Index   96
   3.77446      6.969641      6.992450
   3.71621      6.949999      6.974314
   3.65797      6.911299      6.905481
   3.59973      6.926004      6.820380
   3.54148      6.779380      6.742463
   3.48324      6.840585      6.839246
   3.42499      6.828077      6.795703
   3.36675      6.792885      6.881762
   3.30850      6.985583      6.921098
   3.25026      6.902891      6.900413
   3.19202      6.910890      6.898649
   3.19202      6.997290      6.881976
   3.13517      6.846160      6.950699
   3.07833      7.160883      7.023298
   3.02148      6.946689      6.951827
   2.96464      6.892257      7.047924
   2.90779      6.974219      6.959346
   2.85095      6.945818      6.914645
   2.79410      7.050896      6.944134
   2.73726      7.115367      7.121758
   2.68041      7.350361      7.236419
   2.62357      7.284140      7.299815
   2.56672      7.159477      7.188665
   2.56672      7.051123      7.102739
   2.50897      7.100383      6.891258
   2.45121      6.809909      6.910318
   2.39346      6.620841      6.800940
   2.33570      6.847910      6.898819
   2.27794      6.818352      6.754064
   2.22019      6.786588      6.753964
   2.16243      6.676274      6.659557
   2.10468      6.737222      6.765666
   2.04692      6.779863      6.802887
   1.98917      6.928653      6.964337
   1.98917      6.906063      6.910349
   1.93311      6.825547      6.806205
   1.87705      6.871523      6.796817
   1.82099      6.922796      6.931548
   1.76493      6.889062      6.886911
   1.70888      6.945577      6.910946
   1.65282      6.914439      6.988380
   1.59676      6.933281      6.855666
   1.54070      6.798181      6.927070
   1.48464      6.772252      6.723459
   1.42858      6.754215      6.752691
   1.37253      6.743963      6.746415
   1.31647      6.706425      6.692635
   1.26041      6.782411      6.764699
   1.26041      6.949016      7.030350
   1.19757      6.698527      6.895393
   1.13474      6.624536      6.705533
   1.07190      6.648687      6.652044
   1.00906      6.764356      6.745741
   0.94622      6.791217      6.808815
   0.88339      6.878709      6.876270
   0.82055      6.921346      6.909966
   0.82055      6.894226      6.923966
   0.75817      6.751273      6.743382
   0.69579      6.750485      6.751729
   0.63340      6.722896      6.795042
   0.57102      6.676870      6.669180
   0.50864      6.432810      6.801300
   0.44626      6.354948      6.328181
   0.44626      6.793373      6.794709
   0.38251      6.816189      6.825127
   0.31876      7.043150      6.954974
   0.25500      7.240724      7.085337
   0.19125      6.938909      6.924557
   0.12750      6.874302      6.813568
   0.06375      7.068284      6.862400
   0.00000      6.929599      6.912407
