#K-Path(1/A)         Spin-Up(eV)   Spin-down(eV)
# NKPTS & NBANDS: 140  24
# Band-Index    1
   0.00000    -45.351964    -45.351964
   0.05278    -45.351974    -45.351974
   0.10556    -45.351996    -45.351996
   0.15834    -45.352034    -45.352035
   0.21112    -45.352043    -45.352043
   0.26390    -45.352078    -45.352078
   0.31669    -45.352120    -45.352120
   0.36947    -45.352155    -45.352155
   0.42225    -45.352226    -45.352226
   0.47503    -45.352261    -45.352261
   0.52781    -45.352311    -45.352311
   0.58059    -45.352382    -45.352382
   0.63337    -45.352461    -45.352462
   0.68615    -45.352538    -45.352538
   0.73893    -45.352603    -45.352603
   0.79171    -45.352674    -45.352674
   0.84449    -45.352741    -45.352742
   0.89727    -45.352821    -45.352821
   0.95006    -45.352921    -45.352921
   1.00284    -45.352982    -45.352983
   1.00284    -45.352971    -45.352971
   1.05855    -45.353061    -45.353062
   1.11427    -45.353128    -45.353129
   1.16998    -45.353200    -45.353201
   1.22570    -45.353297    -45.353297
   1.28141    -45.353359    -45.353359
   1.33713    -45.353409    -45.353410
   1.39284    -45.353448    -45.353449
   1.44856    -45.353472    -45.353472
   1.50427    -45.353484    -45.353485
   1.50427    -45.353484    -45.353485
   1.55855    -45.353449    -45.353450
   1.61283    -45.353348    -45.353348
   1.66711    -45.353189    -45.353189
   1.72139    -45.353009    -45.353009
   1.77567    -45.352810    -45.352811
   1.82995    -45.352607    -45.352607
   1.88423    -45.352444    -45.352444
   1.93851    -45.352297    -45.352297
   1.99279    -45.352200    -45.352201
   2.04707    -45.352121    -45.352121
   2.10135    -45.352079    -45.352079
   2.15563    -45.352019    -45.352019
   2.20991    -45.352023    -45.352024
   2.26419    -45.351986    -45.351986
   2.31846    -45.351970    -45.351970
   2.37274    -45.351964    -45.351964
   2.37274    -45.351964    -45.351964
   2.42678    -45.351975    -45.351975
   2.48082    -45.352001    -45.352002
   2.53486    -45.352017    -45.352018
   2.58889    -45.352059    -45.352059
   2.64293    -45.352103    -45.352103
   2.69697    -45.352126    -45.352126
   2.75100    -45.352202    -45.352202
   2.80504    -45.352288    -45.352289
   2.85908    -45.352424    -45.352424
   2.91311    -45.352583    -45.352584
   2.96715    -45.352768    -45.352768
   3.02119    -45.352968    -45.352968
   3.07523    -45.353182    -45.353182
   3.12926    -45.353391    -45.353392
   3.18330    -45.353566    -45.353567
   3.23734    -45.353705    -45.353706
   3.29137    -45.353784    -45.353785
   3.34541    -45.353799    -45.353799
   3.34541    -45.353799    -45.353799
   3.40113    -45.353810    -45.353811
   3.45684    -45.353792    -45.353792
   3.51256    -45.353728    -45.353729
   3.56827    -45.353634    -45.353635
   3.62399    -45.353522    -45.353523
   3.67971    -45.353420    -45.353421
   3.73542    -45.353295    -45.353295
   3.79114    -45.353172    -45.353173
   3.84685    -45.353026    -45.353026
   3.84685    -45.353037    -45.353038
   3.89963    -45.352922    -45.352923
   3.95241    -45.352789    -45.352789
   4.00519    -45.352642    -45.352642
   4.05798    -45.352518    -45.352519
   4.11076    -45.352417    -45.352418
   4.16354    -45.352331    -45.352331
   4.21632    -45.352252    -45.352252
   4.26910    -45.352194    -45.352194
   4.32188    -45.352116    -45.352116
   4.37466    -45.352061    -45.352061
   4.42744    -45.352025    -45.352025
   4.48022    -45.351987    -45.351987
   4.53300    -45.351955    -45.351955
   4.58578    -45.351948    -45.351948
   4.63856    -45.351948    -45.351948
   4.69134    -45.351922    -45.351922
   4.74412    -45.351920    -45.351920
   4.79690    -45.351909    -45.351910
   4.84968    -45.351886    -45.351886
   4.84968    -45.351886    -45.351886
   4.91226    -45.351934    -45.351935
   4.97483    -45.351942    -45.351942
   5.03740    -45.351951    -45.351951
   5.09998    -45.351983    -45.351984
   5.16255    -45.352031    -45.352031
   5.22512    -45.351993    -45.351993
   5.28770    -45.351964    -45.351964
   5.28770    -45.353096    -45.353097
   5.34174    -45.353085    -45.353085
   5.39577    -45.353056    -45.353056
   5.44981    -45.352996    -45.352997
   5.50385    -45.352922    -45.352922
   5.55789    -45.352834    -45.352835
   5.61193    -45.352723    -45.352724
   5.66596    -45.352614    -45.352615
   5.72000    -45.352512    -45.352512
   5.77404    -45.352408    -45.352408
   5.82808    -45.352316    -45.352316
   5.88212    -45.352244    -45.352245
   5.93616    -45.352171    -45.352171
   5.99019    -45.352135    -45.352135
   6.04423    -45.352075    -45.352075
   6.09827    -45.352030    -45.352030
   6.15231    -45.352002    -45.352003
   6.20635    -45.351975    -45.351976
   6.26038    -45.351964    -45.351964
   6.26038    -45.351964    -45.351964
   6.31466    -45.351974    -45.351974
   6.36894    -45.351999    -45.351999
   6.42322    -45.352051    -45.352052
   6.47751    -45.352065    -45.352065
   6.53179    -45.352143    -45.352144
   6.58607    -45.352199    -45.352199
   6.64035    -45.352281    -45.352281
   6.69463    -45.352363    -45.352364
   6.74891    -45.352471    -45.352472
   6.80319    -45.352559    -45.352559
   6.85747    -45.352658    -45.352658
   6.91175    -45.352734    -45.352734
   6.96603    -45.352779    -45.352779
   7.02031    -45.352838    -45.352838
   7.07459    -45.352866    -45.352866
   7.12887    -45.352878    -45.352878
 
# Band-Index    2
   7.12887    -45.344248    -45.344249
   7.07459    -45.344228    -45.344229
   7.02031    -45.344184    -45.344185
   6.96603    -45.344122    -45.344123
   6.91175    -45.344035    -45.344037
   6.85747    -45.343939    -45.343941
   6.80319    -45.343809    -45.343810
   6.74891    -45.343683    -45.343684
   6.69463    -45.343568    -45.343569
   6.64035    -45.343486    -45.343488
   6.58607    -45.343393    -45.343395
   6.53179    -45.343332    -45.343334
   6.47751    -45.343281    -45.343282
   6.42322    -45.343254    -45.343256
   6.36894    -45.343215    -45.343217
   6.31466    -45.343190    -45.343191
   6.26038    -45.343165    -45.343167
   6.26038    -45.343165    -45.343167
   6.20635    -45.343196    -45.343198
   6.15231    -45.343213    -45.343214
   6.09827    -45.343232    -45.343234
   6.04423    -45.343272    -45.343273
   5.99019    -45.343320    -45.343321
   5.93616    -45.343379    -45.343381
   5.88212    -45.343471    -45.343472
   5.82808    -45.343577    -45.343578
   5.77404    -45.343717    -45.343719
   5.72000    -45.343876    -45.343877
   5.66596    -45.344032    -45.344033
   5.61193    -45.344195    -45.344197
   5.55789    -45.344349    -45.344350
   5.50385    -45.344490    -45.344492
   5.44981    -45.344594    -45.344595
   5.39577    -45.344675    -45.344676
   5.34174    -45.344716    -45.344718
   5.28770    -45.344717    -45.344719
   5.28770    -45.343165    -45.343167
   5.22512    -45.343207    -45.343209
   5.16255    -45.343227    -45.343229
   5.09998    -45.343229    -45.343231
   5.03740    -45.343234    -45.343236
   4.97483    -45.343264    -45.343265
   4.91226    -45.343271    -45.343272
   4.84968    -45.343244    -45.343245
   4.84968    -45.343244    -45.343245
   4.79690    -45.343297    -45.343298
   4.74412    -45.343391    -45.343393
   4.69134    -45.343540    -45.343541
   4.63856    -45.343755    -45.343756
   4.58578    -45.343993    -45.343995
   4.53300    -45.344281    -45.344283
   4.48022    -45.344607    -45.344609
   4.42744    -45.344958    -45.344959
   4.37466    -45.345315    -45.345316
   4.32188    -45.345683    -45.345684
   4.26910    -45.346053    -45.346054
   4.21632    -45.346387    -45.346389
   4.16354    -45.346718    -45.346720
   4.11076    -45.347016    -45.347018
   4.05798    -45.347301    -45.347302
   4.00519    -45.347575    -45.347577
   3.95241    -45.347826    -45.347828
   3.89963    -45.348038    -45.348039
   3.84685    -45.348202    -45.348204
   3.84685    -45.348190    -45.348192
   3.79114    -45.348354    -45.348355
   3.73542    -45.348472    -45.348474
   3.67971    -45.348576    -45.348577
   3.62399    -45.348644    -45.348646
   3.56827    -45.348716    -45.348718
   3.51256    -45.348769    -45.348771
   3.45684    -45.348802    -45.348803
   3.40113    -45.348804    -45.348805
   3.34541    -45.348786    -45.348787
   3.34541    -45.348786    -45.348787
   3.29137    -45.348779    -45.348780
   3.23734    -45.348718    -45.348720
   3.18330    -45.348598    -45.348599
   3.12926    -45.348413    -45.348415
   3.07523    -45.348180    -45.348182
   3.02119    -45.347862    -45.347864
   2.96715    -45.347468    -45.347470
   2.91311    -45.347032    -45.347034
   2.85908    -45.346533    -45.346535
   2.80504    -45.346012    -45.346014
   2.75100    -45.345484    -45.345485
   2.69697    -45.344959    -45.344960
   2.64293    -45.344487    -45.344489
   2.58889    -45.344042    -45.344043
   2.53486    -45.343688    -45.343689
   2.48082    -45.343417    -45.343418
   2.42678    -45.343251    -45.343252
   2.37274    -45.343165    -45.343167
   2.37274    -45.343165    -45.343167
   2.31846    -45.343265    -45.343266
   2.26419    -45.343491    -45.343492
   2.20991    -45.343855    -45.343856
   2.15563    -45.344299    -45.344300
   2.10135    -45.344853    -45.344855
   2.04707    -45.345432    -45.345434
   1.99279    -45.346077    -45.346078
   1.93851    -45.346699    -45.346700
   1.88423    -45.347309    -45.347311
   1.82995    -45.347849    -45.347850
   1.77567    -45.348311    -45.348312
   1.72139    -45.348654    -45.348656
   1.66711    -45.348897    -45.348898
   1.61283    -45.349065    -45.349066
   1.55855    -45.349158    -45.349159
   1.50427    -45.349187    -45.349188
   1.50427    -45.349187    -45.349188
   1.44856    -45.349168    -45.349169
   1.39284    -45.349125    -45.349126
   1.33713    -45.349060    -45.349061
   1.28141    -45.348967    -45.348968
   1.22570    -45.348850    -45.348851
   1.16998    -45.348685    -45.348687
   1.11427    -45.348527    -45.348528
   1.05855    -45.348356    -45.348357
   1.00284    -45.348134    -45.348136
   1.00284    -45.348146    -45.348148
   0.95006    -45.347951    -45.347953
   0.89727    -45.347704    -45.347705
   0.84449    -45.347442    -45.347444
   0.79171    -45.347177    -45.347179
   0.73893    -45.346891    -45.346893
   0.68615    -45.346574    -45.346576
   0.63337    -45.346241    -45.346242
   0.58059    -45.345883    -45.345885
   0.52781    -45.345528    -45.345530
   0.47503    -45.345172    -45.345173
   0.42225    -45.344848    -45.344850
   0.36947    -45.344502    -45.344504
   0.31669    -45.344198    -45.344199
   0.26390    -45.343921    -45.343923
   0.21112    -45.343669    -45.343671
   0.15834    -45.343488    -45.343490
   0.10556    -45.343328    -45.343330
   0.05278    -45.343220    -45.343221
   0.00000    -45.343165    -45.343167
 
# Band-Index    3
   0.00000    -45.333204    -45.333205
   0.05278    -45.333216    -45.333217
   0.10556    -45.333185    -45.333186
   0.15834    -45.333123    -45.333124
   0.21112    -45.332998    -45.332999
   0.26390    -45.332879    -45.332880
   0.31669    -45.332720    -45.332721
   0.36947    -45.332543    -45.332544
   0.42225    -45.332373    -45.332374
   0.47503    -45.332152    -45.332153
   0.52781    -45.331952    -45.331953
   0.58059    -45.331736    -45.331737
   0.63337    -45.331522    -45.331523
   0.68615    -45.331283    -45.331283
   0.73893    -45.331035    -45.331036
   0.79171    -45.330760    -45.330761
   0.84449    -45.330465    -45.330466
   0.89727    -45.330191    -45.330192
   0.95006    -45.329913    -45.329913
   1.00284    -45.329591    -45.329592
   1.00284    -45.329570    -45.329571
   1.05855    -45.329298    -45.329299
   1.11427    -45.328976    -45.328977
   1.16998    -45.328686    -45.328687
   1.22570    -45.328469    -45.328470
   1.28141    -45.328238    -45.328239
   1.33713    -45.328053    -45.328054
   1.39284    -45.327914    -45.327915
   1.44856    -45.327829    -45.327830
   1.50427    -45.327798    -45.327799
   1.50427    -45.327798    -45.327799
   1.55855    -45.327849    -45.327850
   1.61283    -45.327997    -45.327998
   1.66711    -45.328249    -45.328250
   1.72139    -45.328569    -45.328570
   1.77567    -45.328967    -45.328968
   1.82995    -45.329396    -45.329397
   1.88423    -45.329878    -45.329879
   1.93851    -45.330390    -45.330391
   1.99279    -45.330935    -45.330936
   2.04707    -45.331448    -45.331449
   2.10135    -45.331962    -45.331963
   2.15563    -45.332392    -45.332393
   2.20991    -45.332765    -45.332766
   2.26419    -45.333018    -45.333019
   2.31846    -45.333174    -45.333175
   2.37274    -45.333204    -45.333205
   2.37274    -45.333204    -45.333205
   2.42678    -45.333193    -45.333194
   2.48082    -45.333070    -45.333071
   2.53486    -45.332860    -45.332861
   2.58889    -45.332579    -45.332580
   2.64293    -45.332234    -45.332235
   2.69697    -45.331810    -45.331811
   2.75100    -45.331370    -45.331371
   2.80504    -45.330897    -45.330898
   2.85908    -45.330428    -45.330429
   2.91311    -45.329968    -45.329969
   2.96715    -45.329517    -45.329518
   3.02119    -45.329108    -45.329109
   3.07523    -45.328735    -45.328736
   3.12926    -45.328414    -45.328415
   3.18330    -45.328156    -45.328157
   3.23734    -45.327961    -45.327962
   3.29137    -45.327832    -45.327833
   3.34541    -45.327762    -45.327763
   3.34541    -45.327762    -45.327763
   3.40113    -45.327829    -45.327830
   3.45684    -45.327939    -45.327940
   3.51256    -45.328079    -45.328080
   3.56827    -45.328252    -45.328254
   3.62399    -45.328474    -45.328475
   3.67971    -45.328753    -45.328754
   3.73542    -45.329041    -45.329042
   3.79114    -45.329358    -45.329359
   3.84685    -45.329665    -45.329666
   3.84685    -45.329686    -45.329687
   3.89963    -45.329981    -45.329982
   3.95241    -45.330259    -45.330260
   4.00519    -45.330523    -45.330524
   4.05798    -45.330772    -45.330773
   4.11076    -45.331034    -45.331035
   4.16354    -45.331297    -45.331298
   4.21632    -45.331536    -45.331537
   4.26910    -45.331775    -45.331776
   4.32188    -45.331977    -45.331978
   4.37466    -45.332170    -45.332171
   4.42744    -45.332358    -45.332359
   4.48022    -45.332525    -45.332526
   4.53300    -45.332676    -45.332677
   4.58578    -45.332817    -45.332818
   4.63856    -45.332947    -45.332948
   4.69134    -45.333028    -45.333029
   4.74412    -45.333098    -45.333099
   4.79690    -45.333140    -45.333141
   4.84968    -45.333130    -45.333132
   4.84968    -45.333131    -45.333132
   4.91226    -45.333165    -45.333166
   4.97483    -45.333179    -45.333180
   5.03740    -45.333179    -45.333180
   5.09998    -45.333208    -45.333209
   5.16255    -45.333235    -45.333236
   5.22512    -45.333239    -45.333240
   5.28770    -45.333204    -45.333205
   5.28770    -45.328796    -45.328797
   5.34174    -45.328863    -45.328864
   5.39577    -45.328955    -45.328956
   5.44981    -45.329085    -45.329086
   5.50385    -45.329246    -45.329247
   5.55789    -45.329472    -45.329473
   5.61193    -45.329736    -45.329737
   5.66596    -45.330027    -45.330028
   5.72000    -45.330365    -45.330366
   5.77404    -45.330724    -45.330725
   5.82808    -45.331105    -45.331106
   5.88212    -45.331506    -45.331507
   5.93616    -45.331888    -45.331889
   5.99019    -45.332289    -45.332290
   6.04423    -45.332604    -45.332605
   6.09827    -45.332875    -45.332876
   6.15231    -45.333077    -45.333078
   6.20635    -45.333197    -45.333198
   6.26038    -45.333204    -45.333205
   6.26038    -45.333204    -45.333205
   6.31466    -45.333182    -45.333183
   6.36894    -45.333031    -45.333032
   6.42322    -45.332792    -45.332793
   6.47751    -45.332436    -45.332437
   6.53179    -45.332047    -45.332048
   6.58607    -45.331559    -45.331560
   6.64035    -45.331109    -45.331110
   6.69463    -45.330647    -45.330648
   6.74891    -45.330235    -45.330236
   6.80319    -45.329854    -45.329855
   6.85747    -45.329532    -45.329533
   6.91175    -45.329236    -45.329237
   6.96603    -45.329000    -45.329001
   7.02031    -45.328810    -45.328811
   7.07459    -45.328701    -45.328701
   7.12887    -45.328657    -45.328658
 
# Band-Index    4
   7.12887    -37.577125    -37.577114
   7.07459    -37.577277    -37.577266
   7.02031    -37.577728    -37.577717
   6.96603    -37.578461    -37.578450
   6.91175    -37.579445    -37.579434
   6.85747    -37.580642    -37.580631
   6.80319    -37.582002    -37.581990
   6.74891    -37.583475    -37.583464
   6.69463    -37.585001    -37.584989
   6.64035    -37.586520    -37.586509
   6.58607    -37.587976    -37.587965
   6.53179    -37.589315    -37.589303
   6.47751    -37.590482    -37.590470
   6.42322    -37.591438    -37.591427
   6.36894    -37.592144    -37.592133
   6.31466    -37.592578    -37.592567
   6.26038    -37.592725    -37.592713
   6.26038    -37.592725    -37.592713
   6.20635    -37.592609    -37.592598
   6.15231    -37.592265    -37.592254
   6.09827    -37.591700    -37.591689
   6.04423    -37.590930    -37.590919
   5.99019    -37.589980    -37.589969
   5.93616    -37.588873    -37.588862
   5.88212    -37.587642    -37.587630
   5.82808    -37.586326    -37.586315
   5.77404    -37.584960    -37.584949
   5.72000    -37.583590    -37.583578
   5.66596    -37.582256    -37.582245
   5.61193    -37.580999    -37.580988
   5.55789    -37.579859    -37.579848
   5.50385    -37.578873    -37.578862
   5.44981    -37.578070    -37.578059
   5.39577    -37.577480    -37.577468
   5.34174    -37.577117    -37.577105
   5.28770    -37.576993    -37.576982
   5.28770    -37.592725    -37.592713
   5.22512    -37.592725    -37.592713
   5.16255    -37.592724    -37.592713
   5.09998    -37.592722    -37.592710
   5.03740    -37.592721    -37.592710
   4.97483    -37.592719    -37.592708
   4.91226    -37.592719    -37.592708
   4.84968    -37.592722    -37.592711
   4.84968    -37.592722    -37.592711
   4.79690    -37.592575    -37.592563
   4.74412    -37.592136    -37.592125
   4.69134    -37.591426    -37.591415
   4.63856    -37.590465    -37.590454
   4.58578    -37.589290    -37.589278
   4.53300    -37.587943    -37.587932
   4.48022    -37.586471    -37.586459
   4.42744    -37.584920    -37.584909
   4.37466    -37.583341    -37.583330
   4.32188    -37.581790    -37.581778
   4.26910    -37.580312    -37.580301
   4.21632    -37.578945    -37.578933
   4.16354    -37.577725    -37.577714
   4.11076    -37.576685    -37.576674
   4.05798    -37.575842    -37.575831
   4.00519    -37.575195    -37.575183
   3.95241    -37.574751    -37.574739
   3.89963    -37.574502    -37.574491
   3.84685    -37.574425    -37.574414
   3.84685    -37.574425    -37.574414
   3.79114    -37.574503    -37.574492
   3.73542    -37.574709    -37.574698
   3.67971    -37.574998    -37.574987
   3.62399    -37.575337    -37.575325
   3.56827    -37.575682    -37.575671
   3.51256    -37.575992    -37.575980
   3.45684    -37.576238    -37.576227
   3.40113    -37.576397    -37.576386
   3.34541    -37.576449    -37.576438
   3.34541    -37.576449    -37.576438
   3.29137    -37.576575    -37.576563
   3.23734    -37.576941    -37.576930
   3.18330    -37.577540    -37.577529
   3.12926    -37.578355    -37.578344
   3.07523    -37.579358    -37.579347
   3.02119    -37.580521    -37.580510
   2.96715    -37.581808    -37.581797
   2.91311    -37.583177    -37.583166
   2.85908    -37.584591    -37.584579
   2.80504    -37.586006    -37.585994
   2.75100    -37.587374    -37.587363
   2.69697    -37.588660    -37.588649
   2.64293    -37.589823    -37.589811
   2.58889    -37.590823    -37.590812
   2.53486    -37.591637    -37.591626
   2.48082    -37.592236    -37.592225
   2.42678    -37.592602    -37.592591
   2.37274    -37.592725    -37.592713
   2.37274    -37.592725    -37.592713
   2.31846    -37.592569    -37.592557
   2.26419    -37.592107    -37.592096
   2.20991    -37.591359    -37.591347
   2.15563    -37.590347    -37.590335
   2.10135    -37.589115    -37.589104
   2.04707    -37.587708    -37.587697
   1.99279    -37.586181    -37.586170
   1.93851    -37.584594    -37.584583
   1.88423    -37.583006    -37.582995
   1.82995    -37.581477    -37.581465
   1.77567    -37.580069    -37.580058
   1.72139    -37.578833    -37.578822
   1.66711    -37.577819    -37.577807
   1.61283    -37.577065    -37.577053
   1.55855    -37.576601    -37.576589
   1.50427    -37.576445    -37.576433
   1.50427    -37.576445    -37.576433
   1.44856    -37.576390    -37.576379
   1.39284    -37.576233    -37.576221
   1.33713    -37.575985    -37.575973
   1.28141    -37.575671    -37.575660
   1.22570    -37.575327    -37.575315
   1.16998    -37.574983    -37.574972
   1.11427    -37.574686    -37.574675
   1.05855    -37.574484    -37.574473
   1.00284    -37.574407    -37.574396
   1.00284    -37.574407    -37.574395
   0.95006    -37.574487    -37.574476
   0.89727    -37.574740    -37.574729
   0.84449    -37.575182    -37.575171
   0.79171    -37.575826    -37.575815
   0.73893    -37.576674    -37.576663
   0.68615    -37.577719    -37.577708
   0.63337    -37.578941    -37.578929
   0.58059    -37.580307    -37.580295
   0.52781    -37.581788    -37.581776
   0.47503    -37.583343    -37.583332
   0.42225    -37.584920    -37.584909
   0.36947    -37.586469    -37.586458
   0.31669    -37.587946    -37.587934
   0.26390    -37.589297    -37.589285
   0.21112    -37.590471    -37.590460
   0.15834    -37.591432    -37.591421
   0.10556    -37.592142    -37.592131
   0.05278    -37.592577    -37.592566
   0.00000    -37.592725    -37.592713
 
# Band-Index    5
   0.00000    -18.480232    -18.480224
   0.05278    -18.479379    -18.479371
   0.10556    -18.476853    -18.476845
   0.15834    -18.472755    -18.472747
   0.21112    -18.467240    -18.467232
   0.26390    -18.460545    -18.460537
   0.31669    -18.452998    -18.452990
   0.36947    -18.445195    -18.445187
   0.42225    -18.440267    -18.440261
   0.47503    -18.453921    -18.453916
   0.52781    -18.474356    -18.474351
   0.58059    -18.492818    -18.492813
   0.63337    -18.507877    -18.507872
   0.68615    -18.518863    -18.518858
   0.73893    -18.525395    -18.525390
   0.79171    -18.527324    -18.527319
   0.84449    -18.524807    -18.524802
   0.89727    -18.518392    -18.518387
   0.95006    -18.509543    -18.509538
   1.00284    -18.503872    -18.503866
   1.00284    -18.503872    -18.503866
   1.05855    -18.511069    -18.511063
   1.11427    -18.524390    -18.524385
   1.16998    -18.538053    -18.538048
   1.22570    -18.550619    -18.550614
   1.28141    -18.561486    -18.561481
   1.33713    -18.570289    -18.570284
   1.39284    -18.576756    -18.576751
   1.44856    -18.580715    -18.580710
   1.50427    -18.582043    -18.582038
   1.50427    -18.582043    -18.582038
   1.55855    -18.579431    -18.579426
   1.61283    -18.571677    -18.571672
   1.66711    -18.559051    -18.559046
   1.72139    -18.541956    -18.541951
   1.77567    -18.520998    -18.520993
   1.82995    -18.496941    -18.496936
   1.88423    -18.470826    -18.470821
   1.93851    -18.445677    -18.445672
   1.99279    -18.443401    -18.443393
   2.04707    -18.451402    -18.451394
   2.10135    -18.459364    -18.459356
   2.15563    -18.466448    -18.466440
   2.20991    -18.472295    -18.472287
   2.26419    -18.476644    -18.476636
   2.31846    -18.479326    -18.479318
   2.37274    -18.480232    -18.480224
   2.37274    -18.480232    -18.480224
   2.42678    -18.479551    -18.479543
   2.48082    -18.477525    -18.477517
   2.53486    -18.474207    -18.474199
   2.58889    -18.469687    -18.469679
   2.64293    -18.464098    -18.464090
   2.69697    -18.457617    -18.457609
   2.75100    -18.450524    -18.450516
   2.80504    -18.443508    -18.443500
   2.85908    -18.445252    -18.445247
   2.91311    -18.467262    -18.467257
   2.96715    -18.490602    -18.490597
   3.02119    -18.512539    -18.512534
   3.07523    -18.532265    -18.532260
   3.12926    -18.549183    -18.549178
   3.18330    -18.562833    -18.562828
   3.23734    -18.572853    -18.572848
   3.29137    -18.578955    -18.578950
   3.34541    -18.580996    -18.580991
   3.34541    -18.580996    -18.580991
   3.40113    -18.579680    -18.579675
   3.45684    -18.575757    -18.575752
   3.51256    -18.569321    -18.569316
   3.56827    -18.560568    -18.560563
   3.62399    -18.549766    -18.549761
   3.67971    -18.537286    -18.537281
   3.73542    -18.523716    -18.523711
   3.79114    -18.510497    -18.510491
   3.84685    -18.503371    -18.503366
   3.84685    -18.503371    -18.503365
   3.89963    -18.508958    -18.508952
   3.95241    -18.517707    -18.517702
   4.00519    -18.524056    -18.524051
   4.05798    -18.526518    -18.526513
   4.11076    -18.524546    -18.524541
   4.16354    -18.518000    -18.517995
   4.21632    -18.507016    -18.507011
   4.26910    -18.491980    -18.491975
   4.32188    -18.473574    -18.473569
   4.37466    -18.453314    -18.453309
   4.42744    -18.441680    -18.441673
   4.48022    -18.447886    -18.447879
   4.53300    -18.456185    -18.456177
   4.58578    -18.464115    -18.464107
   4.63856    -18.471133    -18.471125
   4.69134    -18.476912    -18.476904
   4.74412    -18.481208    -18.481200
   4.79690    -18.483848    -18.483840
   4.84968    -18.484738    -18.484730
   4.84968    -18.484738    -18.484730
   4.91226    -18.484526    -18.484518
   4.97483    -18.483901    -18.483893
   5.03740    -18.482987    -18.482979
   5.09998    -18.481986    -18.481978
   5.16255    -18.481087    -18.481079
   5.22512    -18.480462    -18.480454
   5.28770    -18.480232    -18.480224
   5.28770    -18.564356    -18.564351
   5.34174    -18.562358    -18.562353
   5.39577    -18.556385    -18.556380
   5.44981    -18.546581    -18.546576
   5.50385    -18.533238    -18.533233
   5.55789    -18.516714    -18.516709
   5.61193    -18.497463    -18.497458
   5.66596    -18.476066    -18.476061
   5.72000    -18.453322    -18.453318
   5.77404    -18.436081    -18.436074
   5.82808    -18.442181    -18.442173
   5.88212    -18.449848    -18.449840
   5.93616    -18.457146    -18.457138
   5.99019    -18.463755    -18.463747
   6.04423    -18.469452    -18.469444
   6.09827    -18.474065    -18.474057
   6.15231    -18.477459    -18.477451
   6.20635    -18.479534    -18.479527
   6.26038    -18.480232    -18.480224
   6.26038    -18.480232    -18.480224
   6.31466    -18.479307    -18.479299
   6.36894    -18.476566    -18.476558
   6.42322    -18.472120    -18.472112
   6.47751    -18.466138    -18.466130
   6.53179    -18.458867    -18.458860
   6.58607    -18.450602    -18.450594
   6.64035    -18.441756    -18.441748
   6.69463    -18.434730    -18.434723
   6.74891    -18.456286    -18.456282
   6.80319    -18.481810    -18.481806
   6.85747    -18.505279    -18.505275
   6.91175    -18.525727    -18.525723
   6.96603    -18.542418    -18.542413
   7.02031    -18.554753    -18.554748
   7.07459    -18.562333    -18.562329
   7.12887    -18.564887    -18.564883
 
# Band-Index    6
   7.12887    -18.384215    -18.384207
   7.07459    -18.385100    -18.385092
   7.02031    -18.387740    -18.387732
   6.96603    -18.392072    -18.392064
   6.91175    -18.397948    -18.397940
   6.85747    -18.405141    -18.405133
   6.80319    -18.413340    -18.413332
   6.74891    -18.422090    -18.422082
   6.69463    -18.425974    -18.425969
   6.64035    -18.401061    -18.401057
   6.58607    -18.374793    -18.374789
   6.53179    -18.350301    -18.350297
   6.47751    -18.328787    -18.328783
   6.42322    -18.311624    -18.311619
   6.36894    -18.301947    -18.301942
   6.31466    -18.299036    -18.299031
   6.26038    -18.298301    -18.298296
   6.26038    -18.298301    -18.298296
   6.20635    -18.298875    -18.298870
   6.15231    -18.300959    -18.300954
   6.09827    -18.307310    -18.307305
   6.04423    -18.320480    -18.320475
   5.99019    -18.337874    -18.337870
   5.93616    -18.358130    -18.358125
   5.88212    -18.380421    -18.380416
   5.82808    -18.403874    -18.403870
   5.77404    -18.426025    -18.426020
   5.72000    -18.424600    -18.424592
   5.66596    -18.416972    -18.416965
   5.61193    -18.409565    -18.409557
   5.55789    -18.402812    -18.402804
   5.50385    -18.396958    -18.396950
   5.44981    -18.392211    -18.392203
   5.39577    -18.388724    -18.388717
   5.34174    -18.386591    -18.386583
   5.28770    -18.385874    -18.385866
   5.28770    -18.298301    -18.298296
   5.22512    -18.298313    -18.298308
   5.16255    -18.298331    -18.298325
   5.09998    -18.298356    -18.298351
   5.03740    -18.298390    -18.298385
   4.97483    -18.298431    -18.298425
   4.91226    -18.298449    -18.298443
   4.84968    -18.298450    -18.298445
   4.84968    -18.298450    -18.298445
   4.79690    -18.300219    -18.300213
   4.74412    -18.306323    -18.306318
   4.69134    -18.317850    -18.317845
   4.63856    -18.334344    -18.334339
   4.58578    -18.354593    -18.354588
   4.53300    -18.377317    -18.377312
   4.48022    -18.401035    -18.401029
   4.42744    -18.422419    -18.422413
   4.37466    -18.424955    -18.424947
   4.32188    -18.417171    -18.417163
   4.26910    -18.409014    -18.409006
   4.21632    -18.401852    -18.401844
   4.16354    -18.398210    -18.398202
   4.11076    -18.405894    -18.405888
   4.05798    -18.420042    -18.420037
   4.00519    -18.435449    -18.435444
   3.95241    -18.450886    -18.450881
   3.89963    -18.464895    -18.464891
   3.84685    -18.472207    -18.472202
   3.84685    -18.472207    -18.472203
   3.79114    -18.463613    -18.463609
   3.73542    -18.446276    -18.446271
   3.67971    -18.426883    -18.426878
   3.62399    -18.408188    -18.408183
   3.56827    -18.393420    -18.393415
   3.51256    -18.387044    -18.387037
   3.45684    -18.386011    -18.386003
   3.40113    -18.386086    -18.386078
   3.34541    -18.386178    -18.386170
   3.34541    -18.386178    -18.386170
   3.29137    -18.386857    -18.386850
   3.23734    -18.388894    -18.388886
   3.18330    -18.392263    -18.392255
   3.12926    -18.396912    -18.396905
   3.07523    -18.402702    -18.402695
   3.02119    -18.409418    -18.409410
   2.96715    -18.416792    -18.416784
   2.91311    -18.424369    -18.424362
   2.85908    -18.429843    -18.429836
   2.80504    -18.414751    -18.414746
   2.75100    -18.391124    -18.391119
   2.69697    -18.368207    -18.368202
   2.64293    -18.347292    -18.347287
   2.58889    -18.329253    -18.329248
   2.53486    -18.314946    -18.314940
   2.48082    -18.305113    -18.305107
   2.42678    -18.299862    -18.299857
   2.37274    -18.298301    -18.298296
   2.37274    -18.298301    -18.298296
   2.31846    -18.300299    -18.300294
   2.26419    -18.307144    -18.307139
   2.20991    -18.319864    -18.319859
   2.15563    -18.337923    -18.337918
   2.10135    -18.360174    -18.360169
   2.04707    -18.385384    -18.385379
   1.99279    -18.411873    -18.411868
   1.93851    -18.428535    -18.428527
   1.88423    -18.422048    -18.422040
   1.82995    -18.413610    -18.413603
   1.77567    -18.405629    -18.405621
   1.72139    -18.398628    -18.398620
   1.66711    -18.392942    -18.392935
   1.61283    -18.388789    -18.388782
   1.55855    -18.386285    -18.386277
   1.50427    -18.385451    -18.385444
   1.50427    -18.385451    -18.385444
   1.44856    -18.385356    -18.385349
   1.39284    -18.385272    -18.385265
   1.33713    -18.386319    -18.386312
   1.28141    -18.392974    -18.392968
   1.22570    -18.408133    -18.408128
   1.16998    -18.427041    -18.427036
   1.11427    -18.446599    -18.446595
   1.05855    -18.464082    -18.464078
   1.00284    -18.472759    -18.472755
   1.00284    -18.472759    -18.472755
   0.95006    -18.465382    -18.465377
   0.89727    -18.451282    -18.451277
   0.84449    -18.435746    -18.435741
   0.79171    -18.420238    -18.420233
   0.73893    -18.405935    -18.405930
   0.68615    -18.397659    -18.397652
   0.63337    -18.400776    -18.400768
   0.58059    -18.407583    -18.407575
   0.52781    -18.415387    -18.415379
   0.47503    -18.422918    -18.422910
   0.42225    -18.421950    -18.421944
   0.36947    -18.401353    -18.401348
   0.31669    -18.377651    -18.377646
   0.26390    -18.354863    -18.354858
   0.21112    -18.334504    -18.334499
   0.15834    -18.317893    -18.317887
   0.10556    -18.306257    -18.306252
   0.05278    -18.300087    -18.300082
   0.00000    -18.298301    -18.298296
 
# Band-Index    7
   0.00000    -18.284441    -18.284437
   0.05278    -18.285984    -18.285980
   0.10556    -18.289639    -18.289634
   0.15834    -18.293905    -18.293900
   0.21112    -18.298592    -18.298587
   0.26390    -18.304045    -18.304040
   0.31669    -18.310479    -18.310474
   0.36947    -18.318004    -18.317999
   0.42225    -18.326665    -18.326660
   0.47503    -18.336467    -18.336462
   0.52781    -18.347375    -18.347370
   0.58059    -18.359254    -18.359249
   0.63337    -18.371667    -18.371662
   0.68615    -18.382148    -18.382142
   0.73893    -18.383030    -18.383023
   0.79171    -18.379580    -18.379572
   0.84449    -18.376369    -18.376361
   0.89727    -18.374033    -18.374025
   0.95006    -18.372644    -18.372636
   1.00284    -18.372125    -18.372117
   1.00284    -18.372125    -18.372117
   1.05855    -18.372360    -18.372352
   1.11427    -18.373161    -18.373153
   1.16998    -18.374186    -18.374179
   1.22570    -18.374826    -18.374818
   1.28141    -18.373232    -18.373225
   1.33713    -18.365700    -18.365693
   1.39284    -18.355971    -18.355965
   1.44856    -18.349151    -18.349145
   1.50427    -18.346762    -18.346756
   1.50427    -18.346762    -18.346756
   1.55855    -18.346300    -18.346295
   1.61283    -18.344893    -18.344888
   1.66711    -18.342526    -18.342520
   1.72139    -18.339215    -18.339210
   1.77567    -18.335068    -18.335063
   1.82995    -18.330225    -18.330220
   1.88423    -18.324883    -18.324878
   1.93851    -18.319256    -18.319251
   1.99279    -18.313564    -18.313559
   2.04707    -18.308002    -18.307997
   2.10135    -18.302751    -18.302746
   2.15563    -18.297944    -18.297939
   2.20991    -18.293582    -18.293577
   2.26419    -18.289507    -18.289503
   2.31846    -18.285967    -18.285962
   2.37274    -18.284441    -18.284437
   2.37274    -18.284441    -18.284437
   2.42678    -18.285667    -18.285663
   2.48082    -18.288653    -18.288649
   2.53486    -18.292221    -18.292216
   2.58889    -18.295984    -18.295980
   2.64293    -18.300054    -18.300049
   2.69697    -18.304488    -18.304483
   2.75100    -18.309246    -18.309241
   2.80504    -18.314225    -18.314220
   2.85908    -18.319293    -18.319288
   2.91311    -18.324300    -18.324295
   2.96715    -18.329093    -18.329088
   3.02119    -18.333523    -18.333518
   3.07523    -18.337448    -18.337443
   3.12926    -18.340750    -18.340745
   3.18330    -18.343342    -18.343336
   3.23734    -18.345180    -18.345175
   3.29137    -18.346256    -18.346251
   3.34541    -18.346608    -18.346602
   3.34541    -18.346608    -18.346602
   3.40113    -18.348981    -18.348976
   3.45684    -18.355741    -18.355735
   3.51256    -18.365378    -18.365372
   3.56827    -18.373049    -18.373041
   3.62399    -18.374871    -18.374863
   3.67971    -18.374297    -18.374289
   3.73542    -18.373275    -18.373267
   3.79114    -18.372470    -18.372463
   3.84685    -18.372237    -18.372230
   3.84685    -18.372237    -18.372229
   3.89963    -18.372777    -18.372769
   3.95241    -18.374211    -18.374204
   4.00519    -18.376628    -18.376620
   4.05798    -18.379956    -18.379948
   4.11076    -18.383493    -18.383486
   4.16354    -18.382303    -18.382298
   4.21632    -18.371621    -18.371616
   4.26910    -18.359209    -18.359204
   4.32188    -18.347348    -18.347343
   4.37466    -18.336448    -18.336443
   4.42744    -18.326646    -18.326641
   4.48022    -18.317985    -18.317980
   4.53300    -18.310449    -18.310445
   4.58578    -18.303995    -18.303991
   4.63856    -18.298517    -18.298512
   4.69134    -18.293787    -18.293782
   4.74412    -18.289466    -18.289462
   4.79690    -18.285788    -18.285784
   4.84968    -18.284250    -18.284246
   4.84968    -18.284250    -18.284246
   4.91226    -18.284265    -18.284261
   4.97483    -18.284294    -18.284290
   5.03740    -18.284322    -18.284318
   5.09998    -18.284364    -18.284359
   5.16255    -18.284406    -18.284402
   5.22512    -18.284436    -18.284432
   5.28770    -18.284441    -18.284437
   5.28770    -18.351640    -18.351635
   5.34174    -18.351235    -18.351230
   5.39577    -18.350022    -18.350016
   5.44981    -18.348012    -18.348007
   5.50385    -18.345266    -18.345261
   5.55789    -18.341865    -18.341860
   5.61193    -18.337915    -18.337910
   5.66596    -18.333539    -18.333534
   5.72000    -18.328881    -18.328876
   5.77404    -18.324086    -18.324081
   5.82808    -18.319297    -18.319292
   5.88212    -18.314660    -18.314654
   5.93616    -18.310294    -18.310288
   5.99019    -18.306285    -18.306280
   6.04423    -18.302599    -18.302594
   6.09827    -18.298588    -18.298583
   6.15231    -18.292226    -18.292221
   6.20635    -18.286506    -18.286502
   6.26038    -18.284441    -18.284437
   6.26038    -18.284441    -18.284437
   6.31466    -18.287040    -18.287036
   6.36894    -18.293963    -18.293959
   6.42322    -18.300212    -18.300207
   6.47751    -18.304365    -18.304360
   6.53179    -18.308673    -18.308668
   6.58607    -18.313427    -18.313421
   6.64035    -18.318532    -18.318527
   6.69463    -18.323823    -18.323818
   6.74891    -18.329117    -18.329112
   6.80319    -18.334206    -18.334200
   6.85747    -18.338882    -18.338877
   6.91175    -18.342953    -18.342948
   6.96603    -18.346267    -18.346262
   7.02031    -18.348693    -18.348687
   7.07459    -18.350167    -18.350161
   7.12887    -18.350658    -18.350653
 
# Band-Index    8
   7.12887    -11.050911    -11.050914
   7.07459    -11.064475    -11.064478
   7.02031    -11.104148    -11.104151
   6.96603    -11.167040    -11.167043
   6.91175    -11.248927    -11.248930
   6.85747    -11.344882    -11.344886
   6.80319    -11.449801    -11.449805
   6.74891    -11.558767    -11.558771
   6.69463    -11.667322    -11.667326
   6.64035    -11.771577    -11.771580
   6.58607    -11.868201    -11.868205
   6.53179    -11.954416    -11.954420
   6.47751    -12.027936    -12.027939
   6.42322    -12.086966    -12.086969
   6.36894    -12.130110    -12.130114
   6.31466    -12.156380    -12.156384
   6.26038    -12.165192    -12.165196
   6.26038    -12.165192    -12.165196
   6.20635    -12.156527    -12.156530
   6.15231    -12.130710    -12.130713
   6.09827    -12.088366    -12.088370
   6.04423    -12.030572    -12.030575
   5.99019    -11.958851    -11.958855
   5.93616    -11.875216    -11.875220
   5.88212    -11.782281    -11.782285
   5.82808    -11.683327    -11.683330
   5.77404    -11.582378    -11.582381
   5.72000    -11.484199    -11.484203
   5.66596    -11.393966    -11.393970
   5.61193    -11.316377    -11.316381
   5.55789    -11.254264    -11.254267
   5.50385    -11.207823    -11.207826
   5.44981    -11.175223    -11.175227
   5.39577    -11.153994    -11.153998
   5.34174    -11.142079    -11.142082
   5.28770    -11.138239    -11.138242
   5.28770    -12.165192    -12.165196
   5.22512    -12.154086    -12.154089
   5.16255    -12.121551    -12.121555
   5.09998    -12.070227    -12.070231
   5.03740    -12.005303    -12.005306
   4.97483    -11.936042    -11.936046
   4.91226    -11.878516    -11.878519
   4.84968    -11.855089    -11.855092
   4.84968    -11.855089    -11.855092
   4.79690    -11.849571    -11.849574
   4.74412    -11.833122    -11.833126
   4.69134    -11.806097    -11.806101
   4.63856    -11.769084    -11.769088
   4.58578    -11.722884    -11.722888
   4.53300    -11.668512    -11.668516
   4.48022    -11.607176    -11.607179
   4.42744    -11.540283    -11.540286
   4.37466    -11.469422    -11.469426
   4.32188    -11.396342    -11.396345
   4.26910    -11.322933    -11.322936
   4.21632    -11.251177    -11.251181
   4.16354    -11.183132    -11.183135
   4.11076    -11.120852    -11.120855
   4.05798    -11.066343    -11.066346
   4.00519    -11.021560    -11.021562
   3.95241    -10.988302    -10.988304
   3.89963    -10.968009    -10.968011
   3.84685    -10.961320    -10.961322
   3.84685    -10.961320    -10.961322
   3.79114    -10.968305    -10.968308
   3.73542    -10.987236    -10.987238
   3.67971    -11.014273    -11.014275
   3.62399    -11.045135    -11.045138
   3.56827    -11.075847    -11.075850
   3.51256    -11.103093    -11.103096
   3.45684    -11.124325    -11.124328
   3.40113    -11.137758    -11.137761
   3.34541    -11.142349    -11.142352
   3.34541    -11.142349    -11.142352
   3.29137    -11.150184    -11.150187
   3.23734    -11.173108    -11.173111
   3.18330    -11.209651    -11.209655
   3.12926    -11.257967    -11.257971
   3.07523    -11.316292    -11.316295
   3.02119    -11.383226    -11.383229
   2.96715    -11.457689    -11.457692
   2.91311    -11.538596    -11.538599
   2.85908    -11.624415    -11.624419
   2.80504    -11.712952    -11.712956
   2.75100    -11.801353    -11.801357
   2.69697    -11.886373    -11.886377
   2.64293    -11.964696    -11.964700
   2.58889    -12.033238    -12.033241
   2.53486    -12.089373    -12.089377
   2.48082    -12.130997    -12.131001
   2.42678    -12.156574    -12.156578
   2.37274    -12.165192    -12.165196
   2.37274    -12.165192    -12.165196
   2.31846    -12.156406    -12.156409
   2.26419    -12.130214    -12.130218
   2.20991    -12.087202    -12.087206
   2.15563    -12.028360    -12.028364
   2.10135    -11.955085    -11.955089
   2.04707    -11.869169    -11.869173
   1.99279    -11.772891    -11.772895
   1.93851    -11.669019    -11.669023
   1.88423    -11.560865    -11.560868
   1.82995    -11.452294    -11.452298
   1.77567    -11.347736    -11.347740
   1.72139    -11.252077    -11.252081
   1.66711    -11.170400    -11.170403
   1.61283    -11.107626    -11.107629
   1.55855    -11.068001    -11.068003
   1.50427    -11.054447    -11.054449
   1.50427    -11.054447    -11.054449
   1.44856    -11.051961    -11.051964
   1.39284    -11.044712    -11.044715
   1.33713    -11.033306    -11.033309
   1.28141    -11.018734    -11.018736
   1.22570    -11.002337    -11.002340
   1.16998    -10.985779    -10.985781
   1.11427    -10.971021    -10.971023
   1.05855    -10.960289    -10.960291
   1.00284    -10.956091    -10.956094
   1.00284    -10.956091    -10.956093
   0.95006    -10.960669    -10.960671
   0.89727    -10.976159    -10.976161
   0.84449    -11.005071    -11.005073
   0.79171    -11.049415    -11.049417
   0.73893    -11.110060    -11.110063
   0.68615    -11.186245    -11.186248
   0.63337    -11.275639    -11.275642
   0.58059    -11.374810    -11.374813
   0.52781    -11.479824    -11.479828
   0.47503    -11.586724    -11.586728
   0.42225    -11.691836    -11.691840
   0.36947    -11.791884    -11.791888
   0.31669    -11.884051    -11.884054
   0.26390    -11.965941    -11.965945
   0.21112    -12.035572    -12.035575
   0.15834    -12.091374    -12.091377
   0.10556    -12.132104    -12.132108
   0.05278    -12.156883    -12.156887
   0.00000    -12.165192    -12.165196
 
# Band-Index    9
   0.00000    -10.800866    -10.800874
   0.05278    -10.799035    -10.799042
   0.10556    -10.793599    -10.793607
   0.15834    -10.784740    -10.784748
   0.21112    -10.772753    -10.772761
   0.26390    -10.758034    -10.758041
   0.31669    -10.741034    -10.741041
   0.36947    -10.722246    -10.722253
   0.42225    -10.702165    -10.702172
   0.47503    -10.681237    -10.681244
   0.52781    -10.659823    -10.659831
   0.58059    -10.638145    -10.638153
   0.63337    -10.616319    -10.616327
   0.68615    -10.594426    -10.594434
   0.73893    -10.572721    -10.572730
   0.79171    -10.551880    -10.551889
   0.84449    -10.533189    -10.533198
   0.89727    -10.518319    -10.518329
   0.95006    -10.508825    -10.508835
   1.00284    -10.505613    -10.505623
   1.00284    -10.505614    -10.505623
   1.05855    -10.509067    -10.509077
   1.11427    -10.518588    -10.518597
   1.16998    -10.532529    -10.532539
   1.22570    -10.548898    -10.548908
   1.28141    -10.565631    -10.565641
   1.33713    -10.580828    -10.580837
   1.39284    -10.592892    -10.592901
   1.44856    -10.600626    -10.600635
   1.50427    -10.603289    -10.603298
   1.50427    -10.603289    -10.603298
   1.55855    -10.604925    -10.604934
   1.61283    -10.609891    -10.609900
   1.66711    -10.618236    -10.618244
   1.72139    -10.629845    -10.629853
   1.77567    -10.644396    -10.644404
   1.82995    -10.661350    -10.661358
   1.88423    -10.680022    -10.680029
   1.93851    -10.699629    -10.699636
   1.99279    -10.719355    -10.719363
   2.04707    -10.738375    -10.738382
   2.10135    -10.755913    -10.755920
   2.15563    -10.771269    -10.771277
   2.20991    -10.783855    -10.783862
   2.26419    -10.793190    -10.793197
   2.31846    -10.798931    -10.798938
   2.37274    -10.800866    -10.800874
   2.37274    -10.800866    -10.800874
   2.42678    -10.801635    -10.801643
   2.48082    -10.803620    -10.803627
   2.53486    -10.805908    -10.805915
   2.58889    -10.807105    -10.807112
   2.64293    -10.805508    -10.805515
   2.69697    -10.799319    -10.799326
   2.75100    -10.786932    -10.786939
   2.80504    -10.767239    -10.767247
   2.85908    -10.739978    -10.739985
   2.91311    -10.706012    -10.706020
   2.96715    -10.667424    -10.667432
   3.02119    -10.627256    -10.627264
   3.07523    -10.588894    -10.588902
   3.12926    -10.555328    -10.555336
   3.18330    -10.528615    -10.528623
   3.23734    -10.509672    -10.509681
   3.29137    -10.498536    -10.498544
   3.34541    -10.494882    -10.494890
   3.34541    -10.494882    -10.494890
   3.40113    -10.495308    -10.495316
   3.45684    -10.496574    -10.496582
   3.51256    -10.498649    -10.498658
   3.56827    -10.501444    -10.501453
   3.62399    -10.504725    -10.504734
   3.67971    -10.508051    -10.508061
   3.73542    -10.510788    -10.510798
   3.79114    -10.512354    -10.512364
   3.84685    -10.512700    -10.512709
   3.84685    -10.512700    -10.512709
   3.89963    -10.512888    -10.512898
   3.95241    -10.514990    -10.515000
   4.00519    -10.521644    -10.521653
   4.05798    -10.535352    -10.535361
   4.11076    -10.557939    -10.557947
   4.16354    -10.590289    -10.590297
   4.21632    -10.632338    -10.632346
   4.26910    -10.683144    -10.683152
   4.32188    -10.741035    -10.741043
   4.37466    -10.803831    -10.803839
   4.42744    -10.869024    -10.869031
   4.48022    -10.933979    -10.933987
   4.53300    -10.996108    -10.996115
   4.58578    -11.053006    -11.053013
   4.63856    -11.102555    -11.102563
   4.69134    -11.142973    -11.142980
   4.74412    -11.172853    -11.172860
   4.79690    -11.191182    -11.191189
   4.84968    -11.197355    -11.197362
   4.84968    -11.197355    -11.197362
   4.91226    -11.169576    -11.169583
   4.97483    -11.099870    -11.099878
   5.03740    -11.013103    -11.013111
   5.09998    -10.928922    -10.928929
   5.16255    -10.860443    -10.860451
   5.22512    -10.816151    -10.816158
   5.28770    -10.800866    -10.800874
   5.28770    -10.492471    -10.492479
   5.34174    -10.501468    -10.501477
   5.39577    -10.527397    -10.527406
   5.44981    -10.567113    -10.567122
   5.50385    -10.615547    -10.615555
   5.55789    -10.666316    -10.666324
   5.61193    -10.713102    -10.713110
   5.66596    -10.751467    -10.751475
   5.72000    -10.779781    -10.779789
   5.77404    -10.798666    -10.798673
   5.82808    -10.809787    -10.809795
   5.88212    -10.814996    -10.815004
   5.93616    -10.815981    -10.815988
   5.99019    -10.814207    -10.814215
   6.04423    -10.810928    -10.810936
   6.09827    -10.807208    -10.807216
   6.15231    -10.803908    -10.803915
   6.20635    -10.801662    -10.801669
   6.26038    -10.800866    -10.800874
   6.26038    -10.800866    -10.800874
   6.31466    -10.798915    -10.798922
   6.36894    -10.793125    -10.793133
   6.42322    -10.783707    -10.783715
   6.47751    -10.771003    -10.771011
   6.53179    -10.755490    -10.755498
   6.58607    -10.737755    -10.737763
   6.64035    -10.718497    -10.718505
   6.69463    -10.698491    -10.698499
   6.74891    -10.678565    -10.678572
   6.80319    -10.659536    -10.659544
   6.85747    -10.642193    -10.642201
   6.91175    -10.627234    -10.627243
   6.96603    -10.615221    -10.615230
   7.02031    -10.606515    -10.606524
   7.07459    -10.601291    -10.601301
   7.12887    -10.599561    -10.599570
 
# Band-Index   10
   7.12887     -8.914672     -8.914673
   7.07459     -8.914261     -8.914262
   7.02031     -8.913098     -8.913098
   6.96603     -8.911424     -8.911425
   6.91175     -8.909747     -8.909747
   6.85747     -8.909798     -8.909798
   6.80319     -8.914996     -8.914995
   6.74891     -8.922390     -8.922390
   6.69463     -8.932770     -8.932770
   6.64035     -8.944770     -8.944770
   6.58607     -8.955900     -8.955900
   6.53179     -8.965135     -8.965135
   6.47751     -8.972299     -8.972299
   6.42322     -8.977533     -8.977533
   6.36894     -8.981062     -8.981062
   6.31466     -8.983093     -8.983093
   6.26038     -8.983756     -8.983756
   6.26038     -8.983756     -8.983756
   6.20635     -8.983244     -8.983244
   6.15231     -8.981683     -8.981683
   6.09827     -8.979003     -8.979003
   6.04423     -8.975087     -8.975087
   5.99019     -8.969788     -8.969788
   5.93616     -8.962978     -8.962978
   5.88212     -8.954643     -8.954643
   5.82808     -8.945031     -8.945030
   5.77404     -8.934895     -8.934894
   5.72000     -8.925597     -8.925597
   5.66596     -8.918466     -8.918466
   5.61193     -8.914571     -8.914571
   5.55789     -8.913738     -8.913738
   5.50385     -8.914277     -8.914278
   5.44981     -8.915273     -8.915273
   5.39577     -8.916244     -8.916245
   5.34174     -8.916921     -8.916922
   5.28770     -8.917163     -8.917164
   5.28770     -8.983756     -8.983756
   5.22512     -8.983774     -8.983774
   5.16255     -8.983821     -8.983821
   5.09998     -8.983888     -8.983888
   5.03740     -8.983963     -8.983963
   4.97483     -8.984035     -8.984035
   4.91226     -8.984084     -8.984084
   4.84968     -8.984101     -8.984101
   4.84968     -8.984101     -8.984101
   4.79690     -8.983347     -8.983347
   4.74412     -8.981090     -8.981090
   4.69134     -8.977389     -8.977389
   4.63856     -8.972429     -8.972429
   4.58578     -8.966580     -8.966580
   4.53300     -8.960283     -8.960282
   4.48022     -8.953876     -8.953876
   4.42744     -8.947612     -8.947612
   4.37466     -8.941755     -8.941755
   4.32188     -8.936578     -8.936578
   4.26910     -8.932269     -8.932269
   4.21632     -8.928858     -8.928858
   4.16354     -8.926212     -8.926212
   4.11076     -8.924118     -8.924118
   4.05798     -8.922409     -8.922409
   4.00519     -8.921046     -8.921046
   3.95241     -8.920093     -8.920093
   3.89963     -8.919598     -8.919598
   3.84685     -8.919485     -8.919485
   3.84685     -8.919484     -8.919484
   3.79114     -8.919569     -8.919569
   3.73542     -8.919632     -8.919632
   3.67971     -8.919571     -8.919571
   3.62399     -8.919555     -8.919555
   3.56827     -8.920099     -8.920100
   3.51256     -8.921622     -8.921622
   3.45684     -8.923648     -8.923648
   3.40113     -8.925254     -8.925254
   3.34541     -8.925850     -8.925850
   3.34541     -8.925850     -8.925850
   3.29137     -8.925323     -8.925323
   3.23734     -8.923783     -8.923783
   3.18330     -8.921346     -8.921347
   3.12926     -8.918232     -8.918232
   3.07523     -8.914947     -8.914947
   3.02119     -8.917395     -8.917395
   2.96715     -8.922946     -8.922946
   2.91311     -8.929595     -8.929595
   2.85908     -8.937288     -8.937288
   2.80504     -8.945862     -8.945862
   2.75100     -8.954681     -8.954681
   2.69697     -8.962759     -8.962759
   2.64293     -8.969482     -8.969482
   2.58889     -8.974755     -8.974755
   2.53486     -8.978716     -8.978716
   2.48082     -8.981510     -8.981510
   2.42678     -8.983192     -8.983192
   2.37274     -8.983756     -8.983756
   2.37274     -8.983756     -8.983756
   2.31846     -8.983027     -8.983027
   2.26419     -8.980870     -8.980870
   2.20991     -8.977337     -8.977337
   2.15563     -8.972404     -8.972404
   2.10135     -8.965964     -8.965964
   2.04707     -8.957965     -8.957964
   1.99279     -8.948711     -8.948710
   1.93851     -8.939102     -8.939102
   1.88423     -8.930245     -8.930245
   1.82995     -8.922743     -8.922743
   1.77567     -8.916908     -8.916908
   1.72139     -8.916948     -8.916948
   1.66711     -8.919354     -8.919354
   1.61283     -8.921470     -8.921470
   1.55855     -8.922871     -8.922871
   1.50427     -8.923357     -8.923357
   1.50427     -8.923357     -8.923357
   1.44856     -8.922729     -8.922729
   1.39284     -8.920994     -8.920994
   1.33713     -8.918687     -8.918688
   1.28141     -8.916835     -8.916836
   1.22570     -8.916130     -8.916130
   1.16998     -8.916115     -8.916115
   1.11427     -8.916206     -8.916206
   1.05855     -8.916202     -8.916202
   1.00284     -8.916158     -8.916158
   1.00284     -8.916158     -8.916158
   0.95006     -8.916234     -8.916234
   0.89727     -8.916583     -8.916583
   0.84449     -8.917289     -8.917289
   0.79171     -8.918374     -8.918374
   0.73893     -8.919871     -8.919871
   0.68615     -8.921924     -8.921924
   0.63337     -8.924782     -8.924782
   0.58059     -8.928708     -8.928707
   0.52781     -8.933807     -8.933807
   0.47503     -8.939944     -8.939944
   0.42225     -8.946781     -8.946781
   0.36947     -8.953893     -8.953893
   0.31669     -8.960858     -8.960858
   0.26390     -8.967304     -8.967304
   0.21112     -8.972939     -8.972939
   0.15834     -8.977540     -8.977540
   0.10556     -8.980951     -8.980951
   0.05278     -8.983049     -8.983049
   0.00000     -8.983756     -8.983756
 
# Band-Index   11
   0.00000     -8.972665     -8.972665
   0.05278     -8.972027     -8.972027
   0.10556     -8.970061     -8.970061
   0.15834     -8.966631     -8.966631
   0.21112     -8.961548     -8.961548
   0.26390     -8.954613     -8.954613
   0.31669     -8.945672     -8.945672
   0.36947     -8.934682     -8.934682
   0.42225     -8.921840     -8.921840
   0.47503     -8.907844     -8.907844
   0.52781     -8.894547     -8.894546
   0.58059     -8.887088     -8.887088
   0.63337     -8.886649     -8.886649
   0.68615     -8.887653     -8.887654
   0.73893     -8.888675     -8.888676
   0.79171     -8.889472     -8.889472
   0.84449     -8.889923     -8.889923
   0.89727     -8.889982     -8.889983
   0.95006     -8.889783     -8.889783
   1.00284     -8.889733     -8.889733
   1.00284     -8.889732     -8.889733
   1.05855     -8.890515     -8.890516
   1.11427     -8.892736     -8.892736
   1.16998     -8.896339     -8.896339
   1.22570     -8.900467     -8.900468
   1.28141     -8.903746     -8.903746
   1.33713     -8.905152     -8.905152
   1.39284     -8.905136     -8.905136
   1.44856     -8.904727     -8.904727
   1.50427     -8.904529     -8.904529
   1.50427     -8.904529     -8.904529
   1.55855     -8.904944     -8.904944
   1.61283     -8.906222     -8.906222
   1.66711     -8.908464     -8.908464
   1.72139     -8.911774     -8.911774
   1.77567     -8.914429     -8.914430
   1.82995     -8.914575     -8.914575
   1.88423     -8.918659     -8.918659
   1.93851     -8.926985     -8.926984
   1.99279     -8.936694     -8.936694
   2.04707     -8.945867     -8.945867
   2.10135     -8.953978     -8.953978
   2.15563     -8.960798     -8.960798
   2.20991     -8.966117     -8.966117
   2.26419     -8.969825     -8.969825
   2.31846     -8.971970     -8.971970
   2.37274     -8.972665     -8.972665
   2.37274     -8.972665     -8.972665
   2.42678     -8.972108     -8.972109
   2.48082     -8.970393     -8.970393
   2.53486     -8.967423     -8.967423
   2.58889     -8.963133     -8.963133
   2.64293     -8.957536     -8.957536
   2.69697     -8.950687     -8.950687
   2.75100     -8.942564     -8.942564
   2.80504     -8.933017     -8.933016
   2.85908     -8.922458     -8.922458
   2.91311     -8.913630     -8.913630
   2.96715     -8.910266     -8.910266
   3.02119     -8.911490     -8.911490
   3.07523     -8.912511     -8.912511
   3.12926     -8.909159     -8.909159
   3.18330     -8.906576     -8.906576
   3.23734     -8.904812     -8.904812
   3.29137     -8.903789     -8.903789
   3.34541     -8.903456     -8.903456
   3.34541     -8.903456     -8.903456
   3.40113     -8.903675     -8.903675
   3.45684     -8.904099     -8.904099
   3.51256     -8.904006     -8.904006
   3.56827     -8.902402     -8.902402
   3.62399     -8.898969     -8.898970
   3.67971     -8.894629     -8.894629
   3.73542     -8.890712     -8.890713
   3.79114     -8.888211     -8.888212
   3.84685     -8.887313     -8.887313
   3.84685     -8.887313     -8.887313
   3.89963     -8.887409     -8.887410
   3.95241     -8.887746     -8.887746
   4.00519     -8.887889     -8.887889
   4.05798     -8.887731     -8.887732
   4.11076     -8.887368     -8.887369
   4.16354     -8.886933     -8.886933
   4.21632     -8.886547     -8.886547
   4.26910     -8.886636     -8.886636
   4.32188     -8.889818     -8.889817
   4.37466     -8.900800     -8.900800
   4.42744     -8.915710     -8.915709
   4.48022     -8.930372     -8.930371
   4.53300     -8.943142     -8.943142
   4.58578     -8.953397     -8.953397
   4.63856     -8.961097     -8.961097
   4.69134     -8.966587     -8.966587
   4.74412     -8.970270     -8.970270
   4.79690     -8.972395     -8.972395
   4.84968     -8.973089     -8.973089
   4.84968     -8.973089     -8.973089
   4.91226     -8.973068     -8.973068
   4.97483     -8.973007     -8.973007
   5.03740     -8.972919     -8.972919
   5.09998     -8.972826     -8.972826
   5.16255     -8.972744     -8.972744
   5.22512     -8.972686     -8.972686
   5.28770     -8.972665     -8.972665
   5.28770     -8.899688     -8.899687
   5.34174     -8.899944     -8.899944
   5.39577     -8.900741     -8.900741
   5.44981     -8.902148     -8.902148
   5.50385     -8.904281     -8.904281
   5.55789     -8.907262     -8.907262
   5.61193     -8.911079     -8.911079
   5.66596     -8.915239     -8.915239
   5.72000     -8.920434     -8.920434
   5.77404     -8.927015     -8.927015
   5.82808     -8.934263     -8.934263
   5.88212     -8.941677     -8.941677
   5.93616     -8.948894     -8.948894
   5.99019     -8.955578     -8.955578
   6.04423     -8.961435     -8.961435
   6.09827     -8.966227     -8.966227
   6.15231     -8.969770     -8.969770
   6.20635     -8.971938     -8.971938
   6.26038     -8.972665     -8.972665
   6.26038     -8.972665     -8.972665
   6.31466     -8.971736     -8.971736
   6.36894     -8.968973     -8.968973
   6.42322     -8.964485     -8.964485
   6.47751     -8.958475     -8.958475
   6.53179     -8.951247     -8.951247
   6.58607     -8.943172     -8.943172
   6.64035     -8.934652     -8.934652
   6.69463     -8.925979     -8.925979
   6.74891     -8.917342     -8.917342
   6.80319     -8.910985     -8.910985
   6.85747     -8.908774     -8.908774
   6.91175     -8.905692     -8.905692
   6.96603     -8.903070     -8.903070
   7.02031     -8.901394     -8.901394
   7.07459     -8.900474     -8.900474
   7.12887     -8.900182     -8.900182
 
# Band-Index   12
   7.12887     -8.810957     -8.810957
   7.07459     -8.811702     -8.811703
   7.02031     -8.813853     -8.813853
   6.96603     -8.817151     -8.817151
   6.91175     -8.821194     -8.821195
   6.85747     -8.826211     -8.826212
   6.80319     -8.844601     -8.844601
   6.74891     -8.855165     -8.855165
   6.69463     -8.857920     -8.857921
   6.64035     -8.856100     -8.856101
   6.58607     -8.852259     -8.852260
   6.53179     -8.847910     -8.847911
   6.47751     -8.844319     -8.844319
   6.42322     -8.842389     -8.842389
   6.36894     -8.841595     -8.841595
   6.31466     -8.841260     -8.841260
   6.26038     -8.841162     -8.841162
   6.26038     -8.841162     -8.841162
   6.20635     -8.841234     -8.841234
   6.15231     -8.841475     -8.841476
   6.09827     -8.842007     -8.842008
   6.04423     -8.843237     -8.843238
   5.99019     -8.845839     -8.845840
   5.93616     -8.849526     -8.849527
   5.88212     -8.853189     -8.853190
   5.82808     -8.855745     -8.855746
   5.77404     -8.855896     -8.855897
   5.72000     -8.851889     -8.851890
   5.66596     -8.842132     -8.842132
   5.61193     -8.826990     -8.826990
   5.55789     -8.823076     -8.823076
   5.50385     -8.819382     -8.819382
   5.44981     -8.816063     -8.816063
   5.39577     -8.813436     -8.813436
   5.34174     -8.811751     -8.811751
   5.28770     -8.811171     -8.811171
   5.28770     -8.841162     -8.841162
   5.22512     -8.841167     -8.841167
   5.16255     -8.841178     -8.841178
   5.09998     -8.841191     -8.841191
   5.03740     -8.841207     -8.841207
   4.97483     -8.841232     -8.841232
   4.91226     -8.841250     -8.841250
   4.84968     -8.841256     -8.841256
   4.84968     -8.841256     -8.841256
   4.79690     -8.842236     -8.842236
   4.74412     -8.845147     -8.845147
   4.69134     -8.849496     -8.849496
   4.63856     -8.854496     -8.854496
   4.58578     -8.859610     -8.859610
   4.53300     -8.864521     -8.864522
   4.48022     -8.868975     -8.868976
   4.42744     -8.872632     -8.872632
   4.37466     -8.874758     -8.874759
   4.32188     -8.872846     -8.872846
   4.26910     -8.864968     -8.864968
   4.21632     -8.856705     -8.856706
   4.16354     -8.850090     -8.850091
   4.11076     -8.844711     -8.844711
   4.05798     -8.840268     -8.840268
   4.00519     -8.836805     -8.836806
   3.95241     -8.834494     -8.834495
   3.89963     -8.833362     -8.833363
   3.84685     -8.833055     -8.833055
   3.84685     -8.833054     -8.833055
   3.79114     -8.832747     -8.832748
   3.73542     -8.831463     -8.831464
   3.67971     -8.828763     -8.828764
   3.62399     -8.824929     -8.824930
   3.56827     -8.820589     -8.820590
   3.51256     -8.816396     -8.816397
   3.45684     -8.812920     -8.812920
   3.40113     -8.810624     -8.810625
   3.34541     -8.809823     -8.809823
   3.34541     -8.809823     -8.809823
   3.29137     -8.810315     -8.810316
   3.23734     -8.811747     -8.811748
   3.18330     -8.813987     -8.813987
   3.12926     -8.816905     -8.816906
   3.07523     -8.821781     -8.821781
   3.02119     -8.839446     -8.839446
   2.96715     -8.857117     -8.857117
   2.91311     -8.868225     -8.868225
   2.85908     -8.870896     -8.870896
   2.80504     -8.868377     -8.868377
   2.75100     -8.863781     -8.863781
   2.69697     -8.858560     -8.858561
   2.64293     -8.853452     -8.853452
   2.58889     -8.848942     -8.848942
   2.53486     -8.845385     -8.845385
   2.48082     -8.842951     -8.842952
   2.42678     -8.841592     -8.841592
   2.37274     -8.841162     -8.841162
   2.37274     -8.841162     -8.841162
   2.31846     -8.841701     -8.841701
   2.26419     -8.843409     -8.843409
   2.20991     -8.846412     -8.846412
   2.15563     -8.850590     -8.850590
   2.10135     -8.855523     -8.855523
   2.04707     -8.860571     -8.860571
   1.99279     -8.864816     -8.864816
   1.93851     -8.866656     -8.866657
   1.88423     -8.863118     -8.863118
   1.82995     -8.851081     -8.851081
   1.77567     -8.831473     -8.831473
   1.72139     -8.818527     -8.818528
   1.66711     -8.815032     -8.815032
   1.61283     -8.812324     -8.812324
   1.55855     -8.810561     -8.810561
   1.50427     -8.809948     -8.809949
   1.50427     -8.809948     -8.809949
   1.44856     -8.810808     -8.810809
   1.39284     -8.813241     -8.813242
   1.33713     -8.816843     -8.816844
   1.28141     -8.821046     -8.821046
   1.22570     -8.825201     -8.825201
   1.16998     -8.828647     -8.828648
   1.11427     -8.830846     -8.830847
   1.05855     -8.831707     -8.831708
   1.00284     -8.831852     -8.831852
   1.00284     -8.831852     -8.831853
   0.95006     -8.832283     -8.832284
   0.89727     -8.833790     -8.833791
   0.84449     -8.836758     -8.836758
   0.79171     -8.841243     -8.841244
   0.73893     -8.847160     -8.847160
   0.68615     -8.854472     -8.854473
   0.63337     -8.863194     -8.863194
   0.58059     -8.872194     -8.872194
   0.52781     -8.875608     -8.875609
   0.47503     -8.873439     -8.873440
   0.42225     -8.869457     -8.869458
   0.36947     -8.864660     -8.864661
   0.31669     -8.859500     -8.859500
   0.26390     -8.854366     -8.854366
   0.21112     -8.849670     -8.849671
   0.15834     -8.845828     -8.845828
   0.10556     -8.843139     -8.843140
   0.05278     -8.841634     -8.841635
   0.00000     -8.841162     -8.841162
 
# Band-Index   13
   0.00000     -8.828653     -8.828653
   0.05278     -8.829029     -8.829030
   0.10556     -8.829964     -8.829965
   0.15834     -8.831022     -8.831023
   0.21112     -8.831829     -8.831830
   0.26390     -8.832206     -8.832207
   0.31669     -8.832047     -8.832048
   0.36947     -8.831157     -8.831158
   0.42225     -8.829167     -8.829167
   0.47503     -8.825458     -8.825459
   0.52781     -8.819149     -8.819149
   0.58059     -8.809385     -8.809385
   0.63337     -8.796200     -8.796200
   0.68615     -8.781186     -8.781186
   0.73893     -8.766796     -8.766795
   0.79171     -8.755059     -8.755059
   0.84449     -8.746913     -8.746913
   0.89727     -8.742212     -8.742212
   0.95006     -8.740107     -8.740107
   1.00284     -8.739535     -8.739535
   1.00284     -8.739534     -8.739534
   1.05855     -8.739623     -8.739623
   1.11427     -8.739822     -8.739822
   1.16998     -8.739899     -8.739899
   1.22570     -8.739845     -8.739845
   1.28141     -8.739720     -8.739720
   1.33713     -8.739588     -8.739588
   1.39284     -8.739489     -8.739488
   1.44856     -8.739433     -8.739433
   1.50427     -8.739416     -8.739416
   1.50427     -8.739416     -8.739416
   1.55855     -8.744813     -8.744812
   1.61283     -8.759869     -8.759868
   1.66711     -8.781647     -8.781647
   1.72139     -8.806265     -8.806264
   1.77567     -8.820947     -8.820948
   1.82995     -8.824437     -8.824437
   1.88423     -8.827171     -8.827172
   1.93851     -8.829234     -8.829235
   1.99279     -8.830629     -8.830629
   2.04707     -8.831412     -8.831413
   2.10135     -8.831659     -8.831660
   2.15563     -8.831437     -8.831438
   2.20991     -8.830799     -8.830800
   2.26419     -8.829875     -8.829876
   2.31846     -8.829010     -8.829011
   2.37274     -8.828653     -8.828653
   2.37274     -8.828653     -8.828653
   2.42678     -8.828934     -8.828935
   2.48082     -8.829656     -8.829657
   2.53486     -8.830525     -8.830526
   2.58889     -8.831253     -8.831254
   2.64293     -8.831681     -8.831682
   2.69697     -8.831743     -8.831743
   2.75100     -8.831399     -8.831400
   2.80504     -8.830604     -8.830605
   2.85908     -8.829300     -8.829301
   2.91311     -8.827445     -8.827445
   2.96715     -8.825035     -8.825036
   3.02119     -8.822046     -8.822046
   3.07523     -8.815975     -8.815975
   3.12926     -8.797024     -8.797024
   3.18330     -8.778279     -8.778279
   3.23734     -8.763023     -8.763023
   3.29137     -8.752978     -8.752978
   3.34541     -8.749460     -8.749460
   3.34541     -8.749460     -8.749460
   3.40113     -8.749567     -8.749566
   3.45684     -8.749875     -8.749875
   3.51256     -8.750355     -8.750355
   3.56827     -8.750965     -8.750965
   3.62399     -8.751654     -8.751654
   3.67971     -8.752340     -8.752339
   3.73542     -8.752905     -8.752904
   3.79114     -8.753247     -8.753246
   3.84685     -8.753405     -8.753405
   3.84685     -8.753406     -8.753406
   3.89963     -8.753731     -8.753731
   3.95241     -8.754948     -8.754948
   4.00519     -8.758016     -8.758016
   4.05798     -8.763815     -8.763815
   4.11076     -8.772766     -8.772766
   4.16354     -8.784532     -8.784532
   4.21632     -8.797809     -8.797809
   4.26910     -8.810362     -8.810362
   4.32188     -8.819997     -8.819998
   4.37466     -8.826135     -8.826135
   4.42744     -8.829630     -8.829631
   4.48022     -8.831490     -8.831491
   4.53300     -8.832387     -8.832388
   4.58578     -8.832696     -8.832697
   4.63856     -8.832589     -8.832589
   4.69134     -8.832077     -8.832078
   4.74412     -8.831025     -8.831025
   4.79690     -8.829455     -8.829455
   4.84968     -8.828526     -8.828527
   4.84968     -8.828526     -8.828527
   4.91226     -8.828527     -8.828528
   4.97483     -8.828535     -8.828536
   5.03740     -8.828554     -8.828555
   5.09998     -8.828590     -8.828591
   5.16255     -8.828625     -8.828625
   5.22512     -8.828646     -8.828647
   5.28770     -8.828653     -8.828653
   5.28770     -8.745714     -8.745714
   5.34174     -8.748612     -8.748612
   5.39577     -8.757155     -8.757155
   5.44981     -8.770788     -8.770788
   5.50385     -8.788334     -8.788334
   5.55789     -8.807851     -8.807852
   5.61193     -8.826537     -8.826538
   5.66596     -8.830208     -8.830208
   5.72000     -8.833109     -8.833110
   5.77404     -8.835366     -8.835366
   5.82808     -8.836957     -8.836958
   5.88212     -8.837914     -8.837914
   5.93616     -8.838239     -8.838239
   5.99019     -8.837762     -8.837763
   6.04423     -8.836071     -8.836071
   6.09827     -8.833431     -8.833432
   6.15231     -8.830927     -8.830928
   6.20635     -8.829241     -8.829242
   6.26038     -8.828653     -8.828653
   6.26038     -8.828653     -8.828653
   6.31466     -8.829397     -8.829398
   6.36894     -8.831474     -8.831475
   6.42322     -8.834348     -8.834348
   6.47751     -8.836891     -8.836891
   6.53179     -8.838036     -8.838036
   6.58607     -8.838006     -8.838006
   6.64035     -8.837132     -8.837132
   6.69463     -8.835439     -8.835439
   6.74891     -8.832877     -8.832877
   6.80319     -8.829474     -8.829474
   6.85747     -8.825084     -8.825085
   6.91175     -8.802194     -8.802194
   6.96603     -8.777700     -8.777700
   7.02031     -8.756222     -8.756222
   7.07459     -8.741444     -8.741444
   7.12887     -8.736163     -8.736163
 
# Band-Index   14
   7.12887     -8.507632     -8.507632
   7.07459     -8.509712     -8.509713
   7.02031     -8.515715     -8.515715
   6.96603     -8.525017     -8.525018
   6.91175     -8.536813     -8.536814
   6.85747     -8.550296     -8.550296
   6.80319     -8.564733     -8.564734
   6.74891     -8.579511     -8.579511
   6.69463     -8.594136     -8.594136
   6.64035     -8.608214     -8.608215
   6.58607     -8.621422     -8.621422
   6.53179     -8.633459     -8.633460
   6.47751     -8.644027     -8.644027
   6.42322     -8.652800     -8.652800
   6.36894     -8.659426     -8.659426
   6.31466     -8.663571     -8.663571
   6.26038     -8.664984     -8.664984
   6.26038     -8.664984     -8.664984
   6.20635     -8.665101     -8.665101
   6.15231     -8.665336     -8.665336
   6.09827     -8.665379     -8.665379
   6.04423     -8.664806     -8.664806
   5.99019     -8.663187     -8.663187
   5.93616     -8.660139     -8.660139
   5.88212     -8.655354     -8.655354
   5.82808     -8.648578     -8.648578
   5.77404     -8.639569     -8.639569
   5.72000     -8.628075     -8.628075
   5.66596     -8.613812     -8.613812
   5.61193     -8.596511     -8.596511
   5.55789     -8.576087     -8.576088
   5.50385     -8.553048     -8.553048
   5.44981     -8.529050     -8.529051
   5.39577     -8.507220     -8.507220
   5.34174     -8.491658     -8.491658
   5.28770     -8.485985     -8.485985
   5.28770     -8.664984     -8.664984
   5.22512     -8.672972     -8.672972
   5.16255     -8.694476     -8.694476
   5.09998     -8.723434     -8.723433
   5.03740     -8.752943     -8.752943
   4.97483     -8.777429     -8.777428
   4.91226     -8.793306     -8.793305
   4.84968     -8.798767     -8.798766
   4.84968     -8.798767     -8.798766
   4.79690     -8.795676     -8.795676
   4.74412     -8.787614     -8.787614
   4.69134     -8.776158     -8.776158
   4.63856     -8.761993     -8.761993
   4.58578     -8.745290     -8.745289
   4.53300     -8.726019     -8.726019
   4.48022     -8.704061     -8.704060
   4.42744     -8.679234     -8.679234
   4.37466     -8.651355     -8.651355
   4.32188     -8.620333     -8.620333
   4.26910     -8.586353     -8.586353
   4.21632     -8.550107     -8.550108
   4.16354     -8.512985     -8.512985
   4.11076     -8.477025     -8.477026
   4.05798     -8.444594     -8.444594
   4.00519     -8.417876     -8.417876
   3.95241     -8.398432     -8.398432
   3.89963     -8.386957     -8.386957
   3.84685     -8.383298     -8.383299
   3.84685     -8.383298     -8.383298
   3.79114     -8.386999     -8.387000
   3.73542     -8.396982     -8.396983
   3.67971     -8.411434     -8.411435
   3.62399     -8.428403     -8.428403
   3.56827     -8.445925     -8.445926
   3.51256     -8.462102     -8.462103
   3.45684     -8.475183     -8.475184
   3.40113     -8.483704     -8.483704
   3.34541     -8.486664     -8.486665
   3.34541     -8.486664     -8.486665
   3.29137     -8.489441     -8.489442
   3.23734     -8.497908     -8.497909
   3.18330     -8.512071     -8.512071
   3.12926     -8.531120     -8.531121
   3.07523     -8.553245     -8.553245
   3.02119     -8.576103     -8.576104
   2.96715     -8.597583     -8.597584
   2.91311     -8.616305     -8.616305
   2.85908     -8.631651     -8.631651
   2.80504     -8.643571     -8.643571
   2.75100     -8.652339     -8.652339
   2.69697     -8.658379     -8.658379
   2.64293     -8.662171     -8.662171
   2.58889     -8.664224     -8.664224
   2.53486     -8.665062     -8.665062
   2.48082     -8.665194     -8.665194
   2.42678     -8.665064     -8.665064
   2.37274     -8.664984     -8.664984
   2.37274     -8.664984     -8.664984
   2.31846     -8.663535     -8.663535
   2.26419     -8.659286     -8.659286
   2.20991     -8.652504     -8.652504
   2.15563     -8.643539     -8.643539
   2.10135     -8.632768     -8.632768
   2.04707     -8.620539     -8.620539
   1.99279     -8.607179     -8.607179
   1.93851     -8.593019     -8.593019
   1.88423     -8.578420     -8.578420
   1.82995     -8.563820     -8.563820
   1.77567     -8.549748     -8.549749
   1.72139     -8.536841     -8.536841
   1.66711     -8.525801     -8.525801
   1.61283     -8.517319     -8.517319
   1.55855     -8.511981     -8.511981
   1.50427     -8.510160     -8.510160
   1.50427     -8.510160     -8.510160
   1.44856     -8.506667     -8.506667
   1.39284     -8.496544     -8.496544
   1.33713     -8.480787     -8.480787
   1.28141     -8.460908     -8.460908
   1.22570     -8.438860     -8.438860
   1.16998     -8.416998     -8.416998
   1.11427     -8.398023     -8.398023
   1.05855     -8.384802     -8.384803
   1.00284     -8.379939     -8.379939
   1.00284     -8.379939     -8.379939
   0.95006     -8.384534     -8.384534
   0.89727     -8.398093     -8.398094
   0.84449     -8.419025     -8.419025
   0.79171     -8.444529     -8.444530
   0.73893     -8.471506     -8.471507
   0.68615     -8.497521     -8.497521
   0.63337     -8.521297     -8.521297
   0.58059     -8.542576     -8.542577
   0.52781     -8.561644     -8.561644
   0.47503     -8.578910     -8.578910
   0.42225     -8.594700     -8.594700
   0.36947     -8.609185     -8.609185
   0.31669     -8.622403     -8.622404
   0.26390     -8.634273     -8.634273
   0.21112     -8.644611     -8.644611
   0.15834     -8.653155     -8.653155
   0.10556     -8.659593     -8.659593
   0.05278     -8.663614     -8.663614
   0.00000     -8.664984     -8.664984
 
# Band-Index   15
   0.00000     -5.112412     -5.112412
   0.05278     -5.101213     -5.101213
   0.10556     -5.067919     -5.067918
   0.15834     -5.013498     -5.013497
   0.21112     -4.939672     -4.939672
   0.26390     -4.849204     -4.849204
   0.31669     -4.746449     -4.746450
   0.36947     -4.638732     -4.638733
   0.42225     -4.539635     -4.539636
   0.47503     -4.475533     -4.475535
   0.52781     -4.486759     -4.486762
   0.58059     -4.588414     -4.588417
   0.63337     -4.741333     -4.741336
   0.68615     -4.902264     -4.902268
   0.73893     -5.047373     -5.047376
   0.79171     -5.164838     -5.164841
   0.84449     -5.249276     -5.249279
   0.89727     -5.300307     -5.300309
   0.95006     -5.322842     -5.322844
   1.00284     -5.327214     -5.327216
   1.00284     -5.327214     -5.327216
   1.05855     -5.327363     -5.327364
   1.11427     -5.336853     -5.336855
   1.16998     -5.361500     -5.361501
   1.22570     -5.398139     -5.398140
   1.28141     -5.439440     -5.439442
   1.33713     -5.478284     -5.478285
   1.39284     -5.509360     -5.509362
   1.44856     -5.529248     -5.529250
   1.50427     -5.536076     -5.536077
   1.50427     -5.536076     -5.536077
   1.55855     -5.502260     -5.502262
   1.61283     -5.403338     -5.403340
   1.66711     -5.246588     -5.246590
   1.72139     -5.044060     -5.044062
   1.77567     -4.815982     -4.815984
   1.82995     -4.605654     -4.605656
   1.88423     -4.498627     -4.498629
   1.93851     -4.526055     -4.526056
   1.99279     -4.618661     -4.618662
   2.04707     -4.728352     -4.728352
   2.10135     -4.835280     -4.835280
   2.15563     -4.930186     -4.930186
   2.20991     -5.007942     -5.007942
   2.26419     -5.065384     -5.065384
   2.31846     -5.100570     -5.100570
   2.37274     -5.112412     -5.112412
   2.37274     -5.112412     -5.112412
   2.42678     -5.096557     -5.096556
   2.48082     -5.050136     -5.050136
   2.53486     -4.976628     -4.976628
   2.58889     -4.881896     -4.881896
   2.64293     -4.774357     -4.774358
   2.69697     -4.665370     -4.665370
   2.75100     -4.569895     -4.569896
   2.80504     -4.507381     -4.507382
   2.85908     -4.502474     -4.502475
   2.91311     -4.579442     -4.579442
   2.96715     -4.735305     -4.735305
   3.02119     -4.928023     -4.928023
   3.07523     -5.116405     -5.116405
   3.12926     -5.278430     -5.278431
   3.18330     -5.404790     -5.404791
   3.23734     -5.493039     -5.493040
   3.29137     -5.544402     -5.544403
   3.34541     -5.561159     -5.561160
   3.34541     -5.561159     -5.561160
   3.40113     -5.554605     -5.554606
   3.45684     -5.535463     -5.535465
   3.51256     -5.505354     -5.505356
   3.56827     -5.467149     -5.467151
   3.62399     -5.425162     -5.425164
   3.67971     -5.385166     -5.385168
   3.73542     -5.353666     -5.353669
   3.79114     -5.335680     -5.335683
   3.84685     -5.331081     -5.331084
   3.84685     -5.331081     -5.331084
   3.89963     -5.332318     -5.332321
   3.95241     -5.327808     -5.327812
   4.00519     -5.305781     -5.305784
   4.05798     -5.256788     -5.256792
   4.11076     -5.175264     -5.175267
   4.16354     -5.059883     -5.059886
   4.21632     -4.913648     -4.913651
   4.26910     -4.744216     -4.744219
   4.32188     -4.564713     -4.564715
   4.37466     -4.393411     -4.393413
   4.42744     -4.247851     -4.247854
   4.48022     -4.135450     -4.135453
   4.53300     -4.053010     -4.053014
   4.58578     -3.993894     -3.993898
   4.63856     -3.952282     -3.952286
   4.69134     -3.923858     -3.923862
   4.74412     -3.905583     -3.905587
   4.79690     -3.895404     -3.895409
   4.84968     -3.892135     -3.892139
   4.84968     -3.892135     -3.892139
   4.91226     -3.997846     -3.997850
   4.97483     -4.235991     -4.235994
   5.03740     -4.504151     -4.504153
   5.09998     -4.749728     -4.749729
   5.16255     -4.944374     -4.944374
   5.22512     -5.069318     -5.069318
   5.28770     -5.112412     -5.112412
   5.28770     -5.548213     -5.548215
   5.34174     -5.520253     -5.520255
   5.39577     -5.438780     -5.438782
   5.44981     -5.310471     -5.310473
   5.50385     -5.145042     -5.145044
   5.55789     -4.954500     -4.954502
   5.61193     -4.753896     -4.753898
   5.66596     -4.564761     -4.564764
   5.72000     -4.420450     -4.420453
   5.77404     -4.360468     -4.360470
   5.82808     -4.395618     -4.395620
   5.88212     -4.495187     -4.495189
   5.93616     -4.622510     -4.622511
   5.99019     -4.753391     -4.753392
   6.04423     -4.873567     -4.873567
   6.09827     -4.974281     -4.974281
   6.15231     -5.049855     -5.049855
   6.20635     -5.096604     -5.096603
   6.26038     -5.112412     -5.112412
   6.26038     -5.112412     -5.112412
   6.31466     -5.100707     -5.100707
   6.36894     -5.065916     -5.065916
   6.42322     -5.009080     -5.009080
   6.47751     -4.932064     -4.932064
   6.53179     -4.837917     -4.837918
   6.58607     -4.731589     -4.731590
   6.64035     -4.622005     -4.622006
   6.69463     -4.528141     -4.528143
   6.74891     -4.495780     -4.495782
   6.80319     -4.594375     -4.594377
   6.85747     -4.799991     -4.799993
   6.91175     -5.026943     -5.026945
   6.96603     -5.229743     -5.229745
   7.02031     -5.387161     -5.387163
   7.07459     -5.486657     -5.486659
   7.12887     -5.520693     -5.520695
 
# Band-Index   16
   7.12887     -4.050682     -4.050687
   7.07459     -4.037487     -4.037491
   7.02031     -4.000916     -4.000920
   6.96603     -3.951293     -3.951297
   6.91175     -3.908251     -3.908255
   6.85747     -3.890348     -3.890351
   6.80319     -3.871630     -3.871632
   6.74891     -3.756726     -3.756728
   6.69463     -3.507937     -3.507940
   6.64035     -3.189380     -3.189383
   6.58607     -2.848496     -2.848500
   6.53179     -2.510379     -2.510383
   6.47751     -2.193126     -2.193130
   6.42322     -1.913924     -1.913929
   6.36894     -1.691794     -1.691799
   6.31466     -1.547983     -1.547989
   6.26038     -1.499106     -1.499111
   6.26038     -1.499106     -1.499111
   6.20635     -1.539236     -1.539242
   6.15231     -1.657825     -1.657831
   6.09827     -1.840948     -1.840953
   6.04423     -2.069103     -2.069108
   5.99019     -2.323654     -2.323659
   5.93616     -2.587743     -2.587747
   5.88212     -2.844798     -2.844801
   5.82808     -3.076223     -3.076226
   5.77404     -3.265617     -3.265621
   5.72000     -3.426102     -3.426107
   5.66596     -3.601383     -3.601387
   5.61193     -3.793735     -3.793740
   5.55789     -3.979140     -3.979144
   5.50385     -4.141768     -4.141772
   5.44981     -4.273532     -4.273536
   5.39577     -4.370049     -4.370053
   5.34174     -4.428834     -4.428837
   5.28770     -4.448565     -4.448568
   5.28770     -1.499106     -1.499111
   5.22512     -1.488336     -1.488341
   5.16255     -1.456253     -1.456259
   5.09998     -1.403686     -1.403691
   5.03740     -1.626254     -1.626255
   4.97483     -2.010670     -2.010670
   4.91226     -2.319891     -2.319890
   4.84968     -2.449421     -2.449420
   4.84968     -2.449421     -2.449420
   4.79690     -2.451011     -2.451009
   4.74412     -2.460318     -2.460316
   4.69134     -2.493344     -2.493341
   4.63856     -2.580175     -2.580174
   4.58578     -2.746400     -2.746400
   4.53300     -2.976358     -2.976359
   4.48022     -3.227649     -3.227651
   4.42744     -3.464069     -3.464072
   4.37466     -3.663152     -3.663156
   4.32188     -3.818154     -3.818158
   4.26910     -3.934583     -3.934588
   4.21632     -4.019962     -4.019968
   4.16354     -4.078333     -4.078339
   4.11076     -4.110830     -4.110837
   4.05798     -4.117894     -4.117901
   4.00519     -4.101431     -4.101438
   3.95241     -4.067115     -4.067123
   3.89963     -4.027916     -4.027924
   3.84685     -4.008153     -4.008161
   3.84685     -4.008153     -4.008161
   3.79114     -4.032311     -4.032319
   3.73542     -4.092717     -4.092725
   3.67971     -4.168833     -4.168835
   3.62399     -4.247138     -4.247143
   3.56827     -4.319051     -4.319056
   3.51256     -4.379124     -4.379129
   3.45684     -4.423974     -4.423978
   3.40113     -4.451586     -4.451590
   3.34541     -4.460897     -4.460901
   3.34541     -4.460897     -4.460901
   3.29137     -4.449002     -4.449006
   3.23734     -4.414562     -4.414567
   3.18330     -4.360856     -4.360860
   3.12926     -4.292024     -4.292028
   3.07523     -4.211633     -4.211637
   3.02119     -4.120116     -4.120120
   2.96715     -4.008785     -4.008788
   2.91311     -3.851649     -3.851652
   2.85908     -3.620234     -3.620236
   2.80504     -3.320079     -3.320082
   2.75100     -2.979348     -2.979350
   2.69697     -2.627327     -2.627330
   2.64293     -2.294421     -2.294424
   2.58889     -2.007701     -2.007705
   2.53486     -1.779103     -1.779107
   2.48082     -1.613640     -1.613645
   2.42678     -1.523060     -1.523065
   2.37274     -1.499106     -1.499111
   2.37274     -1.499106     -1.499111
   2.31846     -1.534105     -1.534110
   2.26419     -1.670078     -1.670082
   2.20991     -1.898491     -1.898495
   2.15563     -2.187350     -2.187354
   2.10135     -2.513894     -2.513897
   2.04707     -2.859472     -2.859475
   1.99279     -3.205317     -3.205319
   1.93851     -3.525720     -3.525720
   1.88423     -3.771505     -3.771509
   1.82995     -3.879465     -3.879468
   1.77567     -3.895049     -3.895053
   1.72139     -3.913142     -3.913146
   1.66711     -3.956777     -3.956781
   1.61283     -4.006620     -4.006625
   1.55855     -4.043202     -4.043207
   1.50427     -4.056381     -4.056386
   1.50427     -4.056381     -4.056387
   1.44856     -4.060462     -4.060467
   1.39284     -4.072463     -4.072468
   1.33713     -4.091466     -4.091471
   1.28141     -4.115302     -4.115307
   1.22570     -4.139739     -4.139743
   1.16998     -4.157809     -4.157813
   1.11427     -4.160879     -4.160882
   1.05855     -4.145149     -4.145151
   1.00284     -4.130736     -4.130737
   1.00284     -4.130735     -4.130737
   0.95006     -4.142516     -4.142518
   0.89727     -4.148341     -4.148344
   0.84449     -4.126700     -4.126705
   0.79171     -4.073028     -4.073033
   0.73893     -3.988321     -3.988327
   0.68615     -3.879109     -3.879116
   0.63337     -3.766310     -3.766318
   0.58059     -3.691766     -3.691773
   0.52781     -3.632646     -3.632651
   0.47503     -3.501454     -3.501459
   0.42225     -3.285851     -3.285856
   0.36947     -3.018398     -3.018403
   0.31669     -2.725550     -2.725555
   0.26390     -2.425408     -2.425413
   0.21112     -2.134218     -2.134224
   0.15834     -1.870615     -1.870622
   0.10556     -1.658886     -1.658892
   0.05278     -1.532105     -1.532111
   0.00000     -1.499106     -1.499111
 
# Band-Index   17
   0.00000     -1.407919     -1.407926
   0.05278     -1.433794     -1.433800
   0.10556     -1.475739     -1.475744
   0.15834     -1.524440     -1.524445
   0.21112     -1.597262     -1.597267
   0.26390     -1.732138     -1.732143
   0.31669     -1.991153     -1.991159
   0.36947     -2.300685     -2.300691
   0.42225     -2.602612     -2.602618
   0.47503     -2.879377     -2.879382
   0.52781     -3.116867     -3.116871
   0.58059     -3.287526     -3.287528
   0.63337     -3.352159     -3.352159
   0.68615     -3.357853     -3.357855
   0.73893     -3.405013     -3.405016
   0.79171     -3.513201     -3.513205
   0.84449     -3.647195     -3.647199
   0.89727     -3.778091     -3.778096
   0.95006     -3.884086     -3.884092
   1.00284     -3.931388     -3.931395
   1.00284     -3.931389     -3.931396
   1.05855     -3.874312     -3.874319
   1.11427     -3.730206     -3.730212
   1.16998     -3.527710     -3.527716
   1.22570     -3.283078     -3.283083
   1.28141     -3.014895     -3.014900
   1.33713     -2.753668     -2.753673
   1.39284     -2.689219     -2.689224
   1.44856     -2.703184     -2.703190
   1.50427     -2.708357     -2.708363
   1.50427     -2.708357     -2.708363
   1.55855     -2.761010     -2.761014
   1.61283     -2.871292     -2.871296
   1.66711     -2.981772     -2.981775
   1.72139     -3.051986     -3.051990
   1.77567     -3.044480     -3.044484
   1.82995     -2.944230     -2.944235
   1.88423     -2.766900     -2.766905
   1.93851     -2.533732     -2.533737
   1.99279     -2.258864     -2.258869
   2.04707     -1.951363     -1.951369
   2.10135     -1.637157     -1.637163
   2.15563     -1.572372     -1.572379
   2.20991     -1.520029     -1.520036
   2.26419     -1.476773     -1.476780
   2.31846     -1.435111     -1.435119
   2.37274     -1.407919     -1.407926
   2.37274     -1.407919     -1.407926
   2.42678     -1.430090     -1.430097
   2.48082     -1.473528     -1.473536
   2.53486     -1.520603     -1.520610
   2.58889     -1.576083     -1.576090
   2.64293     -1.654692     -1.654697
   2.69697     -1.905557     -1.905563
   2.75100     -2.110666     -2.110672
   2.80504     -2.267833     -2.267839
   2.85908     -2.380579     -2.380585
   2.91311     -2.454455     -2.454461
   2.96715     -2.500191     -2.500197
   3.02119     -2.531690     -2.531695
   3.07523     -2.560715     -2.560720
   3.12926     -2.592913     -2.592918
   3.18330     -2.627430     -2.627434
   3.23734     -2.659123     -2.659127
   3.29137     -2.681556     -2.681559
   3.34541     -2.689662     -2.689665
   3.34541     -2.689662     -2.689665
   3.40113     -2.684228     -2.684231
   3.45684     -2.685701     -2.685705
   3.51256     -2.820887     -2.820892
   3.56827     -3.016600     -3.016605
   3.62399     -3.219336     -3.219341
   3.67971     -3.406045     -3.406050
   3.73542     -3.558866     -3.558872
   3.79114     -3.663163     -3.663169
   3.84685     -3.701929     -3.701934
   3.84685     -3.701928     -3.701933
   3.89963     -3.668209     -3.668214
   3.95241     -3.580660     -3.580664
   4.00519     -3.456106     -3.456111
   4.05798     -3.304288     -3.304292
   4.11076     -3.131916     -3.131920
   4.16354     -2.944663     -2.944667
   4.21632     -2.748316     -2.748320
   4.26910     -2.550974     -2.550978
   4.32188     -2.368444     -2.368450
   4.37466     -2.219928     -2.219934
   4.42744     -2.089632     -2.089639
   4.48022     -1.952940     -1.952947
   4.53300     -1.809573     -1.809578
   4.58578     -1.745416     -1.745421
   4.63856     -1.642466     -1.642473
   4.69134     -1.468659     -1.468667
   4.74412     -1.276844     -1.276852
   4.79690     -1.134236     -1.134245
   4.84968     -1.082112     -1.082121
   4.84968     -1.082112     -1.082121
   4.91226     -1.146861     -1.146869
   4.97483     -1.244059     -1.244066
   5.03740     -1.331949     -1.331955
   5.09998     -1.313084     -1.313091
   5.16255     -1.365331     -1.365338
   5.22512     -1.397219     -1.397226
   5.28770     -1.407919     -1.407926
   5.28770     -2.693250     -2.693254
   5.34174     -2.690974     -2.690977
   5.39577     -2.686075     -2.686079
   5.44981     -2.684764     -2.684767
   5.50385     -2.697747     -2.697750
   5.55789     -2.736003     -2.736006
   5.61193     -2.796243     -2.796245
   5.66596     -2.843707     -2.843708
   5.72000     -2.812895     -2.812896
   5.77404     -2.659093     -2.659096
   5.82808     -2.412331     -2.412334
   5.88212     -2.117962     -2.117966
   5.93616     -1.801583     -1.801588
   5.99019     -1.478597     -1.478602
   6.04423     -1.434067     -1.434074
   6.09827     -1.423292     -1.423299
   6.15231     -1.416357     -1.416364
   6.20635     -1.411035     -1.411042
   6.26038     -1.407919     -1.407926
   6.26038     -1.407919     -1.407926
   6.31466     -1.417845     -1.417852
   6.36894     -1.442725     -1.442732
   6.42322     -1.480401     -1.480407
   6.47751     -1.530195     -1.530201
   6.53179     -1.620750     -1.620757
   6.58607     -1.949859     -1.949866
   6.64035     -2.255737     -2.255743
   6.69463     -2.529797     -2.529803
   6.74891     -2.762980     -2.762986
   6.80319     -2.941253     -2.941258
   6.85747     -3.043329     -3.043334
   6.91175     -3.052679     -3.052683
   6.96603     -2.983099     -2.983103
   7.02031     -2.871783     -2.871788
   7.07459     -2.759441     -2.759447
   7.12887     -2.705121     -2.705128
 
# Band-Index   18
   7.12887     -2.260559     -2.260559
   7.07459     -2.204623     -2.204623
   7.02031     -2.175136     -2.175140
   6.96603     -2.138831     -2.138835
   6.91175     -2.089934     -2.089939
   6.85747     -2.030248     -2.030253
   6.80319     -1.962017     -1.962021
   6.74891     -1.887864     -1.887869
   6.69463     -1.810653     -1.810658
   6.64035     -1.733376     -1.733382
   6.58607     -1.658985     -1.658991
   6.53179     -1.589914     -1.589920
   6.47751     -1.278004     -1.278011
   6.42322     -0.941163     -0.941170
   6.36894     -0.640708     -0.640715
   6.31466     -0.485499     -0.485503
   6.26038     -0.467956     -0.467959
   6.26038     -0.467956     -0.467959
   6.20635     -0.499955     -0.499958
   6.15231     -0.625922     -0.625927
   6.09827     -0.866385     -0.866390
   6.04423     -1.161040     -1.161045
   5.99019     -1.451712     -1.451719
   5.93616     -1.482983     -1.482990
   5.88212     -1.535620     -1.535626
   5.82808     -1.617035     -1.617041
   5.77404     -1.724427     -1.724432
   5.72000     -1.845712     -1.845717
   5.66596     -1.968594     -1.968598
   5.61193     -2.084583     -2.084587
   5.55789     -2.188359     -2.188363
   5.50385     -2.276566     -2.276569
   5.44981     -2.347005     -2.347008
   5.39577     -2.398223     -2.398226
   5.34174     -2.429297     -2.429300
   5.28770     -2.439712     -2.439715
   5.28770     -0.467956     -0.467959
   5.22512     -0.576229     -0.576231
   5.16255     -0.855516     -0.855518
   5.09998     -1.225525     -1.225526
   5.03740     -1.241516     -1.241525
   4.97483     -1.153609     -1.153618
   4.91226     -1.055622     -1.055633
   4.84968     -0.988613     -0.988628
   4.84968     -0.988613     -0.988628
   4.79690     -1.039954     -1.039967
   4.74412     -1.158866     -1.158875
   4.69134     -1.306699     -1.306707
   4.63856     -1.468588     -1.468596
   4.58578     -1.633732     -1.633740
   4.53300     -1.759212     -1.759225
   4.48022     -1.756536     -1.756537
   4.42744     -1.837438     -1.837441
   4.37466     -2.013166     -2.013170
   4.32188     -2.157964     -2.157968
   4.26910     -2.245143     -2.245148
   4.21632     -2.290545     -2.290549
   4.16354     -2.309131     -2.309135
   4.11076     -2.320812     -2.320815
   4.05798     -2.433599     -2.433607
   4.00519     -2.587380     -2.587388
   3.95241     -2.719119     -2.719121
   3.89963     -2.810428     -2.810435
   3.84685     -2.844034     -2.844063
   3.84685     -2.844008     -2.844040
   3.79114     -2.805859     -2.805858
   3.73542     -2.704816     -2.704822
   3.67971     -2.595720     -2.595724
   3.62399     -2.558149     -2.558153
   3.56827     -2.580831     -2.580835
   3.51256     -2.615124     -2.615128
   3.45684     -2.612824     -2.612828
   3.40113     -2.519427     -2.519432
   3.34541     -2.479862     -2.479866
   3.34541     -2.479862     -2.479866
   3.29137     -2.472185     -2.472190
   3.23734     -2.449367     -2.449372
   3.18330     -2.412031     -2.412036
   3.12926     -2.361233     -2.361238
   3.07523     -2.298446     -2.298452
   3.02119     -2.225542     -2.225548
   2.96715     -2.144751     -2.144757
   2.91311     -2.058605     -2.058612
   2.85908     -1.969797     -1.969803
   2.80504     -1.881067     -1.881074
   2.75100     -1.794981     -1.794988
   2.69697     -1.713780     -1.713787
   2.64293     -1.632313     -1.632322
   2.58889     -1.335512     -1.335519
   2.53486     -0.998668     -0.998675
   2.48082     -0.688774     -0.688781
   2.42678     -0.505153     -0.505157
   2.37274     -0.467956     -0.467959
   2.37274     -0.467956     -0.467959
   2.31846     -0.485953     -0.485957
   2.26419     -0.624685     -0.624692
   2.20991     -0.929224     -0.929231
   2.15563     -1.271946     -1.271952
   2.10135     -1.615402     -1.615410
   2.04707     -1.702938     -1.702945
   1.99279     -1.777512     -1.777519
   1.93851     -1.854316     -1.854323
   1.88423     -1.930526     -1.930533
   1.82995     -2.003284     -2.003291
   1.77567     -2.069899     -2.069906
   1.72139     -2.127933     -2.127940
   1.66711     -2.175332     -2.175339
   1.61283     -2.210467     -2.210474
   1.55855     -2.232608     -2.232614
   1.50427     -2.254476     -2.254477
   1.50427     -2.254476     -2.254477
   1.44856     -2.327231     -2.327235
   1.39284     -2.496018     -2.496022
   1.33713     -2.642325     -2.642330
   1.28141     -2.610294     -2.610300
   1.22570     -2.558238     -2.558243
   1.16998     -2.492767     -2.492772
   1.11427     -2.414719     -2.414725
   1.05855     -2.325790     -2.325796
   1.00284     -2.249338     -2.249342
   1.00284     -2.249338     -2.249341
   0.95006     -2.318615     -2.318619
   0.89727     -2.421990     -2.421995
   0.84449     -2.537313     -2.537317
   0.79171     -2.647937     -2.647941
   0.73893     -2.722561     -2.722564
   0.68615     -2.715527     -2.715531
   0.63337     -2.617165     -2.617169
   0.58059     -2.467321     -2.467325
   0.52781     -2.299220     -2.299224
   0.47503     -2.129938     -2.129942
   0.42225     -1.968786     -1.968790
   0.36947     -1.820132     -1.820137
   0.31669     -1.678391     -1.678396
   0.26390     -1.494787     -1.494794
   0.21112     -1.205151     -1.205159
   0.15834     -0.884795     -0.884804
   0.10556     -0.596204     -0.596213
   0.05278     -0.484333     -0.484336
   0.00000     -0.467956     -0.467959
 
# Band-Index   19
   0.00000     -0.327441     -0.327448
   0.05278     -0.386046     -0.386054
   0.10556     -0.528919     -0.528921
   0.15834     -0.625920     -0.625920
   0.21112     -0.758053     -0.758053
   0.26390     -0.913474     -0.913474
   0.31669     -1.079186     -1.079186
   0.36947     -1.245597     -1.245598
   0.42225     -1.406370     -1.406371
   0.47503     -1.557642     -1.557644
   0.52781     -1.697018     -1.697020
   0.58059     -1.822592     -1.822594
   0.63337     -1.932615     -1.932618
   0.68615     -2.025593     -2.025596
   0.73893     -2.100413     -2.100416
   0.79171     -2.156432     -2.156436
   0.84449     -2.193451     -2.193455
   0.89727     -2.211827     -2.211832
   0.95006     -2.213561     -2.213567
   1.00284     -2.220693     -2.220698
   1.00284     -2.220693     -2.220699
   1.05855     -2.186121     -2.186124
   1.11427     -2.160169     -2.160171
   1.16998     -2.149689     -2.149691
   1.22570     -2.154116     -2.154117
   1.28141     -2.168714     -2.168716
   1.33713     -2.187630     -2.187630
   1.39284     -2.205874     -2.205874
   1.44856     -2.221130     -2.221132
   1.50427     -2.237042     -2.237048
   1.50427     -2.237042     -2.237048
   1.55855     -2.196360     -2.196360
   1.61283     -2.075006     -2.075007
   1.66711     -1.931029     -1.931030
   1.72139     -1.780253     -1.780254
   1.77567     -1.627809     -1.627809
   1.82995     -1.475878     -1.475879
   1.88423     -1.325951     -1.325952
   1.93851     -1.179492     -1.179493
   1.99279     -1.038333     -1.038334
   2.04707     -0.904833     -0.904834
   2.10135     -0.782088     -0.782089
   2.15563     -0.673717     -0.673718
   2.20991     -0.583200     -0.583202
   2.26419     -0.510353     -0.510354
   2.31846     -0.388379     -0.388385
   2.37274     -0.327441     -0.327448
   2.37274     -0.327441     -0.327448
   2.42678     -0.375235     -0.375240
   2.48082     -0.463122     -0.463124
   2.53486     -0.535115     -0.535116
   2.58889     -0.613893     -0.613894
   2.64293     -0.699466     -0.699467
   2.69697     -0.787385     -0.787386
   2.75100     -0.873164     -0.873165
   2.80504     -0.952960     -0.952961
   2.85908     -1.023780     -1.023781
   2.91311     -1.083655     -1.083656
   2.96715     -1.132017     -1.132018
   3.02119     -1.169996     -1.169997
   3.07523     -1.200054     -1.200055
   3.12926     -1.224775     -1.224776
   3.18330     -1.245512     -1.245513
   3.23734     -1.261913     -1.261915
   3.29137     -1.272640     -1.272641
   3.34541     -1.276389     -1.276391
   3.34541     -1.276389     -1.276391
   3.40113     -1.291530     -1.291532
   3.45684     -1.360196     -1.360202
   3.51256     -1.568336     -1.568344
   3.56827     -1.810070     -1.810078
   3.62399     -2.027744     -2.027749
   3.67971     -2.151303     -2.151307
   3.73542     -2.149459     -2.149462
   3.79114     -2.083027     -2.083031
   3.84685     -2.009670     -2.009671
   3.84685     -2.009670     -2.009670
   3.89963     -2.079157     -2.079158
   3.95241     -2.152756     -2.152757
   4.00519     -2.212145     -2.212147
   4.05798     -2.250950     -2.250953
   4.11076     -2.215043     -2.215046
   4.16354     -2.050488     -2.050492
   4.21632     -1.869200     -1.869204
   4.26910     -1.691521     -1.691526
   4.32188     -1.597521     -1.597526
   4.37466     -1.639276     -1.639281
   4.42744     -1.677697     -1.677704
   4.48022     -1.607254     -1.607261
   4.53300     -1.432806     -1.432813
   4.58578     -1.267701     -1.267708
   4.63856     -1.128143     -1.128150
   4.69134     -1.023461     -1.023469
   4.74412     -0.958973     -0.958979
   4.79690     -0.931257     -0.931262
   4.84968     -0.927642     -0.927645
   4.84968     -0.927642     -0.927645
   4.91226     -0.854585     -0.854590
   4.97483     -0.733667     -0.733673
   5.03740     -0.610461     -0.610467
   5.09998     -0.498175     -0.498182
   5.16255     -0.407480     -0.407487
   5.22512     -0.348143     -0.348150
   5.28770     -0.327441     -0.327448
   5.28770     -1.305193     -1.305197
   5.34174     -1.335503     -1.335507
   5.39577     -1.418017     -1.418021
   5.44981     -1.530185     -1.530189
   5.50385     -1.640879     -1.640882
   5.55789     -1.717595     -1.717598
   5.61193     -1.738837     -1.738840
   5.66596     -1.703333     -1.703336
   5.72000     -1.622749     -1.622752
   5.77404     -1.509994     -1.509997
   5.82808     -1.375182     -1.375185
   5.88212     -1.226207     -1.226211
   5.93616     -1.069995     -1.069998
   5.99019     -0.913504     -0.913508
   6.04423     -0.764141     -0.764145
   6.09827     -0.629095     -0.629099
   6.15231     -0.508334     -0.508340
   6.20635     -0.385152     -0.385160
   6.26038     -0.327441     -0.327448
   6.26038     -0.327441     -0.327448
   6.31466     -0.406245     -0.406252
   6.36894     -0.514202     -0.514206
   6.42322     -0.582887     -0.582890
   6.47751     -0.671078     -0.671081
   6.53179     -0.777270     -0.777273
   6.58607     -0.898198     -0.898201
   6.64035     -1.030662     -1.030665
   6.69463     -1.171770     -1.171773
   6.74891     -1.319055     -1.319058
   6.80319     -1.470425     -1.470428
   6.85747     -1.624173     -1.624176
   6.91175     -1.778669     -1.778672
   6.96603     -1.931682     -1.931685
   7.02031     -2.078185     -2.078187
   7.07459     -2.195851     -2.195856
   7.12887     -2.204647     -2.204651
 
# Band-Index   20
   7.12887     -1.452740     -1.452747
   7.07459     -1.444627     -1.444633
   7.02031     -1.420350     -1.420357
   6.96603     -1.380103     -1.380110
   6.91175     -1.324233     -1.324239
   6.85747     -1.253308     -1.253314
   6.80319     -1.168205     -1.168212
   6.74891     -1.070272     -1.070279
   6.69463     -0.961464     -0.961471
   6.64035     -0.844552     -0.844559
   6.58607     -0.723284     -0.723291
   6.53179     -0.602541     -0.602548
   6.47751     -0.488344     -0.488351
   6.42322     -0.387655     -0.387663
   6.36894     -0.307712     -0.307720
   6.31466     -0.254587     -0.254596
   6.26038     -0.233897     -0.233906
   6.26038     -0.233897     -0.233906
   6.20635     -0.260440     -0.260448
   6.15231     -0.332451     -0.332459
   6.09827     -0.440049     -0.440056
   6.04423     -0.571991     -0.571997
   5.99019     -0.714973     -0.714979
   5.93616     -0.854090     -0.854096
   5.88212     -0.973124     -0.973129
   5.82808     -1.058877     -1.058883
   5.77404     -1.109558     -1.109564
   5.72000     -1.133846     -1.133853
   5.66596     -1.141653     -1.141660
   5.61193     -1.139891     -1.139898
   5.55789     -1.132942     -1.132949
   5.50385     -1.123734     -1.123742
   5.44981     -1.114400     -1.114408
   5.39577     -1.106547     -1.106556
   5.34174     -1.101346     -1.101355
   5.28770     -1.099525     -1.099534
   5.28770     -0.233897     -0.233906
   5.22512     -0.254979     -0.254988
   5.16255     -0.315335     -0.315344
   5.09998     -0.407394     -0.407402
   5.03740     -0.521100     -0.521107
   4.97483     -0.645677     -0.645683
   4.91226     -0.768268     -0.768271
   4.84968     -0.843909     -0.843908
   4.84968     -0.843909     -0.843908
   4.79690     -0.846698     -0.846699
   4.74412     -0.860420     -0.860422
   4.69134     -0.887247     -0.887250
   4.63856     -0.925218     -0.925222
   4.58578     -0.976388     -0.976392
   4.53300     -1.044466     -1.044470
   4.48022     -1.132528     -1.132533
   4.42744     -1.242272     -1.242277
   4.37466     -1.373617     -1.373622
   4.32188     -1.524591     -1.524597
   4.26910     -1.567149     -1.567154
   4.21632     -1.554829     -1.554834
   4.16354     -1.564203     -1.564208
   4.11076     -1.596251     -1.596256
   4.05798     -1.649496     -1.649501
   4.00519     -1.720479     -1.720484
   3.95241     -1.804349     -1.804353
   3.89963     -1.895086     -1.895090
   3.84685     -1.971172     -1.971177
   3.84685     -1.971172     -1.971177
   3.79114     -1.887904     -1.887905
   3.73542     -1.781823     -1.781824
   3.67971     -1.673367     -1.673368
   3.62399     -1.567915     -1.567915
   3.56827     -1.470766     -1.470767
   3.51256     -1.386706     -1.386707
   3.45684     -1.310320     -1.310325
   3.40113     -1.181284     -1.181295
   3.34541     -1.124902     -1.124913
   3.34541     -1.124902     -1.124913
   3.29137     -1.121716     -1.121727
   3.23734     -1.112033     -1.112044
   3.18330     -1.095517     -1.095528
   3.12926     -1.071658     -1.071668
   3.07523     -1.039840     -1.039850
   3.02119     -0.999441     -0.999452
   2.96715     -0.949995     -0.950005
   2.91311     -0.891353     -0.891363
   2.85908     -0.823926     -0.823936
   2.80504     -0.748917     -0.748927
   2.75100     -0.668508     -0.668518
   2.69697     -0.585861     -0.585871
   2.64293     -0.504968     -0.504978
   2.58889     -0.430198     -0.430208
   2.53486     -0.365599     -0.365608
   2.48082     -0.313442     -0.313451
   2.42678     -0.268350     -0.268360
   2.37274     -0.233897     -0.233906
   2.37274     -0.233897     -0.233906
   2.31846     -0.277746     -0.277756
   2.26419     -0.345898     -0.345908
   2.20991     -0.430533     -0.430543
   2.15563     -0.533311     -0.533320
   2.10135     -0.648134     -0.648143
   2.04707     -0.768457     -0.768467
   1.99279     -0.888713     -0.888722
   1.93851     -1.004370     -1.004378
   1.88423     -1.111810     -1.111818
   1.82995     -1.208292     -1.208300
   1.77567     -1.291911     -1.291919
   1.72139     -1.361410     -1.361418
   1.66711     -1.416027     -1.416035
   1.61283     -1.455296     -1.455304
   1.55855     -1.478951     -1.478960
   1.50427     -1.486852     -1.486861
   1.50427     -1.486852     -1.486861
   1.44856     -1.508343     -1.508351
   1.39284     -1.568057     -1.568065
   1.33713     -1.654915     -1.654923
   1.28141     -1.756261     -1.756269
   1.22570     -1.860349     -1.860357
   1.16998     -1.957870     -1.957879
   1.11427     -2.043392     -2.043400
   1.05855     -2.116240     -2.116248
   1.00284     -2.161508     -2.161516
   1.00284     -2.161507     -2.161516
   0.95006     -2.096456     -2.096463
   0.89727     -1.982896     -1.982904
   0.84449     -1.857815     -1.857823
   0.79171     -1.725230     -1.725237
   0.73893     -1.587355     -1.587363
   0.68615     -1.446400     -1.446408
   0.63337     -1.304796     -1.304804
   0.58059     -1.165238     -1.165247
   0.52781     -1.030587     -1.030596
   0.47503     -0.903709     -0.903718
   0.42225     -0.787193     -0.787202
   0.36947     -0.683028     -0.683037
   0.31669     -0.592317     -0.592326
   0.26390     -0.514877     -0.514886
   0.21112     -0.448873     -0.448882
   0.15834     -0.390255     -0.390263
   0.10556     -0.333696     -0.333704
   0.05278     -0.275259     -0.275267
   0.00000     -0.233897     -0.233906
 
# Band-Index   21
   0.00000      1.795809      1.795807
   0.05278      1.865060      1.865058
   0.10556      2.037756      2.037754
   0.15834      2.248685      2.248683
   0.21112      2.447798      2.447797
   0.26390      2.610578      2.610578
   0.31669      2.734082      2.734083
   0.36947      2.826701      2.826704
   0.42225      2.901162      2.901165
   0.47503      2.971270      2.971273
   0.52781      3.048558      3.048561
   0.58059      3.139853      3.139855
   0.63337      3.246805      3.246807
   0.68615      3.366343      3.366345
   0.73893      3.490501      3.490502
   0.79171      3.603230      3.603240
   0.84449      3.673658      3.673663
   0.89727      3.683806      3.687875
   0.95006      3.672751      3.672403
   1.00284      3.669755      3.669231
   1.00284      3.670353      3.668360
   1.05855      3.656139      3.655610
   1.11427      3.542302      3.542227
   1.16998      3.266387      3.266386
   1.22570      2.903002      2.903001
   1.28141      2.516731      2.516730
   1.33713      2.147175      2.147175
   1.39284      1.832351      1.832352
   1.44856      1.615295      1.615296
   1.50427      1.536908      1.536909
   1.50427      1.536908      1.536909
   1.55855      1.548937      1.548938
   1.61283      1.585035      1.585036
   1.66711      1.645178      1.645179
   1.72139      1.729167      1.729168
   1.77567      1.836342      1.836343
   1.82995      1.965103      1.965103
   1.88423      2.112017      2.112017
   1.93851      2.270001      2.270001
   1.99279      2.423997      2.423996
   2.04707      2.540146      2.540145
   2.10135      2.556250      2.556249
   2.15563      2.447983      2.447982
   2.20991      2.262274      2.262272
   2.26419      2.048818      2.048816
   2.31846      1.868827      1.868824
   2.37274      1.795809      1.795807
   2.37274      1.795809      1.795807
   2.42678      1.860784      1.860782
   2.48082      2.020658      2.020656
   2.53486      2.214990      2.214988
   2.58889      2.402861      2.402860
   2.64293      2.560591      2.560590
   2.69697      2.664213      2.664212
   2.75100      2.683260      2.683259
   2.80504      2.620674      2.620673
   2.85908      2.516778      2.516782
   2.91311      2.401144      2.401142
   2.96715      2.288673      2.288671
   3.02119      2.187643      2.187642
   3.07523      2.102908      2.102906
   3.12926      2.036450      2.036449
   3.18330      1.987769      1.987768
   3.23734      1.954986      1.954985
   3.29137      1.936165      1.936165
   3.34541      1.930034      1.930033
   3.34541      1.930034      1.930033
   3.40113      1.966875      1.966874
   3.45684      2.064703      2.064702
   3.51256      2.199358      2.199356
   3.56827      2.352274      2.352272
   3.62399      2.510968      2.510965
   3.67971      2.662429      2.662426
   3.73542      2.788068      2.788065
   3.79114      2.866532      2.866529
   3.84685      2.890227      2.890225
   3.84685      2.890227      2.890225
   3.89963      2.875152      2.875151
   3.95241      2.841248      2.841247
   4.00519      2.802021      2.802021
   4.05798      2.767734      2.767733
   4.11076      2.746906      2.746905
   4.16354      2.746472      2.746473
   4.21632      2.771192      2.771193
   4.26910      2.823167      2.823168
   4.32188      2.901839      2.901839
   4.37466      3.004004      3.004005
   4.42744      3.122623      3.122624
   4.48022      3.209094      3.209096
   4.53300      3.116113      3.115976
   4.58578      2.954527      2.954527
   4.63856      2.751272      2.751272
   4.69134      2.526584      2.526583
   4.74412      2.311343      2.311342
   4.79690      2.150145      2.150145
   4.84968      2.089371      2.089371
   4.84968      2.089371      2.089371
   4.91226      2.085711      2.085710
   4.97483      2.073673      2.073672
   5.03740      2.049493      2.049491
   5.09998      2.005502      2.005500
   5.16255      1.932584      1.932581
   5.22512      1.842068      1.842066
   5.28770      1.795809      1.795807
   5.28770      1.937731      1.937732
   5.34174      1.920156      1.920157
   5.39577      1.888281      1.888281
   5.44981      1.866489      1.866489
   5.50385      1.864090      1.864090
   5.55789      1.884373      1.884373
   5.61193      1.928878      1.928878
   5.66596      1.998039      1.998039
   5.72000      2.090736      2.090736
   5.77404      2.203225      2.203225
   5.82808      2.326977      2.326977
   5.88212      2.444361      2.444361
   5.93616      2.522323      2.522322
   5.99019      2.516511      2.516510
   6.04423      2.406962      2.406960
   6.09827      2.222560      2.222557
   6.15231      2.019228      2.019225
   6.20635      1.858186      1.858184
   6.26038      1.795809      1.795807
   6.26038      1.795809      1.795807
   6.31466      1.864425      1.864423
   6.36894      2.035852      2.035849
   6.42322      2.242957      2.242955
   6.47751      2.426033      2.426031
   6.53179      2.532033      2.532031
   6.58607      2.513941      2.513940
   6.64035      2.398628      2.398628
   6.69463      2.246250      2.246250
   6.74891      2.089738      2.089738
   6.80319      1.944106      1.944106
   6.85747      1.816510      1.816510
   6.91175      1.710407      1.710407
   6.96603      1.627360      1.627360
   7.02031      1.567961      1.567961
   7.07459      1.532343      1.532343
   7.12887      1.520480      1.520480
 
# Band-Index   22
   7.12887      3.642598      3.642609
   7.07459      3.648061      3.648061
   7.02031      3.658984      3.658982
   6.96603      3.662415      3.662413
   6.91175      3.645654      3.645651
   6.85747      3.601128      3.601126
   6.80319      3.526355      3.526353
   6.74891      3.423881      3.423883
   6.69463      3.301859      3.301857
   6.64035      3.173739      3.173789
   6.58607      3.061134      3.061133
   6.53179      2.996617      2.996618
   6.47751      2.969242      2.969243
   6.42322      2.923972      2.923975
   6.36894      2.863535      2.863530
   6.31466      2.816153      2.816155
   6.26038      2.798649      2.798649
   6.26038      2.798651      2.798650
   6.20635      2.821528      2.821529
   6.15231      2.882758      2.882759
   6.09827      2.964535      2.964537
   6.04423      3.045149      3.045154
   5.99019      3.104746      3.104746
   5.93616      3.146896      3.146896
   5.88212      3.190627      3.190628
   5.82808      3.239111      3.239110
   5.77404      3.287787      3.287788
   5.72000      3.331834      3.331836
   5.66596      3.364938      3.364939
   5.61193      3.375031      3.375032
   5.55789      3.326212      3.326212
   5.50385      3.145880      3.145879
   5.44981      2.896532      2.896530
   5.39577      2.666028      2.666025
   5.34174      2.497034      2.497030
   5.28770      2.431654      2.431651
   5.28770      2.798650      2.798651
   5.22512      2.863188      2.863190
   5.16255      3.050030      3.050032
   5.09998      3.283837      3.283838
   5.03740      3.417371      3.417452
   4.97483      3.474750      3.479778
   4.91226      3.502405      3.502393
   4.84968      3.511371      3.511375
   4.84968      3.511371      3.511374
   4.79690      3.515900      3.515900
   4.74412      3.525168      3.525165
   4.69134      3.530144      3.529782
   4.63856      3.516220      3.516239
   4.58578      3.467787      3.467787
   4.53300      3.378306      3.378293
   4.48022      3.269995      3.269995
   4.42744      3.264785      3.264787
   4.37466      3.246263      3.246271
   4.32188      3.207027      3.206831
   4.26910      3.169771      3.169773
   4.21632      3.148345      3.148347
   4.16354      3.148183      3.148184
   4.11076      3.169739      3.169741
   4.05798      3.209280      3.209281
   4.00519      3.258978      3.258978
   3.95241      3.307045      3.307045
   3.89963      3.340138      3.340138
   3.84685      3.350584      3.350584
   3.84685      3.350584      3.350584
   3.79114      3.344430      3.344430
   3.73542      3.337068      3.337068
   3.67971      3.327162      3.327163
   3.62399      3.284665      3.284665
   3.56827      3.154710      3.154709
   3.51256      2.924282      2.924280
   3.45684      2.681483      2.681481
   3.40113      2.508228      2.508226
   3.34541      2.446271      2.446268
   3.34541      2.446271      2.446268
   3.29137      2.459399      2.459397
   3.23734      2.498408      2.498406
   3.18330      2.561854      2.561852
   3.12926      2.646240      2.646239
   3.07523      2.744656      2.744655
   3.02119      2.847255      2.847254
   2.96715      2.944439      2.944429
   2.91311      3.026664      3.026647
   2.85908      3.081389      3.081696
   2.80504      3.099657      3.099486
   2.75100      3.094653      3.094647
   2.69697      3.099493      3.099494
   2.64293      3.105043      3.105044
   2.58889      3.068587      3.068586
   2.53486      2.985107      2.985108
   2.48082      2.891173      2.891171
   2.42678      2.822962      2.822963
   2.37274      2.798650      2.798650
   2.37274      2.798650      2.798650
   2.31846      2.817128      2.817129
   2.26419      2.867742      2.867743
   2.20991      2.933925      2.933926
   2.15563      2.984032      2.984034
   2.10135      3.008900      3.008902
   2.04707      3.066764      3.066766
   1.99279      3.175492      3.175497
   1.93851      3.302025      3.302018
   1.88423      3.423772      3.423794
   1.82995      3.526686      3.526686
   1.77567      3.601761      3.601748
   1.72139      3.645516      3.645516
   1.66711      3.660128      3.660128
   1.61283      3.653819      3.653819
   1.55855      3.640585      3.640585
   1.50427      3.634273      3.634274
   1.50427      3.634273      3.634274
   1.44856      3.650032      3.650045
   1.39284      3.691971      3.692108
   1.33713      3.748784      3.748767
   1.28141      3.811557      3.811190
   1.22570      3.874913      3.874924
   1.16998      3.941756      3.941684
   1.11427      4.028321      4.028291
   1.05855      4.096330      4.096333
   1.00284      4.103140      4.103140
   1.00284      4.103138      4.103140
   0.95006      4.094275      4.094277
   0.89727      4.065559      4.065664
   0.84449      3.977718      3.977718
   0.79171      3.834041      3.834042
   0.73893      3.693875      3.693876
   0.68615      3.565327      3.565327
   0.63337      3.453706      3.453706
   0.58059      3.361582      3.361582
   0.52781      3.289765      3.289764
   0.47503      3.237537      3.237536
   0.42225      3.201795      3.201795
   0.36947      3.175114      3.175114
   0.31669      3.144108      3.144108
   0.26390      3.093634      3.093634
   0.21112      3.020031      3.020032
   0.15834      2.937547      2.937548
   0.10556      2.865248      2.865249
   0.05278      2.816175      2.816176
   0.00000      2.798649      2.798651
 
# Band-Index   23
   0.00000      3.476098      3.476168
   0.05278      3.515685      3.515246
   0.10556      3.613822      3.614238
   0.15834      3.730645      3.730257
   0.21112      3.832361      3.832387
   0.26390      3.909396      3.909426
   0.31669      3.972067      3.972054
   0.36947      4.042066      4.042014
   0.42225      4.128872      4.136185
   0.47503      4.227248      4.227666
   0.52781      4.321829      4.322242
   0.58059      4.387988      4.387987
   0.63337      4.392959      4.392491
   0.68615      4.322222      4.329136
   0.73893      4.212087      4.210453
   0.79171      4.107175      4.109857
   0.84449      4.057035      4.057069
   0.89727      4.128709      4.128709
   0.95006      4.266995      4.266795
   1.00284      4.345073      4.345070
   1.00284      4.345071      4.345077
   1.05855      4.250779      4.252092
   1.11427      4.201490      4.200920
   1.16998      4.301953      4.300866
   1.22570      4.442214      4.434936
   1.28141      4.498354      4.499688
   1.33713      4.441907      4.441913
   1.39284      4.345280      4.345351
   1.44856      4.271755      4.271760
   1.50427      4.245474      4.245479
   1.50427      4.245474      4.245479
   1.55855      4.260285      4.260289
   1.61283      4.307681      4.307686
   1.66711      4.392621      4.392626
   1.72139      4.511356      4.512915
   1.77567      4.642501      4.637171
   1.82995      4.717187      4.699567
   1.88423      4.647357      4.706655
   1.93851      4.582821      4.575346
   1.99279      4.441446      4.454969
   2.04707      4.296976      4.304966
   2.10135      4.119266      4.119355
   2.15563      3.925978      3.926048
   2.20991      3.759518      3.760268
   2.26419      3.621668      3.621169
   2.31846      3.516718      3.516882
   2.37274      3.476461      3.476100
   2.37274      3.476222      3.476682
   2.42678      3.509309      3.509980
   2.48082      3.590349      3.590320
   2.53486      3.686470      3.686458
   2.58889      3.787571      3.787748
   2.64293      3.901242      3.901250
   2.69697      4.007605      4.007774
   2.75100      4.044563      4.041172
   2.80504      3.996947      3.997553
   2.85908      3.909851      3.909852
   2.91311      3.775987      3.775988
   2.96715      3.598925      3.598931
   3.02119      3.431202      3.431205
   3.07523      3.313524      3.313527
   3.12926      3.255837      3.255834
   3.18330      3.247567      3.247567
   3.23734      3.268331      3.268330
   3.29137      3.294516      3.294512
   3.34541      3.305895      3.305898
   3.34541      3.305938      3.305995
   3.40113      3.340157      3.340126
   3.45684      3.433728      3.433725
   3.51256      3.568047      3.568048
   3.56827      3.753311      3.753311
   3.62399      4.031264      4.031264
   3.67971      4.359981      4.359981
   3.73542      4.642267      4.642267
   3.79114      4.801181      4.802754
   3.84685      4.839896      4.842146
   3.84685      4.839864      4.840127
   3.89963      4.821991      4.822006
   3.95241      4.789501      4.792785
   4.00519      4.760393      4.760390
   4.05798      4.736450      4.736421
   4.11076      4.684807      4.682708
   4.16354      4.552306      4.561188
   4.21632      4.429234      4.425399
   4.26910      4.326261      4.325963
   4.32188      4.261549      4.258434
   4.37466      4.220428      4.219169
   4.42744      4.226829      4.217462
   4.48022      4.182812      4.185707
   4.53300      4.153891      4.152519
   4.58578      4.125488      4.142678
   4.63856      4.084101      4.091602
   4.69134      4.036308      4.036228
   4.74412      3.975646      3.975212
   4.79690      3.924515      3.927155
   4.84968      3.898086      3.900358
   4.84968      3.901097      3.898348
   4.91226      3.911265      3.911262
   4.97483      3.943481      3.947467
   5.03740      3.982510      3.981421
   5.09998      3.669375      3.669170
   5.16255      3.535366      3.535427
   5.22512      3.489288      3.488867
   5.28770      3.476558      3.476125
   5.28770      3.317542      3.317585
   5.34174      3.331122      3.331121
   5.39577      3.368362      3.368161
   5.44981      3.419844      3.419795
   5.50385      3.484852      3.484850
   5.55789      3.614223      3.614221
   5.61193      3.841215      3.841271
   5.66596      4.070295      4.069842
   5.72000      4.245690      4.245116
   5.77404      4.341721      4.341721
   5.82808      4.345547      4.343381
   5.88212      4.254380      4.253632
   5.93616      4.101243      4.101244
   5.99019      3.954070      3.954070
   6.04423      3.842439      3.842447
   6.09827      3.722464      3.722379
   6.15231      3.598400      3.597635
   6.20635      3.507974      3.508005
   6.26038      3.476112      3.476184
   6.26038      3.476134      3.476156
   6.31466      3.511910      3.512036
   6.36894      3.605038      3.605647
   6.42322      3.735787      3.735657
   6.47751      3.901679      3.901760
   6.53179      4.098972      4.098363
   6.58607      4.333938      4.300139
   6.64035      4.422967      4.459470
   6.69463      4.547956      4.538142
   6.74891      4.676212      4.641832
   6.80319      4.715164      4.710398
   6.85747      4.643995      4.644000
   6.91175      4.517330      4.517335
   6.96603      4.395495      4.395501
   7.02031      4.306709      4.306715
   7.07459      4.256328      4.256333
   7.12887      4.240430      4.240435
 
# Band-Index   24
   7.12887      5.701259      5.713093
   7.07459      5.642866      5.641285
   7.02031      5.507442      5.507394
   6.96603      5.342817      5.342718
   6.91175      5.175732      5.175214
   6.85747      5.030302      5.030723
   6.80319      5.015332      4.977974
   6.74891      5.034031      4.984378
   6.69463      4.863056      4.850658
   6.64035      4.727757      4.744778
   6.58607      4.610893      4.599482
   6.53179      4.477950      4.515137
   6.47751      4.389152      4.368073
   6.42322      4.428383      4.286626
   6.36894      4.210360      4.172301
   6.31466      4.078355      4.089096
   6.26038      4.044191      4.044079
   6.26038      4.051626      4.047842
   6.20635      4.075106      4.079874
   6.15231      4.181026      4.175589
   6.09827      4.194116      4.205649
   6.04423      4.262762      4.268827
   5.99019      4.407968      4.392888
   5.93616      4.602500      4.601474
   5.88212      4.867849      4.854979
   5.82808      5.138696      5.127949
   5.77404      5.439838      5.419341
   5.72000      5.604587      5.599537
   5.66596      5.491176      5.273518
   5.61193      5.000272      5.000436
   5.55789      4.780434      4.780559
   5.50385      4.622446      4.622521
   5.44981      4.522098      4.522321
   5.39577      4.487479      4.466462
   5.34174      4.440209      4.440231
   5.28770      4.432973      4.432902
   5.28770      4.046418      4.048566
   5.22512      4.058673      4.058140
   5.16255      4.067806      4.068979
   5.09998      4.042596      4.042182
   5.03740      3.996481      3.994425
   4.97483      4.112559      4.017171
   4.91226      3.979106      3.922733
   4.84968      3.915020      3.904966
   4.84968      3.912816      3.925816
   4.79690      3.937941      3.948748
   4.74412      4.060321      4.035683
   4.69134      4.194371      4.258070
   4.63856      4.449229      4.424954
   4.58578      4.520989      4.431917
   4.53300      4.491421      4.309495
   4.48022      4.248139      4.351281
   4.42744      4.251779      4.259998
   4.37466      4.638975      4.589462
   4.32188      4.710151      4.742779
   4.26910      4.759178      4.740379
   4.21632      4.943401      4.911820
   4.16354      4.894858      4.942964
   4.11076      4.894284      4.972815
   4.05798      4.993180      4.973744
   4.00519      5.150930      5.149429
   3.95241      5.331073      5.334560
   3.89963      5.486429      5.490479
   3.84685      5.600893      5.616898
   3.84685      5.578898      5.575480
   3.79114      5.502150      5.497512
   3.73542      5.321177      5.328710
   3.67971      5.128179      5.137868
   3.62399      4.898278      4.897275
   3.56827      4.672968      4.673021
   3.51256      4.512274      4.512059
   3.45684      4.438746      4.438863
   3.40113      4.427003      4.427994
   3.34541      4.431838      4.432448
   3.34541      4.431489      4.432208
   3.29137      4.436583      4.436011
   3.23734      4.447713      4.447324
   3.18330      4.460223      4.460213
   3.12926      4.469805      4.469725
   3.07523      4.473812      4.473793
   3.02119      4.491554      4.476967
   2.96715      4.514435      4.500755
   2.91311      4.600798      4.581327
   2.85908      4.648632      4.584519
   2.80504      4.667570      4.608831
   2.75100      4.527975      4.466265
   2.69697      4.415278      4.409478
   2.64293      4.288601      4.287596
   2.58889      4.339248      4.240077
   2.53486      4.136606      4.140955
   2.48082      4.166614      4.116617
   2.42678      4.078012      4.087450
   2.37274      4.045927      4.043987
   2.37274      4.046103      4.046293
   2.31846      4.078263      4.082359
   2.26419      4.312471      4.160137
   2.20991      4.343746      4.270102
   2.15563      4.361074      4.371709
   2.10135      4.485984      4.497769
   2.04707      4.680282      4.707634
   1.99279      4.743454      4.788139
   1.93851      4.947601      4.873100
   1.88423      4.999745      4.987033
   1.82995      4.981322      4.999391
   1.77567      5.215154      5.044997
   1.72139      5.182415      5.240622
   1.66711      5.348414      5.352898
   1.61283      5.514512      5.523189
   1.55855      5.648358      5.648270
   1.50427      5.708507      5.706170
   1.50427      5.714551      5.706728
   1.44856      5.775253      5.696925
   1.39284      5.604922      5.607733
   1.33713      5.369974      5.354713
   1.28141      5.177093      5.171857
   1.22570      5.117143      5.277180
   1.16998      5.148019      5.114300
   1.11427      5.034002      5.064891
   1.05855      4.807215      4.801497
   1.00284      4.713703      4.712466
   1.00284      4.711810      4.712735
   0.95006      4.787623      4.769396
   0.89727      4.867642      4.870701
   0.84449      4.818465      4.821843
   0.79171      4.916770      4.866401
   0.73893      4.985656      4.865304
   0.68615      4.990300      5.389286
   0.63337      5.003448      4.868608
   0.58059      4.863691      4.858983
   0.52781      4.801351      4.815550
   0.47503      5.088877      4.689651
   0.42225      4.578429      4.697089
   0.36947      4.449468      4.456467
   0.31669      4.364846      4.363373
   0.26390      4.346896      4.329849
   0.21112      4.312420      4.323029
   0.15834      4.393914      4.473386
   0.10556      4.273521      4.162257
   0.05278      4.073145      4.075706
   0.00000      4.049452      4.044884
