21   
126  

1    
  0.0099999993860163  -0.0000034767508456  -0.0000004380389732
  -0.0739742900    0.0024620700    0.0130885800
   0.0015782000   -0.0022487900   -0.0028101100
   0.0025888200    0.0001364500    0.0002945100
   0.0011147000    0.0003777900    0.0013063300
   0.0023895900   -0.0002378500   -0.0022914600
   0.0042978600   -0.0000174500   -0.0008029600
   0.0012100700   -0.0022101400    0.0000940200
   0.0015418700   -0.0004819500   -0.0010238300
   0.0021676800    0.0026479700   -0.0031293000
   0.0120845300   -0.0012417100    0.0015111700
   0.0060485000   -0.0012881200   -0.0020439800
   0.0028437800    0.0002717800   -0.0009157600
   0.0032398200    0.0003035300   -0.0033263200
   0.0049221500   -0.0010320000    0.0001520200
  -0.0009025300    0.0018542400    0.0013824300
   0.0011696200   -0.0010831900    0.0013613200
   0.0054783400   -0.0009835400   -0.0047372000
   0.0042203600    0.0006273900    0.0046737300
   0.0031121600   -0.0000988400   -0.0014868700
   0.0034898500   -0.0014753900    0.0023115900
   0.0113789100    0.0037177500   -0.0036079200

1    
 -0.0099999993860163   0.0000034767508456   0.0000004380389732
  -0.0083482200    0.0032483400    0.0016075300
   0.0002227900   -0.0022918500   -0.0022177000
   0.0012272700    0.0001035100    0.0008803800
  -0.0002903100    0.0003501200    0.0018942600
   0.0010375100   -0.0002682200   -0.0017032700
  -0.0017604000    0.0000545200   -0.0003429400
   0.0001172400   -0.0022406800    0.0006868700
   0.0001152500   -0.0005268700   -0.0004375100
   0.0006362200    0.0026189600   -0.0025543800
  -0.0008094100   -0.0014245100    0.0022486300
   0.0047100000   -0.0013166000   -0.0014609600
   0.0015773500    0.0002450700   -0.0003391000
   0.0000228800    0.0002647000   -0.0027814000
   0.0036099300   -0.0010622500    0.0007418500
  -0.0016171500    0.0018545600    0.0019588600
  -0.0007518000   -0.0011140800    0.0015724400
   0.0046905500   -0.0010131100   -0.0041557900
   0.0028860900    0.0005968300    0.0052521400
   0.0017853900   -0.0001293800   -0.0009097400
   0.0018649600   -0.0015101900    0.0028875500
  -0.0109261600    0.0035611200   -0.0028277200

1    
 -0.0050034343710570   0.0086582698998644   0.0000026145035161
  -0.0006206300   -0.0505021400   -0.0288844400
  -0.0006414200   -0.0004320900   -0.0006519300
   0.0003505700    0.0019722700    0.0024454200
  -0.0011586200    0.0022355200    0.0034620200
   0.0001559900    0.0015969400   -0.0001365800
  -0.0014381200    0.0038972800    0.0011841100
  -0.0008345700   -0.0005057200    0.0022271200
  -0.0007412600    0.0013586800    0.0011311800
  -0.0002079200    0.0045750800   -0.0010195400
   0.0012371700    0.0053592600    0.0036533700
   0.0038255700    0.0005408400    0.0000855500
   0.0006748900    0.0020729300    0.0012173300
  -0.0004174600    0.0029321700   -0.0012027300
   0.0027191100    0.0007845700    0.0023174800
  -0.0026208100    0.0033845600    0.0035965700
  -0.0015337100    0.0010147000    0.0030125200
   0.0036743900    0.0006039100   -0.0026380300
   0.0020011700    0.0024528900    0.0067611100
   0.0008990900    0.0017233800    0.0006026800
   0.0010431100    0.0004850300    0.0043954800
  -0.0063665200    0.0144499300   -0.0015587100

1    
  0.0050034343710570  -0.0086582698998644  -0.0000026145035161
  -0.0419948200    0.0235499200   -0.0329868100
   0.0004339700   -0.0024394600   -0.0004401900
   0.0014424700   -0.0000688700    0.0026573200
  -0.0000415600    0.0001579400    0.0036743600
   0.0012462200   -0.0004367700    0.0000756300
   0.0020719400   -0.0021652700    0.0014086700
   0.0001412600   -0.0023009500    0.0024559600
   0.0003767100   -0.0007082000    0.0013232200
   0.0009899200    0.0023518700   -0.0008175900
   0.0079770200   -0.0065075700    0.0037763600
   0.0049093700   -0.0014804700    0.0003047700
   0.0017240600    0.0001092000    0.0014332400
   0.0016146700   -0.0007072500   -0.0009810000
   0.0037898200   -0.0012144000    0.0025318200
  -0.0018446200    0.0019338700    0.0038262300
  -0.0001366100   -0.0015237900    0.0032768200
   0.0044781400   -0.0009387900   -0.0024456400
   0.0030813800    0.0004362800    0.0069607000
   0.0019760700   -0.0002872500    0.0008002200
   0.0022696800   -0.0017910100    0.0045889700
   0.0054949100   -0.0059690400   -0.0014230700

1    
 -0.0000004073880431   0.0000027637068712   0.0099999996097980
  -0.0350226500   -0.0006549600   -0.0214212500
   0.0006199600   -0.0020797200   -0.0012360400
   0.0016173400    0.0002890200    0.0018514200
   0.0001158100    0.0005511600    0.0029934200
   0.0014172500   -0.0000660200   -0.0007091100
   0.0010169800    0.0002291100   -0.0012855100
   0.0003408500   -0.0020458200    0.0014095900
   0.0005211300   -0.0003181400   -0.0001111400
   0.0010956200    0.0028391900   -0.0025796000
   0.0052430900   -0.0012347500    0.0036010200
   0.0050838700   -0.0011193500   -0.0011318700
   0.0019060500    0.0004459900    0.0000943900
   0.0012989600    0.0004429300   -0.0010228700
   0.0039765200   -0.0008694600    0.0022583700
  -0.0015583900    0.0020381100    0.0045522700
  -0.0001778800   -0.0009516200    0.0144929600
   0.0047908300   -0.0008165800   -0.0067572600
   0.0032609700    0.0007914500    0.0028768800
   0.0021507500    0.0000674400   -0.0032695800
   0.0023799000   -0.0013089700    0.0008695100
  -0.0000769700    0.0037709600    0.0045243900

1    
  0.0000004073880431  -0.0000027637068712  -0.0099999996097980
  -0.0137766800   -0.0175231900    0.0603808000
  -0.0004781000   -0.0012357500   -0.0050649900
   0.0005362400    0.0011766600   -0.0019862300
  -0.0009532100    0.0014035500   -0.0010983800
   0.0003471200    0.0007870500   -0.0046014700
  -0.0001101400    0.0010406000   -0.0011437200
  -0.0006867700   -0.0011908800   -0.0020195500
  -0.0005382400    0.0005260800   -0.0026525100
   0.0000503000    0.0036502200   -0.0044203000
   0.0044403900   -0.0003209700   -0.0011154500
   0.0040086300   -0.0002593000   -0.0036706400
   0.0008381400    0.0013061800   -0.0026571400
   0.0002615400    0.0013557900   -0.0063953500
   0.0028931900    0.0000018400   -0.0026845400
  -0.0026045200    0.0028563100   -0.0025360600
  -0.0011205300   -0.0000001000   -0.0114657200
   0.0037229700    0.0000437600   -0.0034117500
   0.0021831300    0.0016593300    0.0057851300
   0.0010848700    0.0009299600   -0.0003938700
   0.0013091700   -0.0004398500    0.0030529800
  -0.0014075200    0.0042327200   -0.0119012500

2    
  0.0099999993860163  -0.0000034767508456  -0.0000004380389732
  -0.0028862700    0.0013011600    0.0017469400
  -0.0509880600   -0.0220768100    0.0320089500
   0.0040130800    0.0011817100   -0.0009237000
   0.0001313400    0.0014966100    0.0000132600
   0.0014568900    0.0008766700   -0.0035851600
   0.0010647200    0.0011912900   -0.0022127900
   0.0004051900   -0.0011052800   -0.0011862200
   0.0004045200    0.0006227200   -0.0022717800
   0.0010818500    0.0037627000   -0.0044263100
   0.0053954200   -0.0002576800    0.0003888500
   0.0109008200   -0.0003624400   -0.0030400000
   0.0020234700    0.0013921300   -0.0021724900
   0.0022128600    0.0014321900   -0.0046577000
   0.0036121500    0.0000312900   -0.0012254500
  -0.0015024200    0.0030076100    0.0000582900
  -0.0004347800    0.0000425200   -0.0002570600
   0.0050903100    0.0001695100   -0.0058567700
   0.0133342700    0.0017553200    0.0037931300
   0.0023171400    0.0010299900   -0.0027187600
   0.0023686400   -0.0003668100    0.0010748100
  -0.0000011500    0.0048756100   -0.0045500300

2    
 -0.0099999993860163   0.0000034767508456   0.0000004380389732
  -0.0052706600    0.0010506400    0.0015280600
   0.0360700000   -0.0175466900    0.0365899300
  -0.0032091100    0.0010219500   -0.0011962500
  -0.0022784200    0.0012453700   -0.0002051500
  -0.0010039400    0.0006271300   -0.0038043400
  -0.0013539300    0.0009391900   -0.0024312900
  -0.0020686300   -0.0013555800   -0.0013840500
  -0.0017310100    0.0003844100   -0.0025251700
  -0.0012409700    0.0035124200   -0.0046433900
   0.0029994600   -0.0005088000    0.0001589400
  -0.0031138400   -0.0003667400   -0.0034224100
  -0.0005733600    0.0011342800   -0.0024153100
  -0.0020609000    0.0011938600   -0.0048942100
   0.0018734000   -0.0001954400   -0.0014553800
  -0.0038719900    0.0027568800   -0.0001629100
  -0.0022746500   -0.0002106600   -0.0004582800
   0.0020824300   -0.0000792100   -0.0060768800
  -0.0101981100    0.0016172400    0.0036076400
  -0.0003704200    0.0007738100   -0.0029212600
  -0.0000143100   -0.0006182400    0.0008679300
  -0.0023910600    0.0046241700   -0.0047562000

2    
 -0.0050034343710570   0.0086582698998644   0.0000026145035161
  -0.0056625500    0.0022872100    0.0039104300
   0.0335562300   -0.0587249300   -0.0097703300
  -0.0024223400    0.0041600200    0.0010514400
  -0.0026643100    0.0024822900    0.0021717400
  -0.0013785200    0.0018858600   -0.0014262700
  -0.0017361000    0.0021817300   -0.0000586800
  -0.0024296100   -0.0000773800    0.0009810800
  -0.0021701900    0.0015052900   -0.0001590700
  -0.0016489000    0.0047088100   -0.0022866700
   0.0026108500    0.0007222700    0.0025249400
  -0.0006494400    0.0058520600   -0.0011557400
  -0.0009098800    0.0024646100   -0.0000950500
  -0.0019862600    0.0032597600   -0.0025324300
   0.0013443600    0.0007250400    0.0010000200
  -0.0042668200    0.0039757400    0.0022261300
  -0.0028002700    0.0007769200    0.0018447600
   0.0018268200    0.0014416100   -0.0041078300
  -0.0047319400    0.0117774800    0.0057946400
  -0.0006937700    0.0021351300   -0.0006278100
  -0.0004058100    0.0006072300    0.0031689100
  -0.0027815400    0.0058532600   -0.0024541900

2    
  0.0050034343710570  -0.0086582698998644  -0.0000026145035161
  -0.0051617900    0.0009653800    0.0035226800
   0.0039251800    0.0010732400   -0.0026532700
   0.0005971300   -0.0011586600    0.0007898100
  -0.0021566900    0.0011748200    0.0017936900
  -0.0008419900    0.0005332600   -0.0018028700
  -0.0012244000    0.0008629400   -0.0004342300
  -0.0018904200   -0.0014640400    0.0005868700
  -0.0018046500    0.0004395400   -0.0005109300
  -0.0011839800    0.0034789700   -0.0026606800
   0.0031129200   -0.0005735800    0.0021559000
   0.0058962700   -0.0055590800   -0.0014312700
  -0.0003089200    0.0009793900   -0.0004249400
  -0.0005513900    0.0003227400   -0.0028649600
   0.0015600400   -0.0000134500    0.0006301000
  -0.0037791700    0.0027029000    0.0018490200
  -0.0025751700   -0.0000376100    0.0014723000
   0.0026122800   -0.0003850200   -0.0042813500
   0.0060235000   -0.0078153200    0.0053026600
  -0.0000550500    0.0005910600   -0.0010042400
   0.0000893200   -0.0006782600    0.0027956900
  -0.0022830100    0.0045607900   -0.0028300000

2    
 -0.0000004073880431   0.0000027637068712   0.0099999996097980
  -0.0039519600    0.0009900600    0.0063325700
  -0.0102132400   -0.0158991000   -0.0603919000
   0.0005657900    0.0008432100    0.0015145800
  -0.0009477800    0.0012096700    0.0046582200
   0.0003542100    0.0005913000    0.0011373000
  -0.0000189600    0.0008836700    0.0023793700
  -0.0007093700   -0.0013976000    0.0027737200
  -0.0005425700    0.0003564400    0.0021407800
   0.0000341300    0.0034857400   -0.0003838000
   0.0043307400   -0.0005507400    0.0043421000
   0.0040360900   -0.0004654400    0.0017329100
   0.0008196500    0.0011205800    0.0013465700
   0.0002166800    0.0011794600    0.0007136100
   0.0028761900   -0.0002735400    0.0050826200
  -0.0025543300    0.0027121800    0.0052291900
  -0.0012297900   -0.0002551500    0.0006864400
   0.0036840200   -0.0000578700    0.0087734900
   0.0019178600    0.0008661600    0.0142958700
   0.0010958900    0.0007405200   -0.0012030800
   0.0013026500   -0.0006592400    0.0022355500
  -0.0010658900    0.0045796900   -0.0033961000

2    
  0.0000004073880431  -0.0000027637068712  -0.0099999996097980
  -0.0049086400    0.0017312100    0.0024833200
   0.0088965200   -0.0305132100    0.0216418100
  -0.0004379000    0.0016574600    0.0017251500
  -0.0019086400    0.0019150900    0.0007324100
  -0.0006107900    0.0012957200   -0.0029507200
  -0.0009786700    0.0016279500   -0.0014553500
  -0.0016479900   -0.0006856800    0.0002128900
  -0.0014801500    0.0010281100   -0.0013044000
  -0.0008977600    0.0041738300   -0.0032021900
   0.0033566100    0.0001646900    0.0016912400
   0.0030369600    0.0002193900   -0.0030239200
  -0.0000986800    0.0018049800   -0.0004528100
  -0.0007642000    0.0018481400   -0.0047058400
   0.0019483300    0.0004479200   -0.0020113600
  -0.0035278100    0.0034339000    0.0002752700
  -0.0021874900    0.0004653500    0.0040145100
   0.0027670300    0.0005602300   -0.0170356600
   0.0010057300    0.0020127100   -0.0021828700
   0.0001292100    0.0014551900    0.0009559900
   0.0003433000    0.0000553700    0.0051020500
  -0.0020349700    0.0053016700   -0.0005095300

3    
  0.0099999993860163  -0.0000034767508456  -0.0000004380389732
  -0.0068435700   -0.0000587900    0.0035503500
  -0.0008477900   -0.0025585500   -0.0022686300
   0.0273121500    0.0069645800   -0.0001290400
  -0.0038180400    0.0001328500    0.0018096500
  -0.0025346500   -0.0004830600   -0.0017838200
  -0.0028783600   -0.0001715300   -0.0004195500
  -0.0036014200   -0.0024630300    0.0006127100
  -0.0034532400   -0.0007404400   -0.0005115600
  -0.0029338500    0.0024356200   -0.0026670700
   0.0014378600   -0.0016136800    0.0021676800
   0.0012597000   -0.0015265800   -0.0015142800
   0.0036126700   -0.0000938000   -0.0002705200
  -0.0028849400    0.0000753900   -0.0028453400
   0.0009366600   -0.0012710700    0.0006956200
  -0.0054693800    0.0016469400    0.0018642400
  -0.0040070600   -0.0013194600    0.0014940100
   0.0128228400   -0.0008481300   -0.0042088800
  -0.0004675100    0.0004552600    0.0053840000
  -0.0020765500   -0.0003497200   -0.0009770700
  -0.0015934800   -0.0017276200    0.0028212000
  -0.0039720300    0.0035148200   -0.0028037100

3    
 -0.0099999993860163   0.0000034767508456   0.0000004380389732
  -0.0028789600   -0.0001536800    0.0035850700
  -0.0018511700   -0.0025883100   -0.0021985600
  -0.0108405000    0.0088929600   -0.0001132100
   0.0001123000    0.0000347400    0.0018438500
   0.0014236100   -0.0005757100   -0.0017517900
   0.0010263400   -0.0002627200   -0.0003823500
   0.0003719700   -0.0025543100    0.0006468000
   0.0005890900   -0.0008351900   -0.0004816300
   0.0011939600    0.0022542000   -0.0026382100
   0.0053919500   -0.0017197700    0.0022071100
   0.0049672900   -0.0016312100   -0.0015064400
  -0.0037101600    0.0002017300   -0.0006599500
   0.0015615300   -0.0000133300   -0.0027983300
   0.0030607600   -0.0013347600    0.0007124600
  -0.0014674800    0.0015529900    0.0019006200
  -0.0002838300   -0.0014136300    0.0015194300
  -0.0065730900   -0.0013564300   -0.0043806400
   0.0030663900    0.0003451000    0.0053873800
   0.0024381700   -0.0004433400   -0.0009554300
   0.0023853100   -0.0018206500    0.0028458400
   0.0000165300    0.0034213300   -0.0027819800

3    
 -0.0050034343710570   0.0086582698998644   0.0000026145035161
  -0.0032919500   -0.0008443300    0.0036019600
  -0.0009773500   -0.0012439800   -0.0022656900
  -0.0125556500    0.0056804600   -0.0003844100
  -0.0002883900   -0.0006384400    0.0018611700
   0.0010115900   -0.0012645100   -0.0017344000
   0.0006276200   -0.0009256400   -0.0003661800
  -0.0000453600   -0.0032494000    0.0006615100
   0.0001572600   -0.0015603400   -0.0004610600
   0.0007903800    0.0015144900   -0.0026118000
   0.0049901500   -0.0023977300    0.0022370800
   0.0046210400   -0.0021960100   -0.0014845400
  -0.0015208000    0.0040210000   -0.0006394500
   0.0010012000   -0.0009617900   -0.0027776900
   0.0030762000   -0.0012856300    0.0007269300
  -0.0018896600    0.0008464400    0.0019180100
  -0.0006286700   -0.0019874000    0.0015322100
  -0.0012414700    0.0079116000   -0.0043767400
   0.0027041600   -0.0002598900    0.0054087400
   0.0018939200   -0.0013611300   -0.0009399000
   0.0019685600   -0.0025177600    0.0028588000
  -0.0004027900    0.0027200000   -0.0027645500

3    
  0.0050034343710570  -0.0086582698998644  -0.0000026145035161
  -0.0053602200    0.0025019700    0.0034463700
  -0.0006148100   -0.0019689500   -0.0022784600
   0.0084357400   -0.0258017900    0.0017744500
  -0.0023442100    0.0026755700    0.0017059900
  -0.0010537100    0.0020734000   -0.0018876900
  -0.0014094100    0.0023615200   -0.0005219700
  -0.0021151300    0.0001009700    0.0005134000
  -0.0019496100    0.0018556300   -0.0006138700
  -0.0014261700    0.0050863700   -0.0027344000
   0.0029141600    0.0009370000    0.0020542700
   0.0026747400    0.0009064400   -0.0016061600
   0.0023639500   -0.0022708800   -0.0003857100
  -0.0013076600    0.0028041100   -0.0029534700
   0.0019533800    0.0004815100    0.0005938200
  -0.0039775900    0.0042220700    0.0017591400
  -0.0025779100    0.0011477100    0.0013953100
   0.0080014500   -0.0091933100   -0.0043052900
   0.0008342500    0.0026996400    0.0053009100
  -0.0004501000    0.0024587300   -0.0010768900
  -0.0001074900    0.0008381100    0.0027230900
  -0.0024836500    0.0060841600   -0.0029028500

3    
 -0.0000004073880431   0.0000027637068712   0.0099999996097980
  -0.0048338500    0.0005433300    0.0021526900
  -0.0014100500   -0.0019047900   -0.0054862400
   0.0076069200   -0.0046869000    0.0219645600
  -0.0018198900    0.0007430900    0.0004918200
  -0.0005210100    0.0001321300   -0.0031405300
  -0.0008943100    0.0004252300   -0.0017268100
  -0.0015824600   -0.0018518900   -0.0013907500
  -0.0014063900   -0.0001245200   -0.0024500500
  -0.0008913500    0.0030302300   -0.0038646700
   0.0034532200   -0.0010114000    0.0002587100
   0.0031441100   -0.0009145000   -0.0038465400
   0.0002003400    0.0005020800   -0.0011181300
  -0.0006474600    0.0006856600   -0.0026240700
   0.0020194700   -0.0006576100    0.0000814300
  -0.0034291500    0.0022532200    0.0010128300
  -0.0021028600   -0.0007046600   -0.0028163600
   0.0031079700   -0.0007326800    0.0008012200
   0.0013049000    0.0010046400    0.0169055700
   0.0002142400    0.0002660900   -0.0058732800
   0.0004283100   -0.0011179400   -0.0018426300
  -0.0019407200    0.0041211900   -0.0074887400

3    
  0.0000004073880431  -0.0000027637068712  -0.0099999996097980
  -0.0053535100    0.0006579800    0.0034889800
  -0.0017534400   -0.0017864800   -0.0001974200
   0.0181258400   -0.0068641000    0.0050204100
  -0.0023523800    0.0008360900    0.0017601200
  -0.0010553600    0.0002191300   -0.0018753300
  -0.0014202800    0.0005532200   -0.0004940500
  -0.0021002300   -0.0017600500    0.0013004200
  -0.0019398900   -0.0000334400   -0.0000541700
  -0.0013017900    0.0030873700   -0.0029151700
   0.0029274400   -0.0009120000    0.0025225700
   0.0026220900   -0.0008331500   -0.0004279000
  -0.0007692400    0.0008811200   -0.0013604000
  -0.0011566800    0.0007391300   -0.0044382800
   0.0015139300   -0.0005806500   -0.0000947000
  -0.0039772100    0.0023602200    0.0012939700
  -0.0026502700   -0.0006036800    0.0043660500
   0.0027357300   -0.0006100200   -0.0111040100
   0.0008025200    0.0010772000   -0.0058894400
  -0.0003154800    0.0003653400    0.0025260000
  -0.0001023900   -0.0010194000    0.0060671000
  -0.0024794100    0.0042261900    0.0005052400

4    
  0.0099999993860163  -0.0000034767508456  -0.0000004380389732
  -0.0033771000   -0.0008810800    0.0037446400
   0.0000978300   -0.0033206700   -0.0021147000
   0.0010574800   -0.0009274600    0.0009779700
  -0.0410719200    0.0236052300   -0.0020392500
   0.0033087600   -0.0012198300   -0.0016287600
   0.0005276900   -0.0009928600   -0.0002231800
   0.0053900700   -0.0032678100    0.0007527400
   0.0001185000   -0.0015579900   -0.0003232600
   0.0005931000    0.0015787200   -0.0024339400
   0.0047100400   -0.0024203500    0.0023380500
   0.0045230100   -0.0023550100   -0.0013605500
   0.0013904600   -0.0007935300   -0.0002310100
   0.0007489300   -0.0007598200   -0.0026570400
   0.0043854300   -0.0021502200    0.0008399900
  -0.0023248300    0.0008466400    0.0020808100
  -0.0006993900   -0.0021376400    0.0016416900
   0.0042708900   -0.0020517000   -0.0040805500
   0.0024562500   -0.0004314500    0.0053234400
   0.0019047400   -0.0012510500   -0.0009228000
   0.0123834400   -0.0021986000    0.0029753300
  -0.0003934000    0.0026864900   -0.0026596200

4    
 -0.0099999993860163   0.0000034767508456   0.0000004380389732
  -0.0053521300   -0.0005691600    0.0036642600
  -0.0018239000   -0.0030074600   -0.0021936200
  -0.0007793600   -0.0006376600    0.0009097700
   0.0353651600    0.0176230500   -0.0003733800
  -0.0034224000   -0.0009788800   -0.0016402000
  -0.0013861200   -0.0006787200   -0.0003021600
  -0.0076354500   -0.0030128000    0.0006224600
  -0.0019909900   -0.0012483200   -0.0004000000
  -0.0013244000    0.0018971000   -0.0025556800
   0.0031138500   -0.0021374300    0.0022836800
   0.0026928700   -0.0020363900   -0.0014240300
  -0.0005122300   -0.0004789300   -0.0003094300
  -0.0011259400   -0.0004454300   -0.0027334200
   0.0006134000   -0.0018195500    0.0007591700
  -0.0036209800    0.0011462100    0.0020124200
  -0.0025875000   -0.0018229800    0.0015571100
   0.0023744500   -0.0017374900   -0.0041643000
   0.0011079500   -0.0001160500    0.0052423300
  -0.0005568300   -0.0009385300   -0.0010036800
  -0.0105799200   -0.0020048900    0.0027917000
  -0.0025695400    0.0030042900   -0.0027430100

4    
 -0.0050034343710570   0.0086582698998644   0.0000026145035161
  -0.0041061900    0.0015382200    0.0034719600
  -0.0005920700   -0.0009210800   -0.0023859400
   0.0004487200    0.0014404200    0.0007157300
   0.0013457900   -0.0403149600    0.0033642600
  -0.0010067900    0.0031489800   -0.0018409300
  -0.0001556200    0.0014020100   -0.0004959600
  -0.0035996700    0.0039261000    0.0004346900
  -0.0007122800    0.0009242000   -0.0005912300
  -0.0000920600    0.0039733800   -0.0027073200
   0.0042767000   -0.0001946000    0.0020963200
   0.0038991200    0.0000033800   -0.0016259800
   0.0007149100    0.0015942600   -0.0005011100
   0.0000943600    0.0016173300   -0.0029269600
   0.0023346300    0.0011110000    0.0005722200
  -0.0025546600    0.0029494000    0.0018159600
  -0.0013634500    0.0002456700    0.0013679300
   0.0036004000    0.0003352200   -0.0043528800
   0.0021886000    0.0017053700    0.0050523300
   0.0008875500    0.0015053100   -0.0011182500
  -0.0043370800    0.0088090100    0.0025851300
  -0.0012709100    0.0052013600   -0.0029299700

4    
  0.0050034343710570  -0.0086582698998644  -0.0000026145035161
  -0.0028685900    0.0000248700    0.0038685000
   0.0006199600   -0.0023940200   -0.0019916900
   0.0015946600    0.0000266300    0.0011046800
  -0.0416697300    0.0220859300   -0.0044299000
   0.0025585300   -0.0024791500   -0.0014878100
   0.0010507300   -0.0000619500   -0.0000991700
   0.0031346300   -0.0071511800    0.0008684800
   0.0005906600   -0.0007242900   -0.0002011100
   0.0011120000    0.0025150400   -0.0023441200
   0.0052943300   -0.0013623700    0.0024483900
   0.0050671500   -0.0013872100   -0.0012311900
   0.0019156600    0.0001420100   -0.0001073000
   0.0012813000    0.0001875800   -0.0025325300
   0.0044847600   -0.0019551000    0.0009627200
  -0.0016654300    0.0020111700    0.0022090400
  -0.0001701200   -0.0011956700    0.0017619100
   0.0047979800   -0.0011136700   -0.0039604600
   0.0031134700    0.0007333100    0.0054434400
   0.0023662600   -0.0004366800   -0.0008346300
   0.0073228000   -0.0109780400    0.0030934100
   0.0000689700    0.0035127800   -0.0025406600

4    
 -0.0000004073880431   0.0000027637068712   0.0099999996097980
  -0.0045407500    0.0003409600    0.0046257600
  -0.0010216100   -0.0020775300   -0.0013193500
  -0.0000295500    0.0002918100    0.0018678900
   0.0004016500   -0.0005048000   -0.0215378500
  -0.0002632600   -0.0000725100   -0.0029694500
  -0.0005988800    0.0002258200    0.0005786600
  -0.0012499800   -0.0020590600    0.0021133600
  -0.0011104600   -0.0003243300   -0.0004675800
  -0.0005509100    0.0028179900   -0.0023567100
   0.0037578900   -0.0012174800    0.0027923100
   0.0034416500   -0.0011228900   -0.0010696500
   0.0002728600    0.0004365800   -0.0000390700
  -0.0003490600    0.0004692900   -0.0013228200
   0.0023403000   -0.0008807400    0.0024642700
  -0.0031159500    0.0020420500    0.0045038000
  -0.0018124500   -0.0009094000   -0.0008608700
   0.0031526700   -0.0008217600   -0.0065785600
   0.0016181300    0.0007907100    0.0025829900
   0.0005025500    0.0000656200    0.0116197100
   0.0008039900   -0.0014122200    0.0101849400
  -0.0016488400    0.0039219000   -0.0048117600

4    
  0.0000004073880431  -0.0000027637068712  -0.0099999996097980
  -0.0045306700    0.0003741700    0.0030992000
  -0.0010462700   -0.0020868200   -0.0026596100
  -0.0000357600    0.0003211600    0.0003469500
   0.0006075700   -0.0010000200    0.0101095100
  -0.0001845300   -0.0000620700    0.0002606300
  -0.0006014600    0.0002665700   -0.0007847400
  -0.0013270200   -0.0020332700   -0.0003870800
  -0.0011105800   -0.0003195900    0.0001679100
  -0.0005318800    0.0028120000   -0.0022932900
   0.0037415900   -0.0011819000    0.0021857000
   0.0034344400   -0.0011092700   -0.0014062700
   0.0002618700    0.0004545000   -0.0001322500
  -0.0003697900    0.0004875000   -0.0037773600
   0.0023209400   -0.0008468600   -0.0003865700
  -0.0031572100    0.0020799400   -0.0001125300
  -0.0018157400   -0.0008883200    0.0045484700
   0.0031508200   -0.0008047400   -0.0011733500
   0.0016041200    0.0008078000    0.0084612400
   0.0005009000    0.0000826000   -0.0122160300
   0.0007478600   -0.0012946600   -0.0037565800
  -0.0016591900    0.0039412800   -0.0000939700

5    
  0.0099999993860163  -0.0000034767508456  -0.0000004380389732
  -0.0035387400    0.0011720800    0.0032931600
  -0.0000139500   -0.0012681700   -0.0025636500
   0.0009560500    0.0011220600    0.0005408700
   0.0018588200    0.0013509400    0.0015361200
  -0.0370290100   -0.0176541100    0.0024252700
   0.0003485800    0.0010812400   -0.0006704400
  -0.0001901800   -0.0012275500    0.0003542000
   0.0054251200    0.0005315400   -0.0006831800
   0.0004500000    0.0036320800   -0.0028898600
   0.0046893500   -0.0003891300    0.0019219800
   0.0042787000   -0.0002815800   -0.0018056500
   0.0012591600    0.0012742200   -0.0006739700
   0.0006119800    0.0012925300   -0.0031220600
   0.0030052600   -0.0000508200    0.0003710000
  -0.0012268300    0.0029118500    0.0016234600
  -0.0008322300   -0.0000843100    0.0012707200
   0.0041299700    0.0000012900   -0.0044484600
   0.0027337400    0.0016161700    0.0049583400
   0.0120350300    0.0006424100   -0.0011214800
   0.0019944700   -0.0004090400    0.0027079900
  -0.0009452800    0.0047362900   -0.0030243700

5    
 -0.0099999993860163   0.0000034767508456   0.0000004380389732
  -0.0054201200    0.0014817000    0.0031942000
  -0.0019427000   -0.0009567500   -0.0026662300
  -0.0009141300    0.0014310500    0.0004401500
  -0.0048129600    0.0015902400    0.0014900900
   0.0385769100   -0.0235308400    0.0044612200
  -0.0014440300    0.0013649900   -0.0007610600
  -0.0022756500   -0.0009283800    0.0002531900
  -0.0075192400    0.0007899400   -0.0008066500
  -0.0014108400    0.0039418500   -0.0029964100
   0.0029042500   -0.0000788000    0.0018185400
   0.0027105500   -0.0000236700   -0.0018708300
  -0.0006073800    0.0015579300   -0.0007667600
  -0.0012189800    0.0016017200   -0.0032199300
   0.0017549000    0.0002386600    0.0002752300
  -0.0049558300    0.0032404900    0.0015215100
  -0.0026846300    0.0002245000    0.0011657100
   0.0022857200    0.0003103300   -0.0045568500
   0.0005991600    0.0019284500    0.0048556200
  -0.0109453500    0.0008695400   -0.0013061000
  -0.0004309100   -0.0000990700    0.0026056200
  -0.0022487400    0.0050461300   -0.0031302600

5    
 -0.0050034343710570   0.0086582698998644   0.0000026145035161
  -0.0059822100    0.0004870700    0.0030875200
  -0.0024931600   -0.0019286200   -0.0027719600
  -0.0014790100    0.0004339300    0.0003343600
  -0.0041094300    0.0027788900    0.0013717100
   0.0399996700   -0.0207801600    0.0065093600
  -0.0020229700    0.0003457300   -0.0008704500
  -0.0027800900   -0.0018264300    0.0001514300
  -0.0053076000    0.0046542500   -0.0008941200
  -0.0019792700    0.0029392400   -0.0031000400
   0.0023188400   -0.0011109600    0.0017167400
   0.0020958500   -0.0011013100   -0.0019842400
  -0.0011651500    0.0005740700   -0.0008708200
  -0.0017934700    0.0005882300   -0.0033259600
   0.0010551300   -0.0009871700    0.0001658200
  -0.0050993300    0.0029759900    0.0014156700
  -0.0032535600   -0.0007795200    0.0010621500
   0.0017141800   -0.0006974800   -0.0046582900
   0.0000957500    0.0010359900    0.0047531100
  -0.0059305500    0.0095641500   -0.0013982900
  -0.0009358000   -0.0009819700    0.0025385600
  -0.0029478300    0.0038160700   -0.0032322400

5    
  0.0050034343710570  -0.0086582698998644  -0.0000026145035161
  -0.0048027700   -0.0009340000    0.0034958300
  -0.0012896200   -0.0033975900   -0.0023614000
  -0.0003041500   -0.0009806800    0.0007429600
  -0.0005800700   -0.0027914900    0.0017404600
  -0.0023866300    0.0408220600   -0.0014857600
  -0.0009091600   -0.0010195200   -0.0004646900
  -0.0015096000   -0.0034234200    0.0005536900
   0.0013612200   -0.0064731800   -0.0004978300
  -0.0008077100    0.0015362100   -0.0026930400
   0.0034531500   -0.0024533500    0.0021153100
   0.0030761100   -0.0022836500   -0.0015972600
  -0.0000126800   -0.0008528000   -0.0004694900
  -0.0006377000   -0.0007920800   -0.0029190900
   0.0019085200   -0.0018797000    0.0005767900
  -0.0029777100   -0.0000418500    0.0018205700
  -0.0020875200   -0.0021791900    0.0014677400
   0.0028767100   -0.0020894400   -0.0042534100
   0.0014043800   -0.0006029700    0.0051546900
   0.0057632900   -0.0101761300   -0.0009210300
   0.0005172500   -0.0028799200    0.0028228200
  -0.0020553400    0.0028927100   -0.0028278600

5    
 -0.0000004073880431   0.0000027637068712   0.0099999996097980
  -0.0043545900    0.0002002200    0.0038261300
  -0.0008346600   -0.0022181900   -0.0019429100
   0.0001608300    0.0001476400    0.0010910900
  -0.0013869700    0.0004080900   -0.0003651500
  -0.0018438500    0.0015562500   -0.0091623400
  -0.0004226700    0.0000879100   -0.0000509600
  -0.0011101800   -0.0021924300   -0.0001319000
  -0.0009246000   -0.0004628100    0.0004360800
  -0.0003649700    0.0026791000   -0.0029949800
   0.0039447000   -0.0013510800    0.0019299900
   0.0036219900   -0.0012503100   -0.0017780900
   0.0004697600    0.0002921600   -0.0008607900
  -0.0001620400    0.0003289100   -0.0020169400
   0.0025269300   -0.0010187400    0.0025605600
  -0.0029552500    0.0019119700    0.0028327100
  -0.0016259200   -0.0010498000   -0.0016642100
   0.0033397200   -0.0009620400   -0.0073798800
   0.0018050000    0.0006506900    0.0023687600
   0.0006615300   -0.0000749600    0.0054812800
   0.0009156200   -0.0014625800    0.0140094200
  -0.0014603900    0.0037800100   -0.0061878700

5    
  0.0000004073880431  -0.0000027637068712  -0.0099999996097980
  -0.0043021600    0.0002595100    0.0024583900
  -0.0008173000   -0.0022002200   -0.0034758700
   0.0001848400    0.0002119600   -0.0003041100
  -0.0012721100    0.0004399100    0.0029499100
  -0.0025639700    0.0006094700    0.0228871100
  -0.0003677800    0.0001501200   -0.0015796300
  -0.0010466500   -0.0021522700    0.0004777700
  -0.0008774400   -0.0004335200   -0.0021382100
  -0.0002979000    0.0027000000   -0.0031646200
   0.0039633600   -0.0013107700    0.0015681000
   0.0036608200   -0.0012283300   -0.0022481000
   0.0004785400    0.0003427900   -0.0008319700
  -0.0001409100    0.0003731700   -0.0044861000
   0.0025210000   -0.0009525900   -0.0020811300
  -0.0029259300    0.0019660800   -0.0000360000
  -0.0015874100   -0.0010025800    0.0037266700
   0.0033793700   -0.0009189600   -0.0019958200
   0.0018349700    0.0006920200    0.0070680900
   0.0006518000    0.0000431300   -0.0084664700
   0.0009548200   -0.0014160300   -0.0100032600
  -0.0014299600    0.0038271000   -0.0003247500

6    
  0.0099999993860163  -0.0000034767508456  -0.0000004380389732
  -0.0036416100    0.0012213700    0.0034988200
  -0.0024994500   -0.0012154500   -0.0023590000
  -0.0014696000    0.0011744300    0.0007472400
  -0.0029920000    0.0014174700    0.0017603300
  -0.0016812200    0.0008064800   -0.0018338400
   0.0105629600   -0.0178763100    0.0001998300
  -0.0027945300   -0.0011781700    0.0005560400
  -0.0025760700    0.0005431000   -0.0005677700
   0.0034612000    0.0034599200   -0.0026312500
   0.0024021300   -0.0003331000    0.0021033400
   0.0019946700   -0.0002429300   -0.0015800100
  -0.0012548100    0.0013212400   -0.0004425000
  -0.0021004400    0.0013105800   -0.0029314500
   0.0008403800    0.0000073100    0.0006091900
  -0.0036871300    0.0028943800    0.0017959700
   0.0083725200   -0.0002792400    0.0016155900
   0.0018148400    0.0000637800   -0.0042912000
   0.0001346200    0.0016663300    0.0051187000
  -0.0009647300    0.0009401500   -0.0010447700
  -0.0010186200   -0.0004367400    0.0027561700
  -0.0029031200    0.0047353900   -0.0030794200

6    
 -0.0099999993860163   0.0000034767508456   0.0000004380389732
  -0.0044645400    0.0012299800    0.0033728100
   0.0014213200   -0.0012470900   -0.0023594400
   0.0023902100    0.0011418800    0.0007500800
   0.0009201900    0.0013846200    0.0017586100
   0.0022056700    0.0007686200   -0.0018356300
  -0.0267519600   -0.0171437600    0.0006460900
   0.0012047700   -0.0012102400    0.0005521800
   0.0013517500    0.0005102700   -0.0005702500
  -0.0035490500    0.0037050700   -0.0026126000
   0.0060670400   -0.0003686300    0.0020858100
   0.0058567300   -0.0002782400   -0.0016011100
   0.0027883300    0.0012992700   -0.0004498300
   0.0023280300    0.0012790700   -0.0029205900
   0.0047960400   -0.0000269400    0.0006108000
  -0.0016108100    0.0028953900    0.0017800800
  -0.0115064000   -0.0007237300    0.0014007500
   0.0054892400    0.0000288800   -0.0042997100
   0.0040760000    0.0016324900    0.0051077300
   0.0029683500    0.0009064200   -0.0010539600
   0.0034514800   -0.0004705200    0.0027451300
   0.0005676000    0.0046871900   -0.0031069500

6    
 -0.0050034343710570   0.0086582698998644   0.0000026145035161
  -0.0047686700    0.0007088600    0.0034773800
   0.0000132000   -0.0038443900   -0.0023280700
   0.0009970200   -0.0014294200    0.0007803200
  -0.0004853700   -0.0012085600    0.0017902800
   0.0008054500   -0.0018121200   -0.0018036200
  -0.0092706400    0.0163804100   -0.0001962400
  -0.0002247900   -0.0038437000    0.0005848600
  -0.0000579000   -0.0020894100   -0.0005361400
  -0.0022670700    0.0059185900   -0.0025551900
   0.0047252000   -0.0028472100    0.0021215700
   0.0044603400   -0.0028477000   -0.0015791200
   0.0013268100   -0.0013888100   -0.0004228700
   0.0008181400   -0.0014900900   -0.0028979800
   0.0033793900   -0.0026383300    0.0006415600
  -0.0025531900    0.0011069500    0.0018125200
  -0.0064981700    0.0073762400    0.0015430300
   0.0041361000   -0.0024744100   -0.0042637500
   0.0026632200   -0.0009727600    0.0051422700
   0.0015574400   -0.0016957800   -0.0010188500
   0.0018999000   -0.0033158000    0.0027798600
  -0.0006564200    0.0024074500   -0.0030718000

6    
  0.0050034343710570  -0.0086582698998644  -0.0000026145035161
  -0.0043593700   -0.0000911700    0.0033176700
  -0.0020773200   -0.0003833600   -0.0024644600
  -0.0010621800    0.0019808200    0.0006414100
  -0.0025709600    0.0022478000    0.0016545700
  -0.0012694800    0.0016214100   -0.0019416700
   0.0120434800   -0.0173674400    0.0024435700
  -0.0023521700   -0.0003118800    0.0004497000
  -0.0021511900    0.0013802700   -0.0006742200
   0.0013061200   -0.0002891000   -0.0027524800
   0.0027583300    0.0003819800    0.0019997200
   0.0024017400    0.0005642500   -0.0016850300
  -0.0008124800    0.0021913100   -0.0005439800
  -0.0015261300    0.0023980000   -0.0030330500
   0.0012716800    0.0008550700    0.0005027500
  -0.0036934500    0.0029904700    0.0016908900
   0.0028989600   -0.0093385800    0.0014470500
   0.0021689300    0.0007806500   -0.0043957200
   0.0005625400    0.0025081000    0.0050134200
  -0.0005390300    0.0017786900   -0.0011494300
  -0.0004650500    0.0006225600    0.0026511900
  -0.0025329700    0.0054801600   -0.0031719100

6    
 -0.0000004073880431   0.0000027637068712   0.0099999996097980
  -0.0035372300    0.0010140100    0.0012347700
   0.0000167900   -0.0014799300   -0.0025174200
   0.0010137000    0.0008877300    0.0006859600
  -0.0004887400    0.0011479700    0.0016486700
   0.0008126600    0.0005311100   -0.0019362200
  -0.0189517000   -0.0124911000   -0.0007266100
  -0.0002508300   -0.0014525400   -0.0001495600
  -0.0000696400    0.0002722200   -0.0013270400
   0.0005933700    0.0032803600   -0.0020176500
   0.0047865100   -0.0006100400    0.0009133600
   0.0044838000   -0.0005284900   -0.0022595400
   0.0012971800    0.0010533600   -0.0003926800
   0.0006683000    0.0010344000   -0.0015511600
   0.0033732800   -0.0002731200    0.0010022500
  -0.0021085300    0.0026691800    0.0023952500
  -0.0011933500   -0.0006972500    0.0081867600
   0.0042061700   -0.0002189500   -0.0073757900
   0.0026572700    0.0013881100    0.0016450000
   0.0015482800    0.0006644100   -0.0044959600
   0.0017619000   -0.0007188800   -0.0009138500
  -0.0006192100    0.0045274500    0.0079514600

6    
  0.0000004073880431  -0.0000027637068712  -0.0099999996097980
  -0.0040621500    0.0003603800    0.0066014700
  -0.0005902900   -0.0020101000   -0.0010500200
   0.0004109700    0.0004012700    0.0019507100
  -0.0010786000    0.0006280000    0.0030148300
   0.0002183400    0.0000152600   -0.0006045300
  -0.0071991800   -0.0025574300   -0.0198554100
  -0.0008290700   -0.0019643600    0.0024066700
  -0.0006585800   -0.0002439600    0.0013472300
  -0.0001936900    0.0030098100   -0.0020528600
   0.0041889100   -0.0011198100    0.0043218100
   0.0038699100   -0.0010245800    0.0002895000
   0.0007337500    0.0005163200    0.0007527300
   0.0000741100    0.0005727800   -0.0031974800
   0.0027675700   -0.0007735900    0.0013650000
  -0.0026827800    0.0021467200    0.0023010300
  -0.0015702400   -0.0010461200   -0.0036764300
   0.0036003200   -0.0007290100   -0.0000775200
   0.0020576100    0.0008837000    0.0097052800
   0.0009597000    0.0001552200    0.0035196900
   0.0011736800   -0.0012297700    0.0075565600
  -0.0011902700    0.0040092700   -0.0146182700

7    
  0.0099999993860163  -0.0000034767508456  -0.0000004380389732
  -0.0024466500    0.0006548500    0.0038347000
   0.0012197500   -0.0017853900   -0.0020050700
   0.0021982200    0.0005966300    0.0011162800
   0.0062182200    0.0009287800    0.0019779000
   0.0021264900    0.0002184500   -0.0014559800
   0.0015959800    0.0005354300   -0.0000980600
  -0.0671549300   -0.0084835600   -0.0055212600
   0.0011673000   -0.0000270600   -0.0002308800
   0.0016974500    0.0031063400   -0.0023344800
   0.0067988000   -0.0009105400    0.0024922800
   0.0056727100   -0.0008262300   -0.0012314800
   0.0024953900    0.0007346300   -0.0000977100
   0.0018631100    0.0007505400   -0.0025331200
   0.0044620700   -0.0005744500    0.0009802700
   0.0034919200    0.0022083700    0.0021823700
   0.0004275100   -0.0006095800    0.0017779100
   0.0053824900   -0.0005232000   -0.0039372700
   0.0038601200    0.0010893400    0.0054722100
   0.0026619100    0.0003594400   -0.0006891100
   0.0160194800   -0.0016739700    0.0027942700
   0.0002426700    0.0042312200   -0.0024937700

7    
 -0.0099999993860163   0.0000034767508456   0.0000004380389732
  -0.0062614600    0.0005467300    0.0036879000
  -0.0029506200   -0.0018903200   -0.0021933400
  -0.0019164700    0.0005129000    0.0009077400
  -0.0089310100    0.0008004900    0.0018610300
  -0.0022337300    0.0001347200   -0.0016719900
  -0.0024466900    0.0004527300   -0.0003061300
   0.0617844000   -0.0067411600   -0.0017381900
  -0.0030510900   -0.0001288300   -0.0004085800
  -0.0024224700    0.0030224400   -0.0025349200
   0.0010250200   -0.0009993500    0.0022715100
   0.0015553700   -0.0009096800   -0.0014513500
  -0.0016103200    0.0006511300   -0.0003169000
  -0.0022417400    0.0006877200   -0.0027426100
   0.0005348600   -0.0006575300    0.0007705400
  -0.0094180500    0.0020574400    0.0021044200
  -0.0037066400   -0.0006933300    0.0015752000
   0.0012715600   -0.0006085900   -0.0041419300
  -0.0002883200    0.0010053900    0.0052645900
  -0.0012978200    0.0002768200   -0.0008973500
  -0.0141960200   -0.0016629800    0.0026771500
  -0.0031987800    0.0041432800   -0.0027167900

7    
 -0.0050034343710570   0.0086582698998644   0.0000026145035161
  -0.0056626100    0.0016441500    0.0038190000
  -0.0022609600   -0.0006411600   -0.0020463300
  -0.0012555800    0.0017268900    0.0010537400
  -0.0055336100    0.0067079400    0.0020024500
  -0.0015072000    0.0014627800   -0.0015249100
  -0.0018043300    0.0016349000   -0.0001591500
   0.0362744800   -0.0524557000   -0.0046596300
  -0.0023531600    0.0011318700   -0.0002605800
  -0.0017616500    0.0042405500   -0.0023921200
   0.0021036400    0.0009364200    0.0024180900
   0.0022146400    0.0003062700   -0.0012957200
  -0.0009503600    0.0018608400   -0.0001670000
  -0.0015846200    0.0018941500   -0.0025963800
   0.0011510600    0.0004801400    0.0009162700
  -0.0063894400    0.0073754100    0.0022395500
  -0.0030401900    0.0005297600    0.0017217900
   0.0019322600    0.0006069700   -0.0039934500
   0.0003806800    0.0022336600    0.0054135600
  -0.0006750600    0.0014263700   -0.0007473100
  -0.0065658900    0.0118408900    0.0028227200
  -0.0027121000    0.0050568900   -0.0025645900

7    
  0.0050034343710570  -0.0086582698998644  -0.0000026145035161
  -0.0037246100   -0.0017104500    0.0039175700
  -0.0001418000   -0.0042921700   -0.0019344600
   0.0008568500   -0.0018859600    0.0011859200
   0.0020417500   -0.0064194800    0.0020485200
   0.0007271400   -0.0023629100   -0.0013852200
   0.0002727900   -0.0019153000   -0.0000288300
  -0.0292637800    0.0603173100   -0.0069527300
  -0.0002049600   -0.0025458200   -0.0001719000
   0.0003559700    0.0006218900   -0.0022642800
   0.0050447900   -0.0041107300    0.0025665400
   0.0043299700   -0.0033094100   -0.0011623500
   0.0011569900   -0.0017430900   -0.0000277200
   0.0005419600   -0.0017008300   -0.0024635700
   0.0031704400   -0.0029706600    0.0010493500
   0.0000691500   -0.0038730100    0.0022524100
  -0.0009183900   -0.0030996300    0.0018494100
   0.0040419000   -0.0030045100   -0.0038652200
   0.0025098400   -0.0014082400    0.0055417600
   0.0013618900   -0.0020519400   -0.0006174500
   0.0087108700   -0.0145596300    0.0028860500
  -0.0009387800    0.0020245600   -0.0024237900

7    
 -0.0000004073880431   0.0000027637068712   0.0099999996097980
  -0.0046200700    0.0004807900    0.0044284600
  -0.0011192100   -0.0019509600   -0.0020945200
  -0.0001167600    0.0004291200    0.0010119300
  -0.0015903400    0.0006441600    0.0032257900
  -0.0003225000    0.0000584200   -0.0020126000
  -0.0006853400    0.0003686700   -0.0001249100
   0.0022649100   -0.0056679200   -0.0047763300
  -0.0011983400   -0.0001946700   -0.0004590500
  -0.0006174800    0.0029569100   -0.0027010000
   0.0036704000   -0.0010817000    0.0021673300
   0.0033495400   -0.0009882400   -0.0015598500
   0.0001750900    0.0005777300   -0.0004574400
  -0.0004429500    0.0006040000   -0.0023708000
   0.0022436100   -0.0007361100    0.0012194900
  -0.0031727700    0.0021448600   -0.0014916800
  -0.0018995100   -0.0007728600    0.0002092300
   0.0030666500   -0.0006870100   -0.0054950600
   0.0015276500    0.0009257100    0.0039239800
   0.0004229700    0.0001995000   -0.0022961300
   0.0008032900   -0.0013733600    0.0123822600
  -0.0017388600    0.0040629500   -0.0027290900

7    
  0.0000004073880431  -0.0000027637068712  -0.0099999996097980
  -0.0045112000    0.0002229400    0.0030267300
  -0.0010350000   -0.0022191700   -0.0022824600
  -0.0000263100    0.0001786100    0.0008521800
  -0.0015437000    0.0004592100    0.0007693500
  -0.0002083400   -0.0001980500   -0.0012848800
  -0.0005898900    0.0001179800   -0.0004398800
   0.0004869200   -0.0008278400   -0.0003240900
  -0.0011119000   -0.0004594100   -0.0004226100
  -0.0005140100    0.0026819600   -0.0023215300
   0.0037487200   -0.0013313900    0.0023896900
   0.0034479400   -0.0012488800   -0.0012280700
   0.0002709100    0.0003157500   -0.0001130300
  -0.0003547900    0.0003474000   -0.0030717400
   0.0023305900   -0.0009916000    0.0003691000
  -0.0031169900    0.0019319600    0.0054937700
  -0.0018039100   -0.0010310300    0.0030143900
   0.0031635700   -0.0009447200   -0.0027009100
   0.0016198400    0.0006666100    0.0066963400
   0.0005177700   -0.0000608000    0.0005847700
   0.0008722600   -0.0014029900   -0.0063994000
  -0.0016424800    0.0037934600   -0.0026077100

8    
  0.0099999993860163  -0.0000034767508456  -0.0000004380389732
  -0.0024746000    0.0000456000    0.0030794100
   0.0008358900   -0.0023873300   -0.0027857900
   0.0019681100   -0.0000093600    0.0003290600
   0.0006319800    0.0002414000    0.0013380900
   0.0073000400   -0.0004130400   -0.0021812800
   0.0014378900   -0.0000695700   -0.0008830300
   0.0008011800   -0.0023620900    0.0001538500
  -0.0633452400    0.0039450200    0.0081563900
   0.0014963000    0.0025024100   -0.0031085800
   0.0057833200   -0.0015167000    0.0017086500
   0.0062939800   -0.0014190100   -0.0019970700
   0.0023105800    0.0001306200   -0.0008820300
   0.0016789900    0.0001538500   -0.0033238800
   0.0087547200   -0.0009535400    0.0000567500
  -0.0011981300    0.0017489300    0.0013995900
   0.0002220400   -0.0012136800    0.0010270700
   0.0052005900   -0.0011289300   -0.0046896100
   0.0033117300    0.0004736000    0.0047093600
   0.0159053700    0.0002434400   -0.0011913900
   0.0026825200   -0.0016264800    0.0023547000
   0.0004027400    0.0036148800   -0.0032702700

8    
 -0.0099999993860163   0.0000034767508456   0.0000004380389732
  -0.0065677900    0.0000450400    0.0029519200
  -0.0029038500   -0.0023973800   -0.0028985300
  -0.0020161400    0.0000023300    0.0001838400
  -0.0036737700    0.0002530600    0.0011842900
  -0.0077303100   -0.0004468500   -0.0022432800
  -0.0026180500   -0.0000583800   -0.0010300000
  -0.0033467500   -0.0023546100    0.0000350800
   0.0650005500    0.0038840900    0.0107371200
  -0.0025479000    0.0025134100   -0.0032585800
   0.0017162200   -0.0015070900    0.0015557100
   0.0006077600   -0.0014323000   -0.0021616400
  -0.0017558300    0.0001391200   -0.0010260100
  -0.0023742700    0.0001872000   -0.0034706500
  -0.0041011200   -0.0010498500    0.0000569300
  -0.0050673800    0.0017600200    0.0012513400
  -0.0038295900   -0.0012041300    0.0008840800
   0.0011245700   -0.0011182200   -0.0048286500
  -0.0000688300    0.0004836800    0.0045480500
  -0.0149414900    0.0002896000   -0.0012669700
  -0.0012194300   -0.0016146300    0.0022105500
  -0.0036866000    0.0036258900   -0.0034146100

8    
 -0.0050034343710570   0.0086582698998644   0.0000026145035161
  -0.0051594700    0.0022742900    0.0029980200
  -0.0015750600   -0.0003108100   -0.0028425700
  -0.0006358600    0.0021686400    0.0002269000
  -0.0022162300    0.0025498300    0.0012268700
  -0.0035264100    0.0066267600   -0.0021984600
  -0.0012191200    0.0021391000   -0.0009880400
  -0.0019266800   -0.0001102400    0.0000837900
   0.0257000700   -0.0594170900    0.0098685300
  -0.0011531100    0.0047049300   -0.0032162000
   0.0031177600    0.0006980600    0.0016012600
   0.0024240100    0.0014952000   -0.0021123800
  -0.0003536500    0.0023446400   -0.0009850000
  -0.0009895900    0.0023510900   -0.0034278600
  -0.0005745800    0.0047211600    0.0000821900
  -0.0037183200    0.0038718500    0.0012937000
  -0.0024318100    0.0009921200    0.0009251000
   0.0025280500    0.0010874700   -0.0047864000
   0.0011679900    0.0024087800    0.0045893300
  -0.0073172500    0.0130534100   -0.0012198300
   0.0001387700    0.0005122600    0.0022533600
  -0.0022795100    0.0058385700   -0.0033723100

8    
  0.0050034343710570  -0.0086582698998644  -0.0000026145035161
  -0.0032395200   -0.0014024500    0.0032865000
   0.0001604500   -0.0036791700   -0.0025923900
   0.0012371300   -0.0013849900    0.0005387500
  -0.0001857800   -0.0012781300    0.0015522700
   0.0038495800   -0.0065274900   -0.0019952200
   0.0006885300   -0.0014772900   -0.0006736500
   0.0000276800   -0.0038264900    0.0003576200
  -0.0356608300    0.0533086600    0.0040062200
   0.0007502700    0.0010991400   -0.0028954800
   0.0050306600   -0.0029289000    0.0019151700
   0.0051261500   -0.0035645000   -0.0017990700
   0.0015571000   -0.0012831800   -0.0006758100
   0.0009356900   -0.0012507900   -0.0031140200
   0.0055813800   -0.0063889500    0.0002824800
  -0.0019040000    0.0004193200    0.0016085800
  -0.0005272700   -0.0026210900    0.0012394100
   0.0044456900   -0.0025458400   -0.0044789300
   0.0027383200   -0.0006380900    0.0049253200
   0.0077736100   -0.0132541800   -0.0009947600
   0.0019699200   -0.0029684300    0.0025661800
  -0.0003547700    0.0021928400   -0.0030591900

8    
 -0.0000004073880431   0.0000027637068712   0.0099999996097980
  -0.0043629600   -0.0000168900    0.0033571800
  -0.0008797100   -0.0024316500   -0.0019540500
   0.0001377500   -0.0000653600    0.0006496900
  -0.0013723900    0.0001884900    0.0011239400
  -0.0000400000   -0.0004622500   -0.0009242800
  -0.0004323600   -0.0001265000   -0.0006501500
  -0.0011118200   -0.0024166800    0.0003488900
  -0.0022627900    0.0053619200    0.0031380600
  -0.0003753500    0.0024546800   -0.0031293700
   0.0039199800   -0.0015711900    0.0016679700
   0.0036003000   -0.0014831800   -0.0019702100
   0.0004384700    0.0000774900   -0.0009171000
  -0.0001859200    0.0001062500   -0.0028035400
   0.0024552000   -0.0011791900   -0.0031216200
  -0.0029715300    0.0016948600    0.0019839200
  -0.0016456000   -0.0012668700   -0.0002265600
   0.0033207600   -0.0011806600   -0.0059417800
   0.0017806500    0.0004314600    0.0047925800
   0.0005793900    0.0000004000    0.0080296100
   0.0008901200   -0.0016779300    0.0010588700
  -0.0014821800    0.0035627900   -0.0045120500

8    
  0.0000004073880431  -0.0000027637068712  -0.0099999996097980
  -0.0041442600    0.0002332300    0.0030153500
  -0.0006522400   -0.0022150600   -0.0034992400
   0.0003480400    0.0001878800    0.0001808400
  -0.0011375900    0.0004284800    0.0017274400
   0.0001353400   -0.0001611600   -0.0034985600
  -0.0002139500    0.0001280200   -0.0009471500
  -0.0008962300   -0.0021729000    0.0002389200
  -0.0063474900    0.0007813800    0.0103516300
  -0.0001362700    0.0026957600   -0.0029316500
   0.0041177700   -0.0013242000    0.0019042700
   0.0038316300   -0.0012352500   -0.0018588300
   0.0006464300    0.0003261300   -0.0006882400
   0.0000217400    0.0003501800   -0.0036606100
   0.0026675800   -0.0009058800    0.0036750500
  -0.0027615400    0.0019413600    0.0009874400
  -0.0014283700   -0.0010215900    0.0024212100
   0.0035381300   -0.0009374100   -0.0032860400
   0.0019973500    0.0006684300    0.0047543000
   0.0005755700   -0.0001401800   -0.0107897400
   0.0011058300   -0.0014348900    0.0037887600
  -0.0012674600    0.0038076800   -0.0018851700

9    
  0.0099999993860163  -0.0000034767508456  -0.0000004380389732
  -0.0058465000    0.0018608700    0.0044748100
  -0.0025102400   -0.0005654600   -0.0013866300
  -0.0016155700    0.0018462800    0.0016915100
  -0.0029415900    0.0020702100    0.0027345400
  -0.0016721800    0.0014516800   -0.0008636100
   0.0033291300    0.0017431400    0.0005630700
  -0.0027278600   -0.0005295400    0.0015365200
  -0.0025521400    0.0011961100    0.0004090200
   0.0045221000   -0.0276552100   -0.0215122600
   0.0022799100    0.0003108700    0.0031009400
   0.0019989100    0.0004020500   -0.0006131700
  -0.0003103000    0.0019576400    0.0004791900
   0.0029716600    0.0018213300   -0.0019598200
   0.0008727600    0.0006588600    0.0015796900
  -0.0046707100    0.0035791600    0.0027848500
   0.0121654200   -0.0004166800    0.0023343600
   0.0013409500    0.0007059400   -0.0032909900
   0.0001772900    0.0023171600    0.0061117800
  -0.0009367700    0.0015910900   -0.0000499600
  -0.0007047700    0.0002070700    0.0037500400
  -0.0031694800    0.0054474100   -0.0018739000

9    
 -0.0099999993860163   0.0000034767508456   0.0000004380389732
  -0.0040234700    0.0002216200    0.0032593400
  -0.0003527400   -0.0022183000   -0.0026043200
   0.0007219500    0.0001481100    0.0005415400
  -0.0008947300    0.0004162700    0.0015011400
   0.0004161500   -0.0002048500   -0.0020837900
  -0.0053507300    0.0001489700   -0.0008716900
  -0.0006490400   -0.0021817400    0.0003095600
  -0.0004551600   -0.0004645500   -0.0008202200
   0.0141620100    0.0043661000    0.0034513700
   0.0044318500   -0.0013232700    0.0018210100
   0.0040776600   -0.0012527500   -0.0018462800
   0.0000732300    0.0003262700   -0.0007021400
  -0.0044798400    0.0003281500   -0.0030391900
   0.0029714600   -0.0009709800    0.0003613400
  -0.0024073800    0.0019263500    0.0015726900
  -0.0162403100   -0.0012595700    0.0008153700
   0.0041733500   -0.0009462700   -0.0045532800
   0.0022480400    0.0006615500    0.0048503200
   0.0011557800   -0.0000665800   -0.0013110600
   0.0013497500   -0.0014489500    0.0024874500
  -0.0009278400    0.0037944200   -0.0031391500

9    
 -0.0050034343710570   0.0086582698998644   0.0000026145035161
  -0.0048998800    0.0001834900    0.0045396900
  -0.0013168200   -0.0023921500   -0.0013284300
  -0.0002810600   -0.0000876700    0.0018080900
  -0.0018371900    0.0002902600    0.0027830500
  -0.0005284800   -0.0003440400   -0.0008072800
  -0.0036278500    0.0046345800    0.0005250700
  -0.0015913500   -0.0023198500    0.0015908000
  -0.0014037800   -0.0006070200    0.0004672600
   0.0198083800   -0.0141364200   -0.0224829700
   0.0034517500   -0.0014941900    0.0031588800
   0.0031359100   -0.0013889600   -0.0005588800
  -0.0004637400    0.0009318900    0.0005632400
  -0.0029953500    0.0041433200   -0.0018558800
   0.0020138300   -0.0011232100    0.0016317400
  -0.0033977900    0.0017116800    0.0028420100
  -0.0091224000    0.0110684000    0.0022249800
   0.0030382200   -0.0014066800   -0.0032385200
   0.0013069300    0.0005292000    0.0061652200
   0.0002102900   -0.0002068700   -0.0000017600
   0.0004136700   -0.0015753400    0.0037987500
  -0.0019133000    0.0035895700   -0.0018250700

9    
  0.0050034343710570  -0.0086582698998644  -0.0000026145035161
  -0.0048333400   -0.0003509100    0.0043122000
  -0.0014077200   -0.0026502500   -0.0015576400
  -0.0004650900   -0.0002022400    0.0015520400
  -0.0018730600   -0.0000623600    0.0025532800
  -0.0005888100   -0.0006665900   -0.0010363800
   0.0017274100   -0.0050565700    0.0002051100
  -0.0016435800   -0.0026489900    0.0013589600
  -0.0014672400   -0.0009199500    0.0002372200
  -0.0036905100    0.0346952200   -0.0175905600
   0.0033727600   -0.0017751700    0.0029179100
   0.0030807600   -0.0017194700   -0.0007863500
   0.0003408800   -0.0008868400    0.0003350500
   0.0016250800   -0.0039314500   -0.0020477000
   0.0019590800   -0.0014541700    0.0014035000
  -0.0035436700    0.0015409500    0.0026140000
   0.0050633700   -0.0139468400    0.0018445000
   0.0026158200   -0.0011027900   -0.0034791100
   0.0012568200    0.0001917800    0.0059182400
   0.0001469800   -0.0005257700   -0.0002428100
   0.0003705500   -0.0019250600    0.0035553300
  -0.0020465200    0.0033974600   -0.0020667800

9    
 -0.0000004073880431   0.0000027637068712   0.0099999996097980
  -0.0049823800    0.0000480300    0.0046806500
  -0.0014688900   -0.0024192500   -0.0007473000
  -0.0004785800   -0.0000473400    0.0031702200
  -0.0019416800    0.0002240600    0.0031125400
  -0.0006655400   -0.0004040300   -0.0002932700
  -0.0009820100   -0.0000021000    0.0022331300
  -0.0017238900   -0.0023859700    0.0018248700
  -0.0015476400   -0.0006610100    0.0007112400
   0.0097882500    0.0078546300   -0.0337067400
   0.0033260100   -0.0015332600    0.0036631900
   0.0030042300   -0.0014579300   -0.0003284700
  -0.0001902300    0.0001155700    0.0008656300
  -0.0007952800    0.0001213700   -0.0051234000
   0.0018904100   -0.0011990000    0.0024057800
  -0.0035765600    0.0017227400    0.0036819400
  -0.0018404200   -0.0009512400    0.0123865800
   0.0027376500   -0.0011564000   -0.0028332600
   0.0011768600    0.0004586600    0.0051860900
   0.0000715800   -0.0002668500   -0.0009413000
   0.0002846900   -0.0016512700    0.0028621800
  -0.0020865900    0.0035905700   -0.0028103100

9    
  0.0000004073880431  -0.0000027637068712  -0.0099999996097980
  -0.0032951500    0.0008981200    0.0040967000
   0.0002056400   -0.0015118900   -0.0021227400
   0.0011885700    0.0008769600    0.0002270200
  -0.0002972300    0.0011251900    0.0021867900
   0.0010060200    0.0005041900   -0.0016059700
   0.0005096100    0.0006597100   -0.0012130000
  -0.0000425800   -0.0014777700    0.0012076600
   0.0001189700    0.0002518500   -0.0000972700
  -0.0223666900   -0.0095675500   -0.0069574700
   0.0049933100   -0.0006211700    0.0021500700
   0.0046756300   -0.0005434800   -0.0009548500
   0.0015151500    0.0010393600   -0.0000326300
   0.0009345600    0.0011989800    0.0009913800
   0.0035558600   -0.0002660500    0.0005988200
  -0.0019106000    0.0026428800    0.0017472400
  -0.0012902500   -0.0007579700   -0.0074539400
   0.0043655100   -0.0002427600   -0.0038547100
   0.0028455100    0.0013749600    0.0068938100
   0.0017442100    0.0006460600    0.0007447600
   0.0019572800   -0.0007380000    0.0044842400
  -0.0004133400    0.0045083800   -0.0010359100

10   
  0.0099999993860163  -0.0000034767508456  -0.0000004380389732
   0.0030466800    0.0004149900    0.0033732600
   0.0009054500   -0.0019365000   -0.0025295700
   0.0019149000    0.0004605600    0.0005741100
   0.0002380700    0.0007087100    0.0015720100
   0.0016736200    0.0000790400   -0.0020087400
   0.0014674200    0.0003927700   -0.0006495600
   0.0014735400   -0.0018915900    0.0003932200
   0.0008333200   -0.0001784700   -0.0007306900
   0.0014031000    0.0029478500   -0.0027994700
  -0.0578608700   -0.0055621500    0.0056941200
   0.0053725400   -0.0009697600   -0.0017936800
   0.0022068500    0.0005938200   -0.0006358700
   0.0014818400    0.0006262700   -0.0030800700
   0.0042731900   -0.0007253400    0.0004402400
   0.0028542100    0.0022587200    0.0015733100
   0.0000405900   -0.0007518300    0.0012805400
   0.0051096700   -0.0006679700   -0.0044425700
   0.0035470500    0.0009461300    0.0049667300
   0.0024552500    0.0002192000   -0.0011926100
   0.0023453000   -0.0011705000    0.0025938100
   0.0152182800    0.0042060500   -0.0025985100

10   
 -0.0099999993860163   0.0000034767508456   0.0000004380389732
  -0.0116697600    0.0004979600    0.0033355500
  -0.0025097700   -0.0019101600   -0.0026397000
  -0.0015166200    0.0004697800    0.0004797500
  -0.0028380000    0.0007273300    0.0014729100
  -0.0016696300    0.0001048900   -0.0021173200
  -0.0022057600    0.0004187800   -0.0007586000
  -0.0035844500   -0.0018862900    0.0002927700
  -0.0025866300   -0.0001513500   -0.0008433300
  -0.0019999800    0.0029998400   -0.0030014400
   0.0603340600   -0.0062531600    0.0080187800
   0.0019647800   -0.0009445200   -0.0018685900
  -0.0012152500    0.0006184900   -0.0007208100
  -0.0017367700    0.0006509900   -0.0031870600
   0.0008412500   -0.0006822400    0.0003359300
  -0.0087331300    0.0022931500    0.0014305900
  -0.0032045500   -0.0007254200    0.0011622600
   0.0016580500   -0.0006416500   -0.0045635000
   0.0001364100    0.0009705100    0.0048466400
  -0.0009768000    0.0002444200   -0.0013116400
  -0.0004352800   -0.0011401800    0.0024771900
  -0.0180521700    0.0043388300   -0.0028403800

10   
 -0.0050034343710570   0.0086582698998644   0.0000026145035161
  -0.0082386900    0.0064301200    0.0033887400
  -0.0019838100   -0.0009361000   -0.0025839900
  -0.0009790400    0.0014647500    0.0005355700
  -0.0023997400    0.0015420600    0.0015210700
  -0.0011612700    0.0010486600   -0.0020623500
  -0.0016151400    0.0015038800   -0.0007005800
  -0.0026407500   -0.0001891300    0.0003392900
  -0.0020600900    0.0008241300   -0.0007860700
  -0.0014901500    0.0039640400   -0.0028731700
   0.0374264600   -0.0470779900    0.0068771500
   0.0024886500    0.0000276400   -0.0018287700
  -0.0006851600    0.0015950300   -0.0006869800
  -0.0012605400    0.0015381100   -0.0031325500
   0.0013657600    0.0002875000    0.0003910100
  -0.0062144900    0.0066923700    0.0014688300
  -0.0027223400    0.0001726100    0.0012189300
   0.0021931700    0.0003493000   -0.0045036300
   0.0006623900    0.0019431800    0.0049057200
  -0.0004465500    0.0012259000   -0.0012535700
  -0.0000662600   -0.0004348100    0.0025334700
  -0.0101724200    0.0180287500   -0.0027681200

10   
  0.0050034343710570  -0.0086582698998644  -0.0000026145035161
  -0.0006946800   -0.0063248700    0.0034813400
  -0.0000500400   -0.0039195100   -0.0024273500
   0.0009482600   -0.0015410500    0.0006747600
  -0.0006427100   -0.0011391500    0.0016808700
   0.0007364100   -0.0018726600   -0.0019066500
   0.0004460400   -0.0017023200   -0.0005478200
   0.0000983800   -0.0045940000    0.0004986900
  -0.0001212700   -0.0021626200   -0.0006360300
   0.0004621200    0.0009825100   -0.0027509800
  -0.0261065300    0.0557696500    0.0036770300
   0.0044177000   -0.0029529400   -0.0016869900
   0.0012461300   -0.0013932900   -0.0005389900
   0.0005732900   -0.0012737400   -0.0029774700
   0.0033216800   -0.0027013100    0.0005413900
  -0.0002160300   -0.0033015600    0.0016782700
  -0.0008745100   -0.0026631900    0.0013820800
   0.0041461400   -0.0026664600   -0.0043377400
   0.0025921000   -0.0010354700    0.0050688900
   0.0014954300   -0.0017717600   -0.0010875500
   0.0015550200   -0.0028737200    0.0026979000
   0.0066670600   -0.0108625300   -0.0024836700

10   
 -0.0000004073880431   0.0000027637068712   0.0099999996097980
  -0.0043319800    0.0002145900    0.0060638000
  -0.0008235300   -0.0021798100   -0.0007558000
   0.0001781100    0.0001931400    0.0024065300
  -0.0013256200    0.0004466700    0.0033795500
  -0.0000241100   -0.0001678600   -0.0001411000
  -0.0003823800    0.0001419100    0.0007886900
  -0.0010716500   -0.0021517200    0.0018956500
  -0.0009048100   -0.0004253000    0.0008081800
  -0.0002948900    0.0027428900   -0.0010126700
   0.0018949500   -0.0006034800   -0.0295942300
   0.0036480600   -0.0012206700   -0.0002493800
   0.0004685600    0.0003478900    0.0009128200
  -0.0001487200    0.0003742800   -0.0009568600
   0.0025355500   -0.0009667300    0.0025202400
  -0.0029904000    0.0019827500   -0.0001249800
  -0.0016068500   -0.0010025900    0.0015439600
   0.0033583200   -0.0009166300   -0.0041221500
   0.0018180800    0.0006954500    0.0052719300
   0.0007132100   -0.0000304800   -0.0008855200
   0.0009354900   -0.0014149400    0.0042310000
  -0.0016453800    0.0039406400    0.0080203400

10   
  0.0000004073880431  -0.0000027637068712  -0.0099999996097980
  -0.0046932400    0.0006904700    0.0010603500
  -0.0011958100   -0.0017904100   -0.0037436200
  -0.0002046700    0.0006153100   -0.0007414100
  -0.0016931400    0.0008435600    0.0002161100
  -0.0003904900    0.0002283700   -0.0033853800
  -0.0007654100    0.0005427700   -0.0015170400
  -0.0014538400   -0.0017501800   -0.0005176100
  -0.0012788000   -0.0000246300   -0.0018044000
  -0.0006926600    0.0031028300   -0.0040286900
   0.0086093400   -0.0082457600    0.0311439200
   0.0032768400   -0.0008208300   -0.0026647500
   0.0000850100    0.0007574100   -0.0016891500
  -0.0005248000    0.0007764800   -0.0046744100
   0.0021499800   -0.0005563700   -0.0011117700
  -0.0032597600    0.0023280400    0.0038810900
  -0.0019768400   -0.0006012400    0.0014869100
   0.0029912500   -0.0005159700   -0.0042251400
   0.0014470900    0.0010982100    0.0051556700
   0.0003473900    0.0003696100   -0.0009772600
   0.0005535500   -0.0010121600    0.0014390200
  -0.0013309900    0.0039644900   -0.0133024600

11   
  0.0099999993860163  -0.0000034767508456  -0.0000004380389732
  -0.0042568600    0.0001669300    0.0035887000
   0.0049975800   -0.0022412700   -0.0023419300
   0.0003743100    0.0001173700    0.0008362300
  -0.0012879800    0.0003605000    0.0018497800
  -0.0001274900   -0.0002516300   -0.0017481300
  -0.0003201300    0.0000638100   -0.0003861100
  -0.0010057100   -0.0022365000    0.0006428800
  -0.0000181300   -0.0005113800   -0.0004851800
  -0.0002539400    0.0026271400   -0.0026094700
   0.0040138700   -0.0013915200    0.0022099300
  -0.0249849600    0.0014679500   -0.0025820600
   0.0005342800    0.0002642500   -0.0003836900
  -0.0001786800    0.0002881600   -0.0028187500
   0.0067438600   -0.0010528800    0.0007458800
  -0.0028392200    0.0018636200    0.0019017800
  -0.0015172400   -0.0010895400    0.0015216500
   0.0033446200   -0.0010040700   -0.0042000300
   0.0166852600    0.0004407300    0.0051402900
   0.0004642900   -0.0001217900   -0.0009499100
   0.0010080700   -0.0015012200    0.0028459900
  -0.0013758000    0.0037413300   -0.0027778500

11   
 -0.0099999993860163   0.0000034767508456   0.0000004380389732
  -0.0052535700    0.0012435500    0.0039337100
  -0.0073543900   -0.0011868000   -0.0019548500
  -0.0008869300    0.0011930000    0.0011858500
  -0.0022120900    0.0014378900    0.0021952100
  -0.0007798500    0.0008201600   -0.0013873200
  -0.0013327800    0.0011296900   -0.0000302900
  -0.0020097400   -0.0011584000    0.0009898800
  -0.0026541500    0.0005580700   -0.0001473000
  -0.0012565400    0.0037060800   -0.0022584200
   0.0030283500   -0.0003150700    0.0025397500
   0.0451270100   -0.0197512400   -0.0089878100
  -0.0004352900    0.0013189100   -0.0000752900
  -0.0009849500    0.0013623800   -0.0024705000
  -0.0027174900   -0.0000187900    0.0011127500
  -0.0038660000    0.0029532000    0.0022504900
  -0.0025499300   -0.0000117300    0.0018516400
   0.0025149900    0.0000718100   -0.0038712800
  -0.0141270300    0.0012923500    0.0050070800
   0.0001215000    0.0009630300   -0.0006121000
  -0.0000047700   -0.0004249200    0.0031734600
  -0.0023663600    0.0048168300   -0.0024446400

11   
 -0.0050034343710570   0.0086582698998644   0.0000026145035161
  -0.0056174600    0.0007110000    0.0038239900
  -0.0049651000    0.0030683600   -0.0020598700
  -0.0011831300    0.0007788200    0.0010761900
  -0.0025943400    0.0008734200    0.0020858700
  -0.0012270700    0.0001341100   -0.0015037100
  -0.0016864900    0.0006184500   -0.0001404700
  -0.0023737600   -0.0016885500    0.0008811600
  -0.0025991900    0.0007620400   -0.0002580600
  -0.0016213500    0.0031765500   -0.0023727900
   0.0026632300   -0.0008514600    0.0024284900
   0.0394623300   -0.0314220200   -0.0068051200
  -0.0007910400    0.0007958800   -0.0001809400
  -0.0013931300    0.0007536100   -0.0025788800
  -0.0008962000    0.0032312800    0.0010137300
  -0.0042315800    0.0024207000    0.0021412900
  -0.0029054100   -0.0005301700    0.0017404100
   0.0021115300   -0.0005288100   -0.0039828200
  -0.0066449500    0.0142253400    0.0049074800
  -0.0004108000    0.0001399600   -0.0007229300
  -0.0003641700   -0.0009497700    0.0030628000
  -0.0027319300    0.0042812700   -0.0025558100

11   
  0.0050034343710570  -0.0086582698998644  -0.0000026145035161
  -0.0042597000   -0.0002378700    0.0035366600
   0.0021345400   -0.0076201700   -0.0024009200
   0.0003056200   -0.0004033300    0.0007825600
  -0.0012731200   -0.0000133300    0.0017974900
  -0.0000463600   -0.0005041900   -0.0017931100
  -0.0003311900   -0.0003549700   -0.0004383600
  -0.0010115100   -0.0026464900    0.0006047300
  -0.0004283400   -0.0016346000   -0.0005469100
  -0.0002589300    0.0022170200   -0.0026614100
   0.0040144500   -0.0017896000    0.0021515900
  -0.0125999200    0.0306609300   -0.0014833300
   0.0005301000   -0.0001397700   -0.0004339200
  -0.0001329800   -0.0000323900   -0.0028711400
   0.0046721400   -0.0050334700    0.0006906400
  -0.0028458800    0.0014504100    0.0018499800
  -0.0015292300   -0.0015104400    0.0014653500
   0.0033846600   -0.0013344800   -0.0042534400
   0.0094276800   -0.0122536900    0.0050483600
   0.0006255800   -0.0002428500   -0.0010036100
   0.0010006600   -0.0019139000    0.0027904500
  -0.0013782500    0.0033371800   -0.0028316500

11   
 -0.0000004073880431   0.0000027637068712   0.0099999996097980
  -0.0045277100    0.0004011600    0.0048765000
  -0.0009028200   -0.0020938300    0.0000932400
  -0.0000194700    0.0003421400    0.0017718100
  -0.0015191800    0.0005974500    0.0033003300
  -0.0002110400   -0.0000250000   -0.0002695700
  -0.0005760200    0.0002762700    0.0010076400
  -0.0012707700   -0.0020060900    0.0018090900
  -0.0011111400   -0.0002815500    0.0005262700
  -0.0005115800    0.0028759300   -0.0014997000
   0.0037649200   -0.0011581700    0.0031377500
   0.0059825500   -0.0037616000   -0.0293557100
   0.0003065200    0.0004767700    0.0009078600
  -0.0003482300    0.0005248400   -0.0011499300
   0.0020382200   -0.0006633500   -0.0015846500
  -0.0031278000    0.0021075400    0.0035287900
  -0.0018032400   -0.0008552900    0.0013757800
   0.0031599300   -0.0007671800   -0.0043359400
   0.0010430400    0.0011900100    0.0157941900
   0.0005407300    0.0001107200    0.0002667400
   0.0007316700   -0.0012657700    0.0026962600
  -0.0016385900    0.0039749800   -0.0028967400

11   
  0.0000004073880431  -0.0000027637068712  -0.0099999996097980
  -0.0048310300    0.0004519300    0.0035097000
  -0.0013699000   -0.0019733900   -0.0033116400
  -0.0003486700    0.0004148700    0.0011282000
  -0.0018287900    0.0006407700    0.0016833300
  -0.0005158600    0.0000179200   -0.0018718100
  -0.0009055700    0.0003537400   -0.0004988200
  -0.0015841100   -0.0019554500    0.0008371400
  -0.0014095800   -0.0002232800   -0.0002822300
  -0.0008195800    0.0029087500   -0.0024232600
   0.0034455600   -0.0011074800    0.0022943800
   0.0109023700   -0.0040233400   -0.0008219600
  -0.0000737300    0.0005677200   -0.0006287700
  -0.0006615800    0.0005706200   -0.0032446700
   0.0020315200   -0.0007810700    0.0041257300
  -0.0034549600    0.0021637300    0.0015155800
  -0.0021136200   -0.0008063100    0.0029096200
   0.0028532800   -0.0007214000   -0.0027510200
   0.0020094800    0.0005343700   -0.0041918000
   0.0002022000    0.0001649000   -0.0008566600
   0.0004237400   -0.0012203100    0.0042419300
  -0.0019511800    0.0040227100   -0.0013629900

12   
  0.0099999993860163  -0.0000034767508456  -0.0000004380389732
  -0.0040581400   -0.0000427000    0.0022977100
  -0.0003993600   -0.0024779300   -0.0035677000
   0.0059974700   -0.0002007500   -0.0003822900
  -0.0010176200    0.0001553000    0.0005588300
   0.0003013700   -0.0004587200   -0.0030155400
  -0.0002257700   -0.0001489100   -0.0016812500
  -0.0007812300   -0.0024393200   -0.0006407600
  -0.0005901200   -0.0007230300   -0.0017742800
   0.0008681600    0.0023955300   -0.0039142100
   0.0042595200   -0.0015997800    0.0009120000
   0.0039345400   -0.0015223100   -0.0027373000
  -0.0317491000    0.0067429700    0.0241666200
   0.0045591700    0.0003306500   -0.0041991600
   0.0027437400   -0.0012524300   -0.0005918500
  -0.0026362800    0.0016611800    0.0006160700
  -0.0016569300   -0.0013114800    0.0002110500
   0.0172683200   -0.0010181300   -0.0053763800
   0.0020445800    0.0004062200    0.0039073800
   0.0010374000   -0.0003247200   -0.0022538300
   0.0012311500   -0.0017064800    0.0015434000
  -0.0011308700    0.0035348400   -0.0040785000

12   
 -0.0099999993860163   0.0000034767508456   0.0000004380389732
  -0.0030940700    0.0010074800    0.0043721100
   0.0002365900   -0.0014333700   -0.0014732500
  -0.0040664700    0.0009447700    0.0015424100
  -0.0001255300    0.0011982200    0.0026325500
   0.0011535800    0.0005739700   -0.0009751700
   0.0009409100    0.0008959600    0.0004237400
   0.0001202500   -0.0013978200    0.0014339100
   0.0002939200    0.0003240400    0.0003051600
  -0.0000343000    0.0035015200   -0.0017744300
   0.0051415000   -0.0005541300    0.0029924900
   0.0048427100   -0.0004607600   -0.0007602500
   0.0003400000   -0.0139071600   -0.0171474500
  -0.0036157100    0.0010069600   -0.0020128900
   0.0038158300   -0.0002153800    0.0014776700
  -0.0017439400    0.0027064100    0.0026819900
  -0.0000380500   -0.0002421300    0.0023146500
  -0.0110252600   -0.0000287200   -0.0035231000
   0.0030905500    0.0014453900    0.0060005800
   0.0018959800    0.0007208500   -0.0001601800
   0.0021279300   -0.0006644000    0.0036346500
  -0.0002564200    0.0045783000   -0.0019851900

12   
 -0.0050034343710570   0.0086582698998644   0.0000026145035161
  -0.0043508800   -0.0011635000    0.0043859700
  -0.0009378500   -0.0034604000   -0.0014598800
  -0.0025793000    0.0035187700    0.0015671600
  -0.0013621100   -0.0009394400    0.0026467300
  -0.0000661000   -0.0015381000   -0.0009650500
  -0.0003651200   -0.0013700400    0.0004493600
  -0.0011196600   -0.0035411300    0.0014459700
  -0.0009402100   -0.0018095500    0.0003188200
  -0.0008348600    0.0021209900   -0.0017596000
   0.0039089100   -0.0026862900    0.0030060800
   0.0035996700   -0.0026111500   -0.0007363000
   0.0121266200    0.0062995800   -0.0174589300
  -0.0024413000    0.0030869800   -0.0019950900
   0.0025377400   -0.0024241100    0.0014913200
  -0.0029746100    0.0005826800    0.0026967100
  -0.0014677500   -0.0027045800    0.0023303600
  -0.0046198000    0.0111526600   -0.0035161000
   0.0018170600   -0.0007551300    0.0060179400
   0.0006667800   -0.0014043900   -0.0001460900
   0.0008911300   -0.0028024900    0.0036516700
  -0.0014883900    0.0024486700   -0.0019710700

12   
  0.0050034343710570  -0.0086582698998644  -0.0000026145035161
  -0.0039539700    0.0002309400    0.0023347400
  -0.0003734500   -0.0023419100   -0.0035296200
   0.0034201100   -0.0045781500   -0.0003513400
  -0.0009343000    0.0003952700    0.0005958500
   0.0003724700   -0.0002343100   -0.0029747400
  -0.0000751900    0.0002215900   -0.0016608400
  -0.0006968600   -0.0021948300   -0.0006017700
  -0.0005057100   -0.0004844800   -0.0017362800
   0.0005189500    0.0018848400   -0.0038806500
   0.0043421600   -0.0013639100    0.0009540500
   0.0040356200   -0.0012463200   -0.0027044900
  -0.0212460800    0.0231933900    0.0234306400
   0.0022380200   -0.0036105200   -0.0041690400
   0.0028706400   -0.0009374100   -0.0005548300
  -0.0025440300    0.0019166100    0.0006531700
  -0.0013819900   -0.0007496200    0.0002474000
   0.0103701800   -0.0130176300   -0.0053216600
   0.0021655000    0.0007108600    0.0039428600
   0.0011137000   -0.0000972800   -0.0022138600
   0.0013155500   -0.0014647500    0.0015794200
  -0.0010513000    0.0037676300   -0.0040390200

12   
 -0.0000004073880431   0.0000027637068712   0.0099999996097980
  -0.0052958600    0.0008378000    0.0025687000
  -0.0018215600   -0.0016087800   -0.0037247800
  -0.0006708600    0.0007686300    0.0007614600
  -0.0022892800    0.0010345100    0.0007700500
  -0.0009767500    0.0004104300   -0.0029251900
  -0.0013810000    0.0007321900   -0.0007702000
  -0.0020502500   -0.0015627100   -0.0007266600
  -0.0018644400    0.0001577000   -0.0018549000
  -0.0013484000    0.0033635100   -0.0038650000
   0.0029867400   -0.0007228300    0.0008450300
   0.0027136000   -0.0006530000   -0.0025552100
   0.0176434100   -0.0106545600    0.0197492900
  -0.0012205100    0.0010640700   -0.0073993900
   0.0015658900   -0.0003793400   -0.0000522200
  -0.0039119800    0.0025531300    0.0010899900
  -0.0025461600   -0.0004149900    0.0002834800
   0.0023157000   -0.0003413100    0.0038946100
   0.0008503300    0.0012814900    0.0025688700
  -0.0002512000    0.0005534700   -0.0035267200
  -0.0000377600   -0.0008304000    0.0002531700
  -0.0024096400    0.0044109800   -0.0053843900

12   
  0.0000004073880431  -0.0000027637068712  -0.0099999996097980
  -0.0047790300    0.0005802600    0.0016729100
  -0.0012460800   -0.0018563700   -0.0037547500
  -0.0002737000    0.0004612400   -0.0021358700
  -0.0017753500    0.0007716300   -0.0000011300
  -0.0004942500    0.0001684200   -0.0034385300
  -0.0008441700    0.0004819300   -0.0030235800
  -0.0015288800   -0.0018219600   -0.0009044100
  -0.0013548700   -0.0001025800   -0.0020540700
  -0.0007135100    0.0029858600   -0.0042496800
   0.0034965500   -0.0009757300    0.0006202800
   0.0031474000   -0.0008644200   -0.0032419400
   0.0076425300   -0.0054263800    0.0359138600
  -0.0002839400    0.0004843100   -0.0010919200
   0.0020778500   -0.0006362800   -0.0014759400
  -0.0033908100    0.0022887900   -0.0001935600
  -0.0020930100   -0.0006760200   -0.0002521300
   0.0022102500   -0.0002499700   -0.0152381800
   0.0013656100    0.0010230000    0.0048699700
   0.0002619400    0.0002958600   -0.0013492200
   0.0004751100   -0.0010871600    0.0024636200
  -0.0018996400    0.0041555600   -0.0031357400

13   
  0.0099999993860163  -0.0000034767508456  -0.0000004380389732
  -0.0039485500    0.0010099100    0.0031649900
  -0.0005503400   -0.0014661700   -0.0026486900
  -0.0009507400    0.0008742300    0.0004269500
  -0.0019123700    0.0011602800    0.0014862600
  -0.0006122800    0.0005428200   -0.0021128600
  -0.0015599200    0.0008487500   -0.0006394800
  -0.0016307100   -0.0014278600    0.0002901200
  -0.0014482300    0.0002804500   -0.0008377500
   0.0032670000    0.0034068200   -0.0027394900
   0.0032743100   -0.0005913000    0.0018387700
   0.0029748700   -0.0005010400   -0.0018768700
   0.0037976200    0.0013056400   -0.0011387600
  -0.0129411000   -0.0133451300    0.0026465000
   0.0022006500   -0.0002482400    0.0003391700
  -0.0032618900    0.0026782000    0.0015452800
   0.0042989300   -0.0002718000    0.0030574300
   0.0090975800   -0.0001885200   -0.0055868400
   0.0014141700    0.0014102600    0.0048251300
   0.0000619000    0.0006807000   -0.0013379800
   0.0002744100   -0.0007036800    0.0024591700
  -0.0018453300    0.0045456900   -0.0031610600

13   
 -0.0099999993860163   0.0000034767508456   0.0000004380389732
  -0.0050249100    0.0000902500    0.0033593800
  -0.0014579600   -0.0023002200   -0.0026368400
   0.0009711100    0.0001399900    0.0003955200
  -0.0010622200    0.0003410000    0.0015199800
   0.0002378800   -0.0002763600   -0.0020778500
   0.0004464200    0.0000419000   -0.0006471700
  -0.0008637900   -0.0022512700    0.0003157900
  -0.0006755600   -0.0005346600   -0.0008152100
  -0.0042436500    0.0025349200   -0.0026197400
   0.0042938000   -0.0014110200    0.0018812200
   0.0039882100   -0.0013303700   -0.0018119200
  -0.0032192700    0.0001037900   -0.0008722600
   0.0147472200    0.0035833600    0.0026415000
   0.0025327800   -0.0010759200    0.0003622700
  -0.0029382400    0.0018504300    0.0015690700
  -0.0078314600   -0.0010931900    0.0024637200
  -0.0027126200   -0.0010605800   -0.0061045800
   0.0018934500    0.0005848600    0.0048959500
   0.0010386800   -0.0001350800   -0.0012633600
   0.0012538800   -0.0015193900    0.0025349900
  -0.0013737400    0.0037175700   -0.0030904600

13   
 -0.0050034343710570   0.0086582698998644   0.0000026145035161
  -0.0044101700    0.0013280800    0.0031627600
  -0.0009071900   -0.0010056300   -0.0027011500
   0.0007612600    0.0000223400    0.0002650700
  -0.0009689200    0.0007623400    0.0013807000
   0.0003314200    0.0001450800   -0.0022173500
   0.0002403100   -0.0000853200   -0.0007707300
  -0.0007526200   -0.0018017300    0.0001712100
  -0.0005609000   -0.0000730900   -0.0009668000
  -0.0022336400    0.0070844100   -0.0024895000
   0.0043460100   -0.0010642900    0.0017445100
   0.0040429700   -0.0009684200   -0.0019646900
  -0.0010213000    0.0042171000   -0.0009833900
   0.0016892900   -0.0250717600    0.0047180700
   0.0027609100   -0.0004200000    0.0002249600
  -0.0027108900    0.0024983800    0.0014327600
  -0.0044957900    0.0050051600    0.0025952200
   0.0005754900    0.0048753800   -0.0060648500
   0.0020842800    0.0011757600    0.0047421000
   0.0010985200    0.0002277300   -0.0014170100
   0.0013139300   -0.0011543800    0.0023825900
  -0.0011829600    0.0043028500   -0.0032444700

13   
  0.0050034343710570  -0.0086582698998644  -0.0000026145035161
  -0.0047017900    0.0000979100    0.0033338800
  -0.0012310600   -0.0024145500   -0.0026076800
  -0.0008866000    0.0013251900    0.0005246900
  -0.0021469800    0.0010798200    0.0015897400
  -0.0008472300    0.0004626400   -0.0020091000
  -0.0014915200    0.0013234200   -0.0005569500
  -0.0018902500   -0.0015560300    0.0003967800
  -0.0016937700    0.0001686000   -0.0007162600
   0.0012167000   -0.0006207000   -0.0028844200
   0.0030769100   -0.0005966500    0.0019412000
   0.0027790200   -0.0005232700   -0.0017699600
   0.0013818000   -0.0025852900   -0.0010443700
   0.0029058000    0.0084586600    0.0012149400
   0.0018339700   -0.0005588800    0.0004408000
  -0.0036332500    0.0023667800    0.0016456100
   0.0008119500   -0.0060012200    0.0028942200
   0.0056773300   -0.0058188000   -0.0056520200
   0.0010841700    0.0011633200    0.0049448900
  -0.0001397600    0.0006576800   -0.0012206400
   0.0000733600   -0.0007267400    0.0025794900
  -0.0021788100    0.0042980900   -0.0030448200

13   
 -0.0000004073880431   0.0000027637068712   0.0099999996097980
  -0.0044092800    0.0002593600    0.0016816800
  -0.0009475900   -0.0021925400   -0.0042437900
   0.0000366900    0.0001829000   -0.0003269400
  -0.0014467000    0.0004610000   -0.0002952600
  -0.0001448200   -0.0001558500   -0.0039765000
  -0.0005404100    0.0000871900   -0.0014242700
  -0.0012055200   -0.0021448200   -0.0024447500
  -0.0010295600   -0.0004121800   -0.0036815800
  -0.0005359200    0.0027976300   -0.0095838700
   0.0038421300   -0.0013035000   -0.0009644700
   0.0035274800   -0.0012156200   -0.0044642300
   0.0003438900    0.0003869800   -0.0077515300
  -0.0006617300    0.0010779500   -0.1573652000
   0.0024250400   -0.0009695100   -0.0007129100
  -0.0030529200    0.0019637800    0.0004898400
  -0.0013636500   -0.0007354200    0.1125562100
   0.0036309300   -0.0011789400    0.1079334100
   0.0017026100    0.0006957700   -0.0022721300
   0.0005886900   -0.0000240100   -0.0083397100
   0.0008013800   -0.0014096500   -0.0045958900
  -0.0015607300    0.0038294900   -0.0102181000

13   
  0.0000004073880431  -0.0000027637068712  -0.0099999996097980
  -0.0043917400    0.0007894000    0.0046494000
  -0.0009036100   -0.0015993500   -0.0013289800
   0.0001177800    0.0007818600    0.0009168600
  -0.0013837800    0.0009889500    0.0031282200
  -0.0000863600    0.0003708800   -0.0005209800
  -0.0004226000    0.0007576300   -0.0001216700
  -0.0011314600   -0.0016032600    0.0029130800
  -0.0009603700    0.0001193800    0.0017231800
  -0.0002651000    0.0032024100    0.0039086900
   0.0038919200   -0.0007545100    0.0041405500
   0.0035815500   -0.0006700300    0.0007080000
   0.0003839100    0.0008959400    0.0055444000
  -0.0005242800   -0.0098263300    0.1671903200
   0.0024606000   -0.0004077300    0.0011727500
  -0.0030124800    0.0025159200    0.0023868300
  -0.0020194600   -0.0006716000   -0.1112270500
   0.0029060000   -0.0001778200   -0.1155017300
   0.0017478300    0.0012519600    0.0117130400
   0.0006567100    0.0005192700    0.0055431200
   0.0008688300   -0.0008645500    0.0092963300
  -0.0015138900    0.0043815900    0.0037656600

14   
  0.0099999993860163  -0.0000034767508456  -0.0000004380389732
  -0.0044613700    0.0004777500    0.0036496000
  -0.0014158800   -0.0020060500   -0.0022453800
   0.0010246700    0.0004178700    0.0009461000
  -0.0003768600    0.0006512800    0.0019273700
  -0.0005923600    0.0001006300   -0.0016984900
  -0.0005246900    0.0003688000   -0.0003176800
  -0.0012882000   -0.0019170600    0.0007117400
   0.0029020900   -0.0001585200   -0.0004766800
  -0.0004330100    0.0029112200   -0.0025409500
   0.0038993500   -0.0011128200    0.0022598800
   0.0076181000   -0.0006984800   -0.0016941400
   0.0002530300    0.0005729200   -0.0003211200
  -0.0000263400    0.0006054600   -0.0027551200
  -0.0201770700   -0.0049625000   -0.0015372800
  -0.0028074400    0.0021845500    0.0019684100
  -0.0018063000   -0.0007789200    0.0015763100
   0.0034209400   -0.0006888600   -0.0041408600
   0.0080162200    0.0009599900    0.0054571900
   0.0074275400    0.0002121700   -0.0009472900
   0.0009866700   -0.0011913500    0.0029016000
  -0.0016390700    0.0040519000   -0.0027232300

14   
 -0.0099999993860163   0.0000034767508456   0.0000004380389732
  -0.0082429700    0.0030409500    0.0038430000
  -0.0042724100    0.0006361500   -0.0019905300
  -0.0047326700    0.0030073900    0.0011005600
  -0.0063205000    0.0032415500    0.0020991100
  -0.0035025700    0.0025745800   -0.0014905300
  -0.0043079400    0.0029280600   -0.0001246300
  -0.0049196600    0.0006305200    0.0009049100
  -0.0086654500    0.0021927100   -0.0001056300
  -0.0042757600    0.0055331400   -0.0023595200
  -0.0000404700    0.0015175500    0.0024655000
  -0.0043834200    0.0013129900   -0.0010367700
  -0.0033511900    0.0031216800   -0.0001199400
  -0.0043236400    0.0031579600   -0.0025672500
   0.1017928400   -0.0559857400   -0.0057133200
  -0.0071106100    0.0047456000    0.0021556200
  -0.0054537800    0.0017852000    0.0017830200
  -0.0007489100    0.0018686700   -0.0039360400
  -0.0086983700    0.0035920200    0.0054315100
  -0.0099701900    0.0031109900   -0.0009321700
  -0.0031759100    0.0013732800    0.0031083700
  -0.0052964200    0.0066147700   -0.0025152800

14   
 -0.0050034343710570   0.0086582698998644   0.0000026145035161
  -0.0086229500    0.0022969800    0.0038664800
  -0.0048438300   -0.0005991600   -0.0020019800
  -0.0046349000    0.0031091100    0.0010909700
  -0.0061671000    0.0034400600    0.0021317100
  -0.0040703500    0.0015161700   -0.0014747000
  -0.0046882100    0.0021838500   -0.0001012400
  -0.0053343000   -0.0001718200    0.0009271800
  -0.0069914100    0.0051291700   -0.0001227200
  -0.0046623000    0.0048405200   -0.0023398600
  -0.0004180100    0.0007941800    0.0024824200
  -0.0024971600    0.0046110000   -0.0009973800
  -0.0037697900    0.0023098900   -0.0000952300
  -0.0045735400    0.0026415800   -0.0025444400
   0.0978483000   -0.0613406900   -0.0061022100
  -0.0073612600    0.0042270300    0.0021794100
  -0.0058704500    0.0009802000    0.0018006500
  -0.0010327600    0.0012927600   -0.0039169600
  -0.0058744300    0.0084242700    0.0054520400
  -0.0072621400    0.0077103000   -0.0008642900
  -0.0034633500    0.0007910500    0.0031267100
  -0.0057100700    0.0058135400   -0.0024965600

14   
  0.0050034343710570  -0.0086582698998644  -0.0000026145035161
  -0.0045973100    0.0000760900    0.0036765800
  -0.0013570300   -0.0019092500   -0.0021846800
   0.0004065700   -0.0008338400    0.0010020300
  -0.0010326400   -0.0006650700    0.0019485900
  -0.0005431400    0.0000108100   -0.0016647100
  -0.0006613500   -0.0000335400   -0.0002912300
  -0.0013934800   -0.0022602200    0.0007358600
   0.0007675700   -0.0041833400   -0.0004166500
  -0.0005557200    0.0024360700   -0.0025146800
   0.0037522000   -0.0015526900    0.0022975700
   0.0051799600   -0.0052080100   -0.0017000300
   0.0001578700    0.0002377700   -0.0002930600
  -0.0002953400   -0.0000283100   -0.0027272000
  -0.0055857500    0.0240020600   -0.0021334600
  -0.0030731100    0.0015571200    0.0019945800
  -0.0019063900   -0.0011203700    0.0016088800
   0.0031860900   -0.0012624900   -0.0041101600
   0.0046810600   -0.0050060300    0.0054953200
   0.0038556400   -0.0062070500   -0.0009671600
   0.0007575500   -0.0017553800    0.0029343000
  -0.0017432500    0.0037056700   -0.0026906900

14   
 -0.0000004073880431   0.0000027637068712   0.0099999996097980
  -0.0044236200    0.0001672900    0.0036693400
  -0.0008732300   -0.0022329500   -0.0010629000
   0.0000940900    0.0001222000    0.0011881200
  -0.0014105700    0.0003774600    0.0022687800
  -0.0001136600   -0.0002238900   -0.0004635600
  -0.0004740700    0.0000467200   -0.0002306800
  -0.0011609700   -0.0022292300    0.0000011600
  -0.0011080900   -0.0003447500   -0.0054742600
  -0.0004100600    0.0026639200   -0.0033716600
   0.0038833700   -0.0013812100    0.0013526700
   0.0035251800   -0.0012301000   -0.0059998000
   0.0003874600    0.0002748500   -0.0011388500
  -0.0002199000    0.0002963900   -0.0018648000
   0.0018700800    0.0011944900   -0.1977328400
  -0.0030116700    0.0018812900    0.0028860500
  -0.0016922800   -0.0010810000   -0.0036520700
   0.0032754300   -0.0009937900   -0.0093000300
   0.0015054400    0.0007357700    0.1160626700
   0.0010349000   -0.0003024500    0.1130813800
   0.0008443600   -0.0014895700   -0.0023337200
  -0.0015221800    0.0037485300   -0.0078850100

14   
  0.0000004073880431  -0.0000027637068712  -0.0099999996097980
  -0.0049737900    0.0005797200    0.0023672200
  -0.0015116000   -0.0019023200   -0.0044937900
  -0.0005125400    0.0005376700   -0.0004930100
  -0.0019786500    0.0007578200    0.0003957500
  -0.0006792000    0.0001235300   -0.0041553500
  -0.0010468900    0.0004749000   -0.0015372800
  -0.0017271100   -0.0018441700    0.0004189600
  -0.0014653800   -0.0002574400    0.0032223000
  -0.0009634900    0.0029995700   -0.0028684500
   0.0033131300   -0.0010047200    0.0017214700
   0.0030598000   -0.0009948100    0.0022024000
  -0.0002120200    0.0006701900   -0.0007905000
  -0.0008265500    0.0006906300   -0.0048358400
   0.0136643800   -0.0062799100    0.2176795900
  -0.0036079200    0.0022776700   -0.0001421300
  -0.0022640000   -0.0006881100    0.0055411000
   0.0027004400   -0.0006033000   -0.0000955900
   0.0009981600    0.0011242000   -0.1125674400
  -0.0001322000    0.0003010900   -0.1097465100
   0.0002717100   -0.0011046200    0.0068736300
  -0.0021062800    0.0041424000    0.0013034800

15   
  0.0099999993860163  -0.0000034767508456  -0.0000004380389732
  -0.0012014400   -0.0023693300    0.0032934800
   0.0028386500   -0.0048297400   -0.0025568700
   0.0038371800   -0.0024418700    0.0005497000
   0.0019047400   -0.0021554300    0.0015633000
   0.0047101700   -0.0028300500   -0.0020162900
   0.0042611900   -0.0025200700   -0.0006848000
   0.0067468700   -0.0045205400    0.0002439300
   0.0026791500   -0.0030700500   -0.0007650900
   0.0032554600    0.0000662200   -0.0028920600
   0.0118012500   -0.0040099800    0.0019026400
   0.0073364100   -0.0038756500   -0.0018213100
   0.0041385500   -0.0022831500   -0.0006952700
   0.0037749400   -0.0022682200   -0.0031002500
   0.0064559300   -0.0036099700    0.0004151700
  -0.1019385300    0.0559290500    0.0064752900
   0.0022517000   -0.0036488800    0.0012258500
   0.0069546300   -0.0035635400   -0.0044962600
   0.0054177100   -0.0019508300    0.0049131600
   0.0045675100   -0.0026782900   -0.0012476300
   0.0113553100   -0.0044187900    0.0027384300
   0.0088526100    0.0010491000   -0.0030450900

15   
 -0.0099999993860163   0.0000034767508456   0.0000004380389732
  -0.0039291300    0.0000071800    0.0033775600
  -0.0009547700   -0.0024219400   -0.0024952200
   0.0000449900   -0.0000314000    0.0006105900
  -0.0010132500    0.0001691600    0.0016374000
  -0.0012158200   -0.0003783300   -0.0020000200
  -0.0015020600   -0.0000782400   -0.0006444600
  -0.0054855900   -0.0025311400    0.0004782900
  -0.0009413500   -0.0006632300   -0.0007027900
  -0.0003788800    0.0024820700   -0.0028320700
  -0.0003415700   -0.0015292400    0.0020322700
   0.0035013400   -0.0014469200   -0.0017038100
   0.0003499100    0.0000831100   -0.0005778400
  -0.0005426200    0.0001359800   -0.0030454600
   0.0021428900   -0.0011973300    0.0004692300
   0.0207201300    0.0077327100    0.0051784700
  -0.0019290300   -0.0012380700    0.0012940600
   0.0032999100   -0.0011499600   -0.0044207000
   0.0017550000    0.0004610800    0.0049874100
   0.0003979800   -0.0002629100   -0.0011733100
  -0.0060141100   -0.0017206000    0.0026604900
  -0.0079639600    0.0035780200   -0.0031300800

15   
 -0.0050034343710570   0.0086582698998644   0.0000026145035161
  -0.0040086000    0.0001218000    0.0034288300
  -0.0007170200   -0.0019132400   -0.0024739700
   0.0002834800    0.0004778000    0.0006330800
  -0.0009615100    0.0003624800    0.0016522000
  -0.0004681700    0.0010341800   -0.0019633900
  -0.0007842000    0.0012646200   -0.0006453700
  -0.0029691400    0.0017683100    0.0004736200
  -0.0007450500   -0.0002202700   -0.0006822100
  -0.0001820400    0.0029252700   -0.0028047400
   0.0020115400    0.0026210700    0.0020298500
   0.0037424100   -0.0009322800   -0.0016925200
   0.0006074800    0.0006207600   -0.0005538900
  -0.0001688000    0.0008739700   -0.0030215100
   0.0025104500   -0.0004633900    0.0004920400
   0.0040748100   -0.0230671500    0.0047003100
  -0.0015926000   -0.0005581800    0.0013148600
   0.0035026000   -0.0007006900   -0.0044032500
   0.0019608000    0.0009133400    0.0050035200
   0.0007287200    0.0004081000   -0.0011559200
  -0.0023070200    0.0048233600    0.0027217200
  -0.0045181500    0.0096401400   -0.0030532600

15   
  0.0050034343710570  -0.0086582698998644  -0.0000026145035161
  -0.0004996900   -0.0012147800    0.0032907200
   0.0032255900   -0.0040655500   -0.0025285500
   0.0042233900   -0.0016768500    0.0005780400
   0.0024777900   -0.0010752200    0.0015979500
   0.0045747300   -0.0029940000   -0.0020076000
   0.0041692000   -0.0025818600   -0.0006379900
   0.0048023300   -0.0076488500    0.0003012000
   0.0031053800   -0.0022410600   -0.0007391500
   0.0036844000    0.0008986500   -0.0028707900
   0.0100899400   -0.0068317000    0.0019557800
   0.0077232000   -0.0031205700   -0.0017963700
   0.0045077200   -0.0015423400   -0.0006643500
   0.0040276900   -0.0017287700   -0.0030745700
   0.0067127300   -0.0030702300    0.0004419900
  -0.0981409300    0.0605825900    0.0060178600
   0.0025416900   -0.0030515800    0.0012571100
   0.0073768400   -0.0027386900   -0.0044634100
   0.0058372800   -0.0011284100    0.0049466800
   0.0048612600   -0.0020753800   -0.0012143900
   0.0086636400   -0.0089740900    0.0027231300
   0.0060358000   -0.0037213400   -0.0031132900

15   
 -0.0000004073880431   0.0000027637068712   0.0099999996097980
  -0.0039763500    0.0000120100    0.0053396800
  -0.0004443600   -0.0023883800   -0.0015313500
   0.0005439800   -0.0000349200    0.0015266400
  -0.0009645500    0.0002436400    0.0038017600
   0.0003362700   -0.0003941300   -0.0007341800
  -0.0000103300   -0.0000912800    0.0004650900
  -0.0008760400   -0.0023252300   -0.0035140000
  -0.0005483700   -0.0006405400   -0.0007037200
   0.0000303600    0.0025157000   -0.0027037100
   0.0043475900   -0.0015321900   -0.0018990800
   0.0040406600   -0.0014605100   -0.0015838800
   0.0008351900    0.0001283000   -0.0005948100
   0.0002270900    0.0001503700   -0.0012759600
   0.0029117400   -0.0011952500    0.0022742900
  -0.0127036100    0.0072557400   -0.2082293800
  -0.0012424700   -0.0012293200   -0.0030706500
   0.0037193400   -0.0011397500   -0.0086990400
   0.0021876100    0.0004704400    0.0006444100
   0.0010766000   -0.0002519400   -0.0054640700
   0.0014671100   -0.0016918500    0.1114435000
  -0.0009574500    0.0035990800    0.1145084700

15   
  0.0000004073880431  -0.0000027637068712  -0.0099999996097980
  -0.0044835500    0.0004219000    0.0022884000
  -0.0010039700   -0.0020631300   -0.0024296900
  -0.0000054500    0.0003655800    0.0005855000
  -0.0014765400    0.0005667600    0.0004585500
  -0.0001827100   -0.0000323400   -0.0022665800
  -0.0005499500    0.0002996600   -0.0008374200
  -0.0010686600   -0.0020688100    0.0055727200
  -0.0010748800   -0.0002873300    0.0000990500
  -0.0004629100    0.0028426100   -0.0019411400
   0.0037582600   -0.0011531300    0.0064220700
   0.0034819000   -0.0010826800   -0.0007648800
   0.0002817500    0.0004998600    0.0002592900
  -0.0003326200    0.0005199200   -0.0038557500
   0.0023570200   -0.0008167400   -0.0003736800
  -0.0018369500   -0.0000453800    0.2000955700
  -0.0017737500   -0.0008558000    0.0065445400
   0.0031965200   -0.0007737500    0.0008873200
   0.0016462900    0.0008416300    0.0102305500
   0.0005510600    0.0001114500    0.0041409200
   0.0004000800   -0.0010865200   -0.1116282200
  -0.0014209500    0.0037962500   -0.1134871100

16   
  0.0099999993860163  -0.0000034767508456  -0.0000004380389732
  -0.0041579300    0.0004042500    0.0033700100
  -0.0012213800   -0.0021024800   -0.0022639900
   0.0002542900    0.0003008400    0.0008408600
  -0.0014620500    0.0005328200    0.0018620700
  -0.0001577900   -0.0000855300   -0.0017356300
   0.0061338800    0.0003594100   -0.0000601900
  -0.0012028800   -0.0020629900    0.0006611600
  -0.0010349900   -0.0003429900   -0.0004667700
   0.0109769400    0.0023274100   -0.0036085900
   0.0037293600   -0.0012212600    0.0022201200
   0.0035320400   -0.0011353500   -0.0014936300
  -0.0000094700    0.0004196100   -0.0003477700
   0.0065189600    0.0005081300   -0.0028100200
   0.0023160100   -0.0008812400    0.0007093800
  -0.0028873400    0.0020459100    0.0019185200
  -0.0221965700   -0.0016534000    0.0010290100
  -0.0006469600   -0.0008313300   -0.0041918100
   0.0016698700    0.0007798300    0.0052181800
   0.0005656200    0.0000536600   -0.0009413000
   0.0007804100   -0.0013299900    0.0028563100
  -0.0015000300    0.0039146700   -0.0027659100

16   
 -0.0099999993860163   0.0000034767508456   0.0000004380389732
  -0.0050728900    0.0001810300    0.0037378300
  -0.0010257700   -0.0021957600   -0.0024051800
  -0.0004977300    0.0001796800    0.0006964200
  -0.0017758400    0.0004359700    0.0017095600
  -0.0004793800   -0.0001809400   -0.0018887100
  -0.0076618800   -0.0005118900   -0.0015650800
  -0.0015512100   -0.0021604200    0.0005033100
  -0.0013556400   -0.0004382100   -0.0006211800
  -0.0122854000    0.0032405100   -0.0019888600
   0.0035753300   -0.0013161200    0.0020682900
   0.0031659000   -0.0012285400   -0.0016625300
   0.0003599100    0.0003461100   -0.0005664200
  -0.0072773700    0.0003566000   -0.0035848900
   0.0021541700   -0.0009726100    0.0005596300
  -0.0035726300    0.0019492600    0.0017638100
   0.0264137800    0.0002209700    0.0038873700
   0.0067343800   -0.0009381000   -0.0043510200
   0.0013743600    0.0006849100    0.0050557800
   0.0002724600   -0.0000414300   -0.0011051200
   0.0004838000   -0.0014257900    0.0026929200
  -0.0019783500    0.0038147600   -0.0029359300

16   
 -0.0050034343710570   0.0086582698998644   0.0000026145035161
  -0.0046943900    0.0005873300    0.0035689700
  -0.0009733600   -0.0022739900   -0.0024074500
  -0.0001986900    0.0005502700    0.0007127100
  -0.0015953900    0.0005980300    0.0017221800
  -0.0002970100   -0.0000157500   -0.0018751900
  -0.0035481200    0.0046953100   -0.0004961200
  -0.0013622600   -0.0019834200    0.0005158800
  -0.0011727100   -0.0002729800   -0.0006033500
  -0.0072951400    0.0139287700   -0.0023850300
   0.0037155100   -0.0012248800    0.0020868800
   0.0033577300   -0.0010478100   -0.0016488000
   0.0003542000    0.0001962700   -0.0005362200
  -0.0037579300    0.0064370500   -0.0031848000
   0.0022954600   -0.0008787200    0.0005719300
  -0.0033000600    0.0022731000    0.0017766100
   0.0125576300   -0.0211882000    0.0027212100
   0.0050123200   -0.0041076000   -0.0043291800
   0.0015501300    0.0008369200    0.0050758200
   0.0004474700    0.0001120100   -0.0010844000
   0.0006603800   -0.0012718600    0.0027129100
  -0.0017557700    0.0040501400   -0.0029145500

16   
  0.0050034343710570  -0.0086582698998644  -0.0000026145035161
  -0.0043998300   -0.0000531300    0.0035122700
  -0.0011233900   -0.0020769700   -0.0022878500
   0.0001027300   -0.0001222700    0.0007979100
  -0.0014941300    0.0003176500    0.0018242200
  -0.0001916100   -0.0003041600   -0.0017746100
   0.0027190400   -0.0043431900   -0.0009380000
  -0.0012449900   -0.0022929000    0.0006249000
  -0.0010684600   -0.0005624900   -0.0005107000
   0.0060201700   -0.0090872900   -0.0028788100
   0.0037390800   -0.0013677700    0.0021748300
   0.0034873800   -0.0013698200   -0.0015294800
   0.0001396700    0.0005028400   -0.0004025300
   0.0030413000   -0.0056561400   -0.0032779400
   0.0023235400   -0.0010288200    0.0006719700
  -0.0030144100    0.0016672900    0.0018808800
  -0.0116487100    0.0209754400    0.0021833700
   0.0012537100    0.0022912000   -0.0042459400
   0.0016429700    0.0005744800    0.0051705400
   0.0005388200   -0.0001529900   -0.0009890400
   0.0007531000   -0.0015367400    0.0028086400
  -0.0015759700    0.0036257800   -0.0028146200

16   
 -0.0000004073880431   0.0000027637068712   0.0099999996097980
  -0.0042889500    0.0006027400    0.0166719200
  -0.0009590400   -0.0021604000   -0.0051278500
   0.0000462300    0.0002869000   -0.0014837000
  -0.0014367700    0.0004916500   -0.0009137400
  -0.0001396700   -0.0001269000   -0.0044917000
  -0.0003984000    0.0004595900    0.0066436700
  -0.0011874400   -0.0020927900   -0.0006818200
  -0.0010098000   -0.0003802500   -0.0017834500
  -0.0002726100    0.0023630000    0.0069489400
   0.0038351100   -0.0012489600    0.0007123300
   0.0035166100   -0.0011648900   -0.0028832300
   0.0003235900    0.0004165600   -0.0003681600
   0.0000949100    0.0004851500    0.1141057800
   0.0024002200   -0.0008985000   -0.0033210000
  -0.0030609400    0.0020233400   -0.0021287300
  -0.0022651200   -0.0015043900   -0.1468571300
   0.0032502400   -0.0008657700    0.0009537500
   0.0016948500    0.0007562800    0.0100337900
   0.0006034300    0.0000246700    0.0038334100
   0.0008163800   -0.0013592800    0.0076444900
  -0.0015628200    0.0038922600    0.0024924100

16   
  0.0000004073880431  -0.0000027637068712  -0.0099999996097980
  -0.0048811500    0.0000127700   -0.0099753900
  -0.0010176000   -0.0021665700    0.0006196900
  -0.0000292400    0.0001667000    0.0031116300
  -0.0015350300    0.0004472000    0.0046509100
  -0.0002325700   -0.0001691500    0.0009605700
  -0.0007802000   -0.0001436800   -0.0074220400
  -0.0012929600   -0.0021659200    0.0020766000
  -0.0011285600   -0.0004256900    0.0007443100
  -0.0007038300    0.0030963500   -0.0121412800
   0.0037571300   -0.0013204200    0.0035191800
   0.0034425200   -0.0012320800   -0.0000361700
   0.0002745900    0.0003296200   -0.0004874000
  -0.0006818100    0.0003333800   -0.1167585400
   0.0023396500   -0.0009872900    0.0047219600
  -0.0031405900    0.0019428000    0.0059411200
   0.0013105100    0.0001942000    0.1451616500
   0.0031224300   -0.0009326100   -0.0092286300
   0.0016150000    0.0006799600    0.0003344800
   0.0005000100   -0.0000415400   -0.0057267600
   0.0007137900   -0.0014256100   -0.0020023400
  -0.0016520800    0.0038075600   -0.0080635600

17   
  0.0099999993860163  -0.0000034767508456  -0.0000004380389732
  -0.0043232100    0.0002263500    0.0035782100
  -0.0003736400   -0.0021832700   -0.0023179100
   0.0073418800    0.0004622200    0.0019100200
  -0.0010461700    0.0004283300    0.0018223500
   0.0002498400   -0.0001886900   -0.0017749500
   0.0001092600    0.0001260800   -0.0004039100
  -0.0008047600   -0.0021682700    0.0006214600
  -0.0006101400   -0.0004451800   -0.0005014600
  -0.0004004300    0.0026866900   -0.0025993600
   0.0042473500   -0.0013241900    0.0021873000
   0.0038423300   -0.0012349600   -0.0015457500
   0.0115628600    0.0007533600   -0.0003847800
   0.0063073400    0.0004220100   -0.0021434100
   0.0029883700   -0.0009814300    0.0006694500
  -0.0027396800    0.0019399700    0.0018738800
  -0.0051632300   -0.0010166100    0.0015131800
  -0.0243481700   -0.0005056900   -0.0067880600
   0.0021709700    0.0006791900    0.0052023000
   0.0009795800   -0.0000500400   -0.0009628900
   0.0011913400   -0.0014337900    0.0028355200
  -0.0011816700    0.0038079200   -0.0027912100

17   
 -0.0099999993860163   0.0000034767508456   0.0000004380389732
  -0.0041603800    0.0003767900    0.0035169600
  -0.0011160500   -0.0020891400   -0.0023557400
  -0.0062162600    0.0004459500    0.0003829400
  -0.0014301900    0.0005622700    0.0017950700
  -0.0001253100   -0.0000560100   -0.0018034600
  -0.0007270700    0.0002557100   -0.0004300500
  -0.0011911100   -0.0020330000    0.0005977800
  -0.0010176800   -0.0003149900   -0.0005355100
  -0.0000845500    0.0028320000   -0.0026642900
   0.0038201700   -0.0011928300    0.0021525200
   0.0036169300   -0.0011071100   -0.0015558000
  -0.0104713500   -0.0005553400   -0.0006096300
  -0.0065733300    0.0004286000   -0.0029097800
   0.0022413800   -0.0008513700    0.0006406800
  -0.0029620500    0.0020748900    0.0018498600
   0.0021566200   -0.0008935900    0.0014661000
   0.0226894300   -0.0014177100   -0.0036469900
   0.0016331300    0.0008078400    0.0051520900
   0.0006204700    0.0000841900   -0.0010047500
   0.0008352500   -0.0012996400    0.0027920000
  -0.0015380500    0.0039424900   -0.0028300100

17   
 -0.0050034343710570   0.0086582698998644   0.0000026145035161
  -0.0043756500    0.0000618900    0.0035213600
  -0.0010799300   -0.0018569900   -0.0021722000
  -0.0032057900    0.0052474000    0.0006585000
  -0.0015014700    0.0004820500    0.0017847300
  -0.0001983500   -0.0001395500   -0.0018132900
  -0.0006814800    0.0003841100   -0.0004423900
  -0.0012617900   -0.0021128100    0.0005889700
  -0.0010823300   -0.0003829500   -0.0005448700
  -0.0003188000    0.0024257800   -0.0026838500
   0.0037607700   -0.0012520200    0.0021406700
   0.0035084800   -0.0012494000   -0.0015609400
  -0.0044805200    0.0104706300   -0.0006843200
  -0.0034347500    0.0059106700   -0.0029276500
   0.0022634900   -0.0007702300    0.0006298400
  -0.0030742300    0.0019251700    0.0018385100
   0.0001552800   -0.0043235000    0.0014613300
   0.0137208300   -0.0180696100   -0.0038830400
   0.0016032300    0.0007996600    0.0051475400
   0.0005426200   -0.0000080300   -0.0010105000
   0.0007570600   -0.0013920300    0.0027878100
  -0.0016166600    0.0038497500   -0.0028362100

17   
  0.0050034343710570  -0.0086582698998644  -0.0000026145035161
  -0.0042989500    0.0002433200    0.0035606600
  -0.0005988800   -0.0027096300   -0.0025121600
   0.0034976100   -0.0057947800    0.0015871200
  -0.0011646300    0.0002124900    0.0018187600
   0.0001331500   -0.0004013200   -0.0017786100
  -0.0001257200   -0.0002983700   -0.0004053100
  -0.0009237700   -0.0023856600    0.0006211300
  -0.0007350700   -0.0006726900   -0.0005072700
  -0.0003487200    0.0028081900   -0.0025921900
   0.0041173600   -0.0015602600    0.0021834500
   0.0037602100   -0.0013894400   -0.0015477500
   0.0058718500   -0.0098490000   -0.0002450100
   0.0030416400   -0.0052558600   -0.0021338200
   0.0027785200   -0.0013555400    0.0006663300
  -0.0028172800    0.0017936800    0.0018713300
  -0.0033692100    0.0020904100    0.0015062400
  -0.0114845000    0.0224196200   -0.0063454400
   0.0020119800    0.0003925700    0.0051944100
   0.0008673000   -0.0002548000   -0.0009707000
   0.0010800200   -0.0016372700    0.0028274300
  -0.0012929300    0.0036043300   -0.0027986100

17   
 -0.0000004073880431   0.0000027637068712   0.0099999996097980
  -0.0042605200    0.0002697800    0.0005795100
  -0.0009788300   -0.0026483100    0.0113802400
   0.0002058600    0.0003121500    0.0077392400
  -0.0012773700    0.0004315000   -0.0009914100
   0.0000186400   -0.0001867700   -0.0046382800
  -0.0003413300    0.0001737100   -0.0027492200
  -0.0010194900   -0.0021605400   -0.0006862000
  -0.0008664000   -0.0004346100   -0.0019972400
  -0.0002336600    0.0026965900   -0.0026145900
   0.0039953600   -0.0013083300    0.0005279400
   0.0036821200   -0.0012223200   -0.0029349400
   0.0007773400    0.0001230200    0.0090095600
   0.0001268400    0.0005671100    0.1110910500
   0.0025650000   -0.0009616700   -0.0034568300
  -0.0029080700    0.0019652100   -0.0022234800
  -0.0015492300   -0.0010008000    0.0064466300
  -0.0001206000    0.0003141200   -0.1481227700
   0.0018544900    0.0006933500    0.0103829000
   0.0007619300   -0.0000346700    0.0037699000
   0.0009751000   -0.0014190700    0.0075093300
  -0.0014071900    0.0038305300    0.0019786700

17   
  0.0000004073880431  -0.0000027637068712  -0.0099999996097980
  -0.0044895100    0.0003119800    0.0062788200
  -0.0004970700   -0.0019374700   -0.0154252400
   0.0002073600    0.0000486500   -0.0063267000
  -0.0014625900    0.0005349000    0.0044423200
  -0.0001592400   -0.0000818400    0.0008213600
  -0.0005365000    0.0001838900    0.0017453500
  -0.0012273800   -0.0020712300    0.0017985000
  -0.0010420700   -0.0003440500    0.0006883800
  -0.0005014300    0.0028086900   -0.0028141500
   0.0038130100   -0.0012315900    0.0033844900
   0.0035183300   -0.0011456400   -0.0002864000
   0.0000362400    0.0006479700   -0.0100726600
  -0.0005585000    0.0002836000   -0.1197554900
   0.0024069700   -0.0008959900    0.0045630100
  -0.0030619200    0.0020280600    0.0057402800
  -0.0017465000   -0.0009393300   -0.0038021400
   0.0038303500   -0.0015752600    0.1450254300
   0.0016871600    0.0007711400   -0.0002278600
   0.0005732100    0.0000450900   -0.0059049500
   0.0007868000   -0.0013381400   -0.0021037700
  -0.0015767100    0.0038965700   -0.0077685700

18   
  0.0099999993860163  -0.0000034767508456  -0.0000004380389732
  -0.0044107800    0.0003591900    0.0035942300
   0.0074107900   -0.0025123100   -0.0026695900
   0.0001854500    0.0003407900    0.0009259300
  -0.0017053900    0.0005546500    0.0018561700
   0.0000706900   -0.0000756500   -0.0017385700
  -0.0004807700    0.0002478300   -0.0003726500
  -0.0011473400   -0.0020451600    0.0006575800
  -0.0012893000   -0.0003180200   -0.0004841100
  -0.0004031100    0.0028190800   -0.0026001900
   0.0038716200   -0.0012001400    0.0021998400
   0.0188087200   -0.0018907200   -0.0021011500
   0.0003126700    0.0004521300   -0.0003845000
  -0.0000631600    0.0004842600   -0.0028093800
   0.0089557600   -0.0008050900    0.0002615700
  -0.0030967200    0.0020654800    0.0019106800
  -0.0017037800   -0.0008980600    0.0015178700
   0.0033532700   -0.0008088600   -0.0042022900
  -0.0249339300    0.0005331200    0.0053159000
  -0.0030238200    0.0000740300   -0.0009377000
   0.0008332300   -0.0013082200    0.0028419600
  -0.0015440800    0.0039316600   -0.0027816000

18   
 -0.0099999993860163   0.0000034767508456   0.0000004380389732
  -0.0046293600    0.0003528200    0.0035421200
  -0.0093361600   -0.0015153300   -0.0020573500
  -0.0002301900    0.0002573400    0.0007007400
  -0.0013234900    0.0005470000    0.0018067500
  -0.0005003900   -0.0000604700   -0.0017970400
  -0.0006884500    0.0002419400   -0.0004243700
  -0.0014000300   -0.0020469500    0.0006064000
  -0.0008903000   -0.0003263900   -0.0005370100
  -0.0006387700    0.0028157700   -0.0026501100
   0.0036476400   -0.0012080600    0.0021550900
  -0.0115971600   -0.0005011700   -0.0008872800
   0.0002525900    0.0004352200   -0.0004205200
  -0.0006237600    0.0004698600   -0.0028677900
  -0.0042885600   -0.0010013300    0.0006266600
  -0.0031584700    0.0020596200    0.0018578200
  -0.0018935500   -0.0009023500    0.0014810700
   0.0029817000   -0.0008209000   -0.0042431300
   0.0313193300   -0.0015039500    0.0041108700
   0.0040868500    0.0000958000   -0.0009886500
   0.0006404300   -0.0013160300    0.0028053100
  -0.0017299000    0.0039275600   -0.0028195600

18   
 -0.0050034343710570   0.0086582698998644   0.0000026145035161
  -0.0046294100    0.0003980400    0.0035417000
  -0.0049663600    0.0047033800   -0.0020313600
  -0.0001404300    0.0004997800    0.0006537700
  -0.0014740500    0.0003282700    0.0018037000
  -0.0004200600    0.0001220300   -0.0017942000
  -0.0006913500    0.0002827300   -0.0004251800
  -0.0013923800   -0.0019911100    0.0006042000
  -0.0010488900   -0.0005518500   -0.0005306400
  -0.0006357900    0.0028660800   -0.0026527700
   0.0036471100   -0.0011580400    0.0021625600
  -0.0046802000    0.0127610600   -0.0010496900
   0.0002175400    0.0004206800   -0.0004194100
  -0.0005356500    0.0006716500   -0.0028689100
  -0.0009137700    0.0049235500    0.0006166900
  -0.0031984100    0.0020362600    0.0018576900
  -0.0019015900   -0.0008710200    0.0014784000
   0.0030223200   -0.0007028900   -0.0042486700
   0.0186190600   -0.0243265600    0.0043071400
   0.0022267800   -0.0030892900   -0.0009858400
   0.0006342900   -0.0012815600    0.0028028600
  -0.0017387700    0.0039588000   -0.0028220200

18   
  0.0050034343710570  -0.0086582698998644  -0.0000026145035161
  -0.0044523500    0.0002557100    0.0035951200
   0.0030949600   -0.0083233300   -0.0027820300
   0.0000687400    0.0000700200    0.0009811800
  -0.0015987700    0.0007103800    0.0018591300
  -0.0000506400   -0.0003149800   -0.0017411900
  -0.0005195200    0.0001485300   -0.0003719900
  -0.0011967000   -0.0021626800    0.0006581700
  -0.0011808500   -0.0001638200   -0.0004902600
  -0.0004489100    0.0027075700   -0.0026003500
   0.0038281400   -0.0013062900    0.0021972600
   0.0119046000   -0.0146592100   -0.0021627300
   0.0003071500    0.0004101200   -0.0003822500
  -0.0001933300    0.0002239600   -0.0028073900
   0.0056148800   -0.0066417600    0.0002527400
  -0.0030997000    0.0020290100    0.0019126300
  -0.0017373300   -0.0009875600    0.0015186000
   0.0032715400   -0.0009839400   -0.0041979400
  -0.0115953600    0.0234069500    0.0054421900
  -0.0012370900    0.0031409400   -0.0009434200
   0.0007971900   -0.0014019900    0.0028429900
  -0.0015766300    0.0038423700   -0.0027804700

18   
 -0.0000004073880431   0.0000027637068712   0.0099999996097980
  -0.0044341000    0.0003428100    0.0007955000
  -0.0008309200   -0.0024134200    0.0046556300
  -0.0001873100    0.0005561500    0.0126107900
  -0.0014446800    0.0005026200   -0.0011942400
  -0.0001510600   -0.0001144500   -0.0042888700
  -0.0005118300    0.0002413000   -0.0031128800
  -0.0011867100   -0.0020885700   -0.0006623900
  -0.0010268100   -0.0003637800   -0.0005544000
  -0.0004131800    0.0027595500   -0.0040534400
   0.0038324300   -0.0012382100    0.0005130000
   0.0035332200   -0.0014092800    0.0077673000
   0.0003164200    0.0004292400   -0.0019276300
  -0.0002923300    0.0004449400   -0.0069262200
   0.0025929200   -0.0010194700    0.1169802200
  -0.0030756400    0.0020357300   -0.0022208100
  -0.0017317300   -0.0009283500    0.0062220500
   0.0032410700   -0.0008495200    0.0009995300
   0.0019363500    0.0005346100   -0.1392244300
   0.0006023600    0.0000242400    0.0041042700
   0.0008072800   -0.0013480900    0.0075323600
  -0.0015757500    0.0039019600    0.0019846700

18   
  0.0000004073880431  -0.0000027637068712  -0.0099999996097980
  -0.0045087100    0.0002369600    0.0064480900
  -0.0010511300   -0.0017985900   -0.0090665700
   0.0001488100    0.0000117700   -0.0124569000
  -0.0014853900    0.0004614200    0.0050304800
  -0.0001816700   -0.0001551500    0.0008684000
  -0.0005562300    0.0001144900    0.0024953600
  -0.0012488600   -0.0021462200    0.0021702200
  -0.0010759300   -0.0004156000   -0.0003504000
  -0.0005044500    0.0027507100   -0.0010872200
   0.0037871600   -0.0013043200    0.0037791800
   0.0034717100   -0.0009509300   -0.0105543700
   0.0003157400    0.0003477100    0.0012469400
  -0.0002976300    0.0003755200    0.0013969200
   0.0021730400   -0.0008272100   -0.1120232300
  -0.0030846900    0.0019562400    0.0061361600
  -0.0017694000   -0.0010058400   -0.0031276100
   0.0031912400   -0.0009135200   -0.0092619200
   0.0029518100    0.0008781000    0.1432869200
   0.0005611900   -0.0000288400   -0.0057432700
   0.0007633700   -0.0014106300   -0.0017725500
  -0.0015999700    0.0038239300   -0.0074146100

19   
  0.0099999993860163  -0.0000034767508456  -0.0000004380389732
  -0.0042295400    0.0003524500    0.0035251400
  -0.0005329500   -0.0020761100   -0.0023240700
   0.0000182800    0.0003009900    0.0007598900
  -0.0007145700    0.0005267500    0.0018128600
   0.0088137700    0.0004704300   -0.0018235700
  -0.0002889700    0.0002413800   -0.0004421100
  -0.0010484000   -0.0020482900    0.0005814100
   0.0111442300   -0.0003086000   -0.0005551600
  -0.0002274500    0.0028131500   -0.0026664800
   0.0040575300   -0.0012045600    0.0021493300
   0.0034281400   -0.0011494500   -0.0015429000
   0.0006003500    0.0004393000   -0.0004391100
  -0.0001256000    0.0004723600   -0.0028836500
   0.0093725700   -0.0012290500    0.0010186900
  -0.0026579200    0.0020557300    0.0018414900
  -0.0015186700   -0.0009037800    0.0014710000
   0.0034490800   -0.0008176800   -0.0042507600
  -0.0017367100    0.0007907200    0.0051421700
  -0.0275587200   -0.0013340900   -0.0013388500
   0.0011097800   -0.0013194500    0.0027948700
  -0.0013542300    0.0039277700   -0.0028301800

19   
 -0.0099999993860163   0.0000034767508456   0.0000004380389732
  -0.0045837800    0.0004177500    0.0035236300
  -0.0012771300   -0.0020343400   -0.0023440700
   0.0001704700    0.0003701400    0.0007794000
  -0.0020853300    0.0006273700    0.0017587700
  -0.0092089700   -0.0002369400   -0.0016276100
  -0.0006536500    0.0003062700   -0.0004425100
  -0.0012692100   -0.0019902700    0.0005860600
  -0.0136646400   -0.0011642800   -0.0007032800
  -0.0005886500    0.0028760100   -0.0026695300
   0.0036808800   -0.0011406100    0.0021343500
   0.0037062400   -0.0010285000   -0.0015760800
   0.0001931600    0.0005084700   -0.0004505300
  -0.0003352900    0.0005402100   -0.0028809400
  -0.0044759400   -0.0005265600    0.0006660900
  -0.0033708700    0.0021236700    0.0018410500
  -0.0018518200   -0.0008388500    0.0014533300
   0.0031123400   -0.0007528600   -0.0042669000
   0.0052187200    0.0008833900    0.0051261300
   0.0283857600   -0.0016816100   -0.0008419000
   0.0005907000   -0.0012487000    0.0027817500
  -0.0016929600    0.0039902400   -0.0028472100

19   
 -0.0050034343710570   0.0086582698998644   0.0000026145035161
  -0.0046045600    0.0003580300    0.0035107600
  -0.0012082800   -0.0019016000   -0.0023482600
   0.0000202300    0.0000838000    0.0007714400
  -0.0018673600    0.0010102300    0.0017836700
  -0.0046016900    0.0077633100   -0.0015907400
  -0.0006721200    0.0002510000   -0.0004559900
  -0.0013212600   -0.0021034100    0.0005707700
  -0.0065378500    0.0115962300   -0.0006847500
  -0.0006079600    0.0028208500   -0.0026832100
   0.0036660900   -0.0011903000    0.0021234200
   0.0035036600   -0.0014006800   -0.0015880700
   0.0001846500    0.0004672900   -0.0004598100
  -0.0003936400    0.0004150200   -0.0028940200
  -0.0013590600    0.0049714900    0.0007305000
  -0.0033026700    0.0022203100    0.0018274800
  -0.0018779500   -0.0009067900    0.0014417400
   0.0030866900   -0.0008211000   -0.0042773000
   0.0033488000   -0.0023863600    0.0051108700
   0.0156525800   -0.0239321500   -0.0008000400
   0.0006088800   -0.0012392600    0.0027694800
  -0.0017171800    0.0039241000   -0.0028579500

19   
  0.0050034343710570  -0.0086582698998644  -0.0000026145035161
  -0.0043694500    0.0002500900    0.0035218000
  -0.0007615100   -0.0023685200   -0.0023369700
   0.0000065500    0.0004230700    0.0007516000
  -0.0010920200   -0.0000143900    0.0017765700
   0.0038924200   -0.0080191900   -0.0018592500
  -0.0004311800    0.0001348700   -0.0004457100
  -0.0011580900   -0.0020941200    0.0005795800
   0.0050617800   -0.0124703500   -0.0006665700
  -0.0003695500    0.0027089800   -0.0026734200
   0.0039113700   -0.0013196000    0.0021422100
   0.0034697500   -0.0009355500   -0.0015445400
   0.0004484900    0.0003141500   -0.0004412500
  -0.0002282800    0.0004350700   -0.0028872900
   0.0061772500   -0.0067509300    0.0009389700
  -0.0028847500    0.0018005900    0.0018381700
  -0.0016529200   -0.0009973900    0.0014652000
   0.0033136500   -0.0009117100   -0.0042553100
  -0.0000463600    0.0038652500    0.0051408700
  -0.0127279200    0.0236074300   -0.0010006100
   0.0009320500   -0.0014890400    0.0027904200
  -0.0014912900    0.0038312900   -0.0028344700

19   
 -0.0000004073880431   0.0000027637068712   0.0099999996097980
  -0.0044357700    0.0003877700    0.0009033400
  -0.0009777900   -0.0020994600   -0.0045097100
   0.0000305700    0.0003456600   -0.0021089700
  -0.0015051300    0.0004736600    0.0131004600
  -0.0000112600   -0.0002036400    0.0055085800
  -0.0005130800    0.0002859800   -0.0029972700
  -0.0011877500   -0.0020440200   -0.0005956300
  -0.0007657500   -0.0008728400    0.0093194800
  -0.0004148100    0.0028063100   -0.0039209100
   0.0038230000   -0.0011904700    0.0006323700
   0.0035098300   -0.0010993600   -0.0013896900
   0.0003201700    0.0004719100   -0.0017761100
  -0.0002962800    0.0004913100   -0.0067932900
   0.0024484100   -0.0008372400    0.1112283100
  -0.0030780700    0.0020809200   -0.0021200100
  -0.0017324400   -0.0008838300    0.0063009600
   0.0032367600   -0.0008023100    0.0006522500
   0.0016868700    0.0008173600    0.0102209400
   0.0006358300   -0.0007715800   -0.1418117300
   0.0008037300   -0.0013030700    0.0080724800
  -0.0015770600    0.0039469400    0.0020841400

19   
  0.0000004073880431  -0.0000027637068712  -0.0099999996097980
  -0.0043915500    0.0002623500    0.0059929100
  -0.0008427800   -0.0021313300   -0.0002240100
   0.0001409900    0.0002034600    0.0035050000
  -0.0012489600    0.0005566800   -0.0102052000
  -0.0002499400    0.0000323300   -0.0092636200
  -0.0004400000    0.0001396400    0.0020314300
  -0.0011357800   -0.0021196600    0.0017265200
  -0.0012637900    0.0000714900   -0.0105407000
  -0.0004009100    0.0027671600   -0.0014845100
   0.0039213900   -0.0012810800    0.0033956500
   0.0036123400   -0.0012019200   -0.0017074000
   0.0004476000    0.0003646400    0.0007503200
  -0.0001798800    0.0003986600    0.0009068200
   0.0024151800   -0.0009332800   -0.1127317500
  -0.0029690500    0.0019809900    0.0056814000
  -0.0016532700   -0.0009807100   -0.0034891600
   0.0033102300   -0.0008908000   -0.0092100100
   0.0017797500    0.0007136200   -0.0001374200
  -0.0002500500   -0.0004147600    0.1454026900
   0.0008822900   -0.0013861300   -0.0025856000
  -0.0014838300    0.0038486400   -0.0078133700

20   
  0.0099999993860163  -0.0000034767508456  -0.0000004380389732
  -0.0041432700    0.0001621900    0.0035349600
  -0.0008515600   -0.0022734600   -0.0023281100
   0.0001525300    0.0001156700    0.0007770400
   0.0074987800    0.0006310700    0.0016354300
   0.0004376800   -0.0002838000   -0.0017598500
  -0.0006705900    0.0000516600   -0.0004427300
   0.0125576100   -0.0008743400    0.0006657100
  -0.0009969900   -0.0005111600   -0.0005421200
  -0.0003308800    0.0026264600   -0.0026637700
   0.0035867800   -0.0013944800    0.0021424500
   0.0036332900   -0.0013067600   -0.0015571000
   0.0004560600    0.0002552200   -0.0004390000
  -0.0002511900    0.0002857700   -0.0028783000
   0.0026868900   -0.0010524600    0.0006381600
   0.0037893500    0.0016886000    0.0018482800
  -0.0016407000   -0.0010902800    0.0014672100
   0.0033238100   -0.0010045800   -0.0042522000
   0.0017849200    0.0006084700    0.0051565700
   0.0007716600   -0.0001208800   -0.0010080300
  -0.0266602400   -0.0002327700    0.0028218200
  -0.0051339600    0.0037198500   -0.0028164200

20   
 -0.0099999993860163   0.0000034767508456   0.0000004380389732
  -0.0046808100    0.0002836500    0.0035246400
  -0.0009694900   -0.0021610800   -0.0023299000
   0.0000250700    0.0002284400    0.0007760900
  -0.0102033700   -0.0000523800    0.0017914600
  -0.0006535200   -0.0001181200   -0.0018480700
  -0.0002831700    0.0001690800   -0.0004284700
  -0.0154490600   -0.0026314100    0.0006414900
  -0.0009720100   -0.0004023900   -0.0005381900
  -0.0004975700    0.0027379400   -0.0026706600
   0.0041416800   -0.0012754500    0.0021282100
   0.0034879300   -0.0011945800   -0.0015726800
   0.0003282600    0.0003659400   -0.0004425500
  -0.0002207000    0.0004006700   -0.0028763000
   0.0022080800   -0.0009358900    0.0006370300
  -0.0098206000    0.0022578700    0.0014276600
  -0.0017405200   -0.0009780700    0.0014513300
   0.0032268100   -0.0008916000   -0.0042714400
   0.0016837200    0.0007190300    0.0051385400
   0.0004896100   -0.0000022800   -0.0010220400
   0.0278251600   -0.0003697100    0.0033178500
   0.0020745200    0.0038503200   -0.0028339900

20   
 -0.0050034343710570   0.0086582698998644   0.0000026145035161
  -0.0045216800    0.0005748800    0.0035279700
  -0.0009266500   -0.0020355000   -0.0023205300
   0.0000703700    0.0003578400    0.0007855700
  -0.0054042200    0.0084662600    0.0018335200
  -0.0003902500    0.0004274500   -0.0017938400
  -0.0003680300    0.0000732500   -0.0004166600
  -0.0076377200    0.0099435000    0.0006518400
  -0.0009639100   -0.0003366200   -0.0005336600
  -0.0004417000    0.0028849300   -0.0026641800
   0.0040102700   -0.0014474400    0.0021412800
   0.0035377400   -0.0010543500   -0.0015614500
   0.0003734100    0.0004932700   -0.0004295000
  -0.0002158400    0.0004618800   -0.0028675000
   0.0023382900   -0.0006583200    0.0006465600
  -0.0066438600    0.0078675100    0.0014911000
  -0.0017017800   -0.0008608200    0.0014603600
   0.0032641700   -0.0007752800   -0.0042591800
   0.0017236800    0.0008388300    0.0051484500
   0.0005702800    0.0001903200   -0.0010111800
   0.0130394200   -0.0262232900    0.0029874000
   0.0002879900    0.0008117100   -0.0028163500

20   
  0.0050034343710570  -0.0086582698998644  -0.0000026145035161
  -0.0041792300    0.0001178200    0.0035653600
  -0.0007697600   -0.0021501800   -0.0023043300
   0.0002319000    0.0002351500    0.0008011300
   0.0029474200   -0.0073370200    0.0016247600
   0.0002992600   -0.0005836700   -0.0017880800
  -0.0004598200    0.0003987000   -0.0004211800
   0.0044953600   -0.0145208900    0.0006486800
  -0.0008814100   -0.0003318300   -0.0005164300
  -0.0002613400    0.0027303900   -0.0026378600
   0.0038402900   -0.0009789500    0.0021632600
   0.0037076800   -0.0011962700   -0.0015350400
   0.0005336300    0.0003730600   -0.0004159500
  -0.0001311200    0.0004740200   -0.0028536700
   0.0026790800   -0.0010849100    0.0006620700
   0.0006551200   -0.0038171400    0.0018176800
  -0.0015544900   -0.0009581300    0.0014904000
   0.0034107300   -0.0008723100   -0.0042297700
   0.0018700600    0.0007385300    0.0051792000
   0.0008144000   -0.0000665900   -0.0009844600
  -0.0140445000    0.0217892500    0.0025335200
  -0.0032032600    0.0070409700   -0.0027992700

20   
 -0.0000004073880431   0.0000027637068712   0.0099999996097980
  -0.0044450700    0.0003709700    0.0013911800
  -0.0009793700   -0.0021201700   -0.0048093200
   0.0000262900    0.0003227900   -0.0017405300
  -0.0012610700    0.0003546700    0.0092260600
  -0.0003142800   -0.0001785700    0.0105757400
  -0.0005206800    0.0002653900   -0.0031779200
  -0.0006485000   -0.0022360600    0.0105304800
  -0.0010280700   -0.0003446100   -0.0017055500
  -0.0004428700    0.0027768600   -0.0038679200
   0.0038202700   -0.0012102100    0.0022204300
   0.0035122600   -0.0011284400   -0.0028103900
   0.0003356000    0.0004343900   -0.0016491700
  -0.0003011100    0.0004707000   -0.0066900700
   0.0023838300   -0.0008624600   -0.0032336300
  -0.0030596000    0.0020744400    0.1154293800
  -0.0017370700   -0.0009044100    0.0064028300
   0.0032305400   -0.0008226100    0.0006689700
   0.0016776600    0.0007924100    0.0101104000
   0.0005842100    0.0000603900    0.0043360300
   0.0007477100   -0.0020361000   -0.1436416100
  -0.0015806900    0.0039206100    0.0024346000

20   
  0.0000004073880431  -0.0000027637068712  -0.0099999996097980
  -0.0044094100    0.0002525400    0.0057725700
  -0.0008683500   -0.0021370900    0.0003424800
   0.0001176700    0.0002002100    0.0034094800
  -0.0015567900    0.0006395700   -0.0054735100
   0.0000144100   -0.0000638100   -0.0135933900
  -0.0004604000    0.0001337800    0.0024810800
  -0.0017364200   -0.0019823600   -0.0091819600
  -0.0009824800   -0.0003927600    0.0007179000
  -0.0004030000    0.0027696800   -0.0013007600
   0.0038938600   -0.0012905000    0.0020310700
   0.0035827400   -0.0011953800   -0.0000831200
   0.0004006700    0.0003744100    0.0008591900
  -0.0002005300    0.0003936400    0.0010953200
   0.0024847800   -0.0009539000    0.0046686600
  -0.0029825000    0.0019429700   -0.1088889600
  -0.0016757800   -0.0009866400   -0.0034051700
   0.0032894700   -0.0008970900   -0.0090427900
   0.0017601700    0.0007135700    0.0002775000
   0.0006470200   -0.0000078900   -0.0062467500
   0.0005929400   -0.0013622400    0.1434224800
  -0.0015080700    0.0038492900   -0.0078613100

21   
  0.0099999993860163  -0.0000034767508456  -0.0000004380389732
   0.0035447600    0.0002985700    0.0031226800
  -0.0005878300   -0.0021810700   -0.0023952700
   0.0004065000    0.0002084400    0.0007116600
  -0.0009080600    0.0004413600    0.0017263500
  -0.0000820600   -0.0001641600   -0.0018775900
  -0.0000531300    0.0001918300   -0.0004322400
  -0.0011586800   -0.0021517500    0.0005329000
  -0.0006428900   -0.0004233200   -0.0005990500
  -0.0001596200    0.0027199000   -0.0027285700
   0.0159024600   -0.0017279800    0.0020958100
   0.0038839700   -0.0012124500   -0.0016167100
   0.0007160600    0.0003495100   -0.0005027200
   0.0002633300    0.0003839700   -0.0029402500
   0.0026934500   -0.0009599100    0.0005713900
   0.0037698200    0.0020604900    0.0017901000
  -0.0012893900   -0.0009947700    0.0014018500
   0.0035836500   -0.0009127000   -0.0043288400
   0.0020412100    0.0006997800    0.0050846700
   0.0009414200   -0.0000251700   -0.0010796200
  -0.0025105100   -0.0014334700    0.0027182100
  -0.0303544700    0.0048329000   -0.0012547500

21   
 -0.0099999993860163   0.0000034767508456   0.0000004380389732
  -0.0118907300    0.0006405100    0.0040461900
  -0.0010404300   -0.0021708200   -0.0024081500
  -0.0000359800    0.0002184100    0.0006971400
  -0.0017128500    0.0004736300    0.0017082700
   0.0000602800   -0.0001584900   -0.0018846300
  -0.0007025400    0.0001279900   -0.0005824200
  -0.0009792500   -0.0021357000    0.0005227700
  -0.0011348500   -0.0004103300   -0.0006215800
  -0.0004615700    0.0027328600   -0.0027354000
  -0.0088653600   -0.0010649600    0.0020707300
   0.0034317300   -0.0012056900   -0.0016380400
   0.0002444500    0.0003634800   -0.0005252600
  -0.0005427300    0.0003854700   -0.0029595000
   0.0023920800   -0.0009487200    0.0005587200
  -0.0096060800    0.0019606400    0.0022140200
  -0.0018993500   -0.0009896600    0.0013883600
   0.0031599800   -0.0009010700   -0.0043301900
   0.0016199300    0.0007112900    0.0050785300
   0.0005123400   -0.0000171300   -0.0010823800
   0.0043783900   -0.0014056100    0.0026969600
   0.0230725500    0.0037939100   -0.0022141400

21   
 -0.0050034343710570   0.0086582698998644   0.0000026145035161
  -0.0089513200    0.0074992500    0.0038715200
  -0.0009443500   -0.0019970600   -0.0024306200
   0.0000575700    0.0003868800    0.0006744100
  -0.0015373000    0.0007824800    0.0016877200
   0.0000108700   -0.0002417400   -0.0019117800
  -0.0005328400    0.0004344000   -0.0006203800
  -0.0010412700   -0.0022287100    0.0005044000
  -0.0010282700   -0.0002222300   -0.0006428500
  -0.0004032400    0.0028462200   -0.0027537800
  -0.0024959700    0.0104142100    0.0018702500
   0.0035277200   -0.0010325600   -0.0016535000
   0.0003443800    0.0005430600   -0.0005458300
  -0.0003539500    0.0007133900   -0.0029804900
   0.0024505800   -0.0008417300    0.0005344300
  -0.0062692400    0.0077693300    0.0022626100
  -0.0017618800   -0.0007463800    0.0013717500
   0.0032480300   -0.0007410700   -0.0043495400
   0.0017076600    0.0008704300    0.0050591600
   0.0006036600    0.0001462600   -0.0011016700
   0.0026478500   -0.0043929600    0.0026746000
   0.0107213300   -0.0199614600   -0.0015203900

21   
  0.0050034343710570  -0.0086582698998644  -0.0000026145035161
   0.0002981600   -0.0067110900    0.0030831000
  -0.0007197300   -0.0023505900   -0.0023910700
   0.0002768400    0.0000438900    0.0007139100
  -0.0011200500    0.0001361400    0.0017288400
  -0.0000660600   -0.0000730900   -0.0018698700
  -0.0002745000   -0.0001380700   -0.0004087400
  -0.0011261500   -0.0020414300    0.0005314400
  -0.0007838200   -0.0006077400   -0.0006039100
  -0.0002519500    0.0026128600   -0.0027298100
   0.0099993400   -0.0119375800    0.0022091400
   0.0037508800   -0.0013800600   -0.0016121200
   0.0005783000    0.0001745100   -0.0005074000
   0.0000386600    0.0000606500   -0.0029373600
   0.0026005500   -0.0010612700    0.0005763100
   0.0003189500   -0.0038668800    0.0017059700
  -0.0014634500   -0.0012351400    0.0013958100
   0.0034595100   -0.0010687800   -0.0043273100
   0.0019175000    0.0005443400    0.0050834000
   0.0008147100   -0.0001836200   -0.0010792100
  -0.0007826700    0.0016109600    0.0027169500
  -0.0174650300    0.0274719900   -0.0012780700

21   
 -0.0000004073880431   0.0000027637068712   0.0099999996097980
  -0.0041351200    0.0003090100    0.0102103100
  -0.0009646300   -0.0021855700   -0.0052388000
   0.0000405500    0.0002580500   -0.0021797100
  -0.0014402200    0.0004628800   -0.0009128700
  -0.0001424900   -0.0001549400   -0.0050278000
  -0.0005995700    0.0003253000    0.0130937800
  -0.0011902700   -0.0021268500    0.0004425400
  -0.0010168700   -0.0004074400   -0.0021136200
  -0.0004198100    0.0027127300   -0.0043122000
   0.0035958400   -0.0013096900    0.0107588100
   0.0035104900   -0.0011920800   -0.0032301100
   0.0003392900    0.0003758100   -0.0020974600
  -0.0002847600    0.0004060400   -0.0071541600
   0.0023967800   -0.0009263600   -0.0036613700
  -0.0028174400    0.0019536800    0.1143548600
  -0.0017208700   -0.0009700100    0.0064739700
   0.0032447100   -0.0008875300    0.0003201000
   0.0016921400    0.0007275100    0.0097292600
   0.0006010900   -0.0000043000    0.0035402400
   0.0008044600   -0.0013788600    0.0075235500
  -0.0014933000    0.0040126100   -0.1405193200

21   
  0.0000004073880431  -0.0000027637068712  -0.0099999996097980
  -0.0047124200    0.0003141200   -0.0034579200
  -0.0009107800   -0.0021162800    0.0003381600
   0.0000751800    0.0002210100    0.0034103300
  -0.0014308300    0.0005010000    0.0042375500
  -0.0001309800   -0.0001153900    0.0011005800
  -0.0002920700   -0.0000444100   -0.0125280900
  -0.0011845500   -0.0021117000    0.0005677300
  -0.0010244300   -0.0003730200    0.0006697900
  -0.0004450900    0.0027912100   -0.0012611500
   0.0040774100   -0.0012160700   -0.0069751500
   0.0035464900   -0.0011806600   -0.0000958900
   0.0003534700    0.0003978700    0.0008733200
  -0.0002455900    0.0004138400    0.0011132900
   0.0024418700   -0.0009330600    0.0046531900
  -0.0032778100    0.0020422000   -0.1143182100
  -0.0017198100   -0.0009649400   -0.0038493000
   0.0032476200   -0.0008765800   -0.0090646200
   0.0017180700    0.0007340700    0.0002777400
   0.0006022800    0.0000126800   -0.0058057200
   0.0008125100   -0.0013754300   -0.0023913300
  -0.0015005300    0.0038795500    0.1425057000
