#K-Path(1/A)         Spin-Up(eV)   Spin-down(eV)
# NKPTS & NBANDS:  94  64
# Band-Index    1
   0.00000    -45.751441    -45.751444
   0.05760    -45.751438    -45.751441
   0.11519    -45.751442    -45.751446
   0.17279    -45.751438    -45.751441
   0.23038    -45.751438    -45.751441
   0.28798    -45.751435    -45.751438
   0.34557    -45.751424    -45.751427
   0.40317    -45.751424    -45.751427
   0.46076    -45.751418    -45.751421
   0.51836    -45.751424    -45.751427
   0.57595    -45.751421    -45.751424
   0.63355    -45.751425    -45.751429
   0.69114    -45.751427    -45.751430
   0.69114    -45.751418    -45.751421
   0.74878    -45.751430    -45.751433
   0.80641    -45.751430    -45.751433
   0.86405    -45.751436    -45.751439
   0.92169    -45.751441    -45.751444
   0.92169    -45.751441    -45.751444
   0.97915    -45.751435    -45.751438
   1.03662    -45.751441    -45.751444
   1.09408    -45.751435    -45.751438
   1.15155    -45.751430    -45.751433
   1.20901    -45.751435    -45.751438
   1.26648    -45.751427    -45.751430
   1.32394    -45.751427    -45.751430
   1.38141    -45.751433    -45.751436
   1.43887    -45.751435    -45.751438
   1.49634    -45.751438    -45.751441
   1.55381    -45.751435    -45.751438
   1.55381    -45.751373    -45.751376
   1.60672    -45.751382    -45.751385
   1.65963    -45.751388    -45.751391
   1.71254    -45.751393    -45.751396
   1.76545    -45.751397    -45.751401
   1.81836    -45.751402    -45.751404
   1.87128    -45.751407    -45.751410
   1.92419    -45.751410    -45.751413
   1.97710    -45.751407    -45.751410
   2.03001    -45.751413    -45.751416
   2.08292    -45.751413    -45.751416
   2.13583    -45.751416    -45.751418
   2.18875    -45.751427    -45.751430
   2.24166    -45.751432    -45.751435
   2.29457    -45.751430    -45.751432
   2.34748    -45.751430    -45.751432
   2.40039    -45.751438    -45.751441
   2.45330    -45.751432    -45.751435
   2.50622    -45.751441    -45.751444
   2.50622    -45.751441    -45.751444
   2.56085    -45.751438    -45.751441
   2.61548    -45.751441    -45.751444
   2.67011    -45.751439    -45.751442
   2.72474    -45.751435    -45.751438
   2.77937    -45.751418    -45.751421
   2.83400    -45.751416    -45.751418
   2.88863    -45.751418    -45.751421
   2.94326    -45.751421    -45.751424
   2.99790    -45.751432    -45.751435
   3.05253    -45.751435    -45.751438
   3.10716    -45.751421    -45.751424
   3.16179    -45.751402    -45.751404
   3.16179    -45.751379    -45.751382
   3.21686    -45.751388    -45.751391
   3.27192    -45.751397    -45.751401
   3.32699    -45.751404    -45.751407
   3.38206    -45.751410    -45.751413
   3.43712    -45.751408    -45.751411
   3.49219    -45.751407    -45.751410
   3.54726    -45.751407    -45.751410
   3.60232    -45.751413    -45.751416
   3.65739    -45.751415    -45.751418
   3.71246    -45.751418    -45.751421
   3.76752    -45.751421    -45.751424
   3.82259    -45.751425    -45.751429
   3.87766    -45.751430    -45.751433
   3.93273    -45.751432    -45.751435
   3.98779    -45.751435    -45.751438
   4.04286    -45.751435    -45.751438
   4.09793    -45.751441    -45.751444
   4.09793    -45.751441    -45.751444
   4.15394    -45.751439    -45.751442
   4.20996    -45.751441    -45.751444
   4.26598    -45.751439    -45.751442
   4.32199    -45.751430    -45.751433
   4.37801    -45.751429    -45.751432
   4.43402    -45.751424    -45.751427
   4.49004    -45.751421    -45.751424
   4.54606    -45.751416    -45.751419
   4.60207    -45.751413    -45.751416
   4.65809    -45.751404    -45.751407
   4.71411    -45.751396    -45.751399
   4.77012    -45.751394    -45.751397
   4.82614    -45.751397    -45.751401
 
# Band-Index    2
   4.82614    -45.751064    -45.751067
   4.77012    -45.751061    -45.751064
   4.71411    -45.751064    -45.751067
   4.65809    -45.751070    -45.751075
   4.60207    -45.751081    -45.751084
   4.54606    -45.751084    -45.751087
   4.49004    -45.751089    -45.751092
   4.43402    -45.751090    -45.751095
   4.37801    -45.751095    -45.751100
   4.32199    -45.751097    -45.751100
   4.26598    -45.751104    -45.751109
   4.20996    -45.751104    -45.751107
   4.15394    -45.751100    -45.751104
   4.09793    -45.751101    -45.751106
   4.09793    -45.751101    -45.751106
   4.04286    -45.751097    -45.751100
   3.98779    -45.751100    -45.751103
   3.93273    -45.751098    -45.751101
   3.87766    -45.751097    -45.751100
   3.82259    -45.751092    -45.751095
   3.76752    -45.751087    -45.751092
   3.71246    -45.751084    -45.751087
   3.65739    -45.751081    -45.751084
   3.60232    -45.751079    -45.751084
   3.54726    -45.751073    -45.751078
   3.49219    -45.751075    -45.751078
   3.43712    -45.751075    -45.751078
   3.38206    -45.751075    -45.751079
   3.32699    -45.751072    -45.751075
   3.27192    -45.751064    -45.751067
   3.21686    -45.751055    -45.751058
   3.16179    -45.751045    -45.751050
   3.16179    -45.751067    -45.751072
   3.10716    -45.751086    -45.751089
   3.05253    -45.751100    -45.751104
   2.99790    -45.751100    -45.751103
   2.94326    -45.751086    -45.751089
   2.88863    -45.751084    -45.751087
   2.83400    -45.751081    -45.751086
   2.77937    -45.751086    -45.751089
   2.72474    -45.751101    -45.751104
   2.67011    -45.751106    -45.751111
   2.61548    -45.751106    -45.751109
   2.56085    -45.751103    -45.751107
   2.50622    -45.751101    -45.751106
   2.50622    -45.751101    -45.751106
   2.45330    -45.751095    -45.751100
   2.40039    -45.751103    -45.751107
   2.34748    -45.751095    -45.751100
   2.29457    -45.751097    -45.751100
   2.24166    -45.751098    -45.751103
   2.18875    -45.751092    -45.751097
   2.13583    -45.751083    -45.751086
   2.08292    -45.751081    -45.751084
   2.03001    -45.751081    -45.751084
   1.97710    -45.751073    -45.751078
   1.92419    -45.751076    -45.751081
   1.87128    -45.751072    -45.751076
   1.81836    -45.751067    -45.751072
   1.76545    -45.751064    -45.751067
   1.71254    -45.751061    -45.751064
   1.65963    -45.751055    -45.751059
   1.60672    -45.751048    -45.751053
   1.55381    -45.751041    -45.751044
   1.55381    -45.751101    -45.751104
   1.49634    -45.751103    -45.751106
   1.43887    -45.751100    -45.751103
   1.38141    -45.751100    -45.751103
   1.32394    -45.751093    -45.751098
   1.26648    -45.751093    -45.751097
   1.20901    -45.751103    -45.751106
   1.15155    -45.751097    -45.751100
   1.09408    -45.751101    -45.751106
   1.03662    -45.751106    -45.751109
   0.97915    -45.751098    -45.751103
   0.92169    -45.751101    -45.751106
   0.92169    -45.751101    -45.751106
   0.86405    -45.751100    -45.751103
   0.80641    -45.751095    -45.751100
   0.74878    -45.751097    -45.751100
   0.69114    -45.751084    -45.751087
   0.69114    -45.751093    -45.751098
   0.63355    -45.751092    -45.751097
   0.57595    -45.751087    -45.751092
   0.51836    -45.751089    -45.751093
   0.46076    -45.751086    -45.751089
   0.40317    -45.751090    -45.751095
   0.34557    -45.751090    -45.751093
   0.28798    -45.751100    -45.751104
   0.23038    -45.751103    -45.751107
   0.17279    -45.751103    -45.751107
   0.11519    -45.751104    -45.751109
   0.05760    -45.751100    -45.751103
   0.00000    -45.751101    -45.751106
 
# Band-Index    3
   0.00000    -45.659500    -45.659501
   0.05760    -45.659503    -45.659506
   0.11519    -45.659504    -45.659506
   0.17279    -45.659506    -45.659507
   0.23038    -45.659506    -45.659507
   0.28798    -45.659512    -45.659514
   0.34557    -45.659520    -45.659523
   0.40317    -45.659526    -45.659528
   0.46076    -45.659523    -45.659526
   0.51836    -45.659535    -45.659537
   0.57595    -45.659543    -45.659545
   0.63355    -45.659537    -45.659540
   0.69114    -45.659534    -45.659537
   0.69114    -45.659472    -45.659475
   0.74878    -45.659472    -45.659475
   0.80641    -45.659484    -45.659486
   0.86405    -45.659492    -45.659495
   0.92169    -45.659500    -45.659501
   0.92169    -45.659500    -45.659501
   0.97915    -45.659498    -45.659500
   1.03662    -45.659509    -45.659512
   1.09408    -45.659492    -45.659493
   1.15155    -45.659487    -45.659490
   1.20901    -45.659486    -45.659487
   1.26648    -45.659476    -45.659479
   1.32394    -45.659478    -45.659481
   1.38141    -45.659486    -45.659487
   1.43887    -45.659492    -45.659495
   1.49634    -45.659489    -45.659492
   1.55381    -45.659484    -45.659486
   1.55381    -45.659489    -45.659492
   1.60672    -45.659489    -45.659492
   1.65963    -45.659495    -45.659498
   1.71254    -45.659501    -45.659503
   1.76545    -45.659504    -45.659506
   1.81836    -45.659510    -45.659512
   1.87128    -45.659509    -45.659512
   1.92419    -45.659503    -45.659506
   1.97710    -45.659498    -45.659500
   2.03001    -45.659495    -45.659496
   2.08292    -45.659496    -45.659500
   2.13583    -45.659493    -45.659495
   2.18875    -45.659495    -45.659496
   2.24166    -45.659495    -45.659496
   2.29457    -45.659500    -45.659501
   2.34748    -45.659498    -45.659501
   2.40039    -45.659498    -45.659501
   2.45330    -45.659501    -45.659503
   2.50622    -45.659500    -45.659501
   2.50622    -45.659500    -45.659501
   2.56085    -45.659500    -45.659501
   2.61548    -45.659504    -45.659506
   2.67011    -45.659509    -45.659510
   2.72474    -45.659501    -45.659504
   2.77937    -45.659489    -45.659492
   2.83400    -45.659484    -45.659486
   2.88863    -45.659483    -45.659486
   2.94326    -45.659479    -45.659483
   2.99790    -45.659475    -45.659478
   3.05253    -45.659472    -45.659473
   3.10716    -45.659467    -45.659469
   3.16179    -45.659461    -45.659464
   3.16179    -45.659506    -45.659509
   3.21686    -45.659509    -45.659512
   3.27192    -45.659507    -45.659510
   3.32699    -45.659501    -45.659503
   3.38206    -45.659507    -45.659509
   3.43712    -45.659507    -45.659509
   3.49219    -45.659517    -45.659518
   3.54726    -45.659504    -45.659506
   3.60232    -45.659503    -45.659504
   3.65739    -45.659500    -45.659501
   3.71246    -45.659495    -45.659496
   3.76752    -45.659495    -45.659496
   3.82259    -45.659498    -45.659501
   3.87766    -45.659503    -45.659504
   3.93273    -45.659501    -45.659503
   3.98779    -45.659495    -45.659498
   4.04286    -45.659492    -45.659495
   4.09793    -45.659500    -45.659501
   4.09793    -45.659500    -45.659501
   4.15394    -45.659503    -45.659506
   4.20996    -45.659501    -45.659503
   4.26598    -45.659498    -45.659501
   4.32199    -45.659503    -45.659506
   4.37801    -45.659512    -45.659514
   4.43402    -45.659510    -45.659512
   4.49004    -45.659517    -45.659518
   4.54606    -45.659520    -45.659521
   4.60207    -45.659517    -45.659520
   4.65809    -45.659515    -45.659518
   4.71411    -45.659517    -45.659518
   4.77012    -45.659512    -45.659515
   4.82614    -45.659512    -45.659515
 
# Band-Index    4
   4.82614    -45.659095    -45.659098
   4.77012    -45.659095    -45.659098
   4.71411    -45.659099    -45.659101
   4.65809    -45.659098    -45.659101
   4.60207    -45.659098    -45.659101
   4.54606    -45.659101    -45.659102
   4.49004    -45.659098    -45.659101
   4.43402    -45.659093    -45.659095
   4.37801    -45.659093    -45.659095
   4.32199    -45.659087    -45.659089
   4.26598    -45.659081    -45.659084
   4.20996    -45.659084    -45.659087
   4.15394    -45.659087    -45.659087
   4.09793    -45.659082    -45.659084
   4.09793    -45.659082    -45.659084
   4.04286    -45.659076    -45.659078
   3.98779    -45.659079    -45.659081
   3.93273    -45.659084    -45.659085
   3.87766    -45.659085    -45.659087
   3.82259    -45.659081    -45.659084
   3.76752    -45.659078    -45.659079
   3.71246    -45.659076    -45.659078
   3.65739    -45.659082    -45.659084
   3.60232    -45.659084    -45.659087
   3.54726    -45.659087    -45.659089
   3.49219    -45.659098    -45.659101
   3.43712    -45.659090    -45.659092
   3.38206    -45.659090    -45.659092
   3.32699    -45.659084    -45.659085
   3.27192    -45.659090    -45.659092
   3.21686    -45.659092    -45.659095
   3.16179    -45.659090    -45.659092
   3.16179    -45.659045    -45.659047
   3.10716    -45.659050    -45.659051
   3.05253    -45.659054    -45.659056
   2.99790    -45.659059    -45.659061
   2.94326    -45.659062    -45.659064
   2.88863    -45.659065    -45.659067
   2.83400    -45.659067    -45.659068
   2.77937    -45.659073    -45.659075
   2.72474    -45.659084    -45.659087
   2.67011    -45.659092    -45.659093
   2.61548    -45.659087    -45.659090
   2.56085    -45.659082    -45.659084
   2.50622    -45.659082    -45.659084
   2.50622    -45.659082    -45.659084
   2.45330    -45.659084    -45.659087
   2.40039    -45.659081    -45.659082
   2.34748    -45.659081    -45.659084
   2.29457    -45.659082    -45.659084
   2.24166    -45.659078    -45.659079
   2.18875    -45.659078    -45.659079
   2.13583    -45.659076    -45.659078
   2.08292    -45.659081    -45.659081
   2.03001    -45.659078    -45.659079
   1.97710    -45.659081    -45.659082
   1.92419    -45.659087    -45.659087
   1.87128    -45.659092    -45.659093
   1.81836    -45.659093    -45.659095
   1.76545    -45.659087    -45.659090
   1.71254    -45.659084    -45.659087
   1.65963    -45.659078    -45.659079
   1.60672    -45.659073    -45.659075
   1.55381    -45.659073    -45.659075
   1.55381    -45.659067    -45.659068
   1.49634    -45.659073    -45.659073
   1.43887    -45.659075    -45.659076
   1.38141    -45.659068    -45.659070
   1.32394    -45.659061    -45.659064
   1.26648    -45.659059    -45.659061
   1.20901    -45.659067    -45.659070
   1.15155    -45.659070    -45.659073
   1.09408    -45.659073    -45.659076
   1.03662    -45.659092    -45.659095
   0.97915    -45.659081    -45.659082
   0.92169    -45.659082    -45.659084
   0.92169    -45.659082    -45.659084
   0.86405    -45.659076    -45.659078
   0.80641    -45.659067    -45.659068
   0.74878    -45.659056    -45.659058
   0.69114    -45.659054    -45.659056
   0.69114    -45.659118    -45.659120
   0.63355    -45.659121    -45.659121
   0.57595    -45.659126    -45.659127
   0.51836    -45.659118    -45.659120
   0.46076    -45.659107    -45.659109
   0.40317    -45.659107    -45.659109
   0.34557    -45.659104    -45.659106
   0.28798    -45.659095    -45.659096
   0.23038    -45.659089    -45.659090
   0.17279    -45.659089    -45.659090
   0.11519    -45.659087    -45.659090
   0.05760    -45.659087    -45.659089
   0.00000    -45.659082    -45.659084
 
# Band-Index    5
   0.00000    -45.643854    -45.643856
   0.05760    -45.643876    -45.643878
   0.11519    -45.643895    -45.643898
   0.17279    -45.643909    -45.643912
   0.23038    -45.643943    -45.643944
   0.28798    -45.643985    -45.643988
   0.34557    -45.644011    -45.644013
   0.40317    -45.644050    -45.644053
   0.46076    -45.644087    -45.644089
   0.51836    -45.644115    -45.644118
   0.57595    -45.644148    -45.644149
   0.63355    -45.644143    -45.644144
   0.69114    -45.644143    -45.644144
   0.69114    -45.643850    -45.643853
   0.74878    -45.643853    -45.643854
   0.80641    -45.643853    -45.643854
   0.86405    -45.643861    -45.643864
   0.92169    -45.643854    -45.643856
   0.92169    -45.643854    -45.643856
   0.97915    -45.643868    -45.643870
   1.03662    -45.643868    -45.643870
   1.09408    -45.643861    -45.643864
   1.15155    -45.643864    -45.643865
   1.20901    -45.643856    -45.643858
   1.26648    -45.643853    -45.643856
   1.32394    -45.643856    -45.643858
   1.38141    -45.643853    -45.643856
   1.43887    -45.643848    -45.643850
   1.49634    -45.643842    -45.643844
   1.55381    -45.643845    -45.643847
   1.55381    -45.644098    -45.644101
   1.60672    -45.644098    -45.644101
   1.65963    -45.644101    -45.644103
   1.71254    -45.644112    -45.644113
   1.76545    -45.644107    -45.644109
   1.81836    -45.644095    -45.644098
   1.87128    -45.644076    -45.644079
   1.92419    -45.644044    -45.644047
   1.97710    -45.644019    -45.644022
   2.03001    -45.644000    -45.644002
   2.08292    -45.643977    -45.643980
   2.13583    -45.643952    -45.643954
   2.18875    -45.643930    -45.643932
   2.24166    -45.643910    -45.643912
   2.29457    -45.643901    -45.643903
   2.34748    -45.643879    -45.643882
   2.40039    -45.643876    -45.643878
   2.45330    -45.643870    -45.643873
   2.50622    -45.643854    -45.643856
   2.50622    -45.643854    -45.643856
   2.56085    -45.643870    -45.643873
   2.61548    -45.643868    -45.643870
   2.67011    -45.643870    -45.643873
   2.72474    -45.643859    -45.643861
   2.77937    -45.643851    -45.643853
   2.83400    -45.643850    -45.643853
   2.88863    -45.643848    -45.643850
   2.94326    -45.643847    -45.643848
   2.99790    -45.643845    -45.643847
   3.05253    -45.643847    -45.643850
   3.10716    -45.643836    -45.643839
   3.16179    -45.643828    -45.643831
   3.16179    -45.644103    -45.644106
   3.21686    -45.644112    -45.644113
   3.27192    -45.644109    -45.644110
   3.32699    -45.644110    -45.644112
   3.38206    -45.644101    -45.644103
   3.43712    -45.644082    -45.644084
   3.49219    -45.644067    -45.644068
   3.54726    -45.644036    -45.644037
   3.60232    -45.644008    -45.644011
   3.65739    -45.643991    -45.643994
   3.71246    -45.643961    -45.643965
   3.76752    -45.643941    -45.643943
   3.82259    -45.643918    -45.643921
   3.87766    -45.643906    -45.643907
   3.93273    -45.643887    -45.643889
   3.98779    -45.643875    -45.643878
   4.04286    -45.643871    -45.643873
   4.09793    -45.643854    -45.643856
   4.09793    -45.643854    -45.643856
   4.15394    -45.643876    -45.643878
   4.20996    -45.643887    -45.643890
   4.26598    -45.643909    -45.643910
   4.32199    -45.643935    -45.643937
   4.37801    -45.643966    -45.643968
   4.43402    -45.643999    -45.644000
   4.49004    -45.644030    -45.644031
   4.54606    -45.644064    -45.644067
   4.60207    -45.644095    -45.644096
   4.65809    -45.644117    -45.644120
   4.71411    -45.644126    -45.644129
   4.77012    -45.644132    -45.644134
   4.82614    -45.644146    -45.644149
 
# Band-Index    6
   4.82614    -45.643830    -45.643830
   4.77012    -45.643814    -45.643816
   4.71411    -45.643809    -45.643811
   4.65809    -45.643800    -45.643802
   4.60207    -45.643777    -45.643780
   4.54606    -45.643747    -45.643749
   4.49004    -45.643712    -45.643713
   4.43402    -45.643681    -45.643682
   4.37801    -45.643648    -45.643650
   4.32199    -45.643617    -45.643619
   4.26598    -45.643591    -45.643594
   4.20996    -45.643569    -45.643572
   4.15394    -45.643558    -45.643560
   4.09793    -45.643536    -45.643538
   4.09793    -45.643536    -45.643538
   4.04286    -45.643554    -45.643555
   3.98779    -45.643557    -45.643558
   3.93273    -45.643569    -45.643571
   3.87766    -45.643588    -45.643591
   3.82259    -45.643600    -45.643603
   3.76752    -45.643625    -45.643626
   3.71246    -45.643645    -45.643647
   3.65739    -45.643673    -45.643676
   3.60232    -45.643692    -45.643693
   3.54726    -45.643718    -45.643721
   3.49219    -45.643749    -45.643752
   3.43712    -45.643766    -45.643768
   3.38206    -45.643785    -45.643785
   3.32699    -45.643794    -45.643794
   3.27192    -45.643791    -45.643792
   3.21686    -45.643794    -45.643795
   3.16179    -45.643786    -45.643788
   3.16179    -45.643512    -45.643513
   3.10716    -45.643519    -45.643521
   3.05253    -45.643530    -45.643532
   2.99790    -45.643527    -45.643529
   2.94326    -45.643529    -45.643530
   2.88863    -45.643530    -45.643532
   2.83400    -45.643533    -45.643535
   2.77937    -45.643535    -45.643535
   2.72474    -45.643541    -45.643543
   2.67011    -45.643552    -45.643555
   2.61548    -45.643550    -45.643552
   2.56085    -45.643552    -45.643555
   2.50622    -45.643536    -45.643538
   2.50622    -45.643536    -45.643538
   2.45330    -45.643554    -45.643555
   2.40039    -45.643558    -45.643560
   2.34748    -45.643563    -45.643564
   2.29457    -45.643583    -45.643586
   2.24166    -45.643594    -45.643595
   2.18875    -45.643614    -45.643616
   2.13583    -45.643636    -45.643636
   2.08292    -45.643661    -45.643662
   2.03001    -45.643684    -45.643684
   1.97710    -45.643702    -45.643704
   1.92419    -45.643727    -45.643729
   1.87128    -45.643760    -45.643760
   1.81836    -45.643777    -45.643780
   1.76545    -45.643791    -45.643792
   1.71254    -45.643794    -45.643795
   1.65963    -45.643783    -45.643785
   1.60672    -45.643782    -45.643783
   1.55381    -45.643780    -45.643783
   1.55381    -45.643527    -45.643529
   1.49634    -45.643524    -45.643526
   1.43887    -45.643530    -45.643532
   1.38141    -45.643535    -45.643536
   1.32394    -45.643538    -45.643538
   1.26648    -45.643535    -45.643538
   1.20901    -45.643538    -45.643541
   1.15155    -45.643546    -45.643547
   1.09408    -45.643543    -45.643546
   1.03662    -45.643549    -45.643552
   0.97915    -45.643552    -45.643552
   0.92169    -45.643536    -45.643538
   0.92169    -45.643536    -45.643538
   0.86405    -45.643543    -45.643546
   0.80641    -45.643535    -45.643536
   0.74878    -45.643535    -45.643536
   0.69114    -45.643532    -45.643535
   0.69114    -45.643825    -45.643827
   0.63355    -45.643825    -45.643828
   0.57595    -45.643830    -45.643831
   0.51836    -45.643797    -45.643800
   0.46076    -45.643771    -45.643771
   0.40317    -45.643732    -45.643735
   0.34557    -45.643693    -45.643695
   0.28798    -45.643667    -45.643670
   0.23038    -45.643625    -45.643626
   0.17279    -45.643591    -45.643594
   0.11519    -45.643577    -45.643580
   0.05760    -45.643558    -45.643560
   0.00000    -45.643536    -45.643538
 
# Band-Index    7
   0.00000    -27.020048    -27.020048
   0.05760    -27.020034    -27.020035
   0.11519    -27.019994    -27.019996
   0.17279    -27.019931    -27.019932
   0.23038    -27.019849    -27.019851
   0.28798    -27.019755    -27.019758
   0.34557    -27.019658    -27.019659
   0.40317    -27.019561    -27.019562
   0.46076    -27.019474    -27.019475
   0.51836    -27.019402    -27.019402
   0.57595    -27.019347    -27.019348
   0.63355    -27.019313    -27.019315
   0.69114    -27.019302    -27.019303
   0.69114    -27.020038    -27.020038
   0.74878    -27.020038    -27.020039
   0.80641    -27.020041    -27.020043
   0.86405    -27.020045    -27.020046
   0.92169    -27.020048    -27.020048
   0.92169    -27.020048    -27.020048
   0.97915    -27.020060    -27.020062
   1.03662    -27.020101    -27.020104
   1.09408    -27.020163    -27.020166
   1.15155    -27.020245    -27.020246
   1.20901    -27.020343    -27.020345
   1.26648    -27.020442    -27.020444
   1.32394    -27.020535    -27.020536
   1.38141    -27.020619    -27.020622
   1.43887    -27.020688    -27.020689
   1.49634    -27.020732    -27.020733
   1.55381    -27.020747    -27.020748
   1.55381    -27.020561    -27.020563
   1.60672    -27.020550    -27.020553
   1.65963    -27.020522    -27.020525
   1.71254    -27.020478    -27.020480
   1.76545    -27.020422    -27.020425
   1.81836    -27.020359    -27.020361
   1.87128    -27.020294    -27.020294
   1.92419    -27.020228    -27.020231
   1.97710    -27.020170    -27.020173
   2.03001    -27.020121    -27.020124
   2.08292    -27.020083    -27.020086
   2.13583    -27.020058    -27.020059
   2.18875    -27.020042    -27.020045
   2.24166    -27.020035    -27.020038
   2.29457    -27.020035    -27.020036
   2.34748    -27.020038    -27.020039
   2.40039    -27.020042    -27.020043
   2.45330    -27.020045    -27.020048
   2.50622    -27.020048    -27.020048
   2.50622    -27.020048    -27.020048
   2.56085    -27.020059    -27.020060
   2.61548    -27.020091    -27.020093
   2.67011    -27.020145    -27.020146
   2.72474    -27.020214    -27.020215
   2.77937    -27.020294    -27.020295
   2.83400    -27.020380    -27.020381
   2.88863    -27.020470    -27.020470
   2.94326    -27.020553    -27.020553
   2.99790    -27.020625    -27.020626
   3.05253    -27.020682    -27.020684
   3.10716    -27.020720    -27.020722
   3.16179    -27.020733    -27.020736
   3.16179    -27.020578    -27.020581
   3.21686    -27.020567    -27.020568
   3.27192    -27.020535    -27.020536
   3.32699    -27.020484    -27.020487
   3.38206    -27.020422    -27.020425
   3.43712    -27.020352    -27.020354
   3.49219    -27.020280    -27.020281
   3.54726    -27.020212    -27.020214
   3.60232    -27.020157    -27.020159
   3.65739    -27.020110    -27.020112
   3.71246    -27.020073    -27.020074
   3.76752    -27.020052    -27.020053
   3.82259    -27.020041    -27.020041
   3.87766    -27.020038    -27.020038
   3.93273    -27.020039    -27.020041
   3.98779    -27.020042    -27.020043
   4.04286    -27.020045    -27.020046
   4.09793    -27.020048    -27.020048
   4.09793    -27.020048    -27.020048
   4.15394    -27.020035    -27.020038
   4.20996    -27.020001    -27.020003
   4.26598    -27.019945    -27.019946
   4.32199    -27.019873    -27.019875
   4.37801    -27.019789    -27.019790
   4.43402    -27.019697    -27.019699
   4.49004    -27.019604    -27.019606
   4.54606    -27.019517    -27.019519
   4.60207    -27.019438    -27.019440
   4.65809    -27.019374    -27.019375
   4.71411    -27.019326    -27.019327
   4.77012    -27.019296    -27.019298
   4.82614    -27.019288    -27.019289
 
# Band-Index    8
   4.82614    -27.011460    -27.011461
   4.77012    -27.011461    -27.011463
   4.71411    -27.011467    -27.011467
   4.65809    -27.011472    -27.011474
   4.60207    -27.011480    -27.011481
   4.54606    -27.011484    -27.011485
   4.49004    -27.011487    -27.011488
   4.43402    -27.011488    -27.011488
   4.37801    -27.011488    -27.011488
   4.32199    -27.011485    -27.011487
   4.26598    -27.011484    -27.011484
   4.20996    -27.011482    -27.011484
   4.15394    -27.011482    -27.011484
   4.09793    -27.011481    -27.011482
   4.09793    -27.011481    -27.011482
   4.04286    -27.011491    -27.011491
   3.98779    -27.011516    -27.011518
   3.93273    -27.011561    -27.011563
   3.87766    -27.011622    -27.011623
   3.82259    -27.011698    -27.011699
   3.76752    -27.011789    -27.011791
   3.71246    -27.011892    -27.011893
   3.65739    -27.012009    -27.012009
   3.60232    -27.012128    -27.012130
   3.54726    -27.012249    -27.012249
   3.49219    -27.012376    -27.012376
   3.43712    -27.012500    -27.012500
   3.38206    -27.012615    -27.012617
   3.32699    -27.012716    -27.012718
   3.27192    -27.012797    -27.012797
   3.21686    -27.012849    -27.012849
   3.16179    -27.012867    -27.012867
   3.16179    -27.012382    -27.012383
   3.10716    -27.012369    -27.012369
   3.05253    -27.012329    -27.012331
   2.99790    -27.012269    -27.012269
   2.94326    -27.012185    -27.012186
   2.88863    -27.012082    -27.012083
   2.83400    -27.011966    -27.011968
   2.77937    -27.011847    -27.011847
   2.72474    -27.011731    -27.011733
   2.67011    -27.011630    -27.011632
   2.61548    -27.011550    -27.011551
   2.56085    -27.011499    -27.011501
   2.50622    -27.011481    -27.011482
   2.50622    -27.011481    -27.011482
   2.45330    -27.011489    -27.011491
   2.40039    -27.011512    -27.011513
   2.34748    -27.011551    -27.011553
   2.29457    -27.011605    -27.011605
   2.24166    -27.011672    -27.011674
   2.18875    -27.011754    -27.011754
   2.13583    -27.011845    -27.011847
   2.08292    -27.011947    -27.011948
   2.03001    -27.012056    -27.012058
   1.97710    -27.012170    -27.012172
   1.92419    -27.012289    -27.012289
   1.87128    -27.012405    -27.012407
   1.81836    -27.012518    -27.012519
   1.76545    -27.012624    -27.012625
   1.71254    -27.012715    -27.012715
   1.65963    -27.012787    -27.012787
   1.60672    -27.012832    -27.012833
   1.55381    -27.012849    -27.012849
   1.55381    -27.012397    -27.012398
   1.49634    -27.012382    -27.012383
   1.43887    -27.012336    -27.012338
   1.38141    -27.012262    -27.012263
   1.32394    -27.012162    -27.012162
   1.26648    -27.012045    -27.012047
   1.20901    -27.011913    -27.011914
   1.15155    -27.011776    -27.011778
   1.09408    -27.011657    -27.011658
   1.03662    -27.011564    -27.011565
   0.97915    -27.011502    -27.011503
   0.92169    -27.011481    -27.011482
   0.92169    -27.011481    -27.011482
   0.86405    -27.011480    -27.011481
   0.80641    -27.011475    -27.011477
   0.74878    -27.011470    -27.011471
   0.69114    -27.011470    -27.011470
   0.69114    -27.011477    -27.011477
   0.63355    -27.011477    -27.011478
   0.57595    -27.011482    -27.011484
   0.51836    -27.011488    -27.011488
   0.46076    -27.011491    -27.011492
   0.40317    -27.011495    -27.011496
   0.34557    -27.011495    -27.011496
   0.28798    -27.011494    -27.011494
   0.23038    -27.011491    -27.011491
   0.17279    -27.011488    -27.011488
   0.11519    -27.011485    -27.011487
   0.05760    -27.011482    -27.011484
   0.00000    -27.011481    -27.011482
 
# Band-Index    9
   0.00000    -27.008159    -27.008161
   0.05760    -27.008183    -27.008187
   0.11519    -27.008257    -27.008260
   0.17279    -27.008374    -27.008377
   0.23038    -27.008525    -27.008526
   0.28798    -27.008696    -27.008699
   0.34557    -27.008876    -27.008879
   0.40317    -27.009055    -27.009058
   0.46076    -27.009220    -27.009222
   0.51836    -27.009360    -27.009363
   0.57595    -27.009469    -27.009470
   0.63355    -27.009536    -27.009539
   0.69114    -27.009560    -27.009563
   0.69114    -27.008142    -27.008145
   0.74878    -27.008145    -27.008147
   0.80641    -27.008150    -27.008153
   0.86405    -27.008156    -27.008159
   0.92169    -27.008159    -27.008161
   0.92169    -27.008159    -27.008161
   0.97915    -27.008181    -27.008183
   1.03662    -27.008249    -27.008250
   1.09408    -27.008353    -27.008356
   1.15155    -27.008491    -27.008494
   1.20901    -27.008657    -27.008660
   1.26648    -27.008830    -27.008833
   1.32394    -27.008999    -27.009002
   1.38141    -27.009156    -27.009158
   1.43887    -27.009283    -27.009286
   1.49634    -27.009367    -27.009369
   1.55381    -27.009397    -27.009400
   1.55381    -27.010587    -27.010589
   1.60672    -27.010572    -27.010575
   1.65963    -27.010527    -27.010528
   1.71254    -27.010448    -27.010451
   1.76545    -27.010338    -27.010341
   1.81836    -27.010200    -27.010202
   1.87128    -27.010033    -27.010036
   1.92419    -27.009844    -27.009846
   1.97710    -27.009638    -27.009639
   2.03001    -27.009421    -27.009424
   2.08292    -27.009204    -27.009206
   2.13583    -27.008993    -27.008996
   2.18875    -27.008793    -27.008795
   2.24166    -27.008612    -27.008615
   2.29457    -27.008456    -27.008458
   2.34748    -27.008329    -27.008332
   2.40039    -27.008235    -27.008237
   2.45330    -27.008177    -27.008180
   2.50622    -27.008159    -27.008161
   2.50622    -27.008159    -27.008161
   2.56085    -27.008177    -27.008180
   2.61548    -27.008232    -27.008235
   2.67011    -27.008320    -27.008323
   2.72474    -27.008439    -27.008441
   2.77937    -27.008578    -27.008581
   2.83400    -27.008730    -27.008733
   2.88863    -27.008889    -27.008890
   2.94326    -27.009041    -27.009044
   2.99790    -27.009177    -27.009180
   3.05253    -27.009286    -27.009287
   3.10716    -27.009355    -27.009358
   3.16179    -27.009380    -27.009383
   3.16179    -27.010603    -27.010606
   3.21686    -27.010585    -27.010587
   3.27192    -27.010533    -27.010534
   3.32699    -27.010445    -27.010447
   3.38206    -27.010323    -27.010324
   3.43712    -27.010165    -27.010167
   3.49219    -27.009980    -27.009981
   3.54726    -27.009770    -27.009773
   3.60232    -27.009549    -27.009552
   3.65739    -27.009317    -27.009320
   3.71246    -27.009086    -27.009087
   3.76752    -27.008866    -27.008869
   3.82259    -27.008667    -27.008669
   3.87766    -27.008492    -27.008495
   3.93273    -27.008350    -27.008353
   3.98779    -27.008244    -27.008247
   4.04286    -27.008180    -27.008183
   4.09793    -27.008159    -27.008161
   4.09793    -27.008159    -27.008161
   4.15394    -27.008180    -27.008183
   4.20996    -27.008242    -27.008246
   4.26598    -27.008342    -27.008344
   4.32199    -27.008471    -27.008474
   4.37801    -27.008622    -27.008624
   4.43402    -27.008785    -27.008788
   4.49004    -27.008951    -27.008952
   4.54606    -27.009110    -27.009111
   4.60207    -27.009252    -27.009255
   4.65809    -27.009373    -27.009376
   4.71411    -27.009464    -27.009467
   4.77012    -27.009522    -27.009525
   4.82614    -27.009542    -27.009545
 
# Band-Index   10
   4.82614    -27.001521    -27.001523
   4.77012    -27.001504    -27.001506
   4.71411    -27.001455    -27.001458
   4.65809    -27.001376    -27.001378
   4.60207    -27.001269    -27.001271
   4.54606    -27.001138    -27.001140
   4.49004    -27.000991    -27.000991
   4.43402    -27.000832    -27.000833
   4.37801    -27.000674    -27.000675
   4.32199    -27.000525    -27.000528
   4.26598    -27.000397    -27.000397
   4.20996    -27.000297    -27.000297
   4.15394    -27.000232    -27.000234
   4.09793    -27.000211    -27.000212
   4.09793    -27.000211    -27.000212
   4.04286    -27.000231    -27.000232
   3.98779    -27.000291    -27.000293
   3.93273    -27.000390    -27.000391
   3.87766    -27.000523    -27.000525
   3.82259    -27.000687    -27.000690
   3.76752    -27.000878    -27.000879
   3.71246    -27.001088    -27.001088
   3.65739    -27.001311    -27.001313
   3.60232    -27.001537    -27.001538
   3.54726    -27.001755    -27.001755
   3.49219    -27.001963    -27.001963
   3.43712    -27.002153    -27.002153
   3.38206    -27.002318    -27.002319
   3.32699    -27.002450    -27.002451
   3.27192    -27.002548    -27.002550
   3.21686    -27.002609    -27.002609
   3.16179    -27.002629    -27.002630
   3.16179    -27.001055    -27.001057
   3.10716    -27.001041    -27.001043
   3.05253    -27.001000    -27.001002
   2.99790    -27.000936    -27.000937
   2.94326    -27.000851    -27.000853
   2.88863    -27.000751    -27.000753
   2.83400    -27.000642    -27.000643
   2.77937    -27.000533    -27.000535
   2.72474    -27.000431    -27.000431
   2.67011    -27.000339    -27.000341
   2.61548    -27.000270    -27.000272
   2.56085    -27.000227    -27.000228
   2.50622    -27.000211    -27.000212
   2.50622    -27.000211    -27.000212
   2.45330    -27.000228    -27.000231
   2.40039    -27.000283    -27.000284
   2.34748    -27.000369    -27.000371
   2.29457    -27.000488    -27.000490
   2.24166    -27.000636    -27.000637
   2.18875    -27.000808    -27.000809
   2.13583    -27.000998    -27.001000
   2.08292    -27.001202    -27.001203
   2.03001    -27.001413    -27.001413
   1.97710    -27.001624    -27.001624
   1.92419    -27.001828    -27.001829
   1.87128    -27.002018    -27.002019
   1.81836    -27.002190    -27.002191
   1.76545    -27.002336    -27.002339
   1.71254    -27.002455    -27.002457
   1.65963    -27.002543    -27.002546
   1.60672    -27.002596    -27.002598
   1.55381    -27.002614    -27.002616
   1.55381    -27.001071    -27.001074
   1.49634    -27.001054    -27.001055
   1.43887    -27.001005    -27.001006
   1.38141    -27.000927    -27.000929
   1.32394    -27.000829    -27.000829
   1.26648    -27.000716    -27.000718
   1.20901    -27.000594    -27.000597
   1.15155    -27.000470    -27.000473
   1.09408    -27.000366    -27.000366
   1.03662    -27.000283    -27.000284
   0.97915    -27.000229    -27.000231
   0.92169    -27.000211    -27.000212
   0.92169    -27.000211    -27.000212
   0.86405    -27.000208    -27.000210
   0.80641    -27.000203    -27.000205
   0.74878    -27.000198    -27.000200
   0.69114    -27.000196    -27.000197
   0.69114    -27.001538    -27.001539
   0.63355    -27.001518    -27.001520
   0.57595    -27.001461    -27.001461
   0.51836    -27.001366    -27.001368
   0.46076    -27.001240    -27.001241
   0.40317    -27.001089    -27.001091
   0.34557    -27.000920    -27.000922
   0.28798    -27.000746    -27.000749
   0.23038    -27.000577    -27.000580
   0.17279    -27.000428    -27.000431
   0.11519    -27.000311    -27.000314
   0.05760    -27.000236    -27.000238
   0.00000    -27.000211    -27.000212
 
# Band-Index   11
   0.00000    -26.988242    -26.988245
   0.05760    -26.988291    -26.988294
   0.11519    -26.988436    -26.988439
   0.17279    -26.988667    -26.988670
   0.23038    -26.988974    -26.988975
   0.28798    -26.989335    -26.989337
   0.34557    -26.989728    -26.989731
   0.40317    -26.990129    -26.990132
   0.46076    -26.990509    -26.990512
   0.51836    -26.990841    -26.990844
   0.57595    -26.991101    -26.991103
   0.63355    -26.991264    -26.991266
   0.69114    -26.991321    -26.991324
   0.69114    -26.988238    -26.988240
   0.74878    -26.988238    -26.988240
   0.80641    -26.988239    -26.988242
   0.86405    -26.988242    -26.988243
   0.92169    -26.988242    -26.988245
   0.92169    -26.988242    -26.988245
   0.97915    -26.988229    -26.988231
   1.03662    -26.988193    -26.988194
   1.09408    -26.988135    -26.988136
   1.15155    -26.988062    -26.988063
   1.20901    -26.987979    -26.987982
   1.26648    -26.987890    -26.987893
   1.32394    -26.987803    -26.987806
   1.38141    -26.987728    -26.987731
   1.43887    -26.987672    -26.987673
   1.49634    -26.987634    -26.987637
   1.55381    -26.987623    -26.987626
   1.55381    -26.990834    -26.990837
   1.60672    -26.990813    -26.990816
   1.65963    -26.990748    -26.990751
   1.71254    -26.990644    -26.990647
   1.76545    -26.990502    -26.990505
   1.81836    -26.990331    -26.990333
   1.87128    -26.990134    -26.990136
   1.92419    -26.989916    -26.989918
   1.97710    -26.989690    -26.989691
   2.03001    -26.989459    -26.989462
   2.08292    -26.989234    -26.989237
   2.13583    -26.989021    -26.989023
   2.18875    -26.988826    -26.988829
   2.24166    -26.988653    -26.988656
   2.29457    -26.988508    -26.988509
   2.34748    -26.988392    -26.988394
   2.40039    -26.988309    -26.988311
   2.45330    -26.988259    -26.988262
   2.50622    -26.988242    -26.988245
   2.50622    -26.988242    -26.988245
   2.56085    -26.988231    -26.988233
   2.61548    -26.988200    -26.988202
   2.67011    -26.988152    -26.988153
   2.72474    -26.988086    -26.988088
   2.77937    -26.988010    -26.988012
   2.83400    -26.987928    -26.987931
   2.88863    -26.987846    -26.987848
   2.94326    -26.987770    -26.987772
   2.99790    -26.987706    -26.987707
   3.05253    -26.987656    -26.987658
   3.10716    -26.987627    -26.987630
   3.16179    -26.987617    -26.987620
   3.16179    -26.990844    -26.990845
   3.21686    -26.990818    -26.990820
   3.27192    -26.990745    -26.990748
   3.32699    -26.990628    -26.990630
   3.38206    -26.990471    -26.990474
   3.43712    -26.990281    -26.990282
   3.49219    -26.990063    -26.990066
   3.54726    -26.989829    -26.989832
   3.60232    -26.989588    -26.989590
   3.65739    -26.989346    -26.989348
   3.71246    -26.989109    -26.989111
   3.76752    -26.988895    -26.988896
   3.82259    -26.988702    -26.988705
   3.87766    -26.988540    -26.988543
   3.93273    -26.988411    -26.988414
   3.98779    -26.988318    -26.988321
   4.04286    -26.988262    -26.988263
   4.09793    -26.988242    -26.988245
   4.09793    -26.988242    -26.988245
   4.15394    -26.988284    -26.988287
   4.20996    -26.988408    -26.988409
   4.26598    -26.988606    -26.988608
   4.32199    -26.988871    -26.988874
   4.37801    -26.989189    -26.989190
   4.43402    -26.989541    -26.989542
   4.49004    -26.989911    -26.989912
   4.54606    -26.990275    -26.990277
   4.60207    -26.990613    -26.990616
   4.65809    -26.990903    -26.990904
   4.71411    -26.991125    -26.991128
   4.77012    -26.991266    -26.991267
   4.82614    -26.991315    -26.991318
 
# Band-Index   12
   4.82614    -26.983559    -26.983559
   4.77012    -26.983501    -26.983503
   4.71411    -26.983339    -26.983341
   4.65809    -26.983082    -26.983082
   4.60207    -26.982743    -26.982744
   4.54606    -26.982344    -26.982346
   4.49004    -26.981910    -26.981910
   4.43402    -26.981461    -26.981464
   4.37801    -26.981030    -26.981032
   4.32199    -26.980636    -26.980638
   4.26598    -26.980304    -26.980306
   4.20996    -26.980052    -26.980054
   4.15394    -26.979895    -26.979896
   4.09793    -26.979841    -26.979843
   4.09793    -26.979841    -26.979843
   4.04286    -26.979871    -26.979871
   3.98779    -26.979955    -26.979958
   3.93273    -26.980096    -26.980096
   3.87766    -26.980282    -26.980283
   3.82259    -26.980511    -26.980514
   3.76752    -26.980777    -26.980778
   3.71246    -26.981065    -26.981067
   3.65739    -26.981374    -26.981375
   3.60232    -26.981685    -26.981686
   3.54726    -26.981987    -26.981990
   3.49219    -26.982278    -26.982280
   3.43712    -26.982544    -26.982546
   3.38206    -26.982778    -26.982779
   3.32699    -26.982968    -26.982969
   3.27192    -26.983109    -26.983110
   3.21686    -26.983197    -26.983199
   3.16179    -26.983227    -26.983230
   3.16179    -26.979567    -26.979568
   3.10716    -26.979570    -26.979571
   3.05253    -26.979582    -26.979584
   2.99790    -26.979603    -26.979605
   2.94326    -26.979631    -26.979633
   2.88863    -26.979665    -26.979667
   2.83400    -26.979702    -26.979702
   2.77937    -26.979737    -26.979740
   2.72474    -26.979771    -26.979774
   2.67011    -26.979802    -26.979802
   2.61548    -26.979823    -26.979824
   2.56085    -26.979837    -26.979838
   2.50622    -26.979841    -26.979843
   2.50622    -26.979841    -26.979843
   2.45330    -26.979868    -26.979868
   2.40039    -26.979944    -26.979944
   2.34748    -26.980068    -26.980068
   2.29457    -26.980235    -26.980237
   2.24166    -26.980442    -26.980445
   2.18875    -26.980683    -26.980684
   2.13583    -26.980949    -26.980950
   2.08292    -26.981230    -26.981231
   2.03001    -26.981521    -26.981523
   1.97710    -26.981813    -26.981815
   1.92419    -26.982097    -26.982100
   1.87128    -26.982366    -26.982367
   1.81836    -26.982608    -26.982609
   1.76545    -26.982817    -26.982819
   1.71254    -26.982989    -26.982989
   1.65963    -26.983116    -26.983116
   1.60672    -26.983192    -26.983194
   1.55381    -26.983218    -26.983220
   1.55381    -26.979572    -26.979574
   1.49634    -26.979577    -26.979577
   1.43887    -26.979592    -26.979594
   1.38141    -26.979617    -26.979619
   1.32394    -26.979650    -26.979651
   1.26648    -26.979689    -26.979691
   1.20901    -26.979727    -26.979729
   1.15155    -26.979762    -26.979764
   1.09408    -26.979795    -26.979795
   1.03662    -26.979819    -26.979821
   0.97915    -26.979837    -26.979837
   0.92169    -26.979841    -26.979843
   0.92169    -26.979841    -26.979843
   0.86405    -26.979841    -26.979843
   0.80641    -26.979838    -26.979840
   0.74878    -26.979837    -26.979838
   0.69114    -26.979837    -26.979838
   0.69114    -26.983564    -26.983566
   0.63355    -26.983500    -26.983500
   0.57595    -26.983310    -26.983311
   0.51836    -26.983009    -26.983010
   0.46076    -26.982620    -26.982622
   0.40317    -26.982170    -26.982173
   0.34557    -26.981689    -26.981690
   0.28798    -26.981209    -26.981212
   0.23038    -26.980763    -26.980766
   0.17279    -26.980382    -26.980383
   0.11519    -26.980089    -26.980090
   0.05760    -26.979904    -26.979906
   0.00000    -26.979841    -26.979843
 
# Band-Index   13
   0.00000    -26.464305    -26.464305
   0.05760    -26.464229    -26.464230
   0.11519    -26.464002    -26.464004
   0.17279    -26.463622    -26.463624
   0.23038    -26.463092    -26.463092
   0.28798    -26.462418    -26.462419
   0.34557    -26.461613    -26.461613
   0.40317    -26.460693    -26.460693
   0.46076    -26.459688    -26.459688
   0.51836    -26.458637    -26.458637
   0.57595    -26.457586    -26.457586
   0.63355    -26.456623    -26.456622
   0.69114    -26.456093    -26.456093
   0.69114    -26.464301    -26.464301
   0.74878    -26.464301    -26.464301
   0.80641    -26.464303    -26.464303
   0.86405    -26.464305    -26.464305
   0.92169    -26.464305    -26.464305
   0.92169    -26.464305    -26.464305
   0.97915    -26.464129    -26.464130
   1.03662    -26.463607    -26.463607
   1.09408    -26.462750    -26.462750
   1.15155    -26.461585    -26.461585
   1.20901    -26.460159    -26.460159
   1.26648    -26.458937    -26.458937
   1.32394    -26.458350    -26.458350
   1.38141    -26.457735    -26.457735
   1.43887    -26.457093    -26.457092
   1.49634    -26.456532    -26.456532
   1.55381    -26.456285    -26.456284
   1.55381    -26.468000    -26.468000
   1.60672    -26.467932    -26.467932
   1.65963    -26.467751    -26.467752
   1.71254    -26.467481    -26.467481
   1.76545    -26.467126    -26.467128
   1.81836    -26.466698    -26.466700
   1.87128    -26.466213    -26.466213
   1.92419    -26.465687    -26.465687
   1.97710    -26.465146    -26.465146
   2.03001    -26.464620    -26.464620
   2.08292    -26.464142    -26.464142
   2.13583    -26.463750    -26.463752
   2.18875    -26.463490    -26.463490
   2.24166    -26.463399    -26.463399
   2.29457    -26.463489    -26.463489
   2.34748    -26.463718    -26.463719
   2.40039    -26.463997    -26.463997
   2.45330    -26.464220    -26.464222
   2.50622    -26.464305    -26.464305
   2.50622    -26.464305    -26.464305
   2.56085    -26.464157    -26.464158
   2.61548    -26.463718    -26.463718
   2.67011    -26.462995    -26.462995
   2.72474    -26.462004    -26.462004
   2.77937    -26.460773    -26.460773
   2.83400    -26.459412    -26.459412
   2.88863    -26.458669    -26.458669
   2.94326    -26.458134    -26.458133
   2.99790    -26.457555    -26.457555
   3.05253    -26.456968    -26.456968
   3.10716    -26.456473    -26.456473
   3.16179    -26.456263    -26.456262
   3.16179    -26.468010    -26.468010
   3.21686    -26.467932    -26.467932
   3.27192    -26.467733    -26.467733
   3.32699    -26.467433    -26.467433
   3.38206    -26.467039    -26.467039
   3.43712    -26.466565    -26.466566
   3.49219    -26.466034    -26.466034
   3.54726    -26.465469    -26.465470
   3.60232    -26.464900    -26.464901
   3.65739    -26.464364    -26.464364
   3.71246    -26.463901    -26.463901
   3.76752    -26.463566    -26.463566
   3.82259    -26.463407    -26.463408
   3.87766    -26.463455    -26.463455
   3.93273    -26.463673    -26.463673
   3.98779    -26.463966    -26.463966
   4.04286    -26.464211    -26.464212
   4.09793    -26.464305    -26.464305
   4.09793    -26.464305    -26.464305
   4.15394    -26.464240    -26.464241
   4.20996    -26.464046    -26.464047
   4.26598    -26.463722    -26.463722
   4.32199    -26.463269    -26.463269
   4.37801    -26.462691    -26.462691
   4.43402    -26.461996    -26.461996
   4.49004    -26.461194    -26.461194
   4.54606    -26.460306    -26.460306
   4.60207    -26.459356    -26.459356
   4.65809    -26.458378    -26.458378
   4.71411    -26.457411    -26.457411
   4.77012    -26.456537    -26.456537
   4.82614    -26.456070    -26.456070
 
# Band-Index   14
   4.82614    -26.454600    -26.454600
   4.77012    -26.454220    -26.454220
   4.71411    -26.453689    -26.453688
   4.65809    -26.453674    -26.453674
   4.60207    -26.454420    -26.454420
   4.54606    -26.455386    -26.455386
   4.49004    -26.456312    -26.456312
   4.43402    -26.457140    -26.457140
   4.37801    -26.457856    -26.457854
   4.32199    -26.458447    -26.458447
   4.26598    -26.458913    -26.458913
   4.20996    -26.459249    -26.459249
   4.15394    -26.459453    -26.459453
   4.09793    -26.459522    -26.459520
   4.09793    -26.459522    -26.459520
   4.04286    -26.459495    -26.459494
   3.98779    -26.459419    -26.459419
   3.93273    -26.459294    -26.459293
   3.87766    -26.459093    -26.459093
   3.82259    -26.458790    -26.458789
   3.76752    -26.458376    -26.458376
   3.71246    -26.457877    -26.457877
   3.65739    -26.457331    -26.457331
   3.60232    -26.456781    -26.456781
   3.54726    -26.456300    -26.456300
   3.49219    -26.456595    -26.456595
   3.43712    -26.459077    -26.459077
   3.38206    -26.461709    -26.461709
   3.32699    -26.463966    -26.463967
   3.27192    -26.465668    -26.465670
   3.21686    -26.466714    -26.466714
   3.16179    -26.467059    -26.467059
   3.16179    -26.453291    -26.453291
   3.10716    -26.453066    -26.453066
   3.05253    -26.452554    -26.452554
   2.99790    -26.453919    -26.453919
   2.94326    -26.455783    -26.455783
   2.88863    -26.457555    -26.457555
   2.83400    -26.458880    -26.458880
   2.77937    -26.459290    -26.459290
   2.72474    -26.459491    -26.459491
   2.67011    -26.459574    -26.459574
   2.61548    -26.459575    -26.459575
   2.56085    -26.459540    -26.459540
   2.50622    -26.459522    -26.459520
   2.50622    -26.459522    -26.459520
   2.45330    -26.459498    -26.459498
   2.40039    -26.459430    -26.459429
   2.34748    -26.459316    -26.459316
   2.29457    -26.459142    -26.459142
   2.24166    -26.458880    -26.458880
   2.18875    -26.458519    -26.458519
   2.13583    -26.458070    -26.458070
   2.08292    -26.457566    -26.457565
   2.03001    -26.457040    -26.457038
   1.97710    -26.456536    -26.456536
   1.92419    -26.456180    -26.456180
   1.87128    -26.457306    -26.457307
   1.81836    -26.459823    -26.459824
   1.76545    -26.462245    -26.462245
   1.71254    -26.464285    -26.464285
   1.65963    -26.465812    -26.465812
   1.60672    -26.466743    -26.466745
   1.55381    -26.467050    -26.467050
   1.55381    -26.453315    -26.453315
   1.49634    -26.453050    -26.453050
   1.43887    -26.452544    -26.452544
   1.38141    -26.454438    -26.454438
   1.32394    -26.456453    -26.456453
   1.26648    -26.458285    -26.458285
   1.20901    -26.459159    -26.459159
   1.15155    -26.459439    -26.459439
   1.09408    -26.459564    -26.459564
   1.03662    -26.459581    -26.459580
   0.97915    -26.459544    -26.459544
   0.92169    -26.459522    -26.459520
   0.92169    -26.459522    -26.459520
   0.86405    -26.459516    -26.459515
   0.80641    -26.459506    -26.459506
   0.74878    -26.459498    -26.459498
   0.69114    -26.459497    -26.459495
   0.69114    -26.454617    -26.454617
   0.63355    -26.454190    -26.454190
   0.57595    -26.453650    -26.453650
   0.51836    -26.453823    -26.453823
   0.46076    -26.454752    -26.454752
   0.40317    -26.455796    -26.455796
   0.34557    -26.456753    -26.456753
   0.28798    -26.457581    -26.457581
   0.23038    -26.458270    -26.458270
   0.17279    -26.458813    -26.458811
   0.11519    -26.459204    -26.459204
   0.05760    -26.459442    -26.459442
   0.00000    -26.459522    -26.459520
 
# Band-Index   15
   0.00000    -26.452877    -26.452879
   0.05760    -26.452696    -26.452696
   0.11519    -26.452153    -26.452154
   0.17279    -26.451269    -26.451269
   0.23038    -26.450077    -26.450079
   0.28798    -26.449312    -26.449312
   0.34557    -26.449794    -26.449793
   0.40317    -26.450377    -26.450377
   0.46076    -26.450971    -26.450971
   0.51836    -26.451366    -26.451366
   0.57595    -26.450899    -26.450899
   0.63355    -26.449587    -26.449587
   0.69114    -26.448307    -26.448307
   0.69114    -26.452873    -26.452875
   0.74878    -26.452875    -26.452876
   0.80641    -26.452876    -26.452877
   0.86405    -26.452876    -26.452877
   0.92169    -26.452877    -26.452879
   0.92169    -26.452877    -26.452879
   0.97915    -26.452604    -26.452606
   1.03662    -26.451826    -26.451828
   1.09408    -26.450641    -26.450643
   1.15155    -26.449480    -26.449480
   1.20901    -26.449677    -26.449677
   1.26648    -26.450264    -26.450264
   1.32394    -26.450951    -26.450951
   1.38141    -26.451690    -26.451690
   1.43887    -26.452295    -26.452295
   1.49634    -26.450657    -26.450657
   1.55381    -26.449870    -26.449870
   1.55381    -26.454600    -26.454600
   1.60672    -26.454603    -26.454603
   1.65963    -26.454621    -26.454621
   1.71254    -26.454681    -26.454680
   1.76545    -26.454819    -26.454818
   1.81836    -26.455046    -26.455046
   1.87128    -26.455274    -26.455274
   1.92419    -26.454375    -26.454375
   1.97710    -26.452701    -26.452701
   2.03001    -26.451580    -26.451580
   2.08292    -26.450788    -26.450788
   2.13583    -26.450153    -26.450153
   2.18875    -26.449620    -26.449620
   2.24166    -26.449191    -26.449191
   2.29457    -26.449468    -26.449469
   2.34748    -26.450957    -26.450958
   2.40039    -26.452049    -26.452050
   2.45330    -26.452675    -26.452676
   2.50622    -26.452877    -26.452879
   2.50622    -26.452877    -26.452879
   2.56085    -26.452648    -26.452648
   2.61548    -26.451987    -26.451987
   2.67011    -26.450965    -26.450966
   2.72474    -26.449766    -26.449768
   2.77937    -26.449485    -26.449485
   2.83400    -26.449938    -26.449938
   2.88863    -26.450525    -26.450523
   2.94326    -26.451175    -26.451175
   2.99790    -26.451853    -26.451853
   3.05253    -26.452047    -26.452047
   3.10716    -26.450536    -26.450536
   3.16179    -26.449865    -26.449865
   3.16179    -26.454625    -26.454625
   3.21686    -26.454628    -26.454628
   3.27192    -26.454648    -26.454648
   3.32699    -26.454721    -26.454721
   3.38206    -26.454887    -26.454885
   3.43712    -26.455140    -26.455140
   3.49219    -26.455240    -26.455239
   3.54726    -26.453634    -26.453634
   3.60232    -26.452129    -26.452129
   3.65739    -26.451148    -26.451148
   3.71246    -26.450409    -26.450408
   3.76752    -26.449803    -26.449803
   3.82259    -26.449306    -26.449305
   3.87766    -26.449193    -26.449193
   3.93273    -26.450717    -26.450719
   3.98779    -26.451946    -26.451946
   4.04286    -26.452651    -26.452651
   4.09793    -26.452877    -26.452879
   4.09793    -26.452877    -26.452879
   4.15394    -26.452721    -26.452723
   4.20996    -26.452260    -26.452260
   4.26598    -26.451501    -26.451503
   4.32199    -26.450470    -26.450471
   4.37801    -26.449324    -26.449326
   4.43402    -26.449540    -26.449540
   4.49004    -26.450042    -26.450042
   4.54606    -26.450595    -26.450595
   4.60207    -26.451117    -26.451117
   4.65809    -26.451344    -26.451345
   4.71411    -26.450717    -26.450717
   4.77012    -26.449458    -26.449458
   4.82614    -26.448293    -26.448293
 
# Band-Index   16
   4.82614    -26.447460    -26.447460
   4.77012    -26.446220    -26.446220
   4.71411    -26.444733    -26.444733
   4.65809    -26.443631    -26.443631
   4.60207    -26.443501    -26.443503
   4.54606    -26.444508    -26.444509
   4.49004    -26.446039    -26.446040
   4.43402    -26.447636    -26.447637
   4.37801    -26.448891    -26.448891
   4.32199    -26.448656    -26.448656
   4.26598    -26.448366    -26.448365
   4.20996    -26.448152    -26.448151
   4.15394    -26.448021    -26.448021
   4.09793    -26.447976    -26.447976
   4.09793    -26.447976    -26.447976
   4.04286    -26.448027    -26.448027
   3.98779    -26.448177    -26.448177
   3.93273    -26.448410    -26.448410
   3.87766    -26.448460    -26.448460
   3.82259    -26.446444    -26.446444
   3.76752    -26.443845    -26.443846
   3.71246    -26.442010    -26.442010
   3.65739    -26.443319    -26.443320
   3.60232    -26.446063    -26.446063
   3.54726    -26.448539    -26.448539
   3.49219    -26.450119    -26.450119
   3.43712    -26.450983    -26.450983
   3.38206    -26.451469    -26.451469
   3.32699    -26.451725    -26.451725
   3.27192    -26.451837    -26.451837
   3.21686    -26.451874    -26.451874
   3.16179    -26.451881    -26.451881
   3.16179    -26.442716    -26.442716
   3.10716    -26.442044    -26.442045
   3.05253    -26.440520    -26.440520
   2.99790    -26.439404    -26.439404
   2.94326    -26.441626    -26.441626
   2.88863    -26.443848    -26.443848
   2.83400    -26.445898    -26.445899
   2.77937    -26.447691    -26.447692
   2.72474    -26.448600    -26.448600
   2.67011    -26.448411    -26.448410
   2.61548    -26.448179    -26.448179
   2.56085    -26.448028    -26.448028
   2.50622    -26.447976    -26.447976
   2.50622    -26.447976    -26.447976
   2.45330    -26.448023    -26.448021
   2.40039    -26.448155    -26.448155
   2.34748    -26.448365    -26.448365
   2.29457    -26.448549    -26.448549
   2.24166    -26.447118    -26.447118
   2.18875    -26.444713    -26.444713
   2.13583    -26.442459    -26.442460
   2.08292    -26.442372    -26.442372
   2.03001    -26.444646    -26.444646
   1.97710    -26.447242    -26.447242
   1.92419    -26.449254    -26.449254
   1.87128    -26.450451    -26.450451
   1.81836    -26.451128    -26.451128
   1.76545    -26.451519    -26.451518
   1.71254    -26.451728    -26.451728
   1.65963    -26.451822    -26.451822
   1.60672    -26.451850    -26.451850
   1.55381    -26.451856    -26.451856
   1.55381    -26.442722    -26.442722
   1.49634    -26.441935    -26.441937
   1.43887    -26.440212    -26.440213
   1.38141    -26.439968    -26.439970
   1.32394    -26.442456    -26.442457
   1.26648    -26.444816    -26.444817
   1.20901    -26.446931    -26.446931
   1.15155    -26.448480    -26.448481
   1.09408    -26.448483    -26.448483
   1.03662    -26.448218    -26.448218
   0.97915    -26.448038    -26.448038
   0.92169    -26.447976    -26.447976
   0.92169    -26.447976    -26.447976
   0.86405    -26.447975    -26.447975
   0.80641    -26.447968    -26.447968
   0.74878    -26.447961    -26.447961
   0.69114    -26.447958    -26.447958
   0.69114    -26.447468    -26.447468
   0.63355    -26.446102    -26.446102
   0.57595    -26.444519    -26.444519
   0.51836    -26.443489    -26.443490
   0.46076    -26.443739    -26.443741
   0.40317    -26.445121    -26.445121
   0.34557    -26.446849    -26.446851
   0.28798    -26.448494    -26.448495
   0.23038    -26.448770    -26.448770
   0.17279    -26.448436    -26.448435
   0.11519    -26.448184    -26.448183
   0.05760    -26.448030    -26.448030
   0.00000    -26.447976    -26.447976
 
# Band-Index   17
   0.00000    -26.428344    -26.428344
   0.05760    -26.428521    -26.428521
   0.11519    -26.429044    -26.429044
   0.17279    -26.429893    -26.429893
   0.23038    -26.431031    -26.431031
   0.28798    -26.432400    -26.432400
   0.34557    -26.433908    -26.433908
   0.40317    -26.435384    -26.435384
   0.46076    -26.436414    -26.436414
   0.51836    -26.436207    -26.436207
   0.57595    -26.434608    -26.434610
   0.63355    -26.432371    -26.432372
   0.69114    -26.430656    -26.430656
   0.69114    -26.428339    -26.428339
   0.74878    -26.428338    -26.428339
   0.80641    -26.428341    -26.428341
   0.86405    -26.428344    -26.428344
   0.92169    -26.428344    -26.428344
   0.92169    -26.428344    -26.428344
   0.97915    -26.428518    -26.428520
   1.03662    -26.429039    -26.429039
   1.09408    -26.429893    -26.429893
   1.15155    -26.431062    -26.431062
   1.20901    -26.432517    -26.432519
   1.26648    -26.434219    -26.434219
   1.32394    -26.436107    -26.436107
   1.38141    -26.438084    -26.438085
   1.43887    -26.437255    -26.437257
   1.49634    -26.434831    -26.434831
   1.55381    -26.433530    -26.433532
   1.55381    -26.413312    -26.413312
   1.60672    -26.413488    -26.413490
   1.65963    -26.414254    -26.414254
   1.71254    -26.415731    -26.415731
   1.76545    -26.417800    -26.417800
   1.81836    -26.420361    -26.420361
   1.87128    -26.423317    -26.423317
   1.92419    -26.426557    -26.426557
   1.97710    -26.429941    -26.429942
   2.03001    -26.433269    -26.433270
   2.08292    -26.436000    -26.436000
   2.13583    -26.436314    -26.436315
   2.18875    -26.434492    -26.434492
   2.24166    -26.432533    -26.432533
   2.29457    -26.430923    -26.430923
   2.34748    -26.429733    -26.429733
   2.40039    -26.428939    -26.428939
   2.45330    -26.428489    -26.428489
   2.50622    -26.428344    -26.428344
   2.50622    -26.428344    -26.428344
   2.56085    -26.428490    -26.428490
   2.61548    -26.428928    -26.428928
   2.67011    -26.429650    -26.429650
   2.72474    -26.430639    -26.430639
   2.77937    -26.431876    -26.431876
   2.83400    -26.433335    -26.433335
   2.88863    -26.434980    -26.434980
   2.94326    -26.436761    -26.436761
   2.99790    -26.438498    -26.438499
   3.05253    -26.436826    -26.436826
   3.10716    -26.434645    -26.434646
   3.16179    -26.433525    -26.433525
   3.16179    -26.413320    -26.413320
   3.21686    -26.413521    -26.413521
   3.27192    -26.414399    -26.414399
   3.32699    -26.416063    -26.416063
   3.38206    -26.418368    -26.418370
   3.43712    -26.421200    -26.421200
   3.49219    -26.424439    -26.424439
   3.54726    -26.427947    -26.427947
   3.60232    -26.431544    -26.431545
   3.65739    -26.434873    -26.434873
   3.71246    -26.436604    -26.436604
   3.76752    -26.435208    -26.435208
   3.82259    -26.433083    -26.433083
   3.87766    -26.431265    -26.431265
   3.93273    -26.429913    -26.429913
   3.98779    -26.429013    -26.429013
   4.04286    -26.428507    -26.428507
   4.09793    -26.428344    -26.428344
   4.09793    -26.428344    -26.428344
   4.15394    -26.428494    -26.428494
   4.20996    -26.428942    -26.428942
   4.26598    -26.429668    -26.429668
   4.32199    -26.430653    -26.430653
   4.37801    -26.431849    -26.431849
   4.43402    -26.433198    -26.433198
   4.49004    -26.434604    -26.434604
   4.54606    -26.435865    -26.435865
   4.60207    -26.436512    -26.436514
   4.65809    -26.435930    -26.435930
   4.71411    -26.434279    -26.434280
   4.77012    -26.432184    -26.432185
   4.82614    -26.430647    -26.430649
 
# Band-Index   18
   4.82614    -26.428355    -26.428356
   4.77012    -26.426735    -26.426737
   4.71411    -26.424342    -26.424342
   4.65809    -26.421923    -26.421924
   4.60207    -26.419586    -26.419587
   4.54606    -26.417378    -26.417379
   4.49004    -26.415344    -26.415346
   4.43402    -26.413514    -26.413515
   4.37801    -26.411919    -26.411921
   4.32199    -26.410580    -26.410581
   4.26598    -26.409516    -26.409517
   4.20996    -26.408746    -26.408748
   4.15394    -26.408281    -26.408282
   4.09793    -26.408124    -26.408126
   4.09793    -26.408124    -26.408126
   4.04286    -26.408313    -26.408313
   3.98779    -26.408848    -26.408849
   3.93273    -26.409638    -26.409640
   3.87766    -26.410543    -26.410543
   3.82259    -26.411421    -26.411423
   3.76752    -26.412160    -26.412161
   3.71246    -26.412709    -26.412710
   3.65739    -26.413066    -26.413068
   3.60232    -26.413258    -26.413258
   3.54726    -26.413324    -26.413325
   3.49219    -26.413310    -26.413310
   3.43712    -26.413242    -26.413242
   3.38206    -26.413146    -26.413148
   3.32699    -26.413037    -26.413037
   3.27192    -26.412900    -26.412902
   3.21686    -26.412671    -26.412671
   3.16179    -26.412498    -26.412499
   3.16179    -26.427889    -26.427891
   3.10716    -26.426735    -26.426737
   3.05253    -26.424460    -26.424460
   2.99790    -26.421950    -26.421951
   2.94326    -26.419452    -26.419452
   2.88863    -26.417068    -26.417070
   2.83400    -26.414872    -26.414872
   2.77937    -26.412916    -26.412916
   2.72474    -26.411247    -26.411247
   2.67011    -26.409906    -26.409906
   2.61548    -26.408924    -26.408924
   2.56085    -26.408326    -26.408327
   2.50622    -26.408124    -26.408126
   2.50622    -26.408124    -26.408126
   2.45330    -26.408292    -26.408293
   2.40039    -26.408774    -26.408776
   2.34748    -26.409493    -26.409495
   2.29457    -26.410338    -26.410338
   2.24166    -26.411185    -26.411186
   2.18875    -26.411931    -26.411932
   2.13583    -26.412516    -26.412517
   2.08292    -26.412923    -26.412924
   2.03001    -26.413173    -26.413173
   1.97710    -26.413294    -26.413296
   1.92419    -26.413321    -26.413322
   1.87128    -26.413286    -26.413286
   1.81836    -26.413213    -26.413213
   1.76545    -26.413118    -26.413118
   1.71254    -26.413011    -26.413013
   1.65963    -26.412875    -26.412876
   1.60672    -26.412650    -26.412650
   1.55381    -26.412491    -26.412492
   1.55381    -26.427898    -26.427899
   1.49634    -26.426561    -26.426561
   1.43887    -26.424017    -26.424018
   1.38141    -26.421270    -26.421270
   1.32394    -26.418572    -26.418574
   1.26648    -26.416054    -26.416055
   1.20901    -26.413781    -26.413782
   1.15155    -26.411818    -26.411820
   1.09408    -26.410238    -26.410238
   1.03662    -26.409074    -26.409076
   0.97915    -26.408364    -26.408365
   0.92169    -26.408124    -26.408126
   0.92169    -26.408124    -26.408126
   0.86405    -26.408123    -26.408124
   0.80641    -26.408122    -26.408123
   0.74878    -26.408120    -26.408122
   0.69114    -26.408120    -26.408122
   0.69114    -26.428365    -26.428365
   0.63355    -26.426551    -26.426551
   0.57595    -26.423942    -26.423944
   0.51836    -26.421335    -26.421335
   0.46076    -26.418837    -26.418838
   0.40317    -26.416512    -26.416514
   0.34557    -26.414406    -26.414407
   0.28798    -26.412557    -26.412558
   0.23038    -26.410998    -26.410999
   0.17279    -26.409757    -26.409757
   0.11519    -26.408855    -26.408855
   0.05760    -26.408307    -26.408309
   0.00000    -26.408124    -26.408126
 
# Band-Index   19
   0.00000    -26.403531    -26.403531
   0.05760    -26.403509    -26.403509
   0.11519    -26.403433    -26.403433
   0.17279    -26.403291    -26.403291
   0.23038    -26.403068    -26.403068
   0.28798    -26.402748    -26.402748
   0.34557    -26.402313    -26.402313
   0.40317    -26.401749    -26.401747
   0.46076    -26.401052    -26.401052
   0.51836    -26.400239    -26.400239
   0.57595    -26.399334    -26.399334
   0.63355    -26.398404    -26.398402
   0.69114    -26.397790    -26.397789
   0.69114    -26.403529    -26.403529
   0.74878    -26.403530    -26.403530
   0.80641    -26.403531    -26.403531
   0.86405    -26.403533    -26.403533
   0.92169    -26.403531    -26.403531
   0.92169    -26.403531    -26.403531
   0.97915    -26.403415    -26.403415
   1.03662    -26.403070    -26.403070
   1.09408    -26.402517    -26.402517
   1.15155    -26.401788    -26.401788
   1.20901    -26.400931    -26.400931
   1.26648    -26.399998    -26.399998
   1.32394    -26.399062    -26.399062
   1.38141    -26.398207    -26.398205
   1.43887    -26.397514    -26.397514
   1.49634    -26.397063    -26.397061
   1.55381    -26.396905    -26.396905
   1.55381    -26.410249    -26.410248
   1.60672    -26.410350    -26.410349
   1.65963    -26.410376    -26.410374
   1.71254    -26.410198    -26.410197
   1.76545    -26.409837    -26.409834
   1.81836    -26.409322    -26.409322
   1.87128    -26.408693    -26.408691
   1.92419    -26.407978    -26.407978
   1.97710    -26.407212    -26.407211
   2.03001    -26.406430    -26.406429
   2.08292    -26.405667    -26.405666
   2.13583    -26.404961    -26.404960
   2.18875    -26.404352    -26.404350
   2.24166    -26.403879    -26.403879
   2.29457    -26.403574    -26.403574
   2.34748    -26.403443    -26.403443
   2.40039    -26.403446    -26.403446
   2.45330    -26.403502    -26.403502
   2.50622    -26.403531    -26.403531
   2.50622    -26.403531    -26.403531
   2.56085    -26.403434    -26.403434
   2.61548    -26.403143    -26.403143
   2.67011    -26.402674    -26.402673
   2.72474    -26.402047    -26.402047
   2.77937    -26.401297    -26.401297
   2.83400    -26.400462    -26.400462
   2.88863    -26.399596    -26.399596
   2.94326    -26.398757    -26.398757
   2.99790    -26.398007    -26.398007
   3.05253    -26.397413    -26.397413
   3.10716    -26.397032    -26.397032
   3.16179    -26.396901    -26.396901
   3.16179    -26.410259    -26.410258
   3.21686    -26.410366    -26.410365
   3.27192    -26.410373    -26.410373
   3.32699    -26.410155    -26.410153
   3.38206    -26.409734    -26.409733
   3.43712    -26.409154    -26.409153
   3.49219    -26.408454    -26.408452
   3.54726    -26.407673    -26.407670
   3.60232    -26.406851    -26.406849
   3.65739    -26.406028    -26.406026
   3.71246    -26.405245    -26.405244
   3.76752    -26.404556    -26.404554
   3.82259    -26.404003    -26.404001
   3.87766    -26.403630    -26.403630
   3.93273    -26.403457    -26.403455
   3.98779    -26.403441    -26.403441
   4.04286    -26.403499    -26.403499
   4.09793    -26.403531    -26.403531
   4.09793    -26.403531    -26.403531
   4.15394    -26.403512    -26.403512
   4.20996    -26.403447    -26.403447
   4.26598    -26.403329    -26.403329
   4.32199    -26.403146    -26.403146
   4.37801    -26.402883    -26.402883
   4.43402    -26.402525    -26.402525
   4.49004    -26.402064    -26.402064
   4.54606    -26.401490    -26.401490
   4.60207    -26.400809    -26.400809
   4.65809    -26.400030    -26.400029
   4.71411    -26.399182    -26.399182
   4.77012    -26.398328    -26.398326
   4.82614    -26.397785    -26.397782
 
# Band-Index   20
   4.82614    -26.396749    -26.396749
   4.77012    -26.396248    -26.396248
   4.71411    -26.395536    -26.395535
   4.65809    -26.394932    -26.394931
   4.60207    -26.394509    -26.394506
   4.54606    -26.394284    -26.394282
   4.49004    -26.394251    -26.394250
   4.43402    -26.394379    -26.394378
   4.37801    -26.394616    -26.394614
   4.32199    -26.394907    -26.394906
   4.26598    -26.395197    -26.395195
   4.20996    -26.395440    -26.395437
   4.15394    -26.395599    -26.395598
   4.09793    -26.395656    -26.395653
   4.09793    -26.395656    -26.395653
   4.04286    -26.395533    -26.395530
   3.98779    -26.395152    -26.395149
   3.93273    -26.394488    -26.394485
   3.87766    -26.393584    -26.393583
   3.82259    -26.392612    -26.392609
   3.76752    -26.391855    -26.391853
   3.71246    -26.391648    -26.391647
   3.65739    -26.392252    -26.392252
   3.60232    -26.393709    -26.393708
   3.54726    -26.395843    -26.395841
   3.49219    -26.398374    -26.398373
   3.43712    -26.401014    -26.401013
   3.38206    -26.403523    -26.403522
   3.32699    -26.405717    -26.405717
   3.27192    -26.407478    -26.407477
   3.21686    -26.408721    -26.408721
   3.16179    -26.409247    -26.409246
   3.16179    -26.386100    -26.386097
   3.10716    -26.386329    -26.386326
   3.05253    -26.386979    -26.386978
   2.99790    -26.387953    -26.387951
   2.94326    -26.389124    -26.389121
   2.88863    -26.390376    -26.390373
   2.83400    -26.391610    -26.391607
   2.77937    -26.392755    -26.392753
   2.72474    -26.393755    -26.393752
   2.67011    -26.394568    -26.394565
   2.61548    -26.395166    -26.395164
   2.56085    -26.395532    -26.395530
   2.50622    -26.395656    -26.395653
   2.50622    -26.395656    -26.395653
   2.45330    -26.395546    -26.395544
   2.40039    -26.395207    -26.395205
   2.34748    -26.394616    -26.394614
   2.29457    -26.393798    -26.393797
   2.24166    -26.392872    -26.392871
   2.18875    -26.392059    -26.392059
   2.13583    -26.391641    -26.391640
   2.08292    -26.391869    -26.391868
   2.03001    -26.392871    -26.392871
   1.97710    -26.394582    -26.394581
   1.92419    -26.396791    -26.396790
   1.87128    -26.399251    -26.399249
   1.81836    -26.401729    -26.401727
   1.76545    -26.404035    -26.404034
   1.71254    -26.406036    -26.406035
   1.65963    -26.407636    -26.407636
   1.60672    -26.408765    -26.408763
   1.55381    -26.409237    -26.409237
   1.55381    -26.386107    -26.386105
   1.49634    -26.386380    -26.386378
   1.43887    -26.387144    -26.387142
   1.38141    -26.388264    -26.388262
   1.32394    -26.389581    -26.389579
   1.26648    -26.390956    -26.390953
   1.20901    -26.392260    -26.392257
   1.15155    -26.393413    -26.393410
   1.09408    -26.394367    -26.394365
   1.03662    -26.395076    -26.395073
   0.97915    -26.395509    -26.395506
   0.92169    -26.395656    -26.395653
   0.92169    -26.395656    -26.395653
   0.86405    -26.395656    -26.395653
   0.80641    -26.395653    -26.395651
   0.74878    -26.395651    -26.395649
   0.69114    -26.395650    -26.395647
   0.69114    -26.396756    -26.396756
   0.63355    -26.396196    -26.396196
   0.57595    -26.395432    -26.395432
   0.51836    -26.394815    -26.394813
   0.46076    -26.394416    -26.394416
   0.40317    -26.394253    -26.394253
   0.34557    -26.394302    -26.394302
   0.28798    -26.394512    -26.394509
   0.23038    -26.394810    -26.394808
   0.17279    -26.395129    -26.395126
   0.11519    -26.395405    -26.395404
   0.05760    -26.395591    -26.395588
   0.00000    -26.395656    -26.395653
 
# Band-Index   21
   0.00000    -26.364797    -26.364797
   0.05760    -26.364686    -26.364686
   0.11519    -26.364359    -26.364359
   0.17279    -26.363833    -26.363833
   0.23038    -26.363126    -26.363128
   0.28798    -26.362271    -26.362271
   0.34557    -26.361300    -26.361300
   0.40317    -26.360250    -26.360252
   0.46076    -26.359167    -26.359168
   0.51836    -26.358102    -26.358102
   0.57595    -26.357114    -26.357114
   0.63355    -26.356296    -26.356295
   0.69114    -26.355877    -26.355875
   0.69114    -26.364773    -26.364773
   0.74878    -26.364774    -26.364774
   0.80641    -26.364781    -26.364781
   0.86405    -26.364790    -26.364791
   0.92169    -26.364797    -26.364797
   0.92169    -26.364797    -26.364797
   0.97915    -26.364722    -26.364722
   1.03662    -26.364503    -26.364503
   1.09408    -26.364151    -26.364151
   1.15155    -26.363687    -26.363688
   1.20901    -26.363138    -26.363138
   1.26648    -26.362533    -26.362534
   1.32394    -26.361922    -26.361922
   1.38141    -26.361360    -26.361360
   1.43887    -26.360910    -26.360910
   1.49634    -26.360622    -26.360622
   1.55381    -26.360527    -26.360527
   1.55381    -26.353704    -26.353704
   1.60672    -26.353945    -26.353946
   1.65963    -26.354373    -26.354373
   1.71254    -26.354895    -26.354895
   1.76545    -26.355507    -26.355507
   1.81836    -26.356206    -26.356206
   1.87128    -26.356980    -26.356981
   1.92419    -26.357820    -26.357822
   1.97710    -26.358714    -26.358714
   2.03001    -26.359644    -26.359644
   2.08292    -26.360574    -26.360574
   2.13583    -26.361458    -26.361459
   2.18875    -26.362271    -26.362271
   2.24166    -26.362996    -26.362996
   2.29457    -26.363618    -26.363619
   2.34748    -26.364120    -26.364120
   2.40039    -26.364491    -26.364491
   2.45330    -26.364718    -26.364719
   2.50622    -26.364797    -26.364797
   2.50622    -26.364797    -26.364797
   2.56085    -26.364733    -26.364733
   2.61548    -26.364548    -26.364548
   2.67011    -26.364248    -26.364248
   2.72474    -26.363847    -26.363847
   2.77937    -26.363364    -26.363364
   2.83400    -26.362824    -26.362824
   2.88863    -26.362258    -26.362258
   2.94326    -26.361707    -26.361707
   2.99790    -26.361213    -26.361213
   3.05253    -26.360826    -26.360826
   3.10716    -26.360584    -26.360584
   3.16179    -26.360504    -26.360504
   3.16179    -26.353728    -26.353728
   3.21686    -26.353991    -26.353993
   3.27192    -26.354453    -26.354453
   3.32699    -26.355020    -26.355020
   3.38206    -26.355687    -26.355687
   3.43712    -26.356445    -26.356445
   3.49219    -26.357287    -26.357288
   3.54726    -26.358199    -26.358199
   3.60232    -26.359167    -26.359167
   3.65739    -26.360153    -26.360155
   3.71246    -26.361111    -26.361111
   3.76752    -26.362001    -26.362001
   3.82259    -26.362799    -26.362799
   3.87766    -26.363485    -26.363485
   3.93273    -26.364044    -26.364044
   3.98779    -26.364455    -26.364456
   4.04286    -26.364710    -26.364711
   4.09793    -26.364797    -26.364797
   4.09793    -26.364797    -26.364797
   4.15394    -26.364701    -26.364701
   4.20996    -26.364421    -26.364421
   4.26598    -26.363968    -26.363968
   4.32199    -26.363356    -26.363356
   4.37801    -26.362607    -26.362607
   4.43402    -26.361747    -26.361747
   4.49004    -26.360807    -26.360807
   4.54606    -26.359818    -26.359820
   4.60207    -26.358816    -26.358816
   4.65809    -26.357843    -26.357843
   4.71411    -26.356952    -26.356952
   4.77012    -26.356222    -26.356222
   4.82614    -26.355856    -26.355856
 
# Band-Index   22
   4.82614    -26.355431    -26.355431
   4.77012    -26.355352    -26.355352
   4.71411    -26.355362    -26.355360
   4.65809    -26.355401    -26.355400
   4.60207    -26.355335    -26.355335
   4.54606    -26.355092    -26.355090
   4.49004    -26.354657    -26.354657
   4.43402    -26.354069    -26.354067
   4.37801    -26.353383    -26.353383
   4.32199    -26.352673    -26.352673
   4.26598    -26.352007    -26.352007
   4.20996    -26.351463    -26.351463
   4.15394    -26.351102    -26.351102
   4.09793    -26.350976    -26.350976
   4.09793    -26.350976    -26.350976
   4.04286    -26.351108    -26.351108
   3.98779    -26.351516    -26.351516
   3.93273    -26.352224    -26.352224
   3.87766    -26.353214    -26.353214
   3.82259    -26.354364    -26.354364
   3.76752    -26.355414    -26.355414
   3.71246    -26.356032    -26.356032
   3.65739    -26.355984    -26.355984
   3.60232    -26.355249    -26.355249
   3.54726    -26.354138    -26.354138
   3.49219    -26.353209    -26.353209
   3.43712    -26.352773    -26.352773
   3.38206    -26.352691    -26.352691
   3.32699    -26.352784    -26.352784
   3.27192    -26.352967    -26.352967
   3.21686    -26.353202    -26.353203
   3.16179    -26.353392    -26.353393
   3.16179    -26.357834    -26.357834
   3.10716    -26.357699    -26.357699
   3.05253    -26.357308    -26.357308
   2.99790    -26.356699    -26.356699
   2.94326    -26.355927    -26.355927
   2.88863    -26.355061    -26.355061
   2.83400    -26.354164    -26.354164
   2.77937    -26.353300    -26.353300
   2.72474    -26.352521    -26.352521
   2.67011    -26.351871    -26.351871
   2.61548    -26.351381    -26.351381
   2.56085    -26.351078    -26.351078
   2.50622    -26.350976    -26.350976
   2.50622    -26.350976    -26.350976
   2.45330    -26.351094    -26.351094
   2.40039    -26.351457    -26.351457
   2.34748    -26.352085    -26.352085
   2.29457    -26.352972    -26.352972
   2.24166    -26.354040    -26.354040
   2.18875    -26.355094    -26.355094
   2.13583    -26.355860    -26.355860
   2.08292    -26.356088    -26.356088
   2.03001    -26.355680    -26.355680
   1.97710    -26.354761    -26.354761
   1.92419    -26.353717    -26.353717
   1.87128    -26.352999    -26.352999
   1.81836    -26.352708    -26.352708
   1.76545    -26.352680    -26.352680
   1.71254    -26.352787    -26.352787
   1.65963    -26.352967    -26.352967
   1.60672    -26.353193    -26.353193
   1.55381    -26.353368    -26.353368
   1.55381    -26.357840    -26.357840
   1.49634    -26.357681    -26.357681
   1.43887    -26.357219    -26.357219
   1.38141    -26.356509    -26.356509
   1.32394    -26.355625    -26.355625
   1.26648    -26.354660    -26.354660
   1.20901    -26.353692    -26.353692
   1.15155    -26.352794    -26.352794
   1.09408    -26.352034    -26.352034
   1.03662    -26.351457    -26.351457
   0.97915    -26.351098    -26.351098
   0.92169    -26.350976    -26.350976
   0.92169    -26.350976    -26.350976
   0.86405    -26.350976    -26.350976
   0.80641    -26.350973    -26.350973
   0.74878    -26.350970    -26.350970
   0.69114    -26.350970    -26.350970
   0.69114    -26.355452    -26.355452
   0.63355    -26.355365    -26.355365
   0.57595    -26.355384    -26.355383
   0.51836    -26.355410    -26.355410
   0.46076    -26.355283    -26.355282
   0.40317    -26.354940    -26.354938
   0.34557    -26.354384    -26.354384
   0.28798    -26.353680    -26.353679
   0.23038    -26.352909    -26.352909
   0.17279    -26.352165    -26.352165
   0.11519    -26.351543    -26.351543
   0.05760    -26.351125    -26.351125
   0.00000    -26.350976    -26.350976
 
# Band-Index   23
   0.00000    -26.347628    -26.347628
   0.05760    -26.347635    -26.347637
   0.11519    -26.347669    -26.347669
   0.17279    -26.347753    -26.347755
   0.23038    -26.347914    -26.347914
   0.28798    -26.348163    -26.348164
   0.34557    -26.348502    -26.348502
   0.40317    -26.348921    -26.348921
   0.46076    -26.349403    -26.349404
   0.51836    -26.349908    -26.349908
   0.57595    -26.350352    -26.350354
   0.63355    -26.350590    -26.350590
   0.69114    -26.350524    -26.350524
   0.69114    -26.347606    -26.347606
   0.74878    -26.347610    -26.347610
   0.80641    -26.347618    -26.347620
   0.86405    -26.347625    -26.347627
   0.92169    -26.347628    -26.347628
   0.92169    -26.347628    -26.347628
   0.97915    -26.347679    -26.347680
   1.03662    -26.347838    -26.347838
   1.09408    -26.348112    -26.348114
   1.15155    -26.348547    -26.348547
   1.20901    -26.349225    -26.349224
   1.26648    -26.350254    -26.350254
   1.32394    -26.351619    -26.351617
   1.38141    -26.353093    -26.353092
   1.43887    -26.354392    -26.354391
   1.49634    -26.355279    -26.355277
   1.55381    -26.355594    -26.355593
   1.55381    -26.340229    -26.340228
   1.60672    -26.340466    -26.340464
   1.65963    -26.341234    -26.341233
   1.71254    -26.342467    -26.342465
   1.76545    -26.344046    -26.344044
   1.81836    -26.345792    -26.345792
   1.87128    -26.347418    -26.347418
   1.92419    -26.348560    -26.348560
   1.97710    -26.349085    -26.349085
   2.03001    -26.349193    -26.349193
   2.08292    -26.349092    -26.349092
   2.13583    -26.348885    -26.348885
   2.18875    -26.348624    -26.348624
   2.24166    -26.348343    -26.348344
   2.29457    -26.348076    -26.348077
   2.34748    -26.347862    -26.347862
   2.40039    -26.347721    -26.347721
   2.45330    -26.347649    -26.347651
   2.50622    -26.347628    -26.347628
   2.50622    -26.347628    -26.347628
   2.56085    -26.347672    -26.347672
   2.61548    -26.347801    -26.347803
   2.67011    -26.348028    -26.348029
   2.72474    -26.348377    -26.348377
   2.77937    -26.348896    -26.348896
   2.83400    -26.349677    -26.349676
   2.88863    -26.350780    -26.350779
   2.94326    -26.352106    -26.352104
   2.99790    -26.353437    -26.353435
   3.05253    -26.354567    -26.354564
   3.10716    -26.355320    -26.355320
   3.16179    -26.355587    -26.355584
   3.16179    -26.340238    -26.340236
   3.21686    -26.340504    -26.340502
   3.27192    -26.341363    -26.341363
   3.32699    -26.342731    -26.342730
   3.38206    -26.344458    -26.344458
   3.43712    -26.346307    -26.346307
   3.49219    -26.347901    -26.347900
   3.54726    -26.348852    -26.348852
   3.60232    -26.349184    -26.349184
   3.65739    -26.349169    -26.349169
   3.71246    -26.348987    -26.348987
   3.76752    -26.348726    -26.348726
   3.82259    -26.348430    -26.348430
   3.87766    -26.348139    -26.348139
   3.93273    -26.347897    -26.347897
   3.98779    -26.347734    -26.347735
   4.04286    -26.347651    -26.347652
   4.09793    -26.347628    -26.347628
   4.09793    -26.347628    -26.347628
   4.15394    -26.347634    -26.347634
   4.20996    -26.347658    -26.347658
   4.26598    -26.347724    -26.347724
   4.32199    -26.347852    -26.347852
   4.37801    -26.348050    -26.348052
   4.43402    -26.348325    -26.348325
   4.49004    -26.348674    -26.348674
   4.54606    -26.349086    -26.349086
   4.60207    -26.349543    -26.349543
   4.65809    -26.350003    -26.350003
   4.71411    -26.350390    -26.350390
   4.77012    -26.350579    -26.350579
   4.82614    -26.350513    -26.350513
 
# Band-Index   24
   4.82614    -26.350300    -26.350300
   4.77012    -26.349864    -26.349863
   4.71411    -26.349076    -26.349075
   4.65809    -26.348135    -26.348132
   4.60207    -26.347133    -26.347130
   4.54606    -26.346138    -26.346135
   4.49004    -26.345195    -26.345194
   4.43402    -26.344340    -26.344337
   4.37801    -26.343591    -26.343590
   4.32199    -26.342965    -26.342963
   4.26598    -26.342471    -26.342468
   4.20996    -26.342115    -26.342112
   4.15394    -26.341900    -26.341898
   4.09793    -26.341829    -26.341828
   4.09793    -26.341829    -26.341828
   4.04286    -26.341945    -26.341943
   3.98779    -26.342243    -26.342242
   3.93273    -26.342592    -26.342589
   3.87766    -26.342842    -26.342841
   3.82259    -26.342921    -26.342920
   3.76752    -26.342834    -26.342833
   3.71246    -26.342621    -26.342619
   3.65739    -26.342330    -26.342329
   3.60232    -26.341992    -26.341991
   3.54726    -26.341638    -26.341636
   3.49219    -26.341292    -26.341290
   3.43712    -26.340971    -26.340969
   3.38206    -26.340687    -26.340685
   3.32699    -26.340453    -26.340452
   3.27192    -26.340280    -26.340279
   3.21686    -26.340166    -26.340165
   3.16179    -26.340100    -26.340100
   3.16179    -26.349213    -26.349213
   3.10716    -26.349134    -26.349134
   3.05253    -26.348909    -26.348909
   2.99790    -26.348551    -26.348551
   2.94326    -26.348060    -26.348060
   2.88863    -26.347403    -26.347402
   2.83400    -26.346514    -26.346514
   2.77937    -26.345425    -26.345423
   2.72474    -26.344289    -26.344288
   2.67011    -26.343276    -26.343273
   2.61548    -26.342489    -26.342488
   2.56085    -26.341997    -26.341995
   2.50622    -26.341829    -26.341828
   2.50622    -26.341829    -26.341828
   2.45330    -26.341933    -26.341932
   2.40039    -26.342205    -26.342204
   2.34748    -26.342536    -26.342533
   2.29457    -26.342799    -26.342797
   2.24166    -26.342916    -26.342913
   2.18875    -26.342876    -26.342875
   2.13583    -26.342712    -26.342710
   2.08292    -26.342460    -26.342460
   2.03001    -26.342157    -26.342156
   1.97710    -26.341829    -26.341828
   1.92419    -26.341496    -26.341494
   1.87128    -26.341175    -26.341175
   1.81836    -26.340881    -26.340879
   1.76545    -26.340625    -26.340623
   1.71254    -26.340414    -26.340414
   1.65963    -26.340259    -26.340256
   1.60672    -26.340155    -26.340153
   1.55381    -26.340093    -26.340091
   1.55381    -26.349234    -26.349235
   1.49634    -26.349142    -26.349142
   1.43887    -26.348876    -26.348876
   1.38141    -26.348450    -26.348451
   1.32394    -26.347859    -26.347859
   1.26648    -26.347043    -26.347043
   1.20901    -26.345948    -26.345948
   1.15155    -26.344698    -26.344696
   1.09408    -26.343533    -26.343532
   1.03662    -26.342612    -26.342610
   0.97915    -26.342028    -26.342026
   0.92169    -26.341829    -26.341828
   0.92169    -26.341829    -26.341828
   0.86405    -26.341828    -26.341825
   0.80641    -26.341826    -26.341824
   0.74878    -26.341825    -26.341824
   0.69114    -26.341825    -26.341824
   0.69114    -26.350313    -26.350313
   0.63355    -26.349818    -26.349816
   0.57595    -26.348935    -26.348934
   0.51836    -26.347891    -26.347890
   0.46076    -26.346801    -26.346799
   0.40317    -26.345740    -26.345740
   0.34557    -26.344759    -26.344758
   0.28798    -26.343891    -26.343889
   0.23038    -26.343162    -26.343159
   0.17279    -26.342582    -26.342581
   0.11519    -26.342166    -26.342163
   0.05760    -26.341914    -26.341911
   0.00000    -26.341829    -26.341828
 
# Band-Index   25
   0.00000    -26.146939    -26.146942
   0.05760    -26.146935    -26.146937
   0.11519    -26.146922    -26.146925
   0.17279    -26.146901    -26.146904
   0.23038    -26.146876    -26.146877
   0.28798    -26.146845    -26.146847
   0.34557    -26.146811    -26.146814
   0.40317    -26.146777    -26.146780
   0.46076    -26.146745    -26.146749
   0.51836    -26.146719    -26.146722
   0.57595    -26.146700    -26.146702
   0.63355    -26.146687    -26.146690
   0.69114    -26.146683    -26.146686
   0.69114    -26.146922    -26.146925
   0.74878    -26.146923    -26.146926
   0.80641    -26.146930    -26.146933
   0.86405    -26.146936    -26.146939
   0.92169    -26.146939    -26.146942
   0.92169    -26.146939    -26.146942
   0.97915    -26.146957    -26.146960
   1.03662    -26.147011    -26.147013
   1.09408    -26.147095    -26.147098
   1.15155    -26.147206    -26.147209
   1.20901    -26.147341    -26.147344
   1.26648    -26.147479    -26.147482
   1.32394    -26.147609    -26.147613
   1.38141    -26.147730    -26.147733
   1.43887    -26.147825    -26.147828
   1.49634    -26.147887    -26.147890
   1.55381    -26.147908    -26.147911
   1.55381    -26.147578    -26.147582
   1.60672    -26.147572    -26.147575
   1.65963    -26.147557    -26.147559
   1.71254    -26.147533    -26.147534
   1.76545    -26.147499    -26.147502
   1.81836    -26.147460    -26.147462
   1.87128    -26.147412    -26.147416
   1.92419    -26.147361    -26.147364
   1.97710    -26.147306    -26.147309
   2.03001    -26.147251    -26.147253
   2.08292    -26.147195    -26.147198
   2.13583    -26.147143    -26.147146
   2.18875    -26.147092    -26.147095
   2.24166    -26.147049    -26.147051
   2.29457    -26.147011    -26.147013
   2.34748    -26.146980    -26.146983
   2.40039    -26.146956    -26.146959
   2.45330    -26.146943    -26.146946
   2.50622    -26.146939    -26.146942
   2.50622    -26.146939    -26.146942
   2.56085    -26.146954    -26.146957
   2.61548    -26.146999    -26.147002
   2.67011    -26.147073    -26.147075
   2.72474    -26.147167    -26.147170
   2.77937    -26.147278    -26.147281
   2.83400    -26.147400    -26.147403
   2.88863    -26.147526    -26.147530
   2.94326    -26.147644    -26.147647
   2.99790    -26.147748    -26.147751
   3.05253    -26.147830    -26.147832
   3.10716    -26.147882    -26.147884
   3.16179    -26.147900    -26.147903
   3.16179    -26.147592    -26.147595
   3.21686    -26.147585    -26.147588
   3.27192    -26.147568    -26.147571
   3.32699    -26.147540    -26.147543
   3.38206    -26.147502    -26.147506
   3.43712    -26.147455    -26.147458
   3.49219    -26.147403    -26.147405
   3.54726    -26.147346    -26.147348
   3.60232    -26.147289    -26.147292
   3.65739    -26.147229    -26.147233
   3.71246    -26.147168    -26.147170
   3.76752    -26.147112    -26.147115
   3.82259    -26.147063    -26.147066
   3.87766    -26.147020    -26.147022
   3.93273    -26.146985    -26.146988
   3.98779    -26.146959    -26.146961
   4.04286    -26.146943    -26.146946
   4.09793    -26.146939    -26.146942
   4.09793    -26.146939    -26.146942
   4.15394    -26.146935    -26.146939
   4.20996    -26.146923    -26.146926
   4.26598    -26.146904    -26.146908
   4.32199    -26.146880    -26.146883
   4.37801    -26.146852    -26.146853
   4.43402    -26.146818    -26.146821
   4.49004    -26.146786    -26.146788
   4.54606    -26.146755    -26.146757
   4.60207    -26.146725    -26.146728
   4.65809    -26.146701    -26.146704
   4.71411    -26.146683    -26.146686
   4.77012    -26.146673    -26.146674
   4.82614    -26.146669    -26.146673
 
# Band-Index   26
   4.82614    -26.144388    -26.144391
   4.77012    -26.144389    -26.144392
   4.71411    -26.144402    -26.144403
   4.65809    -26.144419    -26.144423
   4.60207    -26.144443    -26.144447
   4.54606    -26.144471    -26.144475
   4.49004    -26.144502    -26.144505
   4.43402    -26.144533    -26.144537
   4.37801    -26.144565    -26.144568
   4.32199    -26.144593    -26.144596
   4.26598    -26.144616    -26.144618
   4.20996    -26.144634    -26.144637
   4.15394    -26.144644    -26.144647
   4.09793    -26.144648    -26.144651
   4.09793    -26.144648    -26.144651
   4.04286    -26.144652    -26.144655
   3.98779    -26.144668    -26.144671
   3.93273    -26.144693    -26.144696
   3.87766    -26.144727    -26.144730
   3.82259    -26.144768    -26.144770
   3.76752    -26.144815    -26.144818
   3.71246    -26.144869    -26.144870
   3.65739    -26.144927    -26.144929
   3.60232    -26.144983    -26.144986
   3.54726    -26.145034    -26.145038
   3.49219    -26.145088    -26.145091
   3.43712    -26.145138    -26.145141
   3.38206    -26.145181    -26.145183
   3.32699    -26.145215    -26.145218
   3.27192    -26.145242    -26.145245
   3.21686    -26.145259    -26.145263
   3.16179    -26.145266    -26.145269
   3.16179    -26.145564    -26.145567
   3.10716    -26.145546    -26.145549
   3.05253    -26.145497    -26.145499
   2.99790    -26.145419    -26.145422
   2.94326    -26.145321    -26.145323
   2.88863    -26.145207    -26.145211
   2.83400    -26.145087    -26.145090
   2.77937    -26.144972    -26.144975
   2.72474    -26.144865    -26.144868
   2.67011    -26.144775    -26.144778
   2.61548    -26.144706    -26.144709
   2.56085    -26.144664    -26.144665
   2.50622    -26.144648    -26.144651
   2.50622    -26.144648    -26.144651
   2.45330    -26.144652    -26.144655
   2.40039    -26.144665    -26.144668
   2.34748    -26.144686    -26.144689
   2.29457    -26.144716    -26.144718
   2.24166    -26.144751    -26.144754
   2.18875    -26.144793    -26.144796
   2.13583    -26.144839    -26.144842
   2.08292    -26.144889    -26.144893
   2.03001    -26.144942    -26.144945
   1.97710    -26.144994    -26.144997
   1.92419    -26.145046    -26.145048
   1.87128    -26.145094    -26.145097
   1.81836    -26.145138    -26.145142
   1.76545    -26.145176    -26.145180
   1.71254    -26.145207    -26.145211
   1.65963    -26.145231    -26.145233
   1.60672    -26.145246    -26.145249
   1.55381    -26.145252    -26.145255
   1.55381    -26.145581    -26.145584
   1.49634    -26.145560    -26.145563
   1.43887    -26.145501    -26.145504
   1.38141    -26.145411    -26.145414
   1.32394    -26.145295    -26.145298
   1.26648    -26.145172    -26.145173
   1.20901    -26.145038    -26.145041
   1.15155    -26.144908    -26.144911
   1.09408    -26.144800    -26.144803
   1.03662    -26.144718    -26.144721
   0.97915    -26.144666    -26.144668
   0.92169    -26.144648    -26.144651
   0.92169    -26.144648    -26.144651
   0.86405    -26.144647    -26.144649
   0.80641    -26.144644    -26.144647
   0.74878    -26.144640    -26.144644
   0.69114    -26.144640    -26.144644
   0.69114    -26.144402    -26.144405
   0.63355    -26.144405    -26.144409
   0.57595    -26.144417    -26.144420
   0.51836    -26.144437    -26.144440
   0.46076    -26.144461    -26.144464
   0.40317    -26.144492    -26.144495
   0.34557    -26.144526    -26.144528
   0.28798    -26.144557    -26.144559
   0.23038    -26.144586    -26.144589
   0.17279    -26.144613    -26.144616
   0.11519    -26.144633    -26.144635
   0.05760    -26.144644    -26.144647
   0.00000    -26.144648    -26.144651
 
# Band-Index   27
   0.00000    -26.108193    -26.108196
   0.05760    -26.108251    -26.108254
   0.11519    -26.108418    -26.108421
   0.17279    -26.108683    -26.108685
   0.23038    -26.109029    -26.109030
   0.28798    -26.109430    -26.109431
   0.34557    -26.109858    -26.109859
   0.40317    -26.110285    -26.110287
   0.46076    -26.110684    -26.110685
   0.51836    -26.111026    -26.111027
   0.57595    -26.111289    -26.111292
   0.63355    -26.111455    -26.111456
   0.69114    -26.111510    -26.111512
   0.69114    -26.108189    -26.108192
   0.74878    -26.108189    -26.108192
   0.80641    -26.108192    -26.108193
   0.86405    -26.108193    -26.108196
   0.92169    -26.108193    -26.108196
   0.92169    -26.108193    -26.108196
   0.97915    -26.108194    -26.108196
   1.03662    -26.108196    -26.108199
   1.09408    -26.108199    -26.108201
   1.15155    -26.108204    -26.108206
   1.20901    -26.108211    -26.108213
   1.26648    -26.108217    -26.108218
   1.32394    -26.108220    -26.108221
   1.38141    -26.108223    -26.108225
   1.43887    -26.108227    -26.108228
   1.49634    -26.108228    -26.108230
   1.55381    -26.108230    -26.108232
   1.55381    -26.111462    -26.111465
   1.60672    -26.111438    -26.111441
   1.65963    -26.111365    -26.111368
   1.71254    -26.111247    -26.111248
   1.76545    -26.111085    -26.111088
   1.81836    -26.110888    -26.110889
   1.87128    -26.110657    -26.110660
   1.92419    -26.110401    -26.110404
   1.97710    -26.110128    -26.110129
   2.03001    -26.109844    -26.109845
   2.08292    -26.109559    -26.109562
   2.13583    -26.109285    -26.109286
   2.18875    -26.109025    -26.109026
   2.24166    -26.108787    -26.108790
   2.29457    -26.108583    -26.108586
   2.34748    -26.108417    -26.108420
   2.40039    -26.108294    -26.108296
   2.45330    -26.108220    -26.108221
   2.50622    -26.108193    -26.108196
   2.50622    -26.108193    -26.108196
   2.56085    -26.108194    -26.108196
   2.61548    -26.108196    -26.108197
   2.67011    -26.108199    -26.108200
   2.72474    -26.108201    -26.108203
   2.77937    -26.108204    -26.108206
   2.83400    -26.108207    -26.108210
   2.88863    -26.108210    -26.108213
   2.94326    -26.108213    -26.108216
   2.99790    -26.108217    -26.108218
   3.05253    -26.108220    -26.108221
   3.10716    -26.108224    -26.108225
   3.16179    -26.108225    -26.108227
   3.16179    -26.111472    -26.111473
   3.21686    -26.111442    -26.111445
   3.27192    -26.111359    -26.111362
   3.32699    -26.111227    -26.111230
   3.38206    -26.111048    -26.111051
   3.43712    -26.110827    -26.110830
   3.49219    -26.110574    -26.110577
   3.54726    -26.110294    -26.110297
   3.60232    -26.110003    -26.110004
   3.65739    -26.109700    -26.109703
   3.71246    -26.109399    -26.109402
   3.76752    -26.109116    -26.109119
   3.82259    -26.108856    -26.108857
   3.87766    -26.108629    -26.108631
   3.93273    -26.108445    -26.108446
   3.98779    -26.108307    -26.108310
   4.04286    -26.108223    -26.108224
   4.09793    -26.108193    -26.108196
   4.09793    -26.108193    -26.108196
   4.15394    -26.108242    -26.108244
   4.20996    -26.108386    -26.108387
   4.26598    -26.108614    -26.108615
   4.32199    -26.108915    -26.108916
   4.37801    -26.109267    -26.109269
   4.43402    -26.109654    -26.109656
   4.49004    -26.110052    -26.110055
   4.54606    -26.110439    -26.110442
   4.60207    -26.110791    -26.110792
   4.65809    -26.111088    -26.111089
   4.71411    -26.111313    -26.111315
   4.77012    -26.111455    -26.111458
   4.82614    -26.111504    -26.111507
 
# Band-Index   28
   4.82614    -26.110057    -26.110059
   4.77012    -26.110008    -26.110010
   4.71411    -26.109868    -26.109869
   4.65809    -26.109644    -26.109644
   4.60207    -26.109347    -26.109350
   4.54606    -26.108998    -26.108999
   4.49004    -26.108614    -26.108617
   4.43402    -26.108218    -26.108220
   4.37801    -26.107834    -26.107836
   4.32199    -26.107484    -26.107484
   4.26598    -26.107184    -26.107187
   4.20996    -26.106958    -26.106959
   4.15394    -26.106817    -26.106817
   4.09793    -26.106768    -26.106769
   4.09793    -26.106768    -26.106769
   4.04286    -26.106796    -26.106797
   3.98779    -26.106879    -26.106882
   3.93273    -26.107017    -26.107017
   3.87766    -26.107200    -26.107201
   3.82259    -26.107423    -26.107425
   3.76752    -26.107682    -26.107684
   3.71246    -26.107964    -26.107965
   3.65739    -26.108262    -26.108265
   3.60232    -26.108562    -26.108563
   3.54726    -26.108853    -26.108854
   3.49219    -26.109129    -26.109130
   3.43712    -26.109381    -26.109382
   3.38206    -26.109600    -26.109602
   3.32699    -26.109777    -26.109779
   3.27192    -26.109908    -26.109910
   3.21686    -26.109990    -26.109993
   3.16179    -26.110018    -26.110021
   3.16179    -26.106793    -26.106794
   3.10716    -26.106791    -26.106793
   3.05253    -26.106789    -26.106789
   2.99790    -26.106786    -26.106787
   2.94326    -26.106783    -26.106784
   2.88863    -26.106780    -26.106782
   2.83400    -26.106779    -26.106779
   2.77937    -26.106775    -26.106777
   2.72474    -26.106773    -26.106775
   2.67011    -26.106772    -26.106772
   2.61548    -26.106769    -26.106770
   2.56085    -26.106769    -26.106769
   2.50622    -26.106768    -26.106769
   2.50622    -26.106768    -26.106769
   2.45330    -26.106793    -26.106794
   2.40039    -26.106867    -26.106869
   2.34748    -26.106988    -26.106990
   2.29457    -26.107153    -26.107156
   2.24166    -26.107356    -26.107359
   2.18875    -26.107591    -26.107594
   2.13583    -26.107850    -26.107851
   2.08292    -26.108123    -26.108124
   2.03001    -26.108404    -26.108407
   1.97710    -26.108685    -26.108687
   1.92419    -26.108957    -26.108960
   1.87128    -26.109212    -26.109213
   1.81836    -26.109440    -26.109441
   1.76545    -26.109637    -26.109638
   1.71254    -26.109796    -26.109797
   1.65963    -26.109914    -26.109915
   1.60672    -26.109986    -26.109987
   1.55381    -26.110010    -26.110011
   1.55381    -26.106799    -26.106800
   1.49634    -26.106796    -26.106799
   1.43887    -26.106794    -26.106796
   1.38141    -26.106793    -26.106793
   1.32394    -26.106789    -26.106790
   1.26648    -26.106786    -26.106789
   1.20901    -26.106782    -26.106784
   1.15155    -26.106776    -26.106777
   1.09408    -26.106772    -26.106773
   1.03662    -26.106769    -26.106772
   0.97915    -26.106769    -26.106769
   0.92169    -26.106768    -26.106769
   0.92169    -26.106768    -26.106769
   0.86405    -26.106768    -26.106769
   0.80641    -26.106765    -26.106766
   0.74878    -26.106763    -26.106765
   0.69114    -26.106763    -26.106765
   0.69114    -26.110063    -26.110066
   0.63355    -26.110007    -26.110008
   0.57595    -26.109844    -26.109845
   0.51836    -26.109582    -26.109582
   0.46076    -26.109240    -26.109243
   0.40317    -26.108846    -26.108847
   0.34557    -26.108421    -26.108421
   0.28798    -26.107995    -26.107996
   0.23038    -26.107596    -26.107598
   0.17279    -26.107253    -26.107256
   0.11519    -26.106990    -26.106993
   0.05760    -26.106824    -26.106827
   0.00000    -26.106768    -26.106769
 
# Band-Index   29
   0.00000    -26.101405    -26.101406
   0.05760    -26.101398    -26.101399
   0.11519    -26.101380    -26.101381
   0.17279    -26.101349    -26.101351
   0.23038    -26.101311    -26.101313
   0.28798    -26.101268    -26.101270
   0.34557    -26.101222    -26.101225
   0.40317    -26.101177    -26.101180
   0.46076    -26.101135    -26.101138
   0.51836    -26.101101    -26.101102
   0.57595    -26.101074    -26.101076
   0.63355    -26.101057    -26.101059
   0.69114    -26.101052    -26.101055
   0.69114    -26.101384    -26.101385
   0.74878    -26.101387    -26.101388
   0.80641    -26.101394    -26.101395
   0.86405    -26.101401    -26.101403
   0.92169    -26.101405    -26.101406
   0.92169    -26.101405    -26.101406
   0.97915    -26.101415    -26.101416
   1.03662    -26.101446    -26.101447
   1.09408    -26.101491    -26.101492
   1.15155    -26.101548    -26.101550
   1.20901    -26.101616    -26.101617
   1.26648    -26.101678    -26.101679
   1.32394    -26.101731    -26.101733
   1.38141    -26.101778    -26.101781
   1.43887    -26.101816    -26.101817
   1.49634    -26.101837    -26.101840
   1.55381    -26.101847    -26.101848
   1.55381    -26.101420    -26.101422
   1.60672    -26.101422    -26.101423
   1.65963    -26.101423    -26.101425
   1.71254    -26.101425    -26.101426
   1.76545    -26.101426    -26.101429
   1.81836    -26.101429    -26.101432
   1.87128    -26.101432    -26.101433
   1.92419    -26.101432    -26.101434
   1.97710    -26.101432    -26.101433
   2.03001    -26.101429    -26.101432
   2.08292    -26.101427    -26.101429
   2.13583    -26.101425    -26.101426
   2.18875    -26.101420    -26.101422
   2.24166    -26.101416    -26.101419
   2.29457    -26.101412    -26.101415
   2.34748    -26.101408    -26.101411
   2.40039    -26.101406    -26.101408
   2.45330    -26.101405    -26.101406
   2.50622    -26.101405    -26.101406
   2.50622    -26.101405    -26.101406
   2.56085    -26.101412    -26.101415
   2.61548    -26.101436    -26.101439
   2.67011    -26.101474    -26.101475
   2.72474    -26.101522    -26.101523
   2.77937    -26.101575    -26.101578
   2.83400    -26.101630    -26.101633
   2.88863    -26.101685    -26.101686
   2.94326    -26.101733    -26.101736
   2.99790    -26.101775    -26.101776
   3.05253    -26.101805    -26.101806
   3.10716    -26.101824    -26.101826
   3.16179    -26.101833    -26.101834
   3.16179    -26.101439    -26.101441
   3.21686    -26.101439    -26.101441
   3.27192    -26.101440    -26.101443
   3.32699    -26.101441    -26.101443
   3.38206    -26.101443    -26.101446
   3.43712    -26.101443    -26.101446
   3.49219    -26.101443    -26.101446
   3.54726    -26.101444    -26.101446
   3.60232    -26.101446    -26.101447
   3.65739    -26.101441    -26.101444
   3.71246    -26.101434    -26.101436
   3.76752    -26.101429    -26.101432
   3.82259    -26.101423    -26.101425
   3.87766    -26.101418    -26.101419
   3.93273    -26.101412    -26.101415
   3.98779    -26.101408    -26.101409
   4.04286    -26.101405    -26.101406
   4.09793    -26.101405    -26.101406
   4.09793    -26.101405    -26.101406
   4.15394    -26.101398    -26.101401
   4.20996    -26.101381    -26.101384
   4.26598    -26.101354    -26.101356
   4.32199    -26.101319    -26.101322
   4.37801    -26.101278    -26.101280
   4.43402    -26.101233    -26.101235
   4.49004    -26.101190    -26.101191
   4.54606    -26.101147    -26.101149
   4.60207    -26.101109    -26.101111
   4.65809    -26.101077    -26.101080
   4.71411    -26.101053    -26.101056
   4.77012    -26.101038    -26.101040
   4.82614    -26.101035    -26.101036
 
# Band-Index   30
   4.82614    -26.098847    -26.098850
   4.77012    -26.098851    -26.098854
   4.71411    -26.098866    -26.098868
   4.65809    -26.098889    -26.098892
   4.60207    -26.098921    -26.098923
   4.54606    -26.098958    -26.098961
   4.49004    -26.099000    -26.099003
   4.43402    -26.099044    -26.099045
   4.37801    -26.099086    -26.099089
   4.32199    -26.099127    -26.099128
   4.26598    -26.099159    -26.099162
   4.20996    -26.099184    -26.099187
   4.15394    -26.099200    -26.099203
   4.09793    -26.099207    -26.099208
   4.09793    -26.099207    -26.099208
   4.04286    -26.099207    -26.099210
   3.98779    -26.099211    -26.099214
   3.93273    -26.099218    -26.099221
   3.87766    -26.099227    -26.099229
   3.82259    -26.099238    -26.099239
   3.76752    -26.099248    -26.099249
   3.71246    -26.099258    -26.099259
   3.65739    -26.099269    -26.099272
   3.60232    -26.099277    -26.099279
   3.54726    -26.099280    -26.099283
   3.49219    -26.099283    -26.099286
   3.43712    -26.099286    -26.099290
   3.38206    -26.099290    -26.099293
   3.32699    -26.099290    -26.099293
   3.27192    -26.099290    -26.099293
   3.21686    -26.099290    -26.099293
   3.16179    -26.099291    -26.099293
   3.16179    -26.099677    -26.099680
   3.10716    -26.099670    -26.099671
   3.05253    -26.099649    -26.099652
   2.99790    -26.099618    -26.099621
   2.94326    -26.099576    -26.099577
   2.88863    -26.099522    -26.099525
   2.83400    -26.099463    -26.099466
   2.77937    -26.099404    -26.099405
   2.72474    -26.099342    -26.099345
   2.67011    -26.099286    -26.099290
   2.61548    -26.099245    -26.099246
   2.56085    -26.099217    -26.099218
   2.50622    -26.099207    -26.099208
   2.50622    -26.099207    -26.099208
   2.45330    -26.099207    -26.099210
   2.40039    -26.099211    -26.099214
   2.34748    -26.099217    -26.099220
   2.29457    -26.099224    -26.099227
   2.24166    -26.099232    -26.099235
   2.18875    -26.099241    -26.099244
   2.13583    -26.099249    -26.099252
   2.08292    -26.099256    -26.099258
   2.03001    -26.099262    -26.099265
   1.97710    -26.099267    -26.099269
   1.92419    -26.099270    -26.099273
   1.87128    -26.099273    -26.099276
   1.81836    -26.099273    -26.099276
   1.76545    -26.099273    -26.099276
   1.71254    -26.099273    -26.099276
   1.65963    -26.099273    -26.099276
   1.60672    -26.099272    -26.099276
   1.55381    -26.099272    -26.099274
   1.55381    -26.099699    -26.099702
   1.49634    -26.099690    -26.099692
   1.43887    -26.099664    -26.099667
   1.38141    -26.099623    -26.099625
   1.32394    -26.099570    -26.099571
   1.26648    -26.099509    -26.099511
   1.20901    -26.099439    -26.099442
   1.15155    -26.099366    -26.099367
   1.09408    -26.099301    -26.099304
   1.03662    -26.099252    -26.099253
   0.97915    -26.099217    -26.099220
   0.92169    -26.099207    -26.099208
   0.92169    -26.099207    -26.099208
   0.86405    -26.099204    -26.099207
   0.80641    -26.099201    -26.099203
   0.74878    -26.099197    -26.099200
   0.69114    -26.099196    -26.099198
   0.69114    -26.098865    -26.098868
   0.63355    -26.098871    -26.098872
   0.57595    -26.098885    -26.098889
   0.51836    -26.098913    -26.098914
   0.46076    -26.098945    -26.098947
   0.40317    -26.098986    -26.098989
   0.34557    -26.099030    -26.099032
   0.28798    -26.099075    -26.099077
   0.23038    -26.099117    -26.099120
   0.17279    -26.099153    -26.099155
   0.11519    -26.099182    -26.099184
   0.05760    -26.099200    -26.099203
   0.00000    -26.099207    -26.099208
 
# Band-Index   31
   0.00000    -10.343402    -10.343381
   0.05760    -10.336562    -10.336540
   0.11519    -10.316218    -10.316197
   0.17279    -10.282991    -10.282970
   0.23038    -10.237935    -10.237914
   0.28798    -10.182548    -10.182525
   0.34557    -10.118838    -10.118816
   0.40317    -10.049409    -10.049385
   0.46076     -9.977532     -9.977507
   0.51836     -9.907310     -9.907284
   0.57595     -9.844003     -9.843975
   0.63355     -9.794234     -9.794205
   0.69114     -9.766099     -9.766069
   0.69114    -10.292134    -10.292112
   0.74878    -10.304873    -10.304852
   0.80641    -10.324642    -10.324621
   0.86405    -10.338544    -10.338522
   0.92169    -10.343402    -10.343381
   0.92169    -10.343402    -10.343381
   0.97915    -10.338541    -10.338520
   1.03662    -10.324165    -10.324143
   1.09408    -10.300967    -10.300947
   1.15155    -10.270132    -10.270110
   1.20901    -10.233310    -10.233288
   1.26648    -10.192652    -10.192629
   1.32394    -10.150819    -10.150797
   1.38141    -10.110918    -10.110894
   1.43887    -10.076373    -10.076349
   1.49634    -10.051046    -10.051023
   1.55381    -10.040779    -10.040755
   1.55381     -9.650465     -9.650435
   1.60672     -9.655976     -9.655946
   1.65963     -9.672220     -9.672192
   1.71254     -9.698785     -9.698757
   1.76545     -9.734889     -9.734860
   1.81836     -9.779367     -9.779339
   1.87128     -9.830709     -9.830682
   1.92419     -9.887154     -9.887128
   1.97710     -9.946789     -9.946763
   2.03001    -10.007635    -10.007611
   2.08292    -10.067761    -10.067736
   2.13583    -10.125341    -10.125318
   2.18875    -10.178714    -10.178692
   2.24166    -10.226401    -10.226380
   2.29457    -10.267137    -10.267115
   2.34748    -10.299900    -10.299879
   2.40039    -10.323882    -10.323861
   2.45330    -10.338499    -10.338478
   2.50622    -10.343402    -10.343381
   2.50622    -10.343402    -10.343381
   2.56085    -10.339219    -10.339199
   2.61548    -10.326831    -10.326810
   2.67011    -10.306798    -10.306775
   2.72474    -10.280041    -10.280020
   2.77937    -10.247839    -10.247816
   2.83400    -10.211785    -10.211762
   2.88863    -10.173774    -10.173751
   2.94326    -10.135896    -10.135871
   2.99790    -10.100307    -10.100282
   3.05253    -10.069116    -10.069093
   3.10716    -10.044288    -10.044263
   3.16179    -10.029810    -10.029785
   3.16179     -9.650498     -9.650469
   3.21686     -9.657240     -9.657210
   3.27192     -9.675687     -9.675658
   3.32699     -9.705478     -9.705450
   3.38206     -9.745674     -9.745646
   3.43712     -9.794868     -9.794840
   3.49219     -9.851242     -9.851215
   3.54726     -9.912639     -9.912613
   3.60232     -9.976699     -9.976674
   3.65739    -10.041036    -10.041012
   3.71246    -10.103371    -10.103347
   3.76752    -10.161637    -10.161615
   3.82259    -10.214006    -10.213984
   3.87766    -10.258933    -10.258910
   3.93273    -10.295167    -10.295146
   3.98779    -10.321742    -10.321720
   4.04286    -10.337958    -10.337937
   4.09793    -10.343402    -10.343381
   4.09793    -10.343402    -10.343381
   4.15394    -10.337116    -10.337096
   4.20996    -10.318418    -10.318397
   4.26598    -10.287861    -10.287840
   4.32199    -10.246396    -10.246373
   4.37801    -10.195377    -10.195354
   4.43402    -10.136632    -10.136608
   4.49004    -10.072516    -10.072492
   4.54606    -10.005967    -10.005942
   4.60207     -9.940447     -9.940421
   4.65809     -9.879753     -9.879727
   4.71411     -9.827644     -9.827617
   4.77012     -9.787885     -9.787857
   4.82614     -9.765921     -9.765892
 
# Band-Index   32
   4.82614     -9.763708     -9.763680
   4.77012     -9.763079     -9.763051
   4.71411     -9.783639     -9.783613
   4.65809     -9.820874     -9.820849
   4.60207     -9.866854     -9.866828
   4.54606     -9.915487     -9.915463
   4.49004     -9.963024     -9.962999
   4.43402    -10.007131    -10.007106
   4.37801    -10.046236    -10.046213
   4.32199    -10.079254    -10.079230
   4.26598    -10.105453    -10.105429
   4.20996    -10.124387    -10.124363
   4.15394    -10.135816    -10.135794
   4.09793    -10.139634    -10.139611
   4.09793    -10.139634    -10.139611
   4.04286    -10.135624    -10.135601
   3.98779    -10.123708    -10.123684
   3.93273    -10.104226    -10.104202
   3.87766    -10.077745    -10.077721
   3.82259    -10.045044    -10.045020
   3.76752    -10.007110    -10.007084
   3.71246     -9.965125     -9.965101
   3.65739     -9.920454     -9.920428
   3.60232     -9.874595     -9.874569
   3.54726     -9.829173     -9.829145
   3.49219     -9.785887     -9.785859
   3.43712     -9.746436     -9.746408
   3.38206     -9.712396     -9.712367
   3.32699     -9.685038     -9.685009
   3.27192     -9.665219     -9.665190
   3.21686     -9.653415     -9.653384
   3.16179     -9.650000     -9.649971
   3.16179    -10.023210    -10.023184
   3.10716    -10.017174    -10.017149
   3.05253    -10.016865    -10.016840
   2.99790    -10.023944    -10.023919
   2.94326    -10.036856    -10.036831
   2.88863    -10.053554    -10.053530
   2.83400    -10.071956    -10.071931
   2.77937    -10.090212    -10.090189
   2.72474    -10.106835    -10.106811
   2.67011    -10.120712    -10.120689
   2.61548    -10.131085    -10.131061
   2.56085    -10.137477    -10.137454
   2.50622    -10.139634    -10.139611
   2.50622    -10.139634    -10.139611
   2.45330    -10.136148    -10.136125
   2.40039    -10.125761    -10.125738
   2.34748    -10.108698    -10.108675
   2.29457    -10.085338    -10.085316
   2.24166    -10.056221    -10.056196
   2.18875    -10.022062    -10.022037
   2.13583     -9.983764     -9.983739
   2.08292     -9.942405     -9.942380
   2.03001     -9.899240     -9.899214
   1.97710     -9.855669     -9.855643
   1.92419     -9.813181     -9.813154
   1.87128     -9.773284     -9.773256
   1.81836     -9.737389     -9.737361
   1.76545     -9.706704     -9.706676
   1.71254     -9.682146     -9.682116
   1.65963     -9.664312     -9.664281
   1.60672     -9.653527     -9.653498
   1.55381     -9.649971     -9.649941
   1.55381    -10.011807    -10.011782
   1.49634    -10.011786    -10.011761
   1.43887    -10.015845    -10.015819
   1.38141    -10.026146    -10.026121
   1.32394    -10.041581    -10.041555
   1.26648    -10.060223    -10.060199
   1.20901    -10.080040    -10.080016
   1.15155    -10.099120    -10.099097
   1.09408    -10.115793    -10.115770
   1.03662    -10.128702    -10.128678
   0.97915    -10.136850    -10.136827
   0.92169    -10.139634    -10.139611
   0.92169    -10.139634    -10.139611
   0.86405    -10.150295    -10.150272
   0.80641    -10.177080    -10.177058
   0.74878    -10.208468    -10.208446
   0.69114    -10.225718    -10.225696
   0.69114     -9.763906     -9.763877
   0.63355     -9.760324     -9.760296
   0.57595     -9.778195     -9.778167
   0.51836     -9.812720     -9.812692
   0.46076     -9.857826     -9.857799
   0.40317     -9.908346     -9.908321
   0.34557     -9.960012     -9.959986
   0.28798    -10.009297    -10.009272
   0.23038    -10.053333    -10.053309
   0.17279    -10.089845    -10.089821
   0.11519    -10.117116    -10.117093
   0.05760    -10.133947    -10.133924
   0.00000    -10.139634    -10.139611
 
# Band-Index   33
   0.00000     -9.753462     -9.753437
   0.05760     -9.749548     -9.749523
   0.11519     -9.738049     -9.738025
   0.17279     -9.719698     -9.719674
   0.23038     -9.695696     -9.695672
   0.28798     -9.667680     -9.667656
   0.34557     -9.637641     -9.637617
   0.40317     -9.607769     -9.607743
   0.46076     -9.580154     -9.580129
   0.51836     -9.556330     -9.556304
   0.57595     -9.536563     -9.536539
   0.63355     -9.519161     -9.519139
   0.69114     -9.503828     -9.503806
   0.69114     -9.677061     -9.677035
   0.74878     -9.689159     -9.689133
   0.80641     -9.716513     -9.716489
   0.86405     -9.742677     -9.742653
   0.92169     -9.753462     -9.753437
   0.92169     -9.753462     -9.753437
   0.97915     -9.750182     -9.750158
   1.03662     -9.740538     -9.740513
   1.09408     -9.725122     -9.725098
   1.15155     -9.704902     -9.704878
   1.20901     -9.681133     -9.681108
   1.26648     -9.655278     -9.655253
   1.32394     -9.628875     -9.628849
   1.38141     -9.603350     -9.603326
   1.43887     -9.579949     -9.579925
   1.49634     -9.560287     -9.560261
   1.55381     -9.550515     -9.550489
   1.55381     -9.373565     -9.373539
   1.60672     -9.376278     -9.376254
   1.65963     -9.385089     -9.385063
   1.71254     -9.399874     -9.399850
   1.76545     -9.419671     -9.419645
   1.81836     -9.443492     -9.443468
   1.87128     -9.470453     -9.470429
   1.92419     -9.499778     -9.499752
   1.97710     -9.530760     -9.530734
   2.03001     -9.562689     -9.562665
   2.08292     -9.594800     -9.594775
   2.13583     -9.626245     -9.626219
   2.18875     -9.656109     -9.656085
   2.24166     -9.683453     -9.683429
   2.29457     -9.707343     -9.707319
   2.34748     -9.726924     -9.726900
   2.40039     -9.741473     -9.741449
   2.45330     -9.750436     -9.750412
   2.50622     -9.753462     -9.753437
   2.50622     -9.753462     -9.753437
   2.56085     -9.750592     -9.750568
   2.61548     -9.742195     -9.742171
   2.67011     -9.728884     -9.728860
   2.72474     -9.711589     -9.711565
   2.77937     -9.691416     -9.691391
   2.83400     -9.669496     -9.669472
   2.88863     -9.646793     -9.646769
   2.94326     -9.624023     -9.623998
   2.99790     -9.601660     -9.601634
   3.05253     -9.580218     -9.580194
   3.10716     -9.561208     -9.561184
   3.16179     -9.551471     -9.551446
   3.16179     -9.373484     -9.373458
   3.21686     -9.376404     -9.376378
   3.27192     -9.386147     -9.386121
   3.32699     -9.402482     -9.402456
   3.38206     -9.424145     -9.424120
   3.43712     -9.450057     -9.450033
   3.49219     -9.479363     -9.479337
   3.54726     -9.511278     -9.511252
   3.60232     -9.544963     -9.544937
   3.65739     -9.579446     -9.579422
   3.71246     -9.613628     -9.613604
   3.76752     -9.646343     -9.646318
   3.82259     -9.676412     -9.676388
   3.87766     -9.702718     -9.702694
   3.93273     -9.724278     -9.724255
   3.98779     -9.740285     -9.740261
   4.04286     -9.750136     -9.750113
   4.09793     -9.753462     -9.753437
   4.09793     -9.753462     -9.753437
   4.15394     -9.749078     -9.749054
   4.20996     -9.736280     -9.736256
   4.26598     -9.716100     -9.716075
   4.32199     -9.690181     -9.690157
   4.37801     -9.660683     -9.660659
   4.43402     -9.630123     -9.630098
   4.49004     -9.601154     -9.601128
   4.54606     -9.576197     -9.576171
   4.60207     -9.556852     -9.556828
   4.65809     -9.543015     -9.542991
   4.71411     -9.531996     -9.531970
   4.77012     -9.519032     -9.519009
   4.82614     -9.504119     -9.504096
 
# Band-Index   34
   4.82614     -9.496626     -9.496602
   4.77012     -9.478585     -9.478561
   4.71411     -9.458609     -9.458585
   4.65809     -9.442737     -9.442711
   4.60207     -9.431897     -9.431873
   4.54606     -9.425764     -9.425738
   4.49004     -9.423521     -9.423495
   4.43402     -9.424216     -9.424190
   4.37801     -9.426866     -9.426840
   4.32199     -9.430523     -9.430497
   4.26598     -9.434340     -9.434314
   4.20996     -9.437606     -9.437580
   4.15394     -9.439780     -9.439754
   4.09793     -9.440539     -9.440513
   4.09793     -9.440539     -9.440513
   4.04286     -9.439842     -9.439815
   3.98779     -9.437789     -9.437763
   3.93273     -9.434506     -9.434480
   3.87766     -9.430177     -9.430151
   3.82259     -9.425033     -9.425007
   3.76752     -9.419320     -9.419294
   3.71246     -9.413274     -9.413248
   3.65739     -9.407094     -9.407068
   3.60232     -9.400923     -9.400897
   3.54726     -9.394865     -9.394839
   3.49219     -9.388998     -9.388972
   3.43712     -9.383430     -9.383404
   3.38206     -9.378327     -9.378301
   3.32699     -9.373902     -9.373876
   3.27192     -9.370300     -9.370275
   3.21686     -9.367475     -9.367449
   3.16179     -9.366098     -9.366072
   3.16179     -9.513234     -9.513210
   3.10716     -9.504997     -9.504972
   3.05253     -9.490550     -9.490526
   2.99790     -9.476869     -9.476843
   2.94326     -9.465502     -9.465476
   2.88863     -9.456732     -9.456706
   2.83400     -9.450387     -9.450361
   2.77937     -9.446091     -9.446065
   2.72474     -9.443385     -9.443359
   2.67011     -9.441819     -9.441793
   2.61548     -9.441000     -9.440974
   2.56085     -9.440639     -9.440613
   2.50622     -9.440539     -9.440513
   2.50622     -9.440539     -9.440513
   2.45330     -9.439930     -9.439904
   2.40039     -9.438128     -9.438102
   2.34748     -9.435211     -9.435185
   2.29457     -9.431302     -9.431275
   2.24166     -9.426562     -9.426535
   2.18875     -9.421181     -9.421155
   2.13583     -9.415356     -9.415330
   2.08292     -9.409287     -9.409261
   2.03001     -9.403163     -9.403137
   1.97710     -9.397153     -9.397127
   1.92419     -9.391395     -9.391369
   1.87128     -9.386002     -9.385976
   1.81836     -9.381056     -9.381030
   1.76545     -9.376646     -9.376620
   1.71254     -9.372851     -9.372825
   1.65963     -9.369727     -9.369703
   1.60672     -9.367299     -9.367273
   1.55381     -9.366179     -9.366151
   1.55381     -9.514508     -9.514482
   1.49634     -9.506339     -9.506315
   1.43887     -9.491768     -9.491744
   1.38141     -9.477458     -9.477434
   1.32394     -9.465198     -9.465172
   1.26648     -9.455645     -9.455618
   1.20901     -9.448882     -9.448856
   1.15155     -9.444591     -9.444565
   1.09408     -9.442196     -9.442170
   1.03662     -9.441064     -9.441038
   0.97915     -9.440637     -9.440610
   0.92169     -9.440539     -9.440513
   0.92169     -9.440539     -9.440513
   0.86405     -9.445605     -9.445579
   0.80641     -9.459079     -9.459053
   0.74878     -9.475010     -9.474984
   0.69114     -9.482679     -9.482653
   0.69114     -9.496337     -9.496313
   0.63355     -9.477828     -9.477804
   0.57595     -9.455087     -9.455063
   0.51836     -9.435339     -9.435313
   0.46076     -9.421456     -9.421430
   0.40317     -9.414241     -9.414214
   0.34557     -9.413021     -9.412995
   0.28798     -9.416289     -9.416263
   0.23038     -9.422201     -9.422175
   0.17279     -9.428956     -9.428930
   0.11519     -9.434983     -9.434957
   0.05760     -9.439091     -9.439065
   0.00000     -9.440539     -9.440513
 
# Band-Index   35
   0.00000     -3.200741     -3.200741
   0.05760     -3.191968     -3.191968
   0.11519     -3.166535     -3.166536
   0.17279     -3.127943     -3.127943
   0.23038     -3.086692     -3.086693
   0.28798     -3.076853     -3.076854
   0.34557     -3.162307     -3.162310
   0.40317     -3.322694     -3.322697
   0.46076     -3.491480     -3.491484
   0.51836     -3.638384     -3.638388
   0.57595     -3.750217     -3.750223
   0.63355     -3.819697     -3.819703
   0.69114     -3.843224     -3.843230
   0.69114     -3.010235     -3.010235
   0.74878     -3.076554     -3.076555
   0.80641     -3.144297     -3.144297
   0.86405     -3.186490     -3.186490
   0.92169     -3.200741     -3.200741
   0.92169     -3.200741     -3.200741
   0.97915     -3.192188     -3.192188
   1.03662     -3.167054     -3.167054
   1.09408     -3.127236     -3.127236
   1.15155     -3.078316     -3.078316
   1.20901     -3.054538     -3.054539
   1.26648     -3.145720     -3.145723
   1.32394     -3.262434     -3.262439
   1.38141     -3.364968     -3.364972
   1.43887     -3.443555     -3.443560
   1.49634     -3.492758     -3.492763
   1.55381     -3.509498     -3.509502
   1.55381     -3.634311     -3.634316
   1.60672     -3.631778     -3.631781
   1.65963     -3.613251     -3.613255
   1.71254     -3.578813     -3.578816
   1.76545     -3.529571     -3.529573
   1.81836     -3.467001     -3.467004
   1.87128     -3.393015     -3.393019
   1.92419     -3.310119     -3.310123
   1.97710     -3.221751     -3.221754
   2.03001     -3.133604     -3.133608
   2.08292     -3.060106     -3.060109
   2.13583     -3.031376     -3.031376
   2.18875     -3.045720     -3.045721
   2.24166     -3.078689     -3.078689
   2.29457     -3.116121     -3.116121
   2.34748     -3.150552     -3.150554
   2.40039     -3.177662     -3.177662
   2.45330     -3.194858     -3.194858
   2.50622     -3.200741     -3.200741
   2.50622     -3.200741     -3.200741
   2.56085     -3.196353     -3.196353
   2.61548     -3.184304     -3.184304
   2.67011     -3.168124     -3.168124
   2.72474     -3.154308     -3.154310
   2.77937     -3.152747     -3.152748
   2.83400     -3.174675     -3.174676
   2.88863     -3.223869     -3.223872
   2.94326     -3.289306     -3.289311
   2.99790     -3.354415     -3.354421
   3.05253     -3.407191     -3.407197
   3.10716     -3.440956     -3.440963
   3.16179     -3.452524     -3.452530
   3.16179     -3.638373     -3.638376
   3.21686     -3.635620     -3.635624
   3.27192     -3.615594     -3.615597
   3.32699     -3.579546     -3.579549
   3.38206     -3.529555     -3.529559
   3.43712     -3.467922     -3.467926
   3.49219     -3.397120     -3.397124
   3.54726     -3.319622     -3.319625
   3.60232     -3.237770     -3.237773
   3.65739     -3.154241     -3.154243
   3.71246     -3.075359     -3.075360
   3.76752     -3.025193     -3.025194
   3.82259     -3.039173     -3.039174
   3.87766     -3.085489     -3.085489
   3.93273     -3.132395     -3.132395
   3.98779     -3.169473     -3.169473
   4.04286     -3.192804     -3.192805
   4.09793     -3.200741     -3.200741
   4.09793     -3.200741     -3.200741
   4.15394     -3.191997     -3.191997
   4.20996     -3.166924     -3.166924
   4.26598     -3.129958     -3.129960
   4.32199     -3.093619     -3.093621
   4.37801     -3.094996     -3.094998
   4.43402     -3.183734     -3.183737
   4.49004     -3.325494     -3.325499
   4.54606     -3.473337     -3.473342
   4.60207     -3.605888     -3.605892
   4.65809     -3.711777     -3.711781
   4.71411     -3.784156     -3.784161
   4.77012     -3.819098     -3.819104
   4.82614     -3.816721     -3.816726
 
# Band-Index   36
   4.82614     -3.812723     -3.812728
   4.77012     -3.771193     -3.771199
   4.71411     -3.690158     -3.690163
   4.65809     -3.574244     -3.574248
   4.60207     -3.427651     -3.427655
   4.54606     -3.256921     -3.256925
   4.49004     -3.075431     -3.075433
   4.43402     -2.925972     -2.925974
   4.37801     -2.848797     -2.848799
   4.32199     -2.757343     -2.757344
   4.26598     -2.660529     -2.660529
   4.20996     -2.584556     -2.584556
   4.15394     -2.537052     -2.537052
   4.09793     -2.520854     -2.520853
   4.09793     -2.520854     -2.520853
   4.04286     -2.536855     -2.536855
   3.98779     -2.582121     -2.582121
   3.93273     -2.649532     -2.649532
   3.87766     -2.729444     -2.729445
   3.82259     -2.808699     -2.808700
   3.76752     -2.860126     -2.860129
   3.71246     -2.872707     -2.872710
   3.65739     -2.915958     -2.915959
   3.60232     -3.007763     -3.007764
   3.54726     -3.121063     -3.121065
   3.49219     -3.237488     -3.237490
   3.43712     -3.346875     -3.346877
   3.38206     -3.443036     -3.443039
   3.32699     -3.522009     -3.522011
   3.27192     -3.581341     -3.581345
   3.21686     -3.619835     -3.619839
   3.16179     -3.636806     -3.636810
   3.16179     -3.073290     -3.073291
   3.10716     -3.065880     -3.065881
   3.05253     -3.044623     -3.044624
   2.99790     -3.011800     -3.011801
   2.94326     -2.970124     -2.970125
   2.88863     -2.920333     -2.920335
   2.83400     -2.858579     -2.858579
   2.77937     -2.782926     -2.782927
   2.72474     -2.701681     -2.701682
   2.67011     -2.627377     -2.627377
   2.61548     -2.569449     -2.569449
   2.56085     -2.533161     -2.533161
   2.50622     -2.520854     -2.520853
   2.50622     -2.520854     -2.520853
   2.45330     -2.530882     -2.530880
   2.40039     -2.560274     -2.560274
   2.34748     -2.607082     -2.607082
   2.29457     -2.668366     -2.668368
   2.24166     -2.740623     -2.740626
   2.18875     -2.819884     -2.819888
   2.13583     -2.900073     -2.900076
   2.08292     -2.969291     -2.969295
   2.03001     -3.033397     -3.033400
   1.97710     -3.113608     -3.113611
   1.92419     -3.206443     -3.206446
   1.87128     -3.301706     -3.301709
   1.81836     -3.391491     -3.391494
   1.76545     -3.470637     -3.470639
   1.71254     -3.535926     -3.535929
   1.65963     -3.585421     -3.585424
   1.60672     -3.618059     -3.618061
   1.55381     -3.632709     -3.632712
   1.55381     -3.211005     -3.211011
   1.49634     -3.191904     -3.191908
   1.43887     -3.135811     -3.135816
   1.38141     -3.047470     -3.047473
   1.32394     -2.946566     -2.946569
   1.26648     -2.925210     -2.925211
   1.20901     -2.940658     -2.940659
   1.15155     -2.844871     -2.844873
   1.09408     -2.724164     -2.724164
   1.03662     -2.619449     -2.619449
   0.97915     -2.547076     -2.547076
   0.92169     -2.520854     -2.520853
   0.92169     -2.520854     -2.520853
   0.86405     -2.588938     -2.588938
   0.80641     -2.719943     -2.719943
   0.74878     -2.851187     -2.851187
   0.69114     -2.939741     -2.939741
   0.69114     -3.842059     -3.842065
   0.63355     -3.818545     -3.818551
   0.57595     -3.749118     -3.749122
   0.51836     -3.637018     -3.637022
   0.46076     -3.487497     -3.487501
   0.40317     -3.309093     -3.309096
   0.34557     -3.114757     -3.114759
   0.28798     -2.923338     -2.923341
   0.23038     -2.758640     -2.758642
   0.17279     -2.639525     -2.639526
   0.11519     -2.567562     -2.567562
   0.05760     -2.531559     -2.531559
   0.00000     -2.520854     -2.520853
 
# Band-Index   37
   0.00000     -2.064404     -2.064398
   0.05760     -2.092060     -2.092054
   0.11519     -2.177571     -2.177566
   0.17279     -2.317952     -2.317947
   0.23038     -2.489082     -2.489076
   0.28798     -2.635808     -2.635804
   0.34557     -2.676735     -2.676731
   0.40317     -2.625106     -2.625102
   0.46076     -2.621544     -2.621541
   0.51836     -2.724646     -2.724645
   0.57595     -2.795921     -2.795920
   0.63355     -2.829646     -2.829646
   0.69114     -2.826537     -2.826537
   0.69114     -1.519100     -1.519083
   0.74878     -1.621559     -1.621547
   0.80641     -1.806672     -1.806664
   0.86405     -1.980760     -1.980752
   0.92169     -2.064404     -2.064398
   0.92169     -2.064404     -2.064398
   0.97915     -2.082777     -2.082769
   1.03662     -2.144975     -2.144969
   1.09408     -2.257010     -2.257005
   1.15155     -2.406874     -2.406871
   1.20901     -2.571502     -2.571498
   1.26648     -2.722989     -2.722987
   1.32394     -2.787870     -2.787866
   1.38141     -2.756998     -2.756995
   1.43887     -2.729194     -2.729191
   1.49634     -2.720271     -2.720271
   1.55381     -2.720587     -2.720591
   1.55381     -2.586564     -2.586557
   1.60672     -2.590002     -2.589995
   1.65963     -2.588239     -2.588233
   1.71254     -2.579134     -2.579128
   1.76545     -2.562272     -2.562267
   1.81836     -2.537901     -2.537895
   1.87128     -2.511394     -2.511388
   1.92419     -2.519632     -2.519629
   1.97710     -2.560611     -2.560607
   2.03001     -2.589360     -2.589357
   2.08292     -2.589497     -2.589493
   2.13583     -2.554283     -2.554279
   2.18875     -2.490196     -2.490191
   2.24166     -2.408348     -2.408345
   2.29457     -2.317762     -2.317756
   2.34748     -2.226628     -2.226623
   2.40039     -2.145001     -2.144995
   2.45330     -2.086212     -2.086205
   2.50622     -2.064404     -2.064398
   2.50622     -2.064404     -2.064398
   2.56085     -2.087495     -2.087489
   2.61548     -2.153717     -2.153710
   2.67011     -2.254335     -2.254329
   2.72474     -2.376727     -2.376722
   2.77937     -2.507543     -2.507538
   2.83400     -2.635311     -2.635308
   2.88863     -2.751290     -2.751290
   2.94326     -2.849130     -2.849130
   2.99790     -2.924475     -2.924478
   3.05253     -2.975001     -2.975004
   3.10716     -3.001383     -3.001386
   3.16179     -3.008780     -3.008784
   3.16179     -2.543457     -2.543451
   3.21686     -2.547996     -2.547991
   3.27192     -2.556367     -2.556361
   3.32699     -2.569306     -2.569301
   3.38206     -2.584626     -2.584620
   3.43712     -2.595908     -2.595903
   3.49219     -2.598101     -2.598097
   3.54726     -2.592861     -2.592858
   3.60232     -2.590777     -2.590774
   3.65739     -2.595790     -2.595788
   3.71246     -2.575304     -2.575300
   3.76752     -2.507601     -2.507598
   3.82259     -2.415474     -2.415470
   3.87766     -2.317171     -2.317165
   3.93273     -2.222670     -2.222665
   3.98779     -2.141474     -2.141468
   4.04286     -2.084952     -2.084947
   4.09793     -2.064404     -2.064398
   4.09793     -2.064404     -2.064398
   4.15394     -2.079460     -2.079454
   4.20996     -2.132038     -2.132032
   4.26598     -2.234802     -2.234797
   4.32199     -2.386857     -2.386852
   4.37801     -2.565338     -2.565334
   4.43402     -2.712593     -2.712591
   4.49004     -2.766671     -2.766668
   4.54606     -2.803047     -2.803046
   4.60207     -2.853947     -2.853947
   4.65809     -2.905456     -2.905456
   4.71411     -2.942022     -2.942022
   4.77012     -2.953371     -2.953372
   4.82614     -2.936844     -2.936844
 
# Band-Index   38
   4.82614     -2.929256     -2.929254
   4.77012     -2.878360     -2.878360
   4.71411     -2.789195     -2.789195
   4.65809     -2.667244     -2.667243
   4.60207     -2.517888     -2.517885
   4.54606     -2.355647     -2.355644
   4.49004     -2.240806     -2.240801
   4.43402     -2.183149     -2.183143
   4.37801     -2.094737     -2.094730
   4.32199     -1.971382     -1.971373
   4.26598     -1.826385     -1.826375
   4.20996     -1.684016     -1.684004
   4.15394     -1.577767     -1.577753
   4.09793     -1.538117     -1.538103
   4.09793     -1.538117     -1.538103
   4.04286     -1.560311     -1.560297
   3.98779     -1.623212     -1.623199
   3.93273     -1.717666     -1.717654
   3.87766     -1.832676     -1.832665
   3.82259     -1.957909     -1.957899
   3.76752     -2.084467     -2.084458
   3.71246     -2.204324     -2.204317
   3.65739     -2.308936     -2.308928
   3.60232     -2.390671     -2.390667
   3.54726     -2.446889     -2.446884
   3.49219     -2.479941     -2.479938
   3.43712     -2.496065     -2.496061
   3.38206     -2.504288     -2.504284
   3.32699     -2.512348     -2.512344
   3.27192     -2.522261     -2.522257
   3.21686     -2.531877     -2.531871
   3.16179     -2.537605     -2.537598
   3.16179     -2.799049     -2.799047
   3.10716     -2.770706     -2.770704
   3.05253     -2.691584     -2.691582
   2.99790     -2.572343     -2.572342
   2.94326     -2.422757     -2.422756
   2.88863     -2.253296     -2.253294
   2.83400     -2.077624     -2.077621
   2.77937     -1.910421     -1.910415
   2.72474     -1.757423     -1.757413
   2.67011     -1.616331     -1.616317
   2.61548     -1.526120     -1.526106
   2.56085     -1.535084     -1.535070
   2.50622     -1.538117     -1.538103
   2.50622     -1.538117     -1.538103
   2.45330     -1.557945     -1.557931
   2.40039     -1.614394     -1.614381
   2.34748     -1.699802     -1.699790
   2.29457     -1.804771     -1.804760
   2.24166     -1.920452     -1.920442
   2.18875     -2.039327     -2.039318
   2.13583     -2.154096     -2.154088
   2.08292     -2.255710     -2.255701
   2.03001     -2.335424     -2.335417
   1.97710     -2.392366     -2.392360
   1.92419     -2.431885     -2.431881
   1.87128     -2.429407     -2.429403
   1.81836     -2.443033     -2.443029
   1.76545     -2.481438     -2.481432
   1.71254     -2.518412     -2.518406
   1.65963     -2.548369     -2.548361
   1.60672     -2.569891     -2.569885
   1.55381     -2.581036     -2.581030
   1.55381     -2.681820     -2.681818
   1.49634     -2.666874     -2.666873
   1.43887     -2.617765     -2.617767
   1.38141     -2.533291     -2.533292
   1.32394     -2.415697     -2.415697
   1.26648     -2.268673     -2.268669
   1.20901     -2.097958     -2.097952
   1.15155     -1.912169     -1.912160
   1.09408     -1.723635     -1.723622
   1.03662     -1.548982     -1.548965
   0.97915     -1.534564     -1.534550
   0.92169     -1.538117     -1.538103
   0.92169     -1.538117     -1.538103
   0.86405     -1.535714     -1.535699
   0.80641     -1.529390     -1.529376
   0.74878     -1.522090     -1.522075
   0.69114     -1.518362     -1.518348
   0.69114     -2.818426     -2.818423
   0.63355     -2.775518     -2.775517
   0.57595     -2.695221     -2.695219
   0.51836     -2.602521     -2.602520
   0.46076     -2.568439     -2.568435
   0.40317     -2.494534     -2.494531
   0.34557     -2.353047     -2.353042
   0.28798     -2.202824     -2.202819
   0.23038     -2.042943     -2.042936
   0.17279     -1.872786     -1.872776
   0.11519     -1.708560     -1.708549
   0.05760     -1.584807     -1.584794
   0.00000     -1.538117     -1.538103
 
# Band-Index   39
   0.00000     -1.385515     -1.385501
   0.05760     -1.416874     -1.416858
   0.11519     -1.469566     -1.469551
   0.17279     -1.529035     -1.529021
   0.23038     -1.612682     -1.612671
   0.28798     -1.746584     -1.746576
   0.34557     -1.920900     -1.920894
   0.40317     -2.097948     -2.097943
   0.46076     -2.222573     -2.222567
   0.51836     -2.208435     -2.208430
   0.57595     -2.087500     -2.087495
   0.63355     -1.930422     -1.930415
   0.69114     -1.762995     -1.762985
   0.69114     -1.414126     -1.414112
   0.74878     -1.409380     -1.409364
   0.80641     -1.398873     -1.398858
   0.86405     -1.389291     -1.389276
   0.92169     -1.385515     -1.385501
   0.92169     -1.385515     -1.385501
   0.97915     -1.412519     -1.412498
   1.03662     -1.524084     -1.524069
   1.09408     -1.507245     -1.507230
   1.15155     -1.484980     -1.484965
   1.20901     -1.508171     -1.508155
   1.26648     -1.693866     -1.693851
   1.32394     -1.842972     -1.842957
   1.38141     -1.942458     -1.942443
   1.43887     -1.986587     -1.986571
   1.49634     -1.989102     -1.989085
   1.55381     -1.983137     -1.983120
   1.55381     -1.867617     -1.867610
   1.60672     -1.959828     -1.959821
   1.65963     -2.058841     -2.058835
   1.71254     -2.157332     -2.157328
   1.76545     -2.251473     -2.251469
   1.81836     -2.335303     -2.335299
   1.87128     -2.382248     -2.382244
   1.92419     -2.365299     -2.365295
   1.97710     -2.325353     -2.325349
   2.03001     -2.257286     -2.257281
   2.08292     -2.164888     -2.164883
   2.13583     -2.051875     -2.051867
   2.18875     -1.921996     -1.921987
   2.24166     -1.783579     -1.783569
   2.29457     -1.649486     -1.649474
   2.34748     -1.534688     -1.534674
   2.40039     -1.452929     -1.452913
   2.45330     -1.404368     -1.404351
   2.50622     -1.385515     -1.385501
   2.50622     -1.385515     -1.385501
   2.56085     -1.394095     -1.394073
   2.61548     -1.490162     -1.490144
   2.67011     -1.511659     -1.511644
   2.72474     -1.492404     -1.492389
   2.77937     -1.507376     -1.507354
   2.83400     -1.633953     -1.633932
   2.88863     -1.697255     -1.697236
   2.94326     -1.704656     -1.704637
   2.99790     -1.673254     -1.673236
   3.05253     -1.624535     -1.624518
   3.10716     -1.582081     -1.582065
   3.16179     -1.565458     -1.565442
   3.16179     -2.011639     -2.011629
   3.21686     -2.058101     -2.058092
   3.27192     -2.109366     -2.109357
   3.32699     -2.139784     -2.139776
   3.38206     -2.143631     -2.143623
   3.43712     -2.122018     -2.122008
   3.49219     -2.131380     -2.131374
   3.54726     -2.174216     -2.174209
   3.60232     -2.202708     -2.202700
   3.65739     -2.177700     -2.177693
   3.71246     -2.094653     -2.094644
   3.76752     -1.970750     -1.970742
   3.82259     -1.826019     -1.826009
   3.87766     -1.680514     -1.680502
   3.93273     -1.554376     -1.554362
   3.98779     -1.463707     -1.463691
   4.04286     -1.407286     -1.407269
   4.09793     -1.385515     -1.385501
   4.09793     -1.385515     -1.385501
   4.15394     -1.413524     -1.413508
   4.20996     -1.462104     -1.462089
   4.26598     -1.518695     -1.518682
   4.32199     -1.600688     -1.600678
   4.37801     -1.732504     -1.732497
   4.43402     -1.903419     -1.903413
   4.49004     -2.065641     -2.065635
   4.54606     -2.098489     -2.098483
   4.60207     -2.010009     -2.010001
   4.65809     -1.874812     -1.874804
   4.71411     -1.721478     -1.721468
   4.77012     -1.569401     -1.569390
   4.82614     -1.436940     -1.436927
 
# Band-Index   40
   4.82614     -1.433638     -1.433628
   4.77012     -1.338091     -1.338079
   4.71411     -1.393551     -1.393540
   4.65809     -1.440535     -1.440525
   4.60207     -1.458842     -1.458832
   4.54606     -1.445152     -1.445142
   4.49004     -1.395836     -1.395827
   4.43402     -1.311192     -1.311181
   4.37801     -1.264671     -1.264649
   4.32199     -1.286227     -1.286204
   4.26598     -1.302102     -1.302079
   4.20996     -1.320013     -1.319991
   4.15394     -1.340227     -1.340205
   4.09793     -1.356224     -1.356201
   4.09793     -1.356224     -1.356201
   4.04286     -1.367593     -1.367573
   3.98779     -1.416522     -1.416503
   3.93273     -1.495179     -1.495161
   3.87766     -1.578884     -1.578869
   3.82259     -1.659717     -1.659703
   3.76752     -1.734655     -1.734644
   3.71246     -1.802360     -1.802350
   3.65739     -1.865628     -1.865619
   3.60232     -1.931731     -1.931723
   3.54726     -2.003111     -2.003101
   3.49219     -2.069265     -2.069256
   3.43712     -2.108135     -2.108128
   3.38206     -2.105870     -2.105862
   3.32699     -2.087117     -2.087108
   3.27192     -2.045596     -2.045586
   3.21686     -2.004825     -2.004814
   3.16179     -2.006778     -2.006768
   3.16179     -1.392183     -1.392168
   3.10716     -1.401268     -1.401253
   3.05253     -1.421350     -1.421336
   2.99790     -1.441105     -1.441093
   2.94326     -1.453603     -1.453592
   2.88863     -1.454770     -1.454760
   2.83400     -1.444417     -1.444402
   2.77937     -1.469324     -1.469309
   2.72474     -1.368302     -1.368291
   2.67011     -1.370585     -1.370569
   2.61548     -1.378704     -1.378688
   2.56085     -1.383788     -1.383773
   2.50622     -1.356224     -1.356201
   2.50622     -1.356224     -1.356201
   2.45330     -1.362125     -1.362104
   2.40039     -1.395694     -1.395674
   2.34748     -1.451818     -1.451799
   2.29457     -1.513170     -1.513153
   2.24166     -1.578601     -1.578587
   2.18875     -1.655739     -1.655727
   2.13583     -1.752215     -1.752204
   2.08292     -1.861118     -1.861108
   2.03001     -1.968880     -1.968871
   1.97710     -2.064703     -2.064693
   1.92419     -2.137258     -2.137247
   1.87128     -2.170069     -2.170060
   1.81836     -2.152363     -2.152353
   1.76545     -2.094005     -2.093996
   1.71254     -2.010083     -2.010072
   1.65963     -1.913228     -1.913216
   1.60672     -1.827249     -1.827237
   1.55381     -1.864000     -1.863993
   1.55381     -1.446410     -1.446403
   1.49634     -1.412466     -1.412458
   1.43887     -1.348120     -1.348103
   1.38141     -1.372292     -1.372276
   1.32394     -1.400237     -1.400221
   1.26648     -1.429717     -1.429701
   1.20901     -1.458600     -1.458585
   1.15155     -1.354826     -1.354810
   1.09408     -1.367347     -1.367331
   1.03662     -1.377153     -1.377138
   0.97915     -1.383385     -1.383369
   0.92169     -1.356224     -1.356201
   0.92169     -1.356224     -1.356201
   0.86405     -1.352693     -1.352672
   0.80641     -1.343382     -1.343360
   0.74878     -1.337336     -1.337317
   0.69114     -1.348893     -1.348880
   0.69114     -1.756854     -1.756847
   0.63355     -1.585843     -1.585833
   0.57595     -1.416522     -1.416511
   0.51836     -1.267538     -1.267525
   0.46076     -1.203175     -1.203161
   0.40317     -1.212129     -1.212116
   0.34557     -1.208067     -1.208053
   0.28798     -1.237607     -1.237584
   0.23038     -1.267822     -1.267799
   0.17279     -1.292444     -1.292421
   0.11519     -1.316072     -1.316049
   0.05760     -1.338651     -1.338630
   0.00000     -1.356224     -1.356201
 
# Band-Index   41
   0.00000     -1.145883     -1.145861
   0.05760     -1.141941     -1.141919
   0.11519     -1.131947     -1.131924
   0.17279     -1.123393     -1.123371
   0.23038     -1.135833     -1.135815
   0.28798     -1.176337     -1.176322
   0.34557     -1.193707     -1.193684
   0.40317     -1.136020     -1.135995
   0.46076     -1.070526     -1.070501
   0.51836     -1.087752     -1.087739
   0.57595     -1.045380     -1.045366
   0.63355     -0.991938     -0.991922
   0.69114     -0.949418     -0.949401
   0.69114     -1.250337     -1.250312
   0.74878     -1.242742     -1.242719
   0.80641     -1.208884     -1.208863
   0.86405     -1.168105     -1.168083
   0.92169     -1.145883     -1.145861
   0.92169     -1.145883     -1.145861
   0.97915     -1.166092     -1.166072
   1.03662     -1.187356     -1.187340
   1.09408     -1.181095     -1.181081
   1.15155     -1.301862     -1.301842
   1.20901     -1.340742     -1.340726
   1.26648     -1.326448     -1.326430
   1.32394     -1.313462     -1.313446
   1.38141     -1.303349     -1.303332
   1.43887     -1.327166     -1.327154
   1.49634     -1.330307     -1.330290
   1.55381     -1.323121     -1.323104
   1.55381     -1.699662     -1.699642
   1.60672     -1.736042     -1.736030
   1.65963     -1.680253     -1.680241
   1.71254     -1.684254     -1.684237
   1.76545     -1.690669     -1.690654
   1.81836     -1.680636     -1.680621
   1.87128     -1.652468     -1.652453
   1.92419     -1.608174     -1.608159
   1.97710     -1.556987     -1.556971
   2.03001     -1.528156     -1.528140
   2.08292     -1.515821     -1.515805
   2.13583     -1.487630     -1.487614
   2.18875     -1.427913     -1.427898
   2.24166     -1.339821     -1.339807
   2.29457     -1.255206     -1.255192
   2.34748     -1.205755     -1.205741
   2.40039     -1.183026     -1.183008
   2.45330     -1.161601     -1.161580
   2.50622     -1.145883     -1.145861
   2.50622     -1.145883     -1.145861
   2.56085     -1.182822     -1.182803
   2.61548     -1.245235     -1.245219
   2.67011     -1.309913     -1.309900
   2.72474     -1.359953     -1.359938
   2.77937     -1.412602     -1.412592
   2.83400     -1.440780     -1.440770
   2.88863     -1.416421     -1.416405
   2.94326     -1.389595     -1.389579
   2.99790     -1.364480     -1.364463
   3.05253     -1.342648     -1.342631
   3.10716     -1.325915     -1.325897
   3.16179     -1.318421     -1.318404
   3.16179     -1.644694     -1.644678
   3.21686     -1.646188     -1.646177
   3.27192     -1.598486     -1.598475
   3.32699     -1.624853     -1.624840
   3.38206     -1.709116     -1.709104
   3.43712     -1.788994     -1.788981
   3.49219     -1.831360     -1.831348
   3.54726     -1.820562     -1.820550
   3.60232     -1.768709     -1.768696
   3.65739     -1.682490     -1.682477
   3.71246     -1.569466     -1.569453
   3.76752     -1.441229     -1.441216
   3.82259     -1.310495     -1.310482
   3.87766     -1.201324     -1.201310
   3.93273     -1.152125     -1.152110
   3.98779     -1.151485     -1.151467
   4.04286     -1.152184     -1.152163
   4.09793     -1.145883     -1.145861
   4.09793     -1.145883     -1.145861
   4.15394     -1.145047     -1.145024
   4.20996     -1.143196     -1.143173
   4.26598     -1.140587     -1.140564
   4.32199     -1.134114     -1.134091
   4.37801     -1.180399     -1.180388
   4.43402     -1.208992     -1.208970
   4.49004     -1.159339     -1.159315
   4.54606     -1.109514     -1.109490
   4.60207     -1.093044     -1.093024
   4.65809     -1.139518     -1.139502
   4.71411     -1.219938     -1.219925
   4.77012     -1.295255     -1.295243
   4.82614     -1.207489     -1.207475
 
# Band-Index   42
   4.82614     -1.200953     -1.200941
   4.77012     -1.080529     -1.080515
   4.71411     -0.966748     -0.966729
   4.65809     -0.922845     -0.922819
   4.60207     -0.947418     -0.947393
   4.54606     -0.963195     -0.963169
   4.49004     -0.999772     -0.999744
   4.43402     -1.045150     -1.045123
   4.37801     -1.078969     -1.078944
   4.32199     -1.016490     -1.016475
   4.26598     -0.988122     -0.988098
   4.20996     -1.010612     -1.010588
   4.15394     -1.029983     -1.029959
   4.09793     -1.037741     -1.037716
   4.09793     -1.037741     -1.037716
   4.04286     -1.021424     -1.021397
   3.98779     -0.995420     -0.995392
   3.93273     -0.988488     -0.988460
   3.87766     -1.021703     -1.021678
   3.82259     -1.097229     -1.097208
   3.76752     -1.200825     -1.200808
   3.71246     -1.314003     -1.313988
   3.65739     -1.422398     -1.422385
   3.60232     -1.514018     -1.514005
   3.54726     -1.578008     -1.577996
   3.49219     -1.608497     -1.608484
   3.43712     -1.609213     -1.609199
   3.38206     -1.590950     -1.590934
   3.32699     -1.567803     -1.567784
   3.27192     -1.555086     -1.555065
   3.21686     -1.588345     -1.588325
   3.16179     -1.641528     -1.641513
   3.16179     -1.300831     -1.300814
   3.10716     -1.298983     -1.298965
   3.05253     -1.298689     -1.298671
   2.99790     -1.302705     -1.302688
   2.94326     -1.310736     -1.310719
   2.88863     -1.321743     -1.321727
   2.83400     -1.334453     -1.334437
   2.77937     -1.347577     -1.347561
   2.72474     -1.330260     -1.330238
   2.67011     -1.141681     -1.141655
   2.61548     -1.012493     -1.012463
   2.56085     -1.008606     -1.008579
   2.50622     -1.037741     -1.037716
   2.50622     -1.037741     -1.037716
   2.45330     -1.019083     -1.019057
   2.40039     -0.993052     -0.993024
   2.34748     -0.997956     -0.997927
   2.29457     -1.046724     -1.046698
   2.24166     -1.108375     -1.108351
   2.18875     -1.179587     -1.179566
   2.13583     -1.264915     -1.264896
   2.08292     -1.353961     -1.353944
   2.03001     -1.432700     -1.432685
   1.97710     -1.475852     -1.475837
   1.92419     -1.487172     -1.487159
   1.87128     -1.501832     -1.501819
   1.81836     -1.525792     -1.525780
   1.76545     -1.556480     -1.556469
   1.71254     -1.598171     -1.598160
   1.65963     -1.647017     -1.646999
   1.60672     -1.651876     -1.651853
   1.55381     -1.697064     -1.697045
   1.55381     -1.296033     -1.296016
   1.49634     -1.295562     -1.295544
   1.43887     -1.297164     -1.297146
   1.38141     -1.218954     -1.218939
   1.32394     -1.110513     -1.110495
   1.26648     -1.020671     -1.020652
   1.20901     -1.076220     -1.076207
   1.15155     -1.139536     -1.139523
   1.09408     -1.099757     -1.099733
   1.03662     -0.994315     -0.994284
   0.97915     -1.010398     -1.010371
   0.92169     -1.037741     -1.037716
   0.92169     -1.037741     -1.037716
   0.86405     -1.017788     -1.017764
   0.80641     -0.987174     -0.987149
   0.74878     -0.987186     -0.987166
   0.69114     -1.023913     -1.023902
   0.69114     -0.945757     -0.945739
   0.63355     -0.929767     -0.929746
   0.57595     -0.952587     -0.952561
   0.51836     -1.005459     -1.005432
   0.46076     -1.053634     -1.053619
   0.40317     -0.966011     -0.965990
   0.34557     -0.954282     -0.954256
   0.28798     -0.991586     -0.991561
   0.23038     -1.003575     -1.003549
   0.17279     -1.007479     -1.007456
   0.11519     -1.018234     -1.018209
   0.05760     -1.031520     -1.031496
   0.00000     -1.037741     -1.037716
 
# Band-Index   43
   0.00000     -0.616161     -0.616135
   0.05760     -0.670358     -0.670340
   0.11519     -0.763117     -0.763101
   0.17279     -0.866254     -0.866239
   0.23038     -0.937299     -0.937279
   0.28798     -0.949877     -0.949852
   0.34557     -0.939701     -0.939675
   0.40317     -0.895921     -0.895893
   0.46076     -0.826663     -0.826636
   0.51836     -0.782045     -0.782028
   0.57595     -0.783937     -0.783916
   0.63355     -0.781568     -0.781541
   0.69114     -0.769106     -0.769073
   0.69114     -0.862475     -0.862455
   0.74878     -0.819066     -0.819052
   0.80641     -0.680494     -0.680480
   0.86405     -0.621106     -0.621081
   0.92169     -0.616161     -0.616135
   0.92169     -0.616161     -0.616135
   0.97915     -0.672366     -0.672342
   1.03662     -0.802620     -0.802601
   1.09408     -0.882696     -0.882673
   1.15155     -0.909422     -0.909398
   1.20901     -0.949543     -0.949520
   1.26648     -0.995665     -0.995652
   1.32394     -0.919481     -0.919468
   1.38141     -0.846034     -0.846020
   1.43887     -0.785158     -0.785143
   1.49634     -0.742919     -0.742904
   1.55381     -0.726458     -0.726444
   1.55381     -1.487124     -1.487112
   1.60672     -1.471093     -1.471081
   1.65963     -1.454406     -1.454390
   1.71254     -1.424009     -1.423993
   1.76545     -1.370567     -1.370549
   1.81836     -1.312040     -1.312019
   1.87128     -1.268895     -1.268873
   1.92419     -1.239437     -1.239416
   1.97710     -1.207103     -1.207084
   2.03001     -1.166890     -1.166873
   2.08292     -1.123263     -1.123247
   2.13583     -1.079603     -1.079587
   2.18875     -1.033041     -1.033027
   2.24166     -0.976143     -0.976128
   2.29457     -0.909658     -0.909643
   2.34748     -0.832995     -0.832978
   2.40039     -0.740560     -0.740541
   2.45330     -0.659043     -0.659022
   2.50622     -0.616161     -0.616135
   2.50622     -0.616161     -0.616135
   2.56085     -0.660090     -0.660065
   2.61548     -0.739211     -0.739188
   2.67011     -0.752357     -0.752332
   2.72474     -0.736550     -0.736525
   2.77937     -0.736080     -0.736057
   2.83400     -0.757829     -0.757810
   2.88863     -0.795670     -0.795652
   2.94326     -0.841510     -0.841493
   2.99790     -0.887890     -0.887874
   3.05253     -0.927467     -0.927450
   3.10716     -0.953303     -0.953284
   3.16179     -0.961864     -0.961845
   3.16179     -1.422453     -1.422437
   3.21686     -1.457402     -1.457386
   3.27192     -1.500138     -1.500120
   3.32699     -1.461610     -1.461594
   3.38206     -1.382225     -1.382208
   3.43712     -1.307083     -1.307065
   3.49219     -1.237528     -1.237510
   3.54726     -1.170937     -1.170919
   3.60232     -1.106625     -1.106606
   3.65739     -1.046461     -1.046442
   3.71246     -0.994988     -0.994970
   3.76752     -0.958052     -0.958034
   3.82259     -0.936411     -0.936394
   3.87766     -0.912334     -0.912316
   3.93273     -0.848194     -0.848176
   3.98779     -0.749870     -0.749851
   4.04286     -0.662801     -0.662780
   4.09793     -0.616161     -0.616135
   4.09793     -0.616161     -0.616135
   4.15394     -0.664303     -0.664285
   4.20996     -0.747645     -0.747629
   4.26598     -0.854885     -0.854871
   4.32199     -0.935286     -0.935262
   4.37801     -0.911985     -0.911958
   4.43402     -0.876387     -0.876359
   4.49004     -0.850224     -0.850200
   4.54606     -0.860486     -0.860465
   4.60207     -0.854344     -0.854317
   4.65809     -0.854049     -0.854023
   4.71411     -0.840833     -0.840804
   4.77012     -0.799790     -0.799759
   4.82614     -0.767334     -0.767301
 
# Band-Index   44
   4.82614     -0.762872     -0.762841
   4.77012     -0.743460     -0.743429
   4.71411     -0.736154     -0.736125
   4.65809     -0.732705     -0.732685
   4.60207     -0.744424     -0.744391
   4.54606     -0.779697     -0.779665
   4.49004     -0.805917     -0.805894
   4.43402     -0.798130     -0.798113
   4.37801     -0.784186     -0.784170
   4.32199     -0.750539     -0.750525
   4.26598     -0.663349     -0.663337
   4.20996     -0.570267     -0.570250
   4.15394     -0.573453     -0.573433
   4.09793     -0.596973     -0.596960
   4.09793     -0.596973     -0.596960
   4.04286     -0.588223     -0.588207
   3.98779     -0.610485     -0.610471
   3.93273     -0.661605     -0.661593
   3.87766     -0.717239     -0.717224
   3.82259     -0.762395     -0.762377
   3.76752     -0.804935     -0.804917
   3.71246     -0.854333     -0.854316
   3.65739     -0.911400     -0.911384
   3.60232     -0.972268     -0.972253
   3.54726     -1.032721     -1.032707
   3.49219     -1.089511     -1.089497
   3.43712     -1.140540     -1.140526
   3.38206     -1.186053     -1.186039
   3.32699     -1.238916     -1.238903
   3.27192     -1.326280     -1.326268
   3.21686     -1.389360     -1.389347
   3.16179     -1.418091     -1.418076
   3.16179     -0.753325     -0.753308
   3.10716     -0.729003     -0.728985
   3.05253     -0.670380     -0.670358
   2.99790     -0.602999     -0.602973
   2.94326     -0.545682     -0.545654
   2.88863     -0.507810     -0.507781
   2.83400     -0.516117     -0.516104
   2.77937     -0.538305     -0.538293
   2.72474     -0.558016     -0.558004
   2.67011     -0.574409     -0.574396
   2.61548     -0.586728     -0.586716
   2.56085     -0.594380     -0.594367
   2.50622     -0.596973     -0.596960
   2.50622     -0.596973     -0.596960
   2.45330     -0.586401     -0.586386
   2.40039     -0.592226     -0.592210
   2.34748     -0.606436     -0.606419
   2.29457     -0.619200     -0.619183
   2.24166     -0.641512     -0.641496
   2.18875     -0.682125     -0.682110
   2.13583     -0.737217     -0.737203
   2.08292     -0.802211     -0.802198
   2.03001     -0.873721     -0.873709
   1.97710     -0.948618     -0.948606
   1.92419     -1.022676     -1.022666
   1.87128     -1.088761     -1.088750
   1.81836     -1.142072     -1.142057
   1.76545     -1.202220     -1.202202
   1.71254     -1.293515     -1.293500
   1.65963     -1.393656     -1.393643
   1.60672     -1.468799     -1.468785
   1.55381     -1.484022     -1.484007
   1.55381     -0.683033     -0.683002
   1.49634     -0.680163     -0.680132
   1.43887     -0.676110     -0.676080
   1.38141     -0.670691     -0.670661
   1.32394     -0.658998     -0.658969
   1.26648     -0.635577     -0.635550
   1.20901     -0.598094     -0.598069
   1.15155     -0.552903     -0.552883
   1.09408     -0.570613     -0.570601
   1.03662     -0.585011     -0.584999
   0.97915     -0.593947     -0.593934
   0.92169     -0.596973     -0.596960
   0.92169     -0.596973     -0.596960
   0.86405     -0.592433     -0.592420
   0.80641     -0.607248     -0.607221
   0.74878     -0.622480     -0.622452
   0.69114     -0.626389     -0.626361
   0.69114     -0.765103     -0.765073
   0.63355     -0.754305     -0.754272
   0.57595     -0.754257     -0.754225
   0.51836     -0.767700     -0.767669
   0.46076     -0.788137     -0.788109
   0.40317     -0.792717     -0.792697
   0.34557     -0.793979     -0.793963
   0.28798     -0.788897     -0.788883
   0.23038     -0.742992     -0.742980
   0.17279     -0.625851     -0.625841
   0.11519     -0.555613     -0.555593
   0.05760     -0.571250     -0.571230
   0.00000     -0.596973     -0.596960
 
# Band-Index   45
   0.00000     -0.453556     -0.453536
   0.05760     -0.456062     -0.456041
   0.11519     -0.464865     -0.464843
   0.17279     -0.558967     -0.558949
   0.23038     -0.595184     -0.595169
   0.28798     -0.661020     -0.661006
   0.34557     -0.740324     -0.740310
   0.40317     -0.786304     -0.786287
   0.46076     -0.778680     -0.778660
   0.51836     -0.747998     -0.747966
   0.57595     -0.676450     -0.676418
   0.63355     -0.609364     -0.609332
   0.69114     -0.554499     -0.554469
   0.69114     -0.564358     -0.564345
   0.74878     -0.569398     -0.569384
   0.80641     -0.581145     -0.581132
   0.86405     -0.512435     -0.512416
   0.92169     -0.453556     -0.453536
   0.92169     -0.453556     -0.453536
   0.97915     -0.459762     -0.459742
   1.03662     -0.477978     -0.477956
   1.09408     -0.509485     -0.509462
   1.15155     -0.550835     -0.550819
   1.20901     -0.528482     -0.528470
   1.26648     -0.502850     -0.502837
   1.32394     -0.475797     -0.475784
   1.38141     -0.448816     -0.448803
   1.43887     -0.423723     -0.423710
   1.49634     -0.403687     -0.403674
   1.55381     -0.395210     -0.395197
   1.55381     -1.243474     -1.243466
   1.60672     -1.252998     -1.252989
   1.65963     -1.223274     -1.223263
   1.71254     -1.170046     -1.170033
   1.76545     -1.100312     -1.100297
   1.81836     -1.006015     -1.005996
   1.87128     -0.929853     -0.929837
   1.92419     -0.880461     -0.880447
   1.97710     -0.836511     -0.836496
   2.03001     -0.792123     -0.792108
   2.08292     -0.743116     -0.743101
   2.13583     -0.686953     -0.686938
   2.18875     -0.624004     -0.623989
   2.24166     -0.557865     -0.557850
   2.29457     -0.502542     -0.502527
   2.34748     -0.481909     -0.481891
   2.40039     -0.467158     -0.467139
   2.45330     -0.457086     -0.457066
   2.50622     -0.453556     -0.453536
   2.50622     -0.453556     -0.453536
   2.56085     -0.458301     -0.458281
   2.61548     -0.467127     -0.467107
   2.67011     -0.476001     -0.475980
   2.72474     -0.482213     -0.482190
   2.77937     -0.484748     -0.484722
   2.83400     -0.489728     -0.489700
   2.88863     -0.492168     -0.492156
   2.94326     -0.467640     -0.467627
   2.99790     -0.443329     -0.443316
   3.05253     -0.420746     -0.420733
   3.10716     -0.402758     -0.402745
   3.16179     -0.395218     -0.395205
   3.16179     -1.243144     -1.243136
   3.21686     -1.239936     -1.239928
   3.27192     -1.222370     -1.222363
   3.32699     -1.176584     -1.176572
   3.38206     -1.075827     -1.075812
   3.43712     -0.962921     -0.962904
   3.49219     -0.857496     -0.857477
   3.54726     -0.766650     -0.766630
   3.60232     -0.694140     -0.694120
   3.65739     -0.639571     -0.639551
   3.71246     -0.598396     -0.598377
   3.76752     -0.562240     -0.562220
   3.82259     -0.523706     -0.523684
   3.87766     -0.497243     -0.497217
   3.93273     -0.480366     -0.480341
   3.98779     -0.466779     -0.466757
   4.04286     -0.457216     -0.457196
   4.09793     -0.453556     -0.453536
   4.09793     -0.453556     -0.453536
   4.15394     -0.462616     -0.462596
   4.20996     -0.502783     -0.502760
   4.26598     -0.521448     -0.521425
   4.32199     -0.526633     -0.526617
   4.37801     -0.555116     -0.555103
   4.43402     -0.592951     -0.592938
   4.49004     -0.627982     -0.627968
   4.54606     -0.661980     -0.661966
   4.60207     -0.701600     -0.701584
   4.65809     -0.706999     -0.706965
   4.71411     -0.663332     -0.663299
   4.77012     -0.613166     -0.613134
   4.82614     -0.567418     -0.567387
 
# Band-Index   46
   4.82614     -0.560537     -0.560501
   4.77012     -0.520841     -0.520807
   4.71411     -0.486334     -0.486299
   4.65809     -0.461137     -0.461103
   4.60207     -0.445582     -0.445548
   4.54606     -0.439784     -0.439751
   4.49004     -0.443046     -0.443014
   4.43402     -0.452836     -0.452804
   4.37801     -0.464307     -0.464276
   4.32199     -0.466818     -0.466791
   4.26598     -0.445392     -0.445373
   4.20996     -0.395249     -0.395235
   4.15394     -0.295737     -0.295724
   4.09793     -0.242239     -0.242225
   4.09793     -0.242239     -0.242225
   4.04286     -0.273731     -0.273717
   3.98779     -0.342468     -0.342455
   3.93273     -0.411272     -0.411259
   3.87766     -0.468928     -0.468915
   3.82259     -0.508501     -0.508482
   3.76752     -0.527821     -0.527798
   3.71246     -0.548694     -0.548670
   3.65739     -0.579226     -0.579203
   3.60232     -0.626153     -0.626132
   3.54726     -0.693918     -0.693898
   3.49219     -0.782943     -0.782925
   3.43712     -0.888313     -0.888297
   3.38206     -0.998861     -0.998848
   3.32699     -1.097572     -1.097561
   3.27192     -1.171640     -1.171631
   3.21686     -1.218842     -1.218833
   3.16179     -1.237854     -1.237847
   3.16179     -0.318149     -0.318136
   3.10716     -0.312518     -0.312505
   3.05253     -0.300178     -0.300165
   2.99790     -0.286742     -0.286729
   2.94326     -0.274644     -0.274631
   2.88863     -0.264695     -0.264681
   2.83400     -0.257006     -0.256992
   2.77937     -0.251374     -0.251360
   2.72474     -0.247460     -0.247447
   2.67011     -0.244890     -0.244876
   2.61548     -0.243325     -0.243311
   2.56085     -0.242498     -0.242484
   2.50622     -0.242239     -0.242225
   2.50622     -0.242239     -0.242225
   2.45330     -0.270634     -0.270620
   2.40039     -0.335686     -0.335673
   2.34748     -0.407610     -0.407594
   2.29457     -0.468567     -0.468544
   2.24166     -0.482385     -0.482358
   2.18875     -0.479992     -0.479963
   2.13583     -0.489219     -0.489189
   2.08292     -0.521199     -0.521169
   2.03001     -0.579015     -0.578986
   1.97710     -0.660666     -0.660640
   1.92419     -0.760751     -0.760728
   1.87128     -0.869629     -0.869611
   1.81836     -0.957723     -0.957712
   1.76545     -1.015842     -1.015831
   1.71254     -1.071994     -1.071982
   1.65963     -1.132176     -1.132167
   1.60672     -1.193244     -1.193236
   1.55381     -1.238120     -1.238113
   1.55381     -0.318594     -0.318581
   1.49634     -0.312376     -0.312363
   1.43887     -0.299032     -0.299019
   1.38141     -0.284731     -0.284718
   1.32394     -0.272022     -0.272008
   1.26648     -0.261794     -0.261780
   1.20901     -0.254133     -0.254119
   1.15155     -0.248805     -0.248791
   1.09408     -0.245432     -0.245418
   1.03662     -0.243487     -0.243473
   0.97915     -0.242526     -0.242512
   0.92169     -0.242239     -0.242225
   0.92169     -0.242239     -0.242225
   0.86405     -0.245572     -0.245558
   0.80641     -0.253950     -0.253936
   0.74878     -0.262880     -0.262867
   0.69114     -0.266767     -0.266754
   0.69114     -0.548065     -0.548030
   0.63355     -0.504752     -0.504718
   0.57595     -0.471101     -0.471067
   0.51836     -0.450264     -0.450231
   0.46076     -0.441354     -0.441321
   0.40317     -0.442484     -0.442452
   0.34557     -0.450912     -0.450880
   0.28798     -0.463103     -0.463071
   0.23038     -0.474042     -0.474011
   0.17279     -0.475312     -0.475285
   0.11519     -0.458773     -0.458762
   0.05760     -0.306428     -0.306415
   0.00000     -0.242239     -0.242225
 
# Band-Index   47
   0.00000      1.168890      1.168859
   0.05760      1.242406      1.242377
   0.11519      1.425931      1.425903
   0.17279      1.659130      1.659104
   0.23038      1.902302      1.902277
   0.28798      2.132542      2.132516
   0.34557      2.331230      2.331203
   0.40317      2.473482      2.473453
   0.46076      2.521329      2.521292
   0.51836      2.511751      2.511710
   0.57595      2.488330      2.488288
   0.63355      2.467240      2.467197
   0.69114      2.459728      2.459686
   0.69114      1.862078      1.862056
   0.74878      1.665730      1.665706
   0.80641      1.428122      1.428095
   0.86405      1.241942      1.241913
   0.92169      1.168890      1.168859
   0.92169      1.168890      1.168859
   0.97915      1.244700      1.244670
   1.03662      1.443267      1.443240
   1.09408      1.711035      1.711013
   1.15155      2.004071      2.004050
   1.20901      2.289052      2.289033
   1.26648      2.535081      2.535062
   1.32394      2.695858      2.695835
   1.38141      2.735561      2.735539
   1.43887      2.748186      2.748162
   1.49634      2.749103      2.749082
   1.55381      2.748660      2.748637
   1.55381      2.167639      2.167603
   1.60672      2.138419      2.138383
   1.65963      2.142695      2.142657
   1.71254      2.191032      2.190993
   1.76545      2.289207      2.289169
   1.81836      2.436055      2.436018
   1.87128      2.622596      2.622561
   1.92419      2.831612      2.831579
   1.97710      3.026310      3.026280
   2.03001      3.082983      3.082965
   2.08292      2.974353      2.974339
   2.13583      2.760906      2.760889
   2.18875      2.494768      2.494750
   2.24166      2.206888      2.206869
   2.29457      1.917114      1.917093
   2.34748      1.642578      1.642556
   2.40039      1.404219      1.404193
   2.45330      1.233096      1.233065
   2.50622      1.168890      1.168859
   2.50622      1.168890      1.168859
   2.56085      1.238081      1.238050
   2.61548      1.419431      1.419406
   2.67011      1.663540      1.663518
   2.72474      1.928911      1.928892
   2.77937      2.180524      2.180506
   2.83400      2.364194      2.364175
   2.88863      2.448384      2.448362
   2.94326      2.503442      2.503420
   2.99790      2.563709      2.563686
   3.05253      2.632570      2.632547
   3.10716      2.695291      2.695269
   3.16179      2.722532      2.722511
   3.16179      1.888352      1.888317
   3.21686      1.889184      1.889149
   3.27192      1.941810      1.941774
   3.32699      2.043494      2.043458
   3.38206      2.187747      2.187712
   3.43712      2.365561      2.365528
   3.49219      2.563026      2.562997
   3.54726      2.755786      2.755760
   3.60232      2.896880      2.896857
   3.65739      2.912702      2.912684
   3.71246      2.775365      2.775349
   3.76752      2.537559      2.537542
   3.82259      2.253704      2.253686
   3.87766      1.957289      1.957267
   3.93273      1.671509      1.671486
   3.98779      1.420351      1.420324
   4.04286      1.237952      1.237922
   4.09793      1.168890      1.168859
   4.09793      1.168890      1.168859
   4.15394      1.238675      1.238646
   4.20996      1.414532      1.414505
   4.26598      1.639719      1.639695
   4.32199      1.873525      1.873501
   4.37801      2.088216      2.088191
   4.43402      2.255167      2.255140
   4.49004      2.338001      2.337970
   4.54606      2.356215      2.356180
   4.60207      2.363252      2.363215
   4.65809      2.386688      2.386649
   4.71411      2.434388      2.434346
   4.77012      2.502520      2.502479
   4.82614      2.578295      2.578253
 
# Band-Index   48
   4.82614      2.583708      2.583667
   4.77012      2.656162      2.656120
   4.71411      2.711853      2.711812
   4.65809      2.731805      2.731767
   4.60207      2.705989      2.705954
   4.54606      2.636807      2.636773
   4.49004      2.539601      2.539570
   4.43402      2.447265      2.447236
   4.37801      2.368527      2.368498
   4.32199      2.278633      2.278605
   4.26598      2.174190      2.174162
   4.20996      2.066831      2.066803
   4.15394      1.982225      1.982195
   4.09793      1.949711      1.949680
   4.09793      1.949711      1.949680
   4.04286      1.985994      1.985966
   3.98779      2.091652      2.091624
   3.93273      2.257395      2.257370
   3.87766      2.468277      2.468253
   3.82259      2.703419      2.703397
   3.76752      2.934616      2.934597
   3.71246      3.123633      3.123613
   3.65739      3.221522      3.221498
   3.60232      3.199231      3.199202
   3.54726      3.078726      3.078699
   3.49219      2.885350      2.885324
   3.43712      2.657193      2.657167
   3.38206      2.429834      2.429808
   3.32699      2.226431      2.226403
   3.27192      2.062572      2.062540
   3.21686      1.948799      1.948765
   3.16179      1.892950      1.892915
   3.16179      3.139978      3.139961
   3.10716      3.137920      3.137902
   3.05253      3.108756      3.108737
   2.99790      3.025958      3.025937
   2.94326      2.892336      2.892314
   2.88863      2.723170      2.723146
   2.83400      2.549497      2.549471
   2.77937      2.430849      2.430820
   2.72474      2.329912      2.329884
   2.67011      2.207671      2.207645
   2.61548      2.080571      2.080542
   2.56085      1.985027      1.984997
   2.50622      1.949711      1.949680
   2.50622      1.949711      1.949680
   2.45330      1.982179      1.982150
   2.40039      2.076920      2.076891
   2.34748      2.226293      2.226266
   2.29457      2.418277      2.418254
   2.24166      2.636441      2.636421
   2.18875      2.858893      2.858874
   2.13583      3.058956      3.058938
   2.08292      3.207613      3.207594
   2.03001      3.218427      3.218403
   1.97710      3.101238      3.101219
   1.92419      2.977649      2.977626
   1.87128      2.828448      2.828423
   1.81836      2.675202      2.675175
   1.76545      2.532563      2.532532
   1.71254      2.408470      2.408438
   1.65963      2.306194      2.306160
   1.60672      2.226170      2.226135
   1.55381      2.170247      2.170211
   1.55381      2.793598      2.793581
   1.49634      2.801105      2.801089
   1.43887      2.812085      2.812067
   1.38141      2.795716      2.795697
   1.32394      2.711323      2.711302
   1.26648      2.624394      2.624370
   1.20901      2.520494      2.520469
   1.15155      2.392308      2.392284
   1.09408      2.247024      2.246997
   1.03662      2.101999      2.101971
   0.97915      1.991338      1.991309
   0.92169      1.949711      1.949680
   0.92169      1.949711      1.949680
   0.86405      1.969836      1.969806
   0.80641      2.030712      2.030682
   0.74878      2.123762      2.123734
   0.69114      1.966786      1.966763
   0.69114      2.463337      2.463296
   0.63355      2.475488      2.475449
   0.57595      2.504599      2.504561
   0.51836      2.534926      2.534890
   0.46076      2.537355      2.537322
   0.40317      2.504597      2.504563
   0.34557      2.457164      2.457132
   0.28798      2.384355      2.384325
   0.23038      2.292572      2.292544
   0.17279      2.186745      2.186717
   0.11519      2.076074      2.076046
   0.05760      1.985486      1.985457
   0.00000      1.949711      1.949680
 
# Band-Index   49
   0.00000      2.454634      2.454613
   0.05760      2.486362      2.486342
   0.11519      2.579804      2.579781
   0.17279      2.725285      2.725261
   0.23038      2.898977      2.898953
   0.28798      3.072624      3.072601
   0.34557      3.156108      3.156086
   0.40317      3.209520      3.209499
   0.46076      3.319366      3.319347
   0.51836      3.491256      3.491237
   0.57595      3.680196      3.680176
   0.63355      3.765810      3.765788
   0.69114      3.844173      3.844154
   0.69114      2.229018      2.228992
   0.74878      2.141349      2.141326
   0.80641      2.299092      2.299071
   0.86405      2.413135      2.413114
   0.92169      2.454634      2.454613
   0.92169      2.454634      2.454613
   0.97915      2.481462      2.481442
   1.03662      2.564010      2.563990
   1.09408      2.704144      2.704126
   1.15155      2.891336      2.891322
   1.20901      3.095681      3.095670
   1.26648      3.284579      3.284570
   1.32394      3.449488      3.449479
   1.38141      3.602596      3.602585
   1.43887      3.727057      3.727043
   1.49634      3.837639      3.837623
   1.55381      3.893811      3.893797
   1.55381      2.600642      2.600628
   1.60672      2.582727      2.582710
   1.65963      2.596404      2.596385
   1.71254      2.643042      2.643023
   1.76545      2.722004      2.721985
   1.81836      2.832854      2.832836
   1.87128      2.973017      2.972999
   1.92419      3.134292      3.134275
   1.97710      3.299803      3.299789
   2.03001      3.382534      3.382518
   2.08292      3.332615      3.332591
   2.13583      3.234335      3.234312
   2.18875      3.081784      3.081761
   2.24166      2.920589      2.920565
   2.29457      2.770077      2.770055
   2.34748      2.640293      2.640272
   2.40039      2.539934      2.539913
   2.45330      2.476393      2.476373
   2.50622      2.454634      2.454613
   2.50622      2.454634      2.454613
   2.56085      2.472091      2.472071
   2.61548      2.524415      2.524395
   2.67011      2.613306      2.613287
   2.72474      2.742416      2.742399
   2.77937      2.905095      2.905080
   2.83400      3.079994      3.079983
   2.88863      3.246992      3.246984
   2.94326      3.392378      3.392370
   2.99790      3.504818      3.504809
   3.05253      3.580933      3.580923
   3.10716      3.630882      3.630869
   3.16179      3.651452      3.651438
   3.16179      3.006339      3.006321
   3.21686      2.963423      2.963404
   3.27192      2.943516      2.943496
   3.32699      2.950149      2.950129
   3.38206      2.983561      2.983539
   3.43712      3.044112      3.044089
   3.49219      3.131867      3.131846
   3.54726      3.244471      3.244451
   3.60232      3.359368      3.359349
   3.65739      3.432942      3.432922
   3.71246      3.430902      3.430882
   3.76752      3.276962      3.276939
   3.82259      3.062803      3.062781
   3.87766      2.859592      2.859569
   3.93273      2.688962      2.688940
   3.98779      2.560893      2.560871
   4.04286      2.481526      2.481507
   4.09793      2.454634      2.454613
   4.09793      2.454634      2.454613
   4.15394      2.477694      2.477674
   4.20996      2.545885      2.545862
   4.26598      2.653930      2.653908
   4.32199      2.786402      2.786380
   4.37801      2.910885      2.910862
   4.43402      2.980593      2.980573
   4.49004      3.040925      3.040905
   4.54606      3.123543      3.123523
   4.60207      3.223501      3.223481
   4.65809      3.337651      3.337633
   4.71411      3.469688      3.469672
   4.77012      3.623768      3.623752
   4.82614      3.795357      3.795340
 
# Band-Index   50
   4.82614      3.796312      3.796298
   4.77012      3.924486      3.924465
   4.71411      3.881114      3.881086
   4.65809      3.751546      3.751517
   4.60207      3.594720      3.594692
   4.54606      3.433469      3.433442
   4.49004      3.277687      3.277659
   4.43402      3.133665      3.133639
   4.37801      3.029921      3.029894
   4.32199      2.994228      2.994203
   4.26598      2.973068      2.973043
   4.20996      2.948323      2.948298
   4.15394      2.925799      2.925775
   4.09793      2.916522      2.916497
   4.09793      2.916522      2.916497
   4.04286      2.939427      2.939403
   3.98779      3.006417      3.006395
   3.93273      3.111760      3.111736
   3.87766      3.244031      3.244010
   3.82259      3.383164      3.383144
   3.76752      3.499051      3.499031
   3.71246      3.583961      3.583940
   3.65739      3.648959      3.648941
   3.60232      3.636845      3.636828
   3.54726      3.605147      3.605132
   3.49219      3.555235      3.555219
   3.43712      3.480027      3.480013
   3.38206      3.384027      3.384013
   3.32699      3.277689      3.277674
   3.27192      3.173077      3.173061
   3.21686      3.081185      3.081168
   3.16179      3.013324      3.013304
   3.16179      4.064590      4.064585
   3.10716      4.062145      4.062136
   3.05253      3.989677      3.989661
   2.99790      3.891136      3.891122
   2.94326      3.784577      3.784566
   2.88863      3.665128      3.665118
   2.83400      3.533513      3.533502
   2.77937      3.394823      3.394810
   2.72474      3.255224      3.255207
   2.67011      3.124095      3.124074
   2.61548      3.014952      3.014929
   2.56085      2.942142      2.942118
   2.50622      2.916522      2.916497
   2.50622      2.916522      2.916497
   2.45330      2.936063      2.936040
   2.40039      2.994031      2.994007
   2.34748      3.088258      3.088234
   2.29457      3.214261      3.214237
   2.24166      3.363215      3.363192
   2.18875      3.517522      3.517501
   2.13583      3.642875      3.642853
   2.08292      3.666263      3.666242
   2.03001      3.557204      3.557177
   1.97710      3.571479      3.571454
   1.92419      3.572277      3.572258
   1.87128      3.402846      3.402828
   1.81836      3.206542      3.206526
   1.76545      3.026646      3.026628
   1.71254      2.873040      2.873022
   1.65963      2.749801      2.749786
   1.60672      2.659434      2.659418
   1.55381      2.606358      2.606340
   1.55381      3.965206      3.965193
   1.49634      3.910681      3.910669
   1.43887      3.781628      3.781618
   1.38141      3.646520      3.646513
   1.32394      3.566207      3.566199
   1.26648      3.504692      3.504684
   1.20901      3.421070      3.421059
   1.15155      3.302144      3.302128
   1.09408      3.165801      3.165783
   1.03662      3.039392      3.039369
   0.97915      2.949342      2.949318
   0.92169      2.916522      2.916497
   0.92169      2.916522      2.916497
   0.86405      2.859239      2.859214
   0.80641      2.710643      2.710619
   0.74878      2.519493      2.519468
   0.69114      2.384243      2.384216
   0.69114      3.847020      3.846998
   0.63355      3.917617      3.917601
   0.57595      3.704101      3.704083
   0.51836      3.584936      3.584915
   0.46076      3.480212      3.480191
   0.40317      3.363729      3.363706
   0.34557      3.229143      3.229119
   0.28798      3.123417      3.123394
   0.23038      3.084655      3.084630
   0.17279      3.034096      3.034070
   0.11519      2.978838      2.978813
   0.05760      2.934021      2.933996
   0.00000      2.916522      2.916497
 
# Band-Index   51
   0.00000      3.783082      3.783068
   0.05760      3.820047      3.820034
   0.11519      3.928481      3.928467
   0.17279      4.100537      4.100523
   0.23038      4.309076      4.309060
   0.28798      4.417706      4.417682
   0.34557      4.359827      4.359803
   0.40317      4.302777      4.302755
   0.46076      4.286293      4.286271
   0.51836      4.159923      4.159899
   0.57595      4.038419      4.038396
   0.63355      3.956980      3.956958
   0.69114      4.185230      4.185210
   0.69114      3.786745      3.786735
   0.74878      3.789209      3.789198
   0.80641      3.794018      3.794006
   0.86405      3.790104      3.790091
   0.92169      3.783082      3.783068
   0.92169      3.783082      3.783068
   0.97915      3.814043      3.814029
   1.03662      3.903618      3.903604
   1.09408      4.035203      4.035187
   1.15155      4.079944      4.079927
   1.20901      4.087091      4.087072
   1.26648      4.109269      4.109248
   1.32394      4.170468      4.170447
   1.38141      4.255676      4.255660
   1.43887      4.322821      4.322807
   1.49634      4.320856      4.320842
   1.55381      4.290052      4.290038
   1.55381      3.802374      3.802357
   1.60672      3.787258      3.787240
   1.65963      3.781603      3.781585
   1.71254      3.784907      3.784889
   1.76545      3.791959      3.791940
   1.81836      3.794863      3.794843
   1.87128      3.782941      3.782919
   1.92419      3.768392      3.768369
   1.97710      3.853431      3.853410
   2.03001      3.896108      3.896087
   2.08292      3.888936      3.888913
   2.13583      4.005624      4.005602
   2.18875      4.163803      4.163782
   2.24166      4.233166      4.233149
   2.29457      4.147720      4.147706
   2.34748      4.009154      4.009141
   2.40039      3.888697      3.888684
   2.45330      3.810178      3.810164
   2.50622      3.783082      3.783068
   2.50622      3.783082      3.783068
   2.56085      3.807184      3.807170
   2.61548      3.876546      3.876533
   2.67011      3.976933      3.976921
   2.72474      4.060351      4.060339
   2.77937      4.120607      4.120591
   2.83400      4.168601      4.168587
   2.88863      4.187814      4.187803
   2.94326      4.181639      4.181629
   2.99790      4.169128      4.169120
   3.05253      4.149821      4.149814
   3.10716      4.130144      4.130135
   3.16179      4.150429      4.150417
   3.16179      3.664246      3.664230
   3.21686      3.654923      3.654907
   3.27192      3.672173      3.672158
   3.32699      3.718856      3.718841
   3.38206      3.792633      3.792617
   3.43712      3.889413      3.889397
   3.49219      3.998188      3.998174
   3.54726      4.085033      4.085017
   3.60232      4.098206      4.098185
   3.65739      4.059878      4.059854
   3.71246      4.086440      4.086415
   3.76752      4.187468      4.187447
   3.82259      4.273516      4.273497
   3.87766      4.202659      4.202644
   3.93273      4.043769      4.043755
   3.98779      3.904977      3.904964
   4.04286      3.814389      3.814375
   4.09793      3.783082      3.783068
   4.09793      3.783082      3.783068
   4.15394      3.815520      3.815505
   4.20996      3.910923      3.910909
   4.26598      4.063415      4.063401
   4.32199      4.256600      4.256587
   4.37801      4.416716      4.416699
   4.43402      4.405549      4.405527
   4.49004      4.308972      4.308952
   4.54606      4.207577      4.207557
   4.60207      4.126218      4.126197
   4.65809      4.073362      4.073344
   4.71411      4.046390      4.046373
   4.77012      4.045530      4.045514
   4.82614      4.054066      4.054046
 
# Band-Index   52
   4.82614      4.059489      4.059470
   4.77012      4.107090      4.107074
   4.71411      4.279265      4.279253
   4.65809      4.371611      4.371595
   4.60207      4.431539      4.431522
   4.54606      4.528059      4.528039
   4.49004      4.627285      4.627266
   4.43402      4.673127      4.673110
   4.37801      4.619184      4.619171
   4.32199      4.479781      4.479767
   4.26598      4.295960      4.295948
   4.20996      4.134182      4.134168
   4.15394      4.030428      4.030413
   4.09793      3.995257      3.995244
   4.09793      3.995257      3.995244
   4.04286      4.020838      4.020824
   3.98779      4.093523      4.093509
   3.93273      4.198910      4.198897
   3.87766      4.302086      4.302072
   3.82259      4.365846      4.365827
   3.76752      4.382620      4.382601
   3.71246      4.379031      4.379015
   3.65739      4.402489      4.402475
   3.60232      4.388628      4.388613
   3.54726      4.303712      4.303695
   3.49219      4.226558      4.226541
   3.43712      4.137960      4.137942
   3.38206      4.024532      4.024515
   3.32699      3.903585      3.903568
   3.27192      3.797014      3.796998
   3.21686      3.717856      3.717839
   3.16179      3.675787      3.675771
   3.16179      4.424278      4.424268
   3.10716      4.433962      4.433953
   3.05253      4.434226      4.434219
   2.99790      4.464554      4.464545
   2.94326      4.506390      4.506377
   2.88863      4.506025      4.506009
   2.83400      4.441519      4.441498
   2.77937      4.315209      4.315190
   2.72474      4.168052      4.168033
   2.67011      4.064794      4.064777
   2.61548      4.021956      4.021942
   2.56085      4.001663      4.001648
   2.50622      3.995257      3.995244
   2.50622      3.995257      3.995244
   2.45330      4.017133      4.017119
   2.40039      4.079916      4.079902
   2.34748      4.174795      4.174781
   2.29457      4.286205      4.286190
   2.24166      4.392071      4.392053
   2.18875      4.470277      4.470258
   2.13583      4.502769      4.502749
   2.08292      4.458967      4.458948
   2.03001      4.336286      4.336265
   1.97710      4.245990      4.245971
   1.92419      4.223788      4.223771
   1.87128      4.193357      4.193342
   1.81836      4.133308      4.133294
   1.76545      4.054834      4.054820
   1.71254      3.973285      3.973271
   1.65963      3.900675      3.900660
   1.60672      3.844649      3.844631
   1.55381      3.811957      3.811938
   1.55381      4.476138      4.476133
   1.49634      4.497948      4.497943
   1.43887      4.557744      4.557735
   1.38141      4.599592      4.599581
   1.32394      4.573389      4.573376
   1.26648      4.501437      4.501423
   1.20901      4.376587      4.376573
   1.15155      4.213441      4.213429
   1.09408      4.071129      4.071115
   1.03662      4.032096      4.032082
   0.97915      4.005194      4.005180
   0.92169      3.995257      3.995244
   0.92169      3.995257      3.995244
   0.86405      3.977984      3.977969
   0.80641      3.943294      3.943280
   0.74878      3.912146      3.912133
   0.69114      3.899004      3.898991
   0.69114      4.193599      4.193584
   0.63355      4.435650      4.435633
   0.57595      4.411617      4.411598
   0.51836      4.334684      4.334665
   0.46076      4.294844      4.294823
   0.40317      4.396586      4.396565
   0.34557      4.486432      4.486415
   0.28798      4.577604      4.577590
   0.23038      4.595106      4.595092
   0.17279      4.373389      4.373377
   0.11519      4.168083      4.168071
   0.05760      4.038749      4.038737
   0.00000      3.995257      3.995244
 
# Band-Index   53
   0.00000      4.616817      4.616805
   0.05760      4.647768      4.647756
   0.11519      4.718798      4.718784
   0.17279      4.753314      4.753296
   0.23038      4.710519      4.710503
   0.28798      4.755116      4.755109
   0.34557      4.947869      4.947850
   0.40317      4.881638      4.881614
   0.46076      4.848033      4.848012
   0.51836      4.855237      4.855220
   0.57595      4.666709      4.666692
   0.63355      4.516879      4.516862
   0.69114      4.643377      4.643360
   0.69114      4.957234      4.957220
   0.74878      4.864183      4.864171
   0.80641      4.748266      4.748254
   0.86405      4.655079      4.655067
   0.92169      4.616817      4.616805
   0.92169      4.616817      4.616805
   0.97915      4.627904      4.627892
   1.03662      4.653700      4.653688
   1.09408      4.669968      4.669958
   1.15155      4.653391      4.653384
   1.20901      4.615588      4.615581
   1.26648      4.611944      4.611937
   1.32394      4.657469      4.657462
   1.38141      4.707743      4.707733
   1.43887      4.749683      4.749676
   1.49634      4.789622      4.789613
   1.55381      4.819017      4.819009
   1.55381      4.692004      4.691997
   1.60672      4.709233      4.709226
   1.65963      4.765329      4.765322
   1.71254      4.855172      4.855165
   1.76545      4.968258      4.968250
   1.81836      5.000794      5.000784
   1.87128      4.870062      4.870052
   1.92419      4.786706      4.786694
   1.97710      4.780261      4.780250
   2.03001      4.838007      4.837993
   2.08292      4.791327      4.791313
   2.13583      4.776480      4.776469
   2.18875      4.744603      4.744594
   2.24166      4.689132      4.689120
   2.29457      4.729978      4.729961
   2.34748      4.747627      4.747611
   2.40039      4.692996      4.692982
   2.45330      4.637761      4.637749
   2.50622      4.616817      4.616805
   2.50622      4.616817      4.616805
   2.56085      4.632409      4.632397
   2.61548      4.675031      4.675018
   2.67011      4.729416      4.729404
   2.72474      4.767103      4.767088
   2.77937      4.777897      4.777883
   2.83400      4.819396      4.819384
   2.88863      4.816951      4.816942
   2.94326      4.784498      4.784489
   2.99790      4.736220      4.736209
   3.05253      4.665147      4.665135
   3.10716      4.614695      4.614683
   3.16179      4.624683      4.624674
   3.16179      5.133764      5.133752
   3.21686      5.040864      5.040850
   3.27192      4.906111      4.906095
   3.32699      4.773772      4.773756
   3.38206      4.666555      4.666538
   3.43712      4.597409      4.597392
   3.49219      4.570428      4.570410
   3.54726      4.581053      4.581034
   3.60232      4.614536      4.614520
   3.65739      4.653344      4.653327
   3.71246      4.690072      4.690057
   3.76752      4.718488      4.718474
   3.82259      4.705798      4.705787
   3.87766      4.719024      4.719008
   3.93273      4.734122      4.734106
   3.98779      4.688757      4.688743
   4.04286      4.637187      4.637175
   4.09793      4.616817      4.616805
   4.09793      4.616817      4.616805
   4.15394      4.647421      4.647409
   4.20996      4.725712      4.725698
   4.26598      4.804395      4.804377
   4.32199      4.812017      4.812003
   4.37801      4.787147      4.787138
   4.43402      4.895221      4.895214
   4.49004      4.992503      4.992491
   4.54606      4.966587      4.966577
   4.60207      4.805762      4.805749
   4.65809      4.590366      4.590350
   4.71411      4.471448      4.471429
   4.77012      4.552478      4.552458
   4.82614      4.688904      4.688882
 
# Band-Index   54
   4.82614      4.690829      4.690808
   4.77012      4.807244      4.807220
   4.71411      4.906035      4.906014
   4.65809      5.000056      5.000039
   4.60207      5.032884      5.032867
   4.54606      5.033473      5.033456
   4.49004      5.035167      5.035151
   4.43402      5.018736      5.018719
   4.37801      4.968143      4.968127
   4.32199      4.897901      4.897887
   4.26598      4.920055      4.920044
   4.20996      4.976525      4.976515
   4.15394      5.004067      5.004057
   4.09793      5.008102      5.008090
   4.09793      5.008102      5.008090
   4.04286      4.998401      4.998390
   3.98779      4.957895      4.957885
   3.93273      4.878364      4.878353
   3.87766      4.797087      4.797078
   3.82259      4.790966      4.790957
   3.76752      4.921631      4.921622
   3.71246      4.877002      4.876986
   3.65739      4.717251      4.717237
   3.60232      4.690236      4.690224
   3.54726      4.803259      4.803247
   3.49219      4.887735      4.887725
   3.43712      4.903289      4.903279
   3.38206      4.926004      4.925996
   3.32699      4.989137      4.989126
   3.27192      5.078625      5.078613
   3.21686      5.150312      5.150301
   3.16179      5.144042      5.144032
   3.16179      4.755614      4.755600
   3.10716      4.816201      4.816187
   3.05253      4.904984      4.904969
   2.99790      4.974609      4.974595
   2.94326      5.032471      5.032459
   2.88863      4.980984      4.980975
   2.83400      4.862462      4.862457
   2.77937      4.861861      4.861857
   2.72474      4.885791      4.885784
   2.67011      4.950247      4.950235
   2.61548      4.985401      4.985390
   2.56085      5.001396      5.001385
   2.50622      5.008102      5.008090
   2.50622      5.008102      5.008090
   2.45330      5.003450      5.003440
   2.40039      4.984974      4.984962
   2.34748      4.949024      4.949013
   2.29457      4.915950      4.915940
   2.24166      4.914051      4.914041
   2.18875      4.945467      4.945457
   2.13583      5.027332      5.027321
   2.08292      4.956091      4.956076
   2.03001      4.902539      4.902529
   1.97710      5.065962      5.065952
   1.92419      5.206582      5.206572
   1.87128      5.201768      5.201757
   1.81836      5.104866      5.104857
   1.76545      5.013749      5.013744
   1.71254      4.903422      4.903417
   1.65963      4.797291      4.797284
   1.60672      4.723090      4.723083
   1.55381      4.694809      4.694802
   1.55381      4.924039      4.924031
   1.49634      4.961122      4.961113
   1.43887      5.026872      5.026863
   1.38141      5.097722      5.097715
   1.32394      5.088546      5.088539
   1.26648      5.005626      5.005617
   1.20901      4.901986      4.901972
   1.15155      4.853345      4.853328
   1.09408      4.887543      4.887529
   1.03662      4.944951      4.944940
   0.97915      4.991000      4.990989
   0.92169      5.008102      5.008090
   0.92169      5.008102      5.008090
   0.86405      5.012849      5.012837
   0.80641      5.043418      5.043404
   0.74878      5.048640      5.048628
   0.69114      4.998895      4.998886
   0.69114      4.648254      4.648233
   0.63355      4.788267      4.788246
   0.57595      4.887614      4.887593
   0.51836      4.873574      4.873551
   0.46076      4.996329      4.996315
   0.40317      5.061217      5.061207
   0.34557      4.951234      4.951223
   0.28798      4.908530      4.908513
   0.23038      4.780496      4.780485
   0.17279      4.866267      4.866257
   0.11519      4.961766      4.961756
   0.05760      5.002819      5.002809
   0.00000      5.008102      5.008090
 
# Band-Index   55
   0.00000      5.263884      5.263877
   0.05760      5.251520      5.251511
   0.11519      5.245708      5.245698
   0.17279      5.281522      5.281510
   0.23038      5.343787      5.343775
   0.28798      5.374284      5.374275
   0.34557      5.272092      5.272084
   0.40317      5.176986      5.176975
   0.46076      5.121412      5.121401
   0.51836      5.056696      5.056681
   0.57595      5.016091      5.016072
   0.63355      5.055456      5.055435
   0.69114      5.163861      5.163842
   0.69114      5.593153      5.593139
   0.74878      5.468129      5.468117
   0.80641      5.313600      5.313588
   0.86405      5.255297      5.255287
   0.92169      5.263884      5.263877
   0.92169      5.263884      5.263877
   0.97915      5.234115      5.234106
   1.03662      5.160654      5.160645
   1.09408      5.108524      5.108517
   1.15155      5.147232      5.147229
   1.20901      5.244357      5.244349
   1.26648      5.297453      5.297446
   1.32394      5.228393      5.228385
   1.38141      5.160619      5.160613
   1.43887      5.200843      5.200836
   1.49634      5.276487      5.276480
   1.55381      5.318145      5.318138
   1.55381      6.232112      6.232105
   1.60672      6.059482      6.059475
   1.65963      5.815902      5.815891
   1.71254      5.555900      5.555889
   1.76545      5.317713      5.317702
   1.81836      5.208687      5.208680
   1.87128      5.244397      5.244393
   1.92419      5.230987      5.230980
   1.97710      5.185531      5.185521
   2.03001      5.161096      5.161086
   2.08292      5.150403      5.150396
   2.13583      5.107472      5.107461
   2.18875      5.179438      5.179443
   2.24166      5.227154      5.227146
   2.29457      5.143450      5.143441
   2.34748      5.106984      5.106976
   2.40039      5.163765      5.163754
   2.45330      5.234063      5.234053
   2.50622      5.263884      5.263877
   2.50622      5.263884      5.263877
   2.56085      5.212627      5.212616
   2.61548      5.104254      5.104244
   2.67011      5.025818      5.025811
   2.72474      5.040589      5.040582
   2.77937      5.077144      5.077138
   2.83400      5.093690      5.093685
   2.88863      5.084133      5.084124
   2.94326      5.187278      5.187268
   2.99790      5.381758      5.381751
   3.05253      5.351994      5.351985
   3.10716      5.327309      5.327300
   3.16179      5.322204      5.322194
   3.16179      5.551414      5.551402
   3.21686      5.467135      5.467125
   3.27192      5.445690      5.445683
   3.32699      5.446884      5.446877
   3.38206      5.446960      5.446953
   3.43712      5.438014      5.438007
   3.49219      5.440990      5.440983
   3.54726      5.498316      5.498306
   3.60232      5.392639      5.392622
   3.65739      5.352847      5.352834
   3.71246      5.158309      5.158299
   3.76752      5.086046      5.086042
   3.82259      5.191835      5.191816
   3.87766      5.152057      5.152050
   3.93273      5.137007      5.136997
   3.98779      5.190705      5.190696
   4.04286      5.244279      5.244271
   4.09793      5.263884      5.263877
   4.09793      5.263884      5.263877
   4.15394      5.250393      5.250385
   4.20996      5.243002      5.242992
   4.26598      5.277703      5.277691
   4.32199      5.326847      5.326835
   4.37801      5.374902      5.374890
   4.43402      5.348577      5.348569
   4.49004      5.303612      5.303603
   4.54606      5.272500      5.272490
   4.60207      5.213232      5.213216
   4.65809      5.097297      5.097280
   4.71411      5.054934      5.054920
   4.77012      5.027150      5.027140
   4.82614      5.003103      5.003092
 
# Band-Index   56
   4.82614      5.009678      5.009664
   4.77012      5.050078      5.050064
   4.71411      5.127885      5.127873
   4.65809      5.220780      5.220766
   4.60207      5.295552      5.295537
   4.54606      5.432880      5.432859
   4.49004      5.602633      5.602618
   4.43402      5.511532      5.511525
   4.37801      5.431119      5.431114
   4.32199      5.485703      5.485698
   4.26598      5.441042      5.441042
   4.20996      5.435671      5.435664
   4.15394      5.463040      5.463028
   4.09793      5.476595      5.476581
   4.09793      5.476593      5.476581
   4.04286      5.447396      5.447385
   3.98779      5.402064      5.402054
   3.93273      5.379043      5.379036
   3.87766      5.338159      5.338154
   3.82259      5.271505      5.271500
   3.76752      5.308248      5.308210
   3.71246      5.418332      5.418323
   3.65739      5.402169      5.402162
   3.60232      5.537368      5.537363
   3.54726      5.514976      5.514971
   3.49219      5.652401      5.652391
   3.43712      5.774940      5.774935
   3.38206      5.834535      5.834530
   3.32699      5.859827      5.859825
   3.27192      5.849295      5.849284
   3.21686      5.699575      5.699561
   3.16179      5.552886      5.552872
   3.16179      5.366454      5.366435
   3.10716      5.375957      5.375939
   3.05253      5.405114      5.405095
   2.99790      5.429089      5.429080
   2.94326      5.477075      5.477068
   2.88863      5.526734      5.526725
   2.83400      5.531648      5.531640
   2.77937      5.470374      5.470365
   2.72474      5.429714      5.429706
   2.67011      5.435553      5.435547
   2.61548      5.456259      5.456250
   2.56085      5.471528      5.471519
   2.50622      5.476595      5.476581
   2.50622      5.476595      5.476581
   2.45330      5.459212      5.459198
   2.40039      5.425194      5.425185
   2.34748      5.388734      5.388727
   2.29457      5.336656      5.336650
   2.24166      5.292286      5.292281
   2.18875      5.352156      5.352148
   2.13583      5.374923      5.374911
   2.08292      5.296883      5.296874
   2.03001      5.357556      5.357544
   1.97710      5.491245      5.491240
   1.92419      5.599462      5.599457
   1.87128      5.749654      5.749648
   1.81836      5.935553      5.935550
   1.76545      6.111481      6.111476
   1.71254      6.250540      6.250535
   1.65963      6.320872      6.320863
   1.60672      6.310885      6.310875
   1.55381      6.237478      6.237469
   1.55381      5.344190      5.344176
   1.49634      5.362151      5.362136
   1.43887      5.416170      5.416154
   1.38141      5.504207      5.504191
   1.32394      5.585112      5.585104
   1.26648      5.478552      5.478544
   1.20901      5.414274      5.414266
   1.15155      5.383869      5.383859
   1.09408      5.384635      5.384626
   1.03662      5.406439      5.406429
   0.97915      5.447982      5.447971
   0.92169      5.476595      5.476581
   0.92169      5.476595      5.476581
   0.86405      5.605291      5.605279
   0.80641      5.646014      5.646004
   0.74878      5.644156      5.644146
   0.69114      5.653825      5.653814
   0.69114      5.166616      5.166595
   0.63355      5.216966      5.216950
   0.57595      5.186955      5.186941
   0.51836      5.305753      5.305741
   0.46076      5.408513      5.408499
   0.40317      5.538409      5.538398
   0.34557      5.610537      5.610516
   0.28798      5.435396      5.435377
   0.23038      5.468654      5.468635
   0.17279      5.416336      5.416339
   0.11519      5.389942      5.389930
   0.05760      5.444088      5.444076
   0.00000      5.476595      5.476581
 
# Band-Index   57
   0.00000      5.688341      5.688334
   0.05760      5.714813      5.714808
   0.11519      5.685393      5.685384
   0.17279      5.616025      5.616036
   0.23038      5.640742      5.640745
   0.28798      5.804958      5.804953
   0.34557      5.700596      5.700596
   0.40317      5.659501      5.659491
   0.46076      5.492709      5.492698
   0.51836      5.346414      5.346402
   0.57595      5.365141      5.365134
   0.63355      5.364926      5.364907
   0.69114      5.343089      5.343072
   0.69114      6.013862      6.013850
   0.74878      5.907279      5.907271
   0.80641      5.811848      5.811834
   0.86405      5.683658      5.683649
   0.92169      5.688346      5.688334
   0.92169      5.688341      5.688334
   0.97915      5.695922      5.695915
   1.03662      5.695476      5.695469
   1.09408      5.676343      5.676338
   1.15155      5.640897      5.640892
   1.20901      5.592389      5.592381
   1.26648      5.597397      5.597399
   1.32394      5.622969      5.622955
   1.38141      5.688870      5.688852
   1.43887      5.611641      5.611619
   1.49634      5.559534      5.559511
   1.55381      5.541645      5.541624
   1.55381      6.580936      6.580924
   1.60672      6.492892      6.492880
   1.65963      6.443914      6.443900
   1.71254      6.440605      6.440592
   1.76545      6.441325      6.441312
   1.81836      6.331653      6.331644
   1.87128      6.129860      6.129848
   1.92419      5.910934      5.910920
   1.97710      5.726520      5.726513
   2.03001      5.636563      5.636553
   2.08292      5.523065      5.523055
   2.13583      5.437632      5.437618
   2.18875      5.588410      5.588366
   2.24166      5.685270      5.685282
   2.29457      5.688154      5.688168
   2.34748      5.693444      5.693423
   2.40039      5.714526      5.714519
   2.45330      5.708889      5.708882
   2.50622      5.688343      5.688334
   2.50622      5.688344      5.688334
   2.56085      5.704921      5.704913
   2.61548      5.729391      5.729373
   2.67011      5.741940      5.741931
   2.72474      5.741447      5.741442
   2.77937      5.727144      5.727149
   2.83400      5.675818      5.675799
   2.88863      5.600513      5.600494
   2.94326      5.521918      5.521902
   2.99790      5.454458      5.454439
   3.05253      5.600026      5.600020
   3.10716      5.723398      5.723380
   3.16179      5.710961      5.710940
   3.16179      6.078905      6.078900
   3.21686      5.968573      5.968571
   3.27192      5.934829      5.934821
   3.32699      6.046273      6.046257
   3.38206      6.105336      6.105320
   3.43712      6.044704      6.044690
   3.49219      5.925308      5.925296
   3.54726      5.776587      5.776578
   3.60232      5.663146      5.663137
   3.65739      5.608439      5.608431
   3.71246      5.552743      5.552744
   3.76752      5.698640      5.698626
   3.82259      5.759531      5.759443
   3.87766      5.706017      5.705989
   3.93273      5.680326      5.680319
   3.98779      5.699010      5.699001
   4.04286      5.703003      5.702995
   4.09793      5.688341      5.688334
   4.09793      5.688341      5.688334
   4.15394      5.702060      5.702049
   4.20996      5.686181      5.686153
   4.26598      5.642530      5.642515
   4.32199      5.648774      5.648772
   4.37801      5.814844      5.814842
   4.43402      5.767364      5.767349
   4.49004      5.640999      5.640992
   4.54606      5.577538      5.577528
   4.60207      5.488003      5.487991
   4.65809      5.432813      5.432801
   4.71411      5.315458      5.315444
   4.77012      5.184289      5.184271
   4.82614      5.165852      5.165835
 
# Band-Index   58
   4.82614      5.168670      5.168653
   4.77012      5.240238      5.240220
   4.71411      5.372198      5.372183
   4.65809      5.539558      5.539542
   4.60207      5.724028      5.724011
   4.54606      5.855923      5.855906
   4.49004      5.883819      5.883811
   4.43402      5.945692      5.945685
   4.37801      5.941605      5.941598
   4.32199      5.993281      5.993281
   4.26598      5.908057      5.908039
   4.20996      5.802509      5.802494
   4.15394      5.738166      5.738152
   4.09793      5.732767      5.732757
   4.09793      5.732769      5.732760
   4.04286      5.735212      5.735202
   3.98779      5.776134      5.776136
   3.93273      5.859182      5.859188
   3.87766      5.956928      5.956902
   3.82259      5.968822      5.968744
   3.76752      5.935356      5.935614
   3.71246      5.990263      5.990253
   3.65739      5.945486      5.945483
   3.60232      5.889095      5.889090
   3.54726      5.975452      5.975440
   3.49219      6.222637      6.222627
   3.43712      6.466111      6.466104
   3.38206      6.642526      6.642520
   3.32699      6.600454      6.600449
   3.27192      6.444780      6.444786
   3.21686      6.249508      6.249505
   3.16179      6.080281      6.080279
   3.16179      5.799606      5.799603
   3.10716      5.747644      5.747639
   3.05253      5.771280      5.771261
   2.99790      5.841337      5.841323
   2.94326      5.927397      5.927406
   2.88863      5.887522      5.887514
   2.83400      5.762225      5.762223
   2.77937      5.737196      5.737191
   2.72474      5.753725      5.753735
   2.67011      5.754516      5.754504
   2.61548      5.745439      5.745439
   2.56085      5.736266      5.736261
   2.50622      5.732772      5.732755
   2.50622      5.732767      5.732757
   2.45330      5.730775      5.730764
   2.40039      5.763742      5.763732
   2.34748      5.835945      5.835937
   2.29457      5.903854      5.903847
   2.24166      5.859340      5.859326
   2.18875      5.774532      5.774522
   2.13583      5.686227      5.686226
   2.08292      5.650327      5.650325
   2.03001      5.750680      5.750675
   1.97710      5.939008      5.939001
   1.92419      6.040223      6.040216
   1.87128      6.150203      6.150194
   1.81836      6.341956      6.341947
   1.76545      6.543719      6.543709
   1.71254      6.712357      6.712347
   1.65963      6.808005      6.807995
   1.60672      6.727944      6.727930
   1.55381      6.590502      6.590487
   1.55381      5.725774      5.725775
   1.49634      5.746078      5.746078
   1.43887      5.754986      5.754981
   1.38141      5.703269      5.703259
   1.32394      5.706724      5.706710
   1.26648      5.768251      5.768228
   1.20901      5.870904      5.870895
   1.15155      5.836809      5.836802
   1.09408      5.795761      5.795744
   1.03662      5.761819      5.761814
   0.97915      5.740210      5.740203
   0.92169      5.732769      5.732755
   0.92169      5.732772      5.732757
   0.86405      5.752598      5.752588
   0.80641      5.884783      5.884775
   0.74878      6.087841      6.087829
   0.69114      6.060211      6.060206
   0.69114      5.360397      5.360382
   0.63355      5.407544      5.407535
   0.57595      5.569691      5.569672
   0.51836      5.753058      5.753048
   0.46076      5.858825      5.858818
   0.40317      5.913825      5.913832
   0.34557      5.858467      5.858458
   0.28798      5.857209      5.857199
   0.23038      5.953719      5.953691
   0.17279      5.921261      5.921247
   0.11519      5.803949      5.803930
   0.05760      5.727237      5.727224
   0.00000      5.732769      5.732757
 
# Band-Index   59
   0.00000      6.592251      6.592241
   0.05760      6.607299      6.607290
   0.11519      6.542627      6.541414
   0.17279      6.305257      6.305235
   0.23038      6.152069      6.152066
   0.28798      6.076833      6.076941
   0.34557      6.017171      6.017114
   0.40317      5.941728      5.941743
   0.46076      5.979555      5.979541
   0.51836      5.805540      5.805521
   0.57595      5.645191      5.645181
   0.63355      5.569106      5.569097
   0.69114      5.620029      5.620024
   0.69114      6.103480      6.103475
   0.74878      6.191814      6.191804
   0.80641      6.356997      6.356993
   0.86405      6.513477      6.513466
   0.92169      6.592253      6.592241
   0.92169      6.592251      6.592241
   0.97915      6.550813      6.550801
   1.03662      6.439388      6.439375
   1.09408      6.284375      6.284377
   1.15155      6.109981      6.110005
   1.20901      5.934473      5.934482
   1.26648      5.865659      5.865640
   1.32394      5.791569      5.791550
   1.38141      5.806757      5.806747
   1.43887      5.842037      5.842025
   1.49634      5.833528      5.833512
   1.55381      5.825931      5.825912
   1.55381      7.017766      7.017758
   1.60672      6.959305      6.959296
   1.65963      6.876420      6.876409
   1.71254      6.781462      6.781453
   1.76545      6.672809      6.672797
   1.81836      6.594026      6.594012
   1.87128      6.446109      6.446100
   1.92419      6.256968      6.256962
   1.97710      6.206886      6.206891
   2.03001      6.256089      6.256089
   2.08292      6.091530      6.091513
   2.13583      5.934494      5.934527
   2.18875      5.876637      5.876539
   2.24166      6.037145      6.036986
   2.29457      6.220054      6.220078
   2.34748      6.441524      6.441510
   2.40039      6.560525      6.560512
   2.45330      6.587378      6.587366
   2.50622      6.592251      6.592241
   2.50622      6.592251      6.592241
   2.56085      6.567450      6.567438
   2.61548      6.497157      6.497143
   2.67011      6.393515      6.393501
   2.72474      6.275434      6.275412
   2.77937      6.164513      6.164528
   2.83400      6.075021      6.075007
   2.88863      6.002628      6.002600
   2.94326      5.975091      5.975032
   2.99790      5.909709      5.909707
   3.05253      5.865602      5.865600
   3.10716      5.838560      5.838553
   3.16179      5.829612      5.829600
   3.16179      7.599940      7.599844
   3.21686      7.528028      7.527887
   3.27192      7.330540      7.330572
   3.32699      7.053897      7.053914
   3.38206      6.748757      6.748750
   3.43712      6.524137      6.524128
   3.49219      6.290641      6.290652
   3.54726      6.184570      6.184570
   3.60232      6.096454      6.096445
   3.65739      6.001874      6.001883
   3.71246      6.081079      6.081065
   3.76752      6.083089      6.083032
   3.82259      6.034686      6.034607
   3.87766      6.173540      6.173471
   3.93273      6.408594      6.408586
   3.98779      6.544018      6.544011
   4.04286      6.582061      6.582049
   4.09793      6.592251      6.592241
   4.09793      6.592251      6.592241
   4.15394      6.595527      6.595516
   4.20996      6.531128      6.531034
   4.26598      6.313268      6.313097
   4.32199      6.123261      6.123252
   4.37801      6.051281      6.051277
   4.43402      6.039727      6.039725
   4.49004      6.083288      6.083282
   4.54606      6.103575      6.103566
   4.60207      6.011477      6.011465
   4.65809      5.874263      5.874263
   4.71411      5.860164      5.860154
   4.77012      5.942716      5.942706
   4.82614      6.014855      6.014845
 
# Band-Index   60
   4.82614      6.017938      6.017926
   4.77012      6.019151      6.019139
   4.71411      5.985717      5.985707
   4.65809      5.979838      5.979828
   4.60207      6.035609      6.035600
   4.54606      6.178786      6.178780
   4.49004      6.157666      6.157656
   4.43402      6.144115      6.144105
   4.37801      6.239598      6.239593
   4.32199      6.437264      6.437249
   4.26598      6.615013      6.614911
   4.20996      6.607681      6.607667
   4.15394      6.719542      6.719537
   4.09793      6.795034      6.795027
   4.09793      6.795034      6.795029
   4.04286      6.778347      6.778339
   3.98779      6.709857      6.712131
   3.93273      6.611827      6.611909
   3.87766      6.430152      6.431309
   3.82259      6.279046      6.279855
   3.76752      6.207952      6.207907
   3.71246      6.112203      6.112336
   3.65739      6.191043      6.190923
   3.60232      6.170295      6.170336
   3.54726      6.351598      6.351596
   3.49219      6.594952      6.594949
   3.43712      6.842184      6.842174
   3.38206      7.167961      7.167943
   3.32699      7.383953      7.383408
   3.27192      7.485057      7.485375
   3.21686      7.570438      7.570476
   3.16179      7.603283      7.603036
   3.16179      6.187264      6.187247
   3.10716      6.212658      6.212641
   3.05253      6.286471      6.286449
   2.99790      6.240075      6.240068
   2.94326      6.065181      6.065173
   2.88863      6.083469      6.083452
   2.83400      6.225941      6.225893
   2.77937      6.388969      6.389033
   2.72474      6.564903      6.564858
   2.67011      6.742786      6.742809
   2.61548      6.903844      6.903797
   2.56085      6.834202      6.834193
   2.50622      6.795034      6.795027
   2.50622      6.795034      6.795030
   2.45330      6.781811      6.782153
   2.40039      6.722698      6.722404
   2.34748      6.631998      6.632162
   2.29457      6.404699      6.404793
   2.24166      6.213828      6.214023
   2.18875      6.221246      6.221179
   2.13583      6.250825      6.250794
   2.08292      6.344230      6.344226
   2.03001      6.393023      6.393033
   1.97710      6.435256      6.435272
   1.92419      6.538352      6.538333
   1.87128      6.698412      6.698378
   1.81836      6.882606      6.882027
   1.76545      7.073680      7.073785
   1.71254      7.102168      7.102151
   1.65963      7.028163      7.028156
   1.60672      7.033197      7.033190
   1.55381      7.027764      7.027756
   1.55381      6.166211      6.166196
   1.49634      6.176663      6.176602
   1.43887      6.200784      6.200791
   1.38141      6.208892      6.208899
   1.32394      6.194674      6.194657
   1.26648      6.215689      6.215601
   1.20901      6.328167      6.328202
   1.15155      6.507009      6.506993
   1.09408      6.707426      6.707428
   1.03662      6.891181      6.891284
   0.97915      6.837931      6.837921
   0.92169      6.795034      6.795029
   0.92169      6.795065      6.795027
   0.86405      6.643507      6.643502
   0.80641      6.440790      6.440784
   0.74878      6.288485      6.288471
   0.69114      6.135155      6.135215
   0.69114      5.639247      5.639242
   0.63355      5.776742      5.776739
   0.57595      5.951706      5.951702
   0.51836      6.119896      6.119891
   0.46076      6.163519      6.163545
   0.40317      6.078769      6.078796
   0.34557      6.021301      6.021294
   0.28798      6.111363      6.111360
   0.23038      6.293591      6.293556
   0.17279      6.572317      6.573087
   0.11519      6.650533      6.650490
   0.05760      6.728048      6.728454
   0.00000      6.795034      6.795027
 
# Band-Index   61
   0.00000      7.042590      7.042585
   0.05760      6.973892      6.973903
   0.11519      6.818421      6.819527
   0.17279      6.716119      6.716223
   0.23038      6.648098      6.635810
   0.28798      6.484951      6.483549
   0.34557      6.498215      6.498216
   0.40317      6.425654      6.425640
   0.46076      6.248090      6.248088
   0.51836      6.292583      6.292561
   0.57595      6.281655      6.281645
   0.63355      6.209826      6.209817
   0.69114      6.198495      6.198484
   0.69114      6.601376      6.601368
   0.74878      6.486249      6.486247
   0.80641      6.712701      6.712692
   0.86405      7.007591      7.007556
   0.92169      7.042616      7.042585
   0.92169      7.042591      7.042601
   0.97915      7.018220      7.018275
   1.03662      6.928740      6.928705
   1.09408      6.908100      6.917306
   1.15155      6.843190      6.847956
   1.20901      6.787569      6.790572
   1.26648      6.611104      6.611191
   1.32394      6.467109      6.467068
   1.38141      6.365856      6.365839
   1.43887      6.317891      6.317880
   1.49634      6.302948      6.302907
   1.55381      6.298236      6.298229
   1.55381      7.700639      7.700686
   1.60672      7.680297      7.680294
   1.65963      7.641888      7.642176
   1.71254      7.495401      7.495660
   1.76545      7.386279      7.386242
   1.81836      7.283607      7.239184
   1.87128      7.119592      7.119193
   1.92419      6.864809      6.864710
   1.97710      6.586773      6.586740
   2.03001      6.420663      6.420658
   2.08292      6.394476      6.394416
   2.13583      6.360705      6.360697
   2.18875      6.389677      6.389702
   2.24166      6.486686      6.487113
   2.29457      6.561451      6.561293
   2.34748      6.677843      6.677650
   2.40039      6.912526      6.912415
   2.45330      7.011718      7.012334
   2.50622      7.042590      7.042587
   2.50622      7.042606      7.042584
   2.56085      7.019671      7.019732
   2.61548      6.919949      6.919792
   2.67011      6.891229      6.890170
   2.72474      6.740190      6.738678
   2.77937      6.592746      6.592718
   2.83400      6.491086      6.491078
   2.88863      6.465162      6.465154
   2.94326      6.506281      6.506278
   2.99790      6.402248      6.402235
   3.05253      6.371026      6.371021
   3.10716      6.449618      6.449611
   3.16179      6.488544      6.488536
   3.16179      8.320601      8.322814
   3.21686      8.209847      8.204785
   3.27192      7.961635      7.969164
   3.32699      7.598356      7.597707
   3.38206      7.323137      7.323321
   3.43712      7.157948      7.157437
   3.49219      6.933048      6.933048
   3.54726      6.687738      6.687734
   3.60232      6.465618      6.465615
   3.65739      6.273212      6.273195
   3.71246      6.294908      6.294712
   3.76752      6.328496      6.328468
   3.82259      6.409773      6.410046
   3.87766      6.528030      6.526580
   3.93273      6.678398      6.679874
   3.98779      6.908390      6.909142
   4.04286      7.016164      7.016129
   4.09793      7.042590      7.042590
   4.09793      7.042589      7.042593
   4.15394      7.001598      7.001583
   4.20996      6.891485      6.893592
   4.26598      6.681461      6.681213
   4.32199      6.645496      6.645331
   4.37801      6.614607      6.616777
   4.43402      6.517392      6.517409
   4.49004      6.374923      6.374918
   4.54606      6.266542      6.266535
   4.60207      6.331077      6.331081
   4.65809      6.362355      6.362352
   4.71411      6.325897      6.325893
   4.77012      6.282760      6.282756
   4.82614      6.313671      6.313667
 
# Band-Index   62
   4.82614      6.316923      6.316921
   4.77012      6.436836      6.436829
   4.71411      6.573963      6.573957
   4.65809      6.673447      6.673375
   4.60207      6.603656      6.603649
   4.54606      6.426125      6.426165
   4.49004      6.474229      6.474442
   4.43402      6.595543      6.595177
   4.37801      6.653962      6.654143
   4.32199      6.752790      6.751664
   4.26598      6.886332      6.878253
   4.20996      7.002408      6.999260
   4.15394      7.067751      7.067559
   4.09793      7.062466      7.062510
   4.09793      7.062493      7.062496
   4.04286      7.042171      7.042060
   3.98779      6.979128      6.980233
   3.93273      6.929977      6.930369
   3.87766      6.834474      6.834530
   3.82259      6.633225      6.626954
   3.76752      6.399014      6.399042
   3.71246      6.404687      6.404516
   3.65739      6.571229      6.571221
   3.60232      6.782153      6.781968
   3.54726      6.981789      6.982019
   3.49219      7.198284      7.198461
   3.43712      7.432215      7.435251
   3.38206      7.693671      7.699909
   3.32699      7.935314      7.939578
   3.27192      8.146546      8.145983
   3.21686      8.394979      8.409868
   3.16179      8.329455      8.336836
   3.16179      6.539817      6.539812
   3.10716      6.569681      6.569673
   3.05253      6.588958      6.588949
   2.99790      6.563766      6.563757
   2.94326      6.549985      6.550040
   2.88863      6.714453      6.714453
   2.83400      6.877981      6.878160
   2.77937      7.033315      7.033614
   2.72474      7.074528      7.074224
   2.67011      7.009923      7.009944
   2.61548      7.021113      7.020778
   2.56085      7.058560      7.058551
   2.50622      7.062474      7.062475
   2.50622      7.062470      7.062447
   2.45330      7.043622      7.044148
   2.40039      6.953995      6.953966
   2.34748      6.889113      6.887692
   2.29457      6.813148      6.815466
   2.24166      6.701880      6.705521
   2.18875      6.604507      6.605347
   2.13583      6.566548      6.566552
   2.08292      6.565284      6.565277
   2.03001      6.571031      6.571027
   1.97710      6.761514      6.761508
   1.92419      6.973535      6.973706
   1.87128      7.183354      7.184738
   1.81836      7.414143      7.372431
   1.76545      7.443670      7.451010
   1.71254      7.608847      7.608633
   1.65963      7.696805      7.696702
   1.60672      7.731935      7.731968
   1.55381      7.715097      7.715257
   1.55381      6.449962      6.449955
   1.49634      6.475262      6.475255
   1.43887      6.547378      6.547371
   1.38141      6.652171      6.652164
   1.32394      6.748411      6.748404
   1.26648      6.783800      6.783773
   1.20901      6.803301      6.808737
   1.15155      6.994787      7.015776
   1.09408      7.191664      7.198046
   1.03662      7.071682      7.071536
   0.97915      7.066584      7.066580
   0.92169      7.062506      7.062431
   0.92169      7.063479      7.062455
   0.86405      7.141792      7.141754
   0.80641      7.297257      7.296529
   0.74878      7.112839      7.113065
   0.69114      6.896904      6.896901
   0.69114      6.203888      6.203881
   0.63355      6.253144      6.253137
   0.57595      6.337931      6.337924
   0.51836      6.386680      6.386672
   0.46076      6.478930      6.478924
   0.40317      6.530097      6.530107
   0.34557      6.647740      6.648024
   0.28798      6.766271      6.768211
   0.23038      6.793586      6.795390
   0.17279      6.821457      6.844980
   0.11519      6.969856      6.971587
   0.05760      7.056301      7.056484
   0.00000      7.062494      7.062475
 
# Band-Index   63
   0.00000      7.151052      7.151012
   0.05760      7.113537      7.129287
   0.11519      7.047842      7.048312
   0.17279      6.968292      6.974487
   0.23038      6.921245      6.907100
   0.28798      6.995780      6.971906
   0.34557      6.904106      6.896993
   0.40317      6.731637      6.732390
   0.46076      6.565223      6.565228
   0.51836      6.453280      6.453276
   0.57595      6.495877      6.495866
   0.63355      6.709644      6.709663
   0.69114      6.944255      6.944384
   0.69114      7.528991      7.529462
   0.74878      7.448574      7.451493
   0.80641      7.331650      7.333698
   0.86405      7.202034      7.202090
   0.92169      7.163497      7.151009
   0.92169      7.151034      7.151072
   0.97915      7.144137      7.144039
   1.03662      7.204951      7.207121
   1.09408      7.299023      7.249868
   1.15155      7.336172      7.337103
   1.20901      7.294374      7.295716
   1.26648      7.187886      7.189808
   1.32394      7.151070      7.150936
   1.38141      7.018351      7.018007
   1.43887      6.947489      6.947939
   1.49634      6.926789      6.926664
   1.55381      6.925331      6.925239
   1.55381      8.633242      8.670250
   1.60672      8.473733      8.455618
   1.65963      8.153016      8.155082
   1.71254      7.841162      7.840807
   1.76545      7.578095      7.573030
   1.81836      7.455440      7.445324
   1.87128      7.287866      7.276033
   1.92419      7.164148      7.165970
   1.97710      6.909730      6.909801
   2.03001      6.696764      6.696890
   2.08292      6.622756      6.622743
   2.13583      6.703011      6.703037
   2.18875      6.649418      6.650054
   2.24166      6.744551      6.745794
   2.29457      6.966253      6.959710
   2.34748      7.061402      7.066626
   2.40039      7.092374      7.090420
   2.45330      7.125101      7.139446
   2.50622      7.151136      7.151050
   2.50622      7.151029      7.151039
   2.56085      7.130266      7.130323
   2.61548      7.172156      7.171685
   2.67011      7.332550      7.330665
   2.72474      7.233194      7.356523
   2.77937      7.140224      7.142137
   2.83400      7.216653      7.219814
   2.88863      7.314318      7.320002
   2.94326      7.303047      7.378751
   2.99790      7.321843      7.326856
   3.05253      7.390232      7.389031
   3.10716      7.451258      7.455405
   3.16179      7.477115      7.477132
   3.16179      8.575451      8.578790
   3.21686      8.503686      8.491661
   3.27192      8.332894      8.328335
   3.32699      8.091223      8.052085
   3.38206      7.864303      7.844150
   3.43712      7.579838      7.570581
   3.49219      7.287756      7.288651
   3.54726      7.028348      7.028181
   3.60232      6.809723      6.809394
   3.65739      6.695187      6.695060
   3.71246      6.670611      6.671002
   3.76752      6.736254      6.739960
   3.82259      6.933044      6.882699
   3.87766      6.993246      6.984642
   3.93273      7.012103      7.016687
   3.98779      7.067588      7.106088
   4.04286      7.126436      7.125136
   4.09793      7.151015      7.151018
   4.09793      7.151059      7.151066
   4.15394      7.105694      7.105908
   4.20996      7.083191      7.051990
   4.26598      6.936459      6.942927
   4.32199      6.804253      6.804589
   4.37801      6.752118      6.752584
   4.43402      6.680511      6.682521
   4.49004      6.683428      6.683651
   4.54606      6.760803      6.760691
   4.60207      6.788872      6.788858
   4.65809      6.871189      6.871179
   4.71411      7.059983      7.059927
   4.77012      7.228997      7.228893
   4.82614      7.352437      7.352358
 
# Band-Index   64
   4.82614      7.358481      7.358438
   4.77012      7.382909      7.382842
   4.71411      7.286290      7.287108
   4.65809      7.167450      7.167432
   4.60207      7.088401      7.089756
   4.54606      7.149017      7.077571
   4.49004      7.057288      7.037743
   4.43402      6.987276      7.000811
   4.37801      7.059704      7.058558
   4.32199      7.287448      7.295345
   4.26598      7.447013      7.498962
   4.20996      7.546240      7.627225
   4.15394      7.828727      7.841684
   4.09793      7.891735      7.891022
   4.09793      7.890996      7.890856
   4.04286      7.766402      7.793348
   3.98779      7.526579      7.497786
   3.93273      7.310664      7.434540
   3.87766      7.086892      7.146875
   3.82259      7.134787      7.035865
   3.76752      7.052398      6.956931
   3.71246      6.943288      6.940421
   3.65739      7.081069      7.077157
   3.60232      7.280211      7.280126
   3.54726      7.506554      7.495496
   3.49219      7.687004      7.729907
   3.43712      7.863841      7.850890
   3.38206      8.024116      7.989561
   3.32699      8.214859      8.241820
   3.27192      8.416040      8.405690
   3.21686      8.631749      8.579581
   3.16179      8.665125      8.597912
   3.16179      7.836490      7.835636
   3.10716      7.860302      7.839723
   3.05253      7.845761      7.809829
   2.99790      7.640581      7.627008
   2.94326      7.487276      7.680956
   2.88863      7.432402      7.482228
   2.83400      7.532091      7.564245
   2.77937      7.600516      7.598232
   2.72474      7.562968      7.594876
   2.67011      7.449295      7.480219
   2.61548      7.727806      7.747003
   2.56085      7.838958      7.839186
   2.50622      7.889451      7.890004
   2.50622      7.893168      7.887685
   2.45330      7.858034      7.727253
   2.40039      7.547517      7.612720
   2.34748      7.341545      7.349540
   2.29457      7.201333      7.190736
   2.24166      7.172644      7.157570
   2.18875      7.065588      7.138095
   2.13583      6.874429      6.876621
   2.08292      6.921850      6.922035
   2.03001      7.122625      7.122556
   1.97710      7.300368      7.304003
   1.92419      7.340624      7.357750
   1.87128      7.430955      7.432930
   1.81836      7.775958      7.663122
   1.76545      7.910440      7.896448
   1.71254      8.178990      8.207569
   1.65963      8.423717      8.453273
   1.60672      8.659171      8.714417
   1.55381      8.781341      8.801756
   1.55381      7.842970      7.868512
   1.49634      7.971096      7.921619
   1.43887      7.568532      7.648244
   1.38141      7.282115      7.282042
   1.32394      7.170343      7.164589
   1.26648      7.450902      7.357299
   1.20901      7.597539      7.561580
   1.15155      7.413301      7.423948
   1.09408      7.554820      7.301189
   1.03662      7.700639      7.704810
   0.97915      7.810188      7.826788
   0.92169      7.891299      7.892214
   0.92169      7.888870      7.892189
   0.86405      7.768066      7.765386
   0.80641      7.606022      7.606534
   0.74878      7.736268      7.757368
   0.69114      7.803463      7.871825
   0.69114      6.950052      6.949969
   0.63355      7.197339      7.197306
   0.57595      7.444305      7.446828
   0.51836      7.651178      7.661102
   0.46076      7.563905      7.554949
   0.40317      7.397755      7.398929
   0.34557      7.261074      7.310954
   0.28798      7.335612      7.355234
   0.23038      7.468889      7.330001
   0.17279      7.351697      7.389988
   0.11519      7.474846      7.507178
   0.05760      7.839768      7.743080
   0.00000      7.891102      7.890576
