#K-Path(1/A)         Spin-Up(eV)   Spin-down(eV)
# NKPTS & NBANDS:  71  96
# Band-Index    1
   0.00000    -37.604516    -37.604515
   0.06062    -37.604378    -37.604377
   0.12123    -37.603973    -37.603972
   0.18185    -37.603316    -37.603315
   0.24247    -37.602445    -37.602444
   0.30308    -37.601401    -37.601401
   0.36370    -37.600230    -37.600229
   0.36370    -37.598850    -37.598850
   0.42416    -37.600111    -37.600110
   0.48462    -37.601311    -37.601310
   0.54507    -37.602384    -37.602383
   0.60553    -37.603283    -37.603282
   0.66599    -37.603957    -37.603956
   0.72645    -37.604374    -37.604373
   0.78691    -37.604516    -37.604515
   0.78691    -37.604516    -37.604515
   0.84942    -37.604515    -37.604514
   0.91193    -37.604517    -37.604516
   0.97444    -37.604517    -37.604516
   1.03696    -37.604514    -37.604514
   1.09947    -37.604515    -37.604514
   1.16198    -37.604512    -37.604512
   1.22449    -37.604513    -37.604512
   1.22449    -37.596685    -37.596684
   1.27892    -37.597152    -37.597151
   1.33334    -37.597955    -37.597954
   1.38777    -37.598821    -37.598820
   1.44220    -37.599701    -37.599701
   1.49663    -37.600566    -37.600565
   1.55105    -37.601389    -37.601388
   1.60548    -37.602153    -37.602153
   1.65991    -37.602837    -37.602836
   1.71433    -37.603420    -37.603419
   1.76876    -37.603890    -37.603889
   1.82319    -37.604234    -37.604233
   1.87761    -37.604445    -37.604444
   1.93204    -37.604516    -37.604515
   1.93204    -37.604516    -37.604515
   1.98722    -37.604458    -37.604457
   2.04239    -37.604286    -37.604285
   2.09756    -37.604003    -37.604003
   2.15274    -37.603614    -37.603613
   2.20791    -37.603129    -37.603128
   2.26309    -37.602555    -37.602554
   2.31826    -37.601908    -37.601907
   2.37344    -37.601198    -37.601197
   2.42861    -37.600439    -37.600438
   2.48379    -37.599649    -37.599648
   2.53896    -37.598845    -37.598844
   2.53896    -37.600226    -37.600225
   2.59586    -37.600937    -37.600936
   2.65276    -37.601615    -37.601615
   2.70966    -37.602242    -37.602241
   2.76656    -37.602813    -37.602812
   2.82346    -37.603315    -37.603314
   2.88036    -37.603736    -37.603735
   2.93726    -37.604073    -37.604072
   2.99416    -37.604318    -37.604317
   3.05106    -37.604466    -37.604465
   3.10796    -37.604516    -37.604515
   3.10796    -37.604516    -37.604515
   3.16376    -37.604396    -37.604395
   3.21956    -37.604044    -37.604043
   3.27536    -37.603474    -37.603473
   3.33116    -37.602708    -37.602707
   3.38696    -37.601784    -37.601783
   3.44277    -37.600738    -37.600737
   3.49857    -37.599616    -37.599615
   3.55437    -37.598474    -37.598473
   3.61017    -37.597380    -37.597380
   3.66597    -37.596685    -37.596684
 
# Band-Index    2
   3.66597    -37.596679    -37.596679
   3.61017    -37.596673    -37.596672
   3.55437    -37.596617    -37.596616
   3.49857    -37.596484    -37.596483
   3.44277    -37.596257    -37.596256
   3.38696    -37.595936    -37.595935
   3.33116    -37.595531    -37.595530
   3.27536    -37.595060    -37.595059
   3.21956    -37.594558    -37.594557
   3.16376    -37.594070    -37.594069
   3.10796    -37.593758    -37.593757
   3.10796    -37.593758    -37.593757
   3.05106    -37.594075    -37.594074
   2.99416    -37.594597    -37.594596
   2.93726    -37.595188    -37.595188
   2.88036    -37.595833    -37.595832
   2.82346    -37.596520    -37.596519
   2.76656    -37.597239    -37.597238
   2.70966    -37.597981    -37.597980
   2.65276    -37.598731    -37.598731
   2.59586    -37.599483    -37.599482
   2.53896    -37.600222    -37.600221
   2.53896    -37.598843    -37.598842
   2.48379    -37.598034    -37.598033
   2.42861    -37.597243    -37.597242
   2.37344    -37.596485    -37.596484
   2.31826    -37.595774    -37.595773
   2.26309    -37.595128    -37.595127
   2.20791    -37.594559    -37.594558
   2.15274    -37.594078    -37.594077
   2.09756    -37.593737    -37.593736
   2.04239    -37.593750    -37.593749
   1.98722    -37.593756    -37.593755
   1.93204    -37.593758    -37.593757
   1.93204    -37.593758    -37.593757
   1.87761    -37.593968    -37.593967
   1.82319    -37.594329    -37.594328
   1.76876    -37.594714    -37.594713
   1.71433    -37.595098    -37.595097
   1.65991    -37.595462    -37.595461
   1.60548    -37.595788    -37.595787
   1.55105    -37.596069    -37.596068
   1.49663    -37.596297    -37.596296
   1.44220    -37.596468    -37.596467
   1.38777    -37.596584    -37.596583
   1.33334    -37.596648    -37.596648
   1.27892    -37.596675    -37.596674
   1.22449    -37.596680    -37.596679
   1.22449    -37.593770    -37.593770
   1.16198    -37.593768    -37.593767
   1.09947    -37.593766    -37.593766
   1.03696    -37.593763    -37.593763
   0.97444    -37.593763    -37.593762
   0.91193    -37.593763    -37.593762
   0.84942    -37.593760    -37.593760
   0.78691    -37.593758    -37.593757
   0.78691    -37.593758    -37.593757
   0.72645    -37.593753    -37.593752
   0.66599    -37.593752    -37.593751
   0.60553    -37.594410    -37.594409
   0.54507    -37.595306    -37.595305
   0.48462    -37.596382    -37.596381
   0.42416    -37.597585    -37.597584
   0.36370    -37.598848    -37.598847
   0.36370    -37.600226    -37.600225
   0.30308    -37.598985    -37.598984
   0.24247    -37.597732    -37.597731
   0.18185    -37.596521    -37.596520
   0.12123    -37.595399    -37.595399
   0.06062    -37.594411    -37.594410
   0.00000    -37.593758    -37.593757
 
# Band-Index    3
   0.00000    -37.593328    -37.593328
   0.06062    -37.593020    -37.593019
   0.12123    -37.592905    -37.592904
   0.18185    -37.592728    -37.592727
   0.24247    -37.592517    -37.592516
   0.30308    -37.592298    -37.592297
   0.36370    -37.592115    -37.592114
   0.36370    -37.593500    -37.593499
   0.42416    -37.593558    -37.593558
   0.48462    -37.593614    -37.593613
   0.54507    -37.593659    -37.593658
   0.60553    -37.593703    -37.593702
   0.66599    -37.593735    -37.593734
   0.72645    -37.593401    -37.593400
   0.78691    -37.593328    -37.593327
   0.78691    -37.593328    -37.593327
   0.84942    -37.593331    -37.593330
   0.91193    -37.593333    -37.593332
   0.97444    -37.593333    -37.593332
   1.03696    -37.593333    -37.593332
   1.09947    -37.593336    -37.593335
   1.16198    -37.593338    -37.593337
   1.22449    -37.593340    -37.593339
   1.22449    -37.595661    -37.595660
   1.27892    -37.595609    -37.595608
   1.33334    -37.595463    -37.595462
   1.38777    -37.595245    -37.595244
   1.44220    -37.594979    -37.594978
   1.49663    -37.594685    -37.594684
   1.55105    -37.594382    -37.594381
   1.60548    -37.594084    -37.594083
   1.65991    -37.593805    -37.593804
   1.71433    -37.593560    -37.593560
   1.76876    -37.593360    -37.593359
   1.82319    -37.593213    -37.593212
   1.87761    -37.593188    -37.593187
   1.93204    -37.593328    -37.593328
   1.93204    -37.593328    -37.593327
   1.98722    -37.593354    -37.593353
   2.04239    -37.593462    -37.593461
   2.09756    -37.593706    -37.593706
   2.15274    -37.593719    -37.593718
   2.20791    -37.593697    -37.593696
   2.26309    -37.593670    -37.593669
   2.31826    -37.593640    -37.593640
   2.37344    -37.593608    -37.593607
   2.42861    -37.593574    -37.593573
   2.48379    -37.593537    -37.593536
   2.53896    -37.593500    -37.593499
   2.53896    -37.592122    -37.592121
   2.59586    -37.592226    -37.592225
   2.65276    -37.592348    -37.592348
   2.70966    -37.592478    -37.592477
   2.76656    -37.592608    -37.592607
   2.82346    -37.592731    -37.592730
   2.88036    -37.592840    -37.592839
   2.93726    -37.592931    -37.592930
   2.99416    -37.593001    -37.593000
   3.05106    -37.593079    -37.593078
   3.10796    -37.593328    -37.593327
   3.10796    -37.593328    -37.593327
   3.16376    -37.593162    -37.593162
   3.21956    -37.593289    -37.593289
   3.27536    -37.593532    -37.593531
   3.33116    -37.593855    -37.593854
   3.38696    -37.594228    -37.594227
   3.44277    -37.594619    -37.594619
   3.49857    -37.595004    -37.595003
   3.55437    -37.595338    -37.595337
   3.61017    -37.595571    -37.595570
   3.66597    -37.595662    -37.595661
 
# Band-Index    4
   3.66597    -37.595657    -37.595656
   3.61017    -37.595061    -37.595060
   3.55437    -37.594255    -37.594255
   3.49857    -37.593575    -37.593574
   3.44277    -37.593061    -37.593060
   3.38696    -37.592729    -37.592728
   3.33116    -37.592578    -37.592577
   3.27536    -37.592598    -37.592597
   3.21956    -37.592771    -37.592771
   3.16376    -37.593034    -37.593033
   3.10796    -37.593058    -37.593057
   3.10796    -37.593058    -37.593057
   3.05106    -37.593043    -37.593042
   2.99416    -37.592751    -37.592751
   2.93726    -37.592477    -37.592476
   2.88036    -37.592266    -37.592265
   2.82346    -37.592116    -37.592115
   2.76656    -37.592023    -37.592022
   2.70966    -37.591983    -37.591982
   2.65276    -37.591993    -37.591992
   2.59586    -37.592041    -37.592040
   2.53896    -37.592118    -37.592117
   2.53896    -37.593498    -37.593497
   2.48379    -37.593461    -37.593460
   2.42861    -37.593423    -37.593422
   2.37344    -37.593386    -37.593385
   2.31826    -37.593351    -37.593350
   2.26309    -37.593318    -37.593318
   2.20791    -37.593288    -37.593287
   2.15274    -37.593257    -37.593256
   2.09756    -37.593223    -37.593222
   2.04239    -37.593169    -37.593169
   1.98722    -37.593094    -37.593093
   1.93204    -37.593058    -37.593057
   1.93204    -37.593058    -37.593057
   1.87761    -37.593061    -37.593060
   1.82319    -37.592889    -37.592889
   1.76876    -37.592704    -37.592703
   1.71433    -37.592593    -37.592592
   1.65991    -37.592573    -37.592572
   1.60548    -37.592651    -37.592650
   1.55105    -37.592836    -37.592836
   1.49663    -37.593131    -37.593130
   1.44220    -37.593532    -37.593531
   1.38777    -37.594033    -37.594032
   1.33334    -37.594619    -37.594618
   1.27892    -37.595249    -37.595249
   1.22449    -37.595656    -37.595655
   1.22449    -37.593066    -37.593065
   1.16198    -37.593065    -37.593065
   1.09947    -37.593066    -37.593065
   1.03696    -37.593063    -37.593062
   0.97444    -37.593063    -37.593062
   0.91193    -37.593058    -37.593058
   0.84942    -37.593057    -37.593056
   0.78691    -37.593058    -37.593057
   0.78691    -37.593058    -37.593057
   0.72645    -37.593137    -37.593136
   0.66599    -37.593229    -37.593228
   0.60553    -37.593279    -37.593278
   0.54507    -37.593325    -37.593324
   0.48462    -37.593382    -37.593381
   0.42416    -37.593440    -37.593439
   0.36370    -37.593498    -37.593497
   0.36370    -37.592111    -37.592111
   0.30308    -37.591997    -37.591996
   0.24247    -37.591983    -37.591982
   0.18185    -37.592112    -37.592111
   0.12123    -37.592401    -37.592400
   0.06062    -37.592856    -37.592855
   0.00000    -37.593058    -37.593057
 
# Band-Index    5
   0.00000    -18.547368    -18.547369
   0.06062    -18.546026    -18.546027
   0.12123    -18.542042    -18.542043
   0.18185    -18.535561    -18.535562
   0.24247    -18.526792    -18.526794
   0.30308    -18.516013    -18.516014
   0.36370    -18.503572    -18.503573
   0.36370    -18.545166    -18.545167
   0.42416    -18.543969    -18.543970
   0.48462    -18.539992    -18.539993
   0.54507    -18.533933    -18.533933
   0.60553    -18.529421    -18.529422
   0.66599    -18.537685    -18.537687
   0.72645    -18.544836    -18.544837
   0.78691    -18.547368    -18.547369
   0.78691    -18.547368    -18.547369
   0.84942    -18.547275    -18.547276
   0.91193    -18.547016    -18.547017
   0.97444    -18.546647    -18.546648
   1.03696    -18.546243    -18.546244
   1.09947    -18.545874    -18.545875
   1.16198    -18.545624    -18.545625
   1.22449    -18.545534    -18.545536
   1.22449    -18.492432    -18.492433
   1.27892    -18.496456    -18.496457
   1.33334    -18.503728    -18.503729
   1.38777    -18.510439    -18.510440
   1.44220    -18.515559    -18.515560
   1.49663    -18.518827    -18.518828
   1.55105    -18.520323    -18.520325
   1.60548    -18.520680    -18.520681
   1.65991    -18.524744    -18.524745
   1.71433    -18.531877    -18.531878
   1.76876    -18.538284    -18.538285
   1.82319    -18.543220    -18.543221
   1.87761    -18.546315    -18.546317
   1.93204    -18.547368    -18.547369
   1.93204    -18.547368    -18.547369
   1.98722    -18.546296    -18.546297
   2.04239    -18.543135    -18.543137
   2.09756    -18.538116    -18.538117
   2.15274    -18.531966    -18.531967
   2.20791    -18.528582    -18.528583
   2.26309    -18.532868    -18.532869
   2.31826    -18.536789    -18.536789
   2.37344    -18.540045    -18.540046
   2.42861    -18.542399    -18.542400
   2.48379    -18.543723    -18.543724
   2.53896    -18.543918    -18.543919
   2.53896    -18.502431    -18.502432
   2.59586    -18.509994    -18.509996
   2.65276    -18.517090    -18.517091
   2.70966    -18.523633    -18.523634
   2.76656    -18.529546    -18.529547
   2.82346    -18.534746    -18.534747
   2.88036    -18.539153    -18.539154
   2.93726    -18.542681    -18.542682
   2.99416    -18.545261    -18.545263
   3.05106    -18.546837    -18.546838
   3.10796    -18.547368    -18.547369
   3.10796    -18.547368    -18.547369
   3.16376    -18.545643    -18.545644
   3.21956    -18.540649    -18.540651
   3.27536    -18.532991    -18.532992
   3.33116    -18.524158    -18.524160
   3.38696    -18.520844    -18.520844
   3.44277    -18.519696    -18.519697
   3.49857    -18.515808    -18.515809
   3.55437    -18.508815    -18.508816
   3.61017    -18.499638    -18.499639
   3.66597    -18.493633    -18.493634
 
# Band-Index    6
   3.66597    -18.493631    -18.493632
   3.61017    -18.494658    -18.494659
   3.55437    -18.497408    -18.497409
   3.49857    -18.501346    -18.501347
   3.44277    -18.506432    -18.506433
   3.38696    -18.513282    -18.513284
   3.33116    -18.517880    -18.517881
   3.27536    -18.516488    -18.516488
   3.21956    -18.515327    -18.515327
   3.16376    -18.514908    -18.514909
   3.10796    -18.514828    -18.514829
   3.10796    -18.514828    -18.514829
   3.05106    -18.514204    -18.514205
   2.99416    -18.512341    -18.512341
   2.93726    -18.509280    -18.509280
   2.88036    -18.505123    -18.505124
   2.82346    -18.499999    -18.500000
   2.76656    -18.494081    -18.494082
   2.70966    -18.487572    -18.487573
   2.65276    -18.486203    -18.486204
   2.59586    -18.494473    -18.494474
   2.53896    -18.502429    -18.502430
   2.53896    -18.543917    -18.543918
   2.48379    -18.542941    -18.542942
   2.42861    -18.540816    -18.540817
   2.37344    -18.537641    -18.537642
   2.31826    -18.533623    -18.533624
   2.26309    -18.529444    -18.529445
   2.20791    -18.527689    -18.527690
   2.15274    -18.524304    -18.524305
   2.09756    -18.520452    -18.520453
   2.04239    -18.517417    -18.517418
   1.98722    -18.515487    -18.515488
   1.93204    -18.514828    -18.514829
   1.93204    -18.514828    -18.514829
   1.87761    -18.514917    -18.514918
   1.82319    -18.515227    -18.515228
   1.76876    -18.515882    -18.515883
   1.71433    -18.516980    -18.516981
   1.65991    -18.518141    -18.518142
   1.60548    -18.515792    -18.515793
   1.55105    -18.509652    -18.509653
   1.49663    -18.504627    -18.504628
   1.44220    -18.500689    -18.500690
   1.38777    -18.497435    -18.497436
   1.33334    -18.494821    -18.494822
   1.27892    -18.493060    -18.493060
   1.22449    -18.492430    -18.492431
   1.22449    -18.516195    -18.516196
   1.16198    -18.516124    -18.516125
   1.09947    -18.515929    -18.515930
   1.03696    -18.515662    -18.515663
   0.97444    -18.515350    -18.515350
   0.91193    -18.515081    -18.515082
   0.84942    -18.514896    -18.514896
   0.78691    -18.514828    -18.514829
   0.78691    -18.514828    -18.514829
   0.72645    -18.516302    -18.516303
   0.66599    -18.520584    -18.520585
   0.60553    -18.526941    -18.526941
   0.54507    -18.531890    -18.531891
   0.48462    -18.538520    -18.538520
   0.42416    -18.543292    -18.543292
   0.36370    -18.545165    -18.545166
   0.36370    -18.503570    -18.503571
   0.30308    -18.489874    -18.489875
   0.24247    -18.488670    -18.488671
   0.18185    -18.499282    -18.499283
   0.12123    -18.507673    -18.507674
   0.06062    -18.513009    -18.513010
   0.00000    -18.514828    -18.514829
 
# Band-Index    7
   0.00000    -18.493254    -18.493255
   0.06062    -18.490820    -18.490820
   0.12123    -18.483810    -18.483810
   0.18185    -18.473113    -18.473113
   0.24247    -18.475380    -18.475381
   0.30308    -18.476909    -18.476910
   0.36370    -18.465065    -18.465066
   0.36370    -18.438650    -18.438650
   0.42416    -18.459656    -18.459657
   0.48462    -18.482304    -18.482305
   0.54507    -18.501741    -18.501742
   0.60553    -18.511412    -18.511412
   0.66599    -18.505272    -18.505272
   0.72645    -18.496936    -18.496936
   0.78691    -18.493254    -18.493255
   0.78691    -18.493254    -18.493255
   0.84942    -18.493228    -18.493229
   0.91193    -18.493151    -18.493151
   0.97444    -18.493031    -18.493032
   1.03696    -18.492900    -18.492901
   1.09947    -18.492770    -18.492771
   1.16198    -18.492681    -18.492682
   1.22449    -18.492649    -18.492649
   1.22449    -18.467870    -18.467870
   1.27892    -18.468445    -18.468445
   1.33334    -18.470388    -18.470388
   1.38777    -18.474078    -18.474079
   1.44220    -18.479519    -18.479519
   1.49663    -18.485979    -18.485980
   1.55105    -18.492045    -18.492045
   1.60548    -18.496317    -18.496317
   1.65991    -18.498411    -18.498412
   1.71433    -18.498599    -18.498600
   1.76876    -18.497340    -18.497341
   1.82319    -18.495445    -18.495446
   1.87761    -18.493859    -18.493859
   1.93204    -18.493254    -18.493255
   1.93204    -18.493254    -18.493255
   1.98722    -18.494805    -18.494806
   2.04239    -18.498923    -18.498924
   2.09756    -18.504396    -18.504397
   2.15274    -18.509640    -18.509641
   2.20791    -18.511121    -18.511122
   2.26309    -18.504417    -18.504418
   2.31826    -18.493075    -18.493076
   2.37344    -18.479760    -18.479761
   2.42861    -18.465345    -18.465346
   2.48379    -18.450558    -18.450559
   2.53896    -18.438843    -18.438844
   2.53896    -18.466440    -18.466441
   2.59586    -18.473553    -18.473554
   2.65276    -18.480646    -18.480646
   2.70966    -18.477665    -18.477666
   2.76656    -18.469011    -18.469012
   2.82346    -18.472913    -18.472914
   2.88036    -18.479753    -18.479753
   2.93726    -18.485434    -18.485435
   2.99416    -18.489708    -18.489709
   3.05106    -18.492358    -18.492359
   3.10796    -18.493254    -18.493255
   3.10796    -18.493254    -18.493255
   3.16376    -18.494263    -18.494264
   3.21956    -18.496642    -18.496643
   3.27536    -18.498565    -18.498566
   3.33116    -18.498108    -18.498109
   3.38696    -18.494331    -18.494332
   3.44277    -18.487241    -18.487242
   3.49857    -18.479059    -18.479060
   3.55437    -18.472678    -18.472679
   3.61017    -18.469267    -18.469269
   3.66597    -18.468311    -18.468311
 
# Band-Index    8
   3.66597    -18.468309    -18.468310
   3.61017    -18.460670    -18.460670
   3.55437    -18.448164    -18.448165
   3.49857    -18.441875    -18.441876
   3.44277    -18.443824    -18.443825
   3.38696    -18.447090    -18.447091
   3.33116    -18.449421    -18.449422
   3.27536    -18.450111    -18.450112
   3.21956    -18.449002    -18.449003
   3.16376    -18.446979    -18.446979
   3.10796    -18.445983    -18.445984
   3.10796    -18.445983    -18.445984
   3.05106    -18.445462    -18.445463
   2.99416    -18.443879    -18.443879
   2.93726    -18.443589    -18.443590
   2.88036    -18.451770    -18.451771
   2.82346    -18.460326    -18.460327
   2.76656    -18.465204    -18.465204
   2.70966    -18.456912    -18.456912
   2.65276    -18.452769    -18.452770
   2.59586    -18.459464    -18.459465
   2.53896    -18.466438    -18.466439
   2.53896    -18.438842    -18.438843
   2.48379    -18.440504    -18.440505
   2.42861    -18.444350    -18.444351
   2.37344    -18.447894    -18.447895
   2.31826    -18.450764    -18.450764
   2.26309    -18.452768    -18.452769
   2.20791    -18.453735    -18.453736
   2.15274    -18.453528    -18.453529
   2.09756    -18.452122    -18.452123
   2.04239    -18.449755    -18.449756
   1.98722    -18.447195    -18.447196
   1.93204    -18.445983    -18.445984
   1.93204    -18.445983    -18.445984
   1.87761    -18.446598    -18.446599
   1.82319    -18.448093    -18.448093
   1.76876    -18.449570    -18.449571
   1.71433    -18.450278    -18.450279
   1.65991    -18.449957    -18.449958
   1.60548    -18.448665    -18.448666
   1.55105    -18.446612    -18.446613
   1.49663    -18.444211    -18.444211
   1.44220    -18.442623    -18.442624
   1.38777    -18.445319    -18.445321
   1.33334    -18.453478    -18.453479
   1.27892    -18.462929    -18.462930
   1.22449    -18.467868    -18.467869
   1.22449    -18.446862    -18.446863
   1.16198    -18.446823    -18.446824
   1.09947    -18.446713    -18.446713
   1.03696    -18.446558    -18.446559
   0.97444    -18.446353    -18.446353
   0.91193    -18.446167    -18.446168
   0.84942    -18.446034    -18.446035
   0.78691    -18.445983    -18.445984
   0.78691    -18.445983    -18.445984
   0.72645    -18.448583    -18.448584
   0.66599    -18.452227    -18.452228
   0.60553    -18.453283    -18.453283
   0.54507    -18.451330    -18.451331
   0.48462    -18.447043    -18.447044
   0.42416    -18.441382    -18.441383
   0.36370    -18.438648    -18.438649
   0.36370    -18.465063    -18.465064
   0.30308    -18.453897    -18.453898
   0.24247    -18.459979    -18.459979
   0.18185    -18.460624    -18.460625
   0.12123    -18.446359    -18.446360
   0.06062    -18.444464    -18.444465
   0.00000    -18.445983    -18.445984
 
# Band-Index    9
   0.00000    -18.427492    -18.427493
   0.06062    -18.433983    -18.433984
   0.12123    -18.439850    -18.439851
   0.18185    -18.435167    -18.435168
   0.24247    -18.443830    -18.443831
   0.30308    -18.445697    -18.445698
   0.36370    -18.431570    -18.431570
   0.36370    -18.430661    -18.430662
   0.42416    -18.426736    -18.426737
   0.48462    -18.420759    -18.420760
   0.54507    -18.416673    -18.416674
   0.60553    -18.416340    -18.416341
   0.66599    -18.419728    -18.419729
   0.72645    -18.424851    -18.424852
   0.78691    -18.427492    -18.427493
   0.78691    -18.427492    -18.427493
   0.84942    -18.427478    -18.427479
   0.91193    -18.427431    -18.427432
   0.97444    -18.427360    -18.427361
   1.03696    -18.427287    -18.427288
   1.09947    -18.427206    -18.427208
   1.16198    -18.427154    -18.427155
   1.22449    -18.427137    -18.427138
   1.22449    -18.420060    -18.420061
   1.27892    -18.423825    -18.423826
   1.33334    -18.427765    -18.427765
   1.38777    -18.430641    -18.430642
   1.44220    -18.430756    -18.430756
   1.49663    -18.429088    -18.429089
   1.55105    -18.427464    -18.427465
   1.60548    -18.426090    -18.426090
   1.65991    -18.425140    -18.425141
   1.71433    -18.425296    -18.425297
   1.76876    -18.426816    -18.426817
   1.82319    -18.428119    -18.428120
   1.87761    -18.428121    -18.428122
   1.93204    -18.427492    -18.427493
   1.93204    -18.427492    -18.427493
   1.98722    -18.426317    -18.426318
   2.04239    -18.423377    -18.423378
   2.09756    -18.419951    -18.419952
   2.15274    -18.417199    -18.417200
   2.20791    -18.415786    -18.415787
   2.26309    -18.416066    -18.416067
   2.31826    -18.418114    -18.418115
   2.37344    -18.421487    -18.421488
   2.42861    -18.425557    -18.425558
   2.48379    -18.429752    -18.429753
   2.53896    -18.430932    -18.430933
   2.53896    -18.431264    -18.431265
   2.59586    -18.439650    -18.439650
   2.65276    -18.448300    -18.448301
   2.70966    -18.446463    -18.446464
   2.76656    -18.440660    -18.440661
   2.82346    -18.435501    -18.435502
   2.88036    -18.437335    -18.437335
   2.93726    -18.441171    -18.441171
   2.99416    -18.436155    -18.436156
   3.05106    -18.430230    -18.430231
   3.10796    -18.427492    -18.427493
   3.10796    -18.427492    -18.427493
   3.16376    -18.428301    -18.428302
   3.21956    -18.427540    -18.427541
   3.27536    -18.425549    -18.425550
   3.33116    -18.425420    -18.425421
   3.38696    -18.426870    -18.426871
   3.44277    -18.428848    -18.428849
   3.49857    -18.430831    -18.430832
   3.55437    -18.429209    -18.429209
   3.61017    -18.424548    -18.424549
   3.66597    -18.420200    -18.420201
 
# Band-Index   10
   3.66597    -18.420196    -18.420197
   3.61017    -18.420495    -18.420496
   3.55437    -18.420275    -18.420276
   3.49857    -18.418587    -18.418588
   3.44277    -18.417019    -18.417020
   3.38696    -18.417144    -18.417145
   3.33116    -18.419107    -18.419108
   3.27536    -18.421036    -18.421037
   3.21956    -18.421402    -18.421403
   3.16376    -18.422323    -18.422324
   3.10796    -18.423665    -18.423666
   3.10796    -18.423665    -18.423666
   3.05106    -18.423564    -18.423565
   2.99416    -18.424697    -18.424698
   2.93726    -18.427260    -18.427261
   2.88036    -18.430899    -18.430900
   2.82346    -18.432171    -18.432171
   2.76656    -18.425976    -18.425977
   2.70966    -18.418715    -18.418716
   2.65276    -18.416780    -18.416781
   2.59586    -18.423507    -18.423508
   2.53896    -18.431262    -18.431262
   2.53896    -18.430929    -18.430930
   2.48379    -18.419854    -18.419855
   2.42861    -18.412436    -18.412437
   2.37344    -18.411195    -18.411196
   2.31826    -18.411332    -18.411333
   2.26309    -18.411939    -18.411940
   2.20791    -18.412925    -18.412926
   2.15274    -18.414399    -18.414400
   2.09756    -18.416547    -18.416547
   2.04239    -18.419400    -18.419401
   1.98722    -18.422311    -18.422312
   1.93204    -18.423665    -18.423666
   1.93204    -18.423665    -18.423666
   1.87761    -18.422689    -18.422690
   1.82319    -18.421601    -18.421602
   1.76876    -18.421200    -18.421200
   1.71433    -18.420765    -18.420766
   1.65991    -18.419190    -18.419191
   1.60548    -18.417344    -18.417345
   1.55105    -18.416443    -18.416444
   1.49663    -18.416797    -18.416798
   1.44220    -18.418115    -18.418116
   1.38777    -18.419656    -18.419657
   1.33334    -18.420422    -18.420423
   1.27892    -18.420338    -18.420339
   1.22449    -18.420056    -18.420057
   1.22449    -18.423785    -18.423786
   1.16198    -18.423777    -18.423778
   1.09947    -18.423762    -18.423763
   1.03696    -18.423747    -18.423748
   0.97444    -18.423713    -18.423714
   0.91193    -18.423690    -18.423691
   0.84942    -18.423673    -18.423674
   0.78691    -18.423665    -18.423666
   0.78691    -18.423665    -18.423666
   0.72645    -18.420769    -18.420770
   0.66599    -18.416335    -18.416336
   0.60553    -18.413470    -18.413471
   0.54507    -18.411928    -18.411929
   0.48462    -18.411397    -18.411398
   0.42416    -18.414912    -18.414913
   0.36370    -18.430658    -18.430659
   0.36370    -18.431567    -18.431568
   0.30308    -18.419183    -18.419184
   0.24247    -18.421143    -18.421143
   0.18185    -18.432042    -18.432043
   0.12123    -18.428318    -18.428319
   0.06062    -18.424141    -18.424142
   0.00000    -18.423665    -18.423666
 
# Band-Index   11
   0.00000    -18.398704    -18.398705
   0.06062    -18.401190    -18.401191
   0.12123    -18.402629    -18.402629
   0.18185    -18.405052    -18.405053
   0.24247    -18.410204    -18.410205
   0.30308    -18.408078    -18.408078
   0.36370    -18.395414    -18.395415
   0.36370    -18.407251    -18.407252
   0.42416    -18.407433    -18.407434
   0.48462    -18.407168    -18.407169
   0.54507    -18.406151    -18.406151
   0.60553    -18.403668    -18.403669
   0.66599    -18.400885    -18.400886
   0.72645    -18.399173    -18.399174
   0.78691    -18.398704    -18.398705
   0.78691    -18.398704    -18.398705
   0.84942    -18.398702    -18.398703
   0.91193    -18.398691    -18.398692
   0.97444    -18.398667    -18.398668
   1.03696    -18.398651    -18.398652
   1.09947    -18.398616    -18.398617
   1.16198    -18.398595    -18.398595
   1.22449    -18.398590    -18.398590
   1.22449    -18.419174    -18.419175
   1.27892    -18.418562    -18.418563
   1.33334    -18.417205    -18.417206
   1.38777    -18.415081    -18.415082
   1.44220    -18.412174    -18.412175
   1.49663    -18.409186    -18.409187
   1.55105    -18.406687    -18.406687
   1.60548    -18.404739    -18.404740
   1.65991    -18.403294    -18.403295
   1.71433    -18.402264    -18.402265
   1.76876    -18.401518    -18.401519
   1.82319    -18.400838    -18.400838
   1.87761    -18.399878    -18.399879
   1.93204    -18.398704    -18.398705
   1.93204    -18.398704    -18.398705
   1.98722    -18.398856    -18.398857
   2.04239    -18.399413    -18.399414
   2.09756    -18.400515    -18.400516
   2.15274    -18.402130    -18.402131
   2.20791    -18.403984    -18.403985
   2.26309    -18.405583    -18.405584
   2.31826    -18.406539    -18.406540
   2.37344    -18.406979    -18.406979
   2.42861    -18.407164    -18.407165
   2.48379    -18.407227    -18.407228
   2.53896    -18.407065    -18.407065
   2.53896    -18.395400    -18.395400
   2.59586    -18.402751    -18.402751
   2.65276    -18.410770    -18.410770
   2.70966    -18.411406    -18.411406
   2.76656    -18.407484    -18.407485
   2.82346    -18.404860    -18.404861
   2.88036    -18.403235    -18.403235
   2.93726    -18.402251    -18.402252
   2.99416    -18.401480    -18.401481
   3.05106    -18.400327    -18.400327
   3.10796    -18.398704    -18.398705
   3.10796    -18.398704    -18.398705
   3.16376    -18.400229    -18.400230
   3.21956    -18.401286    -18.401287
   3.27536    -18.402250    -18.402250
   3.33116    -18.403649    -18.403650
   3.38696    -18.405763    -18.405764
   3.44277    -18.408706    -18.408707
   3.49857    -18.412358    -18.412358
   3.55437    -18.415594    -18.415594
   3.61017    -18.417530    -18.417530
   3.66597    -18.418276    -18.418277
 
# Band-Index   12
   3.66597    -18.418274    -18.418275
   3.61017    -18.413925    -18.413926
   3.55437    -18.408147    -18.408148
   3.49857    -18.399532    -18.399533
   3.44277    -18.389397    -18.389398
   3.38696    -18.391145    -18.391146
   3.33116    -18.393036    -18.393037
   3.27536    -18.393394    -18.393395
   3.21956    -18.393169    -18.393169
   3.16376    -18.393780    -18.393781
   3.10796    -18.396803    -18.396804
   3.10796    -18.396803    -18.396804
   3.05106    -18.393559    -18.393560
   2.99416    -18.391022    -18.391022
   2.93726    -18.390297    -18.390298
   2.88036    -18.389267    -18.389267
   2.82346    -18.387902    -18.387903
   2.76656    -18.386153    -18.386154
   2.70966    -18.383920    -18.383921
   2.65276    -18.383797    -18.383798
   2.59586    -18.389141    -18.389142
   2.53896    -18.395399    -18.395399
   2.53896    -18.407063    -18.407064
   2.48379    -18.405843    -18.405844
   2.42861    -18.399296    -18.399297
   2.37344    -18.388456    -18.388457
   2.31826    -18.380900    -18.380901
   2.26309    -18.379571    -18.379572
   2.20791    -18.382161    -18.382162
   2.15274    -18.386235    -18.386236
   2.09756    -18.390470    -18.390471
   2.04239    -18.393939    -18.393940
   1.98722    -18.396091    -18.396092
   1.93204    -18.396803    -18.396804
   1.93204    -18.396803    -18.396804
   1.87761    -18.394490    -18.394491
   1.82319    -18.393148    -18.393149
   1.76876    -18.393259    -18.393259
   1.71433    -18.393467    -18.393467
   1.65991    -18.393308    -18.393309
   1.60548    -18.392308    -18.392309
   1.55105    -18.390269    -18.390269
   1.49663    -18.390234    -18.390235
   1.44220    -18.398487    -18.398488
   1.38777    -18.405819    -18.405820
   1.33334    -18.411042    -18.411043
   1.27892    -18.415395    -18.415396
   1.22449    -18.419173    -18.419173
   1.22449    -18.396676    -18.396677
   1.16198    -18.396679    -18.396680
   1.09947    -18.396698    -18.396699
   1.03696    -18.396733    -18.396734
   0.97444    -18.396753    -18.396754
   0.91193    -18.396780    -18.396781
   0.84942    -18.396797    -18.396798
   0.78691    -18.396803    -18.396804
   0.78691    -18.396803    -18.396804
   0.72645    -18.395004    -18.395005
   0.66599    -18.389798    -18.389799
   0.60553    -18.383100    -18.383101
   0.54507    -18.379284    -18.379285
   0.48462    -18.387156    -18.387157
   0.42416    -18.403289    -18.403290
   0.36370    -18.407250    -18.407250
   0.36370    -18.395413    -18.395414
   0.30308    -18.385438    -18.385438
   0.24247    -18.384954    -18.384955
   0.18185    -18.388035    -18.388035
   0.12123    -18.390048    -18.390048
   0.06062    -18.391218    -18.391218
   0.00000    -18.396803    -18.396804
 
# Band-Index   13
   0.00000    -18.391604    -18.391605
   0.06062    -18.390211    -18.390212
   0.12123    -18.381202    -18.381203
   0.18185    -18.375150    -18.375152
   0.24247    -18.377640    -18.377641
   0.30308    -18.380115    -18.380115
   0.36370    -18.372082    -18.372083
   0.36370    -18.358469    -18.358470
   0.42416    -18.360759    -18.360760
   0.48462    -18.365658    -18.365659
   0.54507    -18.372723    -18.372724
   0.60553    -18.380591    -18.380592
   0.66599    -18.387132    -18.387133
   0.72645    -18.390681    -18.390682
   0.78691    -18.391604    -18.391605
   0.78691    -18.391604    -18.391605
   0.84942    -18.391585    -18.391585
   0.91193    -18.391553    -18.391554
   0.97444    -18.391516    -18.391516
   1.03696    -18.391469    -18.391470
   1.09947    -18.391421    -18.391422
   1.16198    -18.391394    -18.391395
   1.22449    -18.391382    -18.391383
   1.22449    -18.366988    -18.366989
   1.27892    -18.368214    -18.368214
   1.33334    -18.371441    -18.371442
   1.38777    -18.375764    -18.375765
   1.44220    -18.380285    -18.380286
   1.49663    -18.382905    -18.382906
   1.55105    -18.376428    -18.376429
   1.60548    -18.371077    -18.371078
   1.65991    -18.371117    -18.371118
   1.71433    -18.374889    -18.374890
   1.76876    -18.380798    -18.380799
   1.82319    -18.387104    -18.387105
   1.87761    -18.391078    -18.391079
   1.93204    -18.391604    -18.391605
   1.93204    -18.391604    -18.391605
   1.98722    -18.391278    -18.391279
   2.04239    -18.390124    -18.390124
   2.09756    -18.387784    -18.387785
   2.15274    -18.384140    -18.384141
   2.20791    -18.379512    -18.379513
   2.26309    -18.374500    -18.374501
   2.31826    -18.369696    -18.369696
   2.37344    -18.365542    -18.365543
   2.42861    -18.362290    -18.362291
   2.48379    -18.360086    -18.360087
   2.53896    -18.358919    -18.358920
   2.53896    -18.371776    -18.371776
   2.59586    -18.377050    -18.377051
   2.65276    -18.380998    -18.380998
   2.70966    -18.379158    -18.379159
   2.76656    -18.375818    -18.375819
   2.82346    -18.375346    -18.375347
   2.88036    -18.378200    -18.378201
   2.93726    -18.382980    -18.382981
   2.99416    -18.388418    -18.388419
   3.05106    -18.391455    -18.391455
   3.10796    -18.391604    -18.391605
   3.10796    -18.391604    -18.391605
   3.16376    -18.390337    -18.390338
   3.21956    -18.383296    -18.383297
   3.27536    -18.375285    -18.375286
   3.33116    -18.370620    -18.370621
   3.38696    -18.373012    -18.373013
   3.44277    -18.382283    -18.382284
   3.49857    -18.379591    -18.379592
   3.55437    -18.373728    -18.373729
   3.61017    -18.368810    -18.368811
   3.66597    -18.366800    -18.366801
 
# Band-Index   14
   3.66597    -18.366798    -18.366798
   3.61017    -18.366684    -18.366685
   3.55437    -18.366110    -18.366110
   3.49857    -18.364742    -18.364742
   3.44277    -18.362314    -18.362315
   3.38696    -18.357154    -18.357155
   3.33116    -18.348888    -18.348888
   3.27536    -18.346096    -18.346096
   3.21956    -18.345077    -18.345078
   3.16376    -18.344264    -18.344264
   3.10796    -18.343945    -18.343945
   3.10796    -18.343945    -18.343945
   3.05106    -18.344614    -18.344614
   2.99416    -18.346546    -18.346546
   2.93726    -18.349486    -18.349486
   2.88036    -18.352873    -18.352873
   2.82346    -18.355605    -18.355606
   2.76656    -18.356505    -18.356505
   2.70966    -18.356841    -18.356842
   2.65276    -18.359706    -18.359707
   2.59586    -18.365460    -18.365460
   2.53896    -18.371774    -18.371775
   2.53896    -18.358918    -18.358919
   2.48379    -18.358637    -18.358638
   2.42861    -18.358890    -18.358891
   2.37344    -18.358744    -18.358744
   2.31826    -18.355824    -18.355825
   2.26309    -18.348573    -18.348574
   2.20791    -18.340770    -18.340771
   2.15274    -18.339909    -18.339909
   2.09756    -18.341495    -18.341495
   2.04239    -18.342831    -18.342832
   1.98722    -18.343665    -18.343665
   1.93204    -18.343945    -18.343945
   1.93204    -18.343945    -18.343945
   1.87761    -18.344136    -18.344137
   1.82319    -18.344660    -18.344660
   1.76876    -18.345378    -18.345378
   1.71433    -18.346197    -18.346197
   1.65991    -18.348111    -18.348112
   1.60548    -18.353902    -18.353903
   1.55105    -18.359827    -18.359828
   1.49663    -18.362941    -18.362942
   1.44220    -18.364769    -18.364770
   1.38777    -18.365962    -18.365963
   1.33334    -18.366641    -18.366641
   1.27892    -18.366924    -18.366925
   1.22449    -18.366986    -18.366987
   1.22449    -18.344154    -18.344154
   1.16198    -18.344140    -18.344140
   1.09947    -18.344108    -18.344108
   1.03696    -18.344072    -18.344072
   0.97444    -18.344022    -18.344022
   0.91193    -18.343980    -18.343980
   0.84942    -18.343954    -18.343955
   0.78691    -18.343945    -18.343945
   0.78691    -18.343945    -18.343945
   0.72645    -18.343255    -18.343255
   0.66599    -18.341264    -18.341264
   0.60553    -18.339678    -18.339679
   0.54507    -18.350952    -18.350953
   0.48462    -18.358344    -18.358345
   0.42416    -18.358373    -18.358374
   0.36370    -18.358468    -18.358469
   0.36370    -18.372081    -18.372081
   0.30308    -18.361554    -18.361555
   0.24247    -18.356643    -18.356644
   0.18185    -18.355671    -18.355671
   0.12123    -18.350594    -18.350594
   0.06062    -18.345762    -18.345763
   0.00000    -18.343945    -18.343945
 
# Band-Index   15
   0.00000    -18.311217    -18.311217
   0.06062    -18.311797    -18.311798
   0.12123    -18.313533    -18.313534
   0.18185    -18.317641    -18.317641
   0.24247    -18.329507    -18.329507
   0.30308    -18.334086    -18.334087
   0.36370    -18.330505    -18.330505
   0.36370    -18.316149    -18.316149
   0.42416    -18.321232    -18.321232
   0.48462    -18.326652    -18.326652
   0.54507    -18.331847    -18.331847
   0.60553    -18.333208    -18.333208
   0.66599    -18.322260    -18.322261
   0.72645    -18.314066    -18.314066
   0.78691    -18.311217    -18.311217
   0.78691    -18.311217    -18.311217
   0.84942    -18.311216    -18.311217
   0.91193    -18.311217    -18.311218
   0.97444    -18.311217    -18.311217
   1.03696    -18.311219    -18.311220
   1.09947    -18.311206    -18.311207
   1.16198    -18.311202    -18.311203
   1.22449    -18.311202    -18.311203
   1.22449    -18.331860    -18.331860
   1.27892    -18.331699    -18.331699
   1.33334    -18.331395    -18.331396
   1.38777    -18.331344    -18.331344
   1.44220    -18.331946    -18.331946
   1.49663    -18.333387    -18.333388
   1.55105    -18.335433    -18.335433
   1.60548    -18.336978    -18.336979
   1.65991    -18.334908    -18.334909
   1.71433    -18.327946    -18.327947
   1.76876    -18.320652    -18.320653
   1.82319    -18.315265    -18.315265
   1.87761    -18.312190    -18.312191
   1.93204    -18.311217    -18.311217
   1.93204    -18.311217    -18.311217
   1.98722    -18.312377    -18.312378
   2.04239    -18.315803    -18.315804
   2.09756    -18.321314    -18.321314
   2.15274    -18.328414    -18.328415
   2.20791    -18.333989    -18.333990
   2.26309    -18.332628    -18.332628
   2.31826    -18.329581    -18.329581
   2.37344    -18.326199    -18.326199
   2.42861    -18.322758    -18.322758
   2.48379    -18.319422    -18.319422
   2.53896    -18.316256    -18.316256
   2.53896    -18.330391    -18.330392
   2.59586    -18.332976    -18.332976
   2.65276    -18.333808    -18.333808
   2.70966    -18.331034    -18.331034
   2.76656    -18.324881    -18.324881
   2.82346    -18.317534    -18.317534
   2.88036    -18.314544    -18.314545
   2.93726    -18.313092    -18.313092
   2.99416    -18.312051    -18.312052
   3.05106    -18.311425    -18.311426
   3.10796    -18.311217    -18.311217
   3.10796    -18.311217    -18.311217
   3.16376    -18.312877    -18.312878
   3.21956    -18.318221    -18.318222
   3.27536    -18.327185    -18.327186
   3.33116    -18.335880    -18.335880
   3.38696    -18.336437    -18.336437
   3.44277    -18.333722    -18.333722
   3.49857    -18.331726    -18.331726
   3.55437    -18.331127    -18.331127
   3.61017    -18.331392    -18.331392
   3.66597    -18.331628    -18.331628
 
# Band-Index   16
   3.66597    -18.331623    -18.331624
   3.61017    -18.329925    -18.329925
   3.55437    -18.325841    -18.325842
   3.49857    -18.320902    -18.320903
   3.44277    -18.315961    -18.315962
   3.38696    -18.311368    -18.311369
   3.33116    -18.307229    -18.307230
   3.27536    -18.303505    -18.303506
   3.21956    -18.300098    -18.300098
   3.16376    -18.297312    -18.297312
   3.10796    -18.296172    -18.296172
   3.10796    -18.296172    -18.296172
   3.05106    -18.297124    -18.297124
   2.99416    -18.299936    -18.299936
   2.93726    -18.304472    -18.304472
   2.88036    -18.310479    -18.310479
   2.82346    -18.316398    -18.316399
   2.76656    -18.318643    -18.318644
   2.70966    -18.321250    -18.321250
   2.65276    -18.324163    -18.324164
   2.59586    -18.327280    -18.327281
   2.53896    -18.330387    -18.330388
   2.53896    -18.316254    -18.316254
   2.48379    -18.313269    -18.313269
   2.42861    -18.310460    -18.310460
   2.37344    -18.307833    -18.307833
   2.31826    -18.305372    -18.305373
   2.26309    -18.303121    -18.303121
   2.20791    -18.301116    -18.301117
   2.15274    -18.299401    -18.299401
   2.09756    -18.298019    -18.298019
   2.04239    -18.297005    -18.297005
   1.98722    -18.296381    -18.296381
   1.93204    -18.296172    -18.296172
   1.93204    -18.296172    -18.296172
   1.87761    -18.296863    -18.296863
   1.82319    -18.298688    -18.298688
   1.76876    -18.301114    -18.301114
   1.71433    -18.303784    -18.303784
   1.65991    -18.306638    -18.306638
   1.60548    -18.309737    -18.309737
   1.55105    -18.313117    -18.313117
   1.49663    -18.316769    -18.316769
   1.44220    -18.320618    -18.320618
   1.38777    -18.324500    -18.324500
   1.33334    -18.328093    -18.328093
   1.27892    -18.330809    -18.330809
   1.22449    -18.331856    -18.331856
   1.22449    -18.296178    -18.296178
   1.16198    -18.296176    -18.296177
   1.09947    -18.296178    -18.296178
   1.03696    -18.296186    -18.296186
   0.97444    -18.296179    -18.296180
   0.91193    -18.296177    -18.296177
   0.84942    -18.296171    -18.296172
   0.78691    -18.296172    -18.296172
   0.78691    -18.296172    -18.296172
   0.72645    -18.296681    -18.296682
   0.66599    -18.298174    -18.298174
   0.60553    -18.300551    -18.300552
   0.54507    -18.303676    -18.303676
   0.48462    -18.307364    -18.307364
   0.42416    -18.311529    -18.311529
   0.36370    -18.316147    -18.316147
   0.36370    -18.330501    -18.330502
   0.30308    -18.325231    -18.325232
   0.24247    -18.320358    -18.320359
   0.18185    -18.316405    -18.316406
   0.12123    -18.306355    -18.306356
   0.06062    -18.298799    -18.298799
   0.00000    -18.296172    -18.296172
 
# Band-Index   17
   0.00000    -16.389690    -16.389690
   0.06062    -16.389695    -16.389695
   0.12123    -16.389699    -16.389698
   0.18185    -16.389681    -16.389681
   0.24247    -16.389615    -16.389615
   0.30308    -16.389485    -16.389485
   0.36370    -16.389286    -16.389286
   0.36370    -16.388940    -16.388940
   0.42416    -16.389188    -16.389188
   0.48462    -16.389394    -16.389394
   0.54507    -16.389538    -16.389538
   0.60553    -16.389619    -16.389619
   0.66599    -16.389662    -16.389661
   0.72645    -16.389683    -16.389683
   0.78691    -16.389690    -16.389690
   0.78691    -16.389690    -16.389690
   0.84942    -16.389761    -16.389761
   0.91193    -16.389953    -16.389953
   0.97444    -16.390225    -16.390225
   1.03696    -16.390532    -16.390532
   1.09947    -16.390780    -16.390780
   1.16198    -16.390948    -16.390948
   1.22449    -16.391012    -16.391012
   1.22449    -16.389282    -16.389282
   1.27892    -16.389279    -16.389279
   1.33334    -16.389308    -16.389308
   1.38777    -16.389351    -16.389351
   1.44220    -16.389373    -16.389373
   1.49663    -16.389358    -16.389358
   1.55105    -16.389325    -16.389325
   1.60548    -16.389335    -16.389335
   1.65991    -16.389395    -16.389395
   1.71433    -16.389481    -16.389480
   1.76876    -16.389564    -16.389563
   1.82319    -16.389633    -16.389632
   1.87761    -16.389673    -16.389673
   1.93204    -16.389690    -16.389690
   1.93204    -16.389690    -16.389690
   1.98722    -16.389666    -16.389665
   2.04239    -16.389604    -16.389604
   2.09756    -16.389504    -16.389504
   2.15274    -16.389387    -16.389387
   2.20791    -16.389264    -16.389264
   2.26309    -16.389174    -16.389174
   2.31826    -16.389426    -16.389426
   2.37344    -16.389621    -16.389621
   2.42861    -16.389697    -16.389697
   2.48379    -16.389669    -16.389669
   2.53896    -16.389571    -16.389571
   2.53896    -16.389925    -16.389925
   2.59586    -16.390125    -16.390125
   2.65276    -16.390266    -16.390266
   2.70966    -16.390331    -16.390331
   2.76656    -16.390318    -16.390318
   2.82346    -16.390241    -16.390241
   2.88036    -16.390114    -16.390114
   2.93726    -16.389964    -16.389964
   2.99416    -16.389824    -16.389824
   3.05106    -16.389724    -16.389724
   3.10796    -16.389690    -16.389690
   3.10796    -16.389690    -16.389690
   3.16376    -16.389687    -16.389687
   3.21956    -16.389680    -16.389680
   3.27536    -16.389655    -16.389655
   3.33116    -16.389588    -16.389588
   3.38696    -16.389460    -16.389460
   3.44277    -16.389263    -16.389263
   3.49857    -16.389018    -16.389018
   3.55437    -16.388776    -16.388775
   3.61017    -16.388596    -16.388596
   3.66597    -16.388532    -16.388532
 
# Band-Index   18
   3.66597    -16.388502    -16.388501
   3.61017    -16.388498    -16.388497
   3.55437    -16.388468    -16.388468
   3.49857    -16.388418    -16.388417
   3.44277    -16.388349    -16.388349
   3.38696    -16.388260    -16.388260
   3.33116    -16.388164    -16.388164
   3.27536    -16.388075    -16.388075
   3.21956    -16.388010    -16.388009
   3.16376    -16.387975    -16.387975
   3.10796    -16.387962    -16.387962
   3.10796    -16.387962    -16.387962
   3.05106    -16.387972    -16.387972
   2.99416    -16.388008    -16.388008
   2.93726    -16.388091    -16.388091
   2.88036    -16.388244    -16.388244
   2.82346    -16.388462    -16.388462
   2.76656    -16.388732    -16.388731
   2.70966    -16.389037    -16.389036
   2.65276    -16.389351    -16.389350
   2.59586    -16.389648    -16.389648
   2.53896    -16.389895    -16.389895
   2.53896    -16.389541    -16.389541
   2.48379    -16.389402    -16.389402
   2.42861    -16.389262    -16.389262
   2.37344    -16.389164    -16.389163
   2.31826    -16.389128    -16.389128
   2.26309    -16.389128    -16.389128
   2.20791    -16.388795    -16.388795
   2.15274    -16.388473    -16.388472
   2.09756    -16.388218    -16.388218
   2.04239    -16.388060    -16.388060
   1.98722    -16.387985    -16.387985
   1.93204    -16.387962    -16.387962
   1.93204    -16.387962    -16.387962
   1.87761    -16.387989    -16.387989
   1.82319    -16.388070    -16.388070
   1.76876    -16.388222    -16.388221
   1.71433    -16.388440    -16.388440
   1.65991    -16.388685    -16.388685
   1.60548    -16.388907    -16.388907
   1.55105    -16.389043    -16.389043
   1.49663    -16.389095    -16.389095
   1.44220    -16.389128    -16.389128
   1.38777    -16.389171    -16.389171
   1.33334    -16.389218    -16.389218
   1.27892    -16.389250    -16.389249
   1.22449    -16.389251    -16.389251
   1.22449    -16.387845    -16.387845
   1.16198    -16.387841    -16.387841
   1.09947    -16.387840    -16.387840
   1.03696    -16.387852    -16.387852
   0.97444    -16.387872    -16.387872
   0.91193    -16.387910    -16.387910
   0.84942    -16.387950    -16.387950
   0.78691    -16.387962    -16.387962
   0.78691    -16.387962    -16.387962
   0.72645    -16.387957    -16.387957
   0.66599    -16.387951    -16.387951
   0.60553    -16.387991    -16.387991
   0.54507    -16.388119    -16.388119
   0.48462    -16.388340    -16.388339
   0.42416    -16.388625    -16.388625
   0.36370    -16.388910    -16.388910
   0.36370    -16.389256    -16.389256
   0.30308    -16.388993    -16.388993
   0.24247    -16.388677    -16.388676
   0.18185    -16.388379    -16.388379
   0.12123    -16.388148    -16.388148
   0.06062    -16.388010    -16.388010
   0.00000    -16.387962    -16.387962
 
# Band-Index   19
   0.00000    -16.363543    -16.363543
   0.06062    -16.362947    -16.362947
   0.12123    -16.361137    -16.361137
   0.18185    -16.358101    -16.358102
   0.24247    -16.353870    -16.353870
   0.30308    -16.348556    -16.348556
   0.36370    -16.342379    -16.342380
   0.36370    -16.354415    -16.354416
   0.42416    -16.357484    -16.357485
   0.48462    -16.359931    -16.359931
   0.54507    -16.361678    -16.361678
   0.60553    -16.362747    -16.362748
   0.66599    -16.363288    -16.363288
   0.72645    -16.363498    -16.363499
   0.78691    -16.363543    -16.363543
   0.78691    -16.363543    -16.363543
   0.84942    -16.363324    -16.363324
   0.91193    -16.362679    -16.362680
   0.97444    -16.361695    -16.361695
   1.03696    -16.360534    -16.360534
   1.09947    -16.359410    -16.359410
   1.16198    -16.358590    -16.358590
   1.22449    -16.358290    -16.358290
   1.22449    -16.339638    -16.339639
   1.27892    -16.340573    -16.340573
   1.33334    -16.342701    -16.342701
   1.38777    -16.345233    -16.345233
   1.44220    -16.347886    -16.347886
   1.49663    -16.350555    -16.350556
   1.55105    -16.353183    -16.353183
   1.60548    -16.355703    -16.355703
   1.65991    -16.358016    -16.358016
   1.71433    -16.360012    -16.360012
   1.76876    -16.361590    -16.361591
   1.82319    -16.362697    -16.362697
   1.87761    -16.363337    -16.363337
   1.93204    -16.363543    -16.363543
   1.93204    -16.363543    -16.363543
   1.98722    -16.363432    -16.363432
   2.04239    -16.363079    -16.363079
   2.09756    -16.362440    -16.362441
   2.15274    -16.361485    -16.361485
   2.20791    -16.360240    -16.360241
   2.26309    -16.358792    -16.358792
   2.31826    -16.357242    -16.357243
   2.37344    -16.355682    -16.355682
   2.42861    -16.354157    -16.354157
   2.48379    -16.352688    -16.352689
   2.53896    -16.351228    -16.351228
   2.53896    -16.340035    -16.340035
   2.59586    -16.343410    -16.343410
   2.65276    -16.346707    -16.346707
   2.70966    -16.349918    -16.349918
   2.76656    -16.353012    -16.353013
   2.82346    -16.355917    -16.355917
   2.88036    -16.358510    -16.358510
   2.93726    -16.360655    -16.360655
   2.99416    -16.362249    -16.362250
   3.05106    -16.363220    -16.363220
   3.10796    -16.363543    -16.363543
   3.10796    -16.363543    -16.363543
   3.16376    -16.363307    -16.363307
   3.21956    -16.362560    -16.362560
   3.27536    -16.361243    -16.361243
   3.33116    -16.359299    -16.359299
   3.38696    -16.356738    -16.356738
   3.44277    -16.353613    -16.353614
   3.49857    -16.350025    -16.350025
   3.55437    -16.346114    -16.346114
   3.61017    -16.342203    -16.342203
   3.66597    -16.339893    -16.339893
 
# Band-Index   20
   3.66597    -16.339865    -16.339866
   3.61017    -16.339937    -16.339937
   3.55437    -16.339930    -16.339930
   3.49857    -16.339608    -16.339608
   3.44277    -16.338926    -16.338926
   3.38696    -16.337990    -16.337990
   3.33116    -16.336954    -16.336954
   3.27536    -16.335985    -16.335985
   3.21956    -16.335212    -16.335213
   3.16376    -16.334725    -16.334725
   3.10796    -16.334559    -16.334559
   3.10796    -16.334559    -16.334559
   3.05106    -16.334396    -16.334397
   2.99416    -16.333930    -16.333930
   2.93726    -16.333205    -16.333205
   2.88036    -16.332280    -16.332280
   2.82346    -16.331205    -16.331205
   2.76656    -16.330038    -16.330038
   2.70966    -16.329822    -16.329822
   2.65276    -16.333029    -16.333029
   2.59586    -16.336541    -16.336541
   2.53896    -16.340010    -16.340010
   2.53896    -16.351222    -16.351222
   2.48379    -16.349706    -16.349706
   2.42861    -16.348086    -16.348086
   2.37344    -16.346332    -16.346332
   2.31826    -16.344430    -16.344430
   2.26309    -16.342435    -16.342436
   2.20791    -16.340435    -16.340436
   2.15274    -16.338555    -16.338555
   2.09756    -16.336916    -16.336917
   2.04239    -16.335640    -16.335640
   1.98722    -16.334833    -16.334833
   1.93204    -16.334559    -16.334559
   1.93204    -16.334559    -16.334559
   1.87761    -16.334673    -16.334673
   1.82319    -16.335009    -16.335010
   1.76876    -16.335544    -16.335544
   1.71433    -16.336222    -16.336222
   1.65991    -16.336968    -16.336968
   1.60548    -16.337709    -16.337709
   1.55105    -16.338367    -16.338367
   1.49663    -16.338896    -16.338896
   1.44220    -16.339271    -16.339271
   1.38777    -16.339492    -16.339492
   1.33334    -16.339594    -16.339594
   1.27892    -16.339623    -16.339623
   1.22449    -16.339612    -16.339612
   1.22449    -16.333780    -16.333780
   1.16198    -16.333813    -16.333813
   1.09947    -16.333909    -16.333910
   1.03696    -16.334061    -16.334061
   0.97444    -16.334228    -16.334229
   0.91193    -16.334394    -16.334394
   0.84942    -16.334515    -16.334515
   0.78691    -16.334559    -16.334559
   0.78691    -16.334559    -16.334559
   0.72645    -16.335182    -16.335182
   0.66599    -16.336977    -16.336978
   0.60553    -16.339757    -16.339757
   0.54507    -16.343228    -16.343228
   0.48462    -16.347030    -16.347030
   0.42416    -16.350848    -16.350848
   0.36370    -16.354408    -16.354409
   0.36370    -16.342358    -16.342359
   0.30308    -16.335730    -16.335730
   0.24247    -16.329539    -16.329540
   0.18185    -16.331305    -16.331305
   0.12123    -16.333047    -16.333048
   0.06062    -16.334172    -16.334172
   0.00000    -16.334559    -16.334559
 
# Band-Index   21
   0.00000    -16.321609    -16.321610
   0.06062    -16.321907    -16.321908
   0.12123    -16.322937    -16.322938
   0.18185    -16.325203    -16.325203
   0.24247    -16.329102    -16.329102
   0.30308    -16.326601    -16.326601
   0.36370    -16.323926    -16.323927
   0.36370    -16.309256    -16.309256
   0.42416    -16.311840    -16.311840
   0.48462    -16.314308    -16.314308
   0.54507    -16.316594    -16.316594
   0.60553    -16.318595    -16.318595
   0.66599    -16.320194    -16.320195
   0.72645    -16.321244    -16.321244
   0.78691    -16.321609    -16.321610
   0.78691    -16.321609    -16.321610
   0.84942    -16.321451    -16.321451
   0.91193    -16.321026    -16.321026
   0.97444    -16.320433    -16.320433
   1.03696    -16.319807    -16.319807
   1.09947    -16.319257    -16.319257
   1.16198    -16.318895    -16.318895
   1.22449    -16.318770    -16.318770
   1.22449    -16.330575    -16.330576
   1.27892    -16.330246    -16.330246
   1.33334    -16.329360    -16.329360
   1.38777    -16.328007    -16.328008
   1.44220    -16.326333    -16.326333
   1.49663    -16.324521    -16.324521
   1.55105    -16.322834    -16.322834
   1.60548    -16.321572    -16.321572
   1.65991    -16.320901    -16.320901
   1.71433    -16.320763    -16.320764
   1.76876    -16.320954    -16.320954
   1.82319    -16.321258    -16.321259
   1.87761    -16.321509    -16.321510
   1.93204    -16.321609    -16.321610
   1.93204    -16.321609    -16.321610
   1.98722    -16.321381    -16.321381
   2.04239    -16.320725    -16.320725
   2.09756    -16.319677    -16.319677
   2.15274    -16.318286    -16.318286
   2.20791    -16.316620    -16.316620
   2.26309    -16.314762    -16.314762
   2.31826    -16.312808    -16.312808
   2.37344    -16.310880    -16.310880
   2.42861    -16.309099    -16.309100
   2.48379    -16.307642    -16.307642
   2.53896    -16.306598    -16.306598
   2.53896    -16.324021    -16.324021
   2.59586    -16.325628    -16.325628
   2.65276    -16.327134    -16.327134
   2.70966    -16.328349    -16.328349
   2.76656    -16.326455    -16.326455
   2.82346    -16.324269    -16.324269
   2.88036    -16.322883    -16.322883
   2.93726    -16.322125    -16.322126
   2.99416    -16.321772    -16.321772
   3.05106    -16.321637    -16.321637
   3.10796    -16.321609    -16.321610
   3.10796    -16.321609    -16.321610
   3.16376    -16.321537    -16.321537
   3.21956    -16.321405    -16.321405
   3.27536    -16.321429    -16.321429
   3.33116    -16.321930    -16.321931
   3.38696    -16.323223    -16.323223
   3.44277    -16.325356    -16.325356
   3.49857    -16.327950    -16.327951
   3.55437    -16.330432    -16.330432
   3.61017    -16.332274    -16.332274
   3.66597    -16.332977    -16.332978
 
# Band-Index   22
   3.66597    -16.332950    -16.332950
   3.61017    -16.330572    -16.330572
   3.55437    -16.326472    -16.326472
   3.49857    -16.322272    -16.322272
   3.44277    -16.318154    -16.318154
   3.38696    -16.313860    -16.313860
   3.33116    -16.309064    -16.309064
   3.27536    -16.303698    -16.303698
   3.21956    -16.297900    -16.297900
   3.16376    -16.291973    -16.291973
   3.10796    -16.287781    -16.287782
   3.10796    -16.287781    -16.287782
   3.05106    -16.291314    -16.291314
   2.99416    -16.296668    -16.296668
   2.93726    -16.302071    -16.302071
   2.88036    -16.307168    -16.307168
   2.82346    -16.311666    -16.311666
   2.76656    -16.315324    -16.315324
   2.70966    -16.318136    -16.318136
   2.65276    -16.320356    -16.320356
   2.59586    -16.322266    -16.322266
   2.53896    -16.323994    -16.323994
   2.53896    -16.306583    -16.306583
   2.48379    -16.305895    -16.305895
   2.42861    -16.305365    -16.305365
   2.37344    -16.304731    -16.304731
   2.31826    -16.303741    -16.303741
   2.26309    -16.302258    -16.302258
   2.20791    -16.300236    -16.300236
   2.15274    -16.297728    -16.297728
   2.09756    -16.294872    -16.294872
   2.04239    -16.291905    -16.291906
   1.98722    -16.289192    -16.289192
   1.93204    -16.287781    -16.287782
   1.93204    -16.287781    -16.287782
   1.87761    -16.290779    -16.290779
   1.82319    -16.295469    -16.295469
   1.76876    -16.300252    -16.300252
   1.71433    -16.304827    -16.304827
   1.65991    -16.309005    -16.309005
   1.60548    -16.312681    -16.312682
   1.55105    -16.315880    -16.315880
   1.49663    -16.318803    -16.318803
   1.44220    -16.321671    -16.321671
   1.38777    -16.324533    -16.324534
   1.33334    -16.327275    -16.327275
   1.27892    -16.329557    -16.329557
   1.22449    -16.330548    -16.330548
   1.22449    -16.288651    -16.288651
   1.16198    -16.288658    -16.288659
   1.09947    -16.288599    -16.288600
   1.03696    -16.288439    -16.288439
   0.97444    -16.288212    -16.288213
   0.91193    -16.287995    -16.287996
   0.84942    -16.287840    -16.287840
   0.78691    -16.287781    -16.287782
   0.78691    -16.287781    -16.287782
   0.72645    -16.290200    -16.290200
   0.66599    -16.293859    -16.293859
   0.60553    -16.297397    -16.297398
   0.54507    -16.300675    -16.300675
   0.48462    -16.303695    -16.303695
   0.42416    -16.306535    -16.306536
   0.36370    -16.309240    -16.309240
   0.36370    -16.323903    -16.323903
   0.30308    -16.320981    -16.320982
   0.24247    -16.317192    -16.317192
   0.18185    -16.311388    -16.311389
   0.12123    -16.303546    -16.303546
   0.06062    -16.294760    -16.294760
   0.00000    -16.287781    -16.287782
 
# Band-Index   23
   0.00000    -16.283253    -16.283253
   0.06062    -16.283281    -16.283281
   0.12123    -16.283345    -16.283345
   0.18185    -16.283398    -16.283398
   0.24247    -16.283354    -16.283354
   0.30308    -16.283093    -16.283093
   0.36370    -16.282490    -16.282490
   0.36370    -16.282182    -16.282182
   0.42416    -16.282836    -16.282836
   0.48462    -16.283137    -16.283137
   0.54507    -16.283135    -16.283135
   0.60553    -16.282926    -16.282926
   0.66599    -16.282660    -16.282660
   0.72645    -16.282449    -16.282449
   0.78691    -16.283253    -16.283253
   0.78691    -16.283253    -16.283253
   0.84942    -16.283485    -16.283486
   0.91193    -16.284129    -16.284129
   0.97444    -16.285034    -16.285034
   1.03696    -16.286031    -16.286031
   1.09947    -16.286919    -16.286919
   1.16198    -16.287576    -16.287576
   1.22449    -16.287843    -16.287843
   1.22449    -16.287278    -16.287278
   1.27892    -16.287323    -16.287324
   1.33334    -16.287443    -16.287443
   1.38777    -16.287534    -16.287534
   1.44220    -16.287488    -16.287488
   1.49663    -16.287229    -16.287230
   1.55105    -16.286771    -16.286772
   1.60548    -16.286201    -16.286201
   1.65991    -16.285578    -16.285578
   1.71433    -16.284921    -16.284922
   1.76876    -16.284257    -16.284258
   1.82319    -16.283657    -16.283657
   1.87761    -16.283241    -16.283242
   1.93204    -16.283253    -16.283253
   1.93204    -16.283253    -16.283253
   1.98722    -16.282414    -16.282414
   2.04239    -16.282577    -16.282577
   2.09756    -16.282904    -16.282904
   2.15274    -16.283443    -16.283443
   2.20791    -16.284184    -16.284184
   2.26309    -16.285059    -16.285060
   2.31826    -16.285954    -16.285954
   2.37344    -16.286714    -16.286714
   2.42861    -16.287162    -16.287162
   2.48379    -16.287129    -16.287129
   2.53896    -16.286499    -16.286499
   2.53896    -16.284287    -16.284287
   2.59586    -16.284983    -16.284983
   2.65276    -16.285452    -16.285452
   2.70966    -16.285651    -16.285652
   2.76656    -16.285574    -16.285574
   2.82346    -16.285262    -16.285262
   2.88036    -16.284784    -16.284784
   2.93726    -16.284236    -16.284237
   2.99416    -16.283734    -16.283735
   3.05106    -16.283379    -16.283380
   3.10796    -16.283253    -16.283253
   3.10796    -16.283253    -16.283253
   3.16376    -16.283146    -16.283146
   3.21956    -16.283312    -16.283312
   3.27536    -16.283579    -16.283579
   3.33116    -16.283901    -16.283901
   3.38696    -16.284233    -16.284233
   3.44277    -16.284522    -16.284523
   3.49857    -16.284730    -16.284730
   3.55437    -16.284834    -16.284834
   3.61017    -16.284860    -16.284860
   3.66597    -16.284859    -16.284859
 
# Band-Index   24
   3.66597    -16.284835    -16.284836
   3.61017    -16.284707    -16.284708
   3.55437    -16.284299    -16.284299
   3.49857    -16.283529    -16.283529
   3.44277    -16.282304    -16.282305
   3.38696    -16.280604    -16.280604
   3.33116    -16.278579    -16.278579
   3.27536    -16.276629    -16.276629
   3.21956    -16.275717    -16.275717
   3.16376    -16.278699    -16.278699
   3.10796    -16.282369    -16.282369
   3.10796    -16.282369    -16.282369
   3.05106    -16.279153    -16.279153
   2.99416    -16.275686    -16.275686
   2.93726    -16.275540    -16.275540
   2.88036    -16.276765    -16.276766
   2.82346    -16.278242    -16.278242
   2.76656    -16.279705    -16.279706
   2.70966    -16.281067    -16.281067
   2.65276    -16.282291    -16.282291
   2.59586    -16.283366    -16.283366
   2.53896    -16.284264    -16.284264
   2.53896    -16.286498    -16.286498
   2.48379    -16.285286    -16.285287
   2.42861    -16.283673    -16.283673
   2.37344    -16.281926    -16.281926
   2.31826    -16.280325    -16.280325
   2.26309    -16.279143    -16.279143
   2.20791    -16.278580    -16.278581
   2.15274    -16.278709    -16.278709
   2.09756    -16.279455    -16.279455
   2.04239    -16.280702    -16.280702
   1.98722    -16.282253    -16.282254
   1.93204    -16.282369    -16.282369
   1.93204    -16.282369    -16.282369
   1.87761    -16.279854    -16.279854
   1.82319    -16.276691    -16.276691
   1.76876    -16.275981    -16.275981
   1.71433    -16.277049    -16.277049
   1.65991    -16.278732    -16.278732
   1.60548    -16.280525    -16.280525
   1.55105    -16.282138    -16.282138
   1.49663    -16.283485    -16.283485
   1.44220    -16.284628    -16.284628
   1.38777    -16.285634    -16.285634
   1.33334    -16.286478    -16.286478
   1.27892    -16.287055    -16.287056
   1.22449    -16.287256    -16.287256
   1.22449    -16.286004    -16.286004
   1.16198    -16.285794    -16.285794
   1.09947    -16.285220    -16.285221
   1.03696    -16.284443    -16.284444
   0.97444    -16.283634    -16.283634
   0.91193    -16.282959    -16.282959
   0.84942    -16.282519    -16.282519
   0.78691    -16.282369    -16.282369
   0.78691    -16.282369    -16.282369
   0.72645    -16.281060    -16.281061
   0.66599    -16.278535    -16.278535
   0.60553    -16.277893    -16.277894
   0.54507    -16.278688    -16.278688
   0.48462    -16.279931    -16.279932
   0.42416    -16.281175    -16.281175
   0.36370    -16.282180    -16.282180
   0.36370    -16.282468    -16.282469
   0.30308    -16.281390    -16.281390
   0.24247    -16.279759    -16.279759
   0.18185    -16.277668    -16.277668
   0.12123    -16.275530    -16.275530
   0.06062    -16.276335    -16.276335
   0.00000    -16.282369    -16.282369
 
# Band-Index   25
   0.00000    -16.271220    -16.271220
   0.06062    -16.271123    -16.271123
   0.12123    -16.265011    -16.265011
   0.18185    -16.256658    -16.256658
   0.24247    -16.248911    -16.248911
   0.30308    -16.242181    -16.242181
   0.36370    -16.236524    -16.236524
   0.36370    -16.257097    -16.257097
   0.42416    -16.259409    -16.259409
   0.48462    -16.262184    -16.262184
   0.54507    -16.265288    -16.265289
   0.60553    -16.268350    -16.268350
   0.66599    -16.270495    -16.270495
   0.72645    -16.271164    -16.271164
   0.78691    -16.271220    -16.271220
   0.78691    -16.271220    -16.271220
   0.84942    -16.271191    -16.271191
   0.91193    -16.271116    -16.271116
   0.97444    -16.271027    -16.271027
   1.03696    -16.270962    -16.270962
   1.09947    -16.270913    -16.270914
   1.16198    -16.270888    -16.270888
   1.22449    -16.270879    -16.270879
   1.22449    -16.231710    -16.231711
   1.27892    -16.232917    -16.232917
   1.33334    -16.235690    -16.235690
   1.38777    -16.239109    -16.239109
   1.44220    -16.242810    -16.242810
   1.49663    -16.246661    -16.246662
   1.55105    -16.250643    -16.250644
   1.60548    -16.254781    -16.254781
   1.65991    -16.259073    -16.259074
   1.71433    -16.263447    -16.263447
   1.76876    -16.267595    -16.267595
   1.82319    -16.270446    -16.270446
   1.87761    -16.271174    -16.271174
   1.93204    -16.271220    -16.271220
   1.93204    -16.271220    -16.271220
   1.98722    -16.271079    -16.271080
   2.04239    -16.270696    -16.270696
   2.09756    -16.270156    -16.270156
   2.15274    -16.269493    -16.269493
   2.20791    -16.268632    -16.268633
   2.26309    -16.267476    -16.267476
   2.31826    -16.266018    -16.266019
   2.37344    -16.264317    -16.264317
   2.42861    -16.262456    -16.262456
   2.48379    -16.260526    -16.260527
   2.53896    -16.258624    -16.258624
   2.53896    -16.237254    -16.237254
   2.59586    -16.240601    -16.240601
   2.65276    -16.244255    -16.244255
   2.70966    -16.248229    -16.248230
   2.76656    -16.252524    -16.252524
   2.82346    -16.257122    -16.257122
   2.88036    -16.261935    -16.261936
   2.93726    -16.266742    -16.266742
   2.99416    -16.270511    -16.270511
   3.05106    -16.271305    -16.271305
   3.10796    -16.271220    -16.271220
   3.10796    -16.271220    -16.271220
   3.16376    -16.271252    -16.271252
   3.21956    -16.269348    -16.269348
   3.27536    -16.264003    -16.264003
   3.33116    -16.257978    -16.257978
   3.38696    -16.252047    -16.252048
   3.44277    -16.246455    -16.246455
   3.49857    -16.241367    -16.241367
   3.55437    -16.236948    -16.236948
   3.61017    -16.233508    -16.233508
   3.66597    -16.232043    -16.232044
 
# Band-Index   26
   3.66597    -16.232016    -16.232016
   3.61017    -16.232741    -16.232742
   3.55437    -16.234565    -16.234565
   3.49857    -16.237022    -16.237022
   3.44277    -16.239713    -16.239714
   3.38696    -16.242391    -16.242391
   3.33116    -16.244892    -16.244892
   3.27536    -16.247096    -16.247096
   3.21956    -16.248862    -16.248862
   3.16376    -16.250034    -16.250034
   3.10796    -16.250450    -16.250450
   3.10796    -16.250450    -16.250450
   3.05106    -16.250021    -16.250021
   2.99416    -16.248807    -16.248808
   2.93726    -16.246958    -16.246958
   2.88036    -16.244619    -16.244619
   2.82346    -16.241886    -16.241886
   2.76656    -16.238810    -16.238810
   2.70966    -16.235432    -16.235432
   2.65276    -16.231802    -16.231802
   2.59586    -16.234184    -16.234185
   2.53896    -16.237243    -16.237244
   2.53896    -16.258601    -16.258602
   2.48379    -16.256798    -16.256798
   2.42861    -16.255167    -16.255167
   2.37344    -16.253799    -16.253799
   2.31826    -16.252722    -16.252723
   2.26309    -16.251945    -16.251945
   2.20791    -16.251420    -16.251421
   2.15274    -16.251066    -16.251066
   2.09756    -16.250812    -16.250812
   2.04239    -16.250623    -16.250624
   1.98722    -16.250494    -16.250494
   1.93204    -16.250450    -16.250450
   1.93204    -16.250450    -16.250450
   1.87761    -16.250187    -16.250187
   1.82319    -16.249429    -16.249430
   1.76876    -16.248237    -16.248237
   1.71433    -16.246705    -16.246705
   1.65991    -16.244933    -16.244933
   1.60548    -16.243002    -16.243002
   1.55105    -16.240972    -16.240972
   1.49663    -16.238901    -16.238901
   1.44220    -16.236862    -16.236862
   1.38777    -16.234949    -16.234950
   1.33334    -16.233302    -16.233302
   1.27892    -16.232125    -16.232125
   1.22449    -16.231684    -16.231684
   1.22449    -16.252597    -16.252597
   1.16198    -16.252514    -16.252515
   1.09947    -16.252271    -16.252272
   1.03696    -16.251887    -16.251888
   0.97444    -16.251401    -16.251401
   0.91193    -16.250930    -16.250930
   0.84942    -16.250581    -16.250581
   0.78691    -16.250450    -16.250450
   0.78691    -16.250450    -16.250450
   0.72645    -16.250606    -16.250606
   0.66599    -16.251045    -16.251045
   0.60553    -16.251718    -16.251718
   0.54507    -16.252615    -16.252615
   0.48462    -16.253749    -16.253749
   0.42416    -16.255209    -16.255210
   0.36370    -16.257074    -16.257074
   0.36370    -16.236513    -16.236513
   0.30308    -16.231818    -16.231818
   0.24247    -16.235434    -16.235434
   0.18185    -16.240964    -16.240964
   0.12123    -16.245685    -16.245685
   0.06062    -16.249124    -16.249124
   0.00000    -16.250450    -16.250450
 
# Band-Index   27
   0.00000    -16.221007    -16.221007
   0.06062    -16.221454    -16.221454
   0.12123    -16.222779    -16.222779
   0.18185    -16.224963    -16.224963
   0.24247    -16.227977    -16.227977
   0.30308    -16.229406    -16.229406
   0.36370    -16.223257    -16.223257
   0.36370    -16.208704    -16.208705
   0.42416    -16.210760    -16.210760
   0.48462    -16.213016    -16.213016
   0.54507    -16.215332    -16.215332
   0.60553    -16.217506    -16.217506
   0.66599    -16.219333    -16.219333
   0.72645    -16.220571    -16.220571
   0.78691    -16.221007    -16.221007
   0.78691    -16.221007    -16.221007
   0.84942    -16.220996    -16.220996
   0.91193    -16.220961    -16.220961
   0.97444    -16.220913    -16.220913
   1.03696    -16.220871    -16.220871
   1.09947    -16.220828    -16.220828
   1.16198    -16.220800    -16.220800
   1.22449    -16.220794    -16.220794
   1.22449    -16.222200    -16.222200
   1.27892    -16.222003    -16.222003
   1.33334    -16.221564    -16.221564
   1.38777    -16.221114    -16.221114
   1.44220    -16.220797    -16.220798
   1.49663    -16.220643    -16.220644
   1.55105    -16.220615    -16.220615
   1.60548    -16.220660    -16.220660
   1.65991    -16.220732    -16.220732
   1.71433    -16.220810    -16.220811
   1.76876    -16.220885    -16.220885
   1.82319    -16.220949    -16.220949
   1.87761    -16.220992    -16.220992
   1.93204    -16.221007    -16.221007
   1.93204    -16.221007    -16.221007
   1.98722    -16.220852    -16.220853
   2.04239    -16.220404    -16.220404
   2.09756    -16.219697    -16.219697
   2.15274    -16.218778    -16.218778
   2.20791    -16.217687    -16.217687
   2.26309    -16.216456    -16.216456
   2.31826    -16.215106    -16.215106
   2.37344    -16.213656    -16.213656
   2.42861    -16.212123    -16.212123
   2.48379    -16.210553    -16.210553
   2.53896    -16.208998    -16.208998
   2.53896    -16.224192    -16.224192
   2.59586    -16.228012    -16.228012
   2.65276    -16.231413    -16.231413
   2.70966    -16.228950    -16.228950
   2.76656    -16.226805    -16.226806
   2.82346    -16.224999    -16.224999
   2.88036    -16.223536    -16.223536
   2.93726    -16.222415    -16.222415
   2.99416    -16.221627    -16.221627
   3.05106    -16.221162    -16.221163
   3.10796    -16.221007    -16.221007
   3.10796    -16.221007    -16.221007
   3.16376    -16.220951    -16.220951
   3.21956    -16.220788    -16.220788
   3.27536    -16.220553    -16.220554
   3.33116    -16.220296    -16.220296
   3.38696    -16.220089    -16.220090
   3.44277    -16.220012    -16.220012
   3.49857    -16.220122    -16.220123
   3.55437    -16.220420    -16.220420
   3.61017    -16.220786    -16.220786
   3.66597    -16.220979    -16.220980
 
# Band-Index   28
   3.66597    -16.220958    -16.220958
   3.61017    -16.219741    -16.219741
   3.55437    -16.217108    -16.217108
   3.49857    -16.214182    -16.214182
   3.44277    -16.211380    -16.211380
   3.38696    -16.208870    -16.208870
   3.33116    -16.206747    -16.206747
   3.27536    -16.205061    -16.205061
   3.21956    -16.203838    -16.203838
   3.16376    -16.203103    -16.203103
   3.10796    -16.202856    -16.202857
   3.10796    -16.202856    -16.202857
   3.05106    -16.203056    -16.203056
   2.99416    -16.203666    -16.203666
   2.93726    -16.204716    -16.204716
   2.88036    -16.206233    -16.206233
   2.82346    -16.208230    -16.208230
   2.76656    -16.210698    -16.210698
   2.70966    -16.213601    -16.213601
   2.65276    -16.216872    -16.216872
   2.59586    -16.220431    -16.220431
   2.53896    -16.224173    -16.224173
   2.53896    -16.208991    -16.208991
   2.48379    -16.207511    -16.207511
   2.42861    -16.206172    -16.206172
   2.37344    -16.205056    -16.205057
   2.31826    -16.204174    -16.204174
   2.26309    -16.203548    -16.203548
   2.20791    -16.203149    -16.203149
   2.15274    -16.202935    -16.202935
   2.09756    -16.202848    -16.202848
   2.04239    -16.202833    -16.202834
   1.98722    -16.202845    -16.202846
   1.93204    -16.202856    -16.202857
   1.93204    -16.202856    -16.202857
   1.87761    -16.202974    -16.202974
   1.82319    -16.203339    -16.203339
   1.76876    -16.203974    -16.203974
   1.71433    -16.204902    -16.204903
   1.65991    -16.206150    -16.206151
   1.60548    -16.207723    -16.207724
   1.55105    -16.209607    -16.209607
   1.49663    -16.211758    -16.211758
   1.44220    -16.214108    -16.214108
   1.38777    -16.216577    -16.216577
   1.33334    -16.219040    -16.219040
   1.27892    -16.221191    -16.221191
   1.22449    -16.222180    -16.222180
   1.22449    -16.202463    -16.202463
   1.16198    -16.202476    -16.202476
   1.09947    -16.202523    -16.202524
   1.03696    -16.202597    -16.202597
   0.97444    -16.202683    -16.202683
   0.91193    -16.202767    -16.202767
   0.84942    -16.202831    -16.202831
   0.78691    -16.202856    -16.202857
   0.78691    -16.202856    -16.202857
   0.72645    -16.202931    -16.202931
   0.66599    -16.203173    -16.203174
   0.60553    -16.203647    -16.203647
   0.54507    -16.204403    -16.204404
   0.48462    -16.205484    -16.205484
   0.42416    -16.206924    -16.206924
   0.36370    -16.208696    -16.208697
   0.36370    -16.223236    -16.223236
   0.30308    -16.217419    -16.217419
   0.24247    -16.212308    -16.212308
   0.18185    -16.208191    -16.208191
   0.12123    -16.205218    -16.205218
   0.06062    -16.203445    -16.203446
   0.00000    -16.202856    -16.202857
 
# Band-Index   29
   0.00000    -16.184345    -16.184344
   0.06062    -16.184352    -16.184352
   0.12123    -16.184381    -16.184381
   0.18185    -16.184425    -16.184425
   0.24247    -16.184475    -16.184475
   0.30308    -16.184508    -16.184508
   0.36370    -16.184510    -16.184510
   0.36370    -16.183618    -16.183618
   0.42416    -16.183775    -16.183775
   0.48462    -16.183950    -16.183950
   0.54507    -16.184104    -16.184104
   0.60553    -16.184212    -16.184212
   0.66599    -16.184286    -16.184286
   0.72645    -16.184330    -16.184330
   0.78691    -16.184345    -16.184344
   0.78691    -16.184345    -16.184344
   0.84942    -16.184373    -16.184373
   0.91193    -16.184470    -16.184470
   0.97444    -16.184627    -16.184627
   1.03696    -16.184831    -16.184831
   1.09947    -16.185020    -16.185020
   1.16198    -16.185165    -16.185165
   1.22449    -16.185223    -16.185223
   1.22449    -16.183892    -16.183892
   1.27892    -16.183901    -16.183901
   1.33334    -16.183945    -16.183945
   1.38777    -16.184023    -16.184023
   1.44220    -16.184134    -16.184134
   1.49663    -16.184269    -16.184269
   1.55105    -16.184406    -16.184406
   1.60548    -16.184511    -16.184511
   1.65991    -16.184560    -16.184560
   1.71433    -16.184550    -16.184550
   1.76876    -16.184492    -16.184492
   1.82319    -16.184420    -16.184420
   1.87761    -16.184361    -16.184361
   1.93204    -16.184345    -16.184344
   1.93204    -16.184345    -16.184344
   1.98722    -16.184366    -16.184366
   2.04239    -16.184444    -16.184444
   2.09756    -16.184543    -16.184543
   2.15274    -16.184627    -16.184627
   2.20791    -16.184641    -16.184641
   2.26309    -16.184553    -16.184553
   2.31826    -16.184354    -16.184354
   2.37344    -16.184074    -16.184074
   2.42861    -16.183762    -16.183762
   2.48379    -16.183486    -16.183486
   2.53896    -16.183300    -16.183300
   2.53896    -16.184127    -16.184127
   2.59586    -16.184256    -16.184256
   2.65276    -16.184404    -16.184404
   2.70966    -16.184531    -16.184531
   2.76656    -16.184602    -16.184602
   2.82346    -16.184614    -16.184614
   2.88036    -16.184568    -16.184568
   2.93726    -16.184491    -16.184491
   2.99416    -16.184413    -16.184412
   3.05106    -16.184359    -16.184359
   3.10796    -16.184345    -16.184344
   3.10796    -16.184345    -16.184344
   3.16376    -16.184339    -16.184339
   3.21956    -16.184325    -16.184325
   3.27536    -16.184301    -16.184301
   3.33116    -16.184252    -16.184252
   3.38696    -16.184180    -16.184180
   3.44277    -16.184092    -16.184092
   3.49857    -16.183999    -16.183999
   3.55437    -16.183916    -16.183916
   3.61017    -16.183867    -16.183867
   3.66597    -16.183855    -16.183855
 
# Band-Index   30
   3.66597    -16.183818    -16.183818
   3.61017    -16.183830    -16.183830
   3.55437    -16.183836    -16.183836
   3.49857    -16.183826    -16.183826
   3.44277    -16.183798    -16.183798
   3.38696    -16.183753    -16.183753
   3.33116    -16.183684    -16.183683
   3.27536    -16.183603    -16.183603
   3.21956    -16.183523    -16.183523
   3.16376    -16.183464    -16.183464
   3.10796    -16.183444    -16.183443
   3.10796    -16.183444    -16.183443
   3.05106    -16.183468    -16.183468
   2.99416    -16.183537    -16.183537
   2.93726    -16.183625    -16.183625
   2.88036    -16.183704    -16.183704
   2.82346    -16.183765    -16.183765
   2.76656    -16.183811    -16.183811
   2.70966    -16.183853    -16.183853
   2.65276    -16.183905    -16.183905
   2.59586    -16.183988    -16.183988
   2.53896    -16.184089    -16.184089
   2.53896    -16.183264    -16.183264
   2.48379    -16.183156    -16.183156
   2.42861    -16.183095    -16.183095
   2.37344    -16.183090    -16.183090
   2.31826    -16.183117    -16.183117
   2.26309    -16.183169    -16.183169
   2.20791    -16.183240    -16.183240
   2.15274    -16.183315    -16.183315
   2.09756    -16.183374    -16.183374
   2.04239    -16.183413    -16.183413
   1.98722    -16.183435    -16.183435
   1.93204    -16.183444    -16.183443
   1.93204    -16.183444    -16.183443
   1.87761    -16.183457    -16.183457
   1.82319    -16.183490    -16.183490
   1.76876    -16.183522    -16.183522
   1.71433    -16.183535    -16.183535
   1.65991    -16.183525    -16.183525
   1.60548    -16.183501    -16.183501
   1.55105    -16.183482    -16.183482
   1.49663    -16.183493    -16.183493
   1.44220    -16.183542    -16.183542
   1.38777    -16.183629    -16.183629
   1.33334    -16.183735    -16.183734
   1.27892    -16.183821    -16.183821
   1.22449    -16.183854    -16.183854
   1.22449    -16.183158    -16.183158
   1.16198    -16.183172    -16.183172
   1.09947    -16.183221    -16.183221
   1.03696    -16.183291    -16.183291
   0.97444    -16.183346    -16.183346
   0.91193    -16.183398    -16.183398
   0.84942    -16.183431    -16.183431
   0.78691    -16.183444    -16.183443
   0.78691    -16.183444    -16.183443
   0.72645    -16.183424    -16.183424
   0.66599    -16.183374    -16.183374
   0.60553    -16.183327    -16.183327
   0.54507    -16.183314    -16.183314
   0.48462    -16.183349    -16.183349
   0.42416    -16.183447    -16.183447
   0.36370    -16.183582    -16.183582
   0.36370    -16.184473    -16.184473
   0.30308    -16.184413    -16.184413
   0.24247    -16.184256    -16.184256
   0.18185    -16.184019    -16.184018
   0.12123    -16.183747    -16.183747
   0.06062    -16.183530    -16.183530
   0.00000    -16.183444    -16.183443
 
# Band-Index   31
   0.00000    -16.172245    -16.172245
   0.06062    -16.172137    -16.172137
   0.12123    -16.171797    -16.171797
   0.18185    -16.171224    -16.171224
   0.24247    -16.170417    -16.170417
   0.30308    -16.169393    -16.169393
   0.36370    -16.168191    -16.168191
   0.36370    -16.165900    -16.165901
   0.42416    -16.167183    -16.167184
   0.48462    -16.168482    -16.168482
   0.54507    -16.169694    -16.169694
   0.60553    -16.170732    -16.170732
   0.66599    -16.171553    -16.171553
   0.72645    -16.172071    -16.172071
   0.78691    -16.172245    -16.172245
   0.78691    -16.172245    -16.172245
   0.84942    -16.172424    -16.172425
   0.91193    -16.172883    -16.172884
   0.97444    -16.173447    -16.173447
   1.03696    -16.173961    -16.173961
   1.09947    -16.174322    -16.174323
   1.16198    -16.174527    -16.174527
   1.22449    -16.174592    -16.174593
   1.22449    -16.168334    -16.168334
   1.27892    -16.168466    -16.168467
   1.33334    -16.168847    -16.168847
   1.38777    -16.169356    -16.169356
   1.44220    -16.169870    -16.169870
   1.49663    -16.170322    -16.170322
   1.55105    -16.170695    -16.170695
   1.60548    -16.171023    -16.171024
   1.65991    -16.171340    -16.171340
   1.71433    -16.171654    -16.171654
   1.76876    -16.171925    -16.171925
   1.82319    -16.172116    -16.172116
   1.87761    -16.172216    -16.172216
   1.93204    -16.172245    -16.172245
   1.93204    -16.172245    -16.172245
   1.98722    -16.172237    -16.172237
   2.04239    -16.172201    -16.172201
   2.09756    -16.172104    -16.172104
   2.15274    -16.171938    -16.171939
   2.20791    -16.171732    -16.171732
   2.26309    -16.171532    -16.171533
   2.31826    -16.171359    -16.171359
   2.37344    -16.171173    -16.171173
   2.42861    -16.170884    -16.170884
   2.48379    -16.170403    -16.170403
   2.53896    -16.169694    -16.169695
   2.53896    -16.170202    -16.170202
   2.59586    -16.170950    -16.170951
   2.65276    -16.171535    -16.171535
   2.70966    -16.171952    -16.171952
   2.76656    -16.172231    -16.172231
   2.82346    -16.172412    -16.172412
   2.88036    -16.172501    -16.172502
   2.93726    -16.172492    -16.172492
   2.99416    -16.172402    -16.172402
   3.05106    -16.172295    -16.172295
   3.10796    -16.172245    -16.172245
   3.10796    -16.172245    -16.172245
   3.16376    -16.172121    -16.172121
   3.21956    -16.171747    -16.171747
   3.27536    -16.171147    -16.171147
   3.33116    -16.170356    -16.170356
   3.38696    -16.169434    -16.169434
   3.44277    -16.168442    -16.168442
   3.49857    -16.167462    -16.167463
   3.55437    -16.166599    -16.166600
   3.61017    -16.165986    -16.165986
   3.66597    -16.165778    -16.165779
 
# Band-Index   32
   3.66597    -16.165741    -16.165741
   3.61017    -16.165681    -16.165682
   3.55437    -16.165442    -16.165443
   3.49857    -16.165048    -16.165048
   3.44277    -16.164511    -16.164511
   3.38696    -16.163858    -16.163858
   3.33116    -16.163117    -16.163117
   3.27536    -16.162325    -16.162326
   3.21956    -16.161535    -16.161535
   3.16376    -16.160842    -16.160843
   3.10796    -16.160517    -16.160517
   3.10796    -16.160517    -16.160517
   3.05106    -16.160873    -16.160873
   2.99416    -16.161681    -16.161681
   2.93726    -16.162687    -16.162688
   2.88036    -16.163786    -16.163786
   2.82346    -16.164909    -16.164909
   2.76656    -16.166032    -16.166032
   2.70966    -16.167147    -16.167147
   2.65276    -16.168234    -16.168234
   2.59586    -16.169262    -16.169262
   2.53896    -16.170169    -16.170169
   2.53896    -16.169659    -16.169660
   2.48379    -16.168704    -16.168704
   2.42861    -16.167558    -16.167558
   2.37344    -16.166334    -16.166334
   2.31826    -16.165110    -16.165110
   2.26309    -16.163973    -16.163973
   2.20791    -16.162971    -16.162971
   2.15274    -16.162132    -16.162133
   2.09756    -16.161454    -16.161455
   2.04239    -16.160945    -16.160945
   1.98722    -16.160624    -16.160625
   1.93204    -16.160517    -16.160517
   1.93204    -16.160517    -16.160517
   1.87761    -16.160758    -16.160758
   1.82319    -16.161334    -16.161334
   1.76876    -16.162073    -16.162073
   1.71433    -16.162897    -16.162897
   1.65991    -16.163767    -16.163767
   1.60548    -16.164662    -16.164662
   1.55105    -16.165555    -16.165555
   1.49663    -16.166397    -16.166397
   1.44220    -16.167121    -16.167121
   1.38777    -16.167671    -16.167671
   1.33334    -16.168038    -16.168038
   1.27892    -16.168239    -16.168239
   1.22449    -16.168296    -16.168296
   1.22449    -16.162977    -16.162978
   1.16198    -16.162894    -16.162894
   1.09947    -16.162639    -16.162639
   1.03696    -16.162236    -16.162236
   0.97444    -16.161698    -16.161698
   0.91193    -16.161134    -16.161135
   0.84942    -16.160689    -16.160689
   0.78691    -16.160517    -16.160517
   0.78691    -16.160517    -16.160517
   0.72645    -16.160644    -16.160644
   0.66599    -16.161022    -16.161022
   0.60553    -16.161639    -16.161640
   0.54507    -16.162475    -16.162475
   0.48462    -16.163476    -16.163476
   0.42416    -16.164625    -16.164625
   0.36370    -16.165865    -16.165865
   0.36370    -16.168160    -16.168160
   0.30308    -16.166824    -16.166824
   0.24247    -16.165384    -16.165384
   0.18185    -16.163911    -16.163912
   0.12123    -16.162480    -16.162480
   0.06062    -16.161198    -16.161198
   0.00000    -16.160517    -16.160517
 
# Band-Index   33
   0.00000    -16.158240    -16.158240
   0.06062    -16.157616    -16.157617
   0.12123    -16.156495    -16.156495
   0.18185    -16.155302    -16.155303
   0.24247    -16.154124    -16.154124
   0.30308    -16.152997    -16.152997
   0.36370    -16.151968    -16.151968
   0.36370    -16.153142    -16.153143
   0.42416    -16.154165    -16.154166
   0.48462    -16.155202    -16.155202
   0.54507    -16.156178    -16.156178
   0.60553    -16.157017    -16.157017
   0.66599    -16.157673    -16.157674
   0.72645    -16.158096    -16.158096
   0.78691    -16.158240    -16.158240
   0.78691    -16.158240    -16.158240
   0.84942    -16.158065    -16.158065
   0.91193    -16.157609    -16.157609
   0.97444    -16.157035    -16.157035
   1.03696    -16.156493    -16.156493
   1.09947    -16.156057    -16.156057
   1.16198    -16.155791    -16.155791
   1.22449    -16.155702    -16.155703
   1.22449    -16.151241    -16.151241
   1.27892    -16.151319    -16.151319
   1.33334    -16.151590    -16.151590
   1.38777    -16.152030    -16.152030
   1.44220    -16.152604    -16.152604
   1.49663    -16.153260    -16.153260
   1.55105    -16.153945    -16.153945
   1.60548    -16.154622    -16.154622
   1.65991    -16.155291    -16.155291
   1.71433    -16.155984    -16.155984
   1.76876    -16.156703    -16.156703
   1.82319    -16.157409    -16.157409
   1.87761    -16.157991    -16.157991
   1.93204    -16.158240    -16.158240
   1.93204    -16.158240    -16.158240
   1.98722    -16.158101    -16.158101
   2.04239    -16.157714    -16.157714
   2.09756    -16.157143    -16.157144
   2.15274    -16.156458    -16.156458
   2.20791    -16.155702    -16.155702
   2.26309    -16.154900    -16.154901
   2.31826    -16.154057    -16.154057
   2.37344    -16.153185    -16.153185
   2.42861    -16.152314    -16.152315
   2.48379    -16.151500    -16.151501
   2.53896    -16.150799    -16.150799
   2.53896    -16.149815    -16.149816
   2.59586    -16.150513    -16.150514
   2.65276    -16.151356    -16.151356
   2.70966    -16.152281    -16.152281
   2.76656    -16.153246    -16.153246
   2.82346    -16.154241    -16.154241
   2.88036    -16.155245    -16.155245
   2.93726    -16.156231    -16.156231
   2.99416    -16.157152    -16.157152
   3.05106    -16.157903    -16.157904
   3.10796    -16.158240    -16.158240
   3.10796    -16.158240    -16.158240
   3.16376    -16.157926    -16.157926
   3.21956    -16.157282    -16.157282
   3.27536    -16.156600    -16.156600
   3.33116    -16.155998    -16.155998
   3.38696    -16.155526    -16.155526
   3.44277    -16.155197    -16.155197
   3.49857    -16.154991    -16.154991
   3.55437    -16.154884    -16.154884
   3.61017    -16.154838    -16.154838
   3.66597    -16.154837    -16.154838
 
# Band-Index   34
   3.66597    -16.154801    -16.154801
   3.61017    -16.154566    -16.154566
   3.55437    -16.153889    -16.153889
   3.49857    -16.152961    -16.152961
   3.44277    -16.151961    -16.151961
   3.38696    -16.151021    -16.151021
   3.33116    -16.150226    -16.150226
   3.27536    -16.149608    -16.149608
   3.21956    -16.149180    -16.149180
   3.16376    -16.148930    -16.148931
   3.10796    -16.148852    -16.148852
   3.10796    -16.148852    -16.148852
   3.05106    -16.148801    -16.148801
   2.99416    -16.148679    -16.148679
   2.93726    -16.148541    -16.148541
   2.88036    -16.148444    -16.148444
   2.82346    -16.148412    -16.148412
   2.76656    -16.148456    -16.148457
   2.70966    -16.148594    -16.148594
   2.65276    -16.148843    -16.148843
   2.59586    -16.149237    -16.149237
   2.53896    -16.149781    -16.149781
   2.53896    -16.150760    -16.150760
   2.48379    -16.150170    -16.150170
   2.42861    -16.149687    -16.149688
   2.37344    -16.149318    -16.149318
   2.31826    -16.149034    -16.149034
   2.26309    -16.148831    -16.148831
   2.20791    -16.148707    -16.148707
   2.15274    -16.148655    -16.148655
   2.09756    -16.148675    -16.148675
   2.04239    -16.148743    -16.148743
   1.98722    -16.148817    -16.148817
   1.93204    -16.148852    -16.148852
   1.93204    -16.148852    -16.148852
   1.87761    -16.148847    -16.148847
   1.82319    -16.148857    -16.148857
   1.76876    -16.148927    -16.148928
   1.71433    -16.149089    -16.149089
   1.65991    -16.149332    -16.149332
   1.60548    -16.149626    -16.149626
   1.55105    -16.149930    -16.149930
   1.49663    -16.150231    -16.150232
   1.44220    -16.150522    -16.150522
   1.38777    -16.150787    -16.150787
   1.33334    -16.151010    -16.151010
   1.27892    -16.151160    -16.151160
   1.22449    -16.151203    -16.151203
   1.22449    -16.146474    -16.146474
   1.16198    -16.146553    -16.146553
   1.09947    -16.146805    -16.146805
   1.03696    -16.147215    -16.147215
   0.97444    -16.147720    -16.147720
   0.91193    -16.148256    -16.148256
   0.84942    -16.148687    -16.148687
   0.78691    -16.148852    -16.148852
   0.78691    -16.148852    -16.148852
   0.72645    -16.148951    -16.148951
   0.66599    -16.149250    -16.149250
   0.60553    -16.149737    -16.149737
   0.54507    -16.150402    -16.150402
   0.48462    -16.151200    -16.151200
   0.42416    -16.152115    -16.152115
   0.36370    -16.153104    -16.153104
   0.36370    -16.151936    -16.151936
   0.30308    -16.151028    -16.151028
   0.24247    -16.150251    -16.150251
   0.18185    -16.149641    -16.149641
   0.12123    -16.149202    -16.149202
   0.06062    -16.148939    -16.148939
   0.00000    -16.148852    -16.148852
 
# Band-Index   35
   0.00000    -16.082118    -16.082118
   0.06062    -16.082080    -16.082080
   0.12123    -16.081969    -16.081969
   0.18185    -16.081806    -16.081806
   0.24247    -16.081613    -16.081613
   0.30308    -16.081430    -16.081431
   0.36370    -16.081288    -16.081288
   0.36370    -16.080798    -16.080798
   0.42416    -16.080899    -16.080899
   0.48462    -16.081099    -16.081099
   0.54507    -16.081360    -16.081360
   0.60553    -16.081636    -16.081636
   0.66599    -16.081882    -16.081883
   0.72645    -16.082056    -16.082056
   0.78691    -16.082118    -16.082118
   0.78691    -16.082118    -16.082118
   0.84942    -16.081909    -16.081909
   0.91193    -16.082407    -16.082407
   0.97444    -16.083766    -16.083766
   1.03696    -16.085284    -16.085285
   1.09947    -16.086654    -16.086654
   1.16198    -16.087604    -16.087604
   1.22449    -16.087947    -16.087948
   1.22449    -16.082279    -16.082279
   1.27892    -16.082359    -16.082359
   1.33334    -16.082633    -16.082633
   1.38777    -16.083022    -16.083023
   1.44220    -16.083445    -16.083445
   1.49663    -16.083800    -16.083800
   1.55105    -16.083988    -16.083988
   1.60548    -16.083938    -16.083938
   1.65991    -16.083621    -16.083621
   1.71433    -16.083078    -16.083078
   1.76876    -16.082412    -16.082412
   1.82319    -16.081778    -16.081778
   1.87761    -16.081969    -16.081969
   1.93204    -16.082118    -16.082118
   1.93204    -16.082118    -16.082118
   1.98722    -16.081921    -16.081922
   2.04239    -16.082046    -16.082046
   2.09756    -16.082993    -16.082993
   2.15274    -16.084015    -16.084015
   2.20791    -16.084885    -16.084885
   2.26309    -16.085390    -16.085390
   2.31826    -16.085390    -16.085390
   2.37344    -16.084854    -16.084855
   2.42861    -16.083837    -16.083837
   2.48379    -16.082512    -16.082512
   2.53896    -16.081099    -16.081099
   2.53896    -16.082806    -16.082806
   2.59586    -16.083514    -16.083514
   2.65276    -16.084039    -16.084039
   2.70966    -16.084265    -16.084265
   2.76656    -16.084147    -16.084147
   2.82346    -16.083728    -16.083728
   2.88036    -16.083097    -16.083098
   2.93726    -16.082387    -16.082387
   2.99416    -16.081761    -16.081761
   3.05106    -16.082002    -16.082002
   3.10796    -16.082118    -16.082118
   3.10796    -16.082118    -16.082118
   3.16376    -16.082074    -16.082075
   3.21956    -16.081963    -16.081963
   3.27536    -16.081805    -16.081806
   3.33116    -16.081610    -16.081610
   3.38696    -16.081362    -16.081362
   3.44277    -16.081059    -16.081059
   3.49857    -16.080732    -16.080732
   3.55437    -16.080435    -16.080435
   3.61017    -16.080227    -16.080228
   3.66597    -16.080153    -16.080153
 
# Band-Index   36
   3.66597    -16.080113    -16.080113
   3.61017    -16.080125    -16.080125
   3.55437    -16.080158    -16.080158
   3.49857    -16.080230    -16.080231
   3.44277    -16.080356    -16.080356
   3.38696    -16.080531    -16.080531
   3.33116    -16.080734    -16.080734
   3.27536    -16.080924    -16.080924
   3.21956    -16.081056    -16.081056
   3.16376    -16.081123    -16.081123
   3.10796    -16.081144    -16.081144
   3.10796    -16.081144    -16.081144
   3.05106    -16.081300    -16.081300
   2.99416    -16.081671    -16.081671
   2.93726    -16.081251    -16.081251
   2.88036    -16.080834    -16.080834
   2.82346    -16.080553    -16.080553
   2.76656    -16.080510    -16.080511
   2.70966    -16.080759    -16.080759
   2.65276    -16.081275    -16.081275
   2.59586    -16.081989    -16.081989
   2.53896    -16.082765    -16.082765
   2.53896    -16.081060    -16.081060
   2.48379    -16.079740    -16.079741
   2.42861    -16.078687    -16.078688
   2.37344    -16.078049    -16.078049
   2.31826    -16.077865    -16.077865
   2.26309    -16.078130    -16.078130
   2.20791    -16.078767    -16.078767
   2.15274    -16.079632    -16.079632
   2.09756    -16.080555    -16.080555
   2.04239    -16.081366    -16.081366
   1.98722    -16.081378    -16.081378
   1.93204    -16.081144    -16.081144
   1.93204    -16.081144    -16.081144
   1.87761    -16.081310    -16.081311
   1.82319    -16.081546    -16.081546
   1.76876    -16.080942    -16.080942
   1.71433    -16.080271    -16.080271
   1.65991    -16.079674    -16.079674
   1.60548    -16.079289    -16.079290
   1.55105    -16.079206    -16.079206
   1.49663    -16.079463    -16.079463
   1.44220    -16.080023    -16.080023
   1.38777    -16.080761    -16.080761
   1.33334    -16.081501    -16.081501
   1.27892    -16.082049    -16.082049
   1.22449    -16.082238    -16.082238
   1.22449    -16.077912    -16.077912
   1.16198    -16.078116    -16.078116
   1.09947    -16.078699    -16.078699
   1.03696    -16.079540    -16.079540
   0.97444    -16.080469    -16.080469
   0.91193    -16.081318    -16.081319
   0.84942    -16.081473    -16.081473
   0.78691    -16.081144    -16.081144
   0.78691    -16.081144    -16.081144
   0.72645    -16.081119    -16.081119
   0.66599    -16.081051    -16.081051
   0.60553    -16.080957    -16.080958
   0.54507    -16.080858    -16.080858
   0.48462    -16.080772    -16.080772
   0.42416    -16.080737    -16.080738
   0.36370    -16.080758    -16.080758
   0.36370    -16.081247    -16.081247
   0.30308    -16.081158    -16.081158
   0.24247    -16.081100    -16.081101
   0.18185    -16.081093    -16.081093
   0.12123    -16.081113    -16.081113
   0.06062    -16.081134    -16.081134
   0.00000    -16.081144    -16.081144
 
# Band-Index   37
   0.00000    -12.067761    -12.067760
   0.06062    -12.057093    -12.057092
   0.12123    -12.025323    -12.025322
   0.18185    -11.973271    -11.973270
   0.24247    -11.902282    -11.902281
   0.30308    -11.814172    -11.814172
   0.36370    -11.711276    -11.711273
   0.36370    -11.571801    -11.571802
   0.42416    -11.690766    -11.690765
   0.48462    -11.798819    -11.798817
   0.54507    -11.892002    -11.892001
   0.60553    -11.967332    -11.967331
   0.66599    -12.022644    -12.022643
   0.72645    -12.056417    -12.056416
   0.78691    -12.067761    -12.067760
   0.78691    -12.067760    -12.067760
   0.84942    -12.056264    -12.056263
   0.91193    -12.022429    -12.022428
   0.97444    -11.968513    -11.968512
   1.03696    -11.899009    -11.899006
   1.09947    -11.822375    -11.822373
   1.16198    -11.755294    -11.755292
   1.22449    -11.726443    -11.726442
   1.22449    -11.394929    -11.394928
   1.27892    -11.402389    -11.402388
   1.33334    -11.425711    -11.425710
   1.38777    -11.466814    -11.466813
   1.44220    -11.526259    -11.526258
   1.49663    -11.601085    -11.601084
   1.55105    -11.685150    -11.685150
   1.60548    -11.771361    -11.771362
   1.65991    -11.853402    -11.853404
   1.71433    -11.926310    -11.926309
   1.76876    -11.986400    -11.986399
   1.82319    -12.031054    -12.031053
   1.87761    -12.058510    -12.058509
   1.93204    -12.067761    -12.067760
   1.93204    -12.067760    -12.067752
   1.98722    -12.058017    -12.058016
   2.04239    -12.029168    -12.029167
   2.09756    -11.982478    -11.982476
   2.15274    -11.920148    -11.920147
   2.20791    -11.845411    -11.845408
   2.26309    -11.762706    -11.762703
   2.31826    -11.677760    -11.677759
   2.37344    -11.597128    -11.597127
   2.42861    -11.526423    -11.526422
   2.48379    -11.467481    -11.467480
   2.53896    -11.417191    -11.417190
   2.53896    -11.538337    -11.538336
   2.59586    -11.578054    -11.578052
   2.65276    -11.632673    -11.632672
   2.70966    -11.701241    -11.701240
   2.76656    -11.777655    -11.777654
   2.82346    -11.854534    -11.854533
   2.88036    -11.925377    -11.925383
   2.93726    -11.985180    -11.985179
   2.99416    -12.030298    -12.030296
   3.05106    -12.058289    -12.058289
   3.10796    -12.067760    -12.067760
   3.10796    -12.067761    -12.067759
   3.16376    -12.058362    -12.058362
   3.21956    -12.030377    -12.030377
   3.27536    -11.984555    -11.984553
   3.33116    -11.922206    -11.922206
   3.38696    -11.845329    -11.845328
   3.44277    -11.756949    -11.756948
   3.49857    -11.661910    -11.661909
   3.55437    -11.568744    -11.568742
   3.61017    -11.493629    -11.493627
   3.66597    -11.462942    -11.462941
 
# Band-Index   38
   3.66597    -11.462925    -11.462924
   3.61017    -11.456906    -11.456905
   3.55437    -11.438905    -11.438904
   3.49857    -11.409209    -11.409208
   3.44277    -11.368329    -11.368328
   3.38696    -11.317078    -11.317077
   3.33116    -11.256672    -11.256671
   3.27536    -11.188834    -11.188833
   3.21956    -11.115983    -11.115982
   3.16376    -11.042125    -11.042124
   3.10796    -10.989346    -10.989345
   3.10796    -10.989346    -10.989345
   3.05106    -11.041099    -11.041098
   2.99416    -11.116463    -11.116462
   2.93726    -11.193152    -11.193151
   2.88036    -11.266282    -11.266280
   2.82346    -11.332661    -11.332660
   2.76656    -11.390161    -11.390160
   2.70966    -11.437765    -11.437763
   2.65276    -11.475899    -11.475897
   2.59586    -11.507304    -11.507303
   2.53896    -11.538327    -11.538326
   2.53896    -11.417176    -11.417174
   2.48379    -11.369927    -11.369926
   2.42861    -11.320986    -11.320985
   2.37344    -11.268131    -11.268130
   2.31826    -11.211776    -11.211774
   2.26309    -11.154622    -11.154621
   2.20791    -11.101087    -11.101086
   2.15274    -11.056099    -11.056098
   2.09756    -11.023164    -11.023163
   2.04239    -11.002703    -11.002702
   1.98722    -10.992381    -10.992380
   1.93204    -10.989346    -10.989345
   1.93204    -10.989346    -10.989345
   1.87761    -11.024958    -11.024957
   1.82319    -11.078553    -11.078552
   1.76876    -11.131578    -11.131576
   1.71433    -11.180979    -11.180978
   1.65991    -11.225562    -11.225561
   1.60548    -11.264868    -11.264867
   1.55105    -11.298840    -11.298838
   1.49663    -11.327613    -11.327611
   1.44220    -11.351348    -11.351347
   1.38777    -11.370102    -11.370101
   1.33334    -11.383764    -11.383763
   1.27892    -11.392112    -11.392110
   1.22449    -11.394915    -11.394913
   1.22449    -11.242428    -11.242427
   1.16198    -11.213478    -11.213477
   1.09947    -11.147176    -11.147175
   1.03696    -11.074400    -11.074399
   0.97444    -11.012724    -11.012722
   0.91193    -10.997576    -10.997574
   0.84942    -10.991521    -10.991519
   0.78691    -10.989346    -10.989345
   0.78691    -10.989346    -10.989345
   0.72645    -11.002700    -11.002698
   0.66599    -11.043790    -11.043789
   0.60553    -11.113585    -11.113583
   0.54507    -11.209246    -11.209245
   0.48462    -11.323467    -11.323465
   0.42416    -11.447110    -11.447109
   0.36370    -11.571787    -11.571788
   0.36370    -11.711262    -11.711259
   0.30308    -11.596361    -11.596359
   0.24247    -11.472692    -11.472691
   0.18185    -11.343897    -11.343895
   0.12123    -11.213960    -11.213958
   0.06062    -11.087456    -11.087455
   0.00000    -10.989346    -10.989345
 
# Band-Index   39
   0.00000    -10.934784    -10.934783
   0.06062    -10.844879    -10.844878
   0.12123    -10.741748    -10.741746
   0.18185    -10.647002    -10.647000
   0.24247    -10.560605    -10.560603
   0.30308    -10.481766    -10.481764
   0.36370    -10.410039    -10.410038
   0.36370    -10.626533    -10.626532
   0.42416    -10.695635    -10.695633
   0.48462    -10.761864    -10.761862
   0.54507    -10.820764    -10.820763
   0.60553    -10.869254    -10.869252
   0.66599    -10.905233    -10.905232
   0.72645    -10.927333    -10.927332
   0.78691    -10.934784    -10.934783
   0.78691    -10.934784    -10.934783
   0.84942    -10.943116    -10.943115
   0.91193    -10.968723    -10.968721
   0.97444    -11.006228    -11.006227
   1.03696    -11.015700    -11.015698
   1.09947    -11.024118    -11.024116
   1.16198    -11.029883    -11.029881
   1.22449    -11.031929    -11.031928
   1.22449    -10.795025    -10.795024
   1.27892    -10.802808    -10.802808
   1.33334    -10.822684    -10.822684
   1.38777    -10.845523    -10.845522
   1.44220    -10.861294    -10.861293
   1.49663    -10.864635    -10.864634
   1.55105    -10.856402    -10.856401
   1.60548    -10.841804    -10.841804
   1.65991    -10.828308    -10.828307
   1.71433    -10.823954    -10.823953
   1.76876    -10.834946    -10.834945
   1.82319    -10.862822    -10.862820
   1.87761    -10.903176    -10.903175
   1.93204    -10.934784    -10.934783
   1.93204    -10.934784    -10.934783
   1.98722    -10.934887    -10.934886
   2.04239    -10.935906    -10.935905
   2.09756    -10.939562    -10.939561
   2.15274    -10.947386    -10.947384
   2.20791    -10.959009    -10.959008
   2.26309    -10.970987    -10.970985
   2.31826    -10.977047    -10.977046
   2.37344    -10.969745    -10.969744
   2.42861    -10.943228    -10.943227
   2.48379    -10.896398    -10.896396
   2.53896    -10.833764    -10.833763
   2.53896    -10.622332    -10.622331
   2.59586    -10.673574    -10.673572
   2.65276    -10.707821    -10.707820
   2.70966    -10.727875    -10.727873
   2.76656    -10.740339    -10.740337
   2.82346    -10.752582    -10.752580
   2.88036    -10.770654    -10.770652
   2.93726    -10.798759    -10.798758
   2.99416    -10.839150    -10.839149
   3.05106    -10.891097    -10.891096
   3.10796    -10.934784    -10.934783
   3.10796    -10.934784    -10.934783
   3.16376    -10.887944    -10.887942
   3.21956    -10.833286    -10.833284
   3.27536    -10.796182    -10.796181
   3.33116    -10.782398    -10.782395
   3.38696    -10.789911    -10.789909
   3.44277    -10.810423    -10.810421
   3.49857    -10.834856    -10.834854
   3.55437    -10.856455    -10.856453
   3.61017    -10.870951    -10.870949
   3.66597    -10.876033    -10.876032
 
# Band-Index   40
   3.66597    -10.876025    -10.876024
   3.61017    -10.843653    -10.843652
   3.55437    -10.764073    -10.764072
   3.49857    -10.665416    -10.665415
   3.44277    -10.566931    -10.566930
   3.38696    -10.482070    -10.482069
   3.33116    -10.422812    -10.422811
   3.27536    -10.390204    -10.390203
   3.21956    -10.366806    -10.366805
   3.16376    -10.345845    -10.345843
   3.10796    -10.335826    -10.335824
   3.10796    -10.335826    -10.335824
   3.05106    -10.339126    -10.339124
   2.99416    -10.346419    -10.346418
   2.93726    -10.355044    -10.355043
   2.88036    -10.365106    -10.365104
   2.82346    -10.376537    -10.376535
   2.76656    -10.387336    -10.387334
   2.70966    -10.415429    -10.415427
   2.65276    -10.484061    -10.484059
   2.59586    -10.556773    -10.556771
   2.53896    -10.622324    -10.622322
   2.53896    -10.833760    -10.833759
   2.48379    -10.762368    -10.762367
   2.42861    -10.688095    -10.688094
   2.37344    -10.614490    -10.614488
   2.31826    -10.543641    -10.543639
   2.26309    -10.477457    -10.477455
   2.20791    -10.418339    -10.418337
   2.15274    -10.368848    -10.368846
   2.09756    -10.340864    -10.340863
   2.04239    -10.340079    -10.340077
   1.98722    -10.337195    -10.337193
   1.93204    -10.335826    -10.335824
   1.93204    -10.335826    -10.335824
   1.87761    -10.336289    -10.336287
   1.82319    -10.337119    -10.337118
   1.76876    -10.338686    -10.338684
   1.71433    -10.373394    -10.373392
   1.65991    -10.428122    -10.428120
   1.60548    -10.489822    -10.489819
   1.55105    -10.554029    -10.554027
   1.49663    -10.616882    -10.616880
   1.44220    -10.674793    -10.674790
   1.38777    -10.724392    -10.724390
   1.33334    -10.762588    -10.762585
   1.27892    -10.786744    -10.786742
   1.22449    -10.795019    -10.795017
   1.22449    -10.401014    -10.401012
   1.16198    -10.399355    -10.399353
   1.09947    -10.394327    -10.394325
   1.03696    -10.385814    -10.385812
   0.97444    -10.373832    -10.373831
   0.91193    -10.358984    -10.358983
   0.84942    -10.343710    -10.343709
   0.78691    -10.335826    -10.335824
   0.78691    -10.335826    -10.335824
   0.72645    -10.356180    -10.356178
   0.66599    -10.394284    -10.394283
   0.60553    -10.431805    -10.431803
   0.54507    -10.466345    -10.466343
   0.48462    -10.506594    -10.506592
   0.42416    -10.560933    -10.560932
   0.36370    -10.626527    -10.626525
   0.36370    -10.410023    -10.410021
   0.30308    -10.345936    -10.345934
   0.24247    -10.308830    -10.308828
   0.18185    -10.317260    -10.317258
   0.12123    -10.326628    -10.326627
   0.06062    -10.333380    -10.333378
   0.00000    -10.335826    -10.335824
 
# Band-Index   41
   0.00000    -10.278096    -10.278095
   0.06062    -10.279000    -10.278999
   0.12123    -10.281156    -10.281155
   0.18185    -10.283533    -10.283531
   0.24247    -10.285915    -10.285913
   0.30308    -10.296731    -10.296729
   0.36370    -10.291313    -10.291311
   0.36370    -10.323245    -10.323243
   0.42416    -10.335025    -10.335024
   0.48462    -10.330880    -10.330878
   0.54507    -10.310345    -10.310343
   0.60553    -10.285311    -10.285310
   0.66599    -10.270297    -10.270295
   0.72645    -10.271274    -10.271273
   0.78691    -10.278096    -10.278095
   0.78691    -10.278096    -10.278095
   0.84942    -10.269918    -10.269917
   0.91193    -10.254211    -10.254209
   0.97444    -10.239619    -10.239617
   1.03696    -10.265317    -10.265315
   1.09947    -10.308237    -10.308236
   1.16198    -10.335434    -10.335433
   1.22449    -10.344635    -10.344633
   1.22449    -10.301227    -10.301226
   1.27892    -10.314225    -10.314224
   1.33334    -10.331264    -10.331262
   1.38777    -10.336147    -10.336145
   1.44220    -10.329007    -10.329005
   1.49663    -10.328863    -10.328861
   1.55105    -10.329003    -10.329001
   1.60548    -10.328621    -10.328619
   1.65991    -10.329591    -10.329589
   1.71433    -10.332024    -10.332022
   1.76876    -10.325457    -10.325455
   1.82319    -10.298345    -10.298343
   1.87761    -10.282892    -10.282890
   1.93204    -10.278096    -10.278095
   1.93204    -10.278096    -10.278095
   1.98722    -10.284282    -10.284280
   2.04239    -10.301886    -10.301884
   2.09756    -10.329461    -10.329459
   2.15274    -10.332754    -10.332752
   2.20791    -10.314920    -10.314919
   2.26309    -10.289279    -10.289278
   2.31826    -10.293214    -10.293212
   2.37344    -10.311096    -10.311094
   2.42861    -10.321705    -10.321703
   2.48379    -10.322491    -10.322489
   2.53896    -10.313080    -10.313078
   2.53896    -10.341525    -10.341523
   2.59586    -10.362518    -10.362516
   2.65276    -10.376882    -10.376881
   2.70966    -10.379410    -10.379409
   2.76656    -10.340804    -10.340803
   2.82346    -10.293405    -10.293403
   2.88036    -10.266670    -10.266668
   2.93726    -10.261235    -10.261233
   2.99416    -10.266326    -10.266324
   3.05106    -10.274181    -10.274179
   3.10796    -10.278096    -10.278095
   3.10796    -10.278096    -10.278095
   3.16376    -10.274382    -10.274380
   3.21956    -10.273456    -10.273454
   3.27536    -10.286343    -10.286342
   3.33116    -10.303379    -10.303378
   3.38696    -10.302165    -10.302163
   3.44277    -10.283430    -10.283429
   3.49857    -10.258503    -10.258502
   3.55437    -10.235164    -10.235163
   3.61017    -10.218565    -10.218564
   3.66597    -10.212500    -10.212499
 
# Band-Index   42
   3.66597    -10.212492    -10.212490
   3.61017    -10.212224    -10.212222
   3.55437    -10.211418    -10.211416
   3.49857    -10.210139    -10.210137
   3.44277    -10.208539    -10.208536
   3.38696    -10.206865    -10.206863
   3.33116    -10.205097    -10.205095
   3.27536    -10.201614    -10.201612
   3.21956    -10.192884    -10.192882
   3.16376    -10.181332    -10.181330
   3.10796    -10.175991    -10.175989
   3.10796    -10.175991    -10.175989
   3.05106    -10.178924    -10.178922
   2.99416    -10.188005    -10.188004
   2.93726    -10.203423    -10.203422
   2.88036    -10.222416    -10.222414
   2.82346    -10.237909    -10.237908
   2.76656    -10.251926    -10.251924
   2.70966    -10.269968    -10.269966
   2.65276    -10.292355    -10.292354
   2.59586    -10.317120    -10.317118
   2.53896    -10.341524    -10.341523
   2.53896    -10.313077    -10.313075
   2.48379    -10.295572    -10.295570
   2.42861    -10.275072    -10.275070
   2.37344    -10.260965    -10.260963
   2.31826    -10.266100    -10.266098
   2.26309    -10.272543    -10.272542
   2.20791    -10.253912    -10.253910
   2.15274    -10.237587    -10.237586
   2.09756    -10.219624    -10.219622
   2.04239    -10.199719    -10.199717
   1.98722    -10.182837    -10.182835
   1.93204    -10.175991    -10.175989
   1.93204    -10.175991    -10.175989
   1.87761    -10.182368    -10.182366
   1.82319    -10.197417    -10.197415
   1.76876    -10.213209    -10.213208
   1.71433    -10.226410    -10.226409
   1.65991    -10.241016    -10.241015
   1.60548    -10.261102    -10.261101
   1.55105    -10.285182    -10.285181
   1.49663    -10.308676    -10.308675
   1.44220    -10.324198    -10.324197
   1.38777    -10.319858    -10.319856
   1.33334    -10.312033    -10.312032
   1.27892    -10.304495    -10.304493
   1.22449    -10.301220    -10.301218
   1.22449    -10.217427    -10.217425
   1.16198    -10.218530    -10.218529
   1.09947    -10.222110    -10.222109
   1.03696    -10.228882    -10.228881
   0.97444    -10.213648    -10.213647
   0.91193    -10.179745    -10.179743
   0.84942    -10.176428    -10.176426
   0.78691    -10.175991    -10.175989
   0.78691    -10.175991    -10.175989
   0.72645    -10.181985    -10.181984
   0.66599    -10.197934    -10.197932
   0.60553    -10.220450    -10.220448
   0.54507    -10.246868    -10.246866
   0.48462    -10.274791    -10.274789
   0.42416    -10.301463    -10.301461
   0.36370    -10.323235    -10.323233
   0.36370    -10.291311    -10.291310
   0.30308    -10.287863    -10.287862
   0.24247    -10.285626    -10.285624
   0.18185    -10.240742    -10.240740
   0.12123    -10.205558    -10.205557
   0.06062    -10.183506    -10.183505
   0.00000    -10.175991    -10.175989
 
# Band-Index   43
   0.00000    -10.104066    -10.104064
   0.06062    -10.101429    -10.101428
   0.12123    -10.094908    -10.094906
   0.18185    -10.087598    -10.087596
   0.24247    -10.082303    -10.082302
   0.30308    -10.081562    -10.081560
   0.36370    -10.080554    -10.080552
   0.36370    -10.082551    -10.082550
   0.42416    -10.083391    -10.083389
   0.48462    -10.085100    -10.085099
   0.54507    -10.087928    -10.087926
   0.60553    -10.091982    -10.091980
   0.66599    -10.097011    -10.097009
   0.72645    -10.101867    -10.101865
   0.78691    -10.104066    -10.104064
   0.78691    -10.104066    -10.104064
   0.84942    -10.117924    -10.117922
   0.91193    -10.153423    -10.153421
   0.97444    -10.172215    -10.172213
   1.03696    -10.174055    -10.174053
   1.09947    -10.174647    -10.174645
   1.16198    -10.174920    -10.174918
   1.22449    -10.175003    -10.175001
   1.22449    -10.204474    -10.204474
   1.27892    -10.200237    -10.200236
   1.33334    -10.189784    -10.189783
   1.38777    -10.176953    -10.176952
   1.44220    -10.164268    -10.164267
   1.49663    -10.152712    -10.152711
   1.55105    -10.142172    -10.142171
   1.60548    -10.132022    -10.132020
   1.65991    -10.124155    -10.124154
   1.71433    -10.121899    -10.121898
   1.76876    -10.115391    -10.115389
   1.82319    -10.108653    -10.108651
   1.87761    -10.104959    -10.104957
   1.93204    -10.104066    -10.104064
   1.93204    -10.104066    -10.104064
   1.98722    -10.106113    -10.106111
   2.04239    -10.113564    -10.113562
   2.09756    -10.127136    -10.127135
   2.15274    -10.143638    -10.143636
   2.20791    -10.155542    -10.155540
   2.26309    -10.154752    -10.154750
   2.31826    -10.152229    -10.152227
   2.37344    -10.143789    -10.143787
   2.42861    -10.121954    -10.121952
   2.48379    -10.100918    -10.100916
   2.53896    -10.089226    -10.089225
   2.53896    -10.110218    -10.110216
   2.59586    -10.130723    -10.130721
   2.65276    -10.150506    -10.150504
   2.70966    -10.166770    -10.166769
   2.76656    -10.176270    -10.176268
   2.82346    -10.175814    -10.175812
   2.88036    -10.164526    -10.164524
   2.93726    -10.145776    -10.145774
   2.99416    -10.125482    -10.125480
   3.05106    -10.109900    -10.109898
   3.10796    -10.104066    -10.104064
   3.10796    -10.104066    -10.104064
   3.16376    -10.102105    -10.102103
   3.21956    -10.097909    -10.097907
   3.27536    -10.093464    -10.093462
   3.33116    -10.089111    -10.089109
   3.38696    -10.085029    -10.085027
   3.44277    -10.082497    -10.082496
   3.49857    -10.081757    -10.081756
   3.55437    -10.081514    -10.081513
   3.61017    -10.081417    -10.081416
   3.66597    -10.081390    -10.081389
 
# Band-Index   44
   3.66597    -10.081376    -10.081373
   3.61017    -10.080515    -10.080513
   3.55437    -10.078960    -10.078957
   3.49857    -10.078468    -10.078465
   3.44277    -10.079593    -10.079590
   3.38696    -10.080650    -10.080648
   3.33116    -10.080637    -10.080636
   3.27536    -10.079680    -10.079678
   3.21956    -10.077861    -10.077860
   3.16376    -10.076018    -10.076016
   3.10796    -10.075252    -10.075251
   3.10796    -10.075252    -10.075251
   3.05106    -10.074246    -10.074245
   2.99416    -10.071513    -10.071511
   2.93726    -10.067713    -10.067711
   2.88036    -10.063752    -10.063751
   2.82346    -10.061004    -10.061003
   2.76656    -10.061263    -10.061261
   2.70966    -10.066112    -10.066110
   2.65276    -10.076276    -10.076274
   2.59586    -10.091408    -10.091406
   2.53896    -10.110212    -10.110210
   2.53896    -10.089226    -10.089224
   2.48379    -10.089704    -10.089703
   2.42861    -10.101426    -10.101424
   2.37344    -10.120523    -10.120521
   2.31826    -10.140850    -10.140849
   2.26309    -10.144577    -10.144576
   2.20791    -10.130680    -10.130678
   2.15274    -10.115462    -10.115460
   2.09756    -10.100417    -10.100415
   2.04239    -10.087290    -10.087288
   1.98722    -10.078376    -10.078374
   1.93204    -10.075252    -10.075251
   1.93204    -10.075252    -10.075251
   1.87761    -10.077655    -10.077654
   1.82319    -10.084548    -10.084547
   1.76876    -10.094868    -10.094867
   1.71433    -10.106763    -10.106761
   1.65991    -10.116462    -10.116460
   1.60548    -10.110804    -10.110802
   1.55105    -10.098835    -10.098833
   1.49663    -10.091785    -10.091783
   1.44220    -10.096319    -10.096317
   1.38777    -10.115317    -10.115315
   1.33334    -10.147219    -10.147217
   1.27892    -10.184169    -10.184167
   1.22449    -10.204460    -10.204457
   1.22449    -10.011317    -10.011316
   1.16198    -10.014788    -10.014786
   1.09947    -10.024423    -10.024421
   1.03696    -10.038030    -10.038028
   0.97444    -10.052493    -10.052491
   0.91193    -10.064708    -10.064707
   0.84942    -10.072576    -10.072575
   0.78691    -10.075252    -10.075251
   0.78691    -10.075252    -10.075251
   0.72645    -10.076252    -10.076250
   0.66599    -10.078537    -10.078535
   0.60553    -10.080650    -10.080648
   0.54507    -10.081795    -10.081793
   0.48462    -10.082157    -10.082155
   0.42416    -10.082251    -10.082250
   0.36370    -10.082539    -10.082536
   0.36370    -10.080541    -10.080538
   0.30308    -10.080191    -10.080189
   0.24247    -10.081607    -10.081606
   0.18185    -10.080195    -10.080193
   0.12123    -10.077959    -10.077957
   0.06062    -10.076012    -10.076010
   0.00000    -10.075252    -10.075251
 
# Band-Index   45
   0.00000     -6.399374     -6.399374
   0.06062     -6.385530     -6.385530
   0.12123     -6.345010     -6.345010
   0.18185     -6.280764     -6.280764
   0.24247     -6.197418     -6.197418
   0.30308     -6.100968     -6.100968
   0.36370     -5.998308     -5.998308
   0.36370     -5.678357     -5.678356
   0.42416     -5.792118     -5.792118
   0.48462     -5.926290     -5.926290
   0.54507     -6.067063     -6.067063
   0.60553     -6.198469     -6.198469
   0.66599     -6.305348     -6.305348
   0.72645     -6.375123     -6.375123
   0.78691     -6.399374     -6.399374
   0.78691     -6.399374     -6.399374
   0.84942     -6.397264     -6.397264
   0.91193     -6.390571     -6.390571
   0.97444     -6.378484     -6.378484
   1.03696     -6.360529     -6.360529
   1.09947     -6.338028     -6.338028
   1.16198     -6.316552     -6.316552
   1.22449     -6.307005     -6.307005
   1.22449     -5.531318     -5.531318
   1.27892     -5.563909     -5.563909
   1.33334     -5.628752     -5.628752
   1.38777     -5.701383     -5.701382
   1.44220     -5.777195     -5.777195
   1.49663     -5.856318     -5.856318
   1.55105     -5.939660     -5.939660
   1.60548     -6.027204     -6.027204
   1.65991     -6.116873     -6.116873
   1.71433     -6.204130     -6.204130
   1.76876     -6.282545     -6.282545
   1.82319     -6.345059     -6.345059
   1.87761     -6.385421     -6.385421
   1.93204     -6.399374     -6.399374
   1.93204     -6.399374     -6.399374
   1.98722     -6.384051     -6.384051
   2.04239     -6.340399     -6.340399
   2.09756     -6.274760     -6.274760
   2.15274     -6.195706     -6.195706
   2.20791     -6.111564     -6.111564
   2.26309     -6.028237     -6.028237
   2.31826     -5.948368     -5.948368
   2.37344     -5.872594     -5.872594
   2.42861     -5.801902     -5.801902
   2.48379     -5.737497     -5.737497
   2.53896     -5.675373     -5.675373
   2.53896     -6.042489     -6.042489
   2.59586     -6.070083     -6.070083
   2.65276     -6.106667     -6.106667
   2.70966     -6.152882     -6.152883
   2.76656     -6.204945     -6.204945
   2.82346     -6.257533     -6.257533
   2.88036     -6.305700     -6.305700
   2.93726     -6.345737     -6.345738
   2.99416     -6.375334     -6.375334
   3.05106     -6.393345     -6.393346
   3.10796     -6.399374     -6.399374
   3.10796     -6.399374     -6.399374
   3.16376     -6.382417     -6.382417
   3.21956     -6.332337     -6.332338
   3.27536     -6.251498     -6.251498
   3.33116     -6.143832     -6.143832
   3.38696     -6.014873     -6.014873
   3.44277     -5.871842     -5.871843
   3.49857     -5.723921     -5.723921
   3.55437     -5.582743     -5.582743
   3.61017     -5.464835     -5.464835
   3.66597     -5.409174     -5.409174
 
# Band-Index   46
   3.66597     -5.409166     -5.409166
   3.61017     -5.424679     -5.424678
   3.55437     -5.461341     -5.461341
   3.49857     -5.502700     -5.502700
   3.44277     -5.538234     -5.538234
   3.38696     -5.563576     -5.563576
   3.33116     -5.578512     -5.578512
   3.27536     -5.585435     -5.585435
   3.21956     -5.587833     -5.587833
   3.16376     -5.588589     -5.588589
   3.10796     -5.588827     -5.588827
   3.10796     -5.588827     -5.588827
   3.05106     -5.603302     -5.603302
   2.99416     -5.643590     -5.643590
   2.93726     -5.701793     -5.701793
   2.88036     -5.768538     -5.768538
   2.82346     -5.835500     -5.835500
   2.76656     -5.896483     -5.896483
   2.70966     -5.947673     -5.947673
   2.65276     -5.987631     -5.987631
   2.59586     -6.017624     -6.017624
   2.53896     -6.042486     -6.042486
   2.53896     -5.675367     -5.675367
   2.48379     -5.606588     -5.606588
   2.42861     -5.579324     -5.579324
   2.37344     -5.589756     -5.589756
   2.31826     -5.584502     -5.584503
   2.26309     -5.573834     -5.573834
   2.20791     -5.565501     -5.565501
   2.15274     -5.563693     -5.563693
   2.09756     -5.568707     -5.568707
   2.04239     -5.577552     -5.577552
   1.98722     -5.585609     -5.585609
   1.93204     -5.588827     -5.588827
   1.93204     -5.588827     -5.588827
   1.87761     -5.590117     -5.590117
   1.82319     -5.594425     -5.594425
   1.76876     -5.602630     -5.602630
   1.71433     -5.615276     -5.615276
   1.65991     -5.631702     -5.631702
   1.60548     -5.649424     -5.649424
   1.55105     -5.664157     -5.664157
   1.49663     -5.670596     -5.670596
   1.44220     -5.663736     -5.663737
   1.38777     -5.640502     -5.640502
   1.33334     -5.601721     -5.601722
   1.27892     -5.556151     -5.556151
   1.22449     -5.531307     -5.531307
   1.22449     -5.965553     -5.965553
   1.16198     -5.942859     -5.942860
   1.09947     -5.884080     -5.884080
   1.03696     -5.806395     -5.806396
   0.97444     -5.725277     -5.725277
   0.91193     -5.654464     -5.654464
   0.84942     -5.606051     -5.606051
   0.78691     -5.588827     -5.588827
   0.78691     -5.588827     -5.588827
   0.72645     -5.575987     -5.575987
   0.66599     -5.540588     -5.540588
   0.60553     -5.490466     -5.490466
   0.54507     -5.502152     -5.502152
   0.48462     -5.534924     -5.534924
   0.42416     -5.592516     -5.592516
   0.36370     -5.678355     -5.678355
   0.36370     -5.998300     -5.998301
   0.30308     -5.896497     -5.896497
   0.24247     -5.801761     -5.801761
   0.18185     -5.718764     -5.718764
   0.12123     -5.651457     -5.651457
   0.06062     -5.605539     -5.605539
   0.00000     -5.588827     -5.588827
 
# Band-Index   47
   0.00000     -5.491353     -5.491353
   0.06062     -5.475718     -5.475718
   0.12123     -5.429633     -5.429633
   0.18185     -5.355553     -5.355552
   0.24247     -5.257626     -5.257626
   0.30308     -5.142021     -5.142020
   0.36370     -5.017729     -5.017728
   0.36370     -5.240796     -5.240795
   0.42416     -5.312015     -5.312015
   0.48462     -5.375100     -5.375100
   0.54507     -5.433971     -5.433971
   0.60553     -5.488708     -5.488708
   0.66599     -5.487140     -5.487140
   0.72645     -5.489823     -5.489823
   0.78691     -5.491353     -5.491353
   0.78691     -5.491353     -5.491353
   0.84942     -5.461421     -5.461421
   0.91193     -5.377930     -5.377929
   0.97444     -5.258941     -5.258940
   1.03696     -5.131232     -5.131231
   1.09947     -5.022887     -5.022886
   1.16198     -4.952240     -4.952239
   1.22449     -4.924227     -4.924227
   1.22449     -5.347764     -5.347764
   1.27892     -5.319456     -5.319456
   1.33334     -5.263537     -5.263536
   1.38777     -5.209374     -5.209374
   1.44220     -5.170091     -5.170091
   1.49663     -5.152375     -5.152374
   1.55105     -5.159841     -5.159840
   1.60548     -5.193062     -5.193062
   1.65991     -5.247891     -5.247890
   1.71433     -5.315140     -5.315140
   1.76876     -5.383011     -5.383011
   1.82319     -5.440248     -5.440248
   1.87761     -5.478138     -5.478137
   1.93204     -5.491353     -5.491353
   1.93204     -5.491353     -5.491353
   1.98722     -5.477638     -5.477637
   2.04239     -5.439749     -5.439749
   2.09756     -5.387293     -5.387293
   2.15274     -5.335594     -5.335594
   2.20791     -5.303552     -5.303551
   2.26309     -5.309138     -5.309137
   2.31826     -5.359571     -5.359571
   2.37344     -5.439704     -5.439704
   2.42861     -5.526645     -5.526645
   2.48379     -5.544119     -5.544119
   2.53896     -5.484232     -5.484232
   2.53896     -4.785749     -4.785748
   2.59586     -4.798638     -4.798637
   2.65276     -4.837233     -4.837232
   2.70966     -4.902241     -4.902240
   2.76656     -4.991704     -4.991703
   2.82346     -5.099293     -5.099292
   2.88036     -5.214224     -5.214224
   2.93726     -5.323088     -5.323088
   2.99416     -5.412424     -5.412424
   3.05106     -5.470982     -5.470982
   3.10796     -5.491353     -5.491353
   3.10796     -5.491353     -5.491353
   3.16376     -5.484828     -5.484828
   3.21956     -5.465005     -5.465005
   3.27536     -5.432259     -5.432258
   3.33116     -5.388845     -5.388845
   3.38696     -5.338900     -5.338900
   3.44277     -5.288129     -5.288128
   3.49857     -5.243420     -5.243420
   3.55437     -5.211521     -5.211521
   3.61017     -5.195646     -5.195646
   3.66597     -5.191871     -5.191870
 
# Band-Index   48
   3.66597     -5.191862     -5.191861
   3.61017     -5.151948     -5.151948
   3.55437     -5.078948     -5.078947
   3.49857     -5.005651     -5.005651
   3.44277     -4.940755     -4.940754
   3.38696     -4.888025     -4.888025
   3.33116     -4.848376     -4.848376
   3.27536     -4.819996     -4.819995
   3.21956     -4.800292     -4.800292
   3.16376     -4.788157     -4.788156
   3.10796     -4.783980     -4.783979
   3.10796     -4.783980     -4.783979
   3.05106     -4.783042     -4.783041
   2.99416     -4.781535     -4.781535
   2.93726     -4.782138     -4.782137
   2.88036     -4.786392     -4.786391
   2.82346     -4.792933     -4.792932
   2.76656     -4.798067     -4.798066
   2.70966     -4.798554     -4.798553
   2.65276     -4.794179     -4.794179
   2.59586     -4.788265     -4.788264
   2.53896     -4.785743     -4.785742
   2.53896     -5.484228     -5.484228
   2.48379     -5.409829     -5.409829
   2.42861     -5.331908     -5.331907
   2.37344     -5.257424     -5.257424
   2.31826     -5.187187     -5.187187
   2.26309     -5.113709     -5.113708
   2.20791     -5.032669     -5.032669
   2.15274     -4.952311     -4.952311
   2.09756     -4.882076     -4.882075
   2.04239     -4.828386     -4.828385
   1.98722     -4.795150     -4.795149
   1.93204     -4.783980     -4.783979
   1.93204     -4.783980     -4.783979
   1.87761     -4.789444     -4.789443
   1.82319     -4.804987     -4.804987
   1.76876     -4.828448     -4.828447
   1.71433     -4.857483     -4.857482
   1.65991     -4.890915     -4.890914
   1.60548     -4.929539     -4.929539
   1.55105     -4.975662     -4.975662
   1.49663     -5.031345     -5.031344
   1.44220     -5.096593     -5.096593
   1.38777     -5.168977     -5.168977
   1.33334     -5.244083     -5.244083
   1.27892     -5.313109     -5.313109
   1.22449     -5.347757     -5.347756
   1.22449     -4.909948     -4.909947
   1.16198     -4.899475     -4.899475
   1.09947     -4.881871     -4.881871
   1.03696     -4.858248     -4.858248
   0.97444     -4.831772     -4.831771
   0.91193     -4.807389     -4.807388
   0.84942     -4.790185     -4.790184
   0.78691     -4.783980     -4.783979
   0.78691     -4.783980     -4.783979
   0.72645     -4.800791     -4.800790
   0.66599     -4.847758     -4.847757
   0.60553     -4.915845     -4.915844
   0.54507     -4.994826     -4.994825
   0.48462     -5.077855     -5.077854
   0.42416     -5.161277     -5.161276
   0.36370     -5.240789     -5.240789
   0.36370     -5.017718     -5.017718
   0.30308     -4.898359     -4.898358
   0.24247     -4.804157     -4.804156
   0.18185     -4.756103     -4.756102
   0.12123     -4.754533     -4.754532
   0.06062     -4.773547     -4.773546
   0.00000     -4.783980     -4.783979
 
# Band-Index   49
   0.00000     -3.742601     -3.742601
   0.06062     -3.830731     -3.830731
   0.12123     -3.952129     -3.952129
   0.18185     -4.036729     -4.036729
   0.24247     -4.057823     -4.057823
   0.30308     -4.012747     -4.012747
   0.36370     -3.921259     -3.921259
   0.36370     -3.911187     -3.911187
   0.42416     -3.986510     -3.986510
   0.48462     -4.024773     -4.024773
   0.54507     -4.022467     -4.022467
   0.60553     -3.980173     -3.980173
   0.66599     -3.898800     -3.898800
   0.72645     -3.779104     -3.779104
   0.78691     -3.742601     -3.742601
   0.78691     -3.742601     -3.742601
   0.84942     -3.737681     -3.737681
   0.91193     -3.723552     -3.723552
   0.97444     -3.707650     -3.707650
   1.03696     -3.676546     -3.676546
   1.09947     -3.650092     -3.650091
   1.16198     -3.625520     -3.625519
   1.22449     -3.606333     -3.606333
   1.22449     -3.293333     -3.293332
   1.27892     -3.350389     -3.350388
   1.33334     -3.398240     -3.398239
   1.38777     -3.440467     -3.440465
   1.44220     -3.492997     -3.492995
   1.49663     -3.575371     -3.575370
   1.55105     -3.674550     -3.674549
   1.60548     -3.764732     -3.764732
   1.65991     -3.829502     -3.829501
   1.71433     -3.861091     -3.861090
   1.76876     -3.857911     -3.857911
   1.82319     -3.823446     -3.823446
   1.87761     -3.770779     -3.770778
   1.93204     -3.742601     -3.742601
   1.93204     -3.742601     -3.742601
   1.98722     -3.742214     -3.742213
   2.04239     -3.736867     -3.736867
   2.09756     -3.734673     -3.734672
   2.15274     -3.727967     -3.727967
   2.20791     -3.700470     -3.700469
   2.26309     -3.648930     -3.648929
   2.31826     -3.577999     -3.577998
   2.37344     -3.570284     -3.570283
   2.42861     -3.579166     -3.579165
   2.48379     -3.561563     -3.561562
   2.53896     -3.519916     -3.519915
   2.53896     -3.575778     -3.575777
   2.59586     -3.621176     -3.621175
   2.65276     -3.687535     -3.687534
   2.70966     -3.764372     -3.764372
   2.76656     -3.836084     -3.836083
   2.82346     -3.887661     -3.887661
   2.88036     -3.908181     -3.908181
   2.93726     -3.893165     -3.893165
   2.99416     -3.846240     -3.846239
   3.05106     -3.781405     -3.781405
   3.10796     -3.742601     -3.742601
   3.10796     -3.742601     -3.742601
   3.16376     -3.809534     -3.809534
   3.21956     -3.922895     -3.922894
   3.27536     -4.006928     -4.006928
   3.33116     -4.051311     -4.051311
   3.38696     -4.053942     -4.053942
   3.44277     -4.017005     -4.017005
   3.49857     -3.947841     -3.947841
   3.55437     -3.859656     -3.859656
   3.61017     -3.775719     -3.775719
   3.66597     -3.737511     -3.737511
 
# Band-Index   50
   3.66597     -3.737500     -3.737500
   3.61017     -3.722568     -3.722569
   3.55437     -3.680492     -3.680492
   3.49857     -3.618228     -3.618228
   3.44277     -3.545494     -3.545494
   3.38696     -3.572177     -3.572177
   3.33116     -3.632163     -3.632163
   3.27536     -3.669054     -3.669054
   3.21956     -3.688883     -3.688883
   3.16376     -3.693532     -3.693531
   3.10796     -3.659461     -3.659461
   3.10796     -3.659461     -3.659461
   3.05106     -3.665442     -3.665442
   2.99416     -3.658883     -3.658883
   2.93726     -3.638310     -3.638310
   2.88036     -3.606932     -3.606932
   2.82346     -3.583281     -3.583280
   2.76656     -3.571868     -3.571867
   2.70966     -3.560610     -3.560609
   2.65276     -3.551607     -3.551607
   2.59586     -3.553841     -3.553840
   2.53896     -3.575772     -3.575771
   2.53896     -3.519914     -3.519913
   2.48379     -3.474400     -3.474398
   2.42861     -3.463811     -3.463810
   2.37344     -3.506222     -3.506222
   2.31826     -3.545983     -3.545982
   2.26309     -3.546597     -3.546596
   2.20791     -3.609037     -3.609036
   2.15274     -3.674950     -3.674949
   2.09756     -3.717266     -3.717266
   2.04239     -3.722286     -3.722285
   1.98722     -3.690092     -3.690092
   1.93204     -3.659461     -3.659461
   1.93204     -3.659461     -3.659461
   1.87761     -3.670730     -3.670730
   1.82319     -3.657649     -3.657649
   1.76876     -3.629200     -3.629200
   1.71433     -3.599037     -3.599037
   1.65991     -3.574281     -3.574281
   1.60548     -3.546326     -3.546326
   1.55105     -3.502220     -3.502220
   1.49663     -3.444484     -3.444484
   1.44220     -3.384963     -3.384962
   1.38777     -3.330074     -3.330074
   1.33334     -3.299614     -3.299613
   1.27892     -3.293317     -3.293316
   1.22449     -3.293319     -3.293318
   1.22449     -3.600601     -3.600600
   1.16198     -3.583359     -3.583358
   1.09947     -3.563175     -3.563174
   1.03696     -3.649368     -3.649367
   0.97444     -3.702154     -3.702153
   0.91193     -3.714442     -3.714442
   0.84942     -3.686414     -3.686414
   0.78691     -3.659461     -3.659461
   0.78691     -3.659461     -3.659461
   0.72645     -3.762152     -3.762152
   0.66599     -3.783188     -3.783188
   0.60553     -3.762894     -3.762893
   0.54507     -3.696144     -3.696143
   0.48462     -3.703265     -3.703265
   0.42416     -3.808840     -3.808840
   0.36370     -3.911179     -3.911179
   0.36370     -3.921253     -3.921253
   0.30308     -3.811604     -3.811604
   0.24247     -3.716723     -3.716723
   0.18185     -3.664111     -3.664111
   0.12123     -3.651898     -3.651898
   0.06062     -3.656219     -3.656219
   0.00000     -3.659461     -3.659461
 
# Band-Index   51
   0.00000     -3.559786     -3.559786
   0.06062     -3.466795     -3.466795
   0.12123     -3.376738     -3.376738
   0.18185     -3.375708     -3.375708
   0.24247     -3.368881     -3.368881
   0.30308     -3.352022     -3.352022
   0.36370     -3.333995     -3.333995
   0.36370     -2.996023     -2.996022
   0.42416     -3.252383     -3.252382
   0.48462     -3.456619     -3.456619
   0.54507     -3.498874     -3.498875
   0.60553     -3.413747     -3.413747
   0.66599     -3.345011     -3.345011
   0.72645     -3.406185     -3.406185
   0.78691     -3.559786     -3.559786
   0.78691     -3.559786     -3.559786
   0.84942     -3.520772     -3.520772
   0.91193     -3.466857     -3.466856
   0.97444     -3.508265     -3.508264
   1.03696     -3.539347     -3.539346
   1.09947     -3.534136     -3.534135
   1.16198     -3.387474     -3.387473
   1.22449     -3.301214     -3.301212
   1.22449     -3.291152     -3.291151
   1.27892     -3.272216     -3.272215
   1.33334     -3.223524     -3.223522
   1.38777     -3.165194     -3.165193
   1.44220     -3.181098     -3.181098
   1.49663     -3.254700     -3.254700
   1.55105     -3.286786     -3.286786
   1.60548     -3.295198     -3.295197
   1.65991     -3.318789     -3.318788
   1.71433     -3.356988     -3.356987
   1.76876     -3.379434     -3.379434
   1.82319     -3.417970     -3.417970
   1.87761     -3.500370     -3.500370
   1.93204     -3.559786     -3.559786
   1.93204     -3.559786     -3.559786
   1.98722     -3.502762     -3.502761
   2.04239     -3.394642     -3.394642
   2.09756     -3.295819     -3.295819
   2.15274     -3.308610     -3.308610
   2.20791     -3.350189     -3.350189
   2.26309     -3.362483     -3.362483
   2.31826     -3.280843     -3.280842
   2.37344     -3.144416     -3.144416
   2.42861     -3.007340     -3.007339
   2.48379     -2.984648     -2.984647
   2.53896     -2.981903     -2.981902
   2.53896     -3.011601     -3.011600
   2.59586     -3.080821     -3.080820
   2.65276     -3.165303     -3.165302
   2.70966     -3.275848     -3.275848
   2.76656     -3.389380     -3.389380
   2.82346     -3.476385     -3.476385
   2.88036     -3.512445     -3.512444
   2.93726     -3.502464     -3.502463
   2.99416     -3.477245     -3.477245
   3.05106     -3.506094     -3.506094
   3.10796     -3.559786     -3.559786
   3.10796     -3.559786     -3.559786
   3.16376     -3.463009     -3.463008
   3.21956     -3.411909     -3.411909
   3.27536     -3.386602     -3.386602
   3.33116     -3.403559     -3.403559
   3.38696     -3.466920     -3.466920
   3.44277     -3.481459     -3.481459
   3.49857     -3.370096     -3.370096
   3.55437     -3.263519     -3.263519
   3.61017     -3.231968     -3.231968
   3.66597     -3.228875     -3.228875
 
# Band-Index   52
   3.66597     -3.228869     -3.228868
   3.61017     -3.197898     -3.197897
   3.55437     -3.173387     -3.173387
   3.49857     -3.193463     -3.193462
   3.44277     -3.212642     -3.212642
   3.38696     -3.249656     -3.249655
   3.33116     -3.291989     -3.291989
   3.27536     -3.298865     -3.298865
   3.21956     -3.275045     -3.275045
   3.16376     -3.342079     -3.342079
   3.10796     -3.380318     -3.380317
   3.10796     -3.380318     -3.380317
   3.05106     -3.395994     -3.395994
   2.99416     -3.356343     -3.356342
   2.93726     -3.257346     -3.257345
   2.88036     -3.183341     -3.183341
   2.82346     -3.140318     -3.140317
   2.76656     -3.111416     -3.111416
   2.70966     -3.082567     -3.082566
   2.65276     -3.040527     -3.040526
   2.59586     -2.989488     -2.989488
   2.53896     -3.011600     -3.011600
   2.53896     -2.981899     -2.981899
   2.48379     -2.962411     -2.962411
   2.42861     -2.987507     -2.987507
   2.37344     -3.012734     -3.012734
   2.31826     -3.051289     -3.051289
   2.26309     -3.105684     -3.105683
   2.20791     -3.170421     -3.170421
   2.15274     -3.236587     -3.236587
   2.09756     -3.275787     -3.275787
   2.04239     -3.341316     -3.341316
   1.98722     -3.370297     -3.370297
   1.93204     -3.380318     -3.380317
   1.93204     -3.380318     -3.380317
   1.87761     -3.372651     -3.372651
   1.82319     -3.348084     -3.348084
   1.76876     -3.315213     -3.315214
   1.71433     -3.294012     -3.294012
   1.65991     -3.278928     -3.278928
   1.60548     -3.229817     -3.229816
   1.55105     -3.150370     -3.150369
   1.49663     -3.095197     -3.095195
   1.44220     -3.101703     -3.101702
   1.38777     -3.084641     -3.084640
   1.33334     -3.143155     -3.143154
   1.27892     -3.223295     -3.223294
   1.22449     -3.291145     -3.291144
   1.22449     -3.240642     -3.240642
   1.16198     -3.244634     -3.244634
   1.09947     -3.278185     -3.278184
   1.03696     -3.328860     -3.328860
   0.97444     -3.388492     -3.388492
   0.91193     -3.454279     -3.454278
   0.84942     -3.415746     -3.415745
   0.78691     -3.380318     -3.380317
   0.78691     -3.380318     -3.380317
   0.72645     -3.341447     -3.341446
   0.66599     -3.190092     -3.190092
   0.60553     -3.002946     -3.002945
   0.54507     -2.854994     -2.854993
   0.48462     -2.834164     -2.834163
   0.42416     -2.820911     -2.820909
   0.36370     -2.996020     -2.996019
   0.36370     -3.333994     -3.333993
   0.30308     -3.324241     -3.324241
   0.24247     -3.324695     -3.324695
   0.18185     -3.331351     -3.331352
   0.12123     -3.358015     -3.358016
   0.06062     -3.378880     -3.378879
   0.00000     -3.380318     -3.380317
 
# Band-Index   53
   0.00000     -3.260969     -3.260969
   0.06062     -3.259912     -3.259912
   0.12123     -3.215595     -3.215594
   0.18185     -3.069449     -3.069448
   0.24247     -2.890883     -2.890882
   0.30308     -2.720515     -2.720515
   0.36370     -2.583155     -2.583154
   0.36370     -2.753397     -2.753396
   0.42416     -2.741706     -2.741705
   0.48462     -2.743003     -2.743002
   0.54507     -2.843182     -2.843181
   0.60553     -2.967666     -2.967666
   0.66599     -3.159951     -3.159950
   0.72645     -3.255330     -3.255330
   0.78691     -3.260969     -3.260969
   0.78691     -3.260969     -3.260969
   0.84942     -3.211043     -3.211043
   0.91193     -3.117945     -3.117945
   0.97444     -3.012052     -3.012052
   1.03696     -2.903889     -2.903889
   1.09947     -2.836039     -2.836038
   1.16198     -2.869322     -2.869322
   1.22449     -2.882389     -2.882388
   1.22449     -2.787534     -2.787533
   1.27892     -2.822645     -2.822645
   1.33334     -2.910626     -2.910627
   1.38777     -2.980802     -2.980802
   1.44220     -2.919319     -2.919319
   1.49663     -2.920100     -2.920099
   1.55105     -2.930301     -2.930300
   1.60548     -2.943799     -2.943798
   1.65991     -2.998401     -2.998400
   1.71433     -3.087366     -3.087365
   1.76876     -3.181192     -3.181191
   1.82319     -3.243463     -3.243462
   1.87761     -3.259407     -3.259407
   1.93204     -3.260969     -3.260969
   1.93204     -3.260969     -3.260969
   1.98722     -3.259861     -3.259861
   2.04239     -3.261446     -3.261446
   2.09756     -3.265223     -3.265223
   2.15274     -3.123506     -3.123505
   2.20791     -2.979853     -2.979852
   2.26309     -2.850344     -2.850343
   2.31826     -2.780177     -2.780176
   2.37344     -2.765160     -2.765160
   2.42861     -2.887542     -2.887541
   2.48379     -2.884701     -2.884700
   2.53896     -2.804915     -2.804914
   2.53896     -2.857683     -2.857683
   2.59586     -2.900225     -2.900224
   2.65276     -2.923246     -2.923246
   2.70966     -2.949376     -2.949375
   2.76656     -2.948152     -2.948151
   2.82346     -2.957888     -2.957887
   2.88036     -3.027525     -3.027525
   2.93726     -3.114709     -3.114708
   2.99416     -3.182111     -3.182111
   3.05106     -3.234750     -3.234750
   3.10796     -3.260969     -3.260969
   3.10796     -3.260969     -3.260969
   3.16376     -3.262934     -3.262934
   3.21956     -3.185288     -3.185288
   3.27536     -3.007189     -3.007189
   3.33116     -2.919297     -2.919296
   3.38696     -2.950109     -2.950108
   3.44277     -2.999749     -2.999748
   3.49857     -3.047836     -3.047835
   3.55437     -3.091124     -3.091123
   3.61017     -3.010259     -3.010258
   3.66597     -2.902471     -2.902470
 
# Band-Index   54
   3.66597     -2.902455     -2.902454
   3.61017     -2.887494     -2.887493
   3.55437     -2.836117     -2.836116
   3.49857     -2.763623     -2.763622
   3.44277     -2.714495     -2.714494
   3.38696     -2.711917     -2.711916
   3.33116     -2.743390     -2.743389
   3.27536     -2.761934     -2.761933
   3.21956     -2.767314     -2.767313
   3.16376     -2.746371     -2.746371
   3.10796     -2.711128     -2.711127
   3.10796     -2.711128     -2.711127
   3.05106     -2.708393     -2.708392
   2.99416     -2.726217     -2.726216
   2.93726     -2.759706     -2.759705
   2.88036     -2.789711     -2.789710
   2.82346     -2.780826     -2.780825
   2.76656     -2.706398     -2.706398
   2.70966     -2.678432     -2.678438
   2.65276     -2.771638     -2.771638
   2.59586     -2.804303     -2.804302
   2.53896     -2.857677     -2.857676
   2.53896     -2.804910     -2.804909
   2.48379     -2.763824     -2.763823
   2.42861     -2.752741     -2.752740
   2.37344     -2.754213     -2.754212
   2.31826     -2.750444     -2.750443
   2.26309     -2.798136     -2.798135
   2.20791     -2.818019     -2.818018
   2.15274     -2.827933     -2.827932
   2.09756     -2.821707     -2.821706
   2.04239     -2.796403     -2.796402
   1.98722     -2.754366     -2.754365
   1.93204     -2.711128     -2.711127
   1.93204     -2.711128     -2.711127
   1.87761     -2.745084     -2.745083
   1.82319     -2.774371     -2.774370
   1.76876     -2.785550     -2.785550
   1.71433     -2.784702     -2.784701
   1.65991     -2.771980     -2.771979
   1.60548     -2.721569     -2.721568
   1.55105     -2.664305     -2.664304
   1.49663     -2.725660     -2.725659
   1.44220     -2.787738     -2.787737
   1.38777     -2.823813     -2.823813
   1.33334     -2.819343     -2.819342
   1.27892     -2.798380     -2.798379
   1.22449     -2.787520     -2.787520
   1.22449     -2.729023     -2.729023
   1.16198     -2.743542     -2.743541
   1.09947     -2.806561     -2.806560
   1.03696     -2.794696     -2.794695
   0.97444     -2.755039     -2.755039
   0.91193     -2.724013     -2.724012
   0.84942     -2.708306     -2.708305
   0.78691     -2.711128     -2.711127
   0.78691     -2.711128     -2.711127
   0.72645     -2.768590     -2.768589
   0.66599     -2.816782     -2.816782
   0.60553     -2.837549     -2.837548
   0.54507     -2.736551     -2.736551
   0.48462     -2.664415     -2.664414
   0.42416     -2.683141     -2.683140
   0.36370     -2.753392     -2.753391
   0.36370     -2.583151     -2.583151
   0.30308     -2.610256     -2.610255
   0.24247     -2.689286     -2.689285
   0.18185     -2.724085     -2.724084
   0.12123     -2.718146     -2.718145
   0.06062     -2.704127     -2.704126
   0.00000     -2.711128     -2.711127
 
# Band-Index   55
   0.00000     -2.682775     -2.682774
   0.06062     -2.694967     -2.694966
   0.12123     -2.684076     -2.684076
   0.18185     -2.650316     -2.650315
   0.24247     -2.597030     -2.597029
   0.30308     -2.518823     -2.518822
   0.36370     -2.509391     -2.509390
   0.36370     -2.457876     -2.457876
   0.42416     -2.548596     -2.548595
   0.48462     -2.562115     -2.562115
   0.54507     -2.696537     -2.696536
   0.60553     -2.657519     -2.657518
   0.66599     -2.577485     -2.577483
   0.72645     -2.609358     -2.609357
   0.78691     -2.682775     -2.682774
   0.78691     -2.682775     -2.682774
   0.84942     -2.670275     -2.670274
   0.91193     -2.610129     -2.610128
   0.97444     -2.541017     -2.541016
   1.03696     -2.605958     -2.605956
   1.09947     -2.650194     -2.650193
   1.16198     -2.666551     -2.666549
   1.22449     -2.661787     -2.661785
   1.22449     -2.333718     -2.333717
   1.27892     -2.408937     -2.408936
   1.33334     -2.519389     -2.519388
   1.38777     -2.625215     -2.625215
   1.44220     -2.686725     -2.686724
   1.49663     -2.609541     -2.609540
   1.55105     -2.619876     -2.619875
   1.60548     -2.602212     -2.602211
   1.65991     -2.577882     -2.577882
   1.71433     -2.584455     -2.584454
   1.76876     -2.594503     -2.594502
   1.82319     -2.608333     -2.608332
   1.87761     -2.644200     -2.644200
   1.93204     -2.682775     -2.682774
   1.93204     -2.682775     -2.682774
   1.98722     -2.629977     -2.629976
   2.04239     -2.557163     -2.557162
   2.09756     -2.475363     -2.475362
   2.15274     -2.435606     -2.435605
   2.20791     -2.417883     -2.417883
   2.26309     -2.393623     -2.393622
   2.31826     -2.460095     -2.460094
   2.37344     -2.601947     -2.601946
   2.42861     -2.588322     -2.588321
   2.48379     -2.566516     -2.566515
   2.53896     -2.551016     -2.551014
   2.53896     -2.660962     -2.660961
   2.59586     -2.698265     -2.698264
   2.65276     -2.582630     -2.582629
   2.70966     -2.590882     -2.590882
   2.76656     -2.583470     -2.583469
   2.82346     -2.591491     -2.591490
   2.88036     -2.610222     -2.610221
   2.93726     -2.629288     -2.629287
   2.99416     -2.657224     -2.657223
   3.05106     -2.681005     -2.681004
   3.10796     -2.682775     -2.682774
   3.10796     -2.682775     -2.682774
   3.16376     -2.644859     -2.644859
   3.21956     -2.646152     -2.646151
   3.27536     -2.690421     -2.690420
   3.33116     -2.660607     -2.660606
   3.38696     -2.550841     -2.550840
   3.44277     -2.481092     -2.481091
   3.49857     -2.547245     -2.547244
   3.55437     -2.627992     -2.627991
   3.61017     -2.718106     -2.718105
   3.66597     -2.760354     -2.760353
 
# Band-Index   56
   3.66597     -2.760343     -2.760342
   3.61017     -2.651710     -2.651710
   3.55437     -2.500707     -2.500707
   3.49857     -2.383293     -2.383292
   3.44277     -2.420041     -2.420040
   3.38696     -2.385703     -2.385701
   3.33116     -2.360689     -2.360688
   3.27536     -2.390152     -2.390151
   3.21956     -2.432466     -2.432465
   3.16376     -2.412028     -2.412027
   3.10796     -2.357072     -2.357070
   3.10796     -2.357072     -2.357070
   3.05106     -2.364448     -2.364447
   2.99416     -2.379191     -2.379189
   2.93726     -2.370407     -2.370406
   2.88036     -2.336296     -2.336295
   2.82346     -2.360369     -2.360369
   2.76656     -2.448940     -2.448939
   2.70966     -2.478574     -2.478573
   2.65276     -2.501093     -2.501092
   2.59586     -2.557871     -2.557870
   2.53896     -2.660957     -2.660956
   2.53896     -2.551013     -2.551012
   2.48379     -2.535495     -2.535494
   2.42861     -2.514538     -2.514537
   2.37344     -2.484872     -2.484871
   2.31826     -2.444279     -2.444277
   2.26309     -2.385998     -2.385997
   2.20791     -2.334157     -2.334156
   2.15274     -2.384971     -2.384970
   2.09756     -2.437099     -2.437098
   2.04239     -2.418192     -2.418191
   1.98722     -2.382555     -2.382554
   1.93204     -2.357072     -2.357070
   1.93204     -2.357072     -2.357070
   1.87761     -2.372109     -2.372108
   1.82319     -2.379522     -2.379521
   1.76876     -2.354520     -2.354519
   1.71433     -2.324684     -2.324683
   1.65991     -2.331160     -2.331159
   1.60548     -2.369782     -2.369781
   1.55105     -2.450418     -2.450417
   1.49663     -2.487167     -2.487167
   1.44220     -2.405261     -2.405260
   1.38777     -2.369177     -2.369176
   1.33334     -2.352784     -2.352783
   1.27892     -2.339584     -2.339583
   1.22449     -2.333705     -2.333704
   1.22449     -2.301908     -2.301909
   1.16198     -2.188628     -2.188628
   1.09947     -2.263057     -2.263056
   1.03696     -2.389051     -2.389050
   0.97444     -2.510904     -2.510904
   0.91193     -2.461935     -2.461933
   0.84942     -2.385809     -2.385808
   0.78691     -2.357072     -2.357070
   0.78691     -2.357072     -2.357070
   0.72645     -2.461160     -2.461159
   0.66599     -2.514686     -2.514685
   0.60553     -2.421676     -2.421675
   0.54507     -2.367397     -2.367397
   0.48462     -2.467361     -2.467360
   0.42416     -2.452974     -2.452973
   0.36370     -2.457872     -2.457871
   0.36370     -2.509388     -2.509387
   0.30308     -2.467562     -2.467562
   0.24247     -2.360251     -2.360250
   0.18185     -2.286535     -2.286533
   0.12123     -2.312066     -2.312065
   0.06062     -2.343548     -2.343547
   0.00000     -2.357072     -2.357070
 
# Band-Index   57
   0.00000     -2.264909     -2.264908
   0.06062     -2.253095     -2.253094
   0.12123     -2.239328     -2.239327
   0.18185     -2.272510     -2.272510
   0.24247     -2.298370     -2.298368
   0.30308     -2.364096     -2.364095
   0.36370     -2.377367     -2.377366
   0.36370     -2.194156     -2.194156
   0.42416     -2.196832     -2.196832
   0.48462     -2.180696     -2.180695
   0.54507     -2.185072     -2.185071
   0.60553     -2.205430     -2.205429
   0.66599     -2.205275     -2.205274
   0.72645     -2.194584     -2.194583
   0.78691     -2.264909     -2.264908
   0.78691     -2.264909     -2.264908
   0.84942     -2.284047     -2.284046
   0.91193     -2.268349     -2.268348
   0.97444     -2.227854     -2.227853
   1.03696     -2.177213     -2.177212
   1.09947     -2.131203     -2.131202
   1.16198     -2.141855     -2.141855
   1.22449     -2.128748     -2.128747
   1.22449     -2.213521     -2.213519
   1.27892     -2.205069     -2.205069
   1.33334     -2.191666     -2.191665
   1.38777     -2.192770     -2.192769
   1.44220     -2.210775     -2.210774
   1.49663     -2.206113     -2.206112
   1.55105     -2.169713     -2.169712
   1.60548     -2.187603     -2.187602
   1.65991     -2.211265     -2.211264
   1.71433     -2.220721     -2.220719
   1.76876     -2.218543     -2.218541
   1.82319     -2.228410     -2.228408
   1.87761     -2.248825     -2.248823
   1.93204     -2.264909     -2.264908
   1.93204     -2.264909     -2.264908
   1.98722     -2.248160     -2.248158
   2.04239     -2.237504     -2.237502
   2.09756     -2.247456     -2.247455
   2.15274     -2.281148     -2.281146
   2.20791     -2.290452     -2.290451
   2.26309     -2.259451     -2.259450
   2.31826     -2.342548     -2.342547
   2.37344     -2.281100     -2.281099
   2.42861     -2.200600     -2.200600
   2.48379     -2.104830     -2.104829
   2.53896     -2.010416     -2.010415
   2.53896     -2.261615     -2.261614
   2.59586     -2.340315     -2.340314
   2.65276     -2.390149     -2.390148
   2.70966     -2.308771     -2.308771
   2.76656     -2.206850     -2.206849
   2.82346     -2.195056     -2.195055
   2.88036     -2.181446     -2.181445
   2.93726     -2.213494     -2.213494
   2.99416     -2.255994     -2.255993
   3.05106     -2.273341     -2.273340
   3.10796     -2.264909     -2.264908
   3.10796     -2.264909     -2.264908
   3.16376     -2.202779     -2.202778
   3.21956     -2.179081     -2.179080
   3.27536     -2.166856     -2.166855
   3.33116     -2.177401     -2.177401
   3.38696     -2.251831     -2.251831
   3.44277     -2.290232     -2.290232
   3.49857     -2.311333     -2.311332
   3.55437     -2.291311     -2.291310
   3.61017     -2.218467     -2.218466
   3.66597     -2.143914     -2.143913
 
# Band-Index   58
   3.66597     -2.143903     -2.143902
   3.61017     -2.157961     -2.157960
   3.55437     -2.172672     -2.172671
   3.49857     -2.186716     -2.186715
   3.44277     -2.113706     -2.113704
   3.38696     -2.111630     -2.111629
   3.33116     -2.140094     -2.140093
   3.27536     -2.101427     -2.101427
   3.21956     -2.108216     -2.108215
   3.16376     -2.168003     -2.168001
   3.10796     -2.173546     -2.173544
   3.10796     -2.173546     -2.173544
   3.05106     -2.139645     -2.139644
   2.99416     -2.090754     -2.090753
   2.93726     -2.067499     -2.067498
   2.88036     -2.133844     -2.133842
   2.82346     -2.120268     -2.120267
   2.76656     -2.086278     -2.086277
   2.70966     -2.073909     -2.073908
   2.65276     -2.123836     -2.123835
   2.59586     -2.188105     -2.188104
   2.53896     -2.261605     -2.261604
   2.53896     -2.010409     -2.010408
   2.48379     -1.944809     -1.944808
   2.42861     -1.921283     -1.921282
   2.37344     -1.951862     -1.951860
   2.31826     -2.032504     -2.032503
   2.26309     -2.094693     -2.094691
   2.20791     -1.968630     -1.968629
   2.15274     -1.936724     -1.936723
   2.09756     -2.020322     -2.020322
   2.04239     -2.096040     -2.096039
   1.98722     -2.153485     -2.153483
   1.93204     -2.173546     -2.173544
   1.93204     -2.173546     -2.173544
   1.87761     -2.157172     -2.157171
   1.82319     -2.114565     -2.114564
   1.76876     -2.071462     -2.071461
   1.71433     -2.065894     -2.065893
   1.65991     -2.085946     -2.085945
   1.60548     -2.113678     -2.113677
   1.55105     -2.159373     -2.159372
   1.49663     -2.146609     -2.146608
   1.44220     -2.111860     -2.111859
   1.38777     -2.047700     -2.047699
   1.33334     -2.042520     -2.042518
   1.27892     -2.137606     -2.137605
   1.22449     -2.213519     -2.213519
   1.22449     -2.080486     -2.080485
   1.16198     -2.119935     -2.119934
   1.09947     -2.031447     -2.031446
   1.03696     -1.993817     -1.993816
   0.97444     -1.983674     -1.983673
   0.91193     -2.035060     -2.035059
   0.84942     -2.117957     -2.117956
   0.78691     -2.173546     -2.173544
   0.78691     -2.173546     -2.173544
   0.72645     -2.148757     -2.148756
   0.66599     -2.046152     -2.046151
   0.60553     -2.032197     -2.032196
   0.54507     -2.144751     -2.144750
   0.48462     -2.155558     -2.155557
   0.42416     -2.160805     -2.160805
   0.36370     -2.194150     -2.194150
   0.36370     -2.377364     -2.377363
   0.30308     -2.292588     -2.292587
   0.24247     -2.213737     -2.213736
   0.18185     -2.130079     -2.130077
   0.12123     -2.123515     -2.123513
   0.06062     -2.160680     -2.160678
   0.00000     -2.173546     -2.173544
 
# Band-Index   59
   0.00000     -1.946005     -1.946005
   0.06062     -1.963310     -1.963310
   0.12123     -2.035430     -2.035429
   0.18185     -2.066646     -2.066645
   0.24247     -1.997664     -1.997663
   0.30308     -1.918879     -1.918877
   0.36370     -1.891143     -1.891141
   0.36370     -2.002192     -2.002191
   0.42416     -2.062304     -2.062302
   0.48462     -2.065282     -2.065281
   0.54507     -2.026109     -2.026108
   0.60553     -2.006550     -2.006550
   0.66599     -1.929741     -1.929741
   0.72645     -1.913897     -1.913896
   0.78691     -1.946005     -1.946005
   0.78691     -1.946005     -1.946005
   0.84942     -1.921460     -1.921459
   0.91193     -1.868941     -1.868940
   0.97444     -1.869257     -1.869256
   1.03696     -1.906839     -1.906837
   1.09947     -1.976178     -1.976177
   1.16198     -2.045370     -2.045368
   1.22449     -2.039080     -2.039079
   1.22449     -1.872046     -1.872044
   1.27892     -1.881248     -1.881246
   1.33334     -1.913165     -1.913164
   1.38777     -1.915393     -1.915392
   1.44220     -1.921292     -1.921291
   1.49663     -1.925178     -1.925177
   1.55105     -1.901225     -1.901225
   1.60548     -1.857984     -1.857983
   1.65991     -1.888207     -1.888206
   1.71433     -1.948049     -1.948048
   1.76876     -1.963825     -1.963824
   1.82319     -1.945000     -1.944999
   1.87761     -1.944469     -1.944468
   1.93204     -1.946005     -1.946005
   1.93204     -1.946005     -1.946005
   1.98722     -1.939151     -1.939150
   2.04239     -1.917664     -1.917664
   2.09756     -1.883750     -1.883749
   2.15274     -1.904342     -1.904341
   2.20791     -1.847309     -1.847307
   2.26309     -1.784092     -1.784091
   2.31826     -1.792897     -1.792896
   2.37344     -1.804191     -1.804190
   2.42861     -1.793878     -1.793877
   2.48379     -1.766579     -1.766578
   2.53896     -1.744085     -1.744084
   2.53896     -1.790304     -1.790302
   2.59586     -1.857266     -1.857265
   2.65276     -1.913365     -1.913364
   2.70966     -1.947565     -1.947564
   2.76656     -1.978867     -1.978865
   2.82346     -2.021352     -2.021351
   2.88036     -2.044237     -2.044236
   2.93726     -2.047481     -2.047480
   2.99416     -1.971784     -1.971783
   3.05106     -1.941305     -1.941305
   3.10796     -1.946005     -1.946005
   3.10796     -1.946005     -1.946005
   3.16376     -1.936667     -1.936666
   3.21956     -1.953369     -1.953368
   3.27536     -1.995185     -1.995184
   3.33116     -2.002367     -2.002366
   3.38696     -2.006126     -2.006124
   3.44277     -2.049309     -2.049307
   3.49857     -2.083023     -2.083022
   3.55437     -2.090635     -2.090634
   3.61017     -2.099757     -2.099756
   3.66597     -2.118057     -2.118055
 
# Band-Index   60
   3.66597     -2.118054     -2.118053
   3.61017     -2.058093     -2.058092
   3.55437     -2.010197     -2.010197
   3.49857     -1.954331     -1.954330
   3.44277     -1.899615     -1.899614
   3.38696     -1.865646     -1.865646
   3.33116     -1.843148     -1.843147
   3.27536     -1.870679     -1.870678
   3.21956     -1.897684     -1.897684
   3.16376     -1.873462     -1.873462
   3.10796     -1.846112     -1.846111
   3.10796     -1.846112     -1.846111
   3.05106     -1.861136     -1.861135
   2.99416     -1.850863     -1.850862
   2.93726     -1.793584     -1.793583
   2.88036     -1.737747     -1.737746
   2.82346     -1.714729     -1.714728
   2.76656     -1.785928     -1.785927
   2.70966     -1.845452     -1.845451
   2.65276     -1.817798     -1.817797
   2.59586     -1.795110     -1.795109
   2.53896     -1.790292     -1.790291
   2.53896     -1.744085     -1.744083
   2.48379     -1.719946     -1.719944
   2.42861     -1.692639     -1.692637
   2.37344     -1.675121     -1.675120
   2.31826     -1.696000     -1.695999
   2.26309     -1.761069     -1.761068
   2.20791     -1.758457     -1.758457
   2.15274     -1.818957     -1.818956
   2.09756     -1.878702     -1.878701
   2.04239     -1.866413     -1.866412
   1.98722     -1.851907     -1.851906
   1.93204     -1.846112     -1.846111
   1.93204     -1.846112     -1.846111
   1.87761     -1.861750     -1.861749
   1.82319     -1.893772     -1.893771
   1.76876     -1.892305     -1.892304
   1.71433     -1.849850     -1.849849
   1.65991     -1.798678     -1.798677
   1.60548     -1.795774     -1.795772
   1.55105     -1.838721     -1.838720
   1.49663     -1.851732     -1.851731
   1.44220     -1.859330     -1.859328
   1.38777     -1.885356     -1.885355
   1.33334     -1.877629     -1.877627
   1.27892     -1.871674     -1.871672
   1.22449     -1.872040     -1.872038
   1.22449     -2.021181     -2.021180
   1.16198     -1.969714     -1.969713
   1.09947     -1.840249     -1.840249
   1.03696     -1.742874     -1.742874
   0.97444     -1.811322     -1.811321
   0.91193     -1.848923     -1.848922
   0.84942     -1.844904     -1.844903
   0.78691     -1.846112     -1.846111
   0.78691     -1.846112     -1.846111
   0.72645     -1.866440     -1.866440
   0.66599     -1.823296     -1.823295
   0.60553     -1.714660     -1.714659
   0.54507     -1.762454     -1.762452
   0.48462     -1.806315     -1.806314
   0.42416     -1.889932     -1.889931
   0.36370     -2.002185     -2.002183
   0.36370     -1.891140     -1.891139
   0.30308     -1.916846     -1.916845
   0.24247     -1.947872     -1.947871
   0.18185     -1.967208     -1.967208
   0.12123     -1.949117     -1.949116
   0.06062     -1.891621     -1.891621
   0.00000     -1.846112     -1.846111
 
# Band-Index   61
   0.00000     -1.671357     -1.671355
   0.06062     -1.677441     -1.677439
   0.12123     -1.656582     -1.656581
   0.18185     -1.684363     -1.684361
   0.24247     -1.793083     -1.793082
   0.30308     -1.849482     -1.849480
   0.36370     -1.774925     -1.774923
   0.36370     -1.713236     -1.713235
   0.42416     -1.772343     -1.772342
   0.48462     -1.676245     -1.676244
   0.54507     -1.592255     -1.592254
   0.60553     -1.686332     -1.686330
   0.66599     -1.688511     -1.688510
   0.72645     -1.676130     -1.676128
   0.78691     -1.671357     -1.671355
   0.78691     -1.671357     -1.671355
   0.84942     -1.676511     -1.676510
   0.91193     -1.674917     -1.674916
   0.97444     -1.654369     -1.654368
   1.03696     -1.653911     -1.653911
   1.09947     -1.682517     -1.682516
   1.16198     -1.645844     -1.645843
   1.22449     -1.634157     -1.634156
   1.22449     -1.495050     -1.495049
   1.27892     -1.550315     -1.550315
   1.33334     -1.599071     -1.599071
   1.38777     -1.633027     -1.633026
   1.44220     -1.689796     -1.689794
   1.49663     -1.725137     -1.725136
   1.55105     -1.755062     -1.755060
   1.60548     -1.733287     -1.733286
   1.65991     -1.725214     -1.725213
   1.71433     -1.692929     -1.692928
   1.76876     -1.680977     -1.680976
   1.82319     -1.680976     -1.680975
   1.87761     -1.675502     -1.675501
   1.93204     -1.671357     -1.671355
   1.93204     -1.671357     -1.671355
   1.98722     -1.673545     -1.673543
   2.04239     -1.679825     -1.679824
   2.09756     -1.690834     -1.690833
   2.15274     -1.713143     -1.713142
   2.20791     -1.738766     -1.738765
   2.26309     -1.649906     -1.649905
   2.31826     -1.605042     -1.605041
   2.37344     -1.589358     -1.589357
   2.42861     -1.572631     -1.572630
   2.48379     -1.567260     -1.567260
   2.53896     -1.564223     -1.564223
   2.53896     -1.702346     -1.702346
   2.59586     -1.712174     -1.712173
   2.65276     -1.762066     -1.762065
   2.70966     -1.779434     -1.779434
   2.76656     -1.720814     -1.720813
   2.82346     -1.616407     -1.616406
   2.88036     -1.624127     -1.624126
   2.93726     -1.663684     -1.663683
   2.99416     -1.682965     -1.682964
   3.05106     -1.678434     -1.678433
   3.10796     -1.671357     -1.671355
   3.10796     -1.671357     -1.671355
   3.16376     -1.676552     -1.676551
   3.21956     -1.673691     -1.673690
   3.27536     -1.647006     -1.647005
   3.33116     -1.700885     -1.700884
   3.38696     -1.748565     -1.748564
   3.44277     -1.822505     -1.822504
   3.49857     -1.846962     -1.846961
   3.55437     -1.814053     -1.814051
   3.61017     -1.758613     -1.758612
   3.66597     -1.713173     -1.713173
 
# Band-Index   62
   3.66597     -1.713167     -1.713165
   3.61017     -1.721336     -1.721335
   3.55437     -1.713239     -1.713238
   3.49857     -1.679939     -1.679938
   3.44277     -1.634737     -1.634736
   3.38696     -1.601227     -1.601225
   3.33116     -1.611753     -1.611752
   3.27536     -1.615505     -1.615503
   3.21956     -1.555258     -1.555257
   3.16376     -1.560918     -1.560917
   3.10796     -1.575764     -1.575763
   3.10796     -1.575764     -1.575763
   3.05106     -1.553608     -1.553607
   2.99416     -1.509025     -1.509024
   2.93726     -1.491668     -1.491666
   2.88036     -1.513938     -1.513937
   2.82346     -1.548425     -1.548424
   2.76656     -1.615952     -1.615950
   2.70966     -1.602698     -1.602696
   2.65276     -1.590302     -1.590300
   2.59586     -1.637264     -1.637263
   2.53896     -1.702338     -1.702338
   2.53896     -1.564220     -1.564220
   2.48379     -1.541964     -1.541963
   2.42861     -1.517153     -1.517153
   2.37344     -1.544322     -1.544321
   2.31826     -1.589542     -1.589542
   2.26309     -1.594305     -1.594304
   2.20791     -1.599287     -1.599286
   2.15274     -1.640610     -1.640609
   2.09756     -1.646856     -1.646855
   2.04239     -1.621563     -1.621562
   1.98722     -1.589616     -1.589615
   1.93204     -1.575764     -1.575763
   1.93204     -1.575764     -1.575763
   1.87761     -1.572773     -1.572772
   1.82319     -1.568924     -1.568923
   1.76876     -1.574996     -1.574995
   1.71433     -1.597921     -1.597920
   1.65991     -1.601954     -1.601953
   1.60548     -1.665246     -1.665245
   1.55105     -1.607674     -1.607673
   1.49663     -1.584961     -1.584960
   1.44220     -1.565784     -1.565783
   1.38777     -1.574682     -1.574681
   1.33334     -1.563547     -1.563545
   1.27892     -1.518521     -1.518520
   1.22449     -1.495042     -1.495041
   1.22449     -1.495466     -1.495465
   1.16198     -1.499681     -1.499680
   1.09947     -1.503610     -1.503609
   1.03696     -1.385626     -1.385625
   0.97444     -1.468479     -1.468478
   0.91193     -1.545169     -1.545168
   0.84942     -1.571801     -1.571800
   0.78691     -1.575764     -1.575763
   0.78691     -1.575764     -1.575763
   0.72645     -1.582607     -1.582606
   0.66599     -1.594178     -1.594177
   0.60553     -1.588983     -1.588982
   0.54507     -1.512357     -1.512356
   0.48462     -1.608232     -1.608230
   0.42416     -1.653017     -1.653016
   0.36370     -1.713234     -1.713233
   0.36370     -1.774917     -1.774915
   0.30308     -1.600746     -1.600745
   0.24247     -1.596944     -1.596942
   0.18185     -1.583840     -1.583840
   0.12123     -1.561884     -1.561882
   0.06062     -1.527870     -1.527869
   0.00000     -1.575764     -1.575763
 
# Band-Index   63
   0.00000     -1.478450     -1.478449
   0.06062     -1.492395     -1.492394
   0.12123     -1.521239     -1.521238
   0.18185     -1.564476     -1.564475
   0.24247     -1.500304     -1.500302
   0.30308     -1.584362     -1.584360
   0.36370     -1.567429     -1.567429
   0.36370     -1.407630     -1.407630
   0.42416     -1.436763     -1.436762
   0.48462     -1.475085     -1.475083
   0.54507     -1.493265     -1.493264
   0.60553     -1.480853     -1.480851
   0.66599     -1.453978     -1.453977
   0.72645     -1.466454     -1.466452
   0.78691     -1.478450     -1.478449
   0.78691     -1.478450     -1.478449
   0.84942     -1.453287     -1.453286
   0.91193     -1.394302     -1.394300
   0.97444     -1.329848     -1.329846
   1.03696     -1.350298     -1.350296
   1.09947     -1.231382     -1.231381
   1.16198     -1.153855     -1.153853
   1.22449     -1.139236     -1.139234
   1.22449     -1.487114     -1.487114
   1.27892     -1.499734     -1.499733
   1.33334     -1.526923     -1.526923
   1.38777     -1.542699     -1.542698
   1.44220     -1.496492     -1.496491
   1.49663     -1.463495     -1.463495
   1.55105     -1.540372     -1.540371
   1.60548     -1.590130     -1.590129
   1.65991     -1.553547     -1.553547
   1.71433     -1.520140     -1.520139
   1.76876     -1.506961     -1.506960
   1.82319     -1.470509     -1.470508
   1.87761     -1.475859     -1.475857
   1.93204     -1.478450     -1.478449
   1.93204     -1.478450     -1.478449
   1.98722     -1.470685     -1.470684
   2.04239     -1.449862     -1.449860
   2.09756     -1.449886     -1.449884
   2.15274     -1.462902     -1.462900
   2.20791     -1.522213     -1.522213
   2.26309     -1.545712     -1.545710
   2.31826     -1.459772     -1.459771
   2.37344     -1.335746     -1.335744
   2.42861     -1.218406     -1.218405
   2.48379     -1.148581     -1.148579
   2.53896     -1.101982     -1.101980
   2.53896     -1.444524     -1.444523
   2.59586     -1.514517     -1.514515
   2.65276     -1.536623     -1.536622
   2.70966     -1.505677     -1.505676
   2.76656     -1.487103     -1.487102
   2.82346     -1.492388     -1.492386
   2.88036     -1.473636     -1.473635
   2.93726     -1.471882     -1.471881
   2.99416     -1.457760     -1.457759
   3.05106     -1.470895     -1.470894
   3.10796     -1.478450     -1.478449
   3.10796     -1.478450     -1.478449
   3.16376     -1.476784     -1.476783
   3.21956     -1.489438     -1.489437
   3.27536     -1.515685     -1.515684
   3.33116     -1.515183     -1.515182
   3.38696     -1.481014     -1.481013
   3.44277     -1.574309     -1.574308
   3.49857     -1.537746     -1.537745
   3.55437     -1.514409     -1.514408
   3.61017     -1.532881     -1.532880
   3.66597     -1.551474     -1.551473
 
# Band-Index   64
   3.66597     -1.551470     -1.551469
   3.61017     -1.487185     -1.487184
   3.55437     -1.382845     -1.382844
   3.49857     -1.360051     -1.360049
   3.44277     -1.411645     -1.411643
   3.38696     -1.469870     -1.469868
   3.33116     -1.389166     -1.389165
   3.27536     -1.435040     -1.435039
   3.21956     -1.463507     -1.463506
   3.16376     -1.444266     -1.444264
   3.10796     -1.427951     -1.427950
   3.10796     -1.427951     -1.427950
   3.05106     -1.435253     -1.435251
   2.99416     -1.452682     -1.452681
   2.93726     -1.429708     -1.429707
   2.88036     -1.396066     -1.396065
   2.82346     -1.419507     -1.419505
   2.76656     -1.386377     -1.386375
   2.70966     -1.356064     -1.356063
   2.65276     -1.380889     -1.380888
   2.59586     -1.417697     -1.417696
   2.53896     -1.444521     -1.444519
   2.53896     -1.101981     -1.101980
   2.48379     -1.133383     -1.133382
   2.42861     -1.191951     -1.191949
   2.37344     -1.248698     -1.248697
   2.31826     -1.354307     -1.354306
   2.26309     -1.439502     -1.439501
   2.20791     -1.468966     -1.468964
   2.15274     -1.413455     -1.413454
   2.09756     -1.423346     -1.423345
   2.04239     -1.438213     -1.438212
   1.98722     -1.430568     -1.430567
   1.93204     -1.427951     -1.427950
   1.93204     -1.427951     -1.427950
   1.87761     -1.437650     -1.437649
   1.82319     -1.466746     -1.466744
   1.76876     -1.463331     -1.463329
   1.71433     -1.459808     -1.459807
   1.65991     -1.457306     -1.457304
   1.60548     -1.440029     -1.440028
   1.55105     -1.421539     -1.421537
   1.49663     -1.422503     -1.422501
   1.44220     -1.405065     -1.405064
   1.38777     -1.417276     -1.417275
   1.33334     -1.455153     -1.455152
   1.27892     -1.465237     -1.465237
   1.22449     -1.487103     -1.487102
   1.22449     -1.107431     -1.107430
   1.16198     -1.142870     -1.142869
   1.09947     -1.195823     -1.195821
   1.03696     -1.256345     -1.256344
   0.97444     -1.324260     -1.324259
   0.91193     -1.383714     -1.383712
   0.84942     -1.416793     -1.416792
   0.78691     -1.427951     -1.427950
   0.78691     -1.427951     -1.427950
   0.72645     -1.434720     -1.434719
   0.66599     -1.433949     -1.433948
   0.60553     -1.393745     -1.393744
   0.54507     -1.426883     -1.426882
   0.48462     -1.390248     -1.390247
   0.42416     -1.393436     -1.393435
   0.36370     -1.407628     -1.407626
   0.36370     -1.567422     -1.567420
   0.30308     -1.488869     -1.488868
   0.24247     -1.449107     -1.449106
   0.18185     -1.456194     -1.456193
   0.12123     -1.468613     -1.468612
   0.06062     -1.462178     -1.462177
   0.00000     -1.427951     -1.427950
 
# Band-Index   65
   0.00000     -1.206002     -1.206001
   0.06062     -1.193528     -1.193527
   0.12123     -1.143626     -1.143625
   0.18185     -1.052721     -1.052720
   0.24247     -1.238417     -1.238415
   0.30308     -1.293919     -1.293918
   0.36370     -1.110895     -1.110894
   0.36370     -1.026096     -1.026095
   0.42416     -1.173432     -1.173430
   0.48462     -1.341629     -1.341628
   0.54507     -1.384075     -1.384074
   0.60553     -1.338882     -1.338881
   0.66599     -1.283126     -1.283125
   0.72645     -1.228329     -1.228328
   0.78691     -1.206002     -1.206001
   0.78691     -1.206002     -1.206001
   0.84942     -1.206575     -1.206574
   0.91193     -1.205069     -1.205068
   0.97444     -1.194653     -1.194652
   1.03696     -1.255289     -1.255287
   1.09947     -1.163072     -1.163070
   1.16198     -1.059731     -1.059729
   1.22449     -0.969226     -0.969225
   1.22449     -1.270408     -1.270407
   1.27892     -1.306843     -1.306842
   1.33334     -1.332065     -1.332064
   1.38777     -1.360747     -1.360746
   1.44220     -1.362488     -1.362487
   1.49663     -1.369786     -1.369785
   1.55105     -1.365815     -1.365814
   1.60548     -1.384638     -1.384637
   1.65991     -1.366768     -1.366766
   1.71433     -1.242922     -1.242921
   1.76876     -1.234257     -1.234255
   1.82319     -1.222966     -1.222964
   1.87761     -1.211268     -1.211267
   1.93204     -1.206002     -1.206001
   1.93204     -1.206002     -1.206001
   1.98722     -1.216964     -1.216962
   2.04239     -1.246288     -1.246287
   2.09756     -1.283240     -1.283239
   2.15274     -1.309179     -1.309177
   2.20791     -1.375976     -1.375975
   2.26309     -1.364195     -1.364194
   2.31826     -1.314656     -1.314654
   2.37344     -1.244742     -1.244741
   2.42861     -1.153603     -1.153601
   2.48379     -1.101930     -1.101928
   2.53896     -1.092234     -1.092233
   2.53896     -1.373930     -1.373929
   2.59586     -1.373393     -1.373392
   2.65276     -1.334548     -1.334547
   2.70966     -1.327363     -1.327362
   2.76656     -1.352143     -1.352142
   2.82346     -1.367410     -1.367409
   2.88036     -1.207037     -1.207036
   2.93726     -1.172668     -1.172667
   2.99416     -1.190925     -1.190924
   3.05106     -1.202347     -1.202346
   3.10796     -1.206002     -1.206001
   3.10796     -1.206002     -1.206001
   3.16376     -1.212094     -1.212093
   3.21956     -1.218533     -1.218532
   3.27536     -1.212685     -1.212684
   3.33116     -1.218488     -1.218487
   3.38696     -1.309008     -1.309007
   3.44277     -1.251643     -1.251642
   3.49857     -1.249756     -1.249755
   3.55437     -1.267426     -1.267425
   3.61017     -1.186036     -1.186035
   3.66597     -1.102912     -1.102911
 
# Band-Index   66
   3.66597     -1.102904     -1.102903
   3.61017     -1.113948     -1.113947
   3.55437     -1.140723     -1.140722
   3.49857     -1.163463     -1.163462
   3.44277     -1.173986     -1.173985
   3.38696     -1.179479     -1.179478
   3.33116     -1.152052     -1.152051
   3.27536     -0.860353     -0.860352
   3.21956     -0.570315     -0.570313
   3.16376     -0.364842     -0.364841
   3.10796     -0.329446     -0.329444
   3.10796     -0.329446     -0.329444
   3.05106     -0.395850     -0.395848
   2.99416     -0.604013     -0.604011
   2.93726     -0.889727     -0.889726
   2.88036     -1.141874     -1.141873
   2.82346     -1.137029     -1.137028
   2.76656     -1.147459     -1.147458
   2.70966     -1.178757     -1.178756
   2.65276     -1.196878     -1.196877
   2.59586     -1.285808     -1.285808
   2.53896     -1.373928     -1.373928
   2.53896     -1.092231     -1.092229
   2.48379     -1.096338     -1.096337
   2.42861     -1.141590     -1.141589
   2.37344     -1.157876     -1.157874
   2.31826     -1.194384     -1.194383
   2.26309     -1.241907     -1.241905
   2.20791     -1.283073     -1.283072
   2.15274     -1.254021     -1.254020
   2.09756     -0.954937     -0.954936
   2.04239     -0.646464     -0.646463
   1.98722     -0.413157     -0.413156
   1.93204     -0.329446     -0.329444
   1.93204     -0.329446     -0.329444
   1.87761     -0.395022     -0.395020
   1.82319     -0.587472     -0.587470
   1.76876     -0.854978     -0.854976
   1.71433     -1.143401     -1.143400
   1.65991     -1.245534     -1.245533
   1.60548     -1.245354     -1.245352
   1.55105     -1.229392     -1.229391
   1.49663     -1.222905     -1.222904
   1.44220     -1.266623     -1.266622
   1.38777     -1.274164     -1.274162
   1.33334     -1.284853     -1.284852
   1.27892     -1.295667     -1.295666
   1.22449     -1.270402     -1.270401
   1.22449     -0.929705     -0.929703
   1.16198     -1.024423     -1.024421
   1.09947     -1.104490     -1.104489
   1.03696     -1.157874     -1.157873
   0.97444     -1.039664     -1.039663
   0.91193     -0.693868     -0.693867
   0.84942     -0.428724     -0.428722
   0.78691     -0.329446     -0.329444
   0.78691     -0.329446     -0.329444
   0.72645     -0.391057     -0.391055
   0.66599     -0.640963     -0.640962
   0.60553     -0.973595     -0.973594
   0.54507     -1.211114     -1.211112
   0.48462     -1.178106     -1.178104
   0.42416     -1.092112     -1.092110
   0.36370     -1.026087     -1.026085
   0.36370     -1.110890     -1.110889
   0.30308     -0.914107     -0.914106
   0.24247     -0.911262     -0.911260
   0.18185     -0.906023     -0.906022
   0.12123     -0.611870     -0.611868
   0.06062     -0.384801     -0.384799
   0.00000     -0.329446     -0.329444
 
# Band-Index   67
   0.00000     -0.297605     -0.297603
   0.06062     -0.343249     -0.343248
   0.12123     -0.403684     -0.403682
   0.18185     -0.539314     -0.539313
   0.24247     -0.717946     -0.717945
   0.30308     -0.783827     -0.783825
   0.36370     -0.662348     -0.662347
   0.36370     -0.960195     -0.960194
   0.42416     -0.859963     -0.859961
   0.48462     -0.731867     -0.731866
   0.54507     -0.601896     -0.601894
   0.60553     -0.482001     -0.481999
   0.66599     -0.384352     -0.384350
   0.72645     -0.320087     -0.320085
   0.78691     -0.297605     -0.297603
   0.78691     -0.297605     -0.297603
   0.84942     -0.318356     -0.318354
   0.91193     -0.377828     -0.377826
   0.97444     -0.468594     -0.468592
   1.03696     -0.580822     -0.580820
   1.09947     -0.704064     -0.704062
   1.16198     -0.828619     -0.828617
   1.22449     -0.919454     -0.919453
   1.22449     -1.259981     -1.259979
   1.27892     -1.211600     -1.211599
   1.33334     -1.162997     -1.162995
   1.38777     -1.129406     -1.129404
   1.44220     -1.105981     -1.105980
   1.49663     -1.082181     -1.082180
   1.55105     -0.992258     -0.992257
   1.60548     -0.858251     -0.858250
   1.65991     -0.716757     -0.716755
   1.71433     -0.582391     -0.582390
   1.76876     -0.466286     -0.466284
   1.82319     -0.376865     -0.376863
   1.87761     -0.319525     -0.319523
   1.93204     -0.297605     -0.297603
   1.93204     -0.297605     -0.297603
   1.98722     -0.306279     -0.306277
   2.04239     -0.334631     -0.334630
   2.09756     -0.429749     -0.429747
   2.15274     -0.547518     -0.547517
   2.20791     -0.679828     -0.679826
   2.26309     -0.818294     -0.818293
   2.31826     -0.951167     -0.951166
   2.37344     -1.045532     -1.045531
   2.42861     -1.039206     -1.039205
   2.48379     -0.992173     -0.992172
   2.53896     -0.948304     -0.948303
   2.53896     -1.082913     -1.082912
   2.59586     -1.130800     -1.130799
   2.65276     -1.159813     -1.159813
   2.70966     -1.068745     -1.068744
   2.76656     -0.933424     -0.933423
   2.82346     -0.782869     -0.782868
   2.88036     -0.635356     -0.635355
   2.93726     -0.503795     -0.503794
   2.99416     -0.399217     -0.399216
   3.05106     -0.329618     -0.329616
   3.10796     -0.297605     -0.297603
   3.10796     -0.297605     -0.297603
   3.16376     -0.347580     -0.347578
   3.21956     -0.427061     -0.427059
   3.27536     -0.546647     -0.546646
   3.33116     -0.694362     -0.694360
   3.38696     -0.853188     -0.853187
   3.44277     -1.001394     -1.001393
   3.49857     -1.081216     -1.081214
   3.55437     -1.061836     -1.061835
   3.61017     -1.033481     -1.033480
   3.66597     -1.022682     -1.022681
 
# Band-Index   68
   3.66597     -1.022674     -1.022674
   3.61017     -0.929933     -0.929932
   3.55437     -0.807085     -0.807083
   3.49857     -0.689053     -0.689052
   3.44277     -0.581777     -0.581775
   3.38696     -0.488664     -0.488662
   3.33116     -0.411727     -0.411726
   3.27536     -0.351657     -0.351655
   3.21956     -0.307176     -0.307174
   3.16376     -0.270898     -0.270897
   3.10796     -0.237792     -0.237790
   3.10796     -0.237792     -0.237790
   3.05106     -0.259036     -0.259034
   2.99416     -0.305909     -0.305907
   2.93726     -0.376025     -0.376024
   2.88036     -0.468338     -0.468337
   2.82346     -0.579129     -0.579128
   2.76656     -0.702344     -0.702342
   2.70966     -0.828307     -0.828306
   2.65276     -0.941294     -0.941293
   2.59586     -1.025033     -1.025032
   2.53896     -1.082907     -1.082905
   2.53896     -0.948296     -0.948294
   2.48379     -0.898977     -0.898976
   2.42861     -0.831128     -0.831127
   2.37344     -0.751868     -0.751867
   2.31826     -0.667700     -0.667698
   2.26309     -0.583376     -0.583374
   2.20791     -0.503573     -0.503571
   2.15274     -0.432805     -0.432803
   2.09756     -0.374825     -0.374822
   2.04239     -0.332196     -0.332194
   1.98722     -0.268107     -0.268105
   1.93204     -0.237792     -0.237790
   1.93204     -0.237792     -0.237790
   1.87761     -0.266832     -0.266830
   1.82319     -0.335507     -0.335506
   1.76876     -0.434084     -0.434082
   1.71433     -0.554559     -0.554557
   1.65991     -0.687226     -0.687225
   1.60548     -0.821411     -0.821409
   1.55105     -0.940791     -0.940790
   1.49663     -1.022653     -1.022652
   1.44220     -1.051161     -1.051160
   1.38777     -1.064584     -1.064583
   1.33334     -1.109574     -1.109573
   1.27892     -1.185881     -1.185880
   1.22449     -1.259973     -1.259972
   1.22449     -0.918206     -0.918204
   1.16198     -0.796412     -0.796411
   1.09947     -0.666792     -0.666790
   1.03696     -0.539263     -0.539262
   0.97444     -0.423339     -0.423338
   0.91193     -0.329095     -0.329094
   0.84942     -0.264798     -0.264796
   0.78691     -0.237792     -0.237790
   0.78691     -0.237792     -0.237790
   0.72645     -0.298309     -0.298307
   0.66599     -0.365700     -0.365698
   0.60553     -0.450228     -0.450227
   0.54507     -0.560635     -0.560633
   0.48462     -0.692494     -0.692493
   0.42416     -0.839452     -0.839451
   0.36370     -0.960184     -0.960182
   0.36370     -0.662345     -0.662344
   0.30308     -0.554959     -0.554958
   0.24247     -0.465259     -0.465258
   0.18185     -0.393652     -0.393651
   0.12123     -0.332737     -0.332736
   0.06062     -0.267307     -0.267306
   0.00000     -0.237792     -0.237790
 
# Band-Index   69
   0.00000      1.863518      1.863521
   0.06062      1.934827      1.934831
   0.12123      2.134526      2.134526
   0.18185      2.328430      2.328430
   0.24247      2.420065      2.420064
   0.30308      2.483194      2.483193
   0.36370      2.512852      2.512852
   0.36370      1.609754      1.609750
   0.42416      1.652398      1.652393
   0.48462      1.773757      1.773756
   0.54507      1.885528      1.885527
   0.60553      1.911120      1.911121
   0.66599      1.891994      1.891991
   0.72645      1.871397      1.871395
   0.78691      1.863522      1.863522
   0.78691      1.863518      1.863516
   0.84942      1.868782      1.868780
   0.91193      1.884607      1.884599
   0.97444      1.911498      1.911496
   1.03696      1.952273      1.952271
   1.09947      2.013909      2.013907
   1.16198      2.101363      2.101361
   1.22449      2.107207      2.107206
   1.22449      2.297389      2.297387
   1.27892      2.291201      2.291199
   1.33334      2.251870      2.251869
   1.38777      2.139799      2.139797
   1.44220      2.049533      2.049532
   1.49663      2.026520      2.026519
   1.55105      2.076361      2.076359
   1.60548      2.182582      2.182581
   1.65991      2.246304      2.246303
   1.71433      2.141598      2.141597
   1.76876      2.027055      2.027058
   1.82319      1.937461      1.937460
   1.87761      1.881866      1.881865
   1.93204      1.863518      1.863516
   1.93204      1.863518      1.863516
   1.98722      1.867354      1.867354
   2.04239      1.878535      1.878533
   2.09756      1.896033      1.896026
   2.15274      1.917844      1.917839
   2.20791      1.940739      1.940737
   2.26309      1.958878      1.958877
   2.31826      1.961549      1.961548
   2.37344      1.943701      1.943699
   2.42861      1.925951      1.925949
   2.48379      1.931195      1.931193
   2.53896      1.958533      1.958531
   2.53896      2.464132      2.464130
   2.59586      2.455998      2.455996
   2.65276      2.455316      2.455314
   2.70966      2.452017      2.452016
   2.76656      2.419292      2.419292
   2.82346      2.340510      2.340510
   2.88036      2.258811      2.258810
   2.93726      2.109230      2.109229
   2.99416      1.978083      1.978081
   3.05106      1.892324      1.892323
   3.10796      1.863522      1.863516
   3.10796      1.863518      1.863521
   3.16376      1.893683      1.893678
   3.21956      1.983624      1.983619
   3.27536      2.116583      2.116587
   3.33116      2.156445      2.156448
   3.38696      2.052206      2.052211
   3.44277      1.974584      1.974584
   3.49857      1.992202      1.992201
   3.55437      2.116220      2.116219
   3.61017      2.320029      2.320028
   3.66597      2.496176      2.496176
 
# Band-Index   70
   3.66597      2.496184      2.496182
   3.61017      2.503988      2.503987
   3.55437      2.524499      2.524498
   3.49857      2.547799      2.547798
   3.44277      2.551307      2.551306
   3.38696      2.485245      2.485246
   3.33116      2.333961      2.333963
   3.27536      2.230885      2.230884
   3.21956      2.155799      2.155799
   3.16376      2.052590      2.052590
   3.10796      2.001175      2.001182
   3.10796      2.001181      2.001175
   3.05106      2.059649      2.059648
   2.99416      2.146005      2.146004
   2.93726      2.197908      2.197907
   2.88036      2.263959      2.263958
   2.82346      2.396493      2.396492
   2.76656      2.483766      2.483765
   2.70966      2.538373      2.538371
   2.65276      2.524594      2.524592
   2.59586      2.488009      2.488007
   2.53896      2.464144      2.464143
   2.53896      1.958538      1.958535
   2.48379      1.971273      1.971271
   2.42861      1.966268      1.966266
   2.37344      1.994682      1.994681
   2.31826      2.070760      2.070759
   2.26309      2.183261      2.183260
   2.20791      2.293850      2.293849
   2.15274      2.320865      2.320864
   2.09756      2.264002      2.264001
   2.04239      2.189077      2.189076
   1.98722      2.066006      2.066005
   1.93204      2.001180      2.001175
   1.93204      2.001175      2.001185
   1.87761      2.061663      2.061663
   1.82319      2.193967      2.193966
   1.76876      2.274152      2.274151
   1.71433      2.345541      2.345540
   1.65991      2.373613      2.373612
   1.60548      2.394554      2.394554
   1.55105      2.394760      2.394755
   1.49663      2.362139      2.362134
   1.44220      2.323458      2.323456
   1.38777      2.296644      2.296642
   1.33334      2.289988      2.289986
   1.27892      2.298907      2.298905
   1.22449      2.297404      2.297402
   1.22449      2.164723      2.164721
   1.16198      2.109863      2.109862
   1.09947      2.115873      2.115872
   1.03696      2.121612      2.121611
   0.97444      2.124714      2.124713
   0.91193      2.122998      2.122997
   0.84942      2.073487      2.073487
   0.78691      2.001175      2.001175
   0.78691      2.001177      2.001178
   0.72645      2.061617      2.061629
   0.66599      2.175748      2.175747
   0.60553      2.202190      2.202189
   0.54507      2.058377      2.058372
   0.48462      1.844602      1.844601
   0.42416      1.677536      1.677534
   0.36370      1.609769      1.609763
   0.36370      2.512858      2.512857
   0.30308      2.501752      2.501751
   0.24247      2.441516      2.441515
   0.18185      2.332469      2.332468
   0.12123      2.207815      2.207814
   0.06062      2.062250      2.062249
   0.00000      2.001175      2.001185
 
# Band-Index   71
   0.00000      2.141748      2.141747
   0.06062      2.168345      2.168344
   0.12123      2.239532      2.239531
   0.18185      2.469090      2.469089
   0.24247      2.829545      2.829545
   0.30308      3.148683      3.148682
   0.36370      3.190007      3.190006
   0.36370      2.589543      2.589541
   0.42416      2.478983      2.478981
   0.48462      2.409707      2.409705
   0.54507      2.453824      2.453822
   0.60553      2.420181      2.420181
   0.66599      2.278055      2.278054
   0.72645      2.177455      2.177454
   0.78691      2.141748      2.141747
   0.78691      2.141748      2.141747
   0.84942      2.153326      2.153325
   0.91193      2.296917      2.296917
   0.97444      2.484289      2.484289
   1.03696      2.534379      2.534378
   1.09947      2.426851      2.426848
   1.16198      2.368887      2.368885
   1.22449      2.341480      2.341473
   1.22449      2.666312      2.666310
   1.27892      2.596725      2.596723
   1.33334      2.514837      2.514835
   1.38777      2.544804      2.544803
   1.44220      2.623208      2.623208
   1.49663      2.666286      2.666285
   1.55105      2.613714      2.613713
   1.60548      2.507966      2.507964
   1.65991      2.443446      2.443445
   1.71433      2.477907      2.477905
   1.76876      2.390308      2.390307
   1.82319      2.229887      2.229887
   1.87761      2.160800      2.160800
   1.93204      2.141748      2.141747
   1.93204      2.141748      2.141747
   1.98722      2.160656      2.160655
   2.04239      2.240295      2.240294
   2.09756      2.388687      2.388687
   2.15274      2.476489      2.476488
   2.20791      2.517305      2.517305
   2.26309      2.399468      2.399467
   2.31826      2.310684      2.310683
   2.37344      2.300393      2.300391
   2.42861      2.348805      2.348803
   2.48379      2.262048      2.262047
   2.53896      2.277456      2.277455
   2.53896      2.983109      2.983107
   2.59586      2.919213      2.919212
   2.65276      2.799622      2.799623
   2.70966      2.696282      2.696281
   2.76656      2.673466      2.673465
   2.82346      2.688161      2.688158
   2.88036      2.617547      2.617547
   2.93726      2.442452      2.442452
   2.99416      2.256765      2.256765
   3.05106      2.156940      2.156939
   3.10796      2.141748      2.141747
   3.10796      2.141748      2.141747
   3.16376      2.169685      2.169684
   3.21956      2.258073      2.258072
   3.27536      2.393383      2.393382
   3.33116      2.518744      2.518743
   3.38696      2.608063      2.608062
   3.44277      2.669195      2.669194
   3.49857      2.693599      2.693598
   3.55437      2.688384      2.688383
   3.61017      2.675975      2.675973
   3.66597      2.670424      2.670423
 
# Band-Index   72
   3.66597      2.670438      2.670436
   3.61017      2.821928      2.821927
   3.55437      2.970886      2.970886
   3.49857      3.058986      3.058984
   3.44277      2.981308      2.981307
   3.38696      2.811678      2.811677
   3.33116      2.748860      2.748859
   3.27536      2.841196      2.841195
   3.21956      3.025517      3.025516
   3.16376      3.155578      3.155577
   3.10796      3.192445      3.192444
   3.10796      3.192445      3.192444
   3.05106      3.129640      3.129636
   2.99416      3.013050      3.013051
   2.93726      2.894381      2.894380
   2.88036      2.801064      2.801063
   2.82346      2.812782      2.812784
   2.76656      2.909688      2.909687
   2.70966      2.976546      2.976546
   2.65276      3.001369      3.001369
   2.59586      2.996726      2.996717
   2.53896      2.983111      2.983111
   2.53896      2.277469      2.277468
   2.48379      2.366260      2.366258
   2.42861      2.362424      2.362423
   2.37344      2.487765      2.487747
   2.31826      2.558195      2.558194
   2.26309      2.557974      2.557973
   2.20791      2.547617      2.547615
   2.15274      2.722845      2.722845
   2.09756      2.887615      2.887606
   2.04239      3.020528      3.020530
   1.98722      3.130057      3.130056
   1.93204      3.192445      3.192444
   1.93204      3.192445      3.192444
   1.87761      3.143590      3.143590
   1.82319      3.050207      3.050206
   1.76876      2.929764      2.929771
   1.71433      2.823336      2.823334
   1.65991      2.818532      2.818531
   1.60548      2.816040      2.816039
   1.55105      2.787581      2.787579
   1.49663      2.735214      2.735208
   1.44220      2.700590      2.700589
   1.38777      2.691118      2.691116
   1.33334      2.682223      2.682222
   1.27892      2.671755      2.671753
   1.22449      2.666319      2.666318
   1.22449      2.632107      2.632106
   1.16198      2.636611      2.636610
   1.09947      2.635504      2.635503
   1.03696      2.597155      2.597154
   0.97444      2.695076      2.695077
   0.91193      2.889341      2.889342
   0.84942      3.081296      3.081296
   0.78691      3.192445      3.192444
   0.78691      3.192445      3.192444
   0.72645      3.124878      3.124877
   0.66599      2.920470      2.920469
   0.60553      2.654617      2.654616
   0.54507      2.564648      2.564648
   0.48462      2.680750      2.680749
   0.42416      2.687695      2.687693
   0.36370      2.589551      2.589549
   0.36370      3.190007      3.190006
   0.30308      3.178189      3.178186
   0.24247      3.166545      3.166545
   0.18185      3.164594      3.164593
   0.12123      3.174112      3.174112
   0.06062      3.186843      3.186842
   0.00000      3.192445      3.192444
 
# Band-Index   73
   0.00000      3.246574      3.246573
   0.06062      3.258524      3.258523
   0.12123      3.275052      3.275050
   0.18185      3.267843      3.267842
   0.24247      3.251006      3.251002
   0.30308      3.276099      3.276083
   0.36370      3.480582      3.480584
   0.36370      3.018762      3.018762
   0.42416      2.918950      2.918951
   0.48462      2.879623      2.879616
   0.54507      2.894179      2.894177
   0.60553      2.971341      2.971341
   0.66599      3.181326      3.181325
   0.72645      3.264777      3.264775
   0.78691      3.246574      3.246573
   0.78691      3.246574      3.246573
   0.84942      3.263817      3.263815
   0.91193      3.323350      3.323348
   0.97444      3.356532      3.356527
   1.03696      3.150705      3.150705
   1.09947      2.926800      2.926794
   1.16198      2.727320      2.727319
   1.22449      2.632895      2.632895
   1.22449      3.144337      3.144340
   1.27892      3.106626      3.106624
   1.33334      3.075835      3.075834
   1.38777      3.054129      3.054127
   1.44220      3.029459      3.029453
   1.49663      2.987481      2.987480
   1.55105      2.968100      2.968093
   1.60548      3.002757      3.002762
   1.65991      3.054159      3.054165
   1.71433      3.116749      3.116740
   1.76876      3.221180      3.221179
   1.82319      3.299325      3.299323
   1.87761      3.263913      3.263912
   1.93204      3.246574      3.246573
   1.93204      3.246574      3.246573
   1.98722      3.266642      3.266640
   2.04239      3.306345      3.306344
   2.09756      3.201947      3.201946
   2.15274      3.062737      3.062736
   2.20791      3.013501      3.013505
   2.26309      2.970428      2.970427
   2.31826      2.940102      2.940101
   2.37344      2.817751      2.817748
   2.42861      2.711305      2.711303
   2.48379      2.645652      2.645652
   2.53896      2.629875      2.629875
   2.53896      3.229447      3.229445
   2.59586      3.166331      3.166329
   2.65276      3.127656      3.127654
   2.70966      3.132314      3.132313
   2.76656      3.175131      3.175130
   2.82346      3.234930      3.234929
   2.88036      3.291545      3.291543
   2.93726      3.314197      3.314195
   2.99416      3.290583      3.290582
   3.05106      3.259148      3.259146
   3.10796      3.246574      3.246573
   3.10796      3.246574      3.246573
   3.16376      3.261405      3.261403
   3.21956      3.282123      3.282121
   3.27536      3.250612      3.250611
   3.33116      3.191301      3.191300
   3.38696      3.144339      3.144339
   3.44277      3.119564      3.119563
   3.49857      3.199730      3.199729
   3.55437      3.317105      3.317103
   3.61017      3.392682      3.392694
   3.66597      3.433467      3.433457
 
# Band-Index   74
   3.66597      3.433481      3.433476
   3.61017      3.412188      3.412188
   3.55437      3.352933      3.352932
   3.49857      3.280155      3.280143
   3.44277      3.285659      3.285658
   3.38696      3.346002      3.346008
   3.33116      3.419317      3.419316
   3.27536      3.421517      3.421562
   3.21956      3.387657      3.387657
   3.16376      3.367510      3.367507
   3.10796      3.361332      3.361334
   3.10796      3.361366      3.361332
   3.05106      3.396167      3.396164
   2.99416      3.432218      3.432223
   2.93726      3.449347      3.449346
   2.88036      3.476206      3.476205
   2.82346      3.388326      3.388325
   2.76656      3.336346      3.336344
   2.70966      3.326569      3.326567
   2.65276      3.327712      3.327711
   2.59586      3.294701      3.294698
   2.53896      3.229453      3.229452
   2.53896      2.629951      2.629949
   2.48379      2.652630      2.652637
   2.42861      2.767276      2.767291
   2.37344      2.892134      2.892130
   2.31826      2.945143      2.945142
   2.26309      3.010406      3.010404
   2.20791      3.022928      3.022927
   2.15274      3.094399      3.094403
   2.09756      3.234820      3.234809
   2.04239      3.428615      3.428624
   1.98722      3.425178      3.425180
   1.93204      3.361334      3.361335
   1.93204      3.361333      3.361333
   1.87761      3.410404      3.410403
   1.82319      3.446360      3.446345
   1.76876      3.391173      3.391172
   1.71433      3.304453      3.304459
   1.65991      3.241380      3.241371
   1.60548      3.242452      3.242445
   1.55105      3.259821      3.259820
   1.49663      3.199927      3.199926
   1.44220      3.129392      3.129391
   1.38777      3.094213      3.094216
   1.33334      3.103579      3.103578
   1.27892      3.138510      3.138509
   1.22449      3.144351      3.144357
   1.22449      2.897138      2.897124
   1.16198      2.964023      2.964025
   1.09947      3.136317      3.136314
   1.03696      3.328804      3.328803
   0.97444      3.425028      3.425026
   0.91193      3.455043      3.455036
   0.84942      3.420408      3.420407
   0.78691      3.361333      3.361332
   0.78691      3.361334      3.361681
   0.72645      3.372414      3.372411
   0.66599      3.396021      3.395908
   0.60553      3.384527      3.384527
   0.54507      3.312207      3.312206
   0.48462      3.223366      3.223366
   0.42416      3.124262      3.124263
   0.36370      3.018762      3.018763
   0.36370      3.480750      3.480751
   0.30308      3.532157      3.532158
   0.24247      3.471049      3.471048
   0.18185      3.416073      3.416072
   0.12123      3.375825      3.375858
   0.06062      3.362470      3.362470
   0.00000      3.361332      3.361367
 
# Band-Index   75
   0.00000      3.722212      3.722211
   0.06062      3.710292      3.710291
   0.12123      3.652270      3.652368
   0.18185      3.603728      3.604070
   0.24247      3.580715      3.581276
   0.30308      3.565512      3.564730
   0.36370      3.608078      3.608079
   0.36370      3.495110      3.495113
   0.42416      3.498219      3.498212
   0.48462      3.497016      3.497020
   0.54507      3.483692      3.483691
   0.60553      3.465400      3.465313
   0.66599      3.429041      3.429039
   0.72645      3.565349      3.565359
   0.78691      3.722212      3.722211
   0.78691      3.722212      3.722211
   0.84942      3.715214      3.715212
   0.91193      3.661596      3.661595
   0.97444      3.504073      3.504071
   1.03696      3.331108      3.331106
   1.09947      3.198549      3.198548
   1.16198      3.124398      3.124396
   1.22449      3.101574      3.101573
   1.22449      3.319935      3.319934
   1.27892      3.263449      3.263449
   1.33334      3.288748      3.288748
   1.38777      3.375424      3.375422
   1.44220      3.337350      3.337358
   1.49663      3.277930      3.277933
   1.55105      3.293812      3.293811
   1.60548      3.406652      3.406651
   1.65991      3.516902      3.516901
   1.71433      3.521725      3.521723
   1.76876      3.479880      3.479898
   1.82319      3.519477      3.519476
   1.87761      3.656686      3.656682
   1.93204      3.722212      3.722211
   1.93204      3.722212      3.722211
   1.98722      3.653539      3.653537
   2.04239      3.466503      3.466501
   2.09756      3.412883      3.412882
   2.15274      3.447286      3.447284
   2.20791      3.445616      3.445615
   2.26309      3.356607      3.356371
   2.31826      3.208993      3.209133
   2.37344      3.080834      3.080833
   2.42861      2.840435      2.840435
   2.48379      2.712509      2.712510
   2.53896      2.785678      2.785677
   2.53896      3.730364      3.730364
   2.59586      3.677379      3.677378
   2.65276      3.600523      3.600522
   2.70966      3.543613      3.543612
   2.76656      3.502618      3.502615
   2.82346      3.494265      3.494263
   2.88036      3.479709      3.479707
   2.93726      3.580523      3.580522
   2.99416      3.669225      3.669223
   3.05106      3.711707      3.711705
   3.10796      3.722213      3.722211
   3.10796      3.722212      3.722211
   3.16376      3.629833      3.629832
   3.21956      3.502482      3.502481
   3.27536      3.485180      3.485180
   3.33116      3.462106      3.462078
   3.38696      3.510526      3.510528
   3.44277      3.569072      3.569078
   3.49857      3.652014      3.652010
   3.55437      3.695804      3.695799
   3.61017      3.646004      3.646003
   3.66597      3.613184      3.613184
 
# Band-Index   76
   3.66597      3.613193      3.613192
   3.61017      3.684653      3.684653
   3.55437      3.762065      3.762064
   3.49857      3.721919      3.721914
   3.44277      3.695614      3.695613
   3.38696      3.634946      3.634947
   3.33116      3.562797      3.562795
   3.27536      3.509542      3.509540
   3.21956      3.584650      3.584645
   3.16376      3.687601      3.687510
   3.10796      3.777592      3.777673
   3.10796      3.777765      3.777586
   3.05106      3.742983      3.743239
   2.99416      3.707304      3.707148
   2.93726      3.703070      3.702916
   2.88036      3.677577      3.677575
   2.82346      3.655630      3.655629
   2.76656      3.682198      3.682197
   2.70966      3.689663      3.689661
   2.65276      3.715057      3.715056
   2.59586      3.730660      3.730660
   2.53896      3.730367      3.730366
   2.53896      2.785680      2.785678
   2.48379      2.974983      2.974981
   2.42861      3.124538      3.124467
   2.37344      3.158806      3.158770
   2.31826      3.382646      3.382646
   2.26309      3.408805      3.408804
   2.20791      3.484710      3.484708
   2.15274      3.570338      3.570337
   2.09756      3.592036      3.592036
   2.04239      3.544416      3.544410
   1.98722      3.659869      3.659858
   1.93204      3.777604      3.777573
   1.93204      3.777740      3.777975
   1.87761      3.695807      3.696059
   1.82319      3.581783      3.581782
   1.76876      3.579592      3.579591
   1.71433      3.607202      3.607201
   1.65991      3.613247      3.613245
   1.60548      3.574805      3.574805
   1.55105      3.523814      3.523812
   1.49663      3.507818      3.507817
   1.44220      3.503784      3.503783
   1.38777      3.425717      3.425715
   1.33334      3.425352      3.425351
   1.27892      3.394625      3.394625
   1.22449      3.319936      3.319935
   1.22449      3.439385      3.439385
   1.16198      3.460203      3.460262
   1.09947      3.506346      3.506322
   1.03696      3.526583      3.526582
   0.97444      3.520285      3.520283
   0.91193      3.668361      3.668289
   0.84942      3.744181      3.744197
   0.78691      3.777614      3.777653
   0.78691      3.777648      3.777664
   0.72645      3.641873      3.641876
   0.66599      3.510024      3.510020
   0.60553      3.497236      3.497231
   0.54507      3.536907      3.536906
   0.48462      3.518014      3.518027
   0.42416      3.498455      3.498453
   0.36370      3.495116      3.495135
   0.36370      3.608085      3.608081
   0.30308      3.705159      3.705158
   0.24247      3.712763      3.712761
   0.18185      3.687698      3.687696
   0.12123      3.689776      3.689774
   0.06062      3.716878      3.717525
   0.00000      3.777824      3.777753
 
# Band-Index   77
   0.00000      3.793982      3.794027
   0.06062      3.852426      3.852390
   0.12123      3.897885      3.897886
   0.18185      3.872815      3.872814
   0.24247      3.793418      3.793417
   0.30308      3.773062      3.773060
   0.36370      3.867143      3.867144
   0.36370      4.247682      4.247667
   0.42416      4.175126      4.175113
   0.48462      4.093412      4.093405
   0.54507      4.026625      4.026621
   0.60553      4.027426      4.027438
   0.66599      3.969912      3.969918
   0.72645      3.846960      3.846967
   0.78691      3.794490      3.793785
   0.78691      3.793897      3.793837
   0.84942      3.806948      3.806764
   0.91193      3.696338      3.696303
   0.97444      3.679686      3.679682
   1.03696      3.677392      3.677392
   1.09947      3.629367      3.629366
   1.16198      3.571557      3.571560
   1.22449      3.550461      3.550459
   1.22449      3.411481      3.411481
   1.27892      3.460919      3.460926
   1.33334      3.538186      3.538185
   1.38777      3.532447      3.532446
   1.44220      3.542379      3.542378
   1.49663      3.689746      3.689747
   1.55105      3.827282      3.827277
   1.60548      3.809219      3.809218
   1.65991      3.773194      3.773193
   1.71433      3.876325      3.876328
   1.76876      4.011252      4.011252
   1.82319      3.909313      3.909303
   1.87761      3.821245      3.821252
   1.93204      3.793997      3.793842
   1.93204      3.793925      3.793845
   1.98722      3.822989      3.822980
   2.04239      3.923064      3.923057
   2.09756      4.030522      4.030524
   2.15274      4.088500      4.088477
   2.20791      4.042165      4.042163
   2.26309      3.808948      3.808946
   2.31826      3.473010      3.473017
   2.37344      3.380828      3.380827
   2.42861      3.185755      3.185754
   2.48379      3.186767      3.186769
   2.53896      3.274936      3.274936
   2.53896      4.054963      4.054965
   2.59586      3.925495      3.925497
   2.65276      3.823020      3.823021
   2.70966      3.760863      3.760862
   2.76656      3.733273      3.733277
   2.82346      3.756938      3.756950
   2.88036      3.762808      3.762491
   2.93726      3.777644      3.777113
   2.99416      3.801907      3.801918
   3.05106      3.813267      3.813262
   3.10796      3.794162      3.793896
   3.10796      3.793827      3.793769
   3.16376      3.839022      3.839012
   3.21956      3.935321      3.935295
   3.27536      4.047312      4.047316
   3.33116      4.073967      4.073958
   3.38696      4.041682      4.041679
   3.44277      4.059195      4.059194
   3.49857      4.131643      4.131631
   3.55437      4.052203      4.052202
   3.61017      4.180183      4.180182
   3.66597      4.402776      4.402773
 
# Band-Index   78
   3.66597      4.402785      4.402786
   3.61017      4.347430      4.347361
   3.55437      4.240431      4.240399
   3.49857      4.205902      4.205865
   3.44277      4.228820      4.228838
   3.38696      4.152172      4.151738
   3.33116      4.113962      4.114417
   3.27536      4.122694      4.122696
   3.21956      4.049533      4.049553
   3.16376      3.943358      3.943394
   3.10796      3.877614      3.877613
   3.10796      3.877614      3.877613
   3.05106      3.863901      3.863898
   2.99416      3.886682      3.886671
   2.93726      3.897715      3.897690
   2.88036      3.903199      3.903109
   2.82346      3.979398      3.978937
   2.76656      4.018376      4.018383
   2.70966      4.013507      4.013506
   2.65276      4.033432      4.033431
   2.59586      4.074832      4.074822
   2.53896      4.054984      4.054987
   2.53896      3.274939      3.274937
   2.48379      3.356071      3.356071
   2.42861      3.395765      3.395765
   2.37344      3.406395      3.406394
   2.31826      3.615658      3.615657
   2.26309      3.872900      3.872898
   2.20791      4.117627      4.117650
   2.15274      4.127823      4.127832
   2.09756      4.065048      4.065046
   2.04239      3.975664      3.975670
   1.98722      3.918233      3.918089
   1.93204      3.877614      3.877613
   1.93204      3.877615      3.877613
   1.87761      3.920024      3.920008
   1.82319      3.985068      3.985071
   1.76876      4.059350      4.059021
   1.71433      4.128592      4.128572
   1.65991      4.179851      4.179697
   1.60548      4.119153      4.119128
   1.55105      3.985472      3.985471
   1.49663      3.928225      3.928222
   1.44220      3.816553      3.816557
   1.38777      3.707244      3.707238
   1.33334      3.605878      3.605873
   1.27892      3.492066      3.492065
   1.22449      3.411489      3.411488
   1.22449      3.699453      3.699452
   1.16198      3.724103      3.724104
   1.09947      3.812253      3.812241
   1.03696      3.864499      3.864498
   0.97444      3.823324      3.823295
   0.91193      3.824130      3.823954
   0.84942      3.812405      3.812378
   0.78691      3.877614      3.877613
   0.78691      3.877614      3.877613
   0.72645      3.955711      3.955712
   0.66599      4.058299      4.058281
   0.60553      4.185098      4.185099
   0.54507      4.279088      4.279075
   0.48462      4.315836      4.315859
   0.42416      4.304552      4.304553
   0.36370      4.247719      4.247702
   0.36370      3.867158      3.867159
   0.30308      3.973827      3.973825
   0.24247      4.114111      4.114129
   0.18185      4.204751      4.204754
   0.12123      4.040602      4.040601
   0.06062      3.915166      3.915165
   0.00000      3.877615      3.877613
 
# Band-Index   79
   0.00000      3.968694      3.968687
   0.06062      4.014549      4.014549
   0.12123      4.140536      4.140547
   0.18185      4.237811      4.237811
   0.24247      4.244254      4.244254
   0.30308      4.271738      4.271768
   0.36370      4.290932      4.291041
   0.36370      4.583694      4.583707
   0.42416      4.510969      4.510977
   0.48462      4.418133      4.418135
   0.54507      4.354741      4.354677
   0.60553      4.242586      4.242584
   0.66599      4.124483      4.124845
   0.72645      4.032033      4.032158
   0.78691      3.968683      3.968694
   0.78691      3.968676      3.968659
   0.84942      4.025766      4.025765
   0.91193      3.958101      3.958100
   0.97444      3.940032      3.940008
   1.03696      4.006458      4.006479
   1.09947      3.850322      3.850319
   1.16198      3.823560      3.823559
   1.22449      3.812798      3.812796
   1.22449      3.776399      3.776398
   1.27892      3.799280      3.799280
   1.33334      3.866665      3.866653
   1.38777      3.955740      3.955740
   1.44220      4.037368      4.037368
   1.49663      4.109682      4.109670
   1.55105      4.173292      4.173291
   1.60548      4.195368      4.195363
   1.65991      4.264839      4.264653
   1.71433      4.240940      4.240947
   1.76876      4.112328      4.112334
   1.82319      4.061298      4.061295
   1.87761      3.993454      3.993451
   1.93204      3.968659      3.968686
   1.93204      3.968684      3.968675
   1.98722      3.989336      3.989310
   2.04239      4.045508      4.045510
   2.09756      4.143039      4.143037
   2.15274      4.163286      4.163282
   2.20791      4.139803      4.139796
   2.26309      4.074930      4.074959
   2.31826      3.971366      3.971365
   2.37344      3.893916      3.893915
   2.42861      3.846559      3.846558
   2.48379      3.829270      3.829269
   2.53896      3.844504      3.844503
   2.53896      4.082968      4.082969
   2.59586      4.115739      4.115759
   2.65276      4.119240      4.119246
   2.70966      4.108987      4.108988
   2.76656      4.076667      4.076701
   2.82346      4.039544      4.039536
   2.88036      4.067476      4.067475
   2.93726      4.031464      4.031463
   2.99416      4.055193      4.055192
   3.05106      4.017100      4.017098
   3.10796      3.968683      3.968658
   3.10796      3.968674      3.968677
   3.16376      4.015483      4.015472
   3.21956      4.101724      4.101731
   3.27536      4.174667      4.175094
   3.33116      4.253988      4.253974
   3.38696      4.312291      4.312533
   3.44277      4.351907      4.352150
   3.49857      4.392879      4.392794
   3.55437      4.467802      4.467258
   3.61017      4.496152      4.496122
   3.66597      4.492904      4.492904
 
# Band-Index   80
   3.66597      4.492906      4.492904
   3.61017      4.608701      4.608766
   3.55437      4.522173      4.522088
   3.49857      4.425310      4.425510
   3.44277      4.423863      4.424127
   3.38696      4.453225      4.453189
   3.33116      4.317601      4.317616
   3.27536      4.249789      4.249790
   3.21956      4.173289      4.173288
   3.16376      4.171460      4.171660
   3.10796      4.185770      4.185769
   3.10796      4.185771      4.185769
   3.05106      4.148405      4.148404
   2.99416      4.129125      4.129124
   2.93726      4.205173      4.205176
   2.88036      4.192320      4.192319
   2.82346      4.260951      4.260918
   2.76656      4.235010      4.234961
   2.70966      4.248925      4.248923
   2.65276      4.220962      4.220934
   2.59586      4.153125      4.153115
   2.53896      4.082977      4.082970
   2.53896      3.844505      3.844504
   2.48379      3.901708      3.901708
   2.42861      4.009402      4.009402
   2.37344      4.151358      4.151357
   2.31826      4.246310      4.246309
   2.26309      4.165929      4.165918
   2.20791      4.171082      4.171081
   2.15274      4.317655      4.317660
   2.09756      4.297937      4.297931
   2.04239      4.184285      4.184276
   1.98722      4.140593      4.140616
   1.93204      4.185771      4.185770
   1.93204      4.185770      4.185769
   1.87761      4.153567      4.153543
   1.82319      4.170148      4.170147
   1.76876      4.186498      4.186497
   1.71433      4.296549      4.296199
   1.65991      4.410982      4.410947
   1.60548      4.460120      4.460052
   1.55105      4.293065      4.293041
   1.49663      4.246226      4.246168
   1.44220      4.300522      4.300545
   1.38777      4.240764      4.240682
   1.33334      4.013392      4.013391
   1.27892      3.835378      3.835378
   1.22449      3.776411      3.776411
   1.22449      4.085535      4.085534
   1.16198      4.071638      4.071637
   1.09947      4.043995      4.043993
   1.03696      4.008308      4.008320
   0.97444      4.066560      4.066535
   0.91193      4.082369      4.082337
   0.84942      4.087296      4.087295
   0.78691      4.185770      4.185769
   0.78691      4.185772      4.185770
   0.72645      4.148438      4.148830
   0.66599      4.168635      4.168274
   0.60553      4.337867      4.337685
   0.54507      4.517805      4.517271
   0.48462      4.661319      4.661668
   0.42416      4.630507      4.630476
   0.36370      4.583755      4.583846
   0.36370      4.291189      4.291061
   0.30308      4.333437      4.333354
   0.24247      4.456135      4.456145
   0.18185      4.322001      4.321997
   0.12123      4.294836      4.294963
   0.06062      4.236618      4.236627
   0.00000      4.185770      4.185770
 
# Band-Index   81
   0.00000      4.421184      4.421182
   0.06062      4.365873      4.365850
   0.12123      4.350770      4.350794
   0.18185      4.419234      4.419194
   0.24247      4.496126      4.496074
   0.30308      4.428656      4.428618
   0.36370      4.349945      4.349944
   0.36370      4.786624      4.786612
   0.42416      4.745095      4.745102
   0.48462      4.719103      4.719082
   0.54507      4.520201      4.520080
   0.60553      4.349115      4.349131
   0.66599      4.409386      4.409350
   0.72645      4.495258      4.495225
   0.78691      4.421198      4.421197
   0.78691      4.421175      4.421182
   0.84942      4.425168      4.425153
   0.91193      4.429992      4.429987
   0.97444      4.322042      4.322079
   1.03696      4.045345      4.045344
   1.09947      4.276079      4.276084
   1.16198      4.598708      4.598725
   1.22449      4.768459      4.768429
   1.22449      4.563230      4.563231
   1.27892      4.469516      4.469514
   1.33334      4.433489      4.433492
   1.38777      4.465957      4.465925
   1.44220      4.583754      4.583623
   1.49663      4.722133      4.722211
   1.55105      4.668135      4.668135
   1.60548      4.551037      4.551034
   1.65991      4.536468      4.536468
   1.71433      4.360078      4.360062
   1.76876      4.246539      4.246541
   1.82319      4.278770      4.278755
   1.87761      4.401398      4.401438
   1.93204      4.421184      4.421188
   1.93204      4.421179      4.421188
   1.98722      4.416499      4.416489
   2.04239      4.361440      4.361414
   2.09756      4.309617      4.309613
   2.15274      4.322125      4.322094
   2.20791      4.341141      4.341138
   2.26309      4.380213      4.380211
   2.31826      4.303434      4.303432
   2.37344      4.385841      4.385841
   2.42861      4.505125      4.505126
   2.48379      4.538374      4.538371
   2.53896      4.585733      4.585714
   2.53896      4.293657      4.293668
   2.59586      4.295092      4.295094
   2.65276      4.341281      4.341253
   2.70966      4.355978      4.355991
   2.76656      4.318782      4.318546
   2.82346      4.278726      4.278678
   2.88036      4.276229      4.276214
   2.93726      4.267377      4.267355
   2.99416      4.340662      4.340617
   3.05106      4.400245      4.400231
   3.10796      4.421183      4.421168
   3.10796      4.421200      4.421182
   3.16376      4.452855      4.452922
   3.21956      4.368870      4.368869
   3.27536      4.306201      4.306249
   3.33116      4.486294      4.486272
   3.38696      4.564137      4.564222
   3.44277      4.670236      4.670273
   3.49857      4.709450      4.709530
   3.55437      4.682305      4.682404
   3.61017      4.686582      4.686605
   3.66597      4.696019      4.696015
 
# Band-Index   82
   3.66597      4.696153      4.696147
   3.61017      4.748276      4.748464
   3.55437      4.803646      4.803423
   3.49857      4.759730      4.759657
   3.44277      4.780669      4.780558
   3.38696      4.772614      4.772804
   3.33116      4.705388      4.705347
   3.27536      4.632784      4.632709
   3.21956      4.592144      4.592144
   3.16376      4.567707      4.567717
   3.10796      4.587736      4.587734
   3.10796      4.587736      4.587735
   3.05106      4.600213      4.600209
   2.99416      4.564733      4.564717
   2.93726      4.498444      4.498439
   2.88036      4.408346      4.408338
   2.82346      4.314901      4.314700
   2.76656      4.368196      4.368158
   2.70966      4.427105      4.427069
   2.65276      4.416977      4.416977
   2.59586      4.337696      4.337601
   2.53896      4.293658      4.293734
   2.53896      4.585749      4.585757
   2.48379      4.676233      4.676260
   2.42861      4.654569      4.654529
   2.37344      4.550909      4.550908
   2.31826      4.457515      4.457516
   2.26309      4.391020      4.391020
   2.20791      4.413899      4.413891
   2.15274      4.387948      4.387936
   2.09756      4.339151      4.339142
   2.04239      4.451738      4.451736
   1.98722      4.574677      4.574676
   1.93204      4.587735      4.587759
   1.93204      4.587735      4.587735
   1.87761      4.602348      4.602347
   1.82319      4.567860      4.567867
   1.76876      4.557306      4.557304
   1.71433      4.549061      4.549060
   1.65991      4.568965      4.568965
   1.60548      4.741170      4.741066
   1.55105      4.772956      4.772942
   1.49663      4.740662      4.740841
   1.44220      4.685855      4.685813
   1.38777      4.562791      4.562716
   1.33334      4.525028      4.525020
   1.27892      4.552695      4.552682
   1.22449      4.563231      4.563249
   1.22449      4.784698      4.784915
   1.16198      4.784642      4.784703
   1.09947      4.771035      4.771014
   1.03696      4.613307      4.613308
   0.97444      4.485640      4.485595
   0.91193      4.541778      4.541773
   0.84942      4.590142      4.590141
   0.78691      4.587749      4.587738
   0.78691      4.587737      4.587736
   0.72645      4.605331      4.605272
   0.66599      4.578144      4.578140
   0.60553      4.567283      4.567289
   0.54507      4.661862      4.661908
   0.48462      4.796829      4.796594
   0.42416      4.839718      4.839612
   0.36370      4.786701      4.786874
   0.36370      4.349945      4.349944
   0.30308      4.486498      4.486482
   0.24247      4.517284      4.516428
   0.18185      4.444644      4.444732
   0.12123      4.477598      4.477616
   0.06062      4.559122      4.559123
   0.00000      4.587735      4.587736
 
# Band-Index   83
   0.00000      4.611298      4.611327
   0.06062      4.667180      4.667279
   0.12123      4.593215      4.593216
   0.18185      4.607716      4.607715
   0.24247      4.650555      4.650475
   0.30308      4.618533      4.618564
   0.36370      4.722312      4.722316
   0.36370      5.133429      5.133454
   0.42416      5.061938      5.061500
   0.48462      4.925658      4.925491
   0.54507      4.908938      4.908993
   0.60553      4.956637      4.956649
   0.66599      4.800388      4.800345
   0.72645      4.619021      4.619021
   0.78691      4.611268      4.611266
   0.78691      4.611272      4.611266
   0.84942      4.638629      4.638628
   0.91193      4.599276      4.599276
   0.97444      4.603544      4.603519
   1.03696      4.734797      4.734833
   1.09947      4.802443      4.802435
   1.16198      4.801380      4.801328
   1.22449      4.804186      4.804209
   1.22449      4.673057      4.673077
   1.27892      4.704040      4.704031
   1.33334      4.756774      4.756769
   1.38777      4.775477      4.775485
   1.44220      4.836579      4.836888
   1.49663      4.891750      4.891607
   1.55105      4.878901      4.878900
   1.60548      4.753446      4.753089
   1.65991      4.784308      4.784146
   1.71433      4.867982      4.868043
   1.76876      4.805755      4.805637
   1.82319      4.759582      4.759580
   1.87761      4.672500      4.672497
   1.93204      4.611268      4.611326
   1.93204      4.611312      4.611267
   1.98722      4.708558      4.708557
   2.04239      4.791725      4.791625
   2.09756      4.823032      4.822372
   2.15274      4.743366      4.742699
   2.20791      4.551257      4.551258
   2.26309      4.457636      4.457584
   2.31826      4.538450      4.538463
   2.37344      4.689945      4.690015
   2.42861      4.747837      4.747804
   2.48379      4.838349      4.838353
   2.53896      4.915440      4.915431
   2.53896      4.668603      4.668600
   2.59586      4.656012      4.655831
   2.65276      4.605214      4.605057
   2.70966      4.568058      4.568034
   2.76656      4.503219      4.503206
   2.82346      4.517743      4.517731
   2.88036      4.584653      4.584627
   2.93726      4.666141      4.666143
   2.99416      4.678042      4.678129
   3.05106      4.631270      4.631250
   3.10796      4.611268      4.611266
   3.10796      4.611271      4.611266
   3.16376      4.653231      4.653302
   3.21956      4.732143      4.732143
   3.27536      4.775439      4.775419
   3.33116      4.802614      4.802328
   3.38696      4.795650      4.796071
   3.44277      4.835392      4.835581
   3.49857      4.828081      4.828014
   3.55437      4.850089      4.850403
   3.61017      4.894970      4.894979
   3.66597      4.948045      4.948039
 
# Band-Index   84
   3.66597      4.948242      4.948457
   3.61017      4.943568      4.943568
   3.55437      4.951851      4.951794
   3.49857      4.959873      4.959802
   3.44277      4.970533      4.970764
   3.38696      4.974815      4.974990
   3.33116      4.867843      4.867855
   3.27536      4.937322      4.938481
   3.21956      4.847485      4.847483
   3.16376      4.782015      4.782014
   3.10796      4.763255      4.763251
   3.10796      4.763326      4.763252
   3.05106      4.744605      4.744515
   2.99416      4.716684      4.716685
   2.93726      4.753460      4.753466
   2.88036      4.795334      4.795770
   2.82346      4.794829      4.794597
   2.76656      4.701205      4.701538
   2.70966      4.633731      4.633714
   2.65276      4.777838      4.777834
   2.59586      4.724645      4.724649
   2.53896      4.668623      4.668793
   2.53896      4.915467      4.915467
   2.48379      4.849411      4.849410
   2.42861      4.869488      4.869487
   2.37344      4.822527      4.822733
   2.31826      4.879059      4.879319
   2.26309      4.878139      4.878116
   2.20791      4.804462      4.803474
   2.15274      4.802429      4.802079
   2.09756      4.846767      4.846802
   2.04239      4.864414      4.864168
   1.98722      4.774690      4.774687
   1.93204      4.763253      4.763296
   1.93204      4.763260      4.763333
   1.87761      4.761334      4.761897
   1.82319      4.838929      4.838974
   1.76876      4.897102      4.897603
   1.71433      4.919770      4.919915
   1.65991      4.901137      4.901355
   1.60548      4.953662      4.954096
   1.55105      4.997707      4.996581
   1.49663      4.959319      4.959724
   1.44220      4.914762      4.914535
   1.38777      4.861635      4.861723
   1.33334      4.863445      4.863446
   1.27892      4.799591      4.799579
   1.22449      4.673068      4.673100
   1.22449      4.862191      4.862176
   1.16198      4.869088      4.869291
   1.09947      4.817501      4.817504
   1.03696      4.859292      4.859347
   0.97444      4.820957      4.820763
   0.91193      4.727264      4.727121
   0.84942      4.762908      4.762907
   0.78691      4.763307      4.763251
   0.78691      4.763254      4.763279
   0.72645      4.841256      4.841164
   0.66599      4.948320      4.948328
   0.60553      4.981433      4.981924
   0.54507      4.986194      4.986185
   0.48462      4.935765      4.935783
   0.42416      5.109602      5.110848
   0.36370      5.133977      5.134315
   0.36370      4.722314      4.722344
   0.30308      4.755818      4.755834
   0.24247      4.713952      4.713926
   0.18185      4.779421      4.780034
   0.12123      4.766325      4.766325
   0.06062      4.703683      4.703691
   0.00000      4.763253      4.763257
 
# Band-Index   85
   0.00000      4.854467      4.854335
   0.06062      4.880579      4.880573
   0.12123      4.906732      4.906477
   0.18185      4.838530      4.839063
   0.24247      4.767823      4.767545
   0.30308      5.004199      5.004227
   0.36370      5.193680      5.193680
   0.36370      5.333918      5.333568
   0.42416      5.188975      5.189448
   0.48462      5.060769      5.060081
   0.54507      5.037394      5.036337
   0.60553      5.090784      5.090506
   0.66599      4.995633      4.996025
   0.72645      4.892666      4.892664
   0.78691      4.854333      4.854336
   0.78691      4.854335      4.854349
   0.84942      4.824596      4.824572
   0.91193      4.964940      4.964791
   0.97444      4.991017      4.989752
   1.03696      4.986130      4.986467
   1.09947      5.016743      5.016683
   1.16198      4.999710      4.999559
   1.22449      5.003200      5.003085
   1.22449      5.050512      5.050507
   1.27892      4.942095      4.942094
   1.33334      4.902239      4.902337
   1.38777      4.954073      4.953761
   1.44220      4.994240      4.994525
   1.49663      5.091825      5.091086
   1.55105      5.055111      5.055139
   1.60548      5.068296      5.072104
   1.65991      5.042872      5.042541
   1.71433      4.976693      4.976818
   1.76876      4.959395      4.959591
   1.82319      4.921324      4.921347
   1.87761      4.880536      4.880535
   1.93204      4.854332      4.854332
   1.93204      4.854335      4.854338
   1.98722      4.881606      4.881600
   2.04239      4.889896      4.889908
   2.09756      4.892016      4.892192
   2.15274      4.946970      4.947107
   2.20791      5.060562      5.061116
   2.26309      5.182585      5.182627
   2.31826      5.157200      5.157204
   2.37344      5.029744      5.029768
   2.42861      4.930789      4.930675
   2.48379      4.965376      4.965354
   2.53896      5.015252      5.015253
   2.53896      4.995273      4.995233
   2.59586      4.933002      4.933086
   2.65276      4.864532      4.863732
   2.70966      4.860491      4.860976
   2.76656      4.842046      4.841999
   2.82346      4.853943      4.853939
   2.88036      4.853496      4.853421
   2.93726      4.852040      4.852060
   2.99416      4.905455      4.905282
   3.05106      4.848802      4.848790
   3.10796      4.854332      4.854331
   3.10796      4.854332      4.854333
   3.16376      4.878192      4.878215
   3.21956      4.953982      4.953911
   3.27536      4.982026      4.981879
   3.33116      5.097047      5.096113
   3.38696      5.158772      5.159643
   3.44277      5.016339      5.017252
   3.49857      5.002686      5.002424
   3.55437      4.994324      4.994622
   3.61017      5.048264      5.048411
   3.66597      5.170207      5.170821
 
# Band-Index   86
   3.66597      5.174704      5.175075
   3.61017      5.211169      5.210067
   3.55437      5.247452      5.247758
   3.49857      5.272158      5.271357
   3.44277      5.316857      5.316092
   3.38696      5.167250      5.168422
   3.33116      5.241824      5.241789
   3.27536      5.139659      5.139647
   3.21956      5.039303      5.039301
   3.16376      4.991194      4.991831
   3.10796      4.994865      4.994822
   3.10796      4.994968      4.994734
   3.05106      4.978519      4.978574
   2.99416      4.939902      4.940226
   2.93726      5.024990      5.024984
   2.88036      5.084977      5.084901
   2.82346      5.033356      5.033336
   2.76656      5.016880      5.017213
   2.70966      5.005609      5.004412
   2.65276      4.976695      4.975858
   2.59586      5.046338      5.046418
   2.53896      4.996126      4.995431
   2.53896      5.015260      5.015257
   2.48379      5.055312      5.055328
   2.42861      4.981566      4.981595
   2.37344      5.136848      5.136504
   2.31826      5.288727      5.288102
   2.26309      5.236397      5.235721
   2.20791      5.099482      5.098329
   2.15274      4.995184      4.995650
   2.09756      5.152987      5.152348
   2.04239      5.073731      5.073811
   1.98722      4.950663      4.949992
   1.93204      4.994735      4.994818
   1.93204      4.994858      4.994968
   1.87761      4.961118      4.961181
   1.82319      5.017457      5.016954
   1.76876      5.089316      5.090062
   1.71433      5.043964      5.043912
   1.65991      5.138701      5.139538
   1.60548      5.142436      5.142498
   1.55105      5.221297      5.220495
   1.49663      5.192759      5.191896
   1.44220      5.186226      5.185906
   1.38777      5.142506      5.141855
   1.33334      5.018107      5.018092
   1.27892      4.967485      4.967156
   1.22449      5.051073      5.050556
   1.22449      5.160797      5.160539
   1.16198      5.179824      5.180207
   1.09947      5.160575      5.160515
   1.03696      5.038218      5.038820
   0.97444      5.025402      5.025278
   0.91193      4.970385      4.969816
   0.84942      4.971173      4.970999
   0.78691      4.995841      4.994841
   0.78691      4.994907      4.994734
   0.72645      4.980802      4.980946
   0.66599      5.083417      5.083170
   0.60553      5.109186      5.109059
   0.54507      5.188962      5.189154
   0.48462      5.178314      5.178695
   0.42416      5.191039      5.191678
   0.36370      5.335773      5.333882
   0.36370      5.194212      5.193681
   0.30308      5.005805      5.005661
   0.24247      4.872960      4.872129
   0.18185      4.861177      4.861417
   0.12123      5.014036      5.014376
   0.06062      5.007121      5.006990
   0.00000      4.996004      4.994909
 
# Band-Index   87
   0.00000      5.103358      5.103542
   0.06062      5.095715      5.095886
   0.12123      5.063087      5.063028
   0.18185      5.148988      5.149352
   0.24247      5.212360      5.214290
   0.30308      5.363125      5.359759
   0.36370      5.276037      5.276016
   0.36370      5.482092      5.482642
   0.42416      5.516602      5.515227
   0.48462      5.577233      5.574755
   0.54507      5.400760      5.406374
   0.60553      5.341937      5.342609
   0.66599      5.347459      5.346804
   0.72645      5.225165      5.225817
   0.78691      5.103321      5.103656
   0.78691      5.103484      5.103320
   0.84942      5.185609      5.185037
   0.91193      5.253384      5.252843
   0.97444      5.227942      5.227948
   1.03696      5.284572      5.284699
   1.09947      5.191494      5.191267
   1.16198      5.224824      5.224381
   1.22449      5.226157      5.226162
   1.22449      5.059351      5.059342
   1.27892      5.161393      5.161003
   1.33334      5.268802      5.268727
   1.38777      5.362760      5.362006
   1.44220      5.415143      5.413917
   1.49663      5.386821      5.386524
   1.55105      5.366151      5.363586
   1.60548      5.321329      5.317390
   1.65991      5.201230      5.201234
   1.71433      5.316142      5.312768
   1.76876      5.375046      5.374790
   1.82319      5.340336      5.340623
   1.87761      5.211795      5.212332
   1.93204      5.103319      5.103385
   1.93204      5.103332      5.103318
   1.98722      5.254421      5.254968
   2.04239      5.435983      5.434228
   2.09756      5.337491      5.338772
   2.15274      5.287296      5.287415
   2.20791      5.414490      5.412505
   2.26309      5.463900      5.463799
   2.31826      5.342088      5.340997
   2.37344      5.255585      5.256378
   2.42861      5.221274      5.221212
   2.48379      5.164789      5.164783
   2.53896      5.189788      5.189798
   2.53896      5.259085      5.259583
   2.59586      5.111879      5.111842
   2.65276      5.139900      5.138494
   2.70966      5.285255      5.285806
   2.76656      5.292286      5.294477
   2.82346      5.260430      5.261892
   2.88036      5.189094      5.188641
   2.93726      5.147040      5.146875
   2.99416      5.140975      5.140592
   3.05106      5.135298      5.134941
   3.10796      5.103513      5.103313
   3.10796      5.103374      5.103389
   3.16376      5.164160      5.165179
   3.21956      5.228871      5.227965
   3.27536      5.240632      5.240934
   3.33116      5.299869      5.300632
   3.38696      5.354035      5.353994
   3.44277      5.417893      5.423324
   3.49857      5.478885      5.485783
   3.55437      5.434958      5.431913
   3.61017      5.359464      5.359381
   3.66597      5.319994      5.320185
 
# Band-Index   88
   3.66597      5.322733      5.320650
   3.61017      5.473062      5.483007
   3.55437      5.581698      5.591279
   3.49857      5.586022      5.592866
   3.44277      5.518435      5.528512
   3.38696      5.436476      5.438224
   3.33116      5.396722      5.398144
   3.27536      5.357498      5.358506
   3.21956      5.271878      5.275085
   3.16376      5.289882      5.290063
   3.10796      5.316252      5.315244
   3.10796      5.316531      5.315672
   3.05106      5.323452      5.323652
   2.99416      5.375785      5.376325
   2.93726      5.328241      5.327759
   2.88036      5.292813      5.293340
   2.82346      5.289994      5.288647
   2.76656      5.334184      5.336217
   2.70966      5.312718      5.312722
   2.65276      5.312582      5.309521
   2.59586      5.324182      5.320893
   2.53896      5.260341      5.261727
   2.53896      5.189795      5.189879
   2.48379      5.277362      5.277289
   2.42861      5.369056      5.369025
   2.37344      5.480720      5.480114
   2.31826      5.590173      5.585621
   2.26309      5.580605      5.585510
   2.20791      5.544822      5.549292
   2.15274      5.557794      5.558747
   2.09756      5.467784      5.467478
   2.04239      5.466789      5.468422
   1.98722      5.373560      5.375047
   1.93204      5.314423      5.317130
   1.93204      5.314638      5.315812
   1.87761      5.339044      5.339342
   1.82319      5.442216      5.441609
   1.76876      5.483618      5.481343
   1.71433      5.394683      5.393402
   1.65991      5.353501      5.353838
   1.60548      5.437403      5.436996
   1.55105      5.470815      5.467497
   1.49663      5.475164      5.476044
   1.44220      5.544312      5.545683
   1.38777      5.456602      5.455951
   1.33334      5.378988      5.378012
   1.27892      5.207487      5.207374
   1.22449      5.059616      5.060236
   1.22449      5.577108      5.576245
   1.16198      5.428317      5.430238
   1.09947      5.281758      5.281189
   1.03696      5.296164      5.297482
   0.97444      5.336971      5.333888
   0.91193      5.286843      5.286053
   0.84942      5.372105      5.372273
   0.78691      5.314840      5.317491
   0.78691      5.315901      5.315033
   0.72645      5.326332      5.330373
   0.66599      5.391300      5.389164
   0.60553      5.393692      5.384205
   0.54507      5.446526      5.447334
   0.48462      5.596599      5.599485
   0.42416      5.651717      5.647228
   0.36370      5.484601      5.496352
   0.36370      5.276063      5.276656
   0.30308      5.396965      5.394991
   0.24247      5.316976      5.309235
   0.18185      5.170305      5.169938
   0.12123      5.137728      5.138095
   0.06062      5.241102      5.242017
   0.00000      5.315568      5.314869
 
# Band-Index   89
   0.00000      5.484088      5.485058
   0.06062      5.546856      5.550937
   0.12123      5.622777      5.621145
   0.18185      5.644303      5.638652
   0.24247      5.583453      5.586136
   0.30308      5.484644      5.498290
   0.36370      5.701893      5.701135
   0.36370      5.781855      5.775255
   0.42416      5.734443      5.734738
   0.48462      5.681395      5.684482
   0.54507      5.668771      5.660929
   0.60553      5.678754      5.677875
   0.66599      5.450457      5.449780
   0.72645      5.443319      5.443099
   0.78691      5.484961      5.488096
   0.78691      5.483942      5.485146
   0.84942      5.402124      5.401940
   0.91193      5.483969      5.482941
   0.97444      5.413803      5.412093
   1.03696      5.403413      5.402533
   1.09947      5.551354      5.551460
   1.16198      5.626935      5.623062
   1.22449      5.667124      5.667088
   1.22449      5.527225      5.530612
   1.27892      5.507146      5.508302
   1.33334      5.459176      5.460520
   1.38777      5.551302      5.552057
   1.44220      5.608264      5.608055
   1.49663      5.700931      5.710505
   1.55105      5.605955      5.606147
   1.60548      5.575490      5.572447
   1.65991      5.673816      5.668072
   1.71433      5.562459      5.563572
   1.76876      5.513166      5.511656
   1.82319      5.537112      5.534797
   1.87761      5.506711      5.506923
   1.93204      5.484295      5.484554
   1.93204      5.484221      5.485664
   1.98722      5.493331      5.493554
   2.04239      5.570707      5.563715
   2.09756      5.734617      5.736508
   2.15274      5.785204      5.789111
   2.20791      5.771458      5.775809
   2.26309      5.697650      5.697596
   2.31826      5.598955      5.594795
   2.37344      5.510392      5.510804
   2.42861      5.383166      5.383090
   2.48379      5.290159      5.290157
   2.53896      5.371596      5.371585
   2.53896      5.488639      5.488056
   2.59586      5.368772      5.370694
   2.65276      5.373508      5.369148
   2.70966      5.375942      5.376717
   2.76656      5.457033      5.446017
   2.82346      5.400142      5.399611
   2.88036      5.346022      5.346012
   2.93726      5.466400      5.467059
   2.99416      5.425015      5.430322
   3.05106      5.464858      5.464526
   3.10796      5.487936      5.483861
   3.10796      5.487268      5.484401
   3.16376      5.489869      5.490556
   3.21956      5.499874      5.498826
   3.27536      5.477128      5.472898
   3.33116      5.432379      5.430023
   3.38696      5.521033      5.524767
   3.44277      5.532984      5.545185
   3.49857      5.724053      5.735080
   3.55437      5.650998      5.657753
   3.61017      5.617245      5.621583
   3.66597      5.723051      5.722497
 
# Band-Index   90
   3.66597      5.724823      5.728400
   3.61017      5.709828      5.713593
   3.55437      5.759868      5.770597
   3.49857      5.779912      5.774119
   3.44277      5.671909      5.676409
   3.38696      5.615148      5.636384
   3.33116      5.601742      5.604926
   3.27536      5.671019      5.674378
   3.21956      5.699375      5.703956
   3.16376      5.674465      5.675876
   3.10796      5.648568      5.644271
   3.10796      5.647279      5.644125
   3.05106      5.682168      5.681569
   2.99416      5.681982      5.685274
   2.93726      5.524094      5.521522
   2.88036      5.635968      5.635776
   2.82346      5.748011      5.743856
   2.76656      5.714906      5.754334
   2.70966      5.623614      5.626839
   2.65276      5.571557      5.550628
   2.59586      5.526413      5.534264
   2.53896      5.495947      5.508503
   2.53896      5.371599      5.371609
   2.48379      5.543737      5.544070
   2.42861      5.616267      5.616364
   2.37344      5.703681      5.700444
   2.31826      5.861041      5.831189
   2.26309      5.821553      5.823216
   2.20791      5.788467      5.787735
   2.15274      5.799311      5.800812
   2.09756      5.740190      5.741316
   2.04239      5.585757      5.584008
   1.98722      5.606604      5.608597
   1.93204      5.645179      5.647343
   1.93204      5.644007      5.645792
   1.87761      5.625394      5.623372
   1.82319      5.592189      5.592766
   1.76876      5.705102      5.699555
   1.71433      5.781574      5.766998
   1.65991      5.736655      5.738350
   1.60548      5.804257      5.802951
   1.55105      5.850142      5.858120
   1.49663      5.737357      5.743945
   1.44220      5.688304      5.699002
   1.38777      5.661879      5.656664
   1.33334      5.598006      5.597112
   1.27892      5.547386      5.557309
   1.22449      5.527411      5.535928
   1.22449      5.787865      5.786650
   1.16198      5.690394      5.684971
   1.09947      5.612199      5.613352
   1.03696      5.523994      5.523928
   0.97444      5.467794      5.469733
   0.91193      5.580120      5.574866
   0.84942      5.689337      5.690714
   0.78691      5.644053      5.646450
   0.78691      5.645793      5.645378
   0.72645      5.673866      5.696597
   0.66599      5.685275      5.703660
   0.60553      5.734867      5.765690
   0.54507      5.889115      5.880107
   0.48462      5.707560      5.696113
   0.42416      5.815144      5.823883
   0.36370      5.787322      5.779070
   0.36370      5.712487      5.704016
   0.30308      5.682814      5.689432
   0.24247      5.643026      5.620981
   0.18185      5.658934      5.657389
   0.12123      5.714863      5.715051
   0.06062      5.676179      5.680264
   0.00000      5.645594      5.647304
 
# Band-Index   91
   0.00000      5.999689      5.992604
   0.06062      5.938362      5.955119
   0.12123      5.880346      5.879850
   0.18185      5.880055      5.889113
   0.24247      5.883174      5.886909
   0.30308      5.766628      5.768356
   0.36370      5.744206      5.744453
   0.36370      6.104686      6.107427
   0.42416      6.012665      6.004217
   0.48462      6.094588      6.086324
   0.54507      5.965550      5.974799
   0.60553      5.866218      5.861180
   0.66599      5.823702      5.844871
   0.72645      5.947790      5.956597
   0.78691      5.977807      5.984511
   0.78691      5.979437      5.993093
   0.84942      5.846547      5.844560
   0.91193      5.684438      5.668480
   0.97444      5.715200      5.719973
   1.03696      5.645748      5.652391
   1.09947      5.687678      5.682470
   1.16198      5.806953      5.798368
   1.22449      5.803129      5.802947
   1.22449      5.985093      5.980172
   1.27892      5.957933      5.955462
   1.33334      5.864324      5.863957
   1.38777      5.756640      5.757958
   1.44220      5.738160      5.733265
   1.49663      5.905496      5.886835
   1.55105      5.884187      5.878279
   1.60548      6.009913      5.992179
   1.65991      6.042911      6.051959
   1.71433      5.936816      5.925739
   1.76876      5.803810      5.806019
   1.82319      5.905530      5.883772
   1.87761      5.964117      5.965223
   1.93204      5.977314      5.983481
   1.93204      5.977357      5.981156
   1.98722      5.975434      5.982555
   2.04239      5.825533      5.821592
   2.09756      5.872707      5.877468
   2.15274      6.098146      6.103364
   2.20791      6.136455      6.178205
   2.26309      6.101496      6.113191
   2.31826      6.063827      6.047928
   2.37344      5.965118      5.951758
   2.42861      5.756260      5.752678
   2.48379      5.567779      5.567943
   2.53896      5.552386      5.552419
   2.53896      5.590338      5.587673
   2.59586      5.667623      5.675273
   2.65276      5.772800      5.782944
   2.70966      5.914486      5.854271
   2.76656      5.902939      5.918149
   2.82346      5.836947      5.835474
   2.88036      5.725209      5.731486
   2.93726      5.694441      5.698819
   2.99416      5.735640      5.735603
   3.05106      5.917687      5.901971
   3.10796      5.992769      5.984334
   3.10796      5.981580      5.981413
   3.16376      5.946042      5.954149
   3.21956      5.890729      5.888551
   3.27536      5.855685      5.856922
   3.33116      5.787924      5.780251
   3.38696      5.638771      5.678531
   3.44277      5.784664      5.785826
   3.49857      5.838640      5.852098
   3.55437      5.826006      5.823339
   3.61017      5.785242      5.782209
   3.66597      5.731521      5.739842
 
# Band-Index   92
   3.66597      5.746596      5.740846
   3.61017      5.922715      5.924161
   3.55437      6.073671      6.110878
   3.49857      5.885146      5.919511
   3.44277      5.874279      5.880435
   3.38696      5.896905      5.908379
   3.33116      5.912984      5.915214
   3.27536      5.902095      5.868154
   3.21956      5.930192      5.913914
   3.16376      6.074905      6.083461
   3.10796      6.205082      6.232519
   3.10796      6.217232      6.202513
   3.05106      5.980840      5.981820
   2.99416      5.831272      5.832891
   2.93726      5.899264      5.888565
   2.88036      5.993362      5.989826
   2.82346      6.021852      6.015947
   2.76656      6.030909      6.049608
   2.70966      6.017696      6.012201
   2.65276      5.960055      5.957008
   2.59586      5.749363      5.735241
   2.53896      5.638285      5.602192
   2.53896      5.552483      5.552430
   2.48379      5.634004      5.635041
   2.42861      5.788979      5.788773
   2.37344      5.987792      5.986732
   2.31826      6.172570      6.139389
   2.26309      6.231363      6.237120
   2.20791      6.250470      6.290220
   2.15274      6.119429      6.120108
   2.09756      5.991334      5.987748
   2.04239      5.976493      5.972353
   1.98722      6.073119      6.086671
   1.93204      6.206972      6.220802
   1.93204      6.214134      6.227345
   1.87761      6.096534      6.105961
   1.82319      5.954597      5.951648
   1.76876      5.938390      5.941420
   1.71433      6.105006      6.090660
   1.65991      6.144893      6.138103
   1.60548      6.225412      6.235296
   1.55105      6.149417      6.157935
   1.49663      6.064952      6.050954
   1.44220      6.004793      5.975597
   1.38777      6.019752      6.018931
   1.33334      6.011831      6.016165
   1.27892      5.994640      6.008635
   1.22449      6.008218      6.042236
   1.22449      5.850387      5.843291
   1.16198      6.005609      6.000463
   1.09947      6.030491      6.043928
   1.03696      5.924771      5.935440
   0.97444      5.746348      5.751399
   0.91193      5.747661      5.743278
   0.84942      5.882949      5.885412
   0.78691      6.196259      6.218999
   0.78691      6.221104      6.210733
   0.72645      5.995988      6.002694
   0.66599      5.923681      5.913428
   0.60553      5.937322      5.933476
   0.54507      6.025017      6.056080
   0.48462      6.199295      6.160165
   0.42416      6.147113      6.138327
   0.36370      6.123144      6.146947
   0.36370      5.753635      5.749951
   0.30308      5.868589      5.854542
   0.24247      5.917830      5.891841
   0.18185      6.016171      6.018121
   0.12123      6.036212      6.076442
   0.06062      6.186741      6.183819
   0.00000      6.220696      6.203679
 
# Band-Index   93
   0.00000      6.259237      6.273562
   0.06062      6.255270      6.267041
   0.12123      6.197186      6.136638
   0.18185      6.130424      6.165184
   0.24247      6.134982      6.109095
   0.30308      5.981742      6.003819
   0.36370      5.957461      5.957278
   0.36370      6.244735      6.243395
   0.42416      6.217879      6.186458
   0.48462      6.269071      6.243010
   0.54507      6.241574      6.233381
   0.60553      6.155234      6.137378
   0.66599      6.258993      6.256435
   0.72645      6.358083      6.365398
   0.78691      6.277172      6.350199
   0.78691      6.271086      6.239061
   0.84942      6.360666      6.374422
   0.91193      6.231166      6.262669
   0.97444      6.173695      6.157191
   1.03696      6.112614      6.092761
   1.09947      6.083986      6.094849
   1.16198      6.055089      6.066317
   1.22449      5.960946      5.948956
   1.22449      6.223710      6.227080
   1.27892      6.185731      6.189777
   1.33334      6.098172      6.132717
   1.38777      6.067178      6.092509
   1.44220      6.106657      6.080412
   1.49663      6.165931      6.200972
   1.55105      6.224397      6.265322
   1.60548      6.324025      6.325149
   1.65991      6.308370      6.297080
   1.71433      6.162564      6.144463
   1.76876      6.252193      6.183979
   1.82319      6.184871      6.188414
   1.87761      6.258000      6.226990
   1.93204      6.302746      6.268098
   1.93204      6.276660      6.251866
   1.98722      6.233955      6.269620
   2.04239      6.231983      6.255473
   2.09756      6.177823      6.176910
   2.15274      6.252773      6.241558
   2.20791      6.428076      6.433129
   2.26309      6.294828      6.316410
   2.31826      6.209273      6.175675
   2.37344      6.228303      6.264223
   2.42861      6.371661      6.375504
   2.48379      6.511344      6.501780
   2.53896      6.610473      6.622982
   2.53896      6.154614      6.157268
   2.59586      6.121329      6.129185
   2.65276      6.108496      6.130289
   2.70966      6.218869      6.245599
   2.76656      6.139087      6.178327
   2.82346      6.093851      6.123338
   2.88036      6.204263      6.202715
   2.93726      6.270076      6.266224
   2.99416      6.298032      6.281166
   3.05106      6.336255      6.307647
   3.10796      6.293812      6.231412
   3.10796      6.250898      6.270763
   3.16376      6.330071      6.345304
   3.21956      6.186368      6.181921
   3.27536      6.061160      6.052764
   3.33116      6.035236      6.044638
   3.38696      6.161985      6.179326
   3.44277      6.148596      6.162677
   3.49857      6.279631      6.204277
   3.55437      6.330010      6.254798
   3.61017      6.412589      6.526884
   3.66597      6.560411      6.589030
 
# Band-Index   94
   3.66597      6.688971      6.639043
   3.61017      6.587972      6.595524
   3.55437      6.405856      6.429887
   3.49857      6.354416      6.330164
   3.44277      6.258581      6.378251
   3.38696      6.289886      6.282767
   3.33116      6.324037      6.314766
   3.27536      6.285431      6.315553
   3.21956      6.317069      6.376791
   3.16376      6.428466      6.436783
   3.10796      6.441059      6.429545
   3.10796      6.445634      6.438329
   3.05106      6.534114      6.447485
   2.99416      6.411255      6.460566
   2.93726      6.393085      6.352327
   2.88036      6.371178      6.381451
   2.82346      6.291992      6.299591
   2.76656      6.270787      6.317192
   2.70966      6.293626      6.349350
   2.65276      6.273136      6.291594
   2.59586      6.210375      6.244869
   2.53896      6.178087      6.294345
   2.53896      6.624360      6.654290
   2.48379      6.780478      6.850696
   2.42861      6.790485      6.830790
   2.37344      6.558578      6.578026
   2.31826      6.371733      6.366692
   2.26309      6.372511      6.390403
   2.20791      6.515519      6.494287
   2.15274      6.281075      6.278645
   2.09756      6.194014      6.223806
   2.04239      6.293202      6.294650
   1.98722      6.438062      6.373591
   1.93204      6.424442      6.438044
   1.93204      6.441826      6.432744
   1.87761      6.384788      6.411106
   1.82319      6.322251      6.302472
   1.76876      6.331128      6.297002
   1.71433      6.362104      6.378734
   1.65991      6.440589      6.375571
   1.60548      6.419131      6.491944
   1.55105      6.331783      6.366220
   1.49663      6.433309      6.346046
   1.44220      6.294524      6.305613
   1.38777      6.200826      6.258799
   1.33334      6.265892      6.327563
   1.27892      6.335558      6.284949
   1.22449      6.253547      6.273698
   1.22449      6.115038      6.093853
   1.16198      6.108685      6.123125
   1.09947      6.345961      6.343126
   1.03696      6.438436      6.463623
   0.97444      6.451133      6.475151
   0.91193      6.618432      6.490464
   0.84942      6.474774      6.468742
   0.78691      6.457566      6.446314
   0.78691      6.427168      6.447368
   0.72645      6.415415      6.392551
   0.66599      6.386478      6.402360
   0.60553      6.223313      6.173126
   0.54507      6.340309      6.305861
   0.48462      6.410547      6.411931
   0.42416      6.429790      6.475799
   0.36370      6.275401      6.473414
   0.36370      5.974176      5.965787
   0.30308      6.108728      6.188788
   0.24247      6.192561      6.248694
   0.18185      6.253875      6.268147
   0.12123      6.300326      6.280188
   0.06062      6.295947      6.354668
   0.00000      6.436561      6.428731
 
# Band-Index   95
   0.00000      6.533450      6.496209
   0.06062      6.528338      6.558525
   0.12123      6.356614      6.397576
   0.18185      6.407969      6.341559
   0.24247      6.420060      6.436328
   0.30308      6.212003      6.311088
   0.36370      6.139141      6.139265
   0.36370      6.678595      6.723620
   0.42416      6.642827      6.652362
   0.48462      6.483382      6.455641
   0.54507      6.389603      6.460977
   0.60553      6.419266      6.485538
   0.66599      6.535615      6.460766
   0.72645      6.489279      6.483665
   0.78691      6.547626      6.601542
   0.78691      6.517582      6.546890
   0.84942      6.567650      6.559950
   0.91193      6.676254      6.620963
   0.97444      6.539603      6.610028
   1.03696      6.495073      6.514014
   1.09947      6.350369      6.412074
   1.16198      6.269299      6.236267
   1.22449      6.180268      6.159684
   1.22449      6.326103      6.363810
   1.27892      6.404065      6.387049
   1.33334      6.416464      6.372019
   1.38777      6.412149      6.440341
   1.44220      6.436269      6.396233
   1.49663      6.552155      6.501635
   1.55105      6.521072      6.486126
   1.60548      6.630869      6.610213
   1.65991      6.553408      6.541457
   1.71433      6.518482      6.440380
   1.76876      6.437857      6.384963
   1.82319      6.575213      6.468569
   1.87761      6.516686      6.528051
   1.93204      6.574929      6.542009
   1.93204      6.470152      6.553254
   1.98722      6.550382      6.554812
   2.04239      6.554562      6.449402
   2.09756      6.504018      6.431371
   2.15274      6.503244      6.474702
   2.20791      6.552236      6.567612
   2.26309      6.512386      6.446738
   2.31826      6.598919      6.458338
   2.37344      6.725870      6.743904
   2.42861      6.911407      6.910805
   2.48379      6.992595      7.002982
   2.53896      7.000136      6.983371
   2.53896      6.490869      6.476807
   2.59586      6.380722      6.429554
   2.65276      6.523980      6.419555
   2.70966      6.382027      6.471967
   2.76656      6.467707      6.455893
   2.82346      6.533545      6.538494
   2.88036      6.520235      6.433916
   2.93726      6.454311      6.444782
   2.99416      6.646790      6.643628
   3.05106      6.723948      6.551280
   3.10796      6.668044      6.472857
   3.10796      6.492367      6.574934
   3.16376      6.463860      6.579456
   3.21956      6.529620      6.493323
   3.27536      6.479416      6.389268
   3.33116      6.368496      6.398576
   3.38696      6.402686      6.459697
   3.44277      6.355926      6.500042
   3.49857      6.472517      6.458098
   3.55437      6.531012      6.542851
   3.61017      6.689570      6.648342
   3.66597      6.725952      6.709583
 
# Band-Index   96
   3.66597      6.849082      6.758429
   3.61017      6.806136      6.799989
   3.55437      6.764281      6.688647
   3.49857      6.771538      6.778890
   3.44277      6.625125      6.744300
   3.38696      6.601083      6.666116
   3.33116      6.649016      6.736188
   3.27536      6.697015      6.618384
   3.21956      6.662482      6.602649
   3.16376      6.658499      6.711117
   3.10796      6.684412      6.717360
   3.10796      6.780226      6.664268
   3.05106      6.835917      6.752169
   2.99416      6.850432      6.935794
   2.93726      6.823704      6.867752
   2.88036      6.710822      6.771451
   2.82346      6.581367      6.590032
   2.76656      6.582528      6.581912
   2.70966      6.527457      6.530075
   2.65276      6.625247      6.692464
   2.59586      6.577792      6.579148
   2.53896      6.664389      6.587592
   2.53896      7.118830      7.032874
   2.48379      7.054061      7.061873
   2.42861      7.053824      6.986357
   2.37344      6.853311      6.933609
   2.31826      6.753494      6.779579
   2.26309      6.905090      6.722245
   2.20791      6.688918      6.721290
   2.15274      6.682793      6.849244
   2.09756      6.812801      6.804722
   2.04239      6.804456      6.884744
   1.98722      6.754776      6.816177
   1.93204      6.829797      6.673209
   1.93204      6.696176      6.705312
   1.87761      6.710340      6.673904
   1.82319      6.729513      6.741989
   1.76876      6.723874      6.804742
   1.71433      6.609318      6.760153
   1.65991      6.636022      6.608810
   1.60548      6.670690      6.801893
   1.55105      6.762772      6.809033
   1.49663      6.719394      6.728791
   1.44220      6.567650      6.624316
   1.38777      6.458173      6.558412
   1.33334      6.466985      6.629801
   1.27892      6.628553      6.541803
   1.22449      6.477511      6.429557
   1.22449      6.642219      6.722208
   1.16198      6.578545      6.568224
   1.09947      6.651998      6.671637
   1.03696      6.770094      6.771544
   0.97444      6.776052      6.781220
   0.91193      6.838147      6.765349
   0.84942      6.790286      6.760951
   0.78691      6.725380      6.740277
   0.78691      6.710868      6.880315
   0.72645      6.664846      6.714987
   0.66599      6.702260      6.641690
   0.60553      6.525138      6.598298
   0.54507      6.545943      6.515706
   0.48462      6.682755      6.546879
   0.42416      6.888287      6.760987
   0.36370      6.864598      6.811860
   0.36370      6.144503      6.165182
   0.30308      6.633519      6.599353
   0.24247      6.564915      6.623694
   0.18185      6.636524      6.565171
   0.12123      6.640490      6.689621
   0.06062      6.630913      6.881104
   0.00000      6.836048      6.792987
