#K-Path(1/A)         Spin-Up(eV)   Spin-down(eV)
# NKPTS & NBANDS: 161  24
# Band-Index    1
   0.00000    -43.754925    -43.754927
   0.05646    -43.754891    -43.754893
   0.11293    -43.754833    -43.754835
   0.16939    -43.754804    -43.754806
   0.22585    -43.754731    -43.754733
   0.28232    -43.754636    -43.754638
   0.33878    -43.754597    -43.754599
   0.39525    -43.754502    -43.754504
   0.45171    -43.754401    -43.754403
   0.50817    -43.754295    -43.754297
   0.56464    -43.754191    -43.754193
   0.62110    -43.754062    -43.754064
   0.67756    -43.753962    -43.753964
   0.67756    -43.753954    -43.753956
   0.74532    -43.753850    -43.753852
   0.81308    -43.753777    -43.753779
   0.88084    -43.753730    -43.753732
   0.94859    -43.753687    -43.753689
   1.01635    -43.753666    -43.753667
   1.01635    -43.753666    -43.753667
   1.06813    -43.753674    -43.753676
   1.11991    -43.753673    -43.753675
   1.17168    -43.753634    -43.753635
   1.22346    -43.753624    -43.753625
   1.27524    -43.753605    -43.753607
   1.32701    -43.753582    -43.753584
   1.37879    -43.753522    -43.753524
   1.43056    -43.753508    -43.753509
   1.48234    -43.753508    -43.753510
   1.53412    -43.753497    -43.753498
   1.58589    -43.753463    -43.753464
   1.63767    -43.753466    -43.753468
   1.68945    -43.753445    -43.753447
   1.74122    -43.753468    -43.753469
   1.79300    -43.753486    -43.753488
   1.84478    -43.753513    -43.753515
   1.89655    -43.753558    -43.753560
   1.94833    -43.753594    -43.753596
   2.00011    -43.753687    -43.753689
   2.05188    -43.753778    -43.753780
   2.10366    -43.753847    -43.753849
   2.15544    -43.753957    -43.753959
   2.20721    -43.754084    -43.754086
   2.25899    -43.754186    -43.754187
   2.31077    -43.754299    -43.754301
   2.36254    -43.754427    -43.754429
   2.41432    -43.754522    -43.754524
   2.46610    -43.754591    -43.754593
   2.51787    -43.754672    -43.754674
   2.56965    -43.754767    -43.754769
   2.62142    -43.754793    -43.754794
   2.67320    -43.754835    -43.754837
   2.72498    -43.754905    -43.754907
   2.77675    -43.754925    -43.754927
   2.77675    -43.754925    -43.754927
   2.82906    -43.754891    -43.754893
   2.88137    -43.754850    -43.754852
   2.93368    -43.754812    -43.754814
   2.98598    -43.754766    -43.754768
   3.03829    -43.754716    -43.754718
   3.09060    -43.754660    -43.754661
   3.14291    -43.754642    -43.754644
   3.19521    -43.754597    -43.754598
   3.24752    -43.754590    -43.754592
   3.29983    -43.754587    -43.754588
   3.35214    -43.754592    -43.754594
   3.40444    -43.754605    -43.754607
   3.45675    -43.754645    -43.754647
   3.50906    -43.754699    -43.754700
   3.56137    -43.754739    -43.754741
   3.61367    -43.754795    -43.754797
   3.66598    -43.754846    -43.754848
   3.71829    -43.754889    -43.754890
   3.77060    -43.754912    -43.754914
   3.82290    -43.754915    -43.754917
   3.87521    -43.754895    -43.754897
   3.92752    -43.754834    -43.754836
   3.97983    -43.754776    -43.754777
   4.03213    -43.754707    -43.754709
   4.08444    -43.754639    -43.754641
   4.13675    -43.754520    -43.754522
   4.18906    -43.754374    -43.754376
   4.24136    -43.754219    -43.754221
   4.29367    -43.754065    -43.754067
   4.34598    -43.753929    -43.753930
   4.39829    -43.753797    -43.753799
   4.45059    -43.753694    -43.753696
   4.50290    -43.753582    -43.753584
   4.55521    -43.753526    -43.753527
   4.60752    -43.753488    -43.753490
   4.60752    -43.753488    -43.753490
   4.67528    -43.753513    -43.753515
   4.74303    -43.753566    -43.753568
   4.81079    -43.753634    -43.753635
   4.87855    -43.753726    -43.753728
   4.94631    -43.753838    -43.753839
   4.94631    -43.753846    -43.753848
   5.00277    -43.753972    -43.753974
   5.05924    -43.754051    -43.754052
   5.11570    -43.754152    -43.754154
   5.17216    -43.754243    -43.754245
   5.22863    -43.754332    -43.754333
   5.28509    -43.754394    -43.754396
   5.34155    -43.754476    -43.754477
   5.39802    -43.754566    -43.754568
   5.45448    -43.754627    -43.754629
   5.51094    -43.754672    -43.754674
   5.56741    -43.754733    -43.754734
   5.62387    -43.754751    -43.754753
   5.62387    -43.754751    -43.754753
   5.67972    -43.754741    -43.754742
   5.73558    -43.754746    -43.754747
   5.79143    -43.754762    -43.754764
   5.84728    -43.754835    -43.754837
   5.90313    -43.754854    -43.754856
   5.95899    -43.754863    -43.754864
   6.01484    -43.754870    -43.754872
   6.07069    -43.754851    -43.754853
   6.12654    -43.754925    -43.754927
   6.12654    -43.756507    -43.756508
   6.18054    -43.756513    -43.756515
   6.23453    -43.756468    -43.756469
   6.28853    -43.756379    -43.756381
   6.34252    -43.756277    -43.756279
   6.39651    -43.756135    -43.756136
   6.45051    -43.755979    -43.755980
   6.50450    -43.755831    -43.755833
   6.55850    -43.755657    -43.755659
   6.61249    -43.755484    -43.755486
   6.66648    -43.755324    -43.755326
   6.72048    -43.755221    -43.755222
   6.77447    -43.755095    -43.755097
   6.82847    -43.755006    -43.755008
   6.88246    -43.754967    -43.754969
   6.93646    -43.754920    -43.754922
   6.99045    -43.754883    -43.754885
   7.04444    -43.754875    -43.754876
   7.09844    -43.754891    -43.754892
   7.15243    -43.754885    -43.754887
   7.20643    -43.754887    -43.754889
   7.26042    -43.754925    -43.754927
   7.26042    -43.754925    -43.754927
   7.31391    -43.754899    -43.754901
   7.36741    -43.754865    -43.754867
   7.42090    -43.754877    -43.754878
   7.47439    -43.754859    -43.754861
   7.52789    -43.754865    -43.754866
   7.58138    -43.754885    -43.754887
   7.63487    -43.754907    -43.754909
   7.68836    -43.754925    -43.754927
   7.74186    -43.754950    -43.754952
   7.79535    -43.754985    -43.754987
   7.84884    -43.755016    -43.755018
   7.90234    -43.755036    -43.755038
   7.95583    -43.755096    -43.755098
   8.00932    -43.755108    -43.755110
   8.06281    -43.755155    -43.755157
   8.11631    -43.755186    -43.755188
   8.16980    -43.755221    -43.755222
   8.22329    -43.755231    -43.755233
   8.27679    -43.755227    -43.755229
 
# Band-Index    2
   8.27679    -43.698686    -43.698684
   8.22329    -43.698656    -43.698654
   8.16980    -43.698488    -43.698487
   8.11631    -43.698170    -43.698168
   8.06281    -43.697778    -43.697777
   8.00932    -43.697269    -43.697267
   7.95583    -43.696723    -43.696722
   7.90234    -43.696108    -43.696107
   7.84884    -43.695461    -43.695459
   7.79535    -43.694810    -43.694808
   7.74186    -43.694196    -43.694194
   7.68836    -43.693595    -43.693593
   7.63487    -43.693040    -43.693038
   7.58138    -43.692539    -43.692537
   7.52789    -43.692134    -43.692133
   7.47439    -43.691803    -43.691802
   7.42090    -43.691570    -43.691569
   7.36741    -43.691404    -43.691402
   7.31391    -43.691294    -43.691293
   7.26042    -43.691266    -43.691264
   7.26042    -43.691266    -43.691264
   7.20643    -43.691284    -43.691282
   7.15243    -43.691383    -43.691381
   7.09844    -43.691524    -43.691522
   7.04444    -43.691698    -43.691697
   6.99045    -43.691958    -43.691956
   6.93646    -43.692272    -43.692271
   6.88246    -43.692664    -43.692663
   6.82847    -43.693093    -43.693091
   6.77447    -43.693597    -43.693596
   6.72048    -43.694162    -43.694160
   6.66648    -43.694724    -43.694723
   6.61249    -43.695334    -43.695332
   6.55850    -43.695932    -43.695930
   6.50450    -43.696522    -43.696521
   6.45051    -43.697068    -43.697067
   6.39651    -43.697571    -43.697570
   6.34252    -43.698000    -43.697998
   6.28853    -43.698351    -43.698349
   6.23453    -43.698589    -43.698587
   6.18054    -43.698736    -43.698735
   6.12654    -43.698764    -43.698763
   6.12654    -43.691266    -43.691264
   6.07069    -43.691242    -43.691241
   6.01484    -43.691259    -43.691258
   5.95899    -43.691322    -43.691320
   5.90313    -43.691350    -43.691348
   5.84728    -43.691390    -43.691389
   5.79143    -43.691411    -43.691410
   5.73558    -43.691426    -43.691424
   5.67972    -43.691465    -43.691463
   5.62387    -43.691504    -43.691503
   5.62387    -43.691504    -43.691503
   5.56741    -43.691627    -43.691626
   5.51094    -43.692021    -43.692019
   5.45448    -43.692717    -43.692715
   5.39802    -43.693694    -43.693692
   5.34155    -43.694822    -43.694821
   5.28509    -43.696203    -43.696201
   5.22863    -43.697670    -43.697669
   5.17216    -43.699209    -43.699208
   5.11570    -43.700814    -43.700813
   5.05924    -43.702407    -43.702406
   5.00277    -43.703942    -43.703941
   4.94631    -43.705338    -43.705337
   4.94631    -43.705328    -43.705327
   4.87855    -43.706803    -43.706802
   4.81079    -43.708067    -43.708066
   4.74303    -43.708994    -43.708993
   4.67528    -43.709545    -43.709544
   4.60752    -43.709684    -43.709683
   4.60752    -43.709684    -43.709683
   4.55521    -43.709686    -43.709685
   4.50290    -43.709645    -43.709644
   4.45059    -43.709587    -43.709586
   4.39829    -43.709487    -43.709486
   4.34598    -43.709354    -43.709353
   4.29367    -43.709180    -43.709179
   4.24136    -43.708989    -43.708988
   4.18906    -43.708781    -43.708780
   4.13675    -43.708537    -43.708536
   4.08444    -43.708211    -43.708209
   4.03213    -43.707889    -43.707888
   3.97983    -43.707526    -43.707525
   3.92752    -43.707122    -43.707120
   3.87521    -43.706673    -43.706672
   3.82290    -43.706163    -43.706161
   3.77060    -43.705578    -43.705576
   3.71829    -43.704935    -43.704934
   3.66598    -43.704224    -43.704222
   3.61367    -43.703431    -43.703429
   3.56137    -43.702575    -43.702573
   3.50906    -43.701649    -43.701648
   3.45675    -43.700647    -43.700645
   3.40444    -43.699609    -43.699607
   3.35214    -43.698578    -43.698576
   3.29983    -43.697526    -43.697525
   3.24752    -43.696511    -43.696510
   3.19521    -43.695513    -43.695511
   3.14291    -43.694622    -43.694620
   3.09060    -43.693771    -43.693769
   3.03829    -43.693037    -43.693035
   2.98598    -43.692421    -43.692420
   2.93368    -43.691928    -43.691926
   2.88137    -43.691564    -43.691562
   2.82906    -43.691356    -43.691354
   2.77675    -43.691266    -43.691264
   2.77675    -43.691266    -43.691264
   2.72498    -43.691367    -43.691366
   2.67320    -43.691572    -43.691570
   2.62142    -43.691950    -43.691949
   2.56965    -43.692477    -43.692476
   2.51787    -43.693128    -43.693126
   2.46610    -43.693904    -43.693902
   2.41432    -43.694764    -43.694762
   2.36254    -43.695703    -43.695701
   2.31077    -43.696706    -43.696704
   2.25899    -43.697735    -43.697733
   2.20721    -43.698773    -43.698771
   2.15544    -43.699805    -43.699803
   2.10366    -43.700827    -43.700825
   2.05188    -43.701805    -43.701803
   2.00011    -43.702687    -43.702685
   1.94833    -43.703516    -43.703514
   1.89655    -43.704314    -43.704312
   1.84478    -43.704968    -43.704967
   1.79300    -43.705568    -43.705567
   1.74122    -43.706140    -43.706138
   1.68945    -43.706663    -43.706662
   1.63767    -43.707120    -43.707119
   1.58589    -43.707520    -43.707518
   1.53412    -43.707939    -43.707937
   1.48234    -43.708256    -43.708255
   1.43056    -43.708555    -43.708554
   1.37879    -43.708827    -43.708826
   1.32701    -43.709116    -43.709115
   1.27524    -43.709333    -43.709332
   1.22346    -43.709517    -43.709516
   1.17168    -43.709673    -43.709672
   1.11991    -43.709794    -43.709792
   1.06813    -43.709828    -43.709827
   1.01635    -43.709824    -43.709823
   1.01635    -43.709824    -43.709823
   0.94859    -43.709648    -43.709647
   0.88084    -43.709076    -43.709075
   0.81308    -43.708141    -43.708140
   0.74532    -43.706839    -43.706838
   0.67756    -43.705327    -43.705326
   0.67756    -43.705337    -43.705336
   0.62110    -43.703886    -43.703885
   0.56464    -43.702348    -43.702347
   0.50817    -43.700742    -43.700740
   0.45171    -43.699163    -43.699162
   0.39525    -43.697577    -43.697575
   0.33878    -43.696080    -43.696079
   0.28232    -43.694725    -43.694724
   0.22585    -43.693536    -43.693534
   0.16939    -43.692585    -43.692584
   0.11293    -43.691861    -43.691860
   0.05646    -43.691424    -43.691422
   0.00000    -43.691266    -43.691264
 
# Band-Index    3
   0.00000    -43.685757    -43.685758
   0.05646    -43.685725    -43.685726
   0.11293    -43.685600    -43.685601
   0.16939    -43.685402    -43.685403
   0.22585    -43.685110    -43.685111
   0.28232    -43.684780    -43.684781
   0.33878    -43.684400    -43.684401
   0.39525    -43.683999    -43.683999
   0.45171    -43.683588    -43.683589
   0.50817    -43.683137    -43.683138
   0.56464    -43.682740    -43.682741
   0.62110    -43.682362    -43.682362
   0.67756    -43.682024    -43.682025
   0.67756    -43.682007    -43.682007
   0.74532    -43.681627    -43.681628
   0.81308    -43.681364    -43.681365
   0.88084    -43.681137    -43.681138
   0.94859    -43.680992    -43.680992
   1.01635    -43.680929    -43.680929
   1.01635    -43.680929    -43.680929
   1.06813    -43.681019    -43.681019
   1.11991    -43.681223    -43.681224
   1.17168    -43.681474    -43.681475
   1.22346    -43.681824    -43.681825
   1.27524    -43.682257    -43.682258
   1.32701    -43.682728    -43.682728
   1.37879    -43.683197    -43.683198
   1.43056    -43.683740    -43.683741
   1.48234    -43.684277    -43.684278
   1.53412    -43.684805    -43.684806
   1.58589    -43.685218    -43.685219
   1.63767    -43.685637    -43.685638
   1.68945    -43.685980    -43.685981
   1.74122    -43.686247    -43.686248
   1.79300    -43.686456    -43.686457
   1.84478    -43.686637    -43.686638
   1.89655    -43.686768    -43.686769
   1.94833    -43.686794    -43.686795
   2.00011    -43.686811    -43.686812
   2.05188    -43.686808    -43.686809
   2.10366    -43.686731    -43.686732
   2.15544    -43.686650    -43.686651
   2.20721    -43.686575    -43.686576
   2.25899    -43.686487    -43.686488
   2.31077    -43.686396    -43.686397
   2.36254    -43.686301    -43.686302
   2.41432    -43.686217    -43.686218
   2.46610    -43.686131    -43.686132
   2.51787    -43.686039    -43.686040
   2.56965    -43.685956    -43.685957
   2.62142    -43.685875    -43.685876
   2.67320    -43.685813    -43.685814
   2.72498    -43.685797    -43.685798
   2.77675    -43.685757    -43.685758
   2.77675    -43.685757    -43.685758
   2.82906    -43.685789    -43.685790
   2.88137    -43.685818    -43.685819
   2.93368    -43.685884    -43.685884
   2.98598    -43.685960    -43.685961
   3.03829    -43.686043    -43.686044
   3.09060    -43.686139    -43.686140
   3.14291    -43.686261    -43.686262
   3.19521    -43.686357    -43.686358
   3.24752    -43.686491    -43.686493
   3.29983    -43.686614    -43.686615
   3.35214    -43.686746    -43.686747
   3.40444    -43.686859    -43.686860
   3.45675    -43.686982    -43.686983
   3.50906    -43.687083    -43.687084
   3.56137    -43.687130    -43.687131
   3.61367    -43.687148    -43.687149
   3.66598    -43.687127    -43.687128
   3.71829    -43.687059    -43.687060
   3.77060    -43.686933    -43.686934
   3.82290    -43.686756    -43.686757
   3.87521    -43.686506    -43.686507
   3.92752    -43.686194    -43.686195
   3.97983    -43.685829    -43.685830
   4.03213    -43.685416    -43.685417
   4.08444    -43.684956    -43.684957
   4.13675    -43.684506    -43.684507
   4.18906    -43.683988    -43.683989
   4.24136    -43.683455    -43.683456
   4.29367    -43.682957    -43.682958
   4.34598    -43.682495    -43.682496
   4.39829    -43.682089    -43.682089
   4.45059    -43.681756    -43.681757
   4.50290    -43.681492    -43.681493
   4.55521    -43.681331    -43.681332
   4.60752    -43.681258    -43.681259
   4.60752    -43.681258    -43.681259
   4.67528    -43.681331    -43.681331
   4.74303    -43.681453    -43.681454
   4.81079    -43.681623    -43.681624
   4.87855    -43.681848    -43.681849
   4.94631    -43.682181    -43.682181
   4.94631    -43.682198    -43.682199
   5.00277    -43.682504    -43.682505
   5.05924    -43.682818    -43.682819
   5.11570    -43.683164    -43.683165
   5.17216    -43.683528    -43.683529
   5.22863    -43.683928    -43.683928
   5.28509    -43.684298    -43.684299
   5.34155    -43.684614    -43.684615
   5.39802    -43.684967    -43.684968
   5.45448    -43.685206    -43.685207
   5.51094    -43.685408    -43.685409
   5.56741    -43.685565    -43.685566
   5.62387    -43.685627    -43.685628
   5.62387    -43.685627    -43.685628
   5.67972    -43.685598    -43.685599
   5.73558    -43.685591    -43.685592
   5.79143    -43.685626    -43.685627
   5.84728    -43.685665    -43.685666
   5.90313    -43.685688    -43.685689
   5.95899    -43.685721    -43.685722
   6.01484    -43.685707    -43.685708
   6.07069    -43.685723    -43.685724
   6.12654    -43.685757    -43.685758
   6.12654    -43.685105    -43.685106
   6.18054    -43.685135    -43.685136
   6.23453    -43.685141    -43.685143
   6.28853    -43.685138    -43.685139
   6.34252    -43.685112    -43.685113
   6.39651    -43.685091    -43.685093
   6.45051    -43.685062    -43.685063
   6.50450    -43.685070    -43.685072
   6.55850    -43.685069    -43.685070
   6.61249    -43.685083    -43.685084
   6.66648    -43.685118    -43.685120
   6.72048    -43.685184    -43.685185
   6.77447    -43.685226    -43.685227
   6.82847    -43.685295    -43.685296
   6.88246    -43.685414    -43.685415
   6.93646    -43.685494    -43.685496
   6.99045    -43.685570    -43.685571
   7.04444    -43.685644    -43.685645
   7.09844    -43.685714    -43.685715
   7.15243    -43.685745    -43.685746
   7.20643    -43.685762    -43.685763
   7.26042    -43.685757    -43.685758
   7.26042    -43.685757    -43.685758
   7.31391    -43.685769    -43.685770
   7.36741    -43.685719    -43.685720
   7.42090    -43.685673    -43.685674
   7.47439    -43.685568    -43.685569
   7.52789    -43.685467    -43.685468
   7.58138    -43.685346    -43.685347
   7.63487    -43.685216    -43.685217
   7.68836    -43.685098    -43.685099
   7.74186    -43.684981    -43.684982
   7.79535    -43.684878    -43.684879
   7.84884    -43.684803    -43.684804
   7.90234    -43.684757    -43.684758
   7.95583    -43.684736    -43.684737
   8.00932    -43.684701    -43.684703
   8.06281    -43.684724    -43.684725
   8.11631    -43.684719    -43.684720
   8.16980    -43.684746    -43.684748
   8.22329    -43.684740    -43.684742
   8.27679    -43.684705    -43.684706
 
# Band-Index    4
   8.27679    -36.338098    -36.338106
   8.22329    -36.338877    -36.338885
   8.16980    -36.341184    -36.341192
   8.11631    -36.344943    -36.344951
   8.06281    -36.350058    -36.350066
   8.00932    -36.356386    -36.356395
   7.95583    -36.363739    -36.363748
   7.90234    -36.371910    -36.371918
   7.84884    -36.380672    -36.380680
   7.79535    -36.389782    -36.389791
   7.74186    -36.398987    -36.398995
   7.68836    -36.408033    -36.408041
   7.63487    -36.416680    -36.416688
   7.58138    -36.424695    -36.424703
   7.52789    -36.431862    -36.431870
   7.47439    -36.437996    -36.438004
   7.42090    -36.442942    -36.442950
   7.36741    -36.446564    -36.446572
   7.31391    -36.448773    -36.448782
   7.26042    -36.449517    -36.449525
   7.26042    -36.449517    -36.449525
   7.20643    -36.448907    -36.448915
   7.15243    -36.447094    -36.447102
   7.09844    -36.444108    -36.444116
   7.04444    -36.440010    -36.440019
   6.99045    -36.434896    -36.434904
   6.93646    -36.428868    -36.428876
   6.88246    -36.422054    -36.422062
   6.82847    -36.414601    -36.414609
   6.77447    -36.406670    -36.406678
   6.72048    -36.398441    -36.398450
   6.66648    -36.390093    -36.390102
   6.61249    -36.381809    -36.381817
   6.55850    -36.373783    -36.373791
   6.50450    -36.366198    -36.366207
   6.45051    -36.359219    -36.359227
   6.39651    -36.353015    -36.353023
   6.34252    -36.347732    -36.347740
   6.28853    -36.343487    -36.343496
   6.23453    -36.340382    -36.340390
   6.18054    -36.338489    -36.338497
   6.12654    -36.337852    -36.337860
   6.12654    -36.449517    -36.449525
   6.07069    -36.449513    -36.449521
   6.01484    -36.449501    -36.449510
   5.95899    -36.449479    -36.449487
   5.90313    -36.449452    -36.449460
   5.84728    -36.449427    -36.449435
   5.79143    -36.449398    -36.449406
   5.73558    -36.449376    -36.449385
   5.67972    -36.449365    -36.449374
   5.62387    -36.449362    -36.449371
   5.62387    -36.449362    -36.449371
   5.56741    -36.448520    -36.448529
   5.51094    -36.446023    -36.446032
   5.45448    -36.441947    -36.441955
   5.39802    -36.436405    -36.436413
   5.34155    -36.429560    -36.429568
   5.28509    -36.421619    -36.421627
   5.22863    -36.412807    -36.412815
   5.17216    -36.403391    -36.403400
   5.11570    -36.393659    -36.393667
   5.05924    -36.383900    -36.383908
   5.00277    -36.374406    -36.374414
   4.94631    -36.365477    -36.365485
   4.94631    -36.365477    -36.365485
   4.87855    -36.355897    -36.355906
   4.81079    -36.347947    -36.347955
   4.74303    -36.341996    -36.342005
   4.67528    -36.338316    -36.338324
   4.60752    -36.337067    -36.337075
   4.60752    -36.337067    -36.337075
   4.55521    -36.336836    -36.336844
   4.50290    -36.336157    -36.336165
   4.45059    -36.335071    -36.335079
   4.39829    -36.333635    -36.333643
   4.34598    -36.331937    -36.331945
   4.29367    -36.330082    -36.330090
   4.24136    -36.328182    -36.328190
   4.18906    -36.326369    -36.326377
   4.13675    -36.324780    -36.324788
   4.08444    -36.323548    -36.323556
   4.03213    -36.322809    -36.322817
   3.97983    -36.322687    -36.322696
   3.92752    -36.323288    -36.323296
   3.87521    -36.324711    -36.324719
   3.82290    -36.327023    -36.327031
   3.77060    -36.330265    -36.330273
   3.71829    -36.334455    -36.334463
   3.66598    -36.339577    -36.339585
   3.61367    -36.345584    -36.345593
   3.56137    -36.352410    -36.352419
   3.50906    -36.359949    -36.359957
   3.45675    -36.368068    -36.368076
   3.40444    -36.376618    -36.376626
   3.35214    -36.385436    -36.385444
   3.29983    -36.394338    -36.394347
   3.24752    -36.403140    -36.403148
   3.19521    -36.411644    -36.411653
   3.14291    -36.419668    -36.419677
   3.09060    -36.427035    -36.427043
   3.03829    -36.433571    -36.433580
   2.98598    -36.439134    -36.439142
   2.93368    -36.443602    -36.443610
   2.88137    -36.446863    -36.446871
   2.82906    -36.448849    -36.448858
   2.77675    -36.449517    -36.449525
   2.77675    -36.449517    -36.449525
   2.72498    -36.448810    -36.448818
   2.67320    -36.446706    -36.446714
   2.62142    -36.443258    -36.443266
   2.56965    -36.438543    -36.438551
   2.51787    -36.432683    -36.432691
   2.46610    -36.425818    -36.425827
   2.41432    -36.418108    -36.418116
   2.36254    -36.409743    -36.409751
   2.31077    -36.400916    -36.400924
   2.25899    -36.391829    -36.391837
   2.20721    -36.382701    -36.382709
   2.15544    -36.373726    -36.373734
   2.10366    -36.365091    -36.365099
   2.05188    -36.356976    -36.356984
   2.00011    -36.349536    -36.349544
   1.94833    -36.342899    -36.342907
   1.89655    -36.337164    -36.337172
   1.84478    -36.332393    -36.332401
   1.79300    -36.328615    -36.328623
   1.74122    -36.325833    -36.325841
   1.68945    -36.324011    -36.324019
   1.63767    -36.323085    -36.323093
   1.58589    -36.322956    -36.322965
   1.53412    -36.323516    -36.323524
   1.48234    -36.324632    -36.324640
   1.43056    -36.326165    -36.326173
   1.37879    -36.327962    -36.327970
   1.32701    -36.329881    -36.329889
   1.27524    -36.331778    -36.331786
   1.22346    -36.333524    -36.333532
   1.17168    -36.335008    -36.335016
   1.11991    -36.336137    -36.336145
   1.06813    -36.336840    -36.336848
   1.01635    -36.337077    -36.337086
   1.01635    -36.337077    -36.337086
   0.94859    -36.338330    -36.338339
   0.88084    -36.342019    -36.342027
   0.81308    -36.347973    -36.347981
   0.74532    -36.355933    -36.355941
   0.67756    -36.365530    -36.365538
   0.67756    -36.365529    -36.365538
   0.62110    -36.374468    -36.374476
   0.56464    -36.383972    -36.383980
   0.50817    -36.393747    -36.393756
   0.45171    -36.403497    -36.403505
   0.39525    -36.412920    -36.412928
   0.33878    -36.421745    -36.421753
   0.28232    -36.429699    -36.429707
   0.22585    -36.436548    -36.436557
   0.16939    -36.442100    -36.442108
   0.11293    -36.446181    -36.446189
   0.05646    -36.448676    -36.448685
   0.00000    -36.449517    -36.449525
 
# Band-Index    5
   0.00000    -17.845618    -17.845621
   0.05646    -17.841793    -17.841796
   0.11293    -17.830413    -17.830416
   0.16939    -17.811799    -17.811802
   0.22585    -17.786479    -17.786482
   0.28232    -17.755326    -17.755329
   0.33878    -17.719794    -17.719797
   0.39525    -17.682762    -17.682766
   0.45171    -17.652516    -17.652519
   0.50817    -17.657048    -17.657052
   0.56464    -17.716749    -17.716755
   0.62110    -17.795634    -17.795640
   0.67756    -17.873327    -17.873334
   0.67756    -17.873328    -17.873335
   0.74532    -17.956497    -17.956504
   0.81308    -18.024455    -18.024462
   0.88084    -18.074585    -18.074592
   0.94859    -18.105275    -18.105283
   1.01635    -18.115607    -18.115614
   1.01635    -18.115607    -18.115614
   1.06813    -18.112211    -18.112219
   1.11991    -18.102072    -18.102080
   1.17168    -18.085326    -18.085334
   1.22346    -18.062207    -18.062214
   1.27524    -18.033041    -18.033048
   1.32701    -17.998252    -17.998260
   1.37879    -17.958398    -17.958406
   1.43056    -17.914230    -17.914237
   1.48234    -17.866863    -17.866870
   1.53412    -17.818750    -17.818758
   1.58589    -17.780552    -17.780559
   1.63767    -17.789372    -17.789379
   1.68945    -17.826034    -17.826042
   1.74122    -17.859389    -17.859397
   1.79300    -17.883316    -17.883324
   1.84478    -17.896007    -17.896015
   1.89655    -17.896680    -17.896688
   1.94833    -17.885062    -17.885070
   2.00011    -17.861316    -17.861323
   2.05188    -17.826009    -17.826017
   2.10366    -17.780255    -17.780263
   2.15544    -17.726257    -17.726264
   2.20721    -17.669676    -17.669683
   2.25899    -17.630211    -17.630216
   2.31077    -17.636427    -17.636431
   2.36254    -17.667366    -17.667369
   2.41432    -17.702991    -17.702994
   2.46610    -17.737521    -17.737524
   2.51787    -17.768774    -17.768777
   2.56965    -17.795555    -17.795558
   2.62142    -17.817077    -17.817080
   2.67320    -17.832811    -17.832814
   2.72498    -17.842402    -17.842404
   2.77675    -17.845618    -17.845621
   2.77675    -17.845618    -17.845621
   2.82906    -17.842786    -17.842789
   2.88137    -17.834339    -17.834342
   2.93368    -17.820437    -17.820440
   2.98598    -17.801335    -17.801338
   3.03829    -17.777435    -17.777438
   3.09060    -17.749326    -17.749329
   3.14291    -17.717908    -17.717911
   3.19521    -17.684745    -17.684748
   3.24752    -17.653480    -17.653484
   3.29983    -17.635598    -17.635602
   3.35214    -17.655432    -17.655438
   3.40444    -17.704459    -17.704466
   3.45675    -17.757073    -17.757081
   3.50906    -17.803995    -17.804003
   3.56137    -17.842056    -17.842064
   3.61367    -17.869788    -17.869796
   3.66598    -17.886426    -17.886434
   3.71829    -17.891649    -17.891657
   3.77060    -17.885488    -17.885496
   3.82290    -17.868392    -17.868400
   3.87521    -17.841400    -17.841408
   3.92752    -17.807113    -17.807120
   3.97983    -17.776108    -17.776115
   4.03213    -17.784717    -17.784724
   4.08444    -17.825411    -17.825419
   4.13675    -17.870790    -17.870798
   4.18906    -17.914730    -17.914738
   4.24136    -17.955446    -17.955454
   4.29367    -17.992031    -17.992039
   4.34598    -18.023864    -18.023872
   4.39829    -18.050486    -18.050494
   4.45059    -18.071547    -18.071554
   4.50290    -18.086775    -18.086783
   4.55521    -18.095992    -18.095999
   4.60752    -18.099074    -18.099081
   4.60752    -18.099074    -18.099081
   4.67528    -18.088660    -18.088668
   4.74303    -18.057700    -18.057707
   4.81079    -18.007224    -18.007231
   4.87855    -17.939017    -17.939025
   4.94631    -17.856210    -17.856217
   4.94631    -17.856210    -17.856217
   5.00277    -17.780590    -17.780596
   5.05924    -17.710308    -17.710313
   5.11570    -17.679827    -17.679830
   5.17216    -17.704741    -17.704744
   5.22863    -17.748315    -17.748318
   5.28509    -17.793595    -17.793597
   5.34155    -17.835474    -17.835477
   5.39802    -17.871728    -17.871730
   5.45448    -17.901018    -17.901021
   5.51094    -17.922498    -17.922500
   5.56741    -17.935602    -17.935604
   5.62387    -17.940003    -17.940005
   5.62387    -17.940003    -17.940005
   5.67972    -17.937339    -17.937341
   5.73558    -17.929605    -17.929607
   5.79143    -17.917588    -17.917590
   5.84728    -17.902574    -17.902576
   5.90313    -17.886216    -17.886218
   5.95899    -17.870466    -17.870469
   6.01484    -17.857346    -17.857349
   6.07069    -17.848654    -17.848657
   6.12654    -17.845618    -17.845621
   6.12654    -18.082019    -18.082028
   6.18054    -18.076736    -18.076745
   6.23453    -18.060952    -18.060961
   6.28853    -18.034932    -18.034941
   6.34252    -17.999134    -17.999143
   6.39651    -17.954190    -17.954199
   6.45051    -17.901000    -17.901009
   6.50450    -17.840870    -17.840879
   6.55850    -17.775877    -17.775885
   6.61249    -17.710713    -17.710720
   6.66648    -17.660137    -17.660143
   6.72048    -17.652424    -17.652428
   6.77447    -17.675979    -17.675982
   6.82847    -17.706889    -17.706892
   6.88246    -17.737507    -17.737510
   6.93646    -17.765410    -17.765413
   6.99045    -17.789626    -17.789629
   7.04444    -17.809689    -17.809691
   7.09844    -17.825391    -17.825394
   7.15243    -17.836627    -17.836630
   7.20643    -17.843368    -17.843371
   7.26042    -17.845618    -17.845621
   7.26042    -17.845618    -17.845621
   7.31391    -17.842182    -17.842185
   7.36741    -17.831948    -17.831950
   7.42090    -17.815170    -17.815173
   7.47439    -17.792257    -17.792260
   7.52789    -17.763871    -17.763874
   7.58138    -17.731023    -17.731026
   7.63487    -17.695498    -17.695502
   7.68836    -17.661366    -17.661369
   7.74186    -17.641934    -17.641938
   7.79535    -17.668839    -17.668845
   7.84884    -17.735241    -17.735249
   7.90234    -17.809562    -17.809570
   7.95583    -17.880428    -17.880436
   8.00932    -17.943847    -17.943856
   8.06281    -17.997789    -17.997797
   8.11631    -18.040922    -18.040931
   8.16980    -18.072351    -18.072360
   8.22329    -18.091442    -18.091451
   8.27679    -18.097845    -18.097854
 
# Band-Index    6
   8.27679    -17.235552    -17.235558
   8.22329    -17.240202    -17.240208
   8.16980    -17.253935    -17.253941
   8.11631    -17.276118    -17.276124
   8.06281    -17.305749    -17.305755
   8.00932    -17.341447    -17.341453
   7.95583    -17.381470    -17.381476
   7.90234    -17.423433    -17.423438
   7.84884    -17.463242    -17.463247
   7.79535    -17.489633    -17.489639
   7.74186    -17.471459    -17.471466
   7.68836    -17.402649    -17.402657
   7.63487    -17.315977    -17.315985
   7.58138    -17.226329    -17.226337
   7.52789    -17.139854    -17.139862
   7.47439    -17.060902    -17.060910
   7.42090    -16.993507    -16.993514
   7.36741    -16.941604    -16.941612
   7.31391    -16.908780    -16.908788
   7.26042    -16.899290    -16.899298
   7.26042    -16.899290    -16.899298
   7.20643    -16.906732    -16.906740
   7.15243    -16.933637    -16.933645
   7.09844    -16.976433    -16.976441
   7.04444    -17.032492    -17.032500
   6.99045    -17.098961    -17.098968
   6.93646    -17.173001    -17.173008
   6.88246    -17.251881    -17.251889
   6.82847    -17.332722    -17.332730
   6.77447    -17.411565    -17.411573
   6.72048    -17.479584    -17.479592
   6.66648    -17.512000    -17.512006
   6.61249    -17.496658    -17.496663
   6.55850    -17.461583    -17.461588
   6.50450    -17.421543    -17.421548
   6.45051    -17.381429    -17.381435
   6.39651    -17.343781    -17.343787
   6.34252    -17.310421    -17.310427
   6.28853    -17.282826    -17.282832
   6.23453    -17.262206    -17.262212
   6.18054    -17.249466    -17.249472
   6.12654    -17.245160    -17.245166
   6.12654    -16.899290    -16.899298
   6.07069    -16.899287    -16.899294
   6.01484    -16.899310    -16.899317
   5.95899    -16.899357    -16.899365
   5.90313    -16.899413    -16.899421
   5.84728    -16.899470    -16.899478
   5.79143    -16.899523    -16.899530
   5.73558    -16.899567    -16.899574
   5.67972    -16.899598    -16.899605
   5.62387    -16.899608    -16.899615
   5.62387    -16.899608    -16.899615
   5.56741    -16.910131    -16.910139
   5.51094    -16.944212    -16.944220
   5.45448    -16.998598    -16.998606
   5.39802    -17.069774    -17.069781
   5.34155    -17.153673    -17.153681
   5.28509    -17.245868    -17.245876
   5.22863    -17.341342    -17.341349
   5.17216    -17.432780    -17.432788
   5.11570    -17.501504    -17.501512
   5.05924    -17.509643    -17.509649
   5.00277    -17.472139    -17.472145
   4.94631    -17.423262    -17.423268
   4.94631    -17.423263    -17.423268
   4.87855    -17.364970    -17.364975
   4.81079    -17.313901    -17.313907
   4.74303    -17.274450    -17.274456
   4.67528    -17.249620    -17.249626
   4.60752    -17.241160    -17.241167
   4.60752    -17.241160    -17.241167
   4.55521    -17.240308    -17.240315
   4.50290    -17.237927    -17.237934
   4.45059    -17.235077    -17.235083
   4.39829    -17.242430    -17.242437
   4.34598    -17.288830    -17.288838
   4.29367    -17.350100    -17.350108
   4.24136    -17.416716    -17.416724
   4.18906    -17.485326    -17.485334
   4.13675    -17.552977    -17.552985
   4.08444    -17.616185    -17.616194
   4.03213    -17.667468    -17.667477
   3.97983    -17.678280    -17.678289
   3.92752    -17.640321    -17.640330
   3.87521    -17.589497    -17.589505
   3.82290    -17.536324    -17.536332
   3.77060    -17.483936    -17.483944
   3.71829    -17.435052    -17.435059
   3.66598    -17.394781    -17.394789
   3.61367    -17.374373    -17.374380
   3.56137    -17.382421    -17.382427
   3.50906    -17.408937    -17.408942
   3.45675    -17.442680    -17.442685
   3.40444    -17.476683    -17.476688
   3.35214    -17.500474    -17.500480
   3.29983    -17.488304    -17.488311
   3.24752    -17.432123    -17.432130
   3.19521    -17.357172    -17.357179
   3.14291    -17.276315    -17.276323
   3.09060    -17.194952    -17.194959
   3.03829    -17.116891    -17.116899
   2.98598    -17.045669    -17.045676
   2.93368    -16.984890    -16.984897
   2.88137    -16.938124    -16.938132
   2.82906    -16.908608    -16.908616
   2.77675    -16.899290    -16.899298
   2.77675    -16.899290    -16.899298
   2.72498    -16.909222    -16.909230
   2.67320    -16.940521    -16.940529
   2.62142    -16.990023    -16.990031
   2.56965    -17.054208    -17.054215
   2.51787    -17.129164    -17.129172
   2.46610    -17.210959    -17.210967
   2.41432    -17.295671    -17.295678
   2.36254    -17.378829    -17.378837
   2.31077    -17.452868    -17.452875
   2.25899    -17.496463    -17.496470
   2.20721    -17.487825    -17.487830
   2.15544    -17.455226    -17.455231
   2.10366    -17.418877    -17.418883
   2.05188    -17.386667    -17.386673
   2.00011    -17.367783    -17.367789
   1.94833    -17.376341    -17.376348
   1.89655    -17.411879    -17.411887
   1.84478    -17.460440    -17.460448
   1.79300    -17.514366    -17.514374
   1.74122    -17.570283    -17.570291
   1.68945    -17.625487    -17.625495
   1.63767    -17.673707    -17.673715
   1.58589    -17.684153    -17.684162
   1.53412    -17.638416    -17.638425
   1.48234    -17.574644    -17.574652
   1.43056    -17.504935    -17.504944
   1.37879    -17.433514    -17.433522
   1.32701    -17.363638    -17.363646
   1.27524    -17.298778    -17.298786
   1.22346    -17.245838    -17.245845
   1.17168    -17.229589    -17.229596
   1.11991    -17.231383    -17.231389
   1.06813    -17.233587    -17.233594
   1.01635    -17.234408    -17.234415
   1.01635    -17.234408    -17.234415
   0.94859    -17.241739    -17.241745
   0.88084    -17.263292    -17.263299
   0.81308    -17.297630    -17.297636
   0.74532    -17.342275    -17.342281
   0.67756    -17.393707    -17.393713
   0.67756    -17.393707    -17.393713
   0.62110    -17.438019    -17.438025
   0.56464    -17.477140    -17.477146
   0.50817    -17.490949    -17.490956
   0.45171    -17.444157    -17.444165
   0.39525    -17.358291    -17.358298
   0.33878    -17.263023    -17.263030
   0.28232    -17.168917    -17.168925
   0.22585    -17.081806    -17.081813
   0.16939    -17.006660    -17.006668
   0.11293    -16.948297    -16.948305
   0.05646    -16.911180    -16.911187
   0.00000    -16.899290    -16.899298
 
# Band-Index    7
   0.00000    -16.897314    -16.897322
   0.05646    -16.899936    -16.899944
   0.11293    -16.905133    -16.905141
   0.16939    -16.913507    -16.913515
   0.22585    -16.924821    -16.924828
   0.28232    -16.938714    -16.938722
   0.33878    -16.954730    -16.954738
   0.39525    -16.972353    -16.972360
   0.45171    -16.991011    -16.991019
   0.50817    -17.010126    -17.010134
   0.56464    -17.029119    -17.029127
   0.62110    -17.047395    -17.047403
   0.67756    -17.064410    -17.064418
   0.67756    -17.064410    -17.064418
   0.74532    -17.082455    -17.082463
   0.81308    -17.097191    -17.097199
   0.88084    -17.107996    -17.108004
   0.94859    -17.114519    -17.114527
   1.01635    -17.116683    -17.116691
   1.01635    -17.116683    -17.116691
   1.06813    -17.124370    -17.124378
   1.11991    -17.146767    -17.146776
   1.17168    -17.180992    -17.181000
   1.22346    -17.207796    -17.207803
   1.27524    -17.206475    -17.206482
   1.32701    -17.199528    -17.199535
   1.37879    -17.191578    -17.191585
   1.43056    -17.183802    -17.183809
   1.48234    -17.177013    -17.177020
   1.53412    -17.171980    -17.171987
   1.58589    -17.169449    -17.169455
   1.63767    -17.170113    -17.170120
   1.68945    -17.174533    -17.174540
   1.74122    -17.183091    -17.183097
   1.79300    -17.195796    -17.195802
   1.84478    -17.211955    -17.211962
   1.89655    -17.229159    -17.229166
   1.94833    -17.240182    -17.240189
   2.00011    -17.231112    -17.231119
   2.05188    -17.201064    -17.201071
   2.10366    -17.163163    -17.163171
   2.15544    -17.124581    -17.124588
   2.20721    -17.087870    -17.087878
   2.25899    -17.054025    -17.054033
   2.31077    -17.023465    -17.023473
   2.36254    -16.996349    -16.996357
   2.41432    -16.972698    -16.972706
   2.46610    -16.952476    -16.952484
   2.51787    -16.935610    -16.935618
   2.56965    -16.921988    -16.921996
   2.62142    -16.911511    -16.911519
   2.67320    -16.904090    -16.904098
   2.72498    -16.899603    -16.899611
   2.77675    -16.897314    -16.897322
   2.77675    -16.897314    -16.897322
   2.82906    -16.899516    -16.899524
   2.88137    -16.903773    -16.903781
   2.93368    -16.910796    -16.910804
   2.98598    -16.920705    -16.920713
   3.03829    -16.933587    -16.933595
   3.09060    -16.949533    -16.949541
   3.14291    -16.968639    -16.968646
   3.19521    -16.990974    -16.990982
   3.24752    -17.016591    -17.016598
   3.29983    -17.045464    -17.045472
   3.35214    -17.077487    -17.077495
   3.40444    -17.112361    -17.112369
   3.45675    -17.149441    -17.149449
   3.50906    -17.187205    -17.187213
   3.56137    -17.221674    -17.221682
   3.61367    -17.243005    -17.243012
   3.66598    -17.241932    -17.241938
   3.71829    -17.227323    -17.227329
   3.77060    -17.210308    -17.210314
   3.82290    -17.195448    -17.195455
   3.87521    -17.184289    -17.184295
   3.92752    -17.177225    -17.177231
   3.97983    -17.174136    -17.174143
   4.03213    -17.174598    -17.174605
   4.08444    -17.178008    -17.178015
   4.13675    -17.183700    -17.183707
   4.18906    -17.190939    -17.190946
   4.24136    -17.198979    -17.198986
   4.29367    -17.207015    -17.207022
   4.34598    -17.213750    -17.213757
   4.39829    -17.211745    -17.211753
   4.45059    -17.178842    -17.178850
   4.50290    -17.145706    -17.145714
   4.55521    -17.124511    -17.124519
   4.60752    -17.117274    -17.117282
   4.60752    -17.117274    -17.117282
   4.67528    -17.115081    -17.115089
   4.74303    -17.108481    -17.108489
   4.81079    -17.097580    -17.097588
   4.87855    -17.082758    -17.082766
   4.94631    -17.064636    -17.064644
   4.94631    -17.064636    -17.064644
   5.00277    -17.047560    -17.047568
   5.05924    -17.029231    -17.029239
   5.11570    -17.010199    -17.010207
   5.17216    -16.991046    -16.991054
   5.22863    -16.972363    -16.972371
   5.28509    -16.954729    -16.954737
   5.34155    -16.938694    -16.938702
   5.39802    -16.924781    -16.924788
   5.45448    -16.913444    -16.913452
   5.51094    -16.905055    -16.905063
   5.56741    -16.899794    -16.899802
   5.62387    -16.896906    -16.896914
   5.62387    -16.896906    -16.896914
   5.67972    -16.896918    -16.896926
   5.73558    -16.896950    -16.896957
   5.79143    -16.897001    -16.897009
   5.84728    -16.897066    -16.897074
   5.90313    -16.897135    -16.897143
   5.95899    -16.897198    -16.897206
   6.01484    -16.897248    -16.897256
   6.07069    -16.897288    -16.897296
   6.12654    -16.897314    -16.897322
   6.12654    -17.115217    -17.115224
   6.18054    -17.114038    -17.114046
   6.23453    -17.110520    -17.110528
   6.28853    -17.104729    -17.104737
   6.34252    -17.096773    -17.096780
   6.39651    -17.086812    -17.086820
   6.45051    -17.075064    -17.075071
   6.50450    -17.061788    -17.061795
   6.55850    -17.047280    -17.047287
   6.61249    -17.031859    -17.031867
   6.66648    -17.015866    -17.015874
   6.72048    -16.999672    -16.999680
   6.77447    -16.983636    -16.983644
   6.82847    -16.968121    -16.968128
   6.88246    -16.953480    -16.953487
   6.93646    -16.940052    -16.940059
   6.99045    -16.928143    -16.928151
   7.04444    -16.918009    -16.918016
   7.09844    -16.909883    -16.909890
   7.15243    -16.903936    -16.903943
   7.20643    -16.900283    -16.900291
   7.26042    -16.897314    -16.897322
   7.26042    -16.897314    -16.897322
   7.31391    -16.900557    -16.900565
   7.36741    -16.904985    -16.904992
   7.42090    -16.912188    -16.912196
   7.47439    -16.921984    -16.921991
   7.52789    -16.934115    -16.934123
   7.58138    -16.948243    -16.948251
   7.63487    -16.963977    -16.963985
   7.68836    -16.980875    -16.980882
   7.74186    -16.998462    -16.998469
   7.79535    -17.016261    -17.016269
   7.84884    -17.033783    -17.033791
   7.90234    -17.050539    -17.050547
   7.95583    -17.066078    -17.066086
   8.00932    -17.079985    -17.079993
   8.06281    -17.091891    -17.091899
   8.11631    -17.101468    -17.101475
   8.16980    -17.108479    -17.108487
   8.22329    -17.112751    -17.112759
   8.27679    -17.114186    -17.114194
 
# Band-Index    8
   8.27679    -14.213659    -14.213626
   8.22329    -14.215146    -14.215113
   8.16980    -14.220159    -14.220127
   8.11631    -14.230423    -14.230391
   8.06281    -14.248484    -14.248452
   8.00932    -14.276961    -14.276930
   7.95583    -14.317771    -14.317741
   7.90234    -14.371265    -14.371237
   7.84884    -14.436327    -14.436300
   7.79535    -14.510745    -14.510718
   7.74186    -14.591794    -14.591768
   7.68836    -14.676646    -14.676620
   7.63487    -14.762520    -14.762495
   7.58138    -14.846632    -14.846608
   7.52789    -14.926182    -14.926158
   7.47439    -14.998140    -14.998116
   7.42090    -15.059291    -15.059268
   7.36741    -15.106273    -15.106249
   7.31391    -15.135992    -15.135968
   7.26042    -15.146180    -15.146156
   7.26042    -15.146180    -15.146156
   7.20643    -15.135511    -15.135487
   7.15243    -15.104397    -15.104373
   7.09844    -15.055186    -15.055162
   7.04444    -14.991292    -14.991268
   6.99045    -14.916795    -14.916771
   6.93646    -14.835980    -14.835955
   6.88246    -14.753233    -14.753208
   6.82847    -14.672895    -14.672870
   6.77447    -14.599119    -14.599093
   6.72048    -14.535335    -14.535308
   6.66648    -14.483672    -14.483645
   6.61249    -14.444680    -14.444652
   6.55850    -14.417135    -14.417107
   6.50450    -14.398765    -14.398736
   6.45051    -14.386997    -14.386968
   6.39651    -14.379562    -14.379531
   6.34252    -14.374787    -14.374757
   6.28853    -14.371628    -14.371597
   6.23453    -14.369529    -14.369498
   6.18054    -14.368293    -14.368261
   6.12654    -14.367863    -14.367832
   6.12654    -15.146180    -15.146156
   6.07069    -15.133280    -15.133256
   6.01484    -15.095396    -15.095372
   5.95899    -15.034706    -15.034682
   5.90313    -14.954606    -14.954582
   5.84728    -14.859883    -14.859858
   5.79143    -14.757080    -14.757054
   5.73558    -14.656148    -14.656122
   5.67972    -14.574620    -14.574594
   5.62387    -14.541143    -14.541116
   5.62387    -14.541143    -14.541116
   5.56741    -14.535230    -14.535203
   5.51094    -14.518389    -14.518362
   5.45448    -14.493073    -14.493046
   5.39802    -14.462714    -14.462687
   5.34155    -14.431066    -14.431040
   5.28509    -14.401648    -14.401621
   5.22863    -14.376946    -14.376919
   5.17216    -14.358310    -14.358283
   5.11570    -14.346074    -14.346047
   5.05924    -14.339784    -14.339756
   5.00277    -14.338547    -14.338519
   4.94631    -14.341230    -14.341201
   4.94631    -14.341230    -14.341200
   4.87855    -14.347907    -14.347877
   4.81079    -14.356278    -14.356248
   4.74303    -14.364168    -14.364136
   4.67528    -14.369728    -14.369696
   4.60752    -14.371701    -14.371669
   4.60752    -14.371701    -14.371669
   4.55521    -14.367080    -14.367048
   4.50290    -14.353471    -14.353439
   4.45059    -14.331828    -14.331796
   4.39829    -14.303589    -14.303557
   4.34598    -14.270692    -14.270660
   4.29367    -14.235397    -14.235364
   4.24136    -14.200278    -14.200246
   4.18906    -14.168032    -14.168000
   4.13675    -14.141268    -14.141235
   4.08444    -14.122075    -14.122042
   4.03213    -14.111604    -14.111571
   3.97983    -14.109625    -14.109592
   3.92752    -14.114752    -14.114719
   3.87521    -14.125036    -14.125003
   3.82290    -14.138603    -14.138571
   3.77060    -14.154149    -14.154117
   3.71829    -14.171223    -14.171191
   3.66598    -14.190280    -14.190249
   3.61367    -14.212686    -14.212656
   3.56137    -14.240527    -14.240497
   3.50906    -14.276170    -14.276141
   3.45675    -14.321559    -14.321530
   3.40444    -14.377589    -14.377561
   3.35214    -14.443821    -14.443794
   3.29983    -14.518613    -14.518587
   3.24752    -14.599634    -14.599608
   3.19521    -14.684204    -14.684179
   3.14291    -14.769601    -14.769576
   3.09060    -14.852964    -14.852940
   3.03829    -14.931490    -14.931466
   2.98598    -15.002175    -15.002151
   2.93368    -15.061914    -15.061890
   2.88137    -15.107581    -15.107557
   2.82906    -15.136351    -15.136327
   2.77675    -15.146180    -15.146156
   2.77675    -15.146180    -15.146156
   2.72498    -15.136643    -15.136619
   2.67320    -15.108716    -15.108692
   2.62142    -15.064475    -15.064451
   2.56965    -15.006682    -15.006658
   2.51787    -14.938287    -14.938263
   2.46610    -14.862141    -14.862117
   2.41432    -14.780822    -14.780797
   2.36254    -14.696718    -14.696693
   2.31077    -14.612035    -14.612009
   2.25899    -14.528973    -14.528946
   2.20721    -14.449708    -14.449681
   2.15544    -14.376421    -14.376393
   2.10366    -14.311135    -14.311106
   2.05188    -14.255479    -14.255450
   2.00011    -14.210197    -14.210167
   1.94833    -14.175008    -14.174977
   1.89655    -14.148684    -14.148652
   1.84478    -14.129349    -14.129316
   1.79300    -14.115331    -14.115298
   1.74122    -14.105337    -14.105304
   1.68945    -14.098616    -14.098583
   1.63767    -14.094944    -14.094911
   1.58589    -14.094400    -14.094368
   1.53412    -14.097309    -14.097276
   1.48234    -14.103788    -14.103755
   1.43056    -14.113896    -14.113863
   1.37879    -14.127295    -14.127263
   1.32701    -14.143275    -14.143242
   1.27524    -14.160612    -14.160579
   1.22346    -14.177923    -14.177890
   1.17168    -14.193614    -14.193581
   1.11991    -14.206169    -14.206136
   1.06813    -14.214243    -14.214210
   1.01635    -14.217022    -14.216989
   1.01635    -14.217022    -14.216989
   0.94859    -14.219383    -14.219350
   0.88084    -14.227985    -14.227952
   0.81308    -14.247047    -14.247016
   0.74532    -14.281919    -14.281888
   0.67756    -14.336537    -14.336508
   0.67756    -14.336538    -14.336509
   0.62110    -14.397336    -14.397308
   0.56464    -14.470142    -14.470115
   0.50817    -14.552045    -14.552019
   0.45171    -14.639764    -14.639738
   0.39525    -14.729992    -14.729967
   0.33878    -14.819491    -14.819467
   0.28232    -14.904998    -14.904974
   0.22585    -14.983094    -14.983070
   0.16939    -15.050025    -15.050001
   0.11293    -15.101848    -15.101824
   0.05646    -15.134833    -15.134810
   0.00000    -15.146180    -15.146156
 
# Band-Index    9
   0.00000    -13.431240    -13.431213
   0.05646    -13.433521    -13.433493
   0.11293    -13.440247    -13.440219
   0.16939    -13.451282    -13.451254
   0.22585    -13.466205    -13.466177
   0.28232    -13.484566    -13.484539
   0.33878    -13.505644    -13.505616
   0.39525    -13.528454    -13.528426
   0.45171    -13.551782    -13.551754
   0.50817    -13.574023    -13.573995
   0.56464    -13.593371    -13.593343
   0.62110    -13.607745    -13.607717
   0.67756    -13.615412    -13.615383
   0.67756    -13.615411    -13.615383
   0.74532    -13.614597    -13.614569
   0.81308    -13.604704    -13.604676
   0.88084    -13.590820    -13.590792
   0.94859    -13.579254    -13.579226
   1.01635    -13.574812    -13.574784
   1.01635    -13.574812    -13.574784
   1.06813    -13.574264    -13.574236
   1.11991    -13.572575    -13.572547
   1.17168    -13.569712    -13.569684
   1.22346    -13.565747    -13.565719
   1.27524    -13.560736    -13.560708
   1.32701    -13.554802    -13.554774
   1.37879    -13.548248    -13.548220
   1.43056    -13.541575    -13.541546
   1.48234    -13.535424    -13.535395
   1.53412    -13.530624    -13.530595
   1.58589    -13.528045    -13.528016
   1.63767    -13.528655    -13.528626
   1.68945    -13.533038    -13.533010
   1.74122    -13.541465    -13.541436
   1.79300    -13.553624    -13.553595
   1.84478    -13.568527    -13.568499
   1.89655    -13.584448    -13.584420
   1.94833    -13.599056    -13.599028
   2.00011    -13.610047    -13.610019
   2.05188    -13.615462    -13.615434
   2.10366    -13.614306    -13.614277
   2.15544    -13.606753    -13.606725
   2.20721    -13.593749    -13.593721
   2.25899    -13.576615    -13.576586
   2.31077    -13.556855    -13.556827
   2.36254    -13.535836    -13.535808
   2.41432    -13.514780    -13.514752
   2.46610    -13.494720    -13.494692
   2.51787    -13.476510    -13.476482
   2.56965    -13.460829    -13.460802
   2.62142    -13.448126    -13.448099
   2.67320    -13.438816    -13.438788
   2.72498    -13.433163    -13.433135
   2.77675    -13.431240    -13.431213
   2.77675    -13.431240    -13.431213
   2.82906    -13.433763    -13.433736
   2.88137    -13.441196    -13.441168
   2.93368    -13.453260    -13.453233
   2.98598    -13.469408    -13.469380
   3.03829    -13.488915    -13.488887
   3.09060    -13.510859    -13.510831
   3.14291    -13.534126    -13.534099
   3.19521    -13.557320    -13.557292
   3.24752    -13.578981    -13.578953
   3.29983    -13.597405    -13.597377
   3.35214    -13.610934    -13.610906
   3.40444    -13.618118    -13.618089
   3.45675    -13.618246    -13.618218
   3.50906    -13.611637    -13.611609
   3.56137    -13.599865    -13.599836
   3.61367    -13.585514    -13.585485
   3.66598    -13.571406    -13.571377
   3.71829    -13.559933    -13.559904
   3.77060    -13.552596    -13.552567
   3.82290    -13.549823    -13.549794
   3.87521    -13.550959    -13.550930
   3.92752    -13.554403    -13.554374
   3.97983    -13.557887    -13.557858
   4.03213    -13.558939    -13.558911
   4.08444    -13.555585    -13.555556
   4.13675    -13.546939    -13.546910
   4.18906    -13.533337    -13.533307
   4.24136    -13.516095    -13.516065
   4.29367    -13.496975    -13.496946
   4.34598    -13.477731    -13.477701
   4.39829    -13.459889    -13.459859
   4.45059    -13.444743    -13.444714
   4.50290    -13.433224    -13.433195
   4.55521    -13.426058    -13.426028
   4.60752    -13.423609    -13.423579
   4.60752    -13.423609    -13.423579
   4.67528    -13.430535    -13.430506
   4.74303    -13.450921    -13.450891
   4.81079    -13.483877    -13.483848
   4.87855    -13.527940    -13.527911
   4.94631    -13.581120    -13.581091
   4.94631    -13.581120    -13.581092
   5.00277    -13.630542    -13.630514
   5.05924    -13.682700    -13.682672
   5.11570    -13.735609    -13.735582
   5.17216    -13.787052    -13.787026
   5.22863    -13.834854    -13.834828
   5.28509    -13.877094    -13.877068
   5.34155    -13.912513    -13.912488
   5.39802    -13.940697    -13.940674
   5.45448    -13.961739    -13.961715
   5.51094    -13.976204    -13.976181
   5.56741    -13.984651    -13.984628
   5.62387    -13.987424    -13.987401
   5.62387    -13.987424    -13.987401
   5.67972    -13.955195    -13.955172
   5.73558    -13.877435    -13.877411
   5.79143    -13.782481    -13.782456
   5.84728    -13.687311    -13.687285
   5.90313    -13.601049    -13.601022
   5.95899    -13.529261    -13.529234
   6.01484    -13.475573    -13.475546
   6.07069    -13.442397    -13.442370
   6.12654    -13.431240    -13.431213
   6.12654    -13.420402    -13.420373
   6.18054    -13.422001    -13.421971
   6.23453    -13.426896    -13.426866
   6.28853    -13.435567    -13.435537
   6.34252    -13.448541    -13.448511
   6.39651    -13.466047    -13.466018
   6.45051    -13.487662    -13.487633
   6.50450    -13.512106    -13.512077
   6.55850    -13.536992    -13.536963
   6.61249    -13.559224    -13.559196
   6.66648    -13.575552    -13.575523
   6.72048    -13.583519    -13.583491
   6.77447    -13.582041    -13.582013
   6.82847    -13.571681    -13.571653
   6.88246    -13.554197    -13.554169
   6.93646    -13.531942    -13.531915
   6.99045    -13.507557    -13.507530
   7.04444    -13.483560    -13.483533
   7.09844    -13.462249    -13.462222
   7.15243    -13.445530    -13.445503
   7.20643    -13.434887    -13.434859
   7.26042    -13.431240    -13.431213
   7.26042    -13.431240    -13.431213
   7.31391    -13.433253    -13.433225
   7.36741    -13.439189    -13.439161
   7.42090    -13.448956    -13.448928
   7.47439    -13.462212    -13.462184
   7.52789    -13.478616    -13.478589
   7.58138    -13.497606    -13.497578
   7.63487    -13.518424    -13.518396
   7.68836    -13.540123    -13.540095
   7.74186    -13.561485    -13.561457
   7.79535    -13.581040    -13.581011
   7.84884    -13.597128    -13.597100
   7.90234    -13.608061    -13.608033
   7.95583    -13.612582    -13.612554
   8.00932    -13.610335    -13.610307
   8.06281    -13.602553    -13.602524
   8.11631    -13.591695    -13.591667
   8.16980    -13.580952    -13.580924
   8.22329    -13.573184    -13.573155
   8.27679    -13.570346    -13.570318
 
# Band-Index   10
   8.27679     -8.035350     -8.035350
   8.22329     -8.035075     -8.035075
   8.16980     -8.034401     -8.034401
   8.11631     -8.033798     -8.033798
   8.06281     -8.034123     -8.034123
   8.00932     -8.036626     -8.036625
   7.95583     -8.042699     -8.042698
   7.90234     -8.053070     -8.053069
   7.84884     -8.066946     -8.066945
   7.79535     -8.082293     -8.082291
   7.74186     -8.097020     -8.097019
   7.68836     -8.109752     -8.109750
   7.63487     -8.119878     -8.119876
   7.58138     -8.127342     -8.127340
   7.52789     -8.132432     -8.132430
   7.47439     -8.135633     -8.135630
   7.42090     -8.137494     -8.137492
   7.36741     -8.138526     -8.138524
   7.31391     -8.139078     -8.139075
   7.26042     -8.139264     -8.139262
   7.26042     -8.139264     -8.139262
   7.20643     -8.139131     -8.139129
   7.15243     -8.138723     -8.138721
   7.09844     -8.137916     -8.137914
   7.04444     -8.136395     -8.136393
   6.99045     -8.133684     -8.133682
   6.93646     -8.129218     -8.129216
   6.88246     -8.122434     -8.122432
   6.82847     -8.112872     -8.112870
   6.77447     -8.100321     -8.100319
   6.72048     -8.085055     -8.085053
   6.66648     -8.068192     -8.068191
   6.61249     -8.052036     -8.052035
   6.55850     -8.039776     -8.039775
   6.50450     -8.033694     -8.033693
   6.45051     -8.033390     -8.033390
   6.39651     -8.036733     -8.036733
   6.34252     -8.041629     -8.041629
   6.28853     -8.046612     -8.046612
   6.23453     -8.050740     -8.050740
   6.18054     -8.053428     -8.053429
   6.12654     -8.054358     -8.054358
   6.12654     -8.139264     -8.139262
   6.07069     -8.139316     -8.139314
   6.01484     -8.139468     -8.139466
   5.95899     -8.139700     -8.139698
   5.90313     -8.139986     -8.139984
   5.84728     -8.140292     -8.140289
   5.79143     -8.140579     -8.140576
   5.73558     -8.140810     -8.140807
   5.67972     -8.140959     -8.140957
   5.62387     -8.141012     -8.141010
   5.62387     -8.141012     -8.141010
   5.56741     -8.139869     -8.139867
   5.51094     -8.136869     -8.136866
   5.45448     -8.132957     -8.132954
   5.39802     -8.128547     -8.128544
   5.34155     -8.123050     -8.123047
   5.28509     -8.115583     -8.115580
   5.22863     -8.105563     -8.105560
   5.17216     -8.093009     -8.093006
   5.11570     -8.078817     -8.078815
   5.05924     -8.064964     -8.064962
   5.00277     -8.054122     -8.054120
   4.94631     -8.048177     -8.048175
   4.94631     -8.048177     -8.048175
   4.87855     -8.047109     -8.047108
   4.81079     -8.049903     -8.049902
   4.74303     -8.053713     -8.053713
   4.67528     -8.056660     -8.056659
   4.60752     -8.057743     -8.057742
   4.60752     -8.057743     -8.057742
   4.55521     -8.056286     -8.056285
   4.50290     -8.052025     -8.052024
   4.45059     -8.045287     -8.045286
   4.39829     -8.036596     -8.036596
   4.34598     -8.026642     -8.026642
   4.29367     -8.016212     -8.016211
   4.24136     -8.006061     -8.006060
   4.18906     -7.996733     -7.996732
   4.13675     -7.988445     -7.988444
   4.08444     -7.981262     -7.981261
   4.03213     -7.975762     -7.975761
   3.97983     -7.974418     -7.974418
   3.92752     -7.978697     -7.978696
   3.87521     -7.985279     -7.985279
   3.82290     -7.992035     -7.992034
   3.77060     -7.998273     -7.998272
   3.71829     -8.003908     -8.003907
   3.66598     -8.009256     -8.009255
   3.61367     -8.015007     -8.015006
   3.56137     -8.022172     -8.022171
   3.50906     -8.031776     -8.031774
   3.45675     -8.044207     -8.044205
   3.40444     -8.058739     -8.058736
   3.35214     -8.073888     -8.073886
   3.29983     -8.088188     -8.088185
   3.24752     -8.100635     -8.100632
   3.19521     -8.110746     -8.110744
   3.14291     -8.118466     -8.118463
   3.09060     -8.124051     -8.124049
   3.03829     -8.128007     -8.128004
   2.98598     -8.131000     -8.130998
   2.93368     -8.133703     -8.133701
   2.88137     -8.136356     -8.136354
   2.82906     -8.138458     -8.138455
   2.77675     -8.139264     -8.139262
   2.77675     -8.139264     -8.139262
   2.72498     -8.138399     -8.138396
   2.67320     -8.136170     -8.136167
   2.62142     -8.133433     -8.133430
   2.56965     -8.130717     -8.130715
   2.51787     -8.127694     -8.127691
   2.46610     -8.123620     -8.123617
   2.41432     -8.117794     -8.117791
   2.36254     -8.109696     -8.109693
   2.31077     -8.099055     -8.099052
   2.25899     -8.085905     -8.085902
   2.20721     -8.070670     -8.070668
   2.15544     -8.054274     -8.054272
   2.10366     -8.038171     -8.038169
   2.05188     -8.024032     -8.024030
   2.00011     -8.012933     -8.012932
   1.94833     -8.004755     -8.004754
   1.89655     -7.998590     -7.998589
   1.84478     -7.993473     -7.993472
   1.79300     -7.988778     -7.988777
   1.74122     -7.984295     -7.984295
   1.68945     -7.980286     -7.980286
   1.63767     -7.977547     -7.977547
   1.58589     -7.977163     -7.977163
   1.53412     -7.979501     -7.979501
   1.48234     -7.984005     -7.984005
   1.43056     -7.990142     -7.990142
   1.37879     -7.997576     -7.997576
   1.32701     -8.005888     -8.005887
   1.27524     -8.014461     -8.014460
   1.22346     -8.022578     -8.022577
   1.17168     -8.029576     -8.029575
   1.11991     -8.034936     -8.034935
   1.06813     -8.038290     -8.038289
   1.01635     -8.039429     -8.039428
   1.01635     -8.039429     -8.039428
   0.94859     -8.038890     -8.038888
   0.88084     -8.037642     -8.037641
   0.81308     -8.036898     -8.036896
   0.74532     -8.038889     -8.038887
   0.67756     -8.046416     -8.046414
   0.67756     -8.046416     -8.046414
   0.62110     -8.057809     -8.057807
   0.56464     -8.072391     -8.072388
   0.50817     -8.087578     -8.087575
   0.45171     -8.101223     -8.101220
   0.39525     -8.112208     -8.112205
   0.33878     -8.120294     -8.120291
   0.28232     -8.125848     -8.125845
   0.22585     -8.129647     -8.129644
   0.16939     -8.132699     -8.132696
   0.11293     -8.135698     -8.135696
   0.05646     -8.138246     -8.138243
   0.00000     -8.139264     -8.139262
 
# Band-Index   11
   0.00000     -8.113252     -8.113248
   0.05646     -8.112323     -8.112319
   0.11293     -8.108954     -8.108951
   0.16939     -8.101853     -8.101849
   0.22585     -8.090354     -8.090351
   0.28232     -8.074943     -8.074940
   0.33878     -8.056580     -8.056577
   0.39525     -8.036332     -8.036329
   0.45171     -8.015349     -8.015347
   0.50817     -7.994886     -7.994883
   0.56464     -7.976233     -7.976231
   0.62110     -7.960483     -7.960480
   0.67756     -7.948077     -7.948075
   0.67756     -7.948076     -7.948075
   0.74532     -7.937201     -7.937200
   0.81308     -7.929944     -7.929942
   0.88084     -7.925512     -7.925511
   0.94859     -7.923180     -7.923179
   1.01635     -7.922458     -7.922457
   1.01635     -7.922458     -7.922457
   1.06813     -7.923233     -7.923232
   1.11991     -7.925388     -7.925387
   1.17168     -7.928485     -7.928484
   1.22346     -7.931971     -7.931969
   1.27524     -7.935346     -7.935345
   1.32701     -7.938310     -7.938309
   1.37879     -7.940860     -7.940859
   1.43056     -7.943249     -7.943248
   1.48234     -7.945748     -7.945747
   1.53412     -7.948219     -7.948219
   1.58589     -7.949814     -7.949813
   1.63767     -7.949406     -7.949405
   1.68945     -7.946820     -7.946820
   1.74122     -7.942803     -7.942802
   1.79300     -7.938060     -7.938059
   1.84478     -7.933071     -7.933070
   1.89655     -7.928287     -7.928286
   1.94833     -7.924484     -7.924483
   2.00011     -7.924118     -7.924117
   2.05188     -7.931878     -7.931877
   2.10366     -7.944389     -7.944387
   2.15544     -7.957930     -7.957928
   2.20721     -7.972909     -7.972906
   2.25899     -7.989936     -7.989933
   2.31077     -8.008719     -8.008716
   2.36254     -8.028325     -8.028322
   2.41432     -8.047658     -8.047655
   2.46610     -8.065720     -8.065717
   2.51787     -8.081645     -8.081642
   2.56965     -8.094639     -8.094635
   2.62142     -8.104051     -8.104047
   2.67320     -8.109752     -8.109748
   2.72498     -8.112482     -8.112478
   2.77675     -8.113252     -8.113248
   2.77675     -8.113252     -8.113248
   2.82906     -8.112517     -8.112513
   2.88137     -8.109948     -8.109944
   2.93368     -8.104658     -8.104655
   2.98598     -8.095946     -8.095942
   3.03829     -8.083857     -8.083853
   3.09060     -8.068931     -8.068928
   3.14291     -8.051859     -8.051855
   3.19521     -8.033383     -8.033380
   3.24752     -8.014335     -8.014332
   3.29983     -7.995613     -7.995611
   3.35214     -7.978031     -7.978029
   3.40444     -7.961930     -7.961928
   3.45675     -7.946848     -7.946846
   3.50906     -7.932095     -7.932093
   3.56137     -7.919998     -7.919996
   3.61367     -7.917739     -7.917738
   3.66598     -7.921152     -7.921151
   3.71829     -7.926322     -7.926321
   3.77060     -7.932357     -7.932357
   3.82290     -7.938861     -7.938861
   3.87521     -7.945451     -7.945451
   3.92752     -7.951469     -7.951468
   3.97983     -7.955108     -7.955108
   4.03213     -7.953648     -7.953648
   4.08444     -7.949317     -7.949316
   4.13675     -7.945287     -7.945286
   4.18906     -7.942289     -7.942288
   4.24136     -7.939803     -7.939802
   4.29367     -7.936962     -7.936961
   4.34598     -7.933187     -7.933186
   4.39829     -7.928461     -7.928460
   4.45059     -7.923278     -7.923276
   4.50290     -7.918488     -7.918486
   4.55521     -7.915069     -7.915067
   4.60752     -7.913823     -7.913821
   4.60752     -7.913823     -7.913821
   4.67528     -7.914725     -7.914723
   4.74303     -7.917611     -7.917609
   4.81079     -7.923003     -7.923001
   4.87855     -7.931664     -7.931662
   4.94631     -7.944319     -7.944318
   4.94631     -7.944320     -7.944318
   5.00277     -7.958198     -7.958196
   5.05924     -7.975119     -7.975116
   5.11570     -7.994648     -7.994646
   5.17216     -8.015779     -8.015777
   5.22863     -8.037252     -8.037249
   5.28509     -8.057833     -8.057830
   5.34155     -8.076400     -8.076397
   5.39802     -8.091922     -8.091918
   5.45448     -8.103481     -8.103477
   5.51094     -8.110682     -8.110679
   5.56741     -8.114206     -8.114203
   5.62387     -8.115211     -8.115207
   5.62387     -8.115211     -8.115207
   5.67972     -8.115151     -8.115147
   5.73558     -8.114983     -8.114979
   5.79143     -8.114723     -8.114719
   5.84728     -8.114402     -8.114398
   5.90313     -8.114060     -8.114056
   5.95899     -8.113740     -8.113736
   6.01484     -8.113480     -8.113476
   6.07069     -8.113310     -8.113306
   6.12654     -8.113252     -8.113248
   6.12654     -7.906587     -7.906585
   6.18054     -7.906933     -7.906931
   6.23453     -7.908011     -7.908009
   6.28853     -7.909953     -7.909951
   6.34252     -7.912983     -7.912982
   6.39651     -7.917415     -7.917413
   6.45051     -7.923625     -7.923623
   6.50450     -7.931987     -7.931985
   6.55850     -7.942788     -7.942785
   6.61249     -7.956163     -7.956161
   6.66648     -7.971920     -7.971917
   6.72048     -7.989465     -7.989461
   6.77447     -8.008006     -8.008003
   6.82847     -8.026728     -8.026724
   6.88246     -8.044876     -8.044872
   6.93646     -8.061787     -8.061783
   6.99045     -8.076905     -8.076901
   7.04444     -8.089765     -8.089761
   7.09844     -8.100011     -8.100007
   7.15243     -8.107391     -8.107387
   7.20643     -8.111795     -8.111791
   7.26042     -8.113252     -8.113248
   7.26042     -8.113252     -8.113248
   7.31391     -8.111482     -8.111478
   7.36741     -8.106125     -8.106121
   7.42090     -8.097173     -8.097169
   7.47439     -8.084829     -8.084825
   7.52789     -8.069495     -8.069491
   7.58138     -8.051732     -8.051729
   7.63487     -8.032256     -8.032252
   7.68836     -8.011940     -8.011937
   7.74186     -7.991800     -7.991797
   7.79535     -7.972939     -7.972936
   7.84884     -7.956397     -7.956395
   7.90234     -7.942907     -7.942904
   7.95583     -7.932659     -7.932657
   8.00932     -7.925336     -7.925334
   8.06281     -7.920371     -7.920369
   8.11631     -7.917171     -7.917169
   8.16980     -7.915237     -7.915236
   8.22329     -7.914215     -7.914214
   8.27679     -7.913897     -7.913896
 
# Band-Index   12
   8.27679     -7.763552     -7.763548
   8.22329     -7.766821     -7.766818
   8.16980     -7.776688     -7.776684
   8.11631     -7.792938     -7.792935
   8.06281     -7.814121     -7.814118
   8.00932     -7.836948     -7.836946
   7.95583     -7.857082     -7.857080
   7.90234     -7.870991     -7.870990
   7.84884     -7.877483     -7.877483
   7.79535     -7.877563     -7.877563
   7.74186     -7.873033     -7.873033
   7.68836     -7.865505     -7.865504
   7.63487     -7.856140     -7.856139
   7.58138     -7.845737     -7.845737
   7.52789     -7.834855     -7.834855
   7.47439     -7.823911     -7.823911
   7.42090     -7.813272     -7.813271
   7.36741     -7.803432     -7.803431
   7.31391     -7.795497     -7.795497
   7.26042     -7.792054     -7.792054
   7.26042     -7.792054     -7.792054
   7.20643     -7.795037     -7.795037
   7.15243     -7.802398     -7.802397
   7.09844     -7.812127     -7.812127
   7.04444     -7.823079     -7.823078
   6.99045     -7.834651     -7.834651
   6.93646     -7.846464     -7.846463
   6.88246     -7.858216     -7.858215
   6.82847     -7.869575     -7.869575
   6.77447     -7.880083     -7.880083
   6.72048     -7.888977     -7.888977
   6.66648     -7.894954     -7.894953
   6.61249     -7.895953     -7.895952
   6.55850     -7.889599     -7.889598
   6.50450     -7.875068     -7.875066
   6.45051     -7.854541     -7.854539
   6.39651     -7.831799     -7.831796
   6.34252     -7.810154     -7.810151
   6.28853     -7.791785     -7.791781
   6.23453     -7.777950     -7.777946
   6.18054     -7.769375     -7.769371
   6.12654     -7.766469     -7.766465
   6.12654     -7.792054     -7.792054
   6.07069     -7.792073     -7.792074
   6.01484     -7.792376     -7.792376
   5.95899     -7.800598     -7.800594
   5.90313     -7.825801     -7.825798
   5.84728     -7.852287     -7.852284
   5.79143     -7.876135     -7.876132
   5.73558     -7.894853     -7.894850
   5.67972     -7.906738     -7.906735
   5.62387     -7.910807     -7.910804
   5.62387     -7.910807     -7.910804
   5.56741     -7.909678     -7.909676
   5.51094     -7.906594     -7.906592
   5.45448     -7.902429     -7.902426
   5.39802     -7.898462     -7.898460
   5.34155     -7.895986     -7.895984
   5.28509     -7.895674     -7.895673
   5.22863     -7.897175     -7.897173
   5.17216     -7.899174     -7.899172
   5.11570     -7.899584     -7.899582
   5.05924     -7.895717     -7.895715
   5.00277     -7.885036     -7.885034
   4.94631     -7.866871     -7.866869
   4.94631     -7.866870     -7.866869
   4.87855     -7.838375     -7.838372
   4.81079     -7.809036     -7.809034
   4.74303     -7.785108     -7.785105
   4.67528     -7.770088     -7.770085
   4.60752     -7.765042     -7.765039
   4.60752     -7.765042     -7.765039
   4.55521     -7.765838     -7.765835
   4.50290     -7.768261     -7.768258
   4.45059     -7.772326     -7.772324
   4.39829     -7.777824     -7.777821
   4.34598     -7.784202     -7.784200
   4.29367     -7.790575     -7.790573
   4.24136     -7.795811     -7.795809
   4.18906     -7.798725     -7.798722
   4.13675     -7.798507     -7.798504
   4.08444     -7.795388     -7.795385
   4.03213     -7.791315     -7.791311
   3.97983     -7.790117     -7.790113
   3.92752     -7.794904     -7.794901
   3.87521     -7.804929     -7.804925
   3.82290     -7.818370     -7.818367
   3.77060     -7.834161     -7.834159
   3.71829     -7.851636     -7.851634
   3.66598     -7.870034     -7.870032
   3.61367     -7.887850     -7.887849
   3.56137     -7.900241     -7.900240
   3.50906     -7.902026     -7.902025
   3.45675     -7.899852     -7.899852
   3.40444     -7.896355     -7.896355
   3.35214     -7.891493     -7.891492
   3.29983     -7.885047     -7.885047
   3.24752     -7.877055     -7.877055
   3.19521     -7.867758     -7.867758
   3.14291     -7.857480     -7.857480
   3.09060     -7.846553     -7.846552
   3.03829     -7.835302     -7.835302
   2.98598     -7.824050     -7.824050
   2.93368     -7.813167     -7.813167
   2.88137     -7.803205     -7.803205
   2.82906     -7.795330     -7.795330
   2.77675     -7.792054     -7.792054
   2.77675     -7.792054     -7.792054
   2.72498     -7.795433     -7.795433
   2.67320     -7.803386     -7.803386
   2.62142     -7.813266     -7.813266
   2.56965     -7.823968     -7.823968
   2.51787     -7.835005     -7.835004
   2.46610     -7.846066     -7.846066
   2.41432     -7.856859     -7.856859
   2.36254     -7.867068     -7.867068
   2.31077     -7.876382     -7.876382
   2.25899     -7.884533     -7.884532
   2.20721     -7.891347     -7.891347
   2.15544     -7.896808     -7.896807
   2.10366     -7.900920     -7.900919
   2.05188     -7.902808     -7.902807
   2.00011     -7.897786     -7.897785
   1.94833     -7.882684     -7.882682
   1.89655     -7.863283     -7.863281
   1.84478     -7.843209     -7.843207
   1.79300     -7.824093     -7.824091
   1.74122     -7.806924     -7.806921
   1.68945     -7.792683     -7.792680
   1.63767     -7.783250     -7.783246
   1.58589     -7.781700     -7.781696
   1.53412     -7.786651     -7.786648
   1.48234     -7.792549     -7.792546
   1.43056     -7.796151     -7.796148
   1.37879     -7.796371     -7.796368
   1.32701     -7.793349     -7.793347
   1.27524     -7.787870     -7.787868
   1.22346     -7.780953     -7.780951
   1.17168     -7.773676     -7.773674
   1.11991     -7.767154     -7.767151
   1.06813     -7.762548     -7.762546
   1.01635     -7.760872     -7.760870
   1.01635     -7.760872     -7.760870
   0.94859     -7.766363     -7.766361
   0.88084     -7.782947     -7.782944
   0.81308     -7.809254     -7.809252
   0.74532     -7.839607     -7.839605
   0.67756     -7.865298     -7.865297
   0.67756     -7.865298     -7.865297
   0.62110     -7.878271     -7.878270
   0.56464     -7.882720     -7.882719
   0.50817     -7.880350     -7.880349
   0.45171     -7.873417     -7.873417
   0.39525     -7.863704     -7.863704
   0.33878     -7.852422     -7.852421
   0.28232     -7.840383     -7.840382
   0.22585     -7.828164     -7.828164
   0.16939     -7.816233     -7.816233
   0.11293     -7.805134     -7.805133
   0.05646     -7.796046     -7.796046
   0.00000     -7.792054     -7.792054
 
# Band-Index   13
   0.00000     -7.791734     -7.791734
   0.05646     -7.791821     -7.791822
   0.11293     -7.792074     -7.792075
   0.16939     -7.792410     -7.792411
   0.22585     -7.792697     -7.792697
   0.28232     -7.792740     -7.792740
   0.33878     -7.792269     -7.792269
   0.39525     -7.790934     -7.790934
   0.45171     -7.788304     -7.788304
   0.50817     -7.783895     -7.783895
   0.56464     -7.777261     -7.777261
   0.62110     -7.768190     -7.768190
   0.67756     -7.756899     -7.756899
   0.67756     -7.756899     -7.756898
   0.74532     -7.741488     -7.741488
   0.81308     -7.725956     -7.725955
   0.88084     -7.712562     -7.712561
   0.94859     -7.703466     -7.703465
   1.01635     -7.700247     -7.700245
   1.01635     -7.700247     -7.700245
   1.06813     -7.700604     -7.700603
   1.11991     -7.701670     -7.701668
   1.17168     -7.703453     -7.703451
   1.22346     -7.705990     -7.705987
   1.27524     -7.709333     -7.709331
   1.32701     -7.713534     -7.713532
   1.37879     -7.718635     -7.718633
   1.43056     -7.724625     -7.724623
   1.48234     -7.731349     -7.731347
   1.53412     -7.738183     -7.738181
   1.58589     -7.743032     -7.743031
   1.63767     -7.741832     -7.741831
   1.68945     -7.734660     -7.734658
   1.74122     -7.725808     -7.725806
   1.79300     -7.717970     -7.717968
   1.84478     -7.712481     -7.712479
   1.89655     -7.710208     -7.710205
   1.94833     -7.711890     -7.711888
   2.00011     -7.718194     -7.718192
   2.05188     -7.729255     -7.729253
   2.10366     -7.743775     -7.743774
   2.15544     -7.758940     -7.758939
   2.20721     -7.771976     -7.771975
   2.25899     -7.781531     -7.781530
   2.31077     -7.787660     -7.787659
   2.36254     -7.791118     -7.791118
   2.41432     -7.792764     -7.792764
   2.46610     -7.793301     -7.793300
   2.51787     -7.793231     -7.793231
   2.56965     -7.792883     -7.792882
   2.62142     -7.792459     -7.792459
   2.67320     -7.792086     -7.792086
   2.72498     -7.791838     -7.791838
   2.77675     -7.791734     -7.791734
   2.77675     -7.791734     -7.791734
   2.82906     -7.791831     -7.791831
   2.88137     -7.792059     -7.792058
   2.93368     -7.792400     -7.792399
   2.98598     -7.792790     -7.792790
   3.03829     -7.793126     -7.793126
   3.09060     -7.793233     -7.793233
   3.14291     -7.792845     -7.792845
   3.19521     -7.791565     -7.791565
   3.24752     -7.788835     -7.788835
   3.29983     -7.783942     -7.783941
   3.35214     -7.776172     -7.776171
   3.40444     -7.765220     -7.765219
   3.45675     -7.751817     -7.751815
   3.50906     -7.737997     -7.737995
   3.56137     -7.726290     -7.726288
   3.61367     -7.718348     -7.718346
   3.66598     -7.714565     -7.714562
   3.71829     -7.714655     -7.714653
   3.77060     -7.718125     -7.718123
   3.82290     -7.724289     -7.724287
   3.87521     -7.732066     -7.732064
   3.92752     -7.739604     -7.739603
   3.97983     -7.743964     -7.743962
   4.03213     -7.743004     -7.743003
   4.08444     -7.738299     -7.738297
   4.13675     -7.732371     -7.732369
   4.18906     -7.726472     -7.726470
   4.24136     -7.721047     -7.721044
   4.29367     -7.716192     -7.716190
   4.34598     -7.711842     -7.711839
   4.39829     -7.707873     -7.707871
   4.45059     -7.704224     -7.704222
   4.50290     -7.701036     -7.701035
   4.55521     -7.698738     -7.698736
   4.60752     -7.697881     -7.697880
   4.60752     -7.697881     -7.697880
   4.67528     -7.701161     -7.701159
   4.74303     -7.710400     -7.710398
   4.81079     -7.723924     -7.723923
   4.87855     -7.739413     -7.739412
   4.94631     -7.754520     -7.754520
   4.94631     -7.754520     -7.754520
   5.00277     -7.765460     -7.765460
   5.05924     -7.774231     -7.774231
   5.11570     -7.780714     -7.780714
   5.17216     -7.785165     -7.785165
   5.22863     -7.788002     -7.788002
   5.28509     -7.789660     -7.789660
   5.34155     -7.790518     -7.790518
   5.39802     -7.790874     -7.790874
   5.45448     -7.790942     -7.790942
   5.51094     -7.790849     -7.790849
   5.56741     -7.790670     -7.790670
   5.62387     -7.790552     -7.790552
   5.62387     -7.790552     -7.790552
   5.67972     -7.790579     -7.790579
   5.73558     -7.790668     -7.790668
   5.79143     -7.790804     -7.790804
   5.84728     -7.790972     -7.790972
   5.90313     -7.791171     -7.791170
   5.95899     -7.791392     -7.791392
   6.01484     -7.791586     -7.791586
   6.07069     -7.791700     -7.791699
   6.12654     -7.791734     -7.791734
   6.12654     -7.694880     -7.694878
   6.18054     -7.696554     -7.696552
   6.23453     -7.701452     -7.701451
   6.28853     -7.709222     -7.709220
   6.34252     -7.719290     -7.719288
   6.39651     -7.730893     -7.730891
   6.45051     -7.743137     -7.743136
   6.50450     -7.755080     -7.755079
   6.55850     -7.765863     -7.765862
   6.61249     -7.774871     -7.774871
   6.66648     -7.781843     -7.781842
   6.72048     -7.786839     -7.786839
   6.77447     -7.790137     -7.790137
   6.82847     -7.792092     -7.792092
   6.88246     -7.793060     -7.793060
   6.93646     -7.793348     -7.793348
   6.99045     -7.793210     -7.793210
   7.04444     -7.792847     -7.792847
   7.09844     -7.792417     -7.792417
   7.15243     -7.792033     -7.792033
   7.20643     -7.791774     -7.791774
   7.26042     -7.791734     -7.791734
   7.26042     -7.791734     -7.791734
   7.31391     -7.791789     -7.791789
   7.36741     -7.792089     -7.792089
   7.42090     -7.792524     -7.792524
   7.47439     -7.792981     -7.792981
   7.52789     -7.793297     -7.793296
   7.58138     -7.793237     -7.793237
   7.63487     -7.792491     -7.792490
   7.68836     -7.790661     -7.790660
   7.74186     -7.787268     -7.787267
   7.79535     -7.781809     -7.781808
   7.84884     -7.773906     -7.773905
   7.90234     -7.763527     -7.763526
   7.95583     -7.751151     -7.751150
   8.00932     -7.737750     -7.737748
   8.06281     -7.724560     -7.724558
   8.11631     -7.712819     -7.712818
   8.16980     -7.703605     -7.703603
   8.22329     -7.697738     -7.697736
   8.27679     -7.695725     -7.695723
 
# Band-Index   14
   8.27679     -7.538963     -7.538960
   8.22329     -7.544477     -7.544475
   8.16980     -7.559132     -7.559129
   8.11631     -7.578432     -7.578429
   8.06281     -7.597879     -7.597876
   8.00932     -7.614950     -7.614946
   7.95583     -7.629207     -7.629204
   7.90234     -7.641260     -7.641256
   7.84884     -7.651935     -7.651932
   7.79535     -7.661921     -7.661917
   7.74186     -7.671700     -7.671696
   7.68836     -7.681583     -7.681579
   7.63487     -7.691735     -7.691732
   7.58138     -7.702206     -7.702203
   7.52789     -7.712933     -7.712930
   7.47439     -7.723756     -7.723753
   7.42090     -7.734393     -7.734390
   7.36741     -7.744316     -7.744313
   7.31391     -7.752343     -7.752339
   7.26042     -7.755775     -7.755771
   7.26042     -7.755775     -7.755771
   7.20643     -7.753779     -7.753775
   7.15243     -7.749150     -7.749147
   7.09844     -7.743709     -7.743706
   7.04444     -7.738256     -7.738253
   6.99045     -7.732944     -7.732941
   6.93646     -7.727614     -7.727611
   6.88246     -7.721961     -7.721958
   6.82847     -7.715595     -7.715592
   6.77447     -7.708097     -7.708094
   6.72048     -7.699043     -7.699039
   6.66648     -7.688034     -7.688031
   6.61249     -7.674727     -7.674724
   6.55850     -7.658886     -7.658883
   6.50450     -7.640517     -7.640514
   6.45051     -7.620052     -7.620049
   6.39651     -7.598538     -7.598535
   6.34252     -7.577638     -7.577636
   6.28853     -7.559296     -7.559293
   6.23453     -7.545198     -7.545195
   6.18054     -7.536425     -7.536422
   6.12654     -7.533461     -7.533459
   6.12654     -7.755775     -7.755771
   6.07069     -7.761071     -7.761067
   6.01484     -7.775792     -7.775789
   5.95899     -7.789799     -7.789799
   5.90313     -7.790657     -7.790658
   5.84728     -7.790552     -7.790552
   5.79143     -7.790332     -7.790332
   5.73558     -7.790121     -7.790122
   5.67972     -7.789978     -7.789979
   5.62387     -7.789931     -7.789931
   5.62387     -7.789931     -7.789931
   5.56741     -7.789705     -7.789705
   5.51094     -7.788957     -7.788957
   5.45448     -7.787103     -7.787103
   5.39802     -7.783098     -7.783097
   5.34155     -7.775854     -7.775853
   5.28509     -7.764790     -7.764788
   5.22863     -7.750097     -7.750095
   5.17216     -7.732494     -7.732491
   5.11570     -7.712800     -7.712798
   5.05924     -7.691670     -7.691667
   5.00277     -7.669509     -7.669506
   4.94631     -7.646502     -7.646499
   4.94631     -7.646501     -7.646499
   4.87855     -7.617929     -7.617926
   4.81079     -7.589046     -7.589044
   4.74303     -7.562406     -7.562404
   4.67528     -7.542837     -7.542834
   4.60752     -7.535553     -7.535551
   4.60752     -7.535553     -7.535551
   4.55521     -7.531303     -7.531300
   4.50290     -7.519136     -7.519133
   4.45059     -7.500525     -7.500523
   4.39829     -7.477283     -7.477280
   4.34598     -7.451205     -7.451202
   4.29367     -7.423973     -7.423970
   4.24136     -7.397160     -7.397157
   4.18906     -7.372283     -7.372280
   4.13675     -7.350846     -7.350842
   4.08444     -7.334384     -7.334380
   4.03213     -7.324474     -7.324470
   3.97983     -7.322629     -7.322625
   3.92752     -7.330145     -7.330141
   3.87521     -7.347747     -7.347744
   3.82290     -7.375228     -7.375225
   3.77060     -7.411181     -7.411178
   3.71829     -7.453007     -7.453004
   3.66598     -7.497224     -7.497221
   3.61367     -7.540011     -7.540008
   3.56137     -7.577875     -7.577872
   3.50906     -7.608529     -7.608526
   3.45675     -7.631714     -7.631710
   3.40444     -7.648982     -7.648979
   3.35214     -7.662392     -7.662389
   3.29983     -7.673546     -7.673543
   3.24752     -7.683461     -7.683458
   3.19521     -7.692738     -7.692735
   3.14291     -7.701735     -7.701731
   3.09060     -7.710653     -7.710650
   3.03829     -7.719600     -7.719596
   2.98598     -7.728579     -7.728576
   2.93368     -7.737472     -7.737468
   2.88137     -7.745897     -7.745893
   2.82906     -7.752808     -7.752805
   2.77675     -7.755775     -7.755771
   2.77675     -7.755775     -7.755771
   2.72498     -7.752352     -7.752349
   2.67320     -7.744346     -7.744343
   2.62142     -7.734438     -7.734434
   2.56965     -7.723787     -7.723784
   2.51787     -7.712894     -7.712891
   2.46610     -7.702030     -7.702026
   2.41432     -7.691342     -7.691339
   2.36254     -7.680862     -7.680858
   2.31077     -7.670489     -7.670486
   2.25899     -7.659931     -7.659928
   2.20721     -7.648566     -7.648562
   2.15544     -7.635234     -7.635231
   2.10366     -7.618038     -7.618034
   2.05188     -7.594550     -7.594547
   2.00011     -7.563076     -7.563073
   1.94833     -7.524095     -7.524092
   1.89655     -7.480198     -7.480195
   1.84478     -7.435109     -7.435105
   1.79300     -7.392952     -7.392948
   1.74122     -7.357657     -7.357654
   1.68945     -7.332336     -7.332333
   1.63767     -7.318684     -7.318680
   1.58589     -7.316769     -7.316766
   1.53412     -7.325367     -7.325364
   1.48234     -7.342478     -7.342474
   1.43056     -7.365850     -7.365847
   1.37879     -7.393302     -7.393299
   1.32701     -7.422839     -7.422836
   1.27524     -7.452633     -7.452630
   1.22346     -7.480933     -7.480930
   1.17168     -7.505986     -7.505984
   1.11991     -7.525952     -7.525949
   1.06813     -7.538966     -7.538964
   1.01635     -7.543508     -7.543506
   1.01635     -7.543508     -7.543506
   0.94859     -7.551655     -7.551653
   0.88084     -7.571688     -7.571686
   0.81308     -7.594730     -7.594727
   0.74532     -7.614922     -7.614919
   0.67756     -7.631324     -7.631321
   0.67756     -7.631324     -7.631321
   0.62110     -7.642985     -7.642981
   0.56464     -7.653705     -7.653701
   0.50817     -7.664100     -7.664097
   0.45171     -7.674581     -7.674577
   0.39525     -7.685379     -7.685376
   0.33878     -7.696588     -7.696585
   0.28232     -7.708166     -7.708162
   0.22585     -7.719946     -7.719943
   0.16939     -7.731630     -7.731626
   0.11293     -7.742660     -7.742657
   0.05646     -7.751767     -7.751764
   0.00000     -7.755775     -7.755771
 
# Band-Index   15
   0.00000     -4.851279     -4.851275
   0.05646     -4.838318     -4.838314
   0.11293     -4.799945     -4.799940
   0.16939     -4.737747     -4.737743
   0.22585     -4.654421     -4.654415
   0.28232     -4.553946     -4.553940
   0.33878     -4.441990     -4.441982
   0.39525     -4.326889     -4.326881
   0.45171     -4.222138     -4.222129
   0.50817     -4.152121     -4.152110
   0.56464     -4.158937     -4.158925
   0.62110     -4.277143     -4.277131
   0.67756     -4.477619     -4.477608
   0.67756     -4.477617     -4.477606
   0.74532     -4.749662     -4.749653
   0.81308     -5.002547     -5.002539
   0.88084     -5.205501     -5.205494
   0.94859     -5.337437     -5.337431
   1.01635     -5.383349     -5.383343
   1.01635     -5.383349     -5.383343
   1.06813     -5.377749     -5.377743
   1.11991     -5.361152     -5.361145
   1.17168     -5.334187     -5.334180
   1.22346     -5.297986     -5.297979
   1.27524     -5.254311     -5.254303
   1.32701     -5.205744     -5.205736
   1.37879     -5.155958     -5.155950
   1.43056     -5.109888     -5.109880
   1.48234     -5.073343     -5.073335
   1.53412     -5.051177     -5.051169
   1.58589     -5.043669     -5.043661
   1.63767     -5.043862     -5.043855
   1.68945     -5.039711     -5.039704
   1.74122     -5.019460     -5.019453
   1.79300     -4.975302     -4.975295
   1.84478     -4.904110     -4.904103
   1.89655     -4.806616     -4.806608
   1.94833     -4.686477     -4.686469
   2.00011     -4.550005     -4.549996
   2.05188     -4.406908     -4.406899
   2.10366     -4.272295     -4.272284
   2.15544     -4.168314     -4.168303
   2.20721     -4.118713     -4.118702
   2.25899     -4.132266     -4.132255
   2.31077     -4.195794     -4.195784
   2.36254     -4.288354     -4.288345
   2.41432     -4.393057     -4.393049
   2.46610     -4.498569     -4.498562
   2.51787     -4.597366     -4.597361
   2.56965     -4.684216     -4.684211
   2.62142     -4.755345     -4.755340
   2.67320     -4.808026     -4.808022
   2.72498     -4.840379     -4.840375
   2.77675     -4.851279     -4.851275
   2.77675     -4.851279     -4.851275
   2.82906     -4.839587     -4.839583
   2.88137     -4.805022     -4.805018
   2.93368     -4.749179     -4.749175
   2.98598     -4.674713     -4.674708
   3.03829     -4.585399     -4.585393
   3.09060     -4.486270     -4.486263
   3.14291     -4.383895     -4.383887
   3.19521     -4.286813     -4.286804
   3.24752     -4.206162     -4.206152
   3.29983     -4.155762     -4.155752
   3.35214     -4.149880     -4.149869
   3.40444     -4.196123     -4.196112
   3.45675     -4.287676     -4.287666
   3.50906     -4.405980     -4.405971
   3.56137     -4.531283     -4.531275
   3.61367     -4.648657     -4.648650
   3.66598     -4.748245     -4.748238
   3.71829     -4.824061     -4.824055
   3.77060     -4.873341     -4.873335
   3.82290     -4.896582     -4.896576
   3.87521     -4.897935     -4.897928
   3.92752     -4.885332     -4.885326
   3.97983     -4.869543     -4.869535
   4.03213     -4.861366     -4.861358
   4.08444     -4.867795     -4.867787
   4.13675     -4.889978     -4.889969
   4.18906     -4.924515     -4.924506
   4.24136     -4.966350     -4.966341
   4.29367     -5.010708     -5.010699
   4.34598     -5.053742     -5.053734
   4.39829     -5.092518     -5.092510
   4.45059     -5.124833     -5.124826
   4.50290     -5.149053     -5.149047
   4.55521     -5.164042     -5.164035
   4.60752     -5.169112     -5.169105
   4.60752     -5.169112     -5.169105
   4.67528     -5.139093     -5.139086
   4.74303     -5.052726     -5.052719
   4.81079     -4.920419     -4.920411
   4.87855     -4.758118     -4.758109
   4.94631     -4.586370     -4.586360
   4.94631     -4.586371     -4.586361
   5.00277     -4.452132     -4.452122
   5.05924     -4.336540     -4.336528
   5.11570     -4.242745     -4.242732
   5.17216     -4.168239     -4.168226
   5.22863     -4.108612     -4.108598
   5.28509     -4.060138     -4.060124
   5.34155     -4.020461     -4.020446
   5.39802     -3.988378     -3.988363
   5.45448     -3.963383     -3.963368
   5.51094     -3.945407     -3.945392
   5.56741     -3.934554     -3.934539
   5.62387     -3.930920     -3.930904
   5.62387     -3.930920     -3.930904
   5.67972     -3.971768     -3.971753
   5.73558     -4.079992     -4.079979
   5.79143     -4.226243     -4.226232
   5.84728     -4.384201     -4.384192
   5.90313     -4.535071     -4.535064
   5.95899     -4.665661     -4.665655
   6.01484     -4.766229     -4.766225
   6.07069     -4.829619     -4.829615
   6.12654     -4.851279     -4.851275
   6.12654     -5.160230     -5.160228
   6.18054     -5.151351     -5.151349
   6.23453     -5.123945     -5.123943
   6.28853     -5.076109     -5.076106
   6.34252     -5.005863     -5.005860
   6.39651     -4.912499     -4.912495
   6.45051     -4.797992     -4.797987
   6.50450     -4.668437     -4.668431
   6.55850     -4.535510     -4.535503
   6.61249     -4.416620     -4.416611
   6.66648     -4.330242     -4.330232
   6.72048     -4.287266     -4.287256
   6.77447     -4.287958     -4.287948
   6.82847     -4.326054     -4.326044
   6.88246     -4.392481     -4.392472
   6.93646     -4.476937     -4.476930
   6.99045     -4.568939     -4.568932
   7.04444     -4.658686     -4.658681
   7.09844     -4.737687     -4.737683
   7.15243     -4.799112     -4.799107
   7.20643     -4.837984     -4.837980
   7.26042     -4.851279     -4.851275
   7.26042     -4.851279     -4.851275
   7.31391     -4.839824     -4.839820
   7.36741     -4.805848     -4.805844
   7.42090     -4.750575     -4.750570
   7.47439     -4.676075     -4.676070
   7.52789     -4.585398     -4.585392
   7.58138     -4.482820     -4.482813
   7.63487     -4.374423     -4.374415
   7.68836     -4.269483     -4.269474
   7.74186     -4.183581     -4.183571
   7.79535     -4.144541     -4.144531
   7.84884     -4.191258     -4.191249
   7.90234     -4.334964     -4.334956
   7.95583     -4.535516     -4.535510
   8.00932     -4.749292     -4.749288
   8.06281     -4.950370     -4.950366
   8.11631     -5.123095     -5.123092
   8.16980     -5.256065     -5.256063
   8.22329     -5.340161     -5.340160
   8.27679     -5.368984     -5.368982
 
# Band-Index   16
   8.27679     -3.391143     -3.391133
   8.22329     -3.388097     -3.388087
   8.16980     -3.379749     -3.379739
   8.11631     -3.368536     -3.368526
   8.06281     -3.358457     -3.358446
   8.00932     -3.353773     -3.353761
   7.95583     -3.354206     -3.354195
   7.90234     -3.344574     -3.344564
   7.84884     -3.284905     -3.284896
   7.79535     -3.133766     -3.133758
   7.74186     -2.900427     -2.900419
   7.68836     -2.624426     -2.624416
   7.63487     -2.339258     -2.339247
   7.58138     -2.072537     -2.072524
   7.52789     -1.845903     -1.845889
   7.47439     -1.665733     -1.665717
   7.42090     -1.527686     -1.527669
   7.36741     -1.428863     -1.428845
   7.31391     -1.369610     -1.369591
   7.26042     -1.350044     -1.350025
   7.26042     -1.350044     -1.350025
   7.20643     -1.362498     -1.362479
   7.15243     -1.400153     -1.400135
   7.09844     -1.464350     -1.464332
   7.04444     -1.562222     -1.562205
   6.99045     -1.722615     -1.722599
   6.93646     -1.973982     -1.973967
   6.88246     -2.273677     -2.273663
   6.82847     -2.578438     -2.578426
   6.77447     -2.867298     -2.867288
   6.72048     -3.126014     -3.126004
   6.66648     -3.342298     -3.342289
   6.61249     -3.508394     -3.508386
   6.55850     -3.625986     -3.625977
   6.50450     -3.704537     -3.704528
   6.45051     -3.753904     -3.753895
   6.39651     -3.780606     -3.780598
   6.34252     -3.788792     -3.788784
   6.28853     -3.782512     -3.782504
   6.23453     -3.767646     -3.767639
   6.18054     -3.752625     -3.752619
   6.12654     -3.746280     -3.746273
   6.12654     -1.350044     -1.350025
   6.07069     -1.343917     -1.343898
   6.01484     -1.325701     -1.325682
   5.95899     -1.295848     -1.295829
   5.90313     -1.255154     -1.255135
   5.84728     -1.403631     -1.403613
   5.79143     -1.656082     -1.656068
   5.73558     -1.871129     -1.871118
   5.67972     -2.021012     -2.021004
   5.62387     -2.075795     -2.075787
   5.62387     -2.075795     -2.075788
   5.56741     -2.077155     -2.077148
   5.51094     -2.084827     -2.084819
   5.45448     -2.110415     -2.110405
   5.39802     -2.173469     -2.173458
   5.34155     -2.292118     -2.292105
   5.28509     -2.465607     -2.465592
   5.22863     -2.674430     -2.674415
   5.17216     -2.895426     -2.895411
   5.11570     -3.108724     -3.108711
   5.05924     -3.298113     -3.298101
   5.00277     -3.452112     -3.452101
   4.94631     -3.566613     -3.566602
   4.94631     -3.566610     -3.566599
   4.87855     -3.657255     -3.657245
   4.81079     -3.709484     -3.709475
   4.74303     -3.736312     -3.736303
   4.67528     -3.747868     -3.747859
   4.60752     -3.750895     -3.750887
   4.60752     -3.750895     -3.750887
   4.55521     -3.744433     -3.744424
   4.50290     -3.725375     -3.725366
   4.45059     -3.694838     -3.694829
   4.39829     -3.655062     -3.655052
   4.34598     -3.610126     -3.610117
   4.29367     -3.567241     -3.567231
   4.24136     -3.538658     -3.538647
   4.18906     -3.540667     -3.540656
   4.13675     -3.579069     -3.579057
   4.08444     -3.635040     -3.635027
   4.03213     -3.683596     -3.683582
   3.97983     -3.711459     -3.711445
   3.92752     -3.717518     -3.717505
   3.87521     -3.706852     -3.706839
   3.82290     -3.684466     -3.684453
   3.77060     -3.652421     -3.652408
   3.71829     -3.610597     -3.610585
   3.66598     -3.558499     -3.558487
   3.61367     -3.496214     -3.496202
   3.56137     -3.424394     -3.424383
   3.50906     -3.343211     -3.343199
   3.45675     -3.249954     -3.249943
   3.40444     -3.136344     -3.136332
   3.35214     -2.990583     -2.990572
   3.29983     -2.806559     -2.806546
   3.24752     -2.589558     -2.589545
   3.19521     -2.353506     -2.353491
   3.14291     -2.118482     -2.118466
   3.09060     -1.906597     -1.906579
   3.03829     -1.728004     -1.727984
   2.98598     -1.581184     -1.581164
   2.93368     -1.467421     -1.467401
   2.88137     -1.393516     -1.393497
   2.82906     -1.359116     -1.359098
   2.77675     -1.350044     -1.350025
   2.77675     -1.350044     -1.350025
   2.72498     -1.361917     -1.361899
   2.67320     -1.404272     -1.404253
   2.62142     -1.487577     -1.487558
   2.56965     -1.609986     -1.609967
   2.51787     -1.764415     -1.764397
   2.46610     -1.945949     -1.945932
   2.41432     -2.150112     -2.150096
   2.36254     -2.366940     -2.366926
   2.31077     -2.577990     -2.577977
   2.25899     -2.760551     -2.760539
   2.20721     -2.896858     -2.896846
   2.15544     -3.001527     -3.001514
   2.10366     -3.129972     -3.129959
   2.05188     -3.280177     -3.280163
   2.00011     -3.429029     -3.429016
   1.94833     -3.567721     -3.567709
   1.89655     -3.692794     -3.692782
   1.84478     -3.802576     -3.802564
   1.79300     -3.896125     -3.896113
   1.74122     -3.972456     -3.972440
   1.68945     -4.029580     -4.029568
   1.63767     -4.063527     -4.063516
   1.58589     -4.068557     -4.068547
   1.53412     -4.040227     -4.040217
   1.48234     -3.980055     -3.980043
   1.43056     -3.896838     -3.896828
   1.37879     -3.802541     -3.802530
   1.32701     -3.707549     -3.707538
   1.27524     -3.618918     -3.618906
   1.22346     -3.541175     -3.541162
   1.17168     -3.477474     -3.477461
   1.11991     -3.430220     -3.430206
   1.06813     -3.401158     -3.401145
   1.01635     -3.391351     -3.391338
   1.01635     -3.391351     -3.391338
   0.94859     -3.386498     -3.386485
   0.88084     -3.373994     -3.373981
   0.81308     -3.360103     -3.360089
   0.74532     -3.353632     -3.353619
   0.67756     -3.354494     -3.354482
   0.67756     -3.354496     -3.354485
   0.62110     -3.334168     -3.334157
   0.56464     -3.238598     -3.238587
   0.50817     -3.036087     -3.036074
   0.45171     -2.759493     -2.759477
   0.39525     -2.453734     -2.453716
   0.33878     -2.153629     -2.153608
   0.28232     -1.889433     -1.889410
   0.22585     -1.678452     -1.678427
   0.16939     -1.520860     -1.520836
   0.11293     -1.416240     -1.416219
   0.05646     -1.364155     -1.364136
   0.00000     -1.350044     -1.350025
 
# Band-Index   17
   0.00000     -1.233304     -1.233266
   0.05646     -1.247609     -1.247573
   0.11293     -1.279524     -1.279491
   0.16939     -1.312126     -1.312097
   0.22585     -1.344816     -1.344789
   0.28232     -1.398354     -1.398334
   0.33878     -1.631029     -1.631008
   0.39525     -1.836323     -1.836303
   0.45171     -2.010006     -2.009987
   0.50817     -2.155329     -2.155311
   0.56464     -2.270182     -2.270165
   0.62110     -2.349182     -2.349165
   0.67756     -2.386762     -2.386745
   0.67756     -2.386759     -2.386742
   0.74532     -2.376100     -2.376083
   0.81308     -2.317394     -2.317376
   0.88084     -2.233453     -2.233427
   0.94859     -2.148326     -2.148307
   1.01635     -2.103196     -2.103174
   1.01635     -2.103196     -2.103174
   1.06813     -2.101605     -2.101583
   1.11991     -2.135580     -2.135557
   1.17168     -2.261085     -2.261063
   1.22346     -2.421363     -2.421342
   1.27524     -2.598395     -2.598376
   1.32701     -2.776152     -2.776134
   1.37879     -2.939872     -2.939855
   1.43056     -3.077739     -3.077723
   1.48234     -3.182071     -3.182057
   1.53412     -3.249413     -3.249399
   1.58589     -3.279415     -3.279401
   1.63767     -3.273795     -3.273781
   1.68945     -3.236007     -3.235992
   1.74122     -3.171439     -3.171423
   1.79300     -3.087448     -3.087431
   1.84478     -2.993592     -2.993573
   1.89655     -2.902672     -2.902652
   1.94833     -2.832581     -2.832561
   2.00011     -2.802660     -2.802641
   2.05188     -2.812927     -2.812911
   2.10366     -2.828465     -2.828451
   2.15544     -2.788072     -2.788064
   2.20721     -2.656916     -2.656903
   2.25899     -2.478267     -2.478252
   2.31077     -2.279811     -2.279795
   2.36254     -2.066797     -2.066780
   2.41432     -1.838241     -1.838223
   2.46610     -1.600751     -1.600730
   2.51787     -1.417360     -1.417330
   2.56965     -1.345486     -1.345453
   2.62142     -1.306435     -1.306399
   2.67320     -1.273801     -1.273764
   2.72498     -1.245347     -1.245310
   2.77675     -1.233304     -1.233266
   2.77675     -1.233304     -1.233266
   2.82906     -1.245953     -1.245915
   2.88137     -1.275889     -1.275852
   2.93368     -1.307393     -1.307358
   2.98598     -1.341062     -1.341030
   3.03829     -1.408470     -1.408441
   3.09060     -1.594458     -1.594435
   3.14291     -1.810309     -1.810289
   3.19521     -1.998803     -1.998784
   3.24752     -2.160193     -2.160174
   3.29983     -2.297271     -2.297252
   3.35214     -2.408884     -2.408864
   3.40444     -2.493502     -2.493482
   3.45675     -2.553954     -2.553933
   3.50906     -2.600640     -2.600617
   3.56137     -2.650296     -2.650272
   3.61367     -2.718090     -2.718066
   3.66598     -2.806289     -2.806267
   3.71829     -2.904563     -2.904543
   3.77060     -2.999865     -2.999847
   3.82290     -3.081146     -3.081130
   3.87521     -3.140213     -3.140199
   3.92752     -3.173138     -3.173125
   3.97983     -3.182011     -3.181998
   4.03213     -3.174469     -3.174457
   4.08444     -3.159004     -3.158992
   4.13675     -3.135722     -3.135710
   4.18906     -3.089634     -3.089621
   4.24136     -3.006094     -3.006080
   4.29367     -2.892305     -2.892290
   4.34598     -2.766738     -2.766722
   4.39829     -2.648370     -2.648353
   4.45059     -2.584433     -2.584413
   4.50290     -2.601124     -2.601102
   4.55521     -2.619448     -2.619425
   4.60752     -2.626020     -2.625997
   4.60752     -2.626020     -2.625997
   4.67528     -2.602247     -2.602225
   4.74303     -2.533397     -2.533375
   4.81079     -2.425825     -2.425803
   4.87855     -2.287692     -2.287671
   4.94631     -2.127600     -2.127580
   4.94631     -2.127604     -2.127583
   5.00277     -1.985210     -1.985192
   5.05924     -1.852627     -1.852610
   5.11570     -1.733124     -1.733104
   5.17216     -1.613866     -1.613844
   5.22863     -1.495449     -1.495426
   5.28509     -1.385506     -1.385484
   5.34155     -1.338934     -1.338912
   5.39802     -1.274245     -1.274221
   5.45448     -1.177592     -1.177567
   5.51094     -1.081392     -1.081369
   5.56741     -1.019566     -1.019546
   5.62387     -0.999598     -0.999579
   5.62387     -0.999598     -0.999579
   5.67972     -1.027372     -1.027352
   5.73558     -1.084692     -1.084672
   5.79143     -1.146718     -1.146698
   5.84728     -1.204700     -1.204680
   5.90313     -1.139521     -1.139488
   5.95899     -1.178678     -1.178640
   6.01484     -1.208774     -1.208736
   6.07069     -1.227130     -1.227093
   6.12654     -1.233304     -1.233266
   6.12654     -2.635358     -2.635338
   6.18054     -2.610467     -2.610447
   6.23453     -2.541566     -2.541546
   6.28853     -2.442392     -2.442373
   6.34252     -2.328366     -2.328348
   6.39651     -2.212807     -2.212789
   6.45051     -2.105931     -2.105914
   6.50450     -2.014561     -2.014545
   6.55850     -1.940819     -1.940803
   6.61249     -1.884623     -1.884609
   6.66648     -1.841896     -1.841883
   6.72048     -1.804383     -1.804370
   6.77447     -1.762505     -1.762492
   6.82847     -1.708018     -1.708005
   6.88246     -1.634607     -1.634594
   6.93646     -1.532734     -1.532719
   6.99045     -1.376046     -1.376028
   7.04444     -1.306461     -1.306424
   7.09844     -1.275261     -1.275224
   7.15243     -1.252475     -1.252437
   7.20643     -1.238224     -1.238186
   7.26042     -1.233304     -1.233266
   7.26042     -1.233304     -1.233266
   7.31391     -1.237745     -1.237708
   7.36741     -1.249677     -1.249639
   7.42090     -1.267604     -1.267566
   7.47439     -1.291439     -1.291402
   7.52789     -1.333977     -1.333958
   7.58138     -1.570614     -1.570600
   7.63487     -1.776758     -1.776745
   7.68836     -1.951537     -1.951525
   7.74186     -2.100110     -2.100098
   7.79535     -2.223030     -2.223019
   7.84884     -2.317049     -2.317039
   7.90234     -2.377075     -2.377063
   7.95583     -2.399084     -2.399072
   8.00932     -2.383895     -2.383883
   8.06281     -2.338947     -2.338933
   8.11631     -2.275551     -2.275535
   8.16980     -2.205304     -2.205286
   8.22329     -2.141219     -2.141199
   8.27679     -2.110254     -2.110232
 
# Band-Index   18
   8.27679     -1.958783     -1.958744
   8.22329     -1.952102     -1.952062
   8.16980     -1.932269     -1.932230
   8.11631     -1.900163     -1.900124
   8.06281     -1.857241     -1.857202
   8.00932     -1.805462     -1.805423
   7.95583     -1.747219     -1.747180
   7.90234     -1.685156     -1.685117
   7.84884     -1.621948     -1.621909
   7.79535     -1.560044     -1.560005
   7.74186     -1.501413     -1.501375
   7.68836     -1.447467     -1.447429
   7.63487     -1.399084     -1.399046
   7.58138     -1.356678     -1.356640
   7.52789     -1.316267     -1.316233
   7.47439     -1.065276     -1.065258
   7.42090     -0.804792     -0.804771
   7.36741     -0.577963     -0.577940
   7.31391     -0.425879     -0.425843
   7.26042     -0.412145     -0.412107
   7.26042     -0.412145     -0.412107
   7.20643     -0.447156     -0.447121
   7.15243     -0.613656     -0.613628
   7.09844     -0.858924     -0.858900
   7.04444     -1.130993     -1.130972
   6.99045     -1.341699     -1.341663
   6.93646     -1.391794     -1.391756
   6.88246     -1.447950     -1.447912
   6.82847     -1.512166     -1.512129
   6.77447     -1.583851     -1.583813
   6.72048     -1.661780     -1.661743
   6.66648     -1.744155     -1.744118
   6.61249     -1.828701     -1.828664
   6.55850     -1.912830     -1.912794
   6.50450     -1.994495     -1.994459
   6.45051     -2.071603     -2.071567
   6.39651     -2.140720     -2.140685
   6.34252     -2.199974     -2.199939
   6.28853     -2.247825     -2.247791
   6.23453     -2.282962     -2.282927
   6.18054     -2.304431     -2.304397
   6.12654     -2.311650     -2.311616
   6.12654     -0.412145     -0.412107
   6.07069     -0.474411     -0.474375
   6.01484     -0.641386     -0.641355
   5.95899     -0.873329     -0.873303
   5.90313     -1.133747     -1.133720
   5.84728     -1.086678     -1.086639
   5.79143     -1.028087     -1.028048
   5.73558     -0.965428     -0.965388
   5.67972     -0.907666     -0.907626
   5.62387     -0.879839     -0.879799
   5.62387     -0.879839     -0.879799
   5.56741     -0.917335     -0.917299
   5.51094     -0.992352     -0.992320
   5.45448     -1.075417     -1.075389
   5.39802     -1.166024     -1.165998
   5.34155     -1.266059     -1.266034
   5.28509     -1.356232     -1.356207
   5.22863     -1.400793     -1.400768
   5.17216     -1.518399     -1.518372
   5.11570     -1.666416     -1.666388
   5.05924     -1.816504     -1.816474
   5.00277     -1.945462     -1.945434
   4.94631     -2.049343     -2.049318
   4.94631     -2.049341     -2.049316
   4.87855     -2.155546     -2.155523
   4.81079     -2.241471     -2.241448
   4.74303     -2.304832     -2.304810
   4.67528     -2.343675     -2.343653
   4.60752     -2.356759     -2.356737
   4.60752     -2.356759     -2.356737
   4.55521     -2.375168     -2.375147
   4.50290     -2.427451     -2.427429
   4.45059     -2.495912     -2.495890
   4.39829     -2.495132     -2.495107
   4.34598     -2.443420     -2.443395
   4.29367     -2.378662     -2.378638
   4.24136     -2.308655     -2.308631
   4.18906     -2.242799     -2.242775
   4.13675     -2.200620     -2.200597
   4.08444     -2.188999     -2.188987
   4.03213     -2.173073     -2.173054
   3.97983     -2.142791     -2.142769
   3.92752     -2.125260     -2.125252
   3.87521     -2.146929     -2.146905
   3.82290     -2.189017     -2.188994
   3.77060     -2.229358     -2.229336
   3.71829     -2.257587     -2.257566
   3.66598     -2.266409     -2.266388
   3.61367     -2.247419     -2.247398
   3.56137     -2.193465     -2.193443
   3.50906     -2.106919     -2.106896
   3.45675     -1.999518     -1.999493
   3.40444     -1.883277     -1.883250
   3.35214     -1.767081     -1.767054
   3.29983     -1.657988     -1.657959
   3.24752     -1.561817     -1.561789
   3.19521     -1.481623     -1.481595
   3.14291     -1.416029     -1.416001
   3.09060     -1.356055     -1.356027
   3.03829     -1.246798     -1.246776
   2.98598     -1.015597     -1.015575
   2.93368     -0.765635     -0.765609
   2.88137     -0.551708     -0.551679
   2.82906     -0.429687     -0.429649
   2.77675     -0.412145     -0.412107
   2.77675     -0.412145     -0.412107
   2.72498     -0.421704     -0.421666
   2.67320     -0.531080     -0.531055
   2.62142     -0.745151     -0.745128
   2.56965     -0.995802     -0.995781
   2.51787     -1.234086     -1.234063
   2.46610     -1.367301     -1.367272
   2.41432     -1.443429     -1.443398
   2.36254     -1.522563     -1.522533
   2.31077     -1.613984     -1.613954
   2.25899     -1.716877     -1.716849
   2.20721     -1.826369     -1.826341
   2.15544     -1.935936     -1.935910
   2.10366     -2.037609     -2.037585
   2.05188     -2.119117     -2.119096
   2.00011     -2.161679     -2.161660
   1.94833     -2.151097     -2.151079
   1.89655     -2.096689     -2.096670
   1.84478     -2.021195     -2.021175
   1.79300     -1.941959     -1.941938
   1.74122     -1.867680     -1.867658
   1.68945     -1.801016     -1.800993
   1.63767     -1.743532     -1.743509
   1.58589     -1.728736     -1.728711
   1.53412     -1.780385     -1.780360
   1.48234     -1.836477     -1.836452
   1.43056     -1.888653     -1.888628
   1.37879     -1.935619     -1.935594
   1.32701     -1.976960     -1.976936
   1.27524     -2.012481     -2.012457
   1.22346     -2.042032     -2.042008
   1.17168     -2.065057     -2.065034
   1.11991     -2.077338     -2.077315
   1.06813     -2.031891     -2.031867
   1.01635     -1.997686     -1.997662
   1.01635     -1.997686     -1.997662
   0.94859     -1.987162     -1.987138
   0.88084     -1.956643     -1.956618
   0.81308     -1.908248     -1.908223
   0.74532     -1.845386     -1.845361
   0.67756     -1.772569     -1.772544
   0.67756     -1.772572     -1.772547
   0.62110     -1.707970     -1.707945
   0.56464     -1.642939     -1.642914
   0.50817     -1.580030     -1.580005
   0.45171     -1.521181     -1.521156
   0.39525     -1.467603     -1.467577
   0.33878     -1.419690     -1.419663
   0.28232     -1.366290     -1.366261
   0.22585     -1.105558     -1.105532
   0.16939     -0.821265     -0.821236
   0.11293     -0.570738     -0.570707
   0.05646     -0.425134     -0.425097
   0.00000     -0.412145     -0.412107
 
# Band-Index   19
   0.00000     -0.362216     -0.362189
   0.05646     -0.403471     -0.403441
   0.11293     -0.448293     -0.448256
   0.16939     -0.496197     -0.496161
   0.22585     -0.561175     -0.561140
   0.28232     -0.641511     -0.641477
   0.33878     -0.734689     -0.734656
   0.39525     -0.837812     -0.837780
   0.45171     -0.947978     -0.947947
   0.50817     -1.062415     -1.062385
   0.56464     -1.178531     -1.178502
   0.62110     -1.293930     -1.293903
   0.67756     -1.406490     -1.406464
   0.67756     -1.406488     -1.406462
   0.74532     -1.535285     -1.535261
   0.81308     -1.655046     -1.655023
   0.88084     -1.763808     -1.763786
   0.94859     -1.856233     -1.856213
   1.01635     -1.902474     -1.902455
   1.01635     -1.902474     -1.902455
   1.06813     -1.888682     -1.888662
   1.11991     -1.864167     -1.864148
   1.17168     -1.836189     -1.836171
   1.22346     -1.803877     -1.803859
   1.27524     -1.767444     -1.767426
   1.32701     -1.728911     -1.728893
   1.37879     -1.691522     -1.691503
   1.43056     -1.659044     -1.659025
   1.48234     -1.635207     -1.635187
   1.53412     -1.627194     -1.627172
   1.58589     -1.663670     -1.663646
   1.63767     -1.658256     -1.658234
   1.68945     -1.668116     -1.668097
   1.74122     -1.693913     -1.693894
   1.79300     -1.719229     -1.719211
   1.84478     -1.736493     -1.736474
   1.89655     -1.740963     -1.740943
   1.94833     -1.729929     -1.729909
   2.00011     -1.702117     -1.702097
   2.05188     -1.657385     -1.657363
   2.10366     -1.596661     -1.596639
   2.15544     -1.521727     -1.521704
   2.20721     -1.434405     -1.434381
   2.25899     -1.335632     -1.335606
   2.31077     -1.225307     -1.225280
   2.36254     -1.103761     -1.103733
   2.41432     -0.973901     -0.973871
   2.46610     -0.841742     -0.841710
   2.51787     -0.715174     -0.715140
   2.56965     -0.602694     -0.602659
   2.62142     -0.512760     -0.512724
   2.67320     -0.452125     -0.452089
   2.72498     -0.398165     -0.398140
   2.77675     -0.362216     -0.362189
   2.77675     -0.362216     -0.362189
   2.82906     -0.394054     -0.394029
   2.88137     -0.436223     -0.436191
   2.93368     -0.488563     -0.488529
   2.98598     -0.567947     -0.567914
   3.03829     -0.670612     -0.670579
   3.09060     -0.788214     -0.788181
   3.14291     -0.912340     -0.912309
   3.19521     -1.034924     -1.034895
   3.24752     -1.148777     -1.148749
   3.29983     -1.248910     -1.248884
   3.35214     -1.333471     -1.333447
   3.40444     -1.402576     -1.402553
   3.45675     -1.456827     -1.456805
   3.50906     -1.497531     -1.497510
   3.56137     -1.527938     -1.527917
   3.61367     -1.554041     -1.554020
   3.66598     -1.584342     -1.584321
   3.71829     -1.628381     -1.628360
   3.77060     -1.691598     -1.691577
   3.82290     -1.767863     -1.767843
   3.87521     -1.839627     -1.839607
   3.92752     -1.877547     -1.877525
   3.97983     -1.864340     -1.864315
   4.03213     -1.886380     -1.886353
   4.08444     -1.945631     -1.945605
   4.13675     -1.970090     -1.970067
   4.18906     -1.914353     -1.914332
   4.24136     -1.790153     -1.790130
   4.29367     -1.627927     -1.627905
   4.34598     -1.449346     -1.449322
   4.39829     -1.272071     -1.272046
   4.45059     -1.112785     -1.112758
   4.50290     -0.990014     -0.989985
   4.55521     -0.928009     -0.927978
   4.60752     -0.912937     -0.912906
   4.60752     -0.912937     -0.912906
   4.67528     -0.918717     -0.918686
   4.74303     -0.935908     -0.935878
   4.81079     -0.964133     -0.964103
   4.87855     -1.002874     -1.002846
   4.94631     -1.051369     -1.051342
   4.94631     -1.051372     -1.051345
   5.00277     -1.098180     -1.098153
   5.05924     -1.148894     -1.148869
   5.11570     -1.199809     -1.199785
   5.17216     -1.242391     -1.242367
   5.22863     -1.247258     -1.247231
   5.28509     -1.160350     -1.160318
   5.34155     -1.038652     -1.038619
   5.39802     -0.926202     -0.926167
   5.45448     -0.837358     -0.837322
   5.51094     -0.786489     -0.786456
   5.56741     -0.780849     -0.780821
   5.62387     -0.790955     -0.790931
   5.62387     -0.790955     -0.790931
   5.67972     -0.760865     -0.760841
   5.73558     -0.696879     -0.696855
   5.79143     -0.624604     -0.624579
   5.84728     -0.553939     -0.553914
   5.90313     -0.489985     -0.489960
   5.95899     -0.436370     -0.436344
   6.01484     -0.395905     -0.395879
   6.07069     -0.370739     -0.370713
   6.12654     -0.362216     -0.362189
   6.12654     -0.950758     -0.950729
   6.18054     -0.947666     -0.947637
   6.23453     -0.938847     -0.938818
   6.28853     -0.925654     -0.925625
   6.34252     -0.910145     -0.910116
   6.39651     -0.894613     -0.894584
   6.45051     -0.880780     -0.880751
   6.50450     -0.868764     -0.868735
   6.55850     -0.856519     -0.856490
   6.61249     -0.840406     -0.840378
   6.66648     -0.816870     -0.816842
   6.72048     -0.784153     -0.784124
   6.77447     -0.742728     -0.742699
   6.82847     -0.694728     -0.694699
   6.88246     -0.642966     -0.642937
   6.93646     -0.590361     -0.590331
   6.99045     -0.539716     -0.539685
   7.04444     -0.493646     -0.493615
   7.09844     -0.454476     -0.454444
   7.15243     -0.423746     -0.423715
   7.20643     -0.396759     -0.396731
   7.26042     -0.362216     -0.362189
   7.26042     -0.362216     -0.362189
   7.31391     -0.413504     -0.413477
   7.36741     -0.445240     -0.445203
   7.42090     -0.487680     -0.487644
   7.47439     -0.545787     -0.545752
   7.52789     -0.618213     -0.618179
   7.58138     -0.702990     -0.702957
   7.63487     -0.797838     -0.797806
   7.68836     -0.900276     -0.900245
   7.74186     -1.007868     -1.007838
   7.79535     -1.118276     -1.118247
   7.84884     -1.229324     -1.229297
   7.90234     -1.339023     -1.338997
   7.95583     -1.445637     -1.445612
   8.00932     -1.547682     -1.547658
   8.06281     -1.644042     -1.644019
   8.11631     -1.733784     -1.733762
   8.16980     -1.815442     -1.815421
   8.22329     -1.883479     -1.883460
   8.27679     -1.915311     -1.915293
 
# Band-Index   20
   8.27679     -1.258125     -1.258090
   8.22329     -1.253541     -1.253506
   8.16980     -1.239755     -1.239720
   8.11631     -1.216688     -1.216653
   8.06281     -1.184247     -1.184211
   8.00932     -1.142289     -1.142252
   7.95583     -1.090726     -1.090688
   7.90234     -1.029622     -1.029584
   7.84884     -0.959399     -0.959359
   7.79535     -0.881033     -0.880992
   7.74186     -0.796221     -0.796179
   7.68836     -0.707352     -0.707308
   7.63487     -0.617402     -0.617357
   7.58138     -0.529695     -0.529648
   7.52789     -0.447694     -0.447646
   7.47439     -0.374713     -0.374664
   7.42090     -0.313707     -0.313657
   7.36741     -0.266873     -0.266823
   7.31391     -0.235424     -0.235374
   7.26042     -0.222947     -0.222897
   7.26042     -0.222947     -0.222897
   7.20643     -0.231120     -0.231069
   7.15243     -0.250205     -0.250155
   7.09844     -0.277792     -0.277743
   7.04444     -0.313572     -0.313523
   6.99045     -0.356408     -0.356360
   6.93646     -0.404456     -0.404409
   6.88246     -0.455531     -0.455484
   6.82847     -0.507319     -0.507273
   6.77447     -0.557696     -0.557651
   6.72048     -0.604928     -0.604884
   6.66648     -0.647784     -0.647740
   6.61249     -0.685618     -0.685575
   6.55850     -0.718181     -0.718138
   6.50450     -0.745588     -0.745546
   6.45051     -0.768148     -0.768107
   6.39651     -0.786265     -0.786223
   6.34252     -0.800383     -0.800342
   6.28853     -0.810901     -0.810859
   6.23453     -0.818154     -0.818113
   6.18054     -0.822407     -0.822365
   6.12654     -0.823805     -0.823764
   6.12654     -0.222947     -0.222897
   6.07069     -0.231780     -0.231730
   6.01484     -0.257839     -0.257790
   5.95899     -0.299689     -0.299639
   5.90313     -0.355041     -0.354993
   5.84728     -0.420919     -0.420872
   5.79143     -0.493507     -0.493461
   5.73558     -0.567478     -0.567432
   5.67972     -0.632601     -0.632555
   5.62387     -0.662992     -0.662947
   5.62387     -0.662992     -0.662947
   5.56741     -0.671239     -0.671195
   5.51094     -0.687065     -0.687028
   5.45448     -0.693225     -0.693193
   5.39802     -0.693899     -0.693869
   5.34155     -0.696384     -0.696355
   5.28509     -0.702593     -0.702563
   5.22863     -0.712535     -0.712506
   5.17216     -0.725725     -0.725696
   5.11570     -0.741479     -0.741449
   5.05924     -0.758964     -0.758935
   5.00277     -0.777282     -0.777253
   4.94631     -0.795495     -0.795466
   4.94631     -0.795492     -0.795463
   4.87855     -0.815939     -0.815910
   4.81079     -0.833509     -0.833480
   4.74303     -0.846980     -0.846951
   4.67528     -0.855430     -0.855401
   4.60752     -0.858304     -0.858275
   4.60752     -0.858304     -0.858275
   4.55521     -0.883176     -0.883147
   4.50290     -0.937021     -0.936990
   4.45059     -0.995204     -0.995174
   4.39829     -1.066482     -1.066453
   4.34598     -1.151369     -1.151340
   4.29367     -1.247129     -1.247101
   4.24136     -1.350340     -1.350313
   4.18906     -1.457281     -1.457254
   4.13675     -1.563910     -1.563885
   4.08444     -1.665135     -1.665111
   4.03213     -1.750386     -1.750363
   3.97983     -1.767268     -1.767244
   3.92752     -1.704531     -1.704506
   3.87521     -1.634508     -1.634482
   3.82290     -1.567453     -1.567427
   3.77060     -1.500962     -1.500936
   3.71829     -1.428201     -1.428175
   3.66598     -1.345407     -1.345380
   3.61367     -1.255848     -1.255822
   3.56137     -1.164349     -1.164321
   3.50906     -1.073994     -1.073966
   3.45675     -0.986339     -0.986309
   3.40444     -0.902176     -0.902145
   3.35214     -0.821964     -0.821932
   3.29983     -0.746088     -0.746055
   3.24752     -0.674984     -0.674949
   3.19521     -0.609106     -0.609071
   3.14291     -0.548860     -0.548823
   3.09060     -0.494349     -0.494311
   3.03829     -0.445087     -0.445046
   2.98598     -0.399348     -0.399306
   2.93368     -0.353596     -0.353551
   2.88137     -0.304351     -0.304303
   2.82906     -0.251995     -0.251945
   2.77675     -0.222947     -0.222897
   2.77675     -0.222947     -0.222897
   2.72498     -0.255012     -0.254962
   2.67320     -0.305891     -0.305843
   2.62142     -0.343636     -0.343590
   2.56965     -0.375415     -0.375371
   2.51787     -0.407832     -0.407790
   2.46610     -0.444452     -0.444411
   2.41432     -0.487036     -0.486996
   2.36254     -0.536394     -0.536354
   2.31077     -0.592822     -0.592783
   2.25899     -0.656219     -0.656181
   2.20721     -0.726133     -0.726097
   2.15544     -0.801818     -0.801783
   2.10366     -0.882316     -0.882282
   2.05188     -0.966483     -0.966450
   2.00011     -1.053056     -1.053024
   1.94833     -1.140791     -1.140761
   1.89655     -1.228457     -1.228428
   1.84478     -1.314879     -1.314850
   1.79300     -1.398936     -1.398908
   1.74122     -1.479358     -1.479331
   1.68945     -1.553781     -1.553754
   1.63767     -1.609505     -1.609482
   1.58589     -1.616829     -1.616809
   1.53412     -1.610830     -1.610810
   1.48234     -1.567134     -1.567112
   1.43056     -1.521407     -1.521384
   1.37879     -1.479517     -1.479494
   1.32701     -1.442020     -1.441997
   1.27524     -1.408575     -1.408551
   1.22346     -1.378302     -1.378278
   1.17168     -1.350408     -1.350385
   1.11991     -1.325468     -1.325445
   1.06813     -1.306850     -1.306825
   1.01635     -1.299754     -1.299730
   1.01635     -1.299754     -1.299730
   0.94859     -1.292732     -1.292707
   0.88084     -1.271584     -1.271560
   0.81308     -1.236109     -1.236084
   0.74532     -1.185987     -1.185961
   0.67756     -1.120944     -1.120919
   0.67756     -1.120948     -1.120922
   0.62110     -1.055393     -1.055366
   0.56464     -0.980078     -0.980051
   0.50817     -0.896295     -0.896267
   0.45171     -0.806237     -0.806208
   0.39525     -0.712916     -0.712886
   0.33878     -0.619971     -0.619940
   0.28232     -0.531277     -0.531246
   0.22585     -0.450532     -0.450499
   0.16939     -0.380471     -0.380436
   0.11293     -0.320404     -0.320366
   0.05646     -0.260521     -0.260475
   0.00000     -0.222947     -0.222897
 
# Band-Index   21
   0.00000      1.826518      1.826497
   0.05646      1.893207      1.893187
   0.11293      2.069965      2.069949
   0.16939      2.313503      2.313491
   0.22585      2.590815      2.590806
   0.28232      2.882771      2.882764
   0.33878      3.178561      3.178555
   0.39525      3.468336      3.468330
   0.45171      3.716905      3.716899
   0.50817      3.732214      3.732201
   0.56464      3.563718      3.563702
   0.62110      3.380790      3.380772
   0.67756      3.210533      3.210515
   0.67756      3.210534      3.210517
   0.74532      3.032980      3.032961
   0.81308      2.890182      2.890163
   0.88084      2.785776      2.785757
   0.94859      2.722148      2.722129
   1.01635      2.700779      2.700760
   1.01635      2.700779      2.700760
   1.06813      2.738843      2.738824
   1.11991      2.849245      2.849227
   1.17168      3.022247      3.022231
   1.22346      3.245668      3.245652
   1.27524      3.507895      3.507880
   1.32701      3.799158      3.799144
   1.37879      4.111239      4.111226
   1.43056      4.436129      4.436116
   1.48234      4.763311      4.763301
   1.53412      5.072382      5.072440
   1.58589      5.298525      5.298513
   1.63767      5.262464      5.262455
   1.68945      5.110736      5.110723
   1.74122      4.957056      4.957042
   1.79300      4.815634      4.815620
   1.84478      4.690660      4.690646
   1.89655      4.584291      4.584277
   1.94833      4.497931      4.497916
   2.00011      4.432317      4.432302
   2.05188      4.387457      4.387442
   2.10366      4.361211      4.361196
   2.15544      4.341732      4.341718
   2.20721      4.265491      4.265480
   2.25899      4.074070      4.074059
   2.31077      3.834132      3.834122
   2.36254      3.575065      3.575055
   2.41432      3.306394      3.306383
   2.46610      3.033668      3.033657
   2.51787      2.761769      2.761758
   2.56965      2.496819      2.496806
   2.62142      2.248783      2.248768
   2.67320      2.034881      2.034863
   2.72498      1.882888      1.882867
   2.77675      1.826518      1.826497
   2.77675      1.826518      1.826497
   2.82906      1.883872      1.883851
   2.88137      2.038481      2.038464
   2.93368      2.256030      2.256017
   2.98598      2.507970      2.507959
   3.03829      2.776334      2.776324
   3.09060      3.050494      3.050485
   3.14291      3.323583      3.323574
   3.19521      3.589807      3.589800
   3.24752      3.841218      3.841210
   3.29983      4.061134      4.061125
   3.35214      4.209438      4.209426
   3.40444      4.261533      4.261518
   3.45675      4.272471      4.272454
   3.50906      4.282819      4.282802
   3.56137      4.304948      4.304931
   3.61367      4.342546      4.342529
   3.66598      4.396944      4.396927
   3.71829      4.468775      4.468758
   3.77060      4.558325      4.558307
   3.82290      4.665319      4.665301
   3.87521      4.788394      4.788375
   3.92752      4.923962      4.923943
   3.97983      5.058062      5.058041
   4.03213      4.986001      4.985980
   4.08444      4.768824      4.768802
   4.13675      4.526813      4.526791
   4.18906      4.279166      4.279144
   4.24136      4.038046      4.038026
   4.29367      3.812227      3.812205
   4.34598      3.608427      3.608404
   4.39829      3.432159      3.432133
   4.45059      3.288238      3.288215
   4.50290      3.181164      3.181141
   4.55521      3.114928      3.114905
   4.60752      3.092484      3.092460
   4.60752      3.092484      3.092460
   4.67528      3.108910      3.108905
   4.74303      3.157964      3.157941
   4.81079      3.239106      3.239085
   4.87855      3.351880      3.351858
   4.94631      3.496126      3.496105
   4.94631      3.496125      3.496104
   5.00277      3.640191      3.640171
   5.05924      3.804932      3.804912
   5.11570      3.986484      3.986465
   5.17216      4.168626      4.168611
   5.22863      4.256761      4.256757
   5.28509      4.164024      4.164024
   5.34155      4.025505      4.025504
   5.39802      3.884585      3.884582
   5.45448      3.755391      3.755386
   5.51094      3.649773      3.649767
   5.56741      3.579780      3.579772
   5.62387      3.555173      3.555165
   5.62387      3.555173      3.555165
   5.67972      3.499985      3.499977
   5.73558      3.346705      3.346698
   5.79143      3.123474      3.123468
   5.84728      2.859377      2.859370
   5.90313      2.578988      2.578979
   5.95899      2.304958      2.304946
   6.01484      2.063777      2.063761
   6.07069      1.890895      1.890875
   6.12654      1.826518      1.826497
   6.12654      3.096345      3.096323
   6.18054      3.104366      3.104344
   6.23453      3.128439      3.128417
   6.28853      3.168504      3.168481
   6.34252      3.224463      3.224441
   6.39651      3.296143      3.296122
   6.45051      3.383134      3.383112
   6.50450      3.484432      3.484411
   6.55850      3.597707      3.597687
   6.61249      3.717064      3.717044
   6.66648      3.821785      3.821767
   6.72048      3.822048      3.822035
   6.77447      3.661191      3.661180
   6.82847      3.446281      3.446270
   6.88246      3.215366      3.215355
   6.93646      2.975943      2.975931
   6.99045      2.730953      2.730941
   7.04444      2.484798      2.484785
   7.09844      2.247080      2.247065
   7.15243      2.036457      2.036439
   7.20643      1.883785      1.883764
   7.26042      1.826518      1.826497
   7.26042      1.826518      1.826497
   7.31391      1.882556      1.882535
   7.36741      2.034662      2.034644
   7.42090      2.250777      2.250761
   7.47439      2.503428      2.503413
   7.52789      2.774757      2.774743
   7.58138      3.053828      3.053815
   7.63487      3.332107      3.332093
   7.68836      3.592975      3.592962
   7.74186      3.740860      3.740845
   7.79535      3.639880      3.639861
   7.84884      3.471692      3.471671
   7.90234      3.304686      3.304666
   7.95583      3.151691      3.151669
   8.00932      3.017560      3.017538
   8.06281      2.904975      2.904953
   8.11631      2.815729      2.815708
   8.16980      2.751077      2.751056
   8.22329      2.711920      2.711899
   8.27679      2.698813      2.698792
 
# Band-Index   22
   8.27679      6.112164      6.112151
   8.22329      6.040477      6.040356
   8.16980      5.897042      5.897098
   8.11631      5.722422      5.722409
   8.06281      5.523047      5.523035
   8.00932      5.301501      5.301490
   7.95583      5.060827      5.060814
   7.90234      4.805426      4.805411
   7.84884      4.541703      4.541689
   7.79535      4.283112      4.283098
   7.74186      4.096918      4.096899
   7.68836      4.161293      4.161272
   7.63487      4.333739      4.333719
   7.58138      4.507689      4.507670
   7.52789      4.649127      4.649109
   7.47439      4.729142      4.728918
   7.42090      4.741091      4.741146
   7.36741      4.719609      4.719608
   7.31391      4.697628      4.697166
   7.26042      4.688562      4.688551
   7.26042      4.688646      4.688415
   7.20643      4.695631      4.695474
   7.15243      4.714600      4.714090
   7.09844      4.739581      4.740096
   7.04444      4.754706      4.755773
   6.99045      4.730288      4.730274
   6.93646      4.652617      4.652559
   6.88246      4.535574      4.535557
   6.82847      4.400068      4.400050
   6.77447      4.266514      4.266495
   6.72048      4.181026      4.181009
   6.66648      4.254748      4.254736
   6.61249      4.430748      4.430738
   6.55850      4.611860      4.611855
   6.50450      4.752232      4.752184
   6.45051      4.801851      4.801838
   6.39651      4.775782      4.775762
   6.34252      4.731545      4.731521
   6.28853      4.693212      4.693187
   6.23453      4.666084      4.666058
   6.18054      4.650308      4.650282
   6.12654      4.645169      4.645143
   6.12654      4.688604      4.688420
   6.07069      4.683798      4.683563
   6.01484      4.670710      4.670429
   5.95899      4.652322      4.652313
   5.90313      4.633994      4.633982
   5.84728      4.620579      4.620568
   5.79143      4.618103      4.618093
   5.73558      4.632883      4.632875
   5.67972      4.665941      4.665936
   5.62387      4.689848      4.689845
   5.62387      4.689848      4.689845
   5.56741      4.695158      4.695155
   5.51094      4.709358      4.709354
   5.45448      4.728310      4.728306
   5.39802      4.744791      4.744785
   5.34155      4.737885      4.737876
   5.28509      4.656419      4.656407
   5.22863      4.527280      4.527269
   5.17216      4.542892      4.542890
   5.11570      4.638971      4.638969
   5.05924      4.720267      4.720263
   5.00277      4.767607      4.767599
   4.94631      4.780551      4.780538
   4.94631      4.780553      4.780540
   4.87855      4.762316      4.762301
   4.81079      4.725133      4.725110
   4.74303      4.686165      4.686146
   4.67528      4.657939      4.657916
   4.60752      4.647748      4.647725
   4.60752      4.647748      4.647725
   4.55521      4.674894      4.674871
   4.50290      4.752953      4.752931
   4.45059      4.872280      4.872259
   4.39829      5.018229      5.018209
   4.34598      5.172429      5.172407
   4.29367      5.313660      5.313642
   4.24136      5.418638      5.418619
   4.18906      5.464844      5.464824
   4.13675      5.439830      5.439816
   4.08444      5.352252      5.352239
   4.03213      5.228849      5.228828
   3.97983      5.191946      5.191925
   3.92752      5.296850      5.296830
   3.87521      5.340049      5.340022
   3.82290      5.326589      5.326573
   3.77060      5.279752      5.279754
   3.71829      5.219024      5.219004
   3.66598      5.155295      5.155279
   3.61367      5.091814      5.091797
   3.56137      5.024773      5.024757
   3.50906      4.943387      4.943372
   3.45675      4.833926      4.833911
   3.40444      4.698408      4.698393
   3.35214      4.583077      4.583061
   3.29983      4.553668      4.553650
   3.24752      4.591407      4.591388
   3.19521      4.655805      4.655786
   3.14291      4.723504      4.723486
   3.09060      4.774541      4.774533
   3.03829      4.793395      4.793378
   2.98598      4.781182      4.781465
   2.93368      4.751694      4.751138
   2.88137      4.719973      4.719496
   2.82906      4.696776      4.697010
   2.77675      4.688126      4.688349
   2.77675      4.688694      4.688487
   2.72498      4.697491      4.697742
   2.67320      4.722040      4.722505
   2.62142      4.754436      4.754738
   2.56965      4.782444      4.782470
   2.51787      4.788311      4.787840
   2.46610      4.758430      4.758427
   2.41432      4.697779      4.697755
   2.36254      4.623515      4.623490
   2.31077      4.552629      4.552609
   2.25899      4.499858      4.499837
   2.20721      4.494296      4.494273
   2.15544      4.598295      4.598276
   2.10366      4.748196      4.748179
   2.05188      4.880339      4.880323
   2.00011      4.991209      4.991195
   1.94833      5.090133      5.090119
   1.89655      5.185550      5.185544
   1.84478      5.282122      5.282107
   1.79300      5.380412      5.380397
   1.74122      5.475485      5.475471
   1.68945      5.550119      5.550204
   1.63767      5.562244      5.562233
   1.58589      5.551915      5.551908
   1.53412      5.685420      5.685411
   1.48234      5.837875      5.837865
   1.43056      5.960981      5.960990
   1.37879      6.040689      6.040809
   1.32701      6.084540      6.084578
   1.27524      6.106984      6.107043
   1.22346      6.117961      6.117511
   1.17168      6.121792      6.121649
   1.11991      6.122268      6.122439
   1.06813      6.121602      6.121512
   1.01635      6.121026      6.121020
   1.01635      6.121026      6.121020
   0.94859      6.015995      6.015941
   0.88084      5.817721      5.817715
   0.81308      5.576362      5.576361
   0.74532      5.299042      5.299034
   0.67756      4.991840      4.991837
   0.67756      4.991838      4.991830
   0.62110      4.719669      4.719661
   0.56464      4.442030      4.442018
   0.50817      4.185933      4.185922
   0.45171      4.117972      4.117952
   0.39525      4.281316      4.281298
   0.33878      4.472357      4.472340
   0.28232      4.636421      4.636406
   0.22585      4.735563      4.735848
   0.16939      4.753267      4.753237
   0.11293      4.726804      4.726398
   0.05646      4.698632      4.699318
   0.00000      4.688488      4.688113
 
# Band-Index   23
   0.00000      5.439910      5.439893
   0.05646      5.426613      5.426596
   0.11293      5.389053      5.389040
   0.16939      5.343212      5.343177
   0.22585      5.333716      5.333698
   0.28232      5.404625      5.404618
   0.33878      5.546105      5.546107
   0.39525      5.728469      5.728484
   0.45171      5.929686      5.929680
   0.50817      6.132818      6.132813
   0.56464      6.321924      6.321929
   0.62110      6.479976      6.480082
   0.67756      6.589419      6.589432
   0.67756      6.589408      6.589454
   0.74532      6.641700      6.641644
   0.81308      6.614278      6.614340
   0.88084      6.531993      6.531950
   0.94859      6.422744      6.421106
   1.01635      6.343956      6.344744
   1.01635      6.343938      6.344170
   1.06813      6.355669      6.355355
   1.11991      6.389600      6.389099
   1.17168      6.436022      6.436351
   1.22346      6.488710      6.488994
   1.27524      6.533326      6.532719
   1.32701      6.534651      6.535537
   1.37879      6.491494      6.492410
   1.43056      6.414309      6.415410
   1.48234      6.332817      6.330877
   1.53412      6.252018      6.252912
   1.58589      6.197312      6.197573
   1.63767      6.212363      6.211837
   1.68945      6.273182      6.273293
   1.74122      6.275728      6.276263
   1.79300      6.213490      6.213670
   1.84478      6.108106      6.108491
   1.89655      5.977154      5.977154
   1.94833      5.831643      5.831641
   2.00011      5.681843      5.681841
   2.05188      5.540057      5.540055
   2.10366      5.420020      5.420019
   2.15544      5.330930      5.330927
   2.20721      5.272197      5.272192
   2.25899      5.236479      5.236474
   2.31077      5.215466      5.215460
   2.36254      5.203183      5.203176
   2.41432      5.198189      5.198191
   2.46610      5.205966      5.205956
   2.51787      5.235943      5.235930
   2.56965      5.287639      5.287619
   2.62142      5.346407      5.346399
   2.67320      5.396772      5.397011
   2.72498      5.428904      5.428892
   2.77675      5.439926      5.439894
   2.77675      5.439909      5.439892
   2.82906      5.430071      5.429418
   2.88137      5.398792      5.398866
   2.93368      5.351052      5.351040
   2.98598      5.293582      5.293616
   3.03829      5.239336      5.239325
   3.09060      5.203102      5.203091
   3.14291      5.189655      5.189643
   3.19521      5.191618      5.191635
   3.24752      5.201864      5.201857
   3.29983      5.219488      5.219482
   3.35214      5.249041      5.249049
   3.40444      5.300110      5.300108
   3.45675      5.385978      5.385983
   3.50906      5.514365      5.514366
   3.56137      5.676682      5.676674
   3.61367      5.856301      5.856301
   3.66598      6.039443      6.039438
   3.71829      6.213722      6.213671
   3.77060      6.361300      6.361856
   3.82290      6.456842      6.457353
   3.87521      6.481250      6.478981
   3.92752      6.467147      6.468168
   3.97983      6.463416      6.464533
   4.03213      6.481161      6.482458
   4.08444      6.524748      6.524822
   4.13675      6.592593      6.593138
   4.18906      6.696160      6.696518
   4.24136      6.768431      6.769263
   4.29367      6.619159      6.617715
   4.34598      6.413389      6.417984
   4.39829      6.221369      6.226088
   4.45059      6.059629      6.055572
   4.50290      5.927860      5.930673
   4.55521      5.844636      5.844618
   4.60752      5.819825      5.817250
   4.60752      5.820902      5.821103
   4.67528      5.804186      5.804364
   4.74303      5.759781      5.759830
   4.81079      5.687357      5.687332
   4.87855      5.587520      5.587622
   4.94631      5.466882      5.466880
   4.94631      5.466885      5.466874
   5.00277      5.360019      5.360006
   5.05924      5.257979      5.257961
   5.11570      5.169164      5.169151
   5.17216      5.098309      5.098296
   5.22863      5.051976      5.051964
   5.28509      5.055966      5.055954
   5.34155      5.157848      5.157836
   5.39802      5.256750      5.256738
   5.45448      5.174753      5.174730
   5.51094      5.064968      5.064983
   5.56741      4.992987      4.992985
   5.62387      4.968628      4.968614
   5.62387      4.968629      4.968613
   5.67972      5.020277      5.020327
   5.73558      5.125163      5.125154
   5.79143      5.231075      5.231065
   5.84728      5.316986      5.316981
   5.90313      5.376946      5.377139
   5.95899      5.412973      5.413308
   6.01484      5.432294      5.431027
   6.07069      5.438212      5.438242
   6.12654      5.439923      5.439899
   6.12654      5.834978      5.834031
   6.18054      5.815552      5.813321
   6.23453      5.755115      5.752752
   6.28853      5.657053      5.657035
   6.34252      5.534728      5.535092
   6.39651      5.399997      5.399986
   6.45051      5.286966      5.286945
   6.50450      5.259925      5.259900
   6.55850      5.336854      5.336830
   6.61249      5.466823      5.466801
   6.66648      5.606727      5.606720
   6.72048      5.714670      5.714654
   6.77447      5.741928      5.741926
   6.82847      5.673694      5.673682
   6.88246      5.553701      5.553690
   6.93646      5.433927      5.433915
   6.99045      5.353279      5.353261
   7.04444      5.332843      5.332831
   7.09844      5.359564      5.358714
   7.15243      5.398279      5.398244
   7.20643      5.428780      5.428792
   7.26042      5.439908      5.439895
   7.26042      5.439919      5.439889
   7.31391      5.426624      5.426600
   7.36741      5.390114      5.390111
   7.42090      5.345392      5.345377
   7.47439      5.328467      5.328245
   7.52789      5.377839      5.377824
   7.58138      5.494279      5.494265
   7.63487      5.654353      5.654343
   7.68836      5.838063      5.838051
   7.74186      6.030198      6.030194
   7.79535      6.217020      6.217012
   7.84884      6.384379      6.385213
   7.90234      6.516637      6.516554
   7.95583      6.600292      6.600298
   8.00932      6.629168      6.629559
   8.06281      6.609546      6.609537
   8.11631      6.553636      6.555926
   8.16980      6.474177      6.474155
   8.22329      6.385758      6.384968
   8.27679      6.330776      6.330654
 
# Band-Index   24
   8.27679      8.392624      8.427880
   8.22329      8.585508      8.435195
   8.16980      8.339893      8.235534
   8.11631      8.203303      8.323859
   8.06281      8.161491      8.290503
   8.00932      7.983981      8.222535
   7.95583      7.967127      8.005244
   7.90234      7.860189      7.966527
   7.84884      7.964338      7.968076
   7.79535      7.794353      7.852958
   7.74186      7.733442      7.635480
   7.68836      7.274788      7.521071
   7.63487      7.133253      7.064540
   7.58138      7.018418      6.958461
   7.52789      6.782424      6.923678
   7.47439      6.750201      6.746242
   7.42090      6.579114      6.563520
   7.36741      6.510764      6.492870
   7.31391      6.462954      6.469177
   7.26042      6.448337      6.436239
   7.26042      6.442066      6.438906
   7.20643      6.462362      6.447981
   7.15243      6.498103      6.457523
   7.09844      6.494903      6.505048
   7.04444      6.646182      6.604810
   6.99045      6.684705      6.661413
   6.93646      6.708264      6.734481
   6.88246      6.710948      6.711807
   6.82847      6.668568      6.667600
   6.77447      6.647602      6.648332
   6.72048      6.716635      6.715880
   6.66648      6.861651      6.861607
   6.61249      7.058118      7.054265
   6.55850      7.261545      7.266018
   6.50450      7.472419      7.477325
   6.45051      7.689340      7.672568
   6.39651      7.867199      7.842185
   6.34252      8.012364      8.162234
   6.28853      8.162292      8.148227
   6.23453      8.526744      8.326738
   6.18054      8.536753      8.424090
   6.12654      8.506057      8.473463
   6.12654      6.437102      6.440333
   6.07069      6.431227      6.432140
   6.01484      6.407727      6.407024
   5.95899      6.385350      6.389979
   5.90313      6.358038      6.345178
   5.84728      6.311188      6.314321
   5.79143      6.284911      6.285174
   5.73558      6.259867      6.257576
   5.67972      6.244171      6.253043
   5.62387      6.249641      6.239744
   5.62387      6.251342      6.248165
   5.56741      6.188915      6.173526
   5.51094      6.010550      5.991101
   5.45448      5.763952      5.763931
   5.39802      5.601020      5.601008
   5.34155      5.689192      5.689230
   5.28509      5.907744      5.907636
   5.22863      6.158510      6.158505
   5.17216      6.415509      6.415404
   5.11570      6.663958      6.663954
   5.05924      6.900277      6.901469
   5.00277      7.126684      7.133139
   4.94631      7.347626      7.351239
   4.94631      7.348095      7.346672
   4.87855      7.613416      7.617997
   4.81079      7.959172      7.882428
   4.74303      8.123349      8.131083
   4.67528      8.423883      8.447915
   4.60752      8.586440      8.502596
   4.60752      8.547499      8.428766
   4.55521      8.442694      8.420293
   4.50290      8.216095      8.227430
   4.45059      7.947101      7.939277
   4.39829      7.676084      7.658306
   4.34598      7.396125      7.387328
   4.29367      7.152023      7.146190
   4.24136      7.007898      7.003654
   4.18906      7.131934      7.120441
   4.13675      7.287144      7.290751
   4.08444      7.420795      7.420737
   4.03213      7.476482      7.481703
   3.97983      7.455025      7.459028
   3.92752      7.378580      7.383471
   3.87521      7.307740      7.303593
   3.82290      7.282197      7.284666
   3.77060      7.342939      7.343684
   3.71829      7.472672      7.475108
   3.66598      7.600936      7.606852
   3.61367      7.722975      7.719744
   3.56137      7.734556      7.722613
   3.50906      7.676323      7.680214
   3.45675      7.593795      7.593325
   3.40444      7.504076      7.526987
   3.35214      7.401404      7.403102
   3.29983      7.301068      7.302850
   3.24752      7.207505      7.220169
   3.19521      7.082201      7.085941
   3.14291      6.977534      6.985414
   3.09060      6.887849      6.910216
   3.03829      6.735720      6.764113
   2.98598      6.592984      6.639163
   2.93368      6.539555      6.537560
   2.88137      6.474777      6.505154
   2.82906      6.457229      6.455714
   2.77675      6.448727      6.435638
   2.77675      6.449871      6.450485
   2.72498      6.463443      6.456200
   2.67320      6.500043      6.495910
   2.62142      6.573391      6.565321
   2.56965      6.637305      6.649317
   2.51787      6.778979      6.854033
   2.46610      6.908153      6.916548
   2.41432      7.091288      7.193649
   2.36254      7.301690      7.389560
   2.31077      7.615063      7.683064
   2.25899      8.014687      7.930324
   2.20721      8.061807      8.190584
   2.15544      8.297764      8.301465
   2.10366      8.447440      8.467723
   2.05188      8.518635      8.452446
   2.00011      8.281732      8.274746
   1.94833      8.087011      8.071451
   1.89655      7.837740      7.851166
   1.84478      7.572070      7.573835
   1.79300      7.307696      7.318507
   1.74122      7.047682      7.048606
   1.68945      6.851295      6.848184
   1.63767      6.749725      6.751162
   1.58589      6.737733      6.736488
   1.53412      6.779625      6.781166
   1.48234      6.865615      6.870337
   1.43056      6.988677      6.995820
   1.37879      7.149754      7.160228
   1.32701      7.347315      7.342623
   1.27524      7.612953      7.571826
   1.22346      7.861897      7.944339
   1.17168      8.255344      8.090479
   1.11991      8.460035      8.411580
   1.06813      8.470862      8.335762
   1.01635      8.316062      8.708019
   1.01635      8.441520      8.624005
   0.94859      8.677268      8.360345
   0.88084      8.256380      8.236367
   0.81308      8.168522      8.359554
   0.74532      8.040467      8.069675
   0.67756      7.975702      8.042068
   0.67756      8.027139      8.056047
   0.62110      7.982750      7.997230
   0.56464      7.909739      7.863737
   0.50817      7.733649      7.833430
   0.45171      7.530365      7.500228
   0.39525      7.321321      7.231764
   0.33878      6.979925      7.013965
   0.28232      6.820155      6.863446
   0.22585      6.759517      6.764210
   0.16939      6.579378      6.573124
   0.11293      6.499510      6.507639
   0.05646      6.458099      6.470114
   0.00000      6.440743      6.433836
