#K-Path(1/A)         Spin-Up(eV)   Spin-down(eV)
# NKPTS & NBANDS: 117  24
# Band-Index    1
   0.00000    -45.364669    -45.364669
   0.05705    -45.364670    -45.364670
   0.11409    -45.364727    -45.364728
   0.17114    -45.364734    -45.364735
   0.22818    -45.364673    -45.364674
   0.28523    -45.364773    -45.364774
   0.34227    -45.364807    -45.364808
   0.39932    -45.364770    -45.364771
   0.45636    -45.364763    -45.364764
   0.45636    -45.364593    -45.364594
   0.51153    -45.364575    -45.364575
   0.56670    -45.364562    -45.364563
   0.62187    -45.364577    -45.364577
   0.67703    -45.364605    -45.364605
   0.73220    -45.364599    -45.364600
   0.78737    -45.364614    -45.364615
   0.84254    -45.364626    -45.364627
   0.89770    -45.364642    -45.364642
   0.95287    -45.364640    -45.364641
   1.00804    -45.364655    -45.364655
   1.06320    -45.364669    -45.364670
   1.11837    -45.364680    -45.364681
   1.17354    -45.364685    -45.364686
   1.22871    -45.364675    -45.364676
   1.28387    -45.364669    -45.364670
   1.33904    -45.364669    -45.364669
   1.33904    -45.364669    -45.364669
   1.39421    -45.364669    -45.364670
   1.44938    -45.364675    -45.364676
   1.50454    -45.364685    -45.364686
   1.55971    -45.364680    -45.364681
   1.61488    -45.364669    -45.364670
   1.67004    -45.364655    -45.364655
   1.72521    -45.364640    -45.364641
   1.78038    -45.364642    -45.364642
   1.83555    -45.364626    -45.364627
   1.89071    -45.364614    -45.364615
   1.94588    -45.364599    -45.364600
   2.00105    -45.364605    -45.364605
   2.05622    -45.364577    -45.364577
   2.11138    -45.364562    -45.364563
   2.16655    -45.364575    -45.364575
   2.22172    -45.364593    -45.364594
   2.22172    -45.364589    -45.364590
   2.27696    -45.364589    -45.364589
   2.33221    -45.364577    -45.364577
   2.38746    -45.364604    -45.364604
   2.44270    -45.364609    -45.364609
   2.49795    -45.364624    -45.364625
   2.55320    -45.364625    -45.364625
   2.60844    -45.364624    -45.364624
   2.66369    -45.364630    -45.364631
   2.71894    -45.364658    -45.364659
   2.77418    -45.364680    -45.364681
   2.82943    -45.364676    -45.364676
   2.88468    -45.364692    -45.364693
   2.93992    -45.364678    -45.364679
   2.99517    -45.364685    -45.364685
   3.05041    -45.364678    -45.364678
   3.10566    -45.364683    -45.364684
   3.16091    -45.364677    -45.364677
   3.21615    -45.364669    -45.364669
   3.21615    -45.364669    -45.364669
   3.27141    -45.364666    -45.364666
   3.32666    -45.364679    -45.364680
   3.38191    -45.364686    -45.364687
   3.43716    -45.364676    -45.364676
   3.49241    -45.364667    -45.364668
   3.54766    -45.364652    -45.364653
   3.60291    -45.364640    -45.364640
   3.65816    -45.364643    -45.364643
   3.71341    -45.364623    -45.364623
   3.76866    -45.364618    -45.364619
   3.82392    -45.364607    -45.364608
   3.87917    -45.364586    -45.364587
   3.93442    -45.364573    -45.364573
   3.98967    -45.364562    -45.364562
   4.04492    -45.364568    -45.364568
   4.10017    -45.364592    -45.364592
   4.10017    -45.364586    -45.364586
   4.15536    -45.364590    -45.364591
   4.21055    -45.364579    -45.364580
   4.26575    -45.364602    -45.364602
   4.32094    -45.364613    -45.364613
   4.37613    -45.364618    -45.364618
   4.43132    -45.364621    -45.364621
   4.48652    -45.364620    -45.364620
   4.54171    -45.364630    -45.364630
   4.59690    -45.364663    -45.364663
   4.65209    -45.364676    -45.364677
   4.70728    -45.364676    -45.364677
   4.76248    -45.364688    -45.364688
   4.81767    -45.364674    -45.364675
   4.87286    -45.364684    -45.364685
   4.92805    -45.364680    -45.364680
   4.98325    -45.364684    -45.364684
   5.03844    -45.364672    -45.364672
   5.09363    -45.364669    -45.364669
   5.09363    -45.364669    -45.364669
   5.14882    -45.364672    -45.364672
   5.20401    -45.364684    -45.364684
   5.25921    -45.364680    -45.364680
   5.31440    -45.364684    -45.364685
   5.36959    -45.364674    -45.364675
   5.42478    -45.364688    -45.364688
   5.47998    -45.364676    -45.364677
   5.53517    -45.364676    -45.364677
   5.59036    -45.364663    -45.364663
   5.64555    -45.364630    -45.364630
   5.70074    -45.364620    -45.364620
   5.75594    -45.364621    -45.364621
   5.81113    -45.364618    -45.364618
   5.86632    -45.364613    -45.364613
   5.92151    -45.364602    -45.364602
   5.97671    -45.364579    -45.364580
   6.03190    -45.364590    -45.364591
   6.08709    -45.364586    -45.364586
 
# Band-Index    2
   6.08709    -45.358312    -45.358313
   6.03190    -45.358312    -45.358313
   5.97671    -45.358273    -45.358274
   5.92151    -45.358184    -45.358185
   5.86632    -45.358071    -45.358072
   5.81113    -45.357943    -45.357944
   5.75594    -45.357804    -45.357805
   5.70074    -45.357640    -45.357641
   5.64555    -45.357472    -45.357473
   5.59036    -45.357308    -45.357309
   5.53517    -45.357137    -45.357138
   5.47998    -45.356968    -45.356969
   5.42478    -45.356822    -45.356823
   5.36959    -45.356664    -45.356665
   5.31440    -45.356541    -45.356542
   5.25921    -45.356453    -45.356454
   5.20401    -45.356412    -45.356413
   5.14882    -45.356388    -45.356389
   5.09363    -45.356370    -45.356371
   5.09363    -45.356370    -45.356371
   5.03844    -45.356387    -45.356389
   4.98325    -45.356412    -45.356413
   4.92805    -45.356453    -45.356454
   4.87286    -45.356541    -45.356542
   4.81767    -45.356663    -45.356665
   4.76248    -45.356822    -45.356823
   4.70728    -45.356967    -45.356969
   4.65209    -45.357137    -45.357138
   4.59690    -45.357308    -45.357310
   4.54171    -45.357471    -45.357473
   4.48652    -45.357640    -45.357641
   4.43132    -45.357803    -45.357805
   4.37613    -45.357943    -45.357944
   4.32094    -45.358070    -45.358072
   4.26575    -45.358184    -45.358185
   4.21055    -45.358273    -45.358274
   4.15536    -45.358312    -45.358313
   4.10017    -45.358311    -45.358313
   4.10017    -45.358173    -45.358176
   4.04492    -45.358152    -45.358155
   3.98967    -45.358051    -45.358053
   3.93442    -45.357948    -45.357950
   3.87917    -45.357842    -45.357844
   3.82392    -45.357696    -45.357699
   3.76866    -45.357522    -45.357525
   3.71341    -45.357320    -45.357323
   3.65816    -45.357136    -45.357139
   3.60291    -45.356930    -45.356933
   3.54766    -45.356753    -45.356756
   3.49241    -45.356567    -45.356570
   3.43716    -45.356467    -45.356468
   3.38191    -45.356450    -45.356451
   3.32666    -45.356414    -45.356416
   3.27141    -45.356372    -45.356373
   3.21615    -45.356370    -45.356371
   3.21615    -45.356370    -45.356371
   3.16091    -45.356377    -45.356378
   3.10566    -45.356404    -45.356406
   3.05041    -45.356418    -45.356419
   2.99517    -45.356430    -45.356432
   2.93992    -45.356477    -45.356480
   2.88468    -45.356634    -45.356636
   2.82943    -45.356785    -45.356788
   2.77418    -45.356948    -45.356951
   2.71894    -45.357128    -45.357131
   2.66369    -45.357296    -45.357299
   2.60844    -45.357463    -45.357466
   2.55320    -45.357620    -45.357623
   2.49795    -45.357768    -45.357771
   2.44270    -45.357878    -45.357881
   2.38746    -45.358006    -45.358009
   2.33221    -45.358095    -45.358098
   2.27696    -45.358136    -45.358139
   2.22172    -45.358128    -45.358130
   2.22172    -45.358365    -45.358367
   2.16655    -45.358334    -45.358336
   2.11138    -45.358230    -45.358231
   2.05622    -45.358134    -45.358136
   2.00105    -45.358021    -45.358022
   1.94588    -45.357864    -45.357865
   1.89071    -45.357692    -45.357694
   1.83555    -45.357515    -45.357517
   1.78038    -45.357307    -45.357309
   1.72521    -45.357116    -45.357118
   1.67004    -45.356940    -45.356942
   1.61488    -45.356760    -45.356761
   1.55971    -45.356598    -45.356600
   1.50454    -45.356486    -45.356488
   1.44938    -45.356420    -45.356421
   1.39421    -45.356391    -45.356392
   1.33904    -45.356370    -45.356371
   1.33904    -45.356370    -45.356371
   1.28387    -45.356391    -45.356392
   1.22871    -45.356420    -45.356421
   1.17354    -45.356486    -45.356487
   1.11837    -45.356599    -45.356600
   1.06320    -45.356760    -45.356761
   1.00804    -45.356941    -45.356942
   0.95287    -45.357116    -45.357117
   0.89770    -45.357308    -45.357309
   0.84254    -45.357516    -45.357517
   0.78737    -45.357693    -45.357694
   0.73220    -45.357864    -45.357865
   0.67703    -45.358021    -45.358022
   0.62187    -45.358135    -45.358136
   0.56670    -45.358230    -45.358231
   0.51153    -45.358335    -45.358336
   0.45636    -45.358366    -45.358367
   0.45636    -45.356382    -45.356383
   0.39932    -45.356384    -45.356385
   0.34227    -45.356408    -45.356409
   0.28523    -45.356393    -45.356394
   0.22818    -45.356348    -45.356350
   0.17114    -45.356384    -45.356385
   0.11409    -45.356383    -45.356385
   0.05705    -45.356351    -45.356352
   0.00000    -45.356370    -45.356371
 
# Band-Index    3
   0.00000    -45.356139    -45.356142
   0.05705    -45.356129    -45.356132
   0.11409    -45.356162    -45.356165
   0.17114    -45.356154    -45.356156
   0.22818    -45.356119    -45.356121
   0.28523    -45.356142    -45.356145
   0.34227    -45.356155    -45.356157
   0.39932    -45.356164    -45.356166
   0.45636    -45.356161    -45.356164
   0.45636    -45.356777    -45.356780
   0.51153    -45.356768    -45.356771
   0.56670    -45.356743    -45.356745
   0.62187    -45.356726    -45.356729
   0.67703    -45.356693    -45.356696
   0.73220    -45.356631    -45.356634
   0.78737    -45.356578    -45.356581
   0.84254    -45.356520    -45.356523
   0.89770    -45.356460    -45.356463
   0.95287    -45.356399    -45.356402
   1.00804    -45.356336    -45.356339
   1.06320    -45.356291    -45.356294
   1.11837    -45.356251    -45.356254
   1.17354    -45.356209    -45.356212
   1.22871    -45.356169    -45.356172
   1.28387    -45.356150    -45.356153
   1.33904    -45.356139    -45.356142
   1.33904    -45.356139    -45.356142
   1.39421    -45.356151    -45.356153
   1.44938    -45.356169    -45.356172
   1.50454    -45.356209    -45.356212
   1.55971    -45.356251    -45.356254
   1.61488    -45.356291    -45.356294
   1.67004    -45.356336    -45.356338
   1.72521    -45.356400    -45.356402
   1.78038    -45.356460    -45.356462
   1.83555    -45.356520    -45.356522
   1.89071    -45.356579    -45.356581
   1.94588    -45.356632    -45.356633
   2.00105    -45.356694    -45.356696
   2.05622    -45.356727    -45.356729
   2.11138    -45.356743    -45.356745
   2.16655    -45.356769    -45.356771
   2.22172    -45.356777    -45.356779
   2.22172    -45.356964    -45.356965
   2.27696    -45.356970    -45.356971
   2.33221    -45.356961    -45.356963
   2.38746    -45.356944    -45.356945
   2.44270    -45.356917    -45.356918
   2.49795    -45.356874    -45.356875
   2.55320    -45.356818    -45.356819
   2.60844    -45.356760    -45.356761
   2.66369    -45.356721    -45.356722
   2.71894    -45.356657    -45.356658
   2.77418    -45.356605    -45.356606
   2.82943    -45.356542    -45.356543
   2.88468    -45.356494    -45.356495
   2.93992    -45.356455    -45.356456
   2.99517    -45.356334    -45.356337
   3.05041    -45.356235    -45.356238
   3.10566    -45.356180    -45.356182
   3.16091    -45.356168    -45.356171
   3.21615    -45.356139    -45.356142
   3.21615    -45.356139    -45.356142
   3.27141    -45.356140    -45.356143
   3.32666    -45.356198    -45.356201
   3.38191    -45.356277    -45.356280
   3.43716    -45.356388    -45.356391
   3.49241    -45.356500    -45.356501
   3.54766    -45.356518    -45.356520
   3.60291    -45.356588    -45.356589
   3.65816    -45.356647    -45.356648
   3.71341    -45.356699    -45.356700
   3.76866    -45.356761    -45.356762
   3.82392    -45.356831    -45.356832
   3.87917    -45.356873    -45.356875
   3.93442    -45.356903    -45.356904
   3.98967    -45.356918    -45.356919
   4.04492    -45.356954    -45.356955
   4.10017    -45.356946    -45.356947
   4.10017    -45.356793    -45.356795
   4.15536    -45.356794    -45.356796
   4.21055    -45.356782    -45.356784
   4.26575    -45.356769    -45.356771
   4.32094    -45.356736    -45.356738
   4.37613    -45.356682    -45.356684
   4.43132    -45.356633    -45.356635
   4.48652    -45.356578    -45.356580
   4.54171    -45.356536    -45.356538
   4.59690    -45.356478    -45.356480
   4.65209    -45.356415    -45.356417
   4.70728    -45.356358    -45.356361
   4.76248    -45.356305    -45.356307
   4.81767    -45.356254    -45.356256
   4.87286    -45.356223    -45.356226
   4.92805    -45.356185    -45.356188
   4.98325    -45.356159    -45.356161
   5.03844    -45.356147    -45.356150
   5.09363    -45.356139    -45.356142
   5.09363    -45.356139    -45.356142
   5.14882    -45.356147    -45.356150
   5.20401    -45.356159    -45.356161
   5.25921    -45.356185    -45.356188
   5.31440    -45.356223    -45.356226
   5.36959    -45.356254    -45.356257
   5.42478    -45.356304    -45.356307
   5.47998    -45.356358    -45.356361
   5.53517    -45.356415    -45.356418
   5.59036    -45.356477    -45.356480
   5.64555    -45.356536    -45.356538
   5.70074    -45.356577    -45.356580
   5.75594    -45.356632    -45.356635
   5.81113    -45.356682    -45.356685
   5.86632    -45.356735    -45.356738
   5.92151    -45.356768    -45.356771
   5.97671    -45.356781    -45.356784
   6.03190    -45.356793    -45.356796
   6.08709    -45.356793    -45.356795
 
# Band-Index    4
   6.08709    -43.969436    -43.969444
   6.03190    -43.969480    -43.969488
   5.97671    -43.969614    -43.969622
   5.92151    -43.969837    -43.969845
   5.86632    -43.970136    -43.970144
   5.81113    -43.970506    -43.970514
   5.75594    -43.970936    -43.970944
   5.70074    -43.971410    -43.971418
   5.64555    -43.971917    -43.971925
   5.59036    -43.972440    -43.972448
   5.53517    -43.972961    -43.972969
   5.47998    -43.973468    -43.973476
   5.42478    -43.973944    -43.973952
   5.36959    -43.974371    -43.974379
   5.31440    -43.974741    -43.974749
   5.25921    -43.975043    -43.975051
   5.20401    -43.975264    -43.975272
   5.14882    -43.975399    -43.975407
   5.09363    -43.975446    -43.975454
   5.09363    -43.975446    -43.975454
   5.03844    -43.975399    -43.975407
   4.98325    -43.975264    -43.975272
   4.92805    -43.975043    -43.975051
   4.87286    -43.974741    -43.974749
   4.81767    -43.974371    -43.974379
   4.76248    -43.973944    -43.973952
   4.70728    -43.973468    -43.973476
   4.65209    -43.972961    -43.972969
   4.59690    -43.972440    -43.972448
   4.54171    -43.971917    -43.971925
   4.48652    -43.971410    -43.971418
   4.43132    -43.970936    -43.970944
   4.37613    -43.970506    -43.970514
   4.32094    -43.970136    -43.970144
   4.26575    -43.969837    -43.969845
   4.21055    -43.969614    -43.969622
   4.15536    -43.969480    -43.969488
   4.10017    -43.969436    -43.969444
   4.10017    -43.969385    -43.969393
   4.04492    -43.969442    -43.969450
   3.98967    -43.969612    -43.969620
   3.93442    -43.969893    -43.969901
   3.87917    -43.970272    -43.970280
   3.82392    -43.970731    -43.970739
   3.76866    -43.971253    -43.971261
   3.71341    -43.971823    -43.971831
   3.65816    -43.972415    -43.972423
   3.60291    -43.973008    -43.973016
   3.54766    -43.973578    -43.973587
   3.49241    -43.974100    -43.974108
   3.43716    -43.974558    -43.974566
   3.38191    -43.974935    -43.974943
   3.32666    -43.975214    -43.975222
   3.27141    -43.975386    -43.975394
   3.21615    -43.975446    -43.975454
   3.21615    -43.975446    -43.975454
   3.16091    -43.975399    -43.975407
   3.10566    -43.975263    -43.975271
   3.05041    -43.975040    -43.975048
   2.99517    -43.974736    -43.974744
   2.93992    -43.974362    -43.974371
   2.88468    -43.973931    -43.973940
   2.82943    -43.973451    -43.973459
   2.77418    -43.972940    -43.972948
   2.71894    -43.972415    -43.972423
   2.66369    -43.971887    -43.971895
   2.60844    -43.971376    -43.971384
   2.55320    -43.970899    -43.970907
   2.49795    -43.970465    -43.970473
   2.44270    -43.970094    -43.970102
   2.38746    -43.969793    -43.969801
   2.33221    -43.969569    -43.969577
   2.27696    -43.969434    -43.969442
   2.22172    -43.969391    -43.969399
   2.22172    -43.969430    -43.969438
   2.16655    -43.969487    -43.969495
   2.11138    -43.969656    -43.969664
   2.05622    -43.969935    -43.969943
   2.00105    -43.970312    -43.970320
   1.94588    -43.970766    -43.970775
   1.89071    -43.971285    -43.971293
   1.83555    -43.971851    -43.971859
   1.78038    -43.972438    -43.972446
   1.72521    -43.973027    -43.973035
   1.67004    -43.973593    -43.973601
   1.61488    -43.974110    -43.974118
   1.55971    -43.974564    -43.974572
   1.50454    -43.974939    -43.974947
   1.44938    -43.975215    -43.975223
   1.39421    -43.975387    -43.975395
   1.33904    -43.975446    -43.975454
   1.33904    -43.975446    -43.975454
   1.28387    -43.975387    -43.975395
   1.22871    -43.975215    -43.975223
   1.17354    -43.974939    -43.974947
   1.11837    -43.974564    -43.974572
   1.06320    -43.974110    -43.974118
   1.00804    -43.973593    -43.973601
   0.95287    -43.973027    -43.973035
   0.89770    -43.972438    -43.972446
   0.84254    -43.971851    -43.971859
   0.78737    -43.971285    -43.971293
   0.73220    -43.970766    -43.970775
   0.67703    -43.970312    -43.970320
   0.62187    -43.969935    -43.969943
   0.56670    -43.969656    -43.969664
   0.51153    -43.969487    -43.969495
   0.45636    -43.969430    -43.969438
   0.45636    -43.975438    -43.975446
   0.39932    -43.975436    -43.975444
   0.34227    -43.975436    -43.975444
   0.28523    -43.975440    -43.975448
   0.22818    -43.975442    -43.975450
   0.17114    -43.975442    -43.975450
   0.11409    -43.975446    -43.975454
   0.05705    -43.975447    -43.975455
   0.00000    -43.975446    -43.975454
 
# Band-Index    5
   0.00000    -23.572303    -23.572307
   0.05705    -23.572317    -23.572321
   0.11409    -23.572385    -23.572390
   0.17114    -23.572461    -23.572466
   0.22818    -23.572527    -23.572531
   0.28523    -23.572651    -23.572655
   0.34227    -23.572745    -23.572749
   0.39932    -23.572784    -23.572788
   0.45636    -23.572799    -23.572804
   0.45636    -23.596065    -23.596070
   0.51153    -23.595146    -23.595151
   0.56670    -23.592402    -23.592407
   0.62187    -23.587960    -23.587965
   0.67703    -23.581992    -23.581997
   0.73220    -23.574713    -23.574718
   0.78737    -23.566463    -23.566467
   0.84254    -23.558920    -23.558924
   0.89770    -23.560016    -23.560021
   0.95287    -23.562333    -23.562338
   1.00804    -23.564640    -23.564645
   1.06320    -23.566779    -23.566783
   1.11837    -23.568661    -23.568665
   1.17354    -23.570210    -23.570214
   1.22871    -23.571356    -23.571360
   1.28387    -23.572062    -23.572067
   1.33904    -23.572303    -23.572307
   1.33904    -23.572303    -23.572307
   1.39421    -23.572062    -23.572067
   1.44938    -23.571356    -23.571360
   1.50454    -23.570210    -23.570214
   1.55971    -23.568661    -23.568665
   1.61488    -23.566778    -23.566783
   1.67004    -23.564640    -23.564645
   1.72521    -23.562333    -23.562338
   1.78038    -23.560016    -23.560021
   1.83555    -23.558919    -23.558924
   1.89071    -23.566464    -23.566468
   1.94588    -23.574715    -23.574719
   2.00105    -23.581993    -23.581998
   2.05622    -23.587962    -23.587966
   2.11138    -23.592403    -23.592408
   2.16655    -23.595147    -23.595152
   2.22172    -23.596067    -23.596071
   2.22172    -23.596814    -23.596820
   2.27696    -23.596100    -23.596106
   2.33221    -23.593953    -23.593959
   2.38746    -23.590435    -23.590440
   2.44270    -23.585662    -23.585667
   2.49795    -23.579804    -23.579809
   2.55320    -23.573055    -23.573060
   2.60844    -23.565845    -23.565850
   2.66369    -23.560322    -23.560326
   2.71894    -23.560572    -23.560576
   2.77418    -23.562381    -23.562386
   2.82943    -23.564339    -23.564343
   2.88468    -23.566234    -23.566239
   2.93992    -23.567956    -23.567961
   2.99517    -23.569456    -23.569461
   3.05041    -23.570671    -23.570675
   3.10566    -23.571571    -23.571576
   3.16091    -23.572120    -23.572125
   3.21615    -23.572303    -23.572307
   3.21615    -23.572303    -23.572307
   3.27141    -23.572062    -23.572067
   3.32666    -23.571361    -23.571366
   3.38191    -23.570220    -23.570224
   3.43716    -23.568680    -23.568685
   3.49241    -23.566820    -23.566824
   3.54766    -23.564723    -23.564728
   3.60291    -23.562511    -23.562515
   3.65816    -23.560483    -23.560488
   3.71341    -23.560717    -23.560721
   3.76866    -23.567735    -23.567740
   3.82392    -23.575772    -23.575777
   3.87917    -23.582977    -23.582983
   3.93442    -23.588915    -23.588921
   3.98967    -23.593349    -23.593354
   4.04492    -23.596086    -23.596091
   4.10017    -23.597001    -23.597007
   4.10017    -23.595872    -23.595877
   4.15536    -23.595154    -23.595159
   4.21055    -23.593003    -23.593008
   4.26575    -23.589476    -23.589481
   4.32094    -23.584691    -23.584696
   4.37613    -23.578793    -23.578797
   4.43132    -23.571969    -23.571974
   4.48652    -23.564518    -23.564523
   4.54171    -23.558843    -23.558848
   4.59690    -23.560153    -23.560157
   4.65209    -23.562202    -23.562207
   4.70728    -23.564248    -23.564252
   4.76248    -23.566182    -23.566187
   4.81767    -23.567926    -23.567931
   4.87286    -23.569441    -23.569446
   4.92805    -23.570665    -23.570669
   4.98325    -23.571569    -23.571574
   5.03844    -23.572117    -23.572122
   5.09363    -23.572303    -23.572307
   5.09363    -23.572303    -23.572307
   5.14882    -23.572117    -23.572122
   5.20401    -23.571569    -23.571574
   5.25921    -23.570665    -23.570669
   5.31440    -23.569441    -23.569446
   5.36959    -23.567926    -23.567931
   5.42478    -23.566183    -23.566187
   5.47998    -23.564248    -23.564252
   5.53517    -23.562202    -23.562207
   5.59036    -23.560153    -23.560158
   5.64555    -23.558844    -23.558849
   5.70074    -23.564517    -23.564522
   5.75594    -23.571968    -23.571973
   5.81113    -23.578791    -23.578796
   5.86632    -23.584690    -23.584695
   5.92151    -23.589475    -23.589480
   5.97671    -23.593002    -23.593007
   6.03190    -23.595153    -23.595158
   6.08709    -23.595871    -23.595876
 
# Band-Index    6
   6.08709    -23.547286    -23.547291
   6.03190    -23.547475    -23.547479
   5.97671    -23.548032    -23.548037
   5.92151    -23.548960    -23.548965
   5.86632    -23.550207    -23.550211
   5.81113    -23.551729    -23.551733
   5.75594    -23.553466    -23.553471
   5.70074    -23.555262    -23.555267
   5.64555    -23.554881    -23.554886
   5.59036    -23.547299    -23.547304
   5.53517    -23.538936    -23.538940
   5.47998    -23.530728    -23.530732
   5.42478    -23.522982    -23.522987
   5.36959    -23.515941    -23.515946
   5.31440    -23.509854    -23.509858
   5.25921    -23.504905    -23.504910
   5.20401    -23.501271    -23.501276
   5.14882    -23.499152    -23.499157
   5.09363    -23.498686    -23.498692
   5.09363    -23.498686    -23.498692
   5.03844    -23.499154    -23.499158
   4.98325    -23.501273    -23.501277
   4.92805    -23.504907    -23.504911
   4.87286    -23.509855    -23.509860
   4.81767    -23.515943    -23.515947
   4.76248    -23.522984    -23.522988
   4.70728    -23.530729    -23.530734
   4.65209    -23.538937    -23.538942
   4.59690    -23.547301    -23.547305
   4.54171    -23.554884    -23.554888
   4.48652    -23.555263    -23.555268
   4.43132    -23.553467    -23.553471
   4.37613    -23.551729    -23.551734
   4.32094    -23.550207    -23.550212
   4.26575    -23.548961    -23.548965
   4.21055    -23.548032    -23.548037
   4.15536    -23.547475    -23.547479
   4.10017    -23.547286    -23.547291
   4.10017    -23.546944    -23.546949
   4.04492    -23.547171    -23.547176
   3.98967    -23.547861    -23.547865
   3.93442    -23.548984    -23.548989
   3.87917    -23.550478    -23.550483
   3.82392    -23.552245    -23.552250
   3.76866    -23.554051    -23.554056
   3.71341    -23.554260    -23.554266
   3.65816    -23.547404    -23.547410
   3.60291    -23.538239    -23.538245
   3.54766    -23.529159    -23.529164
   3.49241    -23.520678    -23.520683
   3.43716    -23.513198    -23.513203
   3.38191    -23.507050    -23.507056
   3.32666    -23.502466    -23.502472
   3.27141    -23.499634    -23.499640
   3.21615    -23.498686    -23.498692
   3.21615    -23.498686    -23.498692
   3.16091    -23.499446    -23.499451
   3.10566    -23.501677    -23.501682
   3.05041    -23.505329    -23.505334
   2.99517    -23.510280    -23.510285
   2.93992    -23.516372    -23.516378
   2.88468    -23.523407    -23.523412
   2.82943    -23.531133    -23.531138
   2.77418    -23.539275    -23.539280
   2.71894    -23.547422    -23.547427
   2.66369    -23.553971    -23.553977
   2.60844    -23.554523    -23.554528
   2.55320    -23.552976    -23.552981
   2.49795    -23.551323    -23.551328
   2.44270    -23.549831    -23.549836
   2.38746    -23.548599    -23.548604
   2.33221    -23.547672    -23.547677
   2.27696    -23.547116    -23.547120
   2.22172    -23.546930    -23.546935
   2.22172    -23.547296    -23.547301
   2.16655    -23.547527    -23.547532
   2.11138    -23.548223    -23.548228
   2.05622    -23.549365    -23.549370
   2.00105    -23.550899    -23.550903
   1.94588    -23.552736    -23.552741
   1.89071    -23.554770    -23.554775
   1.83555    -23.555532    -23.555536
   1.78038    -23.547348    -23.547353
   1.72521    -23.537914    -23.537918
   1.67004    -23.528756    -23.528760
   1.61488    -23.520249    -23.520253
   1.55971    -23.512765    -23.512769
   1.50454    -23.506615    -23.506619
   1.44938    -23.502048    -23.502052
   1.39421    -23.499322    -23.499326
   1.33904    -23.498686    -23.498692
   1.33904    -23.498686    -23.498692
   1.28387    -23.499320    -23.499325
   1.22871    -23.502046    -23.502050
   1.17354    -23.506613    -23.506618
   1.11837    -23.512763    -23.512768
   1.06320    -23.520247    -23.520252
   1.00804    -23.528754    -23.528759
   0.95287    -23.537912    -23.537917
   0.89770    -23.547346    -23.547351
   0.84254    -23.555530    -23.555534
   0.78737    -23.554770    -23.554774
   0.73220    -23.552736    -23.552741
   0.67703    -23.550898    -23.550903
   0.62187    -23.549365    -23.549369
   0.56670    -23.548223    -23.548228
   0.51153    -23.547527    -23.547532
   0.45636    -23.547296    -23.547301
   0.45636    -23.498682    -23.498687
   0.39932    -23.498684    -23.498690
   0.34227    -23.498685    -23.498691
   0.28523    -23.498682    -23.498687
   0.22818    -23.498675    -23.498680
   0.17114    -23.498690    -23.498695
   0.11409    -23.498694    -23.498700
   0.05705    -23.498682    -23.498687
   0.00000    -23.498686    -23.498692
 
# Band-Index    7
   0.00000    -23.498101    -23.498105
   0.05705    -23.498093    -23.498097
   0.11409    -23.498105    -23.498109
   0.17114    -23.498104    -23.498108
   0.22818    -23.498088    -23.498092
   0.28523    -23.498104    -23.498108
   0.34227    -23.498109    -23.498113
   0.39932    -23.498096    -23.498100
   0.45636    -23.498093    -23.498097
   0.45636    -23.519782    -23.519787
   0.51153    -23.519582    -23.519586
   0.56670    -23.518983    -23.518987
   0.62187    -23.518011    -23.518016
   0.67703    -23.516701    -23.516705
   0.73220    -23.515098    -23.515102
   0.78737    -23.513274    -23.513279
   0.84254    -23.511279    -23.511283
   0.89770    -23.509204    -23.509209
   0.95287    -23.507130    -23.507135
   1.00804    -23.505134    -23.505139
   1.06320    -23.503288    -23.503293
   1.11837    -23.501669    -23.501673
   1.17354    -23.500336    -23.500341
   1.22871    -23.499333    -23.499337
   1.28387    -23.498630    -23.498634
   1.33904    -23.498101    -23.498105
   1.33904    -23.498101    -23.498105
   1.39421    -23.498628    -23.498633
   1.44938    -23.499331    -23.499336
   1.50454    -23.500335    -23.500340
   1.55971    -23.501667    -23.501672
   1.61488    -23.503286    -23.503292
   1.67004    -23.505132    -23.505138
   1.72521    -23.507129    -23.507134
   1.78038    -23.509203    -23.509208
   1.83555    -23.511277    -23.511282
   1.89071    -23.513273    -23.513278
   1.94588    -23.515096    -23.515101
   2.00105    -23.516699    -23.516704
   2.05622    -23.518009    -23.518015
   2.11138    -23.518981    -23.518986
   2.16655    -23.519580    -23.519585
   2.22172    -23.519781    -23.519786
   2.22172    -23.519708    -23.519713
   2.27696    -23.519550    -23.519554
   2.33221    -23.519069    -23.519073
   2.38746    -23.518279    -23.518283
   2.44270    -23.517204    -23.517209
   2.49795    -23.515876    -23.515881
   2.55320    -23.514336    -23.514340
   2.60844    -23.512632    -23.512637
   2.66369    -23.510821    -23.510826
   2.71894    -23.508945    -23.508950
   2.77418    -23.507072    -23.507076
   2.82943    -23.505246    -23.505250
   2.88468    -23.503530    -23.503534
   2.93992    -23.501977    -23.501981
   2.99517    -23.500640    -23.500644
   3.05041    -23.499559    -23.499563
   3.10566    -23.498761    -23.498765
   3.16091    -23.498267    -23.498272
   3.21615    -23.498101    -23.498105
   3.21615    -23.498101    -23.498105
   3.27141    -23.498308    -23.498312
   3.32666    -23.498934    -23.498938
   3.38191    -23.499939    -23.499943
   3.43716    -23.501279    -23.501283
   3.49241    -23.502916    -23.502921
   3.54766    -23.504776    -23.504781
   3.60291    -23.506798    -23.506802
   3.65816    -23.508899    -23.508903
   3.71341    -23.510997    -23.511001
   3.76866    -23.513019    -23.513023
   3.82392    -23.514873    -23.514877
   3.87917    -23.516491    -23.516495
   3.93442    -23.517819    -23.517823
   3.98967    -23.518803    -23.518807
   4.04492    -23.519415    -23.519419
   4.10017    -23.519613    -23.519617
   4.10017    -23.519876    -23.519881
   4.15536    -23.519716    -23.519721
   4.21055    -23.519238    -23.519243
   4.26575    -23.518457    -23.518462
   4.32094    -23.517388    -23.517393
   4.37613    -23.516068    -23.516073
   4.43132    -23.514545    -23.514550
   4.48652    -23.512859    -23.512864
   4.54171    -23.511068    -23.511073
   4.59690    -23.509216    -23.509221
   4.65209    -23.507363    -23.507368
   4.70728    -23.505563    -23.505568
   4.76248    -23.503871    -23.503876
   4.81767    -23.502339    -23.502344
   4.87286    -23.501022    -23.501028
   4.92805    -23.499952    -23.499957
   4.98325    -23.499149    -23.499155
   5.03844    -23.498553    -23.498558
   5.09363    -23.498101    -23.498105
   5.09363    -23.498101    -23.498105
   5.14882    -23.498555    -23.498559
   5.20401    -23.499151    -23.499156
   5.25921    -23.499954    -23.499959
   5.31440    -23.501024    -23.501029
   5.36959    -23.502341    -23.502345
   5.42478    -23.503873    -23.503878
   5.47998    -23.505565    -23.505570
   5.53517    -23.507365    -23.507370
   5.59036    -23.509218    -23.509222
   5.64555    -23.511069    -23.511074
   5.70074    -23.512861    -23.512865
   5.75594    -23.514546    -23.514551
   5.81113    -23.516070    -23.516074
   5.86632    -23.517390    -23.517395
   5.92151    -23.518459    -23.518463
   5.97671    -23.519240    -23.519244
   6.03190    -23.519718    -23.519723
   6.08709    -23.519877    -23.519882
 
# Band-Index    8
   6.08709    -11.301550    -11.301539
   6.03190    -11.308117    -11.308106
   5.97671    -11.328146    -11.328135
   5.92151    -11.362590    -11.362579
   5.86632    -11.412675    -11.412665
   5.81113    -11.479143    -11.479133
   5.75594    -11.561294    -11.561284
   5.70074    -11.656474    -11.656464
   5.64555    -11.760477    -11.760468
   5.59036    -11.868456    -11.868447
   5.53517    -11.975760    -11.975751
   5.47998    -12.078357    -12.078349
   5.42478    -12.172953    -12.172945
   5.36959    -12.256883    -12.256876
   5.31440    -12.328080    -12.328073
   5.25921    -12.384977    -12.384970
   5.20401    -12.426413    -12.426406
   5.14882    -12.451578    -12.451572
   5.09363    -12.460008    -12.460001
   5.09363    -12.460008    -12.460001
   5.03844    -12.451578    -12.451572
   4.98325    -12.426413    -12.426406
   4.92805    -12.384978    -12.384971
   4.87286    -12.328080    -12.328073
   4.81767    -12.256884    -12.256876
   4.76248    -12.172954    -12.172946
   4.70728    -12.078359    -12.078351
   4.65209    -11.975761    -11.975753
   4.59690    -11.868458    -11.868449
   4.54171    -11.760479    -11.760470
   4.48652    -11.656476    -11.656466
   4.43132    -11.561296    -11.561286
   4.37613    -11.479146    -11.479135
   4.32094    -11.412678    -11.412667
   4.26575    -11.362592    -11.362581
   4.21055    -11.328148    -11.328137
   4.15536    -11.308119    -11.308108
   4.10017    -11.301553    -11.301541
   4.10017    -11.290391    -11.290380
   4.04492    -11.305846    -11.305835
   3.98967    -11.350727    -11.350716
   3.93442    -11.421034    -11.421024
   3.87917    -11.511254    -11.511244
   3.82392    -11.615383    -11.615373
   3.76866    -11.727598    -11.727589
   3.71341    -11.842594    -11.842585
   3.65816    -11.955782    -11.955774
   3.60291    -12.063302    -12.063294
   3.54766    -12.162008    -12.162001
   3.49241    -12.249337    -12.249330
   3.43716    -12.323272    -12.323265
   3.38191    -12.382282    -12.382275
   3.32666    -12.425218    -12.425211
   3.27141    -12.451279    -12.451272
   3.21615    -12.460008    -12.460001
   3.21615    -12.460008    -12.460001
   3.16091    -12.451598    -12.451591
   3.10566    -12.426541    -12.426534
   3.05041    -12.385456    -12.385449
   2.99517    -12.329395    -12.329387
   2.93992    -12.259829    -12.259821
   2.88468    -12.178657    -12.178649
   2.82943    -12.088220    -12.088212
   2.77418    -11.991269    -11.991260
   2.71894    -11.890831    -11.890823
   2.66369    -11.790127    -11.790117
   2.60844    -11.692366    -11.692357
   2.55320    -11.600583    -11.600573
   2.49795    -11.517484    -11.517474
   2.44270    -11.445476    -11.445465
   2.38746    -11.386717    -11.386706
   2.33221    -11.343107    -11.343096
   2.27696    -11.316215    -11.316204
   2.22172    -11.307115    -11.307104
   2.22172    -11.285761    -11.285749
   2.16655    -11.301382    -11.301371
   2.11138    -11.346710    -11.346699
   2.05622    -11.417619    -11.417609
   2.00105    -11.508477    -11.508467
   1.94588    -11.613203    -11.613193
   1.89071    -11.725939    -11.725930
   1.83555    -11.841368    -11.841359
   1.78038    -11.954899    -11.954890
   1.72521    -12.062687    -12.062679
   1.67004    -12.161596    -12.161588
   1.61488    -12.249073    -12.249066
   1.55971    -12.323115    -12.323108
   1.50454    -12.382199    -12.382192
   1.44938    -12.425181    -12.425175
   1.39421    -12.451271    -12.451265
   1.33904    -12.460008    -12.460001
   1.33904    -12.460008    -12.460001
   1.28387    -12.451271    -12.451265
   1.22871    -12.425181    -12.425175
   1.17354    -12.382199    -12.382192
   1.11837    -12.323115    -12.323108
   1.06320    -12.249073    -12.249065
   1.00804    -12.161595    -12.161588
   0.95287    -12.062686    -12.062678
   0.89770    -11.954898    -11.954890
   0.84254    -11.841367    -11.841358
   0.78737    -11.725938    -11.725929
   0.73220    -11.613201    -11.613192
   0.67703    -11.508475    -11.508466
   0.62187    -11.417617    -11.417606
   0.56670    -11.346707    -11.346697
   0.51153    -11.301379    -11.301368
   0.45636    -11.285758    -11.285746
   0.45636    -12.181598    -12.181590
   0.39932    -12.197398    -12.197390
   0.34227    -12.238349    -12.238341
   0.28523    -12.291431    -12.291424
   0.22818    -12.345423    -12.345416
   0.17114    -12.392939    -12.392932
   0.11409    -12.429443    -12.429436
   0.05705    -12.452262    -12.452256
   0.00000    -12.460008    -12.460001
 
# Band-Index    9
   0.00000    -11.072198    -11.072188
   0.05705    -11.084498    -11.084489
   0.11409    -11.120297    -11.120287
   0.17114    -11.176227    -11.176218
   0.22818    -11.246644    -11.246635
   0.28523    -11.323534    -11.323526
   0.34227    -11.395985    -11.395977
   0.39932    -11.449844    -11.449837
   0.45636    -11.470177    -11.470170
   0.45636    -10.721059    -10.721049
   0.51153    -10.723488    -10.723479
   0.56670    -10.731062    -10.731052
   0.62187    -10.744344    -10.744335
   0.67703    -10.763595    -10.763585
   0.73220    -10.788526    -10.788516
   0.78737    -10.818297    -10.818287
   0.84254    -10.851645    -10.851635
   0.89770    -10.887062    -10.887052
   0.95287    -10.922937    -10.922928
   1.00804    -10.957685    -10.957676
   1.06320    -10.989799    -10.989789
   1.11837    -11.017948    -11.017938
   1.17354    -11.041020    -11.041010
   1.22871    -11.058134    -11.058124
   1.28387    -11.068652    -11.068642
   1.33904    -11.072198    -11.072188
   1.33904    -11.072198    -11.072188
   1.39421    -11.068652    -11.068642
   1.44938    -11.058134    -11.058124
   1.50454    -11.041020    -11.041010
   1.55971    -11.017948    -11.017938
   1.61488    -10.989799    -10.989789
   1.67004    -10.957686    -10.957676
   1.72521    -10.922938    -10.922928
   1.78038    -10.887063    -10.887053
   1.83555    -10.851646    -10.851636
   1.89071    -10.818298    -10.818288
   1.94588    -10.788527    -10.788517
   2.00105    -10.763596    -10.763586
   2.05622    -10.744345    -10.744336
   2.11138    -10.731062    -10.731053
   2.16655    -10.723488    -10.723480
   2.22172    -10.721059    -10.721050
   2.22172    -10.662805    -10.662795
   2.27696    -10.668593    -10.668583
   2.33221    -10.685623    -10.685613
   2.38746    -10.712896    -10.712887
   2.44270    -10.748695    -10.748685
   2.49795    -10.790604    -10.790595
   2.55320    -10.835706    -10.835697
   2.60844    -10.880961    -10.880952
   2.66369    -10.923642    -10.923633
   2.71894    -10.961661    -10.961652
   2.77418    -10.993735    -10.993726
   2.82943    -11.019384    -11.019375
   2.88468    -11.038774    -11.038765
   2.93992    -11.052553    -11.052543
   2.99517    -11.061681    -11.061671
   3.05041    -11.067252    -11.067242
   3.10566    -11.070327    -11.070318
   3.16091    -11.071783    -11.071773
   3.21615    -11.072198    -11.072188
   3.21615    -11.072198    -11.072188
   3.27141    -11.068633    -11.068623
   3.32666    -11.058063    -11.058053
   3.38191    -11.040860    -11.040851
   3.43716    -11.017668    -11.017658
   3.49241    -10.989369    -10.989360
   3.54766    -10.957079    -10.957069
   3.60291    -10.922128    -10.922118
   3.65816    -10.886023    -10.886013
   3.71341    -10.850340    -10.850330
   3.76866    -10.816687    -10.816678
   3.82392    -10.786560    -10.786550
   3.87917    -10.761218    -10.761209
   3.93442    -10.741520    -10.741511
   3.98967    -10.727801    -10.727792
   4.04492    -10.719894    -10.719884
   4.10017    -10.717337    -10.717327
   4.10017    -10.667328    -10.667319
   4.15536    -10.676706    -10.676697
   4.21055    -10.703516    -10.703507
   4.26575    -10.744042    -10.744033
   4.32094    -10.792818    -10.792809
   4.37613    -10.843812    -10.843804
   4.43132    -10.891945    -10.891936
   4.48652    -10.934129    -10.934120
   4.54171    -10.969274    -10.969265
   4.59690    -10.997552    -10.997543
   4.65209    -11.019701    -11.019691
   4.70728    -11.036608    -11.036599
   4.76248    -11.049138    -11.049129
   4.81767    -11.058090    -11.058080
   4.87286    -11.064215    -11.064206
   4.92805    -11.068184    -11.068174
   4.98325    -11.070572    -11.070562
   5.03844    -11.071817    -11.071808
   5.09363    -11.072198    -11.072188
   5.09363    -11.072198    -11.072188
   5.14882    -11.071817    -11.071808
   5.20401    -11.070572    -11.070562
   5.25921    -11.068184    -11.068174
   5.31440    -11.064215    -11.064206
   5.36959    -11.058090    -11.058081
   5.42478    -11.049139    -11.049129
   5.47998    -11.036608    -11.036599
   5.53517    -11.019701    -11.019692
   5.59036    -10.997552    -10.997543
   5.64555    -10.969274    -10.969265
   5.70074    -10.934130    -10.934121
   5.75594    -10.891945    -10.891936
   5.81113    -10.843812    -10.843803
   5.86632    -10.792818    -10.792809
   5.92151    -10.744041    -10.744031
   5.97671    -10.703515    -10.703506
   6.03190    -10.676705    -10.676695
   6.08709    -10.667327    -10.667317
 
# Band-Index   10
   6.08709     -9.044751     -9.044752
   6.03190     -9.044364     -9.044365
   5.97671     -9.043257     -9.043258
   5.92151     -9.041615     -9.041615
   5.86632     -9.039782     -9.039783
   5.81113     -9.038316     -9.038317
   5.75594     -9.038172     -9.038173
   5.70074     -9.040800     -9.040800
   5.64555     -9.047225     -9.047226
   5.59036     -9.056479     -9.056480
   5.53517     -9.066595     -9.066596
   5.47998     -9.076030     -9.076030
   5.42478     -9.084027     -9.084028
   5.36959     -9.090386     -9.090386
   5.31440     -9.095195     -9.095195
   5.25921     -9.098665     -9.098665
   5.20401     -9.101026     -9.101026
   5.14882     -9.102435     -9.102436
   5.09363     -9.102914     -9.102914
   5.09363     -9.102914     -9.102914
   5.03844     -9.102435     -9.102436
   4.98325     -9.101026     -9.101026
   4.92805     -9.098665     -9.098665
   4.87286     -9.095195     -9.095195
   4.81767     -9.090386     -9.090386
   4.76248     -9.084027     -9.084028
   4.70728     -9.076030     -9.076030
   4.65209     -9.066595     -9.066596
   4.59690     -9.056479     -9.056480
   4.54171     -9.047225     -9.047226
   4.48652     -9.040799     -9.040800
   4.43132     -9.038172     -9.038172
   4.37613     -9.038316     -9.038316
   4.32094     -9.039781     -9.039782
   4.26575     -9.041614     -9.041615
   4.21055     -9.043257     -9.043257
   4.15536     -9.044364     -9.044364
   4.10017     -9.044750     -9.044751
   4.10017     -9.038682     -9.038683
   4.04492     -9.038157     -9.038158
   3.98967     -9.036658     -9.036658
   3.93442     -9.034440     -9.034441
   3.87917     -9.032051     -9.032051
   3.82392     -9.030598     -9.030598
   3.76866     -9.036600     -9.036601
   3.71341     -9.044153     -9.044153
   3.65816     -9.052690     -9.052690
   3.60291     -9.062970     -9.062970
   3.54766     -9.073969     -9.073968
   3.49241     -9.082780     -9.082779
   3.43716     -9.089364     -9.089363
   3.38191     -9.094001     -9.094002
   3.32666     -9.098876     -9.098876
   3.27141     -9.101893     -9.101894
   3.21615     -9.102914     -9.102914
   3.21615     -9.102914     -9.102914
   3.16091     -9.102107     -9.102107
   3.10566     -9.099712     -9.099712
   3.05041     -9.095816     -9.095816
   2.99517     -9.091474     -9.091473
   2.93992     -9.086239     -9.086238
   2.88468     -9.079064     -9.079063
   2.82943     -9.069705     -9.069704
   2.77418     -9.060727     -9.060728
   2.71894     -9.052633     -9.052634
   2.66369     -9.044981     -9.044981
   2.60844     -9.038069     -9.038069
   2.55320     -9.032113     -9.032113
   2.49795     -9.030697     -9.030697
   2.44270     -9.034536     -9.034536
   2.38746     -9.038171     -9.038171
   2.33221     -9.041071     -9.041072
   2.27696     -9.042925     -9.042926
   2.22172     -9.043562     -9.043562
   2.22172     -9.039591     -9.039591
   2.16655     -9.039072     -9.039072
   2.11138     -9.037595     -9.037596
   2.05622     -9.035432     -9.035432
   2.00105     -9.033164     -9.033165
   1.94588     -9.032025     -9.032026
   1.89071     -9.034697     -9.034697
   1.83555     -9.042894     -9.042894
   1.78038     -9.054437     -9.054437
   1.72521     -9.066745     -9.066745
   1.67004     -9.077646     -9.077646
   1.61488     -9.086361     -9.086361
   1.55971     -9.092876     -9.092876
   1.50454     -9.097474     -9.097474
   1.44938     -9.100521     -9.100521
   1.39421     -9.102308     -9.102308
   1.33904     -9.102914     -9.102914
   1.33904     -9.102914     -9.102914
   1.28387     -9.102308     -9.102308
   1.22871     -9.100521     -9.100521
   1.17354     -9.097474     -9.097474
   1.11837     -9.092876     -9.092876
   1.06320     -9.086361     -9.086361
   1.00804     -9.077646     -9.077646
   0.95287     -9.066745     -9.066745
   0.89770     -9.054437     -9.054437
   0.84254     -9.042894     -9.042894
   0.78737     -9.034697     -9.034697
   0.73220     -9.032026     -9.032026
   0.67703     -9.033165     -9.033165
   0.62187     -9.035432     -9.035433
   0.56670     -9.037596     -9.037597
   0.51153     -9.039072     -9.039073
   0.45636     -9.039591     -9.039592
   0.45636     -9.103250     -9.103250
   0.39932     -9.103238     -9.103238
   0.34227     -9.103203     -9.103204
   0.28523     -9.103146     -9.103147
   0.22818     -9.103081     -9.103082
   0.17114     -9.103019     -9.103020
   0.11409     -9.102964     -9.102964
   0.05705     -9.102927     -9.102927
   0.00000     -9.102914     -9.102914
 
# Band-Index   11
   0.00000     -9.099121     -9.099120
   0.05705     -9.099132     -9.099131
   0.11409     -9.099163     -9.099162
   0.17114     -9.099210     -9.099209
   0.22818     -9.099262     -9.099261
   0.28523     -9.099316     -9.099315
   0.34227     -9.099363     -9.099361
   0.39932     -9.099391     -9.099390
   0.45636     -9.099401     -9.099400
   0.45636     -9.013116     -9.013116
   0.51153     -9.013566     -9.013566
   0.56670     -9.014957     -9.014957
   0.62187     -9.017404     -9.017404
   0.67703     -9.021067     -9.021066
   0.73220     -9.026043     -9.026042
   0.78737     -9.031912     -9.031912
   0.84254     -9.039050     -9.039050
   0.89770     -9.048090     -9.048090
   0.95287     -9.057601     -9.057600
   1.00804     -9.067053     -9.067052
   1.06320     -9.075979     -9.075978
   1.11837     -9.083925     -9.083924
   1.17354     -9.090478     -9.090477
   1.22871     -9.095300     -9.095299
   1.28387     -9.098183     -9.098182
   1.33904     -9.099121     -9.099120
   1.33904     -9.099121     -9.099120
   1.39421     -9.098183     -9.098182
   1.44938     -9.095300     -9.095299
   1.50454     -9.090478     -9.090477
   1.55971     -9.083925     -9.083924
   1.61488     -9.075979     -9.075978
   1.67004     -9.067053     -9.067053
   1.72521     -9.057601     -9.057600
   1.78038     -9.048091     -9.048090
   1.83555     -9.039051     -9.039050
   1.89071     -9.031913     -9.031912
   1.94588     -9.026043     -9.026043
   2.00105     -9.021067     -9.021067
   2.05622     -9.017405     -9.017404
   2.11138     -9.014958     -9.014958
   2.16655     -9.013567     -9.013567
   2.22172     -9.013117     -9.013117
   2.22172     -9.017217     -9.017218
   2.27696     -9.017576     -9.017576
   2.33221     -9.018677     -9.018677
   2.38746     -9.020587     -9.020587
   2.44270     -9.023403     -9.023403
   2.49795     -9.027222     -9.027222
   2.55320     -9.027682     -9.027682
   2.60844     -9.027682     -9.027682
   2.66369     -9.033781     -9.033780
   2.71894     -9.045355     -9.045355
   2.77418     -9.058198     -9.058197
   2.82943     -9.068913     -9.068913
   2.88468     -9.076833     -9.076833
   2.93992     -9.084149     -9.084150
   2.99517     -9.090561     -9.090562
   3.05041     -9.095095     -9.095094
   3.10566     -9.097425     -9.097424
   3.16091     -9.098713     -9.098712
   3.21615     -9.099121     -9.099120
   3.21615     -9.099121     -9.099120
   3.27141     -9.098599     -9.098598
   3.32666     -9.096954     -9.096952
   3.38191     -9.093976     -9.093975
   3.43716     -9.087495     -9.087495
   3.49241     -9.079678     -9.079678
   3.54766     -9.070955     -9.070955
   3.60291     -9.061787     -9.061788
   3.65816     -9.050592     -9.050591
   3.71341     -9.039155     -9.039154
   3.76866     -9.032191     -9.032191
   3.82392     -9.030302     -9.030303
   3.87917     -9.025372     -9.025372
   3.93442     -9.021763     -9.021764
   3.98967     -9.019344     -9.019345
   4.04492     -9.017963     -9.017964
   4.10017     -9.017515     -9.017515
   4.10017     -9.012823     -9.012822
   4.15536     -9.013194     -9.013194
   4.21055     -9.014333     -9.014332
   4.26575     -9.016308     -9.016308
   4.32094     -9.019218     -9.019218
   4.37613     -9.023157     -9.023156
   4.43132     -9.028155     -9.028155
   4.48652     -9.034098     -9.034097
   4.54171     -9.040880     -9.040879
   4.59690     -9.048581     -9.048580
   4.65209     -9.056845     -9.056844
   4.70728     -9.065196     -9.065195
   4.76248     -9.073245     -9.073245
   4.81767     -9.080648     -9.080647
   4.87286     -9.087097     -9.087096
   4.92805     -9.092328     -9.092327
   4.98325     -9.096127     -9.096126
   5.03844     -9.098385     -9.098384
   5.09363     -9.099121     -9.099120
   5.09363     -9.099121     -9.099120
   5.14882     -9.098385     -9.098384
   5.20401     -9.096127     -9.096126
   5.25921     -9.092328     -9.092327
   5.31440     -9.087097     -9.087096
   5.36959     -9.080648     -9.080647
   5.42478     -9.073245     -9.073244
   5.47998     -9.065196     -9.065195
   5.53517     -9.056844     -9.056844
   5.59036     -9.048580     -9.048580
   5.64555     -9.040879     -9.040879
   5.70074     -9.034097     -9.034096
   5.75594     -9.028154     -9.028154
   5.81113     -9.023156     -9.023156
   5.86632     -9.019218     -9.019217
   5.92151     -9.016308     -9.016307
   5.97671     -9.014332     -9.014331
   6.03190     -9.013193     -9.013193
   6.08709     -9.012822     -9.012821
 
# Band-Index   12
   6.08709     -8.910009     -8.910009
   6.03190     -8.910558     -8.910558
   5.97671     -8.912150     -8.912150
   5.92151     -8.914622     -8.914622
   5.86632     -8.917756     -8.917756
   5.81113     -8.927976     -8.927976
   5.75594     -8.946631     -8.946631
   5.70074     -8.961627     -8.961627
   5.64555     -8.970486     -8.970486
   5.59036     -8.973106     -8.973106
   5.53517     -8.971281     -8.971281
   5.47998     -8.966838     -8.966838
   5.42478     -8.961021     -8.961022
   5.36959     -8.954686     -8.954686
   5.31440     -8.948494     -8.948494
   5.25921     -8.943011     -8.943011
   5.20401     -8.938729     -8.938729
   5.14882     -8.936046     -8.936046
   5.09363     -8.935215     -8.935216
   5.09363     -8.935215     -8.935216
   5.03844     -8.936045     -8.936046
   4.98325     -8.938728     -8.938728
   4.92805     -8.943010     -8.943010
   4.87286     -8.948493     -8.948493
   4.81767     -8.954685     -8.954686
   4.76248     -8.961020     -8.961021
   4.70728     -8.966837     -8.966837
   4.65209     -8.971280     -8.971280
   4.59690     -8.973105     -8.973105
   4.54171     -8.970485     -8.970485
   4.48652     -8.961626     -8.961626
   4.43132     -8.946630     -8.946630
   4.37613     -8.927975     -8.927975
   4.32094     -8.917756     -8.917757
   4.26575     -8.914622     -8.914623
   4.21055     -8.912151     -8.912151
   4.15536     -8.910558     -8.910559
   4.10017     -8.910009     -8.910010
   4.10017     -8.910171     -8.910172
   4.04492     -8.910858     -8.910859
   3.98967     -8.912825     -8.912826
   3.93442     -8.915808     -8.915808
   3.87917     -8.919419     -8.919420
   3.82392     -8.941408     -8.941408
   3.76866     -8.961035     -8.961035
   3.71341     -8.971471     -8.971472
   3.65816     -8.973189     -8.973189
   3.60291     -8.969767     -8.969767
   3.54766     -8.963958     -8.963959
   3.49241     -8.957199     -8.957199
   3.43716     -8.950355     -8.950355
   3.38191     -8.944084     -8.944084
   3.32666     -8.938988     -8.938989
   3.27141     -8.935632     -8.935633
   3.21615     -8.935215     -8.935216
   3.21615     -8.935215     -8.935216
   3.16091     -8.935386     -8.935386
   3.10566     -8.938103     -8.938104
   3.05041     -8.942409     -8.942409
   2.99517     -8.947996     -8.947997
   2.93992     -8.954489     -8.954489
   2.88468     -8.961456     -8.961457
   2.82943     -8.968394     -8.968395
   2.77418     -8.974606     -8.974606
   2.71894     -8.978825     -8.978825
   2.66369     -8.978330     -8.978330
   2.60844     -8.969263     -8.969263
   2.55320     -8.951930     -8.951930
   2.49795     -8.930850     -8.930850
   2.44270     -8.917616     -8.917617
   2.38746     -8.914534     -8.914534
   2.33221     -8.912069     -8.912070
   2.27696     -8.910480     -8.910481
   2.22172     -8.909932     -8.909933
   2.22172     -8.910275     -8.910275
   2.16655     -8.910974     -8.910974
   2.11138     -8.912977     -8.912977
   2.05622     -8.916021     -8.916022
   2.00105     -8.920397     -8.920397
   1.94588     -8.943979     -8.943980
   1.89071     -8.963198     -8.963199
   1.83555     -8.973014     -8.973014
   1.78038     -8.974270     -8.974270
   1.72521     -8.970614     -8.970614
   1.67004     -8.964689     -8.964690
   1.61488     -8.957867     -8.957867
   1.55971     -8.950986     -8.950987
   1.50454     -8.944695     -8.944695
   1.44938     -8.939594     -8.939595
   1.39421     -8.936274     -8.936275
   1.33904     -8.935215     -8.935216
   1.33904     -8.935215     -8.935216
   1.28387     -8.936275     -8.936275
   1.22871     -8.939595     -8.939595
   1.17354     -8.944696     -8.944696
   1.11837     -8.950987     -8.950988
   1.06320     -8.957868     -8.957868
   1.00804     -8.964690     -8.964691
   0.95287     -8.970615     -8.970615
   0.89770     -8.974271     -8.974271
   0.84254     -8.973015     -8.973015
   0.78737     -8.963199     -8.963199
   0.73220     -8.943980     -8.943980
   0.67703     -8.920397     -8.920397
   0.62187     -8.916021     -8.916021
   0.56670     -8.912976     -8.912977
   0.51153     -8.910973     -8.910974
   0.45636     -8.910274     -8.910274
   0.45636     -8.935481     -8.935482
   0.39932     -8.935474     -8.935474
   0.34227     -8.935449     -8.935449
   0.28523     -8.935400     -8.935401
   0.22818     -8.935348     -8.935348
   0.17114     -8.935300     -8.935300
   0.11409     -8.935254     -8.935254
   0.05705     -8.935224     -8.935225
   0.00000     -8.935215     -8.935216
 
# Band-Index   13
   0.00000     -8.934457     -8.934457
   0.05705     -8.934464     -8.934464
   0.11409     -8.934487     -8.934488
   0.17114     -8.934525     -8.934526
   0.22818     -8.934565     -8.934565
   0.28523     -8.934612     -8.934612
   0.34227     -8.934666     -8.934666
   0.39932     -8.934730     -8.934731
   0.45636     -8.934819     -8.934820
   0.45636     -8.843417     -8.843417
   0.51153     -8.849724     -8.849724
   0.56670     -8.867042     -8.867042
   0.62187     -8.891478     -8.891478
   0.67703     -8.917806     -8.917806
   0.73220     -8.923318     -8.923318
   0.78737     -8.926854     -8.926855
   0.84254     -8.929775     -8.929776
   0.89770     -8.931969     -8.931970
   0.95287     -8.933451     -8.933452
   1.00804     -8.934336     -8.934336
   1.06320     -8.934767     -8.934767
   1.11837     -8.934899     -8.934900
   1.17354     -8.934860     -8.934861
   1.22871     -8.934747     -8.934747
   1.28387     -8.934612     -8.934612
   1.33904     -8.934457     -8.934457
   1.33904     -8.934457     -8.934457
   1.39421     -8.934612     -8.934613
   1.44938     -8.934748     -8.934748
   1.50454     -8.934861     -8.934861
   1.55971     -8.934900     -8.934901
   1.61488     -8.934768     -8.934768
   1.67004     -8.934337     -8.934337
   1.72521     -8.933452     -8.933453
   1.78038     -8.931970     -8.931971
   1.83555     -8.929776     -8.929777
   1.89071     -8.926855     -8.926856
   1.94588     -8.923318     -8.923319
   2.00105     -8.917805     -8.917805
   2.05622     -8.891477     -8.891477
   2.11138     -8.867041     -8.867041
   2.16655     -8.849723     -8.849723
   2.22172     -8.843416     -8.843416
   2.22172     -8.865261     -8.865261
   2.27696     -8.868306     -8.868306
   2.33221     -8.877235     -8.877234
   2.38746     -8.891431     -8.891431
   2.44270     -8.909848     -8.909848
   2.49795     -8.921004     -8.921005
   2.55320     -8.924376     -8.924376
   2.60844     -8.927456     -8.927457
   2.66369     -8.930055     -8.930055
   2.71894     -8.932085     -8.932086
   2.77418     -8.933553     -8.933553
   2.82943     -8.934518     -8.934519
   2.88468     -8.935080     -8.935081
   2.93992     -8.935347     -8.935347
   2.99517     -8.935419     -8.935419
   3.05041     -8.935384     -8.935384
   3.10566     -8.935308     -8.935308
   3.16091     -8.935241     -8.935241
   3.21615     -8.934457     -8.934457
   3.21615     -8.934457     -8.934457
   3.27141     -8.935242     -8.935243
   3.32666     -8.935308     -8.935308
   3.38191     -8.935368     -8.935368
   3.43716     -8.935343     -8.935344
   3.49241     -8.935131     -8.935131
   3.54766     -8.934605     -8.934606
   3.60291     -8.933614     -8.933615
   3.65816     -8.932024     -8.932025
   3.71341     -8.929734     -8.929735
   3.76866     -8.926749     -8.926750
   3.82392     -8.923207     -8.923207
   3.87917     -8.916094     -8.916094
   3.93442     -8.889282     -8.889282
   3.98967     -8.865198     -8.865198
   4.04492     -8.848216     -8.848215
   4.10017     -8.842047     -8.842047
   4.10017     -8.866715     -8.866715
   4.15536     -8.869513     -8.869514
   4.21055     -8.877791     -8.877792
   4.26575     -8.891091     -8.891091
   4.32094     -8.908317     -8.908318
   4.37613     -8.920838     -8.920839
   4.43132     -8.924266     -8.924266
   4.48652     -8.927297     -8.927298
   4.54171     -8.929827     -8.929827
   4.59690     -8.931784     -8.931784
   4.65209     -8.933180     -8.933181
   4.70728     -8.934087     -8.934088
   4.76248     -8.934602     -8.934603
   4.81767     -8.934832     -8.934833
   4.87286     -8.934875     -8.934876
   4.92805     -8.934816     -8.934816
   4.98325     -8.934715     -8.934715
   5.03844     -8.934592     -8.934593
   5.09363     -8.934457     -8.934457
   5.09363     -8.934457     -8.934457
   5.14882     -8.934592     -8.934592
   5.20401     -8.934714     -8.934714
   5.25921     -8.934815     -8.934815
   5.31440     -8.934874     -8.934875
   5.36959     -8.934831     -8.934832
   5.42478     -8.934601     -8.934602
   5.47998     -8.934086     -8.934087
   5.53517     -8.933179     -8.933180
   5.59036     -8.931783     -8.931783
   5.64555     -8.929826     -8.929826
   5.70074     -8.927296     -8.927297
   5.75594     -8.924265     -8.924265
   5.81113     -8.920838     -8.920838
   5.86632     -8.908318     -8.908318
   5.92151     -8.891091     -8.891091
   5.97671     -8.877792     -8.877792
   6.03190     -8.869514     -8.869514
   6.08709     -8.866715     -8.866715
 
# Band-Index   14
   6.08709     -8.582462     -8.582460
   6.03190     -8.589501     -8.589500
   5.97671     -8.608620     -8.608619
   5.92151     -8.634945     -8.634944
   5.86632     -8.663124     -8.663123
   5.81113     -8.689266     -8.689266
   5.75594     -8.711532     -8.711531
   5.70074     -8.729613     -8.729613
   5.64555     -8.743931     -8.743930
   5.59036     -8.755092     -8.755092
   5.53517     -8.763663     -8.763663
   5.47998     -8.770102     -8.770101
   5.42478     -8.774781     -8.774781
   5.36959     -8.778016     -8.778016
   5.31440     -8.780093     -8.780093
   5.25921     -8.781289     -8.781289
   5.20401     -8.781879     -8.781879
   5.14882     -8.782113     -8.782113
   5.09363     -8.782169     -8.782169
   5.09363     -8.782169     -8.782169
   5.03844     -8.782113     -8.782113
   4.98325     -8.781879     -8.781879
   4.92805     -8.781289     -8.781289
   4.87286     -8.780093     -8.780093
   4.81767     -8.778016     -8.778016
   4.76248     -8.774781     -8.774781
   4.70728     -8.770101     -8.770101
   4.65209     -8.763663     -8.763662
   4.59690     -8.755092     -8.755092
   4.54171     -8.743930     -8.743930
   4.48652     -8.729613     -8.729613
   4.43132     -8.711532     -8.711531
   4.37613     -8.689267     -8.689266
   4.32094     -8.663124     -8.663123
   4.26575     -8.634945     -8.634944
   4.21055     -8.608621     -8.608620
   4.15536     -8.589502     -8.589500
   4.10017     -8.582462     -8.582461
   4.10017     -8.589939     -8.589937
   4.04492     -8.591686     -8.591684
   3.98967     -8.597161     -8.597159
   3.93442     -8.606664     -8.606662
   3.87917     -8.619950     -8.619948
   3.82392     -8.636173     -8.636172
   3.76866     -8.654218     -8.654217
   3.71341     -8.673011     -8.673010
   3.65816     -8.691706     -8.691704
   3.60291     -8.709675     -8.709674
   3.54766     -8.726478     -8.726478
   3.49241     -8.741758     -8.741757
   3.43716     -8.755188     -8.755187
   3.38191     -8.766394     -8.766393
   3.32666     -8.774931     -8.774930
   3.27141     -8.780321     -8.780320
   3.21615     -8.782169     -8.782169
   3.21615     -8.782169     -8.782169
   3.16091     -8.782112     -8.782112
   3.10566     -8.781882     -8.781881
   3.05041     -8.781312     -8.781312
   2.99517     -8.780156     -8.780155
   2.93992     -8.778107     -8.778106
   2.88468     -8.774819     -8.774819
   2.82943     -8.769901     -8.769900
   2.77418     -8.762904     -8.762903
   2.71894     -8.753313     -8.753312
   2.66369     -8.740558     -8.740557
   2.60844     -8.724072     -8.724072
   2.55320     -8.703480     -8.703479
   2.49795     -8.678970     -8.678968
   2.44270     -8.651777     -8.651775
   2.38746     -8.624496     -8.624495
   2.33221     -8.600825     -8.600823
   2.27696     -8.584644     -8.584642
   2.22172     -8.578887     -8.578884
   2.22172     -8.592664     -8.592663
   2.16655     -8.594276     -8.594275
   2.11138     -8.599405     -8.599404
   2.05622     -8.608463     -8.608462
   2.00105     -8.621300     -8.621299
   1.94588     -8.637122     -8.637120
   1.89071     -8.654835     -8.654834
   1.83555     -8.673372     -8.673371
   1.78038     -8.691883     -8.691882
   1.72521     -8.709731     -8.709730
   1.67004     -8.726465     -8.726464
   1.61488     -8.741714     -8.741713
   1.55971     -8.755139     -8.755139
   1.50454     -8.766357     -8.766356
   1.44938     -8.774911     -8.774910
   1.39421     -8.780315     -8.780315
   1.33904     -8.782169     -8.782169
   1.33904     -8.782169     -8.782169
   1.28387     -8.780315     -8.780315
   1.22871     -8.774911     -8.774910
   1.17354     -8.766357     -8.766356
   1.11837     -8.755139     -8.755139
   1.06320     -8.741713     -8.741713
   1.00804     -8.726465     -8.726464
   0.95287     -8.709731     -8.709730
   0.89770     -8.691883     -8.691881
   0.84254     -8.673372     -8.673371
   0.78737     -8.654835     -8.654833
   0.73220     -8.637122     -8.637120
   0.67703     -8.621300     -8.621298
   0.62187     -8.608463     -8.608462
   0.56670     -8.599405     -8.599403
   0.51153     -8.594276     -8.594275
   0.45636     -8.592664     -8.592662
   0.45636     -8.930610     -8.930610
   0.39932     -8.926188     -8.926189
   0.34227     -8.913000     -8.913001
   0.28523     -8.891993     -8.891994
   0.22818     -8.865163     -8.865163
   0.17114     -8.835817     -8.835817
   0.11409     -8.808681     -8.808680
   0.05705     -8.789255     -8.789255
   0.00000     -8.782169     -8.782169
 
# Band-Index   15
   0.00000     -5.449073     -5.449074
   0.05705     -5.410286     -5.410287
   0.11409     -5.297061     -5.297062
   0.17114     -5.117948     -5.117949
   0.22818     -4.885440     -4.885439
   0.28523     -4.615834     -4.615833
   0.34227     -4.333332     -4.333328
   0.39932     -4.086046     -4.086041
   0.45636     -3.975950     -3.975944
   0.45636     -5.739283     -5.739285
   0.51153     -5.704527     -5.704529
   0.56670     -5.602755     -5.602756
   0.62187     -5.441291     -5.441292
   0.67703     -5.232705     -5.232706
   0.73220     -5.000254     -5.000255
   0.78737     -4.803057     -4.803057
   0.84254     -4.750860     -4.750860
   0.89770     -4.828085     -4.828085
   0.95287     -4.945190     -4.945191
   1.00804     -5.065529     -5.065530
   1.06320     -5.176207     -5.176208
   1.11837     -5.271401     -5.271403
   1.17354     -5.347902     -5.347904
   1.22871     -5.403737     -5.403738
   1.28387     -5.437685     -5.437687
   1.33904     -5.449073     -5.449074
   1.33904     -5.449073     -5.449074
   1.39421     -5.437685     -5.437687
   1.44938     -5.403737     -5.403739
   1.50454     -5.347902     -5.347904
   1.55971     -5.271402     -5.271403
   1.61488     -5.176207     -5.176208
   1.67004     -5.065530     -5.065531
   1.72521     -4.945191     -4.945191
   1.78038     -4.828086     -4.828086
   1.83555     -4.750861     -4.750860
   1.89071     -4.803057     -4.803056
   1.94588     -5.000253     -5.000253
   2.00105     -5.232705     -5.232704
   2.05622     -5.441290     -5.441290
   2.11138     -5.602754     -5.602754
   2.16655     -5.704527     -5.704527
   2.22172     -5.739283     -5.739283
   2.22172     -5.871011     -5.871011
   2.27696     -5.845835     -5.845835
   2.33221     -5.770975     -5.770975
   2.38746     -5.648685     -5.648684
   2.44270     -5.483366     -5.483366
   2.49795     -5.282804     -5.282803
   2.55320     -5.061425     -5.061424
   2.60844     -4.848749     -4.848748
   2.66369     -4.698766     -4.698764
   2.71894     -4.657250     -4.657247
   2.77418     -4.709712     -4.709709
   2.82943     -4.816044     -4.816042
   2.88468     -4.945532     -4.945531
   2.93992     -5.078291     -5.078291
   2.99517     -5.201180     -5.201180
   3.05041     -5.305105     -5.305106
   3.10566     -5.383669     -5.383671
   3.16091     -5.432511     -5.432513
   3.21615     -5.449073     -5.449074
   3.21615     -5.449073     -5.449074
   3.27141     -5.437675     -5.437677
   3.32666     -5.403698     -5.403700
   3.38191     -5.347805     -5.347807
   3.43716     -5.271201     -5.271202
   3.49241     -5.175820     -5.175821
   3.54766     -5.064773     -5.064773
   3.60291     -4.943603     -4.943603
   3.65816     -4.824291     -4.824289
   3.71341     -4.740198     -4.740196
   3.76866     -4.777504     -4.777501
   3.82392     -4.965213     -4.965210
   3.87917     -5.194532     -5.194531
   3.93442     -5.401748     -5.401746
   3.98967     -5.562399     -5.562398
   4.04492     -5.663693     -5.663692
   4.10017     -5.698284     -5.698284
   4.10017     -5.906760     -5.906761
   4.15536     -5.875296     -5.875297
   4.21055     -5.784073     -5.784074
   4.26575     -5.641645     -5.641645
   4.32094     -5.459855     -5.459854
   4.37613     -5.252439     -5.252438
   4.43132     -5.035735     -5.035733
   4.48652     -4.832614     -4.832612
   4.54171     -4.679379     -4.679376
   4.59690     -4.620550     -4.620547
   4.65209     -4.667331     -4.667329
   4.70728     -4.782422     -4.782420
   4.76248     -4.924181     -4.924180
   4.81767     -5.066840     -5.066840
   4.87286     -5.196031     -5.196032
   4.92805     -5.303263     -5.303264
   4.98325     -5.383204     -5.383205
   5.03844     -5.432449     -5.432450
   5.09363     -5.449073     -5.449074
   5.09363     -5.449073     -5.449074
   5.14882     -5.432449     -5.432450
   5.20401     -5.383203     -5.383205
   5.25921     -5.303263     -5.303264
   5.31440     -5.196030     -5.196031
   5.36959     -5.066838     -5.066838
   5.42478     -4.924179     -4.924179
   5.47998     -4.782419     -4.782419
   5.53517     -4.667328     -4.667327
   5.59036     -4.620547     -4.620546
   5.64555     -4.679378     -4.679377
   5.70074     -4.832615     -4.832615
   5.75594     -5.035736     -5.035736
   5.81113     -5.252441     -5.252442
   5.86632     -5.459857     -5.459858
   5.92151     -5.641648     -5.641649
   5.97671     -5.784076     -5.784078
   6.03190     -5.875299     -5.875302
   6.08709     -5.906763     -5.906766
 
# Band-Index   16
   6.08709     -4.770096     -4.770096
   6.03190     -4.746994     -4.746994
   5.97671     -4.678126     -4.678126
   5.92151     -4.564889     -4.564884
   5.86632     -4.409866     -4.409865
   5.81113     -4.217542     -4.217539
   5.75594     -3.996342     -3.996338
   5.70074     -3.765164     -3.765158
   5.64555     -3.566142     -3.566136
   5.59036     -3.413233     -3.413229
   5.53517     -3.228601     -3.228597
   5.47998     -2.987732     -2.987729
   5.42478     -2.712845     -2.712842
   5.36959     -2.426669     -2.426666
   5.31440     -2.148196     -2.148192
   5.25921     -1.896348     -1.896344
   5.20401     -1.692278     -1.692273
   5.14882     -1.559334     -1.559327
   5.09363     -1.517085     -1.517076
   5.09363     -1.517085     -1.517076
   5.03844     -1.559335     -1.559325
   4.98325     -1.692279     -1.692270
   4.92805     -1.896349     -1.896340
   4.87286     -2.148196     -2.148189
   4.81767     -2.426669     -2.426662
   4.76248     -2.712844     -2.712838
   4.70728     -2.987731     -2.987726
   4.65209     -3.228599     -3.228596
   4.59690     -3.413233     -3.413229
   4.54171     -3.566141     -3.566138
   4.48652     -3.765162     -3.765159
   4.43132     -3.996341     -3.996338
   4.37613     -4.217540     -4.217537
   4.32094     -4.409864     -4.409862
   4.26575     -4.564887     -4.564885
   4.21055     -4.678123     -4.678122
   4.15536     -4.746991     -4.746990
   4.10017     -4.770093     -4.770092
   4.10017     -4.238277     -4.238277
   4.04492     -4.220871     -4.220872
   3.98967     -4.173903     -4.173903
   3.93442     -4.117897     -4.117897
   3.87917     -4.096798     -4.096798
   3.82392     -4.132770     -4.132770
   3.76866     -4.143551     -4.143551
   3.71341     -3.992220     -3.992220
   3.65816     -3.698007     -3.698006
   3.60291     -3.347287     -3.347284
   3.54766     -2.978512     -2.978509
   3.49241     -2.611890     -2.611886
   3.43716     -2.264537     -2.264533
   3.38191     -1.954965     -1.954960
   3.32666     -1.705148     -1.705142
   3.27141     -1.540038     -1.540032
   3.21615     -1.517085     -1.517076
   3.21615     -1.517085     -1.517076
   3.16091     -1.526017     -1.526008
   3.10566     -1.641738     -1.641733
   3.05041     -1.826234     -1.826228
   2.99517     -2.065070     -2.065065
   2.93992     -2.350768     -2.350763
   2.88468     -2.676067     -2.676063
   2.82943     -3.025182     -3.025178
   2.77418     -3.373319     -3.373315
   2.71894     -3.690829     -3.690825
   2.66369     -3.944788     -3.944785
   2.60844     -4.123879     -4.123876
   2.55320     -4.262312     -4.262310
   2.49795     -4.390098     -4.390097
   2.44270     -4.511011     -4.511009
   2.38746     -4.617987     -4.617986
   2.33221     -4.702291     -4.702290
   2.27696     -4.756340     -4.756340
   2.22172     -4.774969     -4.774968
   2.22172     -4.232957     -4.232953
   2.16655     -4.215353     -4.215349
   2.11138     -4.167715     -4.167711
   2.05622     -4.110633     -4.110629
   2.00105     -4.089679     -4.089674
   1.94588     -4.129710     -4.129707
   1.89071     -4.151151     -4.151148
   1.83555     -4.015217     -4.015215
   1.78038     -3.727803     -3.727799
   1.72521     -3.378789     -3.378784
   1.67004     -3.009974     -3.009968
   1.61488     -2.642575     -2.642569
   1.55971     -2.294168     -2.294161
   1.50454     -1.983629     -1.983620
   1.44938     -1.733428     -1.733418
   1.39421     -1.569943     -1.569933
   1.33904     -1.517085     -1.517076
   1.33904     -1.517085     -1.517076
   1.28387     -1.569942     -1.569935
   1.22871     -1.733426     -1.733421
   1.17354     -1.983628     -1.983624
   1.11837     -2.294167     -2.294164
   1.06320     -2.642575     -2.642572
   1.00804     -3.009973     -3.009971
   0.95287     -3.378788     -3.378787
   0.89770     -3.727801     -3.727801
   0.84254     -4.015216     -4.015216
   0.78737     -4.151148     -4.151147
   0.73220     -4.129706     -4.129703
   0.67703     -4.089676     -4.089670
   0.62187     -4.110632     -4.110625
   0.56670     -4.167716     -4.167709
   0.51153     -4.215355     -4.215348
   0.45636     -4.232959     -4.232953
   0.45636     -2.636257     -2.636256
   0.39932     -2.506741     -2.506739
   0.34227     -2.201449     -2.201445
   0.28523     -1.823405     -1.823404
   0.22818     -1.424420     -1.424413
   0.17114     -1.438380     -1.438371
   0.11409     -1.481862     -1.481853
   0.05705     -1.508240     -1.508231
   0.00000     -1.517085     -1.517076
 
# Band-Index   17
   0.00000     -1.481899     -1.481893
   0.05705     -1.473202     -1.473196
   0.11409     -1.447276     -1.447270
   0.17114     -1.404616     -1.404610
   0.22818     -1.378567     -1.378558
   0.28523     -1.303679     -1.303669
   0.34227     -1.215599     -1.215590
   0.39932     -1.118447     -1.118438
   0.45636     -1.045629     -1.045620
   0.45636     -3.210299     -3.210298
   0.51153     -3.254250     -3.254250
   0.56670     -3.356199     -3.356200
   0.62187     -3.456972     -3.456973
   0.67703     -3.485324     -3.485325
   0.73220     -3.392760     -3.392760
   0.78737     -3.204943     -3.204940
   0.84254     -2.958287     -2.958284
   0.89770     -2.671178     -2.671173
   0.95287     -2.353143     -2.353138
   1.00804     -2.011121     -2.011116
   1.06320     -1.705831     -1.705822
   1.11837     -1.632334     -1.632325
   1.17354     -1.572311     -1.572302
   1.22871     -1.526869     -1.526861
   1.28387     -1.496822     -1.496814
   1.33904     -1.481899     -1.481893
   1.33904     -1.481899     -1.481893
   1.39421     -1.496821     -1.496816
   1.44938     -1.526868     -1.526864
   1.50454     -1.572309     -1.572305
   1.55971     -1.632332     -1.632327
   1.61488     -1.705827     -1.705824
   1.67004     -2.011120     -2.011113
   1.72521     -2.353141     -2.353135
   1.78038     -2.671174     -2.671169
   1.83555     -2.958286     -2.958281
   1.89071     -3.204941     -3.204937
   1.94588     -3.392756     -3.392754
   2.00105     -3.485320     -3.485319
   2.05622     -3.456971     -3.456970
   2.11138     -3.356201     -3.356199
   2.16655     -3.254254     -3.254252
   2.22172     -3.210304     -3.210301
   2.22172     -2.587503     -2.587493
   2.27696     -2.595566     -2.595556
   2.33221     -2.619739     -2.619729
   2.38746     -2.659389     -2.659379
   2.44270     -2.711589     -2.711579
   2.49795     -2.768685     -2.768676
   2.55320     -2.815808     -2.815800
   2.60844     -2.830876     -2.830869
   2.66369     -2.791005     -2.790999
   2.71894     -2.684323     -2.684318
   2.77418     -2.513705     -2.513700
   2.82943     -2.287368     -2.287362
   2.88468     -2.010137     -2.010131
   2.93992     -1.717158     -1.717149
   2.99517     -1.650188     -1.650179
   3.05041     -1.594396     -1.594387
   3.10566     -1.552287     -1.552279
   3.16091     -1.523099     -1.523093
   3.21615     -1.481899     -1.481893
   3.21615     -1.481899     -1.481893
   3.27141     -1.526562     -1.526553
   3.32666     -1.554520     -1.554511
   3.38191     -1.599537     -1.599529
   3.43716     -1.659436     -1.659428
   3.49241     -1.731446     -1.731438
   3.54766     -1.997897     -1.997891
   3.60291     -2.341860     -2.341855
   3.65816     -2.661143     -2.661138
   3.71341     -2.948897     -2.948894
   3.76866     -3.195504     -3.195502
   3.82392     -3.382461     -3.382457
   3.87917     -3.474260     -3.474256
   3.93442     -3.447155     -3.447150
   3.98967     -3.348144     -3.348138
   4.04492     -3.247109     -3.247103
   4.10017     -3.203373     -3.203367
   4.10017     -2.592201     -2.592195
   4.15536     -2.594364     -2.594357
   4.21055     -2.604470     -2.604463
   4.26575     -2.633766     -2.633760
   4.32094     -2.698566     -2.698561
   4.37613     -2.806537     -2.806533
   4.43132     -2.938684     -2.938681
   4.48652     -3.044570     -3.044560
   4.54171     -3.036854     -3.036853
   4.59690     -2.853013     -2.853010
   4.65209     -2.560006     -2.560002
   4.70728     -2.223465     -2.223461
   4.76248     -1.869972     -1.869966
   4.81767     -1.563426     -1.563422
   4.87286     -1.533862     -1.533858
   4.92805     -1.513896     -1.513892
   4.98325     -1.499905     -1.499901
   5.03844     -1.489769     -1.489765
   5.09363     -1.481899     -1.481893
   5.09363     -1.481899     -1.481893
   5.14882     -1.489770     -1.489763
   5.20401     -1.499907     -1.499898
   5.25921     -1.513898     -1.513889
   5.31440     -1.533863     -1.533854
   5.36959     -1.563428     -1.563419
   5.42478     -1.869971     -1.869963
   5.47998     -2.223466     -2.223458
   5.53517     -2.560006     -2.560001
   5.59036     -2.853012     -2.853009
   5.64555     -3.036852     -3.036851
   5.70074     -3.044565     -3.044563
   5.75594     -2.938678     -2.938675
   5.81113     -2.806530     -2.806526
   5.86632     -2.698559     -2.698555
   5.92151     -2.633760     -2.633757
   5.97671     -2.604464     -2.604462
   6.03190     -2.594359     -2.594357
   6.08709     -2.592197     -2.592195
 
# Band-Index   18
   6.08709     -2.503842     -2.503834
   6.03190     -2.493663     -2.493655
   5.97671     -2.463328     -2.463320
   5.92151     -2.413449     -2.413441
   5.86632     -2.345080     -2.345072
   5.81113     -2.259868     -2.259860
   5.75594     -2.160345     -2.160337
   5.70074     -2.050384     -2.050376
   5.64555     -1.935923     -1.935914
   5.59036     -1.825535     -1.825526
   5.53517     -1.729263     -1.729254
   5.47998     -1.653982     -1.653973
   5.42478     -1.599307     -1.599297
   5.36959     -1.510395     -1.510385
   5.31440     -1.164405     -1.164393
   5.25921     -0.840652     -0.840639
   5.20401     -0.564902     -0.564887
   5.14882     -0.389626     -0.389609
   5.09363     -0.352436     -0.352423
   5.09363     -0.352436     -0.352423
   5.03844     -0.389624     -0.389613
   4.98325     -0.564902     -0.564891
   4.92805     -0.840652     -0.840642
   4.87286     -1.164405     -1.164396
   4.81767     -1.510395     -1.510387
   4.76248     -1.599306     -1.599301
   4.70728     -1.653981     -1.653976
   4.65209     -1.729261     -1.729256
   4.59690     -1.825532     -1.825528
   4.54171     -1.935920     -1.935915
   4.48652     -2.050380     -2.050376
   4.43132     -2.160341     -2.160337
   4.37613     -2.259863     -2.259859
   4.32094     -2.345075     -2.345070
   4.26575     -2.413444     -2.413440
   4.21055     -2.463322     -2.463318
   4.15536     -2.493657     -2.493653
   4.10017     -2.503836     -2.503832
   4.10017     -2.421016     -2.421008
   4.04492     -2.412976     -2.412969
   3.98967     -2.389088     -2.389081
   3.93442     -2.350101     -2.350094
   3.87917     -2.297226     -2.297218
   3.82392     -2.232162     -2.232154
   3.76866     -2.157057     -2.157049
   3.71341     -2.074450     -2.074442
   3.65816     -1.987300     -1.987292
   3.60291     -1.898806     -1.898798
   3.54766     -1.812381     -1.812373
   3.49241     -1.636320     -1.636313
   3.43716     -1.267250     -1.267242
   3.38191     -0.907269     -0.907260
   3.32666     -0.585010     -0.584999
   3.27141     -0.371043     -0.371028
   3.21615     -0.352436     -0.352423
   3.21615     -0.352436     -0.352423
   3.16091     -0.394958     -0.394940
   3.10566     -0.621122     -0.621107
   3.05041     -0.956093     -0.956081
   2.99517     -1.324692     -1.324682
   2.93992     -1.685159     -1.685151
   2.88468     -1.792704     -1.792696
   2.82943     -1.874305     -1.874297
   2.77418     -1.959553     -1.959546
   2.71894     -2.046124     -2.046117
   2.66369     -2.131724     -2.131717
   2.60844     -2.214066     -2.214059
   2.55320     -2.290910     -2.290903
   2.49795     -2.360093     -2.360086
   2.44270     -2.419630     -2.419624
   2.38746     -2.467805     -2.467799
   2.33221     -2.503236     -2.503230
   2.27696     -2.524905     -2.524899
   2.22172     -2.532193     -2.532187
   2.22172     -2.393185     -2.393181
   2.16655     -2.385091     -2.385087
   2.11138     -2.361137     -2.361132
   2.05622     -2.322077     -2.322073
   2.00105     -2.269128     -2.269123
   1.94588     -2.203998     -2.203993
   1.89071     -2.128856     -2.128851
   1.83555     -2.046247     -2.046242
   1.78038     -1.959132     -1.959127
   1.72521     -1.870691     -1.870687
   1.67004     -1.784185     -1.784180
   1.61488     -1.649302     -1.649293
   1.55971     -1.284409     -1.284400
   1.50454     -0.927394     -0.927383
   1.44938     -0.608221     -0.608208
   1.39421     -0.382526     -0.382511
   1.33904     -0.352436     -0.352423
   1.33904     -0.352436     -0.352423
   1.28387     -0.382523     -0.382517
   1.22871     -0.608218     -0.608212
   1.17354     -0.927392     -0.927386
   1.11837     -1.284409     -1.284403
   1.06320     -1.649302     -1.649296
   1.00804     -1.784187     -1.784178
   0.95287     -1.870694     -1.870685
   0.89770     -1.959135     -1.959126
   0.84254     -2.046250     -2.046241
   0.78737     -2.128859     -2.128851
   0.73220     -2.204002     -2.203993
   0.67703     -2.269131     -2.269123
   0.62187     -2.322082     -2.322073
   0.56670     -2.361141     -2.361132
   0.51153     -2.385096     -2.385087
   0.45636     -2.393190     -2.393181
   0.45636     -1.040346     -1.040342
   0.39932     -1.097492     -1.097486
   0.34227     -1.187724     -1.187718
   0.28523     -1.272700     -1.272694
   0.22818     -1.345336     -1.345330
   0.17114     -1.035375     -1.035366
   0.11409     -0.692863     -0.692852
   0.05705     -0.445282     -0.445269
   0.00000     -0.352436     -0.352423
 
# Band-Index   19
   0.00000     -0.286615     -0.286603
   0.05705     -0.303393     -0.303382
   0.11409     -0.352058     -0.352047
   0.17114     -0.427962     -0.427951
   0.22818     -0.524706     -0.524694
   0.28523     -0.635297     -0.635286
   0.34227     -0.752726     -0.752716
   0.39932     -0.868990     -0.868979
   0.45636     -0.948453     -0.948443
   0.45636     -2.320604     -2.320602
   0.51153     -2.270600     -2.270598
   0.56670     -2.145160     -2.145156
   0.62187     -1.982190     -1.982185
   0.67703     -1.804148     -1.804141
   0.73220     -1.622056     -1.622048
   0.78737     -1.441730     -1.441721
   0.84254     -1.266716     -1.266706
   0.89770     -1.099822     -1.099811
   0.95287     -0.943495     -0.943483
   1.00804     -0.800191     -0.800179
   1.06320     -0.671773     -0.671760
   1.11837     -0.560809     -0.560795
   1.17354     -0.470564     -0.470550
   1.22871     -0.403523     -0.403508
   1.28387     -0.354184     -0.354167
   1.33904     -0.286615     -0.286603
   1.33904     -0.286615     -0.286603
   1.39421     -0.354182     -0.354172
   1.44938     -0.403522     -0.403511
   1.50454     -0.470563     -0.470553
   1.55971     -0.560807     -0.560798
   1.61488     -0.671772     -0.671764
   1.67004     -0.800190     -0.800182
   1.72521     -0.943494     -0.943485
   1.78038     -1.099821     -1.099812
   1.83555     -1.266714     -1.266706
   1.89071     -1.441728     -1.441720
   1.94588     -1.622053     -1.622046
   2.00105     -1.804144     -1.804138
   2.05622     -1.982186     -1.982180
   2.11138     -2.145154     -2.145149
   2.16655     -2.270593     -2.270588
   2.22172     -2.320596     -2.320592
   2.22172     -1.416403     -1.416399
   2.27696     -1.412152     -1.412149
   2.33221     -1.399374     -1.399370
   2.38746     -1.377921     -1.377918
   2.44270     -1.347350     -1.347347
   2.49795     -1.306936     -1.306932
   2.55320     -1.255911     -1.255908
   2.60844     -1.193841     -1.193838
   2.66369     -1.120845     -1.120841
   2.71894     -1.037709     -1.037705
   2.77418     -0.945887     -0.945883
   2.82943     -0.847539     -0.847534
   2.88468     -0.745605     -0.745600
   2.93992     -0.643882     -0.643877
   2.99517     -0.547147     -0.547141
   3.05041     -0.460914     -0.460908
   3.10566     -0.390071     -0.390065
   3.16091     -0.321681     -0.321675
   3.21615     -0.286615     -0.286603
   3.21615     -0.286615     -0.286603
   3.27141     -0.339287     -0.339278
   3.32666     -0.404023     -0.404012
   3.38191     -0.470659     -0.470648
   3.43716     -0.560270     -0.560259
   3.49241     -0.670576     -0.670566
   3.54766     -0.798903     -0.798894
   3.60291     -0.942522     -0.942513
   3.65816     -1.099056     -1.099047
   3.71341     -1.266067     -1.266059
   3.76866     -1.441184     -1.441176
   3.82392     -1.621617     -1.621610
   3.87917     -1.803820     -1.803813
   3.93442     -1.981997     -1.981991
   3.98967     -2.145156     -2.145150
   4.04492     -2.270847     -2.270842
   4.10017     -2.321025     -2.321020
   4.10017     -1.434413     -1.434407
   4.15536     -1.463762     -1.463756
   4.21055     -1.542068     -1.542061
   4.26575     -1.641157     -1.641150
   4.32094     -1.722873     -1.722865
   4.37613     -1.756451     -1.756443
   4.43132     -1.734473     -1.734465
   4.48652     -1.666713     -1.666703
   4.54171     -1.565430     -1.565421
   4.59690     -1.439963     -1.439953
   4.65209     -1.297221     -1.297211
   4.70728     -1.143033     -1.143023
   4.76248     -0.983175     -0.983164
   4.81767     -0.824042     -0.824029
   4.87286     -0.673139     -0.673125
   4.92805     -0.539146     -0.539131
   4.98325     -0.430694     -0.430679
   5.03844     -0.341557     -0.341541
   5.09363     -0.286615     -0.286603
   5.09363     -0.286615     -0.286603
   5.14882     -0.341553     -0.341547
   5.20401     -0.430690     -0.430685
   5.25921     -0.539143     -0.539137
   5.31440     -0.673136     -0.673131
   5.36959     -0.824040     -0.824035
   5.42478     -0.983173     -0.983169
   5.47998     -1.143032     -1.143029
   5.53517     -1.297220     -1.297217
   5.59036     -1.439963     -1.439960
   5.64555     -1.565430     -1.565427
   5.70074     -1.666714     -1.666711
   5.75594     -1.734475     -1.734471
   5.81113     -1.756453     -1.756447
   5.86632     -1.722874     -1.722865
   5.92151     -1.641158     -1.641146
   5.97671     -1.542067     -1.542052
   6.03190     -1.463761     -1.463745
   6.08709     -1.434412     -1.434395
 
# Band-Index   20
   6.08709     -1.352340     -1.352329
   6.03190     -1.352703     -1.352691
   5.97671     -1.352939     -1.352928
   5.92151     -1.352215     -1.352204
   5.86632     -1.349633     -1.349623
   5.81113     -1.343788     -1.343778
   5.75594     -1.332622     -1.332612
   5.70074     -1.313058     -1.313048
   5.64555     -1.280441     -1.280431
   5.59036     -1.228096     -1.228086
   5.53517     -1.148670     -1.148660
   5.47998     -1.038975     -1.038964
   5.42478     -0.904209     -0.904197
   5.36959     -0.755701     -0.755689
   5.31440     -0.606547     -0.606534
   5.25921     -0.469910     -0.469896
   5.20401     -0.358720     -0.358706
   5.14882     -0.283982     -0.283968
   5.09363     -0.253402     -0.253390
   5.09363     -0.253402     -0.253390
   5.03844     -0.283979     -0.283970
   4.98325     -0.358716     -0.358708
   4.92805     -0.469905     -0.469898
   4.87286     -0.606542     -0.606535
   4.81767     -0.755696     -0.755689
   4.76248     -0.904203     -0.904196
   4.70728     -1.038969     -1.038963
   4.65209     -1.148664     -1.148658
   4.59690     -1.228090     -1.228085
   4.54171     -1.280436     -1.280430
   4.48652     -1.313053     -1.313047
   4.43132     -1.332618     -1.332611
   4.37613     -1.343784     -1.343778
   4.32094     -1.349630     -1.349623
   4.26575     -1.352212     -1.352205
   4.21055     -1.352936     -1.352928
   4.15536     -1.352700     -1.352691
   4.10017     -1.352338     -1.352328
   4.10017     -1.534838     -1.534829
   4.04492     -1.526678     -1.526669
   3.98967     -1.502245     -1.502236
   3.93442     -1.461738     -1.461729
   3.87917     -1.405488     -1.405479
   3.82392     -1.334034     -1.334025
   3.76866     -1.248191     -1.248182
   3.71341     -1.149185     -1.149175
   3.65816     -1.038808     -1.038799
   3.60291     -0.919603     -0.919593
   3.54766     -0.795147     -0.795137
   3.49241     -0.670174     -0.670163
   3.43716     -0.550909     -0.550898
   3.38191     -0.444865     -0.444854
   3.32666     -0.360404     -0.360392
   3.27141     -0.305631     -0.305619
   3.21615     -0.253402     -0.253390
   3.21615     -0.253402     -0.253390
   3.16091     -0.298075     -0.298063
   3.10566     -0.331891     -0.331879
   3.05041     -0.386353     -0.386341
   2.99517     -0.458607     -0.458596
   2.93992     -0.544783     -0.544773
   2.88468     -0.640325     -0.640315
   2.82943     -0.740471     -0.740461
   2.77418     -0.840717     -0.840707
   2.71894     -0.937161     -0.937152
   2.66369     -1.026773     -1.026763
   2.60844     -1.107395     -1.107385
   2.55320     -1.177709     -1.177699
   2.49795     -1.237050     -1.237040
   2.44270     -1.285230     -1.285220
   2.38746     -1.322334     -1.322324
   2.33221     -1.348585     -1.348574
   2.27696     -1.364221     -1.364211
   2.22172     -1.369408     -1.369398
   2.22172     -1.516747     -1.516741
   2.16655     -1.508574     -1.508568
   2.11138     -1.484109     -1.484103
   2.05622     -1.443537     -1.443531
   2.00105     -1.387172     -1.387166
   1.94588     -1.315525     -1.315519
   1.89071     -1.229399     -1.229393
   1.83555     -1.129963     -1.129956
   1.78038     -1.018956     -1.018948
   1.72521     -0.898825     -0.898816
   1.67004     -0.773132     -0.773122
   1.61488     -0.647142     -0.647131
   1.55971     -0.527299     -0.527289
   1.50454     -0.420592     -0.420582
   1.44938     -0.335217     -0.335207
   1.39421     -0.278470     -0.278460
   1.33904     -0.253402     -0.253390
   1.33904     -0.253402     -0.253390
   1.28387     -0.278473     -0.278458
   1.22871     -0.335220     -0.335205
   1.17354     -0.420596     -0.420581
   1.11837     -0.527303     -0.527289
   1.06320     -0.647146     -0.647132
   1.00804     -0.773136     -0.773123
   0.95287     -0.898830     -0.898818
   0.89770     -1.018961     -1.018950
   0.84254     -1.129969     -1.129958
   0.78737     -1.229405     -1.229394
   0.73220     -1.315531     -1.315521
   0.67703     -1.387178     -1.387168
   0.62187     -1.443544     -1.443534
   0.56670     -1.484115     -1.484106
   0.51153     -1.508580     -1.508570
   0.45636     -1.516753     -1.516744
   0.45636     -0.885702     -0.885692
   0.39932     -0.821903     -0.821894
   0.34227     -0.712521     -0.712511
   0.28523     -0.598133     -0.598123
   0.22818     -0.489304     -0.489294
   0.17114     -0.393678     -0.393667
   0.11409     -0.318467     -0.318455
   0.05705     -0.270141     -0.270129
   0.00000     -0.253402     -0.253390
 
# Band-Index   21
   0.00000      2.011318      2.011314
   0.05705      2.042750      2.042745
   0.11409      2.110458      2.110454
   0.17114      2.176351      2.176348
   0.22818      2.227499      2.227497
   0.28523      2.264894      2.265021
   0.34227      2.290920      2.290916
   0.39932      2.306504      2.306500
   0.45636      2.311724      2.311721
   0.45636      1.646619      1.646612
   0.51153      1.658281      1.658274
   0.56670      1.693275      1.693268
   0.62187      1.751581      1.751574
   0.67703      1.833051      1.833044
   0.73220      1.937170      1.937163
   0.78737      2.062644      2.062637
   0.84254      2.206644      2.206636
   0.89770      2.363443      2.363435
   0.95287      2.521190      2.521182
   1.00804      2.654412      2.654405
   1.06320      2.711933      2.711925
   1.11837      2.644935      2.644929
   1.17354      2.475239      2.475485
   1.22871      2.263768      2.263764
   1.28387      2.083805      2.083801
   1.33904      2.011318      2.011314
   1.33904      2.011413      2.011314
   1.39421      2.083804      2.083813
   1.44938      2.263764      2.263762
   1.50454      2.475231      2.475231
   1.55971      2.644924      2.644925
   1.61488      2.711923      2.711922
   1.67004      2.654406      2.654403
   1.72521      2.521185      2.521182
   1.78038      2.363439      2.363435
   1.83555      2.206640      2.206636
   1.89071      2.062641      2.062637
   1.94588      1.937167      1.937163
   2.00105      1.833048      1.833044
   2.05622      1.751578      1.751574
   2.11138      1.693272      1.693268
   2.16655      1.658278      1.658274
   2.22172      1.646616      1.646612
   2.22172      2.066638      2.066633
   2.27696      2.071857      2.071851
   2.33221      2.088513      2.088508
   2.38746      2.119048      2.119042
   2.44270      2.166088      2.166082
   2.49795      2.231204      2.231198
   2.55320      2.314144      2.314160
   2.60844      2.412741      2.412735
   2.66369      2.523128      2.523172
   2.71894      2.639069      2.639100
   2.77418      2.749581      2.749572
   2.82943      2.831727      2.831673
   2.88468      2.845808      2.845804
   2.93992      2.769730      2.769649
   2.99517      2.623293      2.623294
   3.05041      2.435100      2.435098
   3.10566      2.237121      2.237118
   3.16091      2.075942      2.075938
   3.21615      2.011318      2.011314
   3.21615      2.011319      2.011314
   3.27141      2.084440      2.084437
   3.32666      2.265443      2.265441
   3.38191      2.476848      2.476846
   3.43716      2.643381      2.643549
   3.49241      2.702177      2.702174
   3.54766      2.636539      2.636535
   3.60291      2.499298      2.499294
   3.65816      2.339571      2.339567
   3.71341      2.181494      2.181490
   3.76866      2.036495      2.036490
   3.82392      1.910184      1.910179
   3.87917      1.805370      1.805366
   3.93442      1.723342      1.723337
   3.98967      1.664625      1.664620
   4.04492      1.629379      1.629375
   4.10017      1.617633      1.617628
   4.10017      2.076181      2.076174
   4.15536      2.039503      2.039497
   4.21055      1.982042      1.982037
   4.26575      1.945430      1.945425
   4.32094      1.937410      1.937406
   4.37613      1.958094      1.958090
   4.43132      2.006541      2.006537
   4.48652      2.081554      2.081571
   4.54171      2.181201      2.181197
   4.59690      2.301788      2.301785
   4.65209      2.436045      2.436042
   4.70728      2.569479      2.569477
   4.76248      2.673655      2.673653
   4.81767      2.702801      2.702801
   4.87286      2.621027      2.621027
   4.92805      2.446698      2.446697
   4.98325      2.241641      2.241639
   5.03844      2.075893      2.075889
   5.09363      2.011318      2.011314
   5.09363      2.011318      2.011314
   5.14882      2.075894      2.075889
   5.20401      2.241642      2.241638
   5.25921      2.446700      2.446697
   5.31440      2.621028      2.621025
   5.36959      2.702803      2.702798
   5.42478      2.673657      2.673650
   5.47998      2.569482      2.569474
   5.53517      2.436048      2.436040
   5.59036      2.301791      2.301783
   5.64555      2.181203      2.181195
   5.70074      2.081556      2.081548
   5.75594      2.006543      2.006535
   5.81113      1.958096      1.958089
   5.86632      1.937413      1.937405
   5.92151      1.945433      1.945425
   5.97671      1.982046      1.982037
   6.03190      2.039509      2.039499
   6.08709      2.076188      2.076176
 
# Band-Index   22
   6.08709      2.468126      2.468123
   6.03190      2.554606      2.554601
   5.97671      2.752136      2.752131
   5.92151      2.985766      2.985762
   5.86632      3.156412      3.156409
   5.81113      3.230240      3.230237
   5.75594      3.269657      3.269655
   5.70074      3.292282      3.292281
   5.64555      3.303819      3.303818
   5.59036      3.307951      3.307950
   5.53517      3.307474      3.307473
   5.47998      3.305202      3.305157
   5.42478      3.305133      3.305289
   5.36959      3.309771      3.310453
   5.31440      3.301175      3.301169
   5.25921      3.258294      3.258291
   5.20401      3.192500      3.192495
   5.14882      3.133465      3.133460
   5.09363      3.109662      3.109655
   5.09363      3.109677      3.109655
   5.03844      3.133466      3.133459
   4.98325      3.192562      3.192505
   4.92805      3.258301      3.259231
   4.87286      3.301180      3.301175
   4.81767      3.310326      3.309693
   4.76248      3.306266      3.305418
   4.70728      3.305239      3.305135
   4.65209      3.307525      3.307494
   4.59690      3.307974      3.307961
   4.54171      3.303833      3.303830
   4.48652      3.292297      3.292294
   4.43132      3.269693      3.269668
   4.37613      3.230254      3.230288
   4.32094      3.156423      3.156420
   4.26575      2.985769      2.985764
   4.21055      2.752137      2.752132
   4.15536      2.554608      2.554604
   4.10017      2.468130      2.468127
   4.10017      3.567706      3.567788
   4.04492      3.573184      3.573216
   3.98967      3.585903      3.585916
   3.93442      3.596962      3.596990
   3.87917      3.597359      3.597256
   3.82392      3.580987      3.581083
   3.76866      3.545549      3.545540
   3.71341      3.490888      3.490882
   3.65816      3.419738      3.419734
   3.60291      3.338371      3.338368
   3.54766      3.259180      3.259176
   3.49241      3.206828      3.206907
   3.43716      3.196684      3.196680
   3.38191      3.188112      3.188108
   3.32666      3.157201      3.157193
   3.27141      3.123725      3.123719
   3.21615      3.109662      3.111896
   3.21615      3.109785      3.109660
   3.16091      3.133157      3.133207
   3.10566      3.192877      3.192876
   3.05041      3.259241      3.259187
   2.99517      3.293405      3.293131
   2.93992      3.278467      3.278463
   2.88468      3.241636      3.241632
   2.82943      3.216790      3.216490
   2.77418      3.191604      3.192728
   2.71894      3.140226      3.141949
   2.66369      3.056599      3.058250
   2.60844      2.953693      2.953110
   2.55320      2.845829      2.847990
   2.49795      2.741902      2.741824
   2.44270      2.645394      2.645389
   2.38746      2.561357      2.561352
   2.33221      2.495653      2.495649
   2.27696      2.453747      2.453744
   2.22172      2.439340      2.439336
   2.22172      3.554530      3.555045
   2.16655      3.561794      3.561494
   2.11138      3.576427      3.576444
   2.05622      3.591061      3.591086
   2.00105      3.594335      3.594383
   1.94588      3.579483      3.579443
   1.89071      3.543936      3.543936
   1.83555      3.488384      3.488383
   1.78038      3.416408      3.416758
   1.72521      3.335260      3.335448
   1.67004      3.258739      3.258737
   1.61488      3.212795      3.212792
   1.55971      3.206990      3.206985
   1.50454      3.195355      3.195382
   1.44938      3.159955      3.160204
   1.39421      3.124332      3.125198
   1.33904      3.109669      3.109655
   1.33904      3.109661      3.109654
   1.28387      3.124278      3.124276
   1.22871      3.159962      3.159975
   1.17354      3.195353      3.204861
   1.11837      3.207154      3.206982
   1.06320      3.212798      3.212793
   1.00804      3.258750      3.258740
   0.95287      3.335466      3.335264
   0.89770      3.416421      3.416413
   0.84254      3.488396      3.488389
   0.78737      3.543949      3.543973
   0.73220      3.579573      3.579452
   0.67703      3.594297      3.594351
   0.62187      3.591066      3.591051
   0.56670      3.576447      3.576579
   0.51153      3.561554      3.561166
   0.45636      3.554928      3.554726
   0.45636      3.614058      3.614054
   0.39932      3.611608      3.611604
   0.34227      3.604342      3.604327
   0.28523      3.592501      3.591971
   0.22818      3.571779      3.575117
   0.17114      3.522389      3.522090
   0.11409      3.351496      3.351905
   0.05705      3.174274      3.174260
   0.00000      3.109661      3.109669
 
# Band-Index   23
   0.00000      3.602601      3.612421
   0.05705      3.639285      3.610112
   0.11409      3.637240      3.636213
   0.17114      3.791178      3.833189
   0.22818      3.871281      3.870209
   0.28523      3.837424      3.837632
   0.34227      3.805801      3.805795
   0.39932      3.784044      3.784045
   0.45636      3.776328      3.776322
   0.45636      4.194730      4.194767
   0.51153      4.210542      4.210555
   0.56670      4.258755      4.259169
   0.62187      4.343846      4.343691
   0.67703      4.465032      4.462738
   0.73220      4.624773      4.633479
   0.78737      4.725285      4.737327
   0.84254      4.727718      4.735218
   0.89770      4.651070      4.649497
   0.95287      4.530035      4.522433
   1.00804      4.391249      4.436652
   1.06320      4.227545      4.326068
   1.11837      4.034652      4.007835
   1.17354      3.836011      3.947699
   1.22871      3.713475      3.704398
   1.28387      3.660237      3.629601
   1.33904      3.599055      3.606985
   1.33904      3.614279      3.598261
   1.39421      3.632141      3.881281
   1.44938      3.704171      3.714043
   1.50454      3.814699      3.825765
   1.55971      4.019631      4.053442
   1.61488      4.242129      4.224940
   1.67004      4.481303      4.399401
   1.72521      4.525291      4.520519
   1.78038      4.647455      4.630195
   1.83555      4.740268      4.714740
   1.89071      4.735407      4.749556
   1.94588      4.627003      4.596129
   2.00105      4.479129      4.482390
   2.05622      4.344005      4.343787
   2.11138      4.259201      4.259077
   2.16655      4.211261      4.210352
   2.22172      4.194986      4.194883
   2.22172      3.084605      3.085251
   2.27696      3.082673      3.082389
   2.33221      3.083250      3.083278
   2.38746      3.104849      3.104804
   2.44270      3.166434      3.166708
   2.49795      3.282402      3.280808
   2.55320      3.454403      3.450374
   2.60844      3.657395      3.657927
   2.66369      3.860837      3.872350
   2.71894      4.015070      4.074947
   2.77418      4.117456      4.111741
   2.82943      4.156998      4.295366
   2.88468      4.193312      4.137853
   2.93992      3.997758      3.988352
   2.99517      3.850776      3.849234
   3.05041      3.743556      3.741599
   3.10566      3.666582      3.666807
   3.16091      3.620468      3.641517
   3.21615      3.604687      3.607805
   3.21615      3.598728      3.630691
   3.27141      3.630415      3.622747
   3.32666      3.696900      3.688079
   3.38191      3.798766      3.826893
   3.43716      3.993211      4.042201
   3.49241      4.291001      4.221323
   3.54766      4.434556      4.401698
   3.60291      4.519379      4.526829
   3.65816      4.639786      4.637786
   3.71341      4.717215      4.713142
   3.76866      4.752384      4.804453
   3.82392      4.632755      4.649335
   3.87917      4.479543      4.487764
   3.93442      4.349933      4.350267
   3.98967      4.259348      4.258987
   4.04492      4.206532      4.206782
   4.10017      4.190047      4.189754
   4.10017      3.106282      3.107124
   4.15536      3.120131      3.119654
   4.21055      3.158885      3.158913
   4.26575      3.230805      3.230802
   4.32094      3.391539      3.391712
   4.37613      3.639787      3.639279
   4.43132      3.887148      3.884989
   4.48652      4.096599      4.104142
   4.54171      4.257954      4.261499
   4.59690      4.376017      4.358874
   4.65209      4.403407      4.401646
   4.70728      4.331069      4.362727
   4.76248      4.203955      4.202839
   4.81767      4.032446      4.051853
   4.87286      3.891937      3.895851
   4.92805      3.782163      3.784055
   4.98325      3.690193      3.714637
   5.03844      3.625383      3.624114
   5.09363      3.620371      3.603247
   5.09363      3.599452      3.598410
   5.14882      3.627447      3.626438
   5.20401      3.693701      3.704111
   5.25921      3.775743      3.776275
   5.31440      3.894860      3.880469
   5.36959      4.030165      4.033265
   5.42478      4.223460      4.208210
   5.47998      4.335463      4.331833
   5.53517      4.383998      4.390831
   5.59036      4.358940      4.354782
   5.64555      4.258165      4.257615
   5.70074      4.097056      4.096690
   5.75594      3.885436      3.889508
   5.81113      3.639441      3.639830
   5.86632      3.391618      3.391674
   5.92151      3.230798      3.230877
   5.97671      3.158869      3.159354
   6.03190      3.120175      3.120074
   6.08709      3.106332      3.108167
 
# Band-Index   24
   6.08709      4.359808      4.509940
   6.03190      4.359466      4.378246
   5.97671      4.424557      4.423736
   5.92151      4.545531      4.773050
   5.86632      4.795279      4.964516
   5.81113      5.048179      5.006435
   5.75594      5.405443      5.378444
   5.70074      5.382446      5.374939
   5.64555      5.266600      5.280147
   5.59036      5.138298      5.138793
   5.53517      5.013293      5.007762
   5.47998      4.873013      4.878184
   5.42478      4.734247      4.750948
   5.36959      4.565679      4.611733
   5.31440      4.437775      4.365648
   5.25921      4.179560      4.169607
   5.20401      4.011721      4.021165
   5.14882      3.913472      3.914233
   5.09363      3.878710      3.878556
   5.09363      3.881934      3.881747
   5.03844      3.913575      3.917434
   4.98325      4.015755      4.014809
   4.92805      4.172980      4.176894
   4.87286      4.382706      4.388539
   4.81767      4.526681      4.598431
   4.76248      4.733053      4.680352
   4.70728      4.866993      4.860334
   4.65209      5.029539      5.019935
   4.59690      5.139476      5.137166
   4.54171      5.268463      5.270801
   4.48652      5.379039      5.376463
   4.43132      5.286916      5.541862
   4.37613      5.115096      5.111368
   4.32094      4.651846      4.741553
   4.26575      4.566382      4.500899
   4.21055      4.447302      4.416090
   4.15536      4.587300      4.357189
   4.10017      4.443748      4.618094
   4.10017      5.989828      6.224420
   4.04492      5.898806      5.943108
   3.98967      5.649099      5.543130
   3.93442      5.367977      5.549685
   3.87917      5.223939      5.203463
   3.82392      5.054835      5.045322
   3.76866      4.928530      5.076073
   3.71341      4.798079      4.774432
   3.65816      4.675123      4.702136
   3.60291      4.567494      4.612754
   3.54766      4.588597      4.504856
   3.49241      4.420081      4.437146
   3.43716      4.456082      4.408494
   3.38191      4.190009      4.197622
   3.32666      4.004092      4.001041
   3.27141      3.911976      3.932345
   3.21615      3.881709      3.880842
   3.21615      3.882044      3.881221
   3.16091      3.897270      3.906630
   3.10566      3.937051      3.966626
   3.05041      3.998739      4.012175
   2.99517      4.144390      4.091392
   2.93992      4.196972      4.186879
   2.88468      4.410819      4.240004
   2.82943      4.302400      4.746776
   2.77418      4.424021      4.357755
   2.71894      4.639888      4.712780
   2.66369      4.605254      4.508359
   2.60844      4.516572      4.536375
   2.55320      4.565913      4.649379
   2.49795      4.492215      4.481422
   2.44270      4.452839      4.457841
   2.38746      4.436786      4.421239
   2.33221      4.390307      4.458208
   2.27696      4.363487      4.449414
   2.22172      4.342874      4.397059
   2.22172      6.050459      6.013647
   2.16655      5.978276      6.065302
   2.11138      5.867942      5.592232
   2.05622      5.371912      5.372134
   2.00105      5.212706      5.209048
   1.94588      5.051028      5.309582
   1.89071      4.905400      4.918218
   1.83555      4.874584      4.786787
   1.78038      4.703852      4.702137
   1.72521      4.837524      4.671863
   1.67004      4.517446      4.703985
   1.61488      4.432952      4.511453
   1.55971      4.387296      4.399988
   1.50454      4.124319      4.175920
   1.44938      3.995061      3.992827
   1.39421      3.912118      3.955169
   1.33904      3.881353      3.880607
   1.33904      3.882063      3.879516
   1.28387      3.918023      3.921448
   1.22871      4.008886      3.997544
   1.17354      4.148230      4.165547
   1.11837      4.284966      4.350620
   1.06320      4.505839      4.490942
   1.00804      4.484737      4.556988
   0.95287      4.754685      4.564720
   0.89770      4.711145      5.058629
   0.84254      4.817038      4.880391
   0.78737      4.906025      4.932212
   0.73220      5.079596      5.084086
   0.67703      5.247975      5.208967
   0.62187      5.379695      5.372997
   0.56670      5.623664      5.613412
   0.51153      5.852840      5.866127
   0.45636      6.065512      6.152495
   0.45636      3.778009      3.778002
   0.39932      3.785654      3.785642
   0.34227      3.807302      3.807298
   0.28523      3.839313      3.843583
   0.22818      3.894829      3.881769
   0.17114      3.892894      3.892702
   0.11409      3.896028      3.897858
   0.05705      3.884807      3.886014
   0.00000      3.882091      3.879563
