#K-Path(1/A)         Spin-Up(eV)   Spin-down(eV)
# NKPTS & NBANDS: 115  32
# Band-Index    1
   0.00000    -36.152896    -36.152895
   0.05567    -36.152604    -36.152602
   0.11134    -36.151744    -36.151742
   0.16701    -36.150352    -36.150350
   0.22268    -36.148487    -36.148485
   0.27835    -36.146231    -36.146229
   0.33402    -36.143684    -36.143682
   0.38969    -36.140953    -36.140951
   0.44536    -36.138159    -36.138157
   0.50103    -36.135422    -36.135420
   0.55670    -36.132865    -36.132863
   0.61237    -36.130599    -36.130597
   0.66804    -36.128723    -36.128721
   0.72371    -36.127320    -36.127318
   0.77938    -36.126453    -36.126451
   0.83505    -36.126161    -36.126159
   0.83505    -36.126160    -36.126158
   0.89072    -36.126452    -36.126451
   0.94639    -36.127319    -36.127317
   1.00206    -36.128722    -36.128720
   1.05773    -36.130598    -36.130596
   1.11340    -36.132864    -36.132863
   1.16907    -36.135422    -36.135420
   1.22474    -36.138158    -36.138157
   1.28041    -36.140953    -36.140951
   1.33608    -36.143684    -36.143682
   1.39175    -36.146231    -36.146229
   1.44741    -36.148487    -36.148485
   1.50308    -36.150352    -36.150350
   1.55875    -36.151744    -36.151742
   1.61442    -36.152604    -36.152602
   1.67009    -36.152896    -36.152895
   1.67009    -36.152896    -36.152895
   1.72864    -36.152893    -36.152891
   1.78719    -36.152894    -36.152892
   1.84574    -36.152893    -36.152891
   1.90428    -36.152890    -36.152888
   1.90428    -36.100167    -36.100165
   1.95744    -36.100433    -36.100431
   2.01060    -36.101224    -36.101222
   2.06375    -36.102524    -36.102522
   2.11691    -36.104313    -36.104311
   2.17007    -36.106548    -36.106546
   2.22323    -36.109187    -36.109185
   2.27638    -36.112181    -36.112179
   2.32954    -36.115466    -36.115464
   2.38270    -36.118975    -36.118973
   2.43586    -36.122644    -36.122642
   2.48901    -36.126395    -36.126393
   2.54217    -36.130150    -36.130148
   2.59533    -36.133833    -36.133831
   2.64849    -36.137369    -36.137368
   2.70164    -36.140688    -36.140686
   2.75480    -36.143716    -36.143714
   2.80796    -36.146394    -36.146392
   2.86112    -36.148666    -36.148664
   2.91427    -36.150486    -36.150484
   2.96743    -36.151814    -36.151813
   3.02059    -36.152623    -36.152621
   3.07375    -36.152896    -36.152895
   3.07375    -36.152896    -36.152895
   3.12942    -36.152603    -36.152601
   3.18510    -36.151742    -36.151740
   3.24077    -36.150350    -36.150348
   3.29645    -36.148485    -36.148483
   3.35212    -36.146228    -36.146227
   3.40780    -36.143681    -36.143679
   3.46347    -36.140949    -36.140947
   3.51914    -36.138155    -36.138153
   3.57482    -36.135418    -36.135416
   3.63049    -36.132860    -36.132858
   3.68617    -36.130593    -36.130592
   3.74184    -36.128717    -36.128715
   3.79752    -36.127313    -36.127311
   3.85319    -36.126446    -36.126444
   3.90887    -36.126153    -36.126151
   3.90887    -36.126153    -36.126152
   3.96454    -36.126447    -36.126445
   4.02022    -36.127314    -36.127312
   4.07589    -36.128718    -36.128716
   4.13157    -36.130594    -36.130592
   4.18724    -36.132861    -36.132859
   4.24292    -36.135418    -36.135416
   4.29859    -36.138155    -36.138153
   4.35426    -36.140950    -36.140948
   4.40994    -36.143681    -36.143679
   4.46561    -36.146229    -36.146227
   4.52129    -36.148485    -36.148483
   4.57696    -36.150350    -36.150348
   4.63264    -36.151742    -36.151740
   4.68831    -36.152603    -36.152601
   4.74399    -36.152896    -36.152895
   4.74399    -36.152896    -36.152895
   4.79713    -36.152624    -36.152622
   4.85028    -36.151815    -36.151813
   4.90342    -36.150487    -36.150485
   4.95656    -36.148668    -36.148666
   5.00971    -36.146397    -36.146395
   5.06285    -36.143719    -36.143717
   5.11600    -36.140691    -36.140689
   5.16914    -36.137371    -36.137369
   5.22229    -36.133837    -36.133835
   5.27543    -36.130154    -36.130152
   5.32857    -36.126399    -36.126397
   5.38172    -36.122648    -36.122646
   5.43486    -36.118980    -36.118978
   5.48801    -36.115471    -36.115469
   5.54115    -36.112185    -36.112183
   5.59430    -36.109192    -36.109190
   5.64744    -36.106552    -36.106550
   5.70058    -36.104317    -36.104315
   5.75373    -36.102530    -36.102528
   5.80687    -36.101231    -36.101229
   5.86002    -36.100439    -36.100437
   5.91316    -36.100174    -36.100172
 
# Band-Index    2
   5.91316    -36.100168    -36.100166
   5.86002    -36.100433    -36.100432
   5.80687    -36.101223    -36.101222
   5.75373    -36.102524    -36.102522
   5.70058    -36.104311    -36.104309
   5.64744    -36.106545    -36.106544
   5.59430    -36.109185    -36.109184
   5.54115    -36.112179    -36.112177
   5.48801    -36.115465    -36.115463
   5.43486    -36.118973    -36.118971
   5.38172    -36.122641    -36.122639
   5.32857    -36.126391    -36.126389
   5.27543    -36.130147    -36.130145
   5.22229    -36.133829    -36.133827
   5.16914    -36.137360    -36.137358
   5.11600    -36.140676    -36.140674
   5.06285    -36.143705    -36.143704
   5.00971    -36.146382    -36.146381
   4.95656    -36.148652    -36.148651
   4.90342    -36.150470    -36.150468
   4.85028    -36.151796    -36.151795
   4.79713    -36.152604    -36.152602
   4.74399    -36.152876    -36.152875
   4.74399    -36.152876    -36.152875
   4.68831    -36.152584    -36.152582
   4.63264    -36.151725    -36.151723
   4.57696    -36.150334    -36.150332
   4.52129    -36.148468    -36.148466
   4.46561    -36.146215    -36.146213
   4.40994    -36.143668    -36.143666
   4.35426    -36.140937    -36.140935
   4.29859    -36.138143    -36.138141
   4.24292    -36.135407    -36.135405
   4.18724    -36.132850    -36.132849
   4.13157    -36.130585    -36.130584
   4.07589    -36.128707    -36.128705
   4.02022    -36.127305    -36.127303
   3.96454    -36.126439    -36.126437
   3.90887    -36.126145    -36.126143
   3.90887    -36.126144    -36.126142
   3.85319    -36.126438    -36.126436
   3.79752    -36.127304    -36.127302
   3.74184    -36.128706    -36.128705
   3.68617    -36.130585    -36.130583
   3.63049    -36.132850    -36.132848
   3.57482    -36.135406    -36.135404
   3.51914    -36.138143    -36.138141
   3.46347    -36.140936    -36.140935
   3.40780    -36.143667    -36.143666
   3.35212    -36.146214    -36.146213
   3.29645    -36.148468    -36.148466
   3.24077    -36.150334    -36.150332
   3.18510    -36.151725    -36.151723
   3.12942    -36.152584    -36.152582
   3.07375    -36.152876    -36.152875
   3.07375    -36.152876    -36.152875
   3.02059    -36.152603    -36.152602
   2.96743    -36.151795    -36.151794
   2.91427    -36.150469    -36.150467
   2.86112    -36.148650    -36.148649
   2.80796    -36.146380    -36.146378
   2.75480    -36.143703    -36.143701
   2.70164    -36.140673    -36.140671
   2.64849    -36.137359    -36.137357
   2.59533    -36.133826    -36.133824
   2.54217    -36.130143    -36.130141
   2.48901    -36.126387    -36.126385
   2.43586    -36.122636    -36.122635
   2.38270    -36.118969    -36.118967
   2.32954    -36.115460    -36.115458
   2.27638    -36.112174    -36.112173
   2.22323    -36.109181    -36.109179
   2.17007    -36.106542    -36.106540
   2.11691    -36.104306    -36.104305
   2.06375    -36.102518    -36.102516
   2.01060    -36.101217    -36.101215
   1.95744    -36.100427    -36.100425
   1.90428    -36.100161    -36.100159
   1.90428    -36.152884    -36.152882
   1.84574    -36.152884    -36.152883
   1.78719    -36.152880    -36.152879
   1.72864    -36.152876    -36.152875
   1.67009    -36.152876    -36.152875
   1.67009    -36.152876    -36.152875
   1.61442    -36.152584    -36.152583
   1.55875    -36.151726    -36.151724
   1.50308    -36.150336    -36.150334
   1.44741    -36.148470    -36.148468
   1.39175    -36.146217    -36.146215
   1.33608    -36.143670    -36.143669
   1.28041    -36.140939    -36.140938
   1.22474    -36.138146    -36.138144
   1.16907    -36.135409    -36.135408
   1.11340    -36.132854    -36.132852
   1.05773    -36.130589    -36.130587
   1.00206    -36.128711    -36.128709
   0.94639    -36.127309    -36.127307
   0.89072    -36.126444    -36.126442
   0.83505    -36.126150    -36.126149
   0.83505    -36.126151    -36.126150
   0.77938    -36.126445    -36.126443
   0.72371    -36.127310    -36.127308
   0.66804    -36.128712    -36.128710
   0.61237    -36.130590    -36.130588
   0.55670    -36.132854    -36.132852
   0.50103    -36.135410    -36.135408
   0.44536    -36.138146    -36.138144
   0.38969    -36.140940    -36.140938
   0.33402    -36.143670    -36.143669
   0.27835    -36.146217    -36.146215
   0.22268    -36.148470    -36.148469
   0.16701    -36.150336    -36.150334
   0.11134    -36.151726    -36.151724
   0.05567    -36.152584    -36.152583
   0.00000    -36.152876    -36.152875
 
# Band-Index    3
   0.00000    -17.213806    -17.213805
   0.05567    -17.212696    -17.212695
   0.11134    -17.209450    -17.209449
   0.16701    -17.204327    -17.204326
   0.22268    -17.197824    -17.197823
   0.27835    -17.190815    -17.190813
   0.33402    -17.184946    -17.184945
   0.38969    -17.183727    -17.183726
   0.44536    -17.193681    -17.193680
   0.50103    -17.218538    -17.218537
   0.55670    -17.251483    -17.251483
   0.61237    -17.284440    -17.284440
   0.66804    -17.312922    -17.312922
   0.72371    -17.334575    -17.334575
   0.77938    -17.348047    -17.348047
   0.83505    -17.352612    -17.352613
   0.83505    -17.352617    -17.352617
   0.89072    -17.348052    -17.348051
   0.94639    -17.334579    -17.334579
   1.00206    -17.312926    -17.312925
   1.05773    -17.284444    -17.284444
   1.11340    -17.251486    -17.251485
   1.16907    -17.218540    -17.218539
   1.22474    -17.193682    -17.193681
   1.28041    -17.183727    -17.183726
   1.33608    -17.184946    -17.184945
   1.39175    -17.190814    -17.190813
   1.44741    -17.197823    -17.197822
   1.50308    -17.204327    -17.204326
   1.55875    -17.209450    -17.209449
   1.61442    -17.212696    -17.212695
   1.67009    -17.213806    -17.213805
   1.67009    -17.213806    -17.213805
   1.72864    -17.213746    -17.213745
   1.78719    -17.213545    -17.213544
   1.84574    -17.213250    -17.213248
   1.90428    -17.212919    -17.212918
   1.90428    -17.296614    -17.296614
   1.95744    -17.294858    -17.294859
   2.01060    -17.289595    -17.289596
   2.06375    -17.280963    -17.280963
   2.11691    -17.269218    -17.269218
   2.17007    -17.254743    -17.254743
   2.22323    -17.238069    -17.238069
   2.27638    -17.219926    -17.219926
   2.32954    -17.201323    -17.201322
   2.38270    -17.183673    -17.183673
   2.43586    -17.168863    -17.168862
   2.48901    -17.158940    -17.158940
   2.54217    -17.155205    -17.155204
   2.59533    -17.157254    -17.157253
   2.64849    -17.163410    -17.163409
   2.70164    -17.171811    -17.171810
   2.75480    -17.181007    -17.181006
   2.80796    -17.189982    -17.189981
   2.86112    -17.198048    -17.198047
   2.91427    -17.204728    -17.204727
   2.96743    -17.209707    -17.209706
   3.02059    -17.212773    -17.212772
   3.07375    -17.213806    -17.213805
   3.07375    -17.213806    -17.213805
   3.12942    -17.212695    -17.212694
   3.18510    -17.209447    -17.209445
   3.24077    -17.204321    -17.204320
   3.29645    -17.197814    -17.197813
   3.35212    -17.190802    -17.190801
   3.40780    -17.184929    -17.184928
   3.46347    -17.183707    -17.183706
   3.51914    -17.193661    -17.193660
   3.57482    -17.218519    -17.218518
   3.63049    -17.251463    -17.251463
   3.68617    -17.284421    -17.284420
   3.74184    -17.312902    -17.312902
   3.79752    -17.334558    -17.334557
   3.85319    -17.348038    -17.348038
   3.90887    -17.352607    -17.352606
   3.90887    -17.352602    -17.352602
   3.96454    -17.348033    -17.348033
   4.02022    -17.334553    -17.334553
   4.07589    -17.312898    -17.312898
   4.13157    -17.284417    -17.284417
   4.18724    -17.251460    -17.251460
   4.24292    -17.218517    -17.218516
   4.29859    -17.193660    -17.193660
   4.35426    -17.183707    -17.183707
   4.40994    -17.184930    -17.184929
   4.46561    -17.190802    -17.190801
   4.52129    -17.197814    -17.197813
   4.57696    -17.204321    -17.204320
   4.63264    -17.209447    -17.209445
   4.68831    -17.212695    -17.212694
   4.74399    -17.213806    -17.213805
   4.74399    -17.213806    -17.213805
   4.79713    -17.212773    -17.212772
   4.85028    -17.209710    -17.209708
   4.90342    -17.204733    -17.204731
   4.95656    -17.198056    -17.198055
   5.00971    -17.189993    -17.189992
   5.06285    -17.181021    -17.181020
   5.11600    -17.171829    -17.171828
   5.16914    -17.163445    -17.163444
   5.22229    -17.157285    -17.157284
   5.27543    -17.155241    -17.155240
   5.32857    -17.158983    -17.158982
   5.38172    -17.168908    -17.168907
   5.43486    -17.183716    -17.183715
   5.48801    -17.201359    -17.201358
   5.54115    -17.219955    -17.219954
   5.59430    -17.238089    -17.238088
   5.64744    -17.254761    -17.254760
   5.70058    -17.269225    -17.269224
   5.75373    -17.280961    -17.280960
   5.80687    -17.289589    -17.289588
   5.86002    -17.294867    -17.294868
   5.91316    -17.296647    -17.296647
 
# Band-Index    4
   5.91316    -17.296628    -17.296628
   5.86002    -17.294851    -17.294850
   5.80687    -17.289543    -17.289543
   5.75373    -17.280795    -17.280794
   5.70058    -17.269006    -17.269005
   5.64744    -17.254469    -17.254469
   5.59430    -17.237706    -17.237705
   5.54115    -17.219454    -17.219453
   5.48801    -17.200710    -17.200709
   5.43486    -17.182877    -17.182876
   5.38172    -17.167822    -17.167821
   5.32857    -17.157621    -17.157620
   5.27543    -17.153631    -17.153630
   5.22229    -17.155514    -17.155512
   5.16914    -17.161599    -17.161598
   5.11600    -17.169963    -17.169962
   5.06285    -17.179164    -17.179163
   5.00971    -17.188162    -17.188161
   4.95656    -17.196256    -17.196255
   4.90342    -17.202966    -17.202965
   4.85028    -17.207967    -17.207966
   4.79713    -17.211048    -17.211047
   4.74399    -17.212085    -17.212084
   4.74399    -17.212085    -17.212084
   4.68831    -17.210973    -17.210972
   4.63264    -17.207713    -17.207712
   4.57696    -17.202577    -17.202576
   4.52129    -17.196062    -17.196060
   4.46561    -17.189054    -17.189053
   4.40994    -17.183242    -17.183241
   4.35426    -17.182212    -17.182212
   4.29859    -17.192611    -17.192610
   4.24292    -17.217960    -17.217960
   4.18724    -17.251191    -17.251191
   4.13157    -17.284283    -17.284283
   4.07589    -17.312828    -17.312828
   4.02022    -17.334512    -17.334512
   3.96454    -17.347996    -17.347995
   3.90887    -17.352564    -17.352564
   3.90887    -17.352569    -17.352568
   3.85319    -17.348001    -17.348000
   3.79752    -17.334517    -17.334516
   3.74184    -17.312833    -17.312832
   3.68617    -17.284287    -17.284286
   3.63049    -17.251194    -17.251194
   3.57482    -17.217962    -17.217961
   3.51914    -17.192612    -17.192611
   3.46347    -17.182212    -17.182211
   3.40780    -17.183241    -17.183240
   3.35212    -17.189054    -17.189052
   3.29645    -17.196061    -17.196060
   3.24077    -17.202577    -17.202576
   3.18510    -17.207713    -17.207712
   3.12942    -17.210973    -17.210972
   3.07375    -17.212085    -17.212084
   3.07375    -17.212085    -17.212084
   3.02059    -17.211046    -17.211045
   2.96743    -17.207965    -17.207964
   2.91427    -17.202960    -17.202959
   2.86112    -17.196248    -17.196247
   2.80796    -17.188150    -17.188149
   2.75480    -17.179147    -17.179146
   2.70164    -17.169939    -17.169938
   2.64849    -17.161555    -17.161554
   2.59533    -17.155470    -17.155469
   2.54217    -17.153577    -17.153577
   2.48901    -17.157559    -17.157558
   2.43586    -17.167757    -17.167757
   2.38270    -17.182818    -17.182817
   2.32954    -17.200660    -17.200660
   2.27638    -17.219415    -17.219415
   2.22323    -17.237679    -17.237679
   2.17007    -17.254447    -17.254447
   2.11691    -17.268996    -17.268997
   2.06375    -17.280796    -17.280796
   2.01060    -17.289487    -17.289486
   1.95744    -17.294806    -17.294805
   1.90428    -17.296609    -17.296609
   1.90428    -17.212915    -17.212914
   1.84574    -17.212591    -17.212589
   1.78719    -17.212324    -17.212323
   1.72864    -17.212148    -17.212147
   1.67009    -17.212085    -17.212084
   1.67009    -17.212085    -17.212084
   1.61442    -17.210974    -17.210973
   1.55875    -17.207716    -17.207715
   1.50308    -17.202582    -17.202581
   1.44741    -17.196069    -17.196068
   1.39175    -17.189065    -17.189063
   1.33608    -17.183256    -17.183255
   1.28041    -17.182230    -17.182229
   1.22474    -17.192631    -17.192630
   1.16907    -17.217980    -17.217980
   1.11340    -17.251212    -17.251212
   1.05773    -17.284306    -17.284306
   1.00206    -17.312854    -17.312853
   0.94639    -17.334543    -17.334542
   0.89072    -17.348037    -17.348037
   0.83505    -17.352610    -17.352609
   0.83505    -17.352605    -17.352605
   0.77938    -17.348032    -17.348032
   0.72371    -17.334538    -17.334538
   0.66804    -17.312850    -17.312850
   0.61237    -17.284302    -17.284302
   0.55670    -17.251209    -17.251209
   0.50103    -17.217978    -17.217978
   0.44536    -17.192630    -17.192629
   0.38969    -17.182230    -17.182230
   0.33402    -17.183256    -17.183255
   0.27835    -17.189065    -17.189064
   0.22268    -17.196069    -17.196068
   0.16701    -17.202582    -17.202581
   0.11134    -17.207716    -17.207715
   0.05567    -17.210974    -17.210973
   0.00000    -17.212085    -17.212084
 
# Band-Index    5
   0.00000    -16.856821    -16.856820
   0.05567    -16.862144    -16.862144
   0.11134    -16.878129    -16.878129
   0.16701    -16.903646    -16.903646
   0.22268    -16.937036    -16.937036
   0.27835    -16.975945    -16.975945
   0.33402    -17.017028    -17.017028
   0.38969    -17.055097    -17.055096
   0.44536    -17.081927    -17.081927
   0.50103    -17.092206    -17.092205
   0.55670    -17.091342    -17.091341
   0.61237    -17.086240    -17.086240
   0.66804    -17.080390    -17.080389
   0.72371    -17.075428    -17.075427
   0.77938    -17.072180    -17.072179
   0.83505    -17.071054    -17.071053
   0.83505    -17.071052    -17.071051
   0.89072    -17.072178    -17.072177
   0.94639    -17.075426    -17.075425
   1.00206    -17.080388    -17.080387
   1.05773    -17.086239    -17.086238
   1.11340    -17.091341    -17.091340
   1.16907    -17.092206    -17.092205
   1.22474    -17.081927    -17.081926
   1.28041    -17.055097    -17.055096
   1.33608    -17.017028    -17.017028
   1.39175    -16.975945    -16.975945
   1.44741    -16.937035    -16.937035
   1.50308    -16.903645    -16.903644
   1.55875    -16.878127    -16.878126
   1.61442    -16.862142    -16.862141
   1.67009    -16.856821    -16.856820
   1.67009    -16.856821    -16.856820
   1.72864    -16.856817    -16.856816
   1.78719    -16.856808    -16.856807
   1.84574    -16.856793    -16.856793
   1.90428    -16.856786    -16.856786
   1.90428    -17.296573    -17.296572
   1.95744    -17.294799    -17.294799
   2.01060    -17.289481    -17.289481
   2.06375    -17.280637    -17.280636
   2.11691    -17.268345    -17.268344
   2.17007    -17.252703    -17.252702
   2.22323    -17.233859    -17.233858
   2.27638    -17.212025    -17.212025
   2.32954    -17.187451    -17.187450
   2.38270    -17.160456    -17.160455
   2.43586    -17.131468    -17.131467
   2.48901    -17.100944    -17.100943
   2.54217    -17.069447    -17.069446
   2.59533    -17.037622    -17.037622
   2.64849    -17.006168    -17.006167
   2.70164    -16.975825    -16.975824
   2.75480    -16.947392    -16.947391
   2.80796    -16.921657    -16.921656
   2.86112    -16.899371    -16.899370
   2.91427    -16.881227    -16.881226
   2.96743    -16.867824    -16.867823
   3.02059    -16.859600    -16.859599
   3.07375    -16.856821    -16.856820
   3.07375    -16.856821    -16.856820
   3.12942    -16.862141    -16.862141
   3.18510    -16.878124    -16.878123
   3.24077    -16.903642    -16.903642
   3.29645    -16.937033    -16.937032
   3.35212    -16.975944    -16.975944
   3.40780    -17.017024    -17.017023
   3.46347    -17.055081    -17.055081
   3.51914    -17.081904    -17.081903
   3.57482    -17.092175    -17.092174
   3.63049    -17.091305    -17.091304
   3.68617    -17.086199    -17.086198
   3.74184    -17.080345    -17.080344
   3.79752    -17.075381    -17.075380
   3.85319    -17.072131    -17.072129
   3.90887    -17.071003    -17.071002
   3.90887    -17.071005    -17.071004
   3.96454    -17.072132    -17.072131
   4.02022    -17.075383    -17.075382
   4.07589    -17.080347    -17.080346
   4.13157    -17.086201    -17.086200
   4.18724    -17.091306    -17.091305
   4.24292    -17.092175    -17.092174
   4.29859    -17.081903    -17.081903
   4.35426    -17.055081    -17.055081
   4.40994    -17.017024    -17.017023
   4.46561    -16.975945    -16.975945
   4.52129    -16.937034    -16.937034
   4.57696    -16.903644    -16.903644
   4.63264    -16.878126    -16.878126
   4.68831    -16.862143    -16.862143
   4.74399    -16.856821    -16.856820
   4.74399    -16.856821    -16.856820
   4.79713    -16.859358    -16.859358
   4.85028    -16.867585    -16.867585
   4.90342    -16.880999    -16.880999
   4.95656    -16.899150    -16.899150
   5.00971    -16.921446    -16.921446
   5.06285    -16.947194    -16.947194
   5.11600    -16.975640    -16.975640
   5.16914    -17.006026    -17.006026
   5.22229    -17.037474    -17.037475
   5.27543    -17.069317    -17.069317
   5.32857    -17.100835    -17.100836
   5.38172    -17.131383    -17.131383
   5.43486    -17.160393    -17.160393
   5.48801    -17.187411    -17.187411
   5.54115    -17.212007    -17.212008
   5.59430    -17.233860    -17.233861
   5.64744    -17.252736    -17.252736
   5.70058    -17.268387    -17.268387
   5.75373    -17.280686    -17.280686
   5.80687    -17.289476    -17.289475
   5.86002    -17.294827    -17.294827
   5.91316    -17.296610    -17.296609
 
# Band-Index    6
   5.91316    -17.296593    -17.296592
   5.86002    -17.294792    -17.294791
   5.80687    -17.289460    -17.289460
   5.75373    -17.280567    -17.280567
   5.70058    -17.268230    -17.268230
   5.64744    -17.252542    -17.252543
   5.59430    -17.233651    -17.233651
   5.54115    -17.211783    -17.211783
   5.48801    -17.187165    -17.187166
   5.43486    -17.160150    -17.160150
   5.38172    -17.131139    -17.131139
   5.32857    -17.100608    -17.100608
   5.27543    -17.069108    -17.069109
   5.22229    -17.037283    -17.037283
   5.16914    -17.005858    -17.005858
   5.11600    -16.975510    -16.975510
   5.06285    -16.947086    -16.947086
   5.00971    -16.921376    -16.921376
   4.95656    -16.899113    -16.899113
   4.90342    -16.880980    -16.880980
   4.85028    -16.867567    -16.867568
   4.79713    -16.859329    -16.859329
   4.74399    -16.856792    -16.856791
   4.74399    -16.856792    -16.856791
   4.68831    -16.862118    -16.862117
   4.63264    -16.878110    -16.878110
   4.57696    -16.903633    -16.903633
   4.52129    -16.936999    -16.936999
   4.46561    -16.975897    -16.975897
   4.40994    -17.016977    -17.016976
   4.35426    -17.054877    -17.054877
   4.29859    -17.081283    -17.081282
   4.24292    -17.091086    -17.091086
   4.18724    -17.089965    -17.089964
   4.13157    -17.084755    -17.084754
   4.07589    -17.078874    -17.078873
   4.02022    -17.073906    -17.073905
   3.96454    -17.070659    -17.070658
   3.90887    -17.069533    -17.069532
   3.90887    -17.069532    -17.069530
   3.85319    -17.070657    -17.070656
   3.79752    -17.073905    -17.073903
   3.74184    -17.078872    -17.078871
   3.68617    -17.084754    -17.084752
   3.63049    -17.089964    -17.089963
   3.57482    -17.091086    -17.091085
   3.51914    -17.081283    -17.081282
   3.46347    -17.054877    -17.054877
   3.40780    -17.016977    -17.016976
   3.35212    -16.975897    -16.975896
   3.29645    -16.936998    -16.936997
   3.24077    -16.903632    -16.903631
   3.18510    -16.878108    -16.878107
   3.12942    -16.862116    -16.862115
   3.07375    -16.856792    -16.856791
   3.07375    -16.856792    -16.856791
   3.02059    -16.859568    -16.859567
   2.96743    -16.867805    -16.867804
   2.91427    -16.881217    -16.881216
   2.86112    -16.899342    -16.899341
   2.80796    -16.921595    -16.921594
   2.75480    -16.947293    -16.947292
   2.70164    -16.975704    -16.975703
   2.64849    -17.006010    -17.006009
   2.59533    -17.037440    -17.037439
   2.54217    -17.069247    -17.069246
   2.48901    -17.100724    -17.100723
   2.43586    -17.131232    -17.131231
   2.38270    -17.160220    -17.160219
   2.32954    -17.187211    -17.187210
   2.27638    -17.211806    -17.211805
   2.22323    -17.233654    -17.233653
   2.17007    -17.252513    -17.252512
   2.11691    -17.268191    -17.268190
   2.06375    -17.280520    -17.280519
   2.01060    -17.289403    -17.289402
   1.95744    -17.294766    -17.294765
   1.90428    -17.296568    -17.296567
   1.90428    -16.856781    -16.856780
   1.84574    -16.856781    -16.856780
   1.78719    -16.856786    -16.856785
   1.72864    -16.856789    -16.856788
   1.67009    -16.856792    -16.856791
   1.67009    -16.856792    -16.856791
   1.61442    -16.862116    -16.862115
   1.55875    -16.878110    -16.878109
   1.50308    -16.903637    -16.903636
   1.44741    -16.937007    -16.937007
   1.39175    -16.975911    -16.975911
   1.33608    -17.016992    -17.016992
   1.28041    -17.054889    -17.054889
   1.22474    -17.081297    -17.081296
   1.16907    -17.091105    -17.091104
   1.11340    -17.089989    -17.089988
   1.05773    -17.084783    -17.084782
   1.00206    -17.078905    -17.078904
   0.94639    -17.073941    -17.073940
   0.89072    -17.070696    -17.070695
   0.83505    -17.069572    -17.069571
   0.83505    -17.069574    -17.069573
   0.77938    -17.070698    -17.070697
   0.72371    -17.073943    -17.073942
   0.66804    -17.078907    -17.078906
   0.61237    -17.084785    -17.084784
   0.55670    -17.089990    -17.089989
   0.50103    -17.091106    -17.091105
   0.44536    -17.081297    -17.081296
   0.38969    -17.054889    -17.054889
   0.33402    -17.016992    -17.016992
   0.27835    -16.975912    -16.975912
   0.22268    -16.937008    -16.937008
   0.16701    -16.903639    -16.903638
   0.11134    -16.878111    -16.878111
   0.05567    -16.862118    -16.862118
   0.00000    -16.856792    -16.856791
 
# Band-Index    7
   0.00000    -16.856581    -16.856581
   0.05567    -16.856310    -16.856309
   0.11134    -16.855163    -16.855163
   0.16701    -16.853296    -16.853296
   0.22268    -16.850795    -16.850795
   0.27835    -16.847774    -16.847774
   0.33402    -16.844358    -16.844358
   0.38969    -16.840691    -16.840691
   0.44536    -16.836941    -16.836941
   0.50103    -16.833269    -16.833268
   0.55670    -16.829833    -16.829833
   0.61237    -16.826792    -16.826791
   0.66804    -16.824273    -16.824273
   0.72371    -16.822390    -16.822389
   0.77938    -16.821223    -16.821222
   0.83505    -16.820827    -16.820827
   0.83505    -16.820829    -16.820829
   0.89072    -16.821224    -16.821224
   0.94639    -16.822391    -16.822391
   1.00206    -16.824275    -16.824275
   1.05773    -16.826793    -16.826793
   1.11340    -16.829835    -16.829835
   1.16907    -16.833270    -16.833270
   1.22474    -16.836943    -16.836943
   1.28041    -16.840693    -16.840693
   1.33608    -16.844360    -16.844360
   1.39175    -16.847776    -16.847776
   1.44741    -16.850797    -16.850797
   1.50308    -16.853298    -16.853298
   1.55875    -16.855165    -16.855165
   1.61442    -16.856312    -16.856312
   1.67009    -16.856581    -16.856581
   1.67009    -16.856581    -16.856581
   1.72864    -16.856576    -16.856577
   1.78719    -16.856568    -16.856569
   1.84574    -16.856554    -16.856554
   1.90428    -16.856548    -16.856548
   1.90428    -16.918805    -16.918804
   1.95744    -16.920103    -16.920101
   2.01060    -16.923745    -16.923744
   2.06375    -16.929587    -16.929586
   2.11691    -16.937378    -16.937377
   2.17007    -16.946760    -16.946759
   2.22323    -16.957252    -16.957251
   2.27638    -16.968188    -16.968187
   2.32954    -16.978635    -16.978634
   2.38270    -16.987292    -16.987291
   2.43586    -16.992425    -16.992424
   2.48901    -16.992142    -16.992141
   2.54217    -16.985357    -16.985357
   2.59533    -16.972686    -16.972686
   2.64849    -16.956051    -16.956051
   2.70164    -16.937572    -16.937572
   2.75480    -16.918980    -16.918980
   2.80796    -16.901542    -16.901543
   2.86112    -16.886183    -16.886183
   2.91427    -16.873580    -16.873581
   2.96743    -16.864241    -16.864241
   3.02059    -16.858508    -16.858508
   3.07375    -16.856581    -16.856581
   3.07375    -16.856581    -16.856581
   3.12942    -16.856311    -16.856311
   3.18510    -16.855162    -16.855162
   3.24077    -16.853292    -16.853292
   3.29645    -16.850788    -16.850788
   3.35212    -16.847763    -16.847763
   3.40780    -16.844344    -16.844344
   3.46347    -16.840673    -16.840673
   3.51914    -16.836918    -16.836918
   3.57482    -16.833241    -16.833241
   3.63049    -16.829801    -16.829801
   3.68617    -16.826757    -16.826757
   3.74184    -16.824237    -16.824237
   3.79752    -16.822352    -16.822352
   3.85319    -16.821184    -16.821185
   3.90887    -16.820787    -16.820787
   3.90887    -16.820786    -16.820785
   3.96454    -16.821183    -16.821183
   4.02022    -16.822351    -16.822350
   4.07589    -16.824236    -16.824235
   4.13157    -16.826755    -16.826755
   4.18724    -16.829800    -16.829799
   4.24292    -16.833239    -16.833239
   4.29859    -16.836916    -16.836916
   4.35426    -16.840671    -16.840671
   4.40994    -16.844342    -16.844341
   4.46561    -16.847761    -16.847761
   4.52129    -16.850786    -16.850785
   4.57696    -16.853290    -16.853289
   4.63264    -16.855160    -16.855159
   4.68831    -16.856309    -16.856308
   4.74399    -16.856581    -16.856581
   4.74399    -16.856581    -16.856581
   4.79713    -16.858751    -16.858750
   4.85028    -16.864481    -16.864481
   4.90342    -16.873815    -16.873814
   4.95656    -16.886409    -16.886408
   5.00971    -16.901757    -16.901757
   5.06285    -16.919182    -16.919181
   5.11600    -16.937759    -16.937758
   5.16914    -16.956233    -16.956232
   5.22229    -16.972837    -16.972836
   5.27543    -16.985486    -16.985485
   5.32857    -16.992250    -16.992249
   5.38172    -16.992516    -16.992515
   5.43486    -16.987371    -16.987370
   5.48801    -16.978705    -16.978704
   5.54115    -16.968253    -16.968252
   5.59430    -16.957313    -16.957312
   5.64744    -16.946824    -16.946823
   5.70058    -16.937435    -16.937434
   5.75373    -16.929638    -16.929637
   5.80687    -16.923794    -16.923793
   5.86002    -16.920149    -16.920148
   5.91316    -16.918854    -16.918853
 
# Band-Index    8
   5.91316    -16.918839    -16.918839
   5.86002    -16.919931    -16.919930
   5.80687    -16.923364    -16.923362
   5.75373    -16.929003    -16.929002
   5.70058    -16.936625    -16.936624
   5.64744    -16.945878    -16.945877
   5.59430    -16.956271    -16.956270
   5.54115    -16.967166    -16.967165
   5.48801    -16.977632    -16.977631
   5.43486    -16.986392    -16.986391
   5.38172    -16.991716    -16.991715
   5.32857    -16.991687    -16.991686
   5.27543    -16.985146    -16.985145
   5.22229    -16.972654    -16.972653
   5.16914    -16.956144    -16.956143
   5.11600    -16.937716    -16.937715
   5.06285    -16.919155    -16.919154
   5.00971    -16.901736    -16.901735
   4.95656    -16.886388    -16.886387
   4.90342    -16.873793    -16.873792
   4.85028    -16.864455    -16.864454
   4.79713    -16.858724    -16.858723
   4.74399    -16.856555    -16.856555
   4.74399    -16.856555    -16.856555
   4.68831    -16.856278    -16.856277
   4.63264    -16.855124    -16.855123
   4.57696    -16.853265    -16.853265
   4.52129    -16.850768    -16.850767
   4.46561    -16.847744    -16.847743
   4.40994    -16.844324    -16.844324
   4.35426    -16.840661    -16.840660
   4.29859    -16.836910    -16.836909
   4.24292    -16.833234    -16.833233
   4.18724    -16.829793    -16.829792
   4.13157    -16.826747    -16.826746
   4.07589    -16.824226    -16.824225
   4.02022    -16.822338    -16.822338
   3.96454    -16.821173    -16.821172
   3.90887    -16.820780    -16.820779
   3.90887    -16.820782    -16.820781
   3.85319    -16.821174    -16.821174
   3.79752    -16.822340    -16.822340
   3.74184    -16.824227    -16.824227
   3.68617    -16.826748    -16.826748
   3.63049    -16.829795    -16.829794
   3.57482    -16.833236    -16.833235
   3.51914    -16.836912    -16.836912
   3.46347    -16.840663    -16.840663
   3.40780    -16.844326    -16.844326
   3.35212    -16.847746    -16.847746
   3.29645    -16.850770    -16.850770
   3.24077    -16.853267    -16.853267
   3.18510    -16.855126    -16.855126
   3.12942    -16.856280    -16.856280
   3.07375    -16.856555    -16.856555
   3.07375    -16.856555    -16.856555
   3.02059    -16.858485    -16.858485
   2.96743    -16.864219    -16.864220
   2.91427    -16.873565    -16.873565
   2.86112    -16.886170    -16.886170
   2.80796    -16.901532    -16.901532
   2.75480    -16.918968    -16.918968
   2.70164    -16.937551    -16.937551
   2.64849    -16.955988    -16.955988
   2.59533    -16.972536    -16.972536
   2.54217    -16.985056    -16.985056
   2.48901    -16.991622    -16.991621
   2.43586    -16.991668    -16.991668
   2.38270    -16.986356    -16.986355
   2.32954    -16.977601    -16.977600
   2.27638    -16.967137    -16.967136
   2.22323    -16.956242    -16.956241
   2.17007    -16.945840    -16.945839
   2.11691    -16.936589    -16.936588
   2.06375    -16.928968    -16.928967
   2.01060    -16.923326    -16.923325
   1.95744    -16.919891    -16.919890
   1.90428    -16.918800    -16.918800
   1.90428    -16.856542    -16.856542
   1.84574    -16.856542    -16.856543
   1.78719    -16.856548    -16.856549
   1.72864    -16.856551    -16.856551
   1.67009    -16.856555    -16.856555
   1.67009    -16.856555    -16.856555
   1.61442    -16.856281    -16.856281
   1.55875    -16.855127    -16.855127
   1.50308    -16.853269    -16.853269
   1.44741    -16.850772    -16.850772
   1.39175    -16.847748    -16.847748
   1.33608    -16.844330    -16.844330
   1.28041    -16.840667    -16.840667
   1.22474    -16.836917    -16.836917
   1.16907    -16.833241    -16.833241
   1.11340    -16.829801    -16.829801
   1.05773    -16.826755    -16.826755
   1.00206    -16.824237    -16.824237
   0.94639    -16.822352    -16.822352
   0.89072    -16.821189    -16.821189
   0.83505    -16.820796    -16.820796
   0.83505    -16.820795    -16.820794
   0.77938    -16.821187    -16.821187
   0.72371    -16.822351    -16.822350
   0.66804    -16.824236    -16.824235
   0.61237    -16.826754    -16.826753
   0.55670    -16.829799    -16.829799
   0.50103    -16.833239    -16.833239
   0.44536    -16.836915    -16.836914
   0.38969    -16.840666    -16.840665
   0.33402    -16.844328    -16.844328
   0.27835    -16.847746    -16.847746
   0.22268    -16.850770    -16.850769
   0.16701    -16.853267    -16.853266
   0.11134    -16.855125    -16.855124
   0.05567    -16.856279    -16.856278
   0.00000    -16.856555    -16.856555
 
# Band-Index    9
   0.00000    -12.758809    -12.758808
   0.05567    -12.756975    -12.756974
   0.11134    -12.751562    -12.751560
   0.16701    -12.742923    -12.742922
   0.22268    -12.731508    -12.731506
   0.27835    -12.717919    -12.717917
   0.33402    -12.702814    -12.702812
   0.38969    -12.686778    -12.686776
   0.44536    -12.670423    -12.670421
   0.50103    -12.654313    -12.654311
   0.55670    -12.639011    -12.639009
   0.61237    -12.625124    -12.625122
   0.66804    -12.613274    -12.613272
   0.72371    -12.604148    -12.604146
   0.77938    -12.598355    -12.598353
   0.83505    -12.596359    -12.596357
   0.83505    -12.596371    -12.596369
   0.89072    -12.598366    -12.598364
   0.94639    -12.604158    -12.604156
   1.00206    -12.613283    -12.613281
   1.05773    -12.625132    -12.625130
   1.11340    -12.639017    -12.639015
   1.16907    -12.654318    -12.654316
   1.22474    -12.670427    -12.670425
   1.28041    -12.686781    -12.686779
   1.33608    -12.702816    -12.702814
   1.39175    -12.717921    -12.717919
   1.44741    -12.731509    -12.731507
   1.50308    -12.742924    -12.742922
   1.55875    -12.751562    -12.751560
   1.61442    -12.756976    -12.756974
   1.67009    -12.758809    -12.758808
   1.67009    -12.758809    -12.758808
   1.72864    -12.755243    -12.755242
   1.78719    -12.744777    -12.744775
   1.84574    -12.728237    -12.728235
   1.90428    -12.707022    -12.707020
   1.90428    -12.529743    -12.529741
   1.95744    -12.533084    -12.533082
   2.01060    -12.537496    -12.537494
   2.06375    -12.542754    -12.542752
   2.11691    -12.548948    -12.548947
   2.17007    -12.556189    -12.556187
   2.22323    -12.564593    -12.564591
   2.27638    -12.574229    -12.574227
   2.32954    -12.585165    -12.585164
   2.38270    -12.597448    -12.597447
   2.43586    -12.611002    -12.611000
   2.48901    -12.625683    -12.625681
   2.54217    -12.641339    -12.641337
   2.59533    -12.657632    -12.657630
   2.64849    -12.674208    -12.674206
   2.70164    -12.690611    -12.690609
   2.75480    -12.706356    -12.706354
   2.80796    -12.720920    -12.720919
   2.86112    -12.733756    -12.733754
   2.91427    -12.744352    -12.744351
   2.96743    -12.752258    -12.752256
   3.02059    -12.757171    -12.757169
   3.07375    -12.758809    -12.758808
   3.07375    -12.758809    -12.758808
   3.12942    -12.756977    -12.756975
   3.18510    -12.751564    -12.751562
   3.24077    -12.742925    -12.742923
   3.29645    -12.731515    -12.731513
   3.35212    -12.717935    -12.717934
   3.40780    -12.702831    -12.702829
   3.46347    -12.686800    -12.686799
   3.51914    -12.670451    -12.670450
   3.57482    -12.654343    -12.654341
   3.63049    -12.639041    -12.639039
   3.68617    -12.625149    -12.625147
   3.74184    -12.613292    -12.613290
   3.79752    -12.604156    -12.604154
   3.85319    -12.598354    -12.598352
   3.90887    -12.596351    -12.596349
   3.90887    -12.596340    -12.596338
   3.96454    -12.598343    -12.598341
   4.02022    -12.604146    -12.604144
   4.07589    -12.613283    -12.613281
   4.13157    -12.625141    -12.625139
   4.18724    -12.639034    -12.639032
   4.24292    -12.654338    -12.654336
   4.29859    -12.670447    -12.670446
   4.35426    -12.686797    -12.686796
   4.40994    -12.702829    -12.702827
   4.46561    -12.717934    -12.717932
   4.52129    -12.731514    -12.731513
   4.57696    -12.742925    -12.742923
   4.63264    -12.751563    -12.751562
   4.68831    -12.756977    -12.756975
   4.74399    -12.758809    -12.758808
   4.74399    -12.758809    -12.758808
   4.79713    -12.757173    -12.757172
   4.85028    -12.752259    -12.752258
   4.90342    -12.744352    -12.744350
   4.95656    -12.733763    -12.733762
   5.00971    -12.720924    -12.720922
   5.06285    -12.706366    -12.706364
   5.11600    -12.690608    -12.690606
   5.16914    -12.674205    -12.674203
   5.22229    -12.657624    -12.657623
   5.27543    -12.641323    -12.641321
   5.32857    -12.625656    -12.625655
   5.38172    -12.610969    -12.610967
   5.43486    -12.597403    -12.597402
   5.48801    -12.585111    -12.585109
   5.54115    -12.574158    -12.574156
   5.59430    -12.564509    -12.564507
   5.64744    -12.556093    -12.556091
   5.70058    -12.548838    -12.548836
   5.75373    -12.542630    -12.542628
   5.80687    -12.537362    -12.537360
   5.86002    -12.532942    -12.532940
   5.91316    -12.529824    -12.529822
 
# Band-Index   10
   5.91316    -12.529657    -12.529656
   5.86002    -12.531462    -12.531460
   5.80687    -12.530154    -12.530152
   5.75373    -12.525608    -12.525606
   5.70058    -12.522187    -12.522186
   5.64744    -12.522527    -12.522525
   5.59430    -12.523890    -12.523889
   5.54115    -12.526404    -12.526402
   5.48801    -12.530139    -12.530137
   5.43486    -12.535154    -12.535152
   5.38172    -12.541504    -12.541503
   5.32857    -12.549135    -12.549133
   5.27543    -12.557968    -12.557966
   5.22229    -12.567756    -12.567754
   5.16914    -12.578217    -12.578216
   5.11600    -12.589019    -12.589017
   5.06285    -12.599759    -12.599757
   5.00971    -12.609976    -12.609974
   4.95656    -12.619177    -12.619175
   4.90342    -12.626897    -12.626896
   4.85028    -12.632743    -12.632741
   4.79713    -12.636422    -12.636420
   4.74399    -12.637673    -12.637671
   4.74399    -12.637673    -12.637671
   4.68831    -12.636439    -12.636437
   4.63264    -12.632869    -12.632867
   4.57696    -12.627249    -12.627247
   4.52129    -12.619907    -12.619905
   4.46561    -12.611230    -12.611228
   4.40994    -12.601604    -12.601602
   4.35426    -12.591251    -12.591250
   4.29859    -12.580303    -12.580302
   4.24292    -12.568700    -12.568698
   4.18724    -12.556312    -12.556311
   4.13157    -12.543016    -12.543014
   4.07589    -12.528949    -12.528947
   4.02022    -12.514948    -12.514946
   3.96454    -12.503304    -12.503302
   3.90887    -12.498420    -12.498418
   3.90887    -12.498432    -12.498431
   3.85319    -12.503314    -12.503313
   3.79752    -12.514957    -12.514955
   3.74184    -12.528955    -12.528953
   3.68617    -12.543021    -12.543020
   3.63049    -12.556317    -12.556315
   3.57482    -12.568704    -12.568702
   3.51914    -12.580306    -12.580305
   3.46347    -12.591254    -12.591252
   3.40780    -12.601605    -12.601603
   3.35212    -12.611231    -12.611229
   3.29645    -12.619908    -12.619906
   3.24077    -12.627249    -12.627247
   3.18510    -12.632869    -12.632868
   3.12942    -12.636439    -12.636437
   3.07375    -12.637673    -12.637671
   3.07375    -12.637673    -12.637671
   3.02059    -12.636429    -12.636427
   2.96743    -12.632749    -12.632747
   2.91427    -12.626892    -12.626890
   2.86112    -12.619176    -12.619174
   2.80796    -12.609978    -12.609976
   2.75480    -12.599761    -12.599759
   2.70164    -12.589032    -12.589031
   2.64849    -12.578233    -12.578231
   2.59533    -12.567780    -12.567778
   2.54217    -12.558005    -12.558003
   2.48901    -12.549185    -12.549183
   2.43586    -12.541566    -12.541564
   2.38270    -12.535231    -12.535230
   2.32954    -12.530229    -12.530227
   2.27638    -12.526511    -12.526510
   2.22323    -12.524012    -12.524010
   2.17007    -12.522658    -12.522656
   2.11691    -12.522330    -12.522329
   2.06375    -12.525421    -12.525420
   2.01060    -12.529972    -12.529970
   1.95744    -12.531288    -12.531286
   1.90428    -12.529732    -12.529730
   1.90428    -12.707019    -12.707017
   1.84574    -12.683417    -12.683415
   1.78719    -12.660862    -12.660860
   1.72864    -12.643991    -12.643989
   1.67009    -12.637673    -12.637671
   1.67009    -12.637673    -12.637671
   1.61442    -12.636435    -12.636433
   1.55875    -12.632877    -12.632875
   1.50308    -12.627261    -12.627259
   1.44741    -12.619923    -12.619922
   1.39175    -12.611252    -12.611250
   1.33608    -12.601634    -12.601632
   1.28041    -12.591292    -12.591290
   1.22474    -12.580352    -12.580351
   1.16907    -12.568751    -12.568750
   1.11340    -12.556363    -12.556361
   1.05773    -12.543068    -12.543067
   1.00206    -12.528994    -12.528992
   0.94639    -12.514989    -12.514987
   0.89072    -12.503339    -12.503338
   0.83505    -12.498457    -12.498455
   0.83505    -12.498445    -12.498443
   0.77938    -12.503329    -12.503327
   0.72371    -12.514981    -12.514979
   0.66804    -12.528987    -12.528986
   0.61237    -12.543063    -12.543061
   0.55670    -12.556359    -12.556357
   0.50103    -12.568748    -12.568746
   0.44536    -12.580349    -12.580348
   0.38969    -12.591290    -12.591288
   0.33402    -12.601632    -12.601630
   0.27835    -12.611251    -12.611249
   0.22268    -12.619923    -12.619921
   0.16701    -12.627260    -12.627259
   0.11134    -12.632877    -12.632875
   0.05567    -12.636435    -12.636433
   0.00000    -12.637673    -12.637671
 
# Band-Index   11
   0.00000    -12.287718    -12.287716
   0.05567    -12.288876    -12.288874
   0.11134    -12.292331    -12.292329
   0.16701    -12.297975    -12.297973
   0.22268    -12.305663    -12.305661
   0.27835    -12.315196    -12.315194
   0.33402    -12.326314    -12.326312
   0.38969    -12.338712    -12.338710
   0.44536    -12.351984    -12.351982
   0.50103    -12.365686    -12.365684
   0.55670    -12.379259    -12.379257
   0.61237    -12.392050    -12.392048
   0.66804    -12.403157    -12.403155
   0.72371    -12.411522    -12.411520
   0.77938    -12.415506    -12.415504
   0.83505    -12.413077    -12.413075
   0.83505    -12.413068    -12.413066
   0.89072    -12.415498    -12.415496
   0.94639    -12.411516    -12.411514
   1.00206    -12.403152    -12.403150
   1.05773    -12.392045    -12.392043
   1.11340    -12.379256    -12.379254
   1.16907    -12.365684    -12.365682
   1.22474    -12.351982    -12.351980
   1.28041    -12.338711    -12.338708
   1.33608    -12.326313    -12.326311
   1.39175    -12.315195    -12.315193
   1.44741    -12.305662    -12.305660
   1.50308    -12.297974    -12.297972
   1.55875    -12.292331    -12.292329
   1.61442    -12.288876    -12.288874
   1.67009    -12.287718    -12.287716
   1.67009    -12.287718    -12.287716
   1.72864    -12.280447    -12.280445
   1.78719    -12.261018    -12.261016
   1.84574    -12.234618    -12.234616
   1.90428    -12.206528    -12.206526
   1.90428    -12.528968    -12.528966
   1.95744    -12.526480    -12.526478
   2.01060    -12.524328    -12.524326
   2.06375    -12.522916    -12.522914
   2.11691    -12.517931    -12.517929
   2.17007    -12.507753    -12.507751
   2.22323    -12.495221    -12.495219
   2.27638    -12.480685    -12.480683
   2.32954    -12.464554    -12.464552
   2.38270    -12.447272    -12.447270
   2.43586    -12.429302    -12.429300
   2.48901    -12.411048    -12.411046
   2.54217    -12.392913    -12.392911
   2.59533    -12.375325    -12.375323
   2.64849    -12.358593    -12.358591
   2.70164    -12.343106    -12.343104
   2.75480    -12.329113    -12.329111
   2.80796    -12.316874    -12.316872
   2.86112    -12.306582    -12.306580
   2.91427    -12.298421    -12.298419
   2.96743    -12.292517    -12.292515
   3.02059    -12.288927    -12.288925
   3.07375    -12.287718    -12.287716
   3.07375    -12.287718    -12.287716
   3.12942    -12.288875    -12.288873
   3.18510    -12.292330    -12.292328
   3.24077    -12.297972    -12.297970
   3.29645    -12.305661    -12.305659
   3.35212    -12.315195    -12.315193
   3.40780    -12.326315    -12.326313
   3.46347    -12.338712    -12.338710
   3.51914    -12.351986    -12.351984
   3.57482    -12.365690    -12.365688
   3.63049    -12.379264    -12.379262
   3.68617    -12.392058    -12.392056
   3.74184    -12.403165    -12.403163
   3.79752    -12.411527    -12.411525
   3.85319    -12.415504    -12.415502
   3.90887    -12.413087    -12.413085
   3.90887    -12.413095    -12.413094
   3.96454    -12.415512    -12.415510
   4.02022    -12.411534    -12.411532
   4.07589    -12.403170    -12.403168
   4.13157    -12.392062    -12.392060
   4.18724    -12.379267    -12.379265
   4.24292    -12.365693    -12.365691
   4.29859    -12.351988    -12.351986
   4.35426    -12.338714    -12.338712
   4.40994    -12.326316    -12.326314
   4.46561    -12.315196    -12.315194
   4.52129    -12.305661    -12.305659
   4.57696    -12.297972    -12.297970
   4.63264    -12.292330    -12.292328
   4.68831    -12.288875    -12.288873
   4.74399    -12.287718    -12.287716
   4.74399    -12.287718    -12.287716
   4.79713    -12.288927    -12.288925
   4.85028    -12.292522    -12.292520
   4.90342    -12.298437    -12.298435
   4.95656    -12.306608    -12.306606
   5.00971    -12.316912    -12.316910
   5.06285    -12.329162    -12.329160
   5.11600    -12.343169    -12.343167
   5.16914    -12.358678    -12.358676
   5.22229    -12.375423    -12.375421
   5.27543    -12.393026    -12.393024
   5.32857    -12.411175    -12.411173
   5.38172    -12.429449    -12.429447
   5.43486    -12.447431    -12.447429
   5.48801    -12.464725    -12.464723
   5.54115    -12.480865    -12.480863
   5.59430    -12.495408    -12.495406
   5.64744    -12.507946    -12.507944
   5.70058    -12.518124    -12.518122
   5.75373    -12.522770    -12.522768
   5.80687    -12.524176    -12.524175
   5.86002    -12.526328    -12.526326
   5.91316    -12.529043    -12.529042
 
# Band-Index   12
   5.91316    -12.528909    -12.528907
   5.86002    -12.523999    -12.523997
   5.80687    -12.515248    -12.515246
   5.75373    -12.503177    -12.503176
   5.70058    -12.488051    -12.488049
   5.64744    -12.470075    -12.470074
   5.59430    -12.449588    -12.449586
   5.54115    -12.426955    -12.426953
   5.48801    -12.402604    -12.402602
   5.43486    -12.377022    -12.377020
   5.38172    -12.350693    -12.350692
   5.32857    -12.324077    -12.324075
   5.27543    -12.297747    -12.297745
   5.22229    -12.272170    -12.272168
   5.16914    -12.247800    -12.247798
   5.11600    -12.225111    -12.225109
   5.06285    -12.204563    -12.204561
   5.00971    -12.186475    -12.186473
   4.95656    -12.171198    -12.171196
   4.90342    -12.159038    -12.159036
   4.85028    -12.150215    -12.150213
   4.79713    -12.144856    -12.144854
   4.74399    -12.143037    -12.143035
   4.74399    -12.143037    -12.143035
   4.68831    -12.145059    -12.145057
   4.63264    -12.151043    -12.151041
   4.57696    -12.160883    -12.160881
   4.52129    -12.174324    -12.174322
   4.46561    -12.191070    -12.191068
   4.40994    -12.210685    -12.210683
   4.35426    -12.232754    -12.232752
   4.29859    -12.256737    -12.256735
   4.24292    -12.282080    -12.282078
   4.18724    -12.308146    -12.308144
   4.13157    -12.334214    -12.334212
   4.07589    -12.359360    -12.359358
   4.02022    -12.382345    -12.382343
   3.96454    -12.401076    -12.401074
   3.90887    -12.412172    -12.412170
   3.90887    -12.412163    -12.412161
   3.85319    -12.401069    -12.401066
   3.79752    -12.382339    -12.382337
   3.74184    -12.359355    -12.359353
   3.68617    -12.334210    -12.334208
   3.63049    -12.308143    -12.308141
   3.57482    -12.282079    -12.282077
   3.51914    -12.256735    -12.256733
   3.46347    -12.232753    -12.232751
   3.40780    -12.210684    -12.210682
   3.35212    -12.191069    -12.191067
   3.29645    -12.174323    -12.174321
   3.24077    -12.160883    -12.160881
   3.18510    -12.151043    -12.151041
   3.12942    -12.145059    -12.145057
   3.07375    -12.143037    -12.143035
   3.07375    -12.143037    -12.143035
   3.02059    -12.144855    -12.144853
   2.96743    -12.150213    -12.150211
   2.91427    -12.159036    -12.159034
   2.86112    -12.171190    -12.171188
   2.80796    -12.186464    -12.186462
   2.75480    -12.204549    -12.204547
   2.70164    -12.225096    -12.225094
   2.64849    -12.247774    -12.247772
   2.59533    -12.272143    -12.272141
   2.54217    -12.297716    -12.297714
   2.48901    -12.324042    -12.324040
   2.43586    -12.350646    -12.350645
   2.38270    -12.376970    -12.376968
   2.32954    -12.402543    -12.402541
   2.27638    -12.426880    -12.426878
   2.22323    -12.449505    -12.449503
   2.17007    -12.469978    -12.469976
   2.11691    -12.487941    -12.487939
   2.06375    -12.503054    -12.503052
   2.01060    -12.515110    -12.515108
   1.95744    -12.523854    -12.523852
   1.90428    -12.528957    -12.528955
   1.90428    -12.206525    -12.206523
   1.84574    -12.180812    -12.180810
   1.78719    -12.160487    -12.160485
   1.72864    -12.147493    -12.147491
   1.67009    -12.143037    -12.143035
   1.67009    -12.143037    -12.143035
   1.61442    -12.145061    -12.145059
   1.55875    -12.151046    -12.151044
   1.50308    -12.160886    -12.160884
   1.44741    -12.174329    -12.174327
   1.39175    -12.191073    -12.191071
   1.33608    -12.210697    -12.210695
   1.28041    -12.232768    -12.232766
   1.22474    -12.256748    -12.256746
   1.16907    -12.282092    -12.282091
   1.11340    -12.308158    -12.308157
   1.05773    -12.334224    -12.334222
   1.00206    -12.359372    -12.359370
   0.94639    -12.382352    -12.382350
   0.89072    -12.401087    -12.401085
   0.83505    -12.412200    -12.412198
   0.83505    -12.412209    -12.412207
   0.77938    -12.401095    -12.401093
   0.72371    -12.382358    -12.382356
   0.66804    -12.359376    -12.359374
   0.61237    -12.334228    -12.334226
   0.55670    -12.308161    -12.308159
   0.50103    -12.282094    -12.282092
   0.44536    -12.256750    -12.256748
   0.38969    -12.232769    -12.232767
   0.33402    -12.210697    -12.210695
   0.27835    -12.191073    -12.191071
   0.22268    -12.174330    -12.174328
   0.16701    -12.160886    -12.160884
   0.11134    -12.151046    -12.151044
   0.05567    -12.145061    -12.145059
   0.00000    -12.143037    -12.143035
 
# Band-Index   13
   0.00000     -2.483230     -2.483232
   0.05567     -2.473476     -2.473478
   0.11134     -2.444573     -2.444574
   0.16701     -2.397618     -2.397620
   0.22268     -2.334522     -2.334524
   0.27835     -2.258350     -2.258352
   0.33402     -2.174797     -2.174799
   0.38969     -2.100454     -2.100455
   0.44536     -2.091155     -2.091154
   0.50103     -2.147563     -2.147562
   0.55670     -2.207777     -2.207776
   0.61237     -2.257821     -2.257820
   0.66804     -2.295175     -2.295174
   0.72371     -2.319964     -2.319962
   0.77938     -2.333605     -2.333603
   0.83505     -2.337874     -2.337872
   0.83505     -2.337873     -2.337872
   0.89072     -2.333604     -2.333603
   0.94639     -2.319963     -2.319962
   1.00206     -2.295174     -2.295173
   1.05773     -2.257820     -2.257819
   1.11340     -2.207777     -2.207776
   1.16907     -2.147564     -2.147563
   1.22474     -2.091157     -2.091157
   1.28041     -2.100455     -2.100457
   1.33608     -2.174798     -2.174799
   1.39175     -2.258350     -2.258351
   1.44741     -2.334522     -2.334523
   1.50308     -2.397618     -2.397619
   1.55875     -2.444573     -2.444574
   1.61442     -2.473476     -2.473478
   1.67009     -2.483230     -2.483232
   1.67009     -2.483230     -2.483232
   1.72864     -2.470624     -2.470625
   1.78719     -2.433082     -2.433084
   1.84574     -2.371457     -2.371458
   1.90428     -2.287229     -2.287231
   1.90428     -1.544989     -1.544991
   1.95744     -1.566902     -1.566903
   2.01060     -1.596030     -1.596032
   2.06375     -1.630897     -1.630898
   2.11691     -1.692914     -1.692914
   2.17007     -1.761283     -1.761283
   2.22323     -1.824505     -1.824505
   2.27638     -1.878483     -1.878482
   2.32954     -1.920153     -1.920152
   2.38270     -1.947386     -1.947386
   2.43586     -1.958990     -1.958990
   2.48901     -1.954958     -1.954957
   2.54217     -1.937979     -1.937979
   2.59533     -1.927359     -1.927359
   2.64849     -1.991775     -1.991777
   2.70164     -2.090144     -2.090146
   2.75480     -2.185705     -2.185707
   2.80796     -2.271769     -2.271770
   2.86112     -2.345401     -2.345402
   2.91427     -2.404616     -2.404618
   2.96743     -2.447947     -2.447948
   3.02059     -2.474359     -2.474361
   3.07375     -2.483230     -2.483232
   3.07375     -2.483230     -2.483232
   3.12942     -2.473478     -2.473480
   3.18510     -2.444583     -2.444585
   3.24077     -2.397648     -2.397650
   3.29645     -2.334592     -2.334594
   3.35212     -2.258496     -2.258498
   3.40780     -2.175068     -2.175069
   3.46347     -2.100749     -2.100751
   3.51914     -2.091293     -2.091293
   3.57482     -2.148186     -2.148185
   3.63049     -2.208443     -2.208442
   3.68617     -2.258308     -2.258307
   3.74184     -2.295364     -2.295363
   3.79752     -2.319805     -2.319804
   3.85319     -2.333144     -2.333142
   3.90887     -2.337287     -2.337286
   3.90887     -2.337287     -2.337286
   3.96454     -2.333144     -2.333143
   4.02022     -2.319806     -2.319804
   4.07589     -2.295365     -2.295364
   4.13157     -2.258309     -2.258307
   4.18724     -2.208444     -2.208443
   4.24292     -2.148186     -2.148184
   4.29859     -2.091291     -2.091290
   4.35426     -2.100748     -2.100749
   4.40994     -2.175068     -2.175069
   4.46561     -2.258496     -2.258498
   4.52129     -2.334592     -2.334594
   4.57696     -2.397648     -2.397650
   4.63264     -2.444583     -2.444585
   4.68831     -2.473479     -2.473480
   4.74399     -2.483230     -2.483232
   4.74399     -2.483230     -2.483232
   4.79713     -2.474364     -2.474366
   4.85028     -2.447965     -2.447967
   4.90342     -2.404656     -2.404658
   4.95656     -2.345470     -2.345472
   5.00971     -2.271874     -2.271876
   5.06285     -2.185852     -2.185854
   5.11600     -2.090332     -2.090334
   5.16914     -1.992016     -1.992018
   5.22229     -1.927357     -1.927357
   5.27543     -1.937761     -1.937760
   5.32857     -1.954690     -1.954689
   5.38172     -1.958720     -1.958718
   5.43486     -1.947141     -1.947140
   5.48801     -1.919958     -1.919956
   5.54115     -1.878359     -1.878357
   5.59430     -1.824470     -1.824469
   5.64744     -1.761404     -1.761403
   5.70058     -1.693130     -1.693128
   5.75373     -1.630757     -1.630759
   5.80687     -1.595864     -1.595865
   5.86002     -1.566775     -1.566777
   5.91316     -1.545153     -1.545153
 
# Band-Index   14
   5.91316     -1.544794     -1.544796
   5.86002     -1.538693     -1.538693
   5.80687     -1.567454     -1.567453
   5.75373     -1.625246     -1.625245
   5.70058     -1.670462     -1.670463
   5.64744     -1.713485     -1.713486
   5.59430     -1.757201     -1.757202
   5.54115     -1.798912     -1.798912
   5.48801     -1.835822     -1.835822
   5.43486     -1.865579     -1.865580
   5.38172     -1.886376     -1.886376
   5.32857     -1.896994     -1.896994
   5.27543     -1.896829     -1.896829
   5.22229     -1.885867     -1.885867
   5.16914     -1.864655     -1.864655
   5.11600     -1.834191     -1.834191
   5.06285     -1.843056     -1.843058
   5.00971     -1.852622     -1.852624
   4.95656     -1.858667     -1.858669
   4.90342     -1.862236     -1.862238
   4.85028     -1.864172     -1.864175
   4.79713     -1.865093     -1.865095
   4.74399     -1.865357     -1.865360
   4.74399     -1.865357     -1.865360
   4.68831     -1.866739     -1.866741
   4.63264     -1.870740     -1.870742
   4.57696     -1.877092     -1.877094
   4.52129     -1.885824     -1.885826
   4.46561     -1.897585     -1.897586
   4.40994     -1.914061     -1.914061
   4.35426     -1.960290     -1.960289
   4.29859     -2.010398     -2.010398
   4.24292     -2.041892     -2.041893
   4.18724     -2.076612     -2.076612
   4.13157     -2.110229     -2.110229
   4.07589     -2.139110     -2.139110
   4.02022     -2.161311     -2.161312
   3.96454     -2.175580     -2.175580
   3.90887     -2.180596     -2.180596
   3.90887     -2.180583     -2.180584
   3.85319     -2.175567     -2.175568
   3.79752     -2.161299     -2.161300
   3.74184     -2.139097     -2.139098
   3.68617     -2.110216     -2.110217
   3.63049     -2.076600     -2.076601
   3.57482     -2.041881     -2.041882
   3.51914     -2.010388     -2.010389
   3.46347     -1.960285     -1.960284
   3.40780     -1.914058     -1.914059
   3.35212     -1.897582     -1.897584
   3.29645     -1.885823     -1.885825
   3.24077     -1.877091     -1.877094
   3.18510     -1.870739     -1.870742
   3.12942     -1.866739     -1.866741
   3.07375     -1.865357     -1.865360
   3.07375     -1.865357     -1.865360
   3.02059     -1.865094     -1.865097
   2.96743     -1.864179     -1.864181
   2.91427     -1.862250     -1.862252
   2.86112     -1.858692     -1.858694
   2.80796     -1.852660     -1.852662
   2.75480     -1.843107     -1.843109
   2.70164     -1.834314     -1.834315
   2.64849     -1.864783     -1.864784
   2.59533     -1.886059     -1.886060
   2.54217     -1.897063     -1.897063
   2.48901     -1.897253     -1.897253
   2.43586     -1.886647     -1.886648
   2.38270     -1.865854     -1.865855
   2.32954     -1.836092     -1.836092
   2.27638     -1.799171     -1.799172
   2.22323     -1.757446     -1.757447
   2.17007     -1.713668     -1.713669
   2.11691     -1.670663     -1.670664
   2.06375     -1.625008     -1.625007
   2.01060     -1.567080     -1.567080
   1.95744     -1.538459     -1.538460
   1.90428     -1.544989     -1.544990
   1.90428     -2.287222     -2.287224
   1.84574     -2.182715     -2.182717
   1.78719     -2.062199     -2.062201
   1.72864     -1.937623     -1.937626
   1.67009     -1.865357     -1.865360
   1.67009     -1.865357     -1.865360
   1.61442     -1.866744     -1.866747
   1.55875     -1.870774     -1.870777
   1.50308     -1.877203     -1.877205
   1.44741     -1.886100     -1.886102
   1.39175     -1.898155     -1.898157
   1.33608     -1.914856     -1.914857
   1.28041     -1.958123     -1.958122
   1.22474     -2.008517     -2.008517
   1.16907     -2.041720     -2.041721
   1.11340     -2.077156     -2.077157
   1.05773     -2.110926     -2.110927
   1.00206     -2.139579     -2.139580
   0.94639     -2.161214     -2.161215
   0.89072     -2.174734     -2.174736
   0.83505     -2.179365     -2.179367
   0.83505     -2.179377     -2.179378
   0.77938     -2.174747     -2.174748
   0.72371     -2.161226     -2.161227
   0.66804     -2.139591     -2.139592
   0.61237     -2.110938     -2.110939
   0.55670     -2.077168     -2.077168
   0.50103     -2.041731     -2.041731
   0.44536     -2.008527     -2.008527
   0.38969     -1.958128     -1.958127
   0.33402     -1.914859     -1.914859
   0.27835     -1.898158     -1.898159
   0.22268     -1.886101     -1.886103
   0.16701     -1.877204     -1.877206
   0.11134     -1.870775     -1.870777
   0.05567     -1.866744     -1.866747
   0.00000     -1.865357     -1.865360
 
# Band-Index   15
   0.00000     -1.572055     -1.572055
   0.05567     -1.583503     -1.583503
   0.11134     -1.615003     -1.615002
   0.16701     -1.661852     -1.661852
   0.22268     -1.721567     -1.721566
   0.27835     -1.792970     -1.792969
   0.33402     -1.871097     -1.871096
   0.38969     -1.917305     -1.917306
   0.44536     -1.901879     -1.901881
   0.50103     -1.911787     -1.911788
   0.55670     -1.960007     -1.960008
   0.61237     -2.011940     -2.011940
   0.66804     -2.060227     -2.060227
   0.72371     -2.099683     -2.099683
   0.77938     -2.125654     -2.125654
   0.83505     -2.134724     -2.134724
   0.83505     -2.134711     -2.134711
   0.89072     -2.125642     -2.125642
   0.94639     -2.099670     -2.099671
   1.00206     -2.060215     -2.060216
   1.05773     -2.011928     -2.011930
   1.11340     -1.959997     -1.959998
   1.16907     -1.911775     -1.911777
   1.22474     -1.901868     -1.901870
   1.28041     -1.917295     -1.917296
   1.33608     -1.871087     -1.871088
   1.39175     -1.792962     -1.792962
   1.44741     -1.721559     -1.721559
   1.50308     -1.661846     -1.661846
   1.55875     -1.614999     -1.614999
   1.61442     -1.583502     -1.583502
   1.67009     -1.572055     -1.572055
   1.67009     -1.572055     -1.572055
   1.72864     -1.486112     -1.486113
   1.78719     -1.424563     -1.424560
   1.84574     -1.440495     -1.440492
   1.90428     -1.446158     -1.446155
   1.90428     -1.392593     -1.392589
   1.95744     -1.427642     -1.427638
   2.01060     -1.435100     -1.435098
   2.06375     -1.416951     -1.416949
   2.11691     -1.388099     -1.388096
   2.17007     -1.353972     -1.353971
   2.22323     -1.317678     -1.317676
   2.27638     -1.412345     -1.412344
   2.32954     -1.499884     -1.499883
   2.38270     -1.577144     -1.577143
   2.43586     -1.643659     -1.643659
   2.48901     -1.699463     -1.699463
   2.54217     -1.744994     -1.744995
   2.59533     -1.816316     -1.816316
   2.64849     -1.813008     -1.813007
   2.70164     -1.828834     -1.828836
   2.75480     -1.796189     -1.796189
   2.80796     -1.752432     -1.752432
   2.86112     -1.705518     -1.705518
   2.91427     -1.658577     -1.658577
   2.96743     -1.615956     -1.615956
   3.02059     -1.584236     -1.584236
   3.07375     -1.572055     -1.572055
   3.07375     -1.572055     -1.572055
   3.12942     -1.583484     -1.583484
   3.18510     -1.615005     -1.615005
   3.24077     -1.662058     -1.662058
   3.29645     -1.722237     -1.722237
   3.35212     -1.794250     -1.794250
   3.40780     -1.872629     -1.872628
   3.46347     -1.915758     -1.915758
   3.51914     -1.901066     -1.901067
   3.57482     -1.911941     -1.911943
   3.63049     -1.960338     -1.960340
   3.68617     -2.012496     -2.012497
   3.74184     -2.060884     -2.060885
   3.79752     -2.100188     -2.100189
   3.85319     -2.125768     -2.125769
   3.90887     -2.134594     -2.134595
   3.90887     -2.134607     -2.134608
   3.96454     -2.125781     -2.125782
   4.02022     -2.100200     -2.100201
   4.07589     -2.060896     -2.060897
   4.13157     -2.012507     -2.012508
   4.18724     -1.960349     -1.960350
   4.24292     -1.911952     -1.911954
   4.29859     -1.901077     -1.901078
   4.35426     -1.915767     -1.915768
   4.40994     -1.872638     -1.872638
   4.46561     -1.794258     -1.794258
   4.52129     -1.722245     -1.722244
   4.57696     -1.662065     -1.662064
   4.63264     -1.615009     -1.615009
   4.68831     -1.583485     -1.583485
   4.74399     -1.572055     -1.572055
   4.74399     -1.572055     -1.572055
   4.79713     -1.584246     -1.584246
   4.85028     -1.615981     -1.615980
   4.90342     -1.658601     -1.658600
   4.95656     -1.705523     -1.705522
   5.00971     -1.752402     -1.752402
   5.06285     -1.796117     -1.796117
   5.11600     -1.828776     -1.828778
   5.16914     -1.812872     -1.812870
   5.22229     -1.816334     -1.816334
   5.27543     -1.744940     -1.744940
   5.32857     -1.699440     -1.699440
   5.38172     -1.643689     -1.643689
   5.43486     -1.577253     -1.577252
   5.48801     -1.500101     -1.500100
   5.54115     -1.412700     -1.412698
   5.59430     -1.317127     -1.317127
   5.64744     -1.353409     -1.353409
   5.70058     -1.387510     -1.387509
   5.75373     -1.416331     -1.416330
   5.80687     -1.434472     -1.434471
   5.86002     -1.427228     -1.427225
   5.91316     -1.394150     -1.394146
 
# Band-Index   16
   5.91316     -1.390682     -1.390679
   5.86002     -1.352071     -1.352067
   5.80687     -1.315101     -1.315097
   5.75373     -1.281707     -1.281703
   5.70058     -1.250229     -1.250225
   5.64744     -1.219142     -1.219138
   5.59430     -1.316126     -1.316125
   5.54115     -1.286770     -1.286770
   5.48801     -1.303255     -1.303255
   5.43486     -1.390578     -1.390579
   5.38172     -1.499540     -1.499541
   5.32857     -1.614092     -1.614094
   5.27543     -1.726914     -1.726915
   5.22229     -1.780957     -1.780958
   5.16914     -1.808520     -1.808521
   5.11600     -1.757838     -1.757836
   5.06285     -1.689186     -1.689184
   5.00971     -1.616074     -1.616071
   4.95656     -1.545014     -1.545011
   4.90342     -1.482181     -1.482177
   4.85028     -1.433081     -1.433078
   4.79713     -1.401933     -1.401929
   4.74399     -1.391271     -1.391267
   4.74399     -1.391271     -1.391267
   4.68831     -1.405557     -1.405553
   4.63264     -1.445979     -1.445976
   4.57696     -1.506017     -1.506015
   4.52129     -1.577175     -1.577173
   4.46561     -1.649871     -1.649870
   4.40994     -1.716950     -1.716949
   4.35426     -1.775256     -1.775256
   4.29859     -1.815541     -1.815541
   4.24292     -1.773557     -1.773558
   4.18724     -1.675795     -1.675796
   4.13157     -1.570800     -1.570801
   4.07589     -1.469553     -1.469554
   4.02022     -1.379618     -1.379620
   3.96454     -1.314167     -1.314168
   3.90887     -1.291443     -1.291443
   3.90887     -1.291441     -1.291443
   3.85319     -1.314165     -1.314166
   3.79752     -1.379615     -1.379616
   3.74184     -1.469549     -1.469550
   3.68617     -1.570796     -1.570797
   3.63049     -1.675791     -1.675791
   3.57482     -1.773553     -1.773554
   3.51914     -1.815536     -1.815537
   3.46347     -1.775249     -1.775251
   3.40780     -1.716944     -1.716945
   3.35212     -1.649867     -1.649867
   3.29645     -1.577173     -1.577172
   3.24077     -1.506017     -1.506016
   3.18510     -1.445980     -1.445978
   3.12942     -1.405558     -1.405556
   3.07375     -1.391271     -1.391267
   3.07375     -1.391271     -1.391267
   3.02059     -1.401574     -1.401571
   2.96743     -1.432760     -1.432757
   2.91427     -1.481920     -1.481918
   2.86112     -1.544836     -1.544834
   2.80796     -1.615993     -1.615991
   2.75480     -1.689205     -1.689203
   2.70164     -1.757949     -1.757948
   2.64849     -1.808574     -1.808575
   2.59533     -1.781024     -1.781025
   2.54217     -1.726679     -1.726680
   2.48901     -1.613793     -1.613795
   2.43586     -1.499217     -1.499219
   2.38270     -1.390281     -1.390283
   2.32954     -1.303196     -1.303196
   2.27638     -1.287207     -1.287206
   2.22323     -1.315617     -1.315615
   2.17007     -1.220322     -1.220318
   2.11691     -1.250417     -1.250413
   2.06375     -1.281835     -1.281831
   2.01060     -1.315191     -1.315187
   1.95744     -1.352184     -1.352180
   1.90428     -1.392593     -1.392589
   1.90428     -1.446154     -1.446152
   1.84574     -1.440417     -1.440415
   1.78719     -1.424394     -1.424392
   1.72864     -1.403273     -1.403270
   1.67009     -1.391271     -1.391267
   1.67009     -1.391271     -1.391267
   1.61442     -1.405515     -1.405512
   1.55875     -1.445985     -1.445983
   1.50308     -1.506317     -1.506315
   1.44741     -1.578015     -1.578013
   1.39175     -1.651315     -1.651314
   1.33608     -1.718752     -1.718752
   1.28041     -1.777131     -1.777131
   1.22474     -1.817801     -1.817802
   1.16907     -1.775573     -1.775575
   1.11340     -1.677253     -1.677254
   1.05773     -1.572060     -1.572061
   1.00206     -1.470779     -1.470781
   0.94639     -1.380895     -1.380897
   0.89072     -1.315368     -1.315370
   0.83505     -1.292421     -1.292422
   0.83505     -1.292422     -1.292423
   0.77938     -1.315370     -1.315372
   0.72371     -1.380899     -1.380900
   0.66804     -1.470783     -1.470785
   0.61237     -1.572064     -1.572066
   0.55670     -1.677257     -1.677258
   0.50103     -1.775577     -1.775578
   0.44536     -1.817806     -1.817806
   0.38969     -1.777137     -1.777137
   0.33402     -1.718758     -1.718757
   0.27835     -1.651318     -1.651317
   0.22268     -1.578016     -1.578014
   0.16701     -1.506317     -1.506314
   0.11134     -1.445984     -1.445981
   0.05567     -1.405513     -1.405510
   0.00000     -1.391271     -1.391267
 
# Band-Index   17
   0.00000     -1.390900     -1.390897
   0.05567     -1.387622     -1.387619
   0.11134     -1.377294     -1.377291
   0.16701     -1.360276     -1.360273
   0.22268     -1.336895     -1.336892
   0.27835     -1.307663     -1.307660
   0.33402     -1.273293     -1.273290
   0.38969     -1.234681     -1.234678
   0.44536     -1.192902     -1.192899
   0.50103     -1.153138     -1.153135
   0.55670     -1.166685     -1.166682
   0.61237     -1.177933     -1.177930
   0.66804     -1.190321     -1.190318
   0.72371     -1.200525     -1.200522
   0.77938     -1.200015     -1.200012
   0.83505     -1.191868     -1.191865
   0.83505     -1.191865     -1.191863
   0.89072     -1.200012     -1.200010
   0.94639     -1.200523     -1.200520
   1.00206     -1.190320     -1.190317
   1.05773     -1.177932     -1.177930
   1.11340     -1.166684     -1.166682
   1.16907     -1.153136     -1.153134
   1.22474     -1.192898     -1.192893
   1.28041     -1.234677     -1.234673
   1.33608     -1.273290     -1.273286
   1.39175     -1.307661     -1.307657
   1.44741     -1.336892     -1.336888
   1.50308     -1.360274     -1.360270
   1.55875     -1.377292     -1.377288
   1.61442     -1.387620     -1.387617
   1.67009     -1.390900     -1.390897
   1.67009     -1.390900     -1.390897
   1.72864     -1.402990     -1.402987
   1.78719     -1.321188     -1.321189
   1.84574     -1.138432     -1.138430
   1.90428     -1.110432     -1.110430
   1.90428     -0.887510     -0.887511
   1.95744     -0.901405     -0.901406
   2.01060     -0.928758     -0.928759
   2.06375     -0.997893     -0.997892
   2.11691     -1.103024     -1.103023
   2.17007     -1.210403     -1.210401
   2.22323     -1.187865     -1.187861
   2.27638     -1.156298     -1.156294
   2.32954     -1.169630     -1.169630
   2.38270     -1.169201     -1.169200
   2.43586     -1.206926     -1.206925
   2.48901     -1.241729     -1.241727
   2.54217     -1.273009     -1.273008
   2.59533     -1.300365     -1.300363
   2.64849     -1.323608     -1.323606
   2.70164     -1.342760     -1.342758
   2.75480     -1.358021     -1.358018
   2.80796     -1.369750     -1.369747
   2.86112     -1.378392     -1.378389
   2.91427     -1.384444     -1.384440
   2.96743     -1.388374     -1.388371
   3.02059     -1.390568     -1.390564
   3.07375     -1.390900     -1.390897
   3.07375     -1.390900     -1.390897
   3.12942     -1.387621     -1.387617
   3.18510     -1.377294     -1.377290
   3.24077     -1.360279     -1.360275
   3.29645     -1.336900     -1.336896
   3.35212     -1.307670     -1.307666
   3.40780     -1.273300     -1.273296
   3.46347     -1.234686     -1.234682
   3.51914     -1.192905     -1.192900
   3.57482     -1.156961     -1.156961
   3.63049     -1.170407     -1.170406
   3.68617     -1.180883     -1.180881
   3.74184     -1.191993     -1.191990
   3.79752     -1.200891     -1.200888
   3.85319     -1.198854     -1.198851
   3.90887     -1.189275     -1.189272
   3.90887     -1.189277     -1.189273
   3.96454     -1.198857     -1.198853
   4.02022     -1.200893     -1.200890
   4.07589     -1.191995     -1.191992
   4.13157     -1.180884     -1.180882
   4.18724     -1.170409     -1.170407
   4.24292     -1.156964     -1.156962
   4.29859     -1.192909     -1.192906
   4.35426     -1.234690     -1.234687
   4.40994     -1.273303     -1.273300
   4.46561     -1.307673     -1.307670
   4.52129     -1.336902     -1.336899
   4.57696     -1.360281     -1.360278
   4.63264     -1.377296     -1.377293
   4.68831     -1.387623     -1.387620
   4.74399     -1.390900     -1.390897
   4.74399     -1.390900     -1.390897
   4.79713     -1.390189     -1.390186
   4.85028     -1.387970     -1.387967
   4.90342     -1.384000     -1.383997
   4.95656     -1.377895     -1.377893
   5.00971     -1.369192     -1.369189
   5.06285     -1.357395     -1.357393
   5.11600     -1.342065     -1.342063
   5.16914     -1.322891     -1.322890
   5.22229     -1.299541     -1.299539
   5.27543     -1.272125     -1.272124
   5.32857     -1.240794     -1.240793
   5.38172     -1.205949     -1.205949
   5.43486     -1.168187     -1.168187
   5.48801     -1.169365     -1.169366
   5.54115     -1.156059     -1.156056
   5.59430     -1.187695     -1.187692
   5.64744     -1.212285     -1.212283
   5.70058     -1.104263     -1.104261
   5.75373     -0.999546     -0.999545
   5.80687     -0.929497     -0.929498
   5.86002     -0.901346     -0.901347
   5.91316     -0.887882     -0.887884
 
# Band-Index   18
   5.91316     -0.886558     -0.886558
   5.86002     -0.882813     -0.882814
   5.80687     -0.887397     -0.887398
   5.75373     -0.928233     -0.928232
   5.70058     -0.967712     -0.967712
   5.64744     -1.006152     -1.006152
   5.59430     -1.047098     -1.047100
   5.54115     -1.129294     -1.129295
   5.48801     -1.128314     -1.128314
   5.43486     -1.142454     -1.142454
   5.38172     -1.096350     -1.096350
   5.32857     -1.104141     -1.104141
   5.27543     -1.124742     -1.124742
   5.22229     -1.144076     -1.144076
   5.16914     -1.162809     -1.162809
   5.11600     -1.181110     -1.181110
   5.06285     -1.198852     -1.198852
   5.00971     -1.215408     -1.215408
   4.95656     -1.230066     -1.230066
   4.90342     -1.242160     -1.242160
   4.85028     -1.251166     -1.251166
   4.79713     -1.256716     -1.256716
   4.74399     -1.258877     -1.258876
   4.74399     -1.258877     -1.258876
   4.68831     -1.254289     -1.254289
   4.63264     -1.241163     -1.241162
   4.57696     -1.219904     -1.219903
   4.52129     -1.191377     -1.191377
   4.46561     -1.156745     -1.156745
   4.40994     -1.117406     -1.117405
   4.35426     -1.112352     -1.112350
   4.29859     -1.136628     -1.136626
   4.24292     -1.149098     -1.149095
   4.18724     -1.104699     -1.104696
   4.13157     -1.060869     -1.060865
   4.07589     -1.058872     -1.058873
   4.02022     -1.062554     -1.062555
   3.96454     -1.075128     -1.075129
   3.90887     -1.089083     -1.089085
   3.90887     -1.089073     -1.089074
   3.85319     -1.075121     -1.075122
   3.79752     -1.062551     -1.062552
   3.74184     -1.058870     -1.058871
   3.68617     -1.060861     -1.060856
   3.63049     -1.104693     -1.104688
   3.57482     -1.149092     -1.149088
   3.51914     -1.136625     -1.136624
   3.46347     -1.112347     -1.112347
   3.40780     -1.117420     -1.117419
   3.35212     -1.156761     -1.156759
   3.29645     -1.191393     -1.191392
   3.24077     -1.219921     -1.219919
   3.18510     -1.241181     -1.241179
   3.12942     -1.254307     -1.254306
   3.07375     -1.258877     -1.258876
   3.07375     -1.258877     -1.258876
   3.02059     -1.257005     -1.257003
   2.96743     -1.251452     -1.251450
   2.91427     -1.242445     -1.242443
   2.86112     -1.230350     -1.230349
   2.80796     -1.215696     -1.215695
   2.75480     -1.199148     -1.199147
   2.70164     -1.181419     -1.181418
   2.64849     -1.163102     -1.163101
   2.59533     -1.144421     -1.144421
   2.54217     -1.125108     -1.125107
   2.48901     -1.104520     -1.104520
   2.43586     -1.096920     -1.096919
   2.38270     -1.142971     -1.142969
   2.32954     -1.129394     -1.129393
   2.27638     -1.129081     -1.129083
   2.22323     -1.047315     -1.047314
   2.17007     -1.007299     -1.007298
   2.11691     -0.968996     -0.968996
   2.06375     -0.929756     -0.929754
   2.01060     -0.887741     -0.887742
   1.95744     -0.883189     -0.883190
   1.90428     -0.887510     -0.887511
   1.90428     -1.110417     -1.110416
   1.84574     -1.138211     -1.138209
   1.78719     -1.190280     -1.190278
   1.72864     -1.237633     -1.237631
   1.67009     -1.258877     -1.258876
   1.67009     -1.258877     -1.258876
   1.61442     -1.254311     -1.254309
   1.55875     -1.241188     -1.241187
   1.50308     -1.219933     -1.219932
   1.44741     -1.191412     -1.191410
   1.39175     -1.156784     -1.156782
   1.33608     -1.117447     -1.117445
   1.28041     -1.109410     -1.109408
   1.22474     -1.133081     -1.133079
   1.16907     -1.149071     -1.149067
   1.11340     -1.104701     -1.104697
   1.05773     -1.060874     -1.060869
   1.00206     -1.060121     -1.060122
   0.94639     -1.062208     -1.062210
   0.89072     -1.072786     -1.072788
   0.83505     -1.085279     -1.085281
   0.83505     -1.085288     -1.085290
   0.77938     -1.072793     -1.072795
   0.72371     -1.062212     -1.062213
   0.66804     -1.060123     -1.060124
   0.61237     -1.060881     -1.060878
   0.55670     -1.104708     -1.104704
   0.50103     -1.149077     -1.149073
   0.44536     -1.133083     -1.133081
   0.38969     -1.109413     -1.109411
   0.33402     -1.117433     -1.117432
   0.27835     -1.156768     -1.156768
   0.22268     -1.191395     -1.191395
   0.16701     -1.219916     -1.219916
   0.11134     -1.241171     -1.241170
   0.05567     -1.254293     -1.254292
   0.00000     -1.258877     -1.258876
 
# Band-Index   19
   0.00000     -1.258588     -1.258588
   0.05567     -1.246638     -1.246637
   0.11134     -1.215404     -1.215403
   0.16701     -1.174284     -1.174283
   0.22268     -1.132570     -1.132569
   0.27835     -1.101596     -1.101595
   0.33402     -1.093936     -1.093934
   0.38969     -1.075010     -1.075009
   0.44536     -1.031326     -1.031325
   0.50103     -1.000552     -1.000551
   0.55670     -1.033368     -1.033368
   0.61237     -1.053279     -1.053280
   0.66804     -1.018917     -1.018914
   0.72371     -0.980021     -0.980018
   0.77938     -0.972713     -0.972714
   0.83505     -0.982877     -0.982878
   0.83505     -0.982871     -0.982871
   0.89072     -0.972705     -0.972706
   0.94639     -0.980012     -0.980007
   1.00206     -1.018909     -1.018904
   1.05773     -1.053277     -1.053278
   1.11340     -1.033366     -1.033366
   1.16907     -1.000549     -1.000548
   1.22474     -1.031338     -1.031337
   1.28041     -1.075023     -1.075021
   1.33608     -1.093930     -1.093929
   1.39175     -1.101587     -1.101587
   1.44741     -1.132559     -1.132559
   1.50308     -1.174271     -1.174271
   1.55875     -1.215389     -1.215389
   1.61442     -1.246621     -1.246620
   1.67009     -1.258588     -1.258588
   1.67009     -1.258588     -1.258588
   1.72864     -1.237420     -1.237419
   1.78719     -1.190152     -1.190152
   1.84574     -1.135681     -1.135682
   1.90428     -0.961258     -0.961255
   1.90428     -0.680414     -0.680411
   1.95744     -0.767535     -0.767531
   2.01060     -0.862398     -0.862394
   2.06375     -0.900366     -0.900366
   2.11691     -0.919810     -0.919810
   2.17007     -0.963734     -0.963736
   2.22323     -1.046792     -1.046794
   2.27638     -1.088364     -1.088364
   2.32954     -1.125013     -1.125009
   2.38270     -1.094976     -1.094972
   2.43586     -1.081963     -1.081963
   2.48901     -1.045416     -1.045414
   2.54217     -1.021471     -1.021468
   2.59533     -1.006606     -1.006603
   2.64849     -1.000226     -1.000223
   2.70164     -1.006667     -1.006665
   2.75480     -1.030082     -1.030081
   2.80796     -1.069204     -1.069204
   2.86112     -1.117286     -1.117286
   2.91427     -1.167152     -1.167152
   2.96743     -1.212432     -1.212432
   3.02059     -1.245847     -1.245847
   3.07375     -1.258588     -1.258588
   3.07375     -1.258588     -1.258588
   3.12942     -1.246599     -1.246599
   3.18510     -1.215410     -1.215409
   3.24077     -1.174482     -1.174482
   3.29645     -1.133133     -1.133133
   3.35212     -1.102781     -1.102781
   3.40780     -1.096009     -1.096009
   3.46347     -1.074996     -1.074995
   3.51914     -1.031314     -1.031312
   3.57482     -0.997322     -0.997321
   3.63049     -1.030156     -1.030156
   3.68617     -1.050735     -1.050736
   3.74184     -1.018885     -1.018880
   3.79752     -0.979984     -0.979979
   3.85319     -0.971411     -0.971413
   3.90887     -0.981263     -0.981265
   3.90887     -0.981269     -0.981271
   3.96454     -0.971419     -0.971420
   4.02022     -0.979993     -0.979989
   4.07589     -1.018893     -1.018890
   4.13157     -1.050737     -1.050738
   4.18724     -1.030159     -1.030158
   4.24292     -0.997325     -0.997323
   4.29859     -1.031302     -1.031301
   4.35426     -1.074983     -1.074982
   4.40994     -1.096016     -1.096014
   4.46561     -1.102790     -1.102789
   4.52129     -1.133144     -1.133143
   4.57696     -1.174495     -1.174494
   4.63264     -1.215425     -1.215424
   4.68831     -1.246616     -1.246615
   4.74399     -1.258588     -1.258588
   4.74399     -1.258588     -1.258588
   4.79713     -1.246108     -1.246107
   4.85028     -1.212627     -1.212626
   4.90342     -1.167261     -1.167260
   4.95656     -1.117293     -1.117293
   5.00971     -1.069086     -1.069086
   5.06285     -1.029825     -1.029825
   5.11600     -1.006297     -1.006296
   5.16914     -0.999847     -0.999846
   5.22229     -1.006188     -1.006187
   5.27543     -1.021074     -1.021072
   5.32857     -1.044892     -1.044892
   5.38172     -1.081579     -1.081579
   5.43486     -1.094649     -1.094646
   5.48801     -1.124754     -1.124751
   5.54115     -1.087293     -1.087293
   5.59430     -1.046205     -1.046205
   5.64744     -0.964022     -0.964024
   5.70058     -0.919394     -0.919395
   5.75373     -0.899936     -0.899937
   5.80687     -0.861914     -0.861910
   5.86002     -0.768110     -0.768106
   5.91316     -0.684523     -0.684519
 
# Band-Index   20
   5.91316     -0.678020     -0.678016
   5.86002     -0.711676     -0.711678
   5.80687     -0.761473     -0.761475
   5.75373     -0.820107     -0.820109
   5.70058     -0.887755     -0.887757
   5.64744     -0.943952     -0.943952
   5.59430     -0.971673     -0.971673
   5.54115     -1.000737     -1.000737
   5.48801     -1.029470     -1.029470
   5.43486     -1.056649     -1.056649
   5.38172     -1.066654     -1.066652
   5.32857     -1.041680     -1.041677
   5.27543     -0.990623     -0.990624
   5.22229     -0.934655     -0.934655
   5.16914     -0.877197     -0.877198
   5.11600     -0.875763     -0.875758
   5.06285     -0.874617     -0.874613
   5.00971     -0.868590     -0.868586
   4.95656     -0.859757     -0.859752
   4.90342     -0.850217     -0.850212
   4.85028     -0.841859     -0.841854
   4.79713     -0.836195     -0.836190
   4.74399     -0.834194     -0.834190
   4.74399     -0.834194     -0.834190
   4.68831     -0.837890     -0.837885
   4.63264     -0.848987     -0.848982
   4.57696     -0.865512     -0.865507
   4.52129     -0.883918     -0.883914
   4.46561     -0.897147     -0.897143
   4.40994     -0.896091     -0.896088
   4.35426     -0.908055     -0.908053
   4.29859     -0.955475     -0.955473
   4.24292     -0.988369     -0.988368
   4.18724     -0.948441     -0.948440
   4.13157     -0.914271     -0.914270
   4.07589     -0.901922     -0.901923
   4.02022     -0.941071     -0.941072
   3.96454     -0.945256     -0.945252
   3.90887     -0.917026     -0.917022
   3.90887     -0.917016     -0.917010
   3.85319     -0.945246     -0.945241
   3.79752     -0.941060     -0.941061
   3.74184     -0.901910     -0.901911
   3.68617     -0.914277     -0.914274
   3.63049     -0.948450     -0.948448
   3.57482     -0.988380     -0.988378
   3.51914     -0.955472     -0.955471
   3.46347     -0.908052     -0.908051
   3.40780     -0.896089     -0.896087
   3.35212     -0.897148     -0.897145
   3.29645     -0.883921     -0.883918
   3.24077     -0.865515     -0.865512
   3.18510     -0.848990     -0.848986
   3.12942     -0.837893     -0.837889
   3.07375     -0.834194     -0.834190
   3.07375     -0.834194     -0.834190
   3.02059     -0.835787     -0.835784
   2.96743     -0.841467     -0.841463
   2.91427     -0.849848     -0.849845
   2.86112     -0.859412     -0.859409
   2.80796     -0.868265     -0.868261
   2.75480     -0.874302     -0.874299
   2.70164     -0.875455     -0.875451
   2.64849     -0.878068     -0.878066
   2.59533     -0.935300     -0.935299
   2.54217     -0.991251     -0.991250
   2.48901     -1.042139     -1.042135
   2.43586     -1.067016     -1.067012
   2.38270     -1.057034     -1.057034
   2.32954     -1.029851     -1.029851
   2.27638     -1.001110     -1.001110
   2.22323     -0.972038     -0.972038
   2.17007     -0.944248     -0.944248
   2.11691     -0.887437     -0.887439
   2.06375     -0.819888     -0.819891
   2.01060     -0.761326     -0.761328
   1.95744     -0.711583     -0.711585
   1.90428     -0.680414     -0.680410
   1.90428     -0.961255     -0.961251
   1.84574     -0.934782     -0.934778
   1.78719     -0.887434     -0.887430
   1.72864     -0.848968     -0.848963
   1.67009     -0.834194     -0.834190
   1.67009     -0.834194     -0.834190
   1.61442     -0.837880     -0.837877
   1.55875     -0.848935     -0.848932
   1.50308     -0.865380     -0.865377
   1.44741     -0.883675     -0.883672
   1.39175     -0.896832     -0.896829
   1.33608     -0.895975     -0.895973
   1.28041     -0.910280     -0.910278
   1.22474     -0.958350     -0.958350
   1.16907     -0.988397     -0.988395
   1.11340     -0.948461     -0.948459
   1.05773     -0.914279     -0.914276
   1.00206     -0.902029     -0.902029
   0.94639     -0.941656     -0.941656
   0.89072     -0.945281     -0.945276
   0.83505     -0.916957     -0.916952
   0.83505     -0.916967     -0.916964
   0.77938     -0.945291     -0.945287
   0.72371     -0.941667     -0.941668
   0.66804     -0.902040     -0.902042
   0.61237     -0.914273     -0.914271
   0.55670     -0.948452     -0.948451
   0.50103     -0.988387     -0.988386
   0.44536     -0.958354     -0.958353
   0.38969     -0.910283     -0.910282
   0.33402     -0.895977     -0.895974
   0.27835     -0.896831     -0.896827
   0.22268     -0.883672     -0.883668
   0.16701     -0.865377     -0.865372
   0.11134     -0.848932     -0.848927
   0.05567     -0.837877     -0.837872
   0.00000     -0.834194     -0.834190
 
# Band-Index   21
   0.00000     -0.833781     -0.833778
   0.05567     -0.833407     -0.833403
   0.11134     -0.831734     -0.831731
   0.16701     -0.829082     -0.829079
   0.22268     -0.825682     -0.825679
   0.27835     -0.821883     -0.821880
   0.33402     -0.841496     -0.841496
   0.38969     -0.869615     -0.869616
   0.44536     -0.852012     -0.852013
   0.50103     -0.841522     -0.841523
   0.55670     -0.846515     -0.846516
   0.61237     -0.867854     -0.867856
   0.66804     -0.890114     -0.890112
   0.72371     -0.882807     -0.882804
   0.77938     -0.893658     -0.893654
   0.83505     -0.914835     -0.914832
   0.83505     -0.914825     -0.914820
   0.89072     -0.893648     -0.893642
   0.94639     -0.882800     -0.882795
   1.00206     -0.890114     -0.890110
   1.05773     -0.867843     -0.867843
   1.11340     -0.846503     -0.846504
   1.16907     -0.841511     -0.841512
   1.22474     -0.852003     -0.852003
   1.28041     -0.869608     -0.869609
   1.33608     -0.841487     -0.841488
   1.39175     -0.821880     -0.821875
   1.44741     -0.825679     -0.825674
   1.50308     -0.829079     -0.829074
   1.55875     -0.831731     -0.831727
   1.61442     -0.833404     -0.833399
   1.67009     -0.833781     -0.833778
   1.67009     -0.833781     -0.833778
   1.72864     -0.848602     -0.848598
   1.78719     -0.887174     -0.887170
   1.84574     -0.934644     -0.934641
   1.90428     -0.946900     -0.946902
   1.90428     -0.670167     -0.670170
   1.95744     -0.636436     -0.636438
   2.01060     -0.609620     -0.609622
   2.06375     -0.589059     -0.589061
   2.11691     -0.574304     -0.574306
   2.17007     -0.594009     -0.594005
   2.22323     -0.625480     -0.625476
   2.27638     -0.661571     -0.661567
   2.32954     -0.699971     -0.699967
   2.38270     -0.738574     -0.738570
   2.43586     -0.775379     -0.775375
   2.48901     -0.808475     -0.808470
   2.54217     -0.836111     -0.836107
   2.59533     -0.856854     -0.856850
   2.64849     -0.869667     -0.869663
   2.70164     -0.818757     -0.818756
   2.75480     -0.823665     -0.823661
   2.80796     -0.835245     -0.835240
   2.86112     -0.838530     -0.838526
   2.91427     -0.837973     -0.837969
   2.96743     -0.836247     -0.836242
   3.02059     -0.834761     -0.834756
   3.07375     -0.833781     -0.833778
   3.07375     -0.833781     -0.833778
   3.12942     -0.833403     -0.833398
   3.18510     -0.831731     -0.831726
   3.24077     -0.829079     -0.829074
   3.29645     -0.825677     -0.825672
   3.35212     -0.821873     -0.821869
   3.40780     -0.840294     -0.840294
   3.46347     -0.870088     -0.870087
   3.51914     -0.852609     -0.852608
   3.57482     -0.842074     -0.842074
   3.63049     -0.846915     -0.846915
   3.68617     -0.868022     -0.868023
   3.74184     -0.890117     -0.890113
   3.79752     -0.882791     -0.882786
   3.85319     -0.893617     -0.893611
   3.90887     -0.914692     -0.914687
   3.90887     -0.914702     -0.914699
   3.96454     -0.893627     -0.893623
   4.02022     -0.882798     -0.882795
   4.07589     -0.890117     -0.890115
   4.13157     -0.868034     -0.868036
   4.18724     -0.846926     -0.846928
   4.24292     -0.842084     -0.842085
   4.29859     -0.852618     -0.852618
   4.35426     -0.870095     -0.870095
   4.40994     -0.840301     -0.840301
   4.46561     -0.821877     -0.821874
   4.52129     -0.825680     -0.825677
   4.57696     -0.829082     -0.829078
   4.63264     -0.831734     -0.831730
   4.68831     -0.833406     -0.833403
   4.74399     -0.833781     -0.833778
   4.74399     -0.833781     -0.833778
   4.79713     -0.834354     -0.834350
   4.85028     -0.835862     -0.835859
   4.90342     -0.837627     -0.837623
   4.95656     -0.838244     -0.838240
   5.00971     -0.835045     -0.835041
   5.06285     -0.823575     -0.823572
   5.11600     -0.818205     -0.818206
   5.16914     -0.870370     -0.870366
   5.22229     -0.857327     -0.857323
   5.27543     -0.836641     -0.836637
   5.32857     -0.809085     -0.809081
   5.38172     -0.776082     -0.776078
   5.43486     -0.739376     -0.739372
   5.48801     -0.700872     -0.700869
   5.54115     -0.662567     -0.662564
   5.59430     -0.626558     -0.626555
   5.64744     -0.595190     -0.595187
   5.70058     -0.574006     -0.574008
   5.75373     -0.588777     -0.588779
   5.80687     -0.609380     -0.609381
   5.86002     -0.636231     -0.636233
   5.91316     -0.672360     -0.672362
 
# Band-Index   22
   5.91316     -0.667874     -0.667876
   5.86002     -0.613029     -0.613024
   5.80687     -0.571568     -0.571563
   5.75373     -0.560228     -0.560225
   5.70058     -0.571320     -0.571317
   5.64744     -0.564896     -0.564897
   5.59430     -0.561516     -0.561517
   5.54115     -0.564287     -0.564288
   5.48801     -0.573631     -0.573631
   5.43486     -0.589987     -0.589988
   5.38172     -0.613596     -0.613596
   5.32857     -0.644265     -0.644265
   5.27543     -0.681110     -0.681109
   5.22229     -0.722124     -0.722122
   5.16914     -0.763633     -0.763631
   5.11600     -0.799379     -0.799376
   5.06285     -0.757633     -0.757633
   5.00971     -0.695804     -0.695805
   4.95656     -0.633712     -0.633713
   4.90342     -0.574153     -0.574153
   4.85028     -0.522475     -0.522476
   4.79713     -0.486345     -0.486346
   4.74399     -0.473783     -0.473783
   4.74399     -0.473783     -0.473783
   4.68831     -0.491686     -0.491686
   4.63264     -0.541741     -0.541742
   4.57696     -0.612859     -0.612859
   4.52129     -0.692882     -0.692882
   4.46561     -0.771360     -0.771360
   4.40994     -0.818123     -0.818120
   4.35426     -0.814994     -0.814991
   4.29859     -0.813096     -0.813093
   4.24292     -0.813032     -0.813029
   4.18724     -0.815228     -0.815225
   4.13157     -0.819515     -0.819513
   4.07589     -0.823978     -0.823976
   4.02022     -0.823730     -0.823729
   3.96454     -0.818725     -0.818725
   3.90887     -0.816080     -0.816080
   3.90887     -0.816095     -0.816095
   3.85319     -0.818739     -0.818739
   3.79752     -0.823741     -0.823740
   3.74184     -0.823982     -0.823980
   3.68617     -0.819514     -0.819511
   3.63049     -0.815225     -0.815221
   3.57482     -0.813029     -0.813024
   3.51914     -0.813092     -0.813087
   3.46347     -0.814990     -0.814986
   3.40780     -0.818120     -0.818115
   3.35212     -0.771351     -0.771351
   3.29645     -0.692871     -0.692871
   3.24077     -0.612846     -0.612846
   3.18510     -0.541728     -0.541728
   3.12942     -0.491671     -0.491671
   3.07375     -0.473783     -0.473783
   3.07375     -0.473783     -0.473783
   3.02059     -0.486868     -0.486868
   2.96743     -0.523011     -0.523011
   2.91427     -0.574724     -0.574724
   2.86112     -0.634314     -0.634314
   2.80796     -0.696424     -0.696423
   2.75480     -0.758261     -0.758260
   2.70164     -0.799445     -0.799443
   2.64849     -0.763556     -0.763554
   2.59533     -0.722158     -0.722157
   2.54217     -0.681198     -0.681198
   2.48901     -0.644408     -0.644408
   2.43586     -0.613790     -0.613791
   2.38270     -0.590229     -0.590230
   2.32954     -0.573911     -0.573912
   2.27638     -0.564596     -0.564597
   2.22323     -0.561840     -0.561842
   2.17007     -0.565191     -0.565193
   2.11691     -0.570122     -0.570118
   2.06375     -0.559049     -0.559045
   2.01060     -0.570448     -0.570444
   1.95744     -0.612051     -0.612047
   1.90428     -0.670167     -0.670169
   1.90428     -0.946888     -0.946889
   1.84574     -0.766672     -0.766673
   1.78719     -0.611093     -0.611094
   1.72864     -0.501910     -0.501911
   1.67009     -0.473783     -0.473783
   1.67009     -0.473783     -0.473783
   1.61442     -0.491478     -0.491479
   1.55875     -0.541537     -0.541537
   1.50308     -0.612804     -0.612805
   1.44741     -0.693128     -0.693128
   1.39175     -0.772078     -0.772078
   1.33608     -0.818126     -0.818122
   1.28041     -0.815009     -0.815004
   1.22474     -0.813122     -0.813117
   1.16907     -0.813072     -0.813068
   1.11340     -0.815282     -0.815278
   1.05773     -0.819583     -0.819580
   1.00206     -0.824059     -0.824056
   0.94639     -0.823806     -0.823805
   0.89072     -0.818785     -0.818785
   0.83505     -0.816135     -0.816134
   0.83505     -0.816120     -0.816120
   0.77938     -0.818771     -0.818771
   0.72371     -0.823795     -0.823795
   0.66804     -0.824054     -0.824053
   0.61237     -0.819584     -0.819581
   0.55670     -0.815285     -0.815282
   0.50103     -0.813076     -0.813073
   0.44536     -0.813126     -0.813123
   0.38969     -0.815013     -0.815010
   0.33402     -0.818130     -0.818127
   0.27835     -0.772087     -0.772087
   0.22268     -0.693139     -0.693139
   0.16701     -0.612817     -0.612817
   0.11134     -0.541551     -0.541551
   0.05567     -0.491493     -0.491493
   0.00000     -0.473783     -0.473783
 
# Band-Index   23
   0.00000     -0.473231     -0.473232
   0.05567     -0.470756     -0.470757
   0.11134     -0.464253     -0.464253
   0.16701     -0.466506     -0.466506
   0.22268     -0.470327     -0.470328
   0.27835     -0.475551     -0.475552
   0.33402     -0.481642     -0.481643
   0.38969     -0.487137     -0.487137
   0.44536     -0.489546     -0.489546
   0.50103     -0.486082     -0.486082
   0.55670     -0.475519     -0.475519
   0.61237     -0.459599     -0.459599
   0.66804     -0.442080     -0.442080
   0.72371     -0.426788     -0.426788
   0.77938     -0.416531     -0.416531
   0.83505     -0.412935     -0.412935
   0.83505     -0.412943     -0.412945
   0.89072     -0.416539     -0.416541
   0.94639     -0.426796     -0.426799
   1.00206     -0.442089     -0.442091
   1.05773     -0.459607     -0.459609
   1.11340     -0.475527     -0.475529
   1.16907     -0.486089     -0.486090
   1.22474     -0.489551     -0.489552
   1.28041     -0.487140     -0.487141
   1.33608     -0.481644     -0.481645
   1.39175     -0.475552     -0.475553
   1.44741     -0.470327     -0.470328
   1.50308     -0.466506     -0.466506
   1.55875     -0.464255     -0.464256
   1.61442     -0.470771     -0.470771
   1.67009     -0.473231     -0.473232
   1.67009     -0.473231     -0.473232
   1.72864     -0.467929     -0.467929
   1.78719     -0.455152     -0.455152
   1.84574     -0.443560     -0.443559
   1.90428     -0.439014     -0.439013
   1.90428     -0.437911     -0.437912
   1.95744     -0.442202     -0.442203
   2.01060     -0.441073     -0.441074
   2.06375     -0.431796     -0.431796
   2.11691     -0.427789     -0.427790
   2.17007     -0.431209     -0.431209
   2.22323     -0.436960     -0.436960
   2.27638     -0.444613     -0.444613
   2.32954     -0.453604     -0.453605
   2.38270     -0.463278     -0.463279
   2.43586     -0.472933     -0.472934
   2.48901     -0.481868     -0.481868
   2.54217     -0.489428     -0.489428
   2.59533     -0.495056     -0.495057
   2.64849     -0.498351     -0.498351
   2.70164     -0.499125     -0.499126
   2.75480     -0.497451     -0.497452
   2.80796     -0.493707     -0.493707
   2.86112     -0.488571     -0.488572
   2.91427     -0.482974     -0.482975
   2.96743     -0.477950     -0.477951
   3.02059     -0.474475     -0.474475
   3.07375     -0.473231     -0.473232
   3.07375     -0.473231     -0.473232
   3.12942     -0.470758     -0.470758
   3.18510     -0.463919     -0.463920
   3.24077     -0.466052     -0.466054
   3.29645     -0.469759     -0.469761
   3.35212     -0.474839     -0.474840
   3.40780     -0.480763     -0.480764
   3.46347     -0.486092     -0.486094
   3.51914     -0.488382     -0.488384
   3.57482     -0.484896     -0.484898
   3.63049     -0.474419     -0.474421
   3.68617     -0.458647     -0.458649
   3.74184     -0.441273     -0.441275
   3.79752     -0.426089     -0.426091
   3.85319     -0.415894     -0.415897
   3.90887     -0.412319     -0.412321
   3.90887     -0.412311     -0.412311
   3.96454     -0.415886     -0.415886
   4.02022     -0.426081     -0.426081
   4.07589     -0.441265     -0.441264
   4.13157     -0.458638     -0.458638
   4.18724     -0.474412     -0.474412
   4.24292     -0.484889     -0.484889
   4.29859     -0.488377     -0.488378
   4.35426     -0.486089     -0.486089
   4.40994     -0.480761     -0.480762
   4.46561     -0.474838     -0.474839
   4.52129     -0.469759     -0.469760
   4.57696     -0.466052     -0.466053
   4.63264     -0.463917     -0.463917
   4.68831     -0.470743     -0.470743
   4.74399     -0.473231     -0.473232
   4.74399     -0.473231     -0.473232
   4.79713     -0.475008     -0.475008
   4.85028     -0.478442     -0.478442
   4.90342     -0.483415     -0.483415
   4.95656     -0.488961     -0.488961
   5.00971     -0.494048     -0.494048
   5.06285     -0.497748     -0.497749
   5.11600     -0.499385     -0.499386
   5.16914     -0.498630     -0.498631
   5.22229     -0.495270     -0.495271
   5.27543     -0.489627     -0.489628
   5.32857     -0.482063     -0.482063
   5.38172     -0.473134     -0.473135
   5.43486     -0.463493     -0.463494
   5.48801     -0.453841     -0.453842
   5.54115     -0.444881     -0.444882
   5.59430     -0.437269     -0.437270
   5.64744     -0.431601     -0.431602
   5.70058     -0.428326     -0.428327
   5.75373     -0.432558     -0.432557
   5.80687     -0.441775     -0.441776
   5.86002     -0.443056     -0.443057
   5.91316     -0.440188     -0.440188
 
# Band-Index   24
   5.91316     -0.436777     -0.436779
   5.86002     -0.432901     -0.432902
   5.80687     -0.428976     -0.428977
   5.75373     -0.427038     -0.427039
   5.70058     -0.420618     -0.420618
   5.64744     -0.413432     -0.413432
   5.59430     -0.411310     -0.411310
   5.54115     -0.413292     -0.413292
   5.48801     -0.417867     -0.417868
   5.43486     -0.423857     -0.423857
   5.38172     -0.430398     -0.430399
   5.32857     -0.436874     -0.436875
   5.27543     -0.442875     -0.442876
   5.22229     -0.448113     -0.448114
   5.16914     -0.452473     -0.452474
   5.11600     -0.455797     -0.455798
   5.06285     -0.458246     -0.458247
   5.00971     -0.459901     -0.459902
   4.95656     -0.460921     -0.460922
   4.90342     -0.461477     -0.461479
   4.85028     -0.461734     -0.461736
   4.79713     -0.461831     -0.461832
   4.74399     -0.461848     -0.461850
   4.74399     -0.461848     -0.461850
   4.68831     -0.462276     -0.462277
   4.63264     -0.462250     -0.462252
   4.57696     -0.449287     -0.449288
   4.52129     -0.431564     -0.431564
   4.46561     -0.410042     -0.410043
   4.40994     -0.385588     -0.385588
   4.35426     -0.359171     -0.359171
   4.29859     -0.331851     -0.331852
   4.24292     -0.304764     -0.304764
   4.18724     -0.279083     -0.279084
   4.13157     -0.255990     -0.255991
   4.07589     -0.236610     -0.236611
   4.02022     -0.221952     -0.221952
   3.96454     -0.212811     -0.212812
   3.90887     -0.209704     -0.209705
   3.90887     -0.209715     -0.209716
   3.85319     -0.212822     -0.212823
   3.79752     -0.221962     -0.221963
   3.74184     -0.236621     -0.236622
   3.68617     -0.256002     -0.256002
   3.63049     -0.279095     -0.279095
   3.57482     -0.304776     -0.304777
   3.51914     -0.331864     -0.331864
   3.46347     -0.359184     -0.359184
   3.40780     -0.385601     -0.385602
   3.35212     -0.410057     -0.410057
   3.29645     -0.431578     -0.431579
   3.24077     -0.449302     -0.449302
   3.18510     -0.462263     -0.462264
   3.12942     -0.462275     -0.462277
   3.07375     -0.461848     -0.461850
   3.07375     -0.461848     -0.461850
   3.02059     -0.461861     -0.461863
   2.96743     -0.461760     -0.461761
   2.91427     -0.461479     -0.461480
   2.86112     -0.460899     -0.460900
   2.80796     -0.459856     -0.459857
   2.75480     -0.458183     -0.458184
   2.70164     -0.455719     -0.455720
   2.64849     -0.452345     -0.452346
   2.59533     -0.448016     -0.448017
   2.54217     -0.442781     -0.442782
   2.48901     -0.436783     -0.436784
   2.43586     -0.430310     -0.430311
   2.38270     -0.423770     -0.423770
   2.32954     -0.417773     -0.417773
   2.27638     -0.413176     -0.413176
   2.22323     -0.411154     -0.411154
   2.17007     -0.413170     -0.413170
   2.11691     -0.420408     -0.420408
   2.06375     -0.426947     -0.426947
   2.01060     -0.428683     -0.428684
   1.95744     -0.432649     -0.432650
   1.90428     -0.437910     -0.437911
   1.90428     -0.439001     -0.439001
   1.84574     -0.443415     -0.443415
   1.78719     -0.454866     -0.454866
   1.72864     -0.467539     -0.467540
   1.67009     -0.461848     -0.461850
   1.67009     -0.461848     -0.461850
   1.61442     -0.462496     -0.462497
   1.55875     -0.462294     -0.462295
   1.50308     -0.449324     -0.449324
   1.44741     -0.431617     -0.431617
   1.39175     -0.410111     -0.410111
   1.33608     -0.385672     -0.385672
   1.28041     -0.359270     -0.359270
   1.22474     -0.331963     -0.331964
   1.16907     -0.304888     -0.304889
   1.11340     -0.279219     -0.279219
   1.05773     -0.256136     -0.256137
   1.00206     -0.236765     -0.236766
   0.94639     -0.222114     -0.222115
   0.89072     -0.212979     -0.212980
   0.83505     -0.209874     -0.209874
   0.83505     -0.209863     -0.209864
   0.77938     -0.212968     -0.212969
   0.72371     -0.222103     -0.222104
   0.66804     -0.236754     -0.236755
   0.61237     -0.256125     -0.256125
   0.55670     -0.279207     -0.279207
   0.50103     -0.304876     -0.304877
   0.44536     -0.331950     -0.331951
   0.38969     -0.359256     -0.359257
   0.33402     -0.385658     -0.385659
   0.27835     -0.410097     -0.410097
   0.22268     -0.431602     -0.431603
   0.16701     -0.449309     -0.449310
   0.11134     -0.462281     -0.462283
   0.05567     -0.462496     -0.462497
   0.00000     -0.461848     -0.461850
 
# Band-Index   25
   0.00000      1.641594      1.641592
   0.05567      1.678292      1.678290
   0.11134      1.783266      1.783264
   0.16701      1.944113      1.944111
   0.22268      2.146461      2.146460
   0.27835      2.377218      2.377217
   0.33402      2.625269      2.625268
   0.38969      2.881084      2.881083
   0.44536      3.136427      3.136426
   0.50103      3.384327      3.384326
   0.55670      3.591037      3.591036
   0.61237      3.476195      3.476195
   0.66804      3.362251      3.362250
   0.72371      3.272650      3.272648
   0.77938      3.215716      3.215714
   0.83505      3.196209      3.196208
   0.83505      3.196215      3.196214
   0.89072      3.215722      3.215721
   0.94639      3.272656      3.272655
   1.00206      3.362258      3.362256
   1.05773      3.476202      3.476201
   1.11340      3.591040      3.591038
   1.16907      3.384328      3.384327
   1.22474      3.136428      3.136427
   1.28041      2.881085      2.881084
   1.33608      2.625270      2.625269
   1.39175      2.377218      2.377217
   1.44741      2.146462      2.146460
   1.50308      1.944113      1.944112
   1.55875      1.783266      1.783265
   1.61442      1.678292      1.678290
   1.67009      1.641594      1.641592
   1.67009      1.641594      1.641592
   1.72864      1.692357      1.692355
   1.78719      1.833731      1.833730
   1.84574      2.042019      2.042017
   1.90428      2.293982      2.293980
   1.90428      2.171370      2.171368
   1.95744      2.156433      2.156431
   2.01060      2.187847      2.187845
   2.06375      2.261973      2.261971
   2.11691      2.373966      2.373964
   2.17007      2.518484      2.518482
   2.22323      2.690014      2.690013
   2.27638      2.882737      2.882736
   2.32954      3.089759      3.089758
   2.38270      3.300750      3.300749
   2.43586      3.492460      3.492458
   2.48901      3.585861      3.585861
   2.54217      3.486498      3.486498
   2.59533      3.286395      3.286395
   2.64849      3.052291      3.052290
   2.70164      2.806466      2.806465
   2.75480      2.560910      2.560909
   2.80796      2.324951      2.324950
   2.86112      2.107698      2.107696
   2.91427      1.919165      1.919163
   2.96743      1.770843      1.770842
   3.02059      1.674927      1.674926
   3.07375      1.641594      1.641592
   3.07375      1.641594      1.641592
   3.12942      1.678279      1.678277
   3.18510      1.783217      1.783215
   3.24077      1.944005      1.944003
   3.29645      2.146272      2.146270
   3.35212      2.376923      2.376922
   3.40780      2.624848      2.624847
   3.46347      2.880517      2.880516
   3.51914      3.135697      3.135696
   3.57482      3.383462      3.383461
   3.63049      3.591729      3.591728
   3.68617      3.476012      3.476010
   3.74184      3.361777      3.361776
   3.79752      3.272028      3.272027
   3.85319      3.215022      3.215020
   3.90887      3.195493      3.195492
   3.90887      3.195487      3.195486
   3.96454      3.215015      3.215014
   4.02022      3.272022      3.272020
   4.07589      3.361771      3.361770
   4.13157      3.476005      3.476004
   4.18724      3.591727      3.591726
   4.24292      3.383461      3.383460
   4.29859      3.135696      3.135695
   4.35426      2.880515      2.880515
   4.40994      2.624847      2.624846
   4.46561      2.376922      2.376921
   4.52129      2.146271      2.146270
   4.57696      1.944004      1.944003
   4.63264      1.783217      1.783215
   4.68831      1.678279      1.678277
   4.74399      1.641594      1.641592
   4.74399      1.641594      1.641592
   4.79713      1.674900      1.674898
   4.85028      1.770738      1.770736
   4.90342      1.918950      1.918949
   4.95656      2.107356      2.107355
   5.00971      2.324477      2.324477
   5.06285      2.560299      2.560299
   5.11600      2.805726      2.805726
   5.16914      3.051439      3.051439
   5.22229      3.285399      3.285400
   5.27543      3.485437      3.485438
   5.32857      3.585201      3.585201
   5.38172      3.492697      3.492697
   5.43486      3.301439      3.301437
   5.48801      3.090682      3.090680
   5.54115      2.883806      2.883804
   5.59430      2.691167      2.691166
   5.64744      2.519716      2.519715
   5.70058      2.375150      2.375149
   5.75373      2.263053      2.263051
   5.80687      2.188792      2.188791
   5.86002      2.157191      2.157189
   5.91316      2.171289      2.171287
 
# Band-Index   26
   5.91316      2.172514      2.172513
   5.86002      2.234536      2.234534
   5.80687      2.344110      2.344109
   5.75373      2.497008      2.497007
   5.70058      2.687263      2.687262
   5.64744      2.881039      2.881037
   5.59430      3.061197      3.061196
   5.54115      3.254252      3.254251
   5.48801      3.447251      3.447250
   5.43486      3.577743      3.577744
   5.38172      3.675784      3.675785
   5.32857      3.743917      3.743918
   5.27543      3.779608      3.779609
   5.22229      3.783065      3.783065
   5.16914      3.757466      3.757466
   5.11600      3.708287      3.708287
   5.06285      3.636709      3.636707
   5.00971      3.569978      3.569978
   4.95656      3.497174      3.497173
   4.90342      3.432051      3.432051
   4.85028      3.380823      3.380823
   4.79713      3.348142      3.348141
   4.74399      3.336921      3.336920
   4.74399      3.336921      3.336920
   4.68831      3.336997      3.336996
   4.63264      3.346628      3.346626
   4.57696      3.373482      3.373481
   4.52129      3.419755      3.419753
   4.46561      3.486187      3.486185
   4.40994      3.571985      3.571984
   4.35426      3.671004      3.671004
   4.29859      3.749633      3.749634
   4.24292      3.717226      3.717226
   4.18724      3.632684      3.632683
   4.13157      3.843656      3.843655
   4.07589      4.047250      4.047249
   4.02022      4.226812      4.226811
   3.96454      4.365177      4.365175
   3.90887      4.422926      4.422924
   3.90887      4.422932      4.422931
   3.85319      4.365181      4.365181
   3.79752      4.226816      4.226815
   3.74184      4.047252      4.047251
   3.68617      3.843658      3.843657
   3.63049      3.632689      3.632688
   3.57482      3.717231      3.717230
   3.51914      3.749634      3.749633
   3.46347      3.671003      3.671002
   3.40780      3.571983      3.571982
   3.35212      3.486185      3.486183
   3.29645      3.419753      3.419752
   3.24077      3.373481      3.373480
   3.18510      3.346627      3.346626
   3.12942      3.336997      3.336996
   3.07375      3.336921      3.336920
   3.07375      3.336921      3.336920
   3.02059      3.348168      3.348167
   2.96743      3.380922      3.380921
   2.91427      3.432267      3.432266
   2.86112      3.497536      3.497535
   2.80796      3.570216      3.570215
   2.75480      3.637257      3.637255
   2.70164      3.708984      3.708983
   2.64849      3.758490      3.758489
   2.59533      3.784280      3.784280
   2.54217      3.780938      3.780938
   2.48901      3.745324      3.745324
   2.43586      3.677240      3.677240
   2.38270      3.579293      3.579293
   2.32954      3.450281      3.450280
   2.27638      3.255579      3.255578
   2.22323      3.062255      3.062254
   2.17007      2.881793      2.881792
   2.11691      2.687871      2.687869
   2.06375      2.497341      2.497339
   2.01060      2.344137      2.344136
   1.95744      2.234267      2.234266
   1.90428      2.171370      2.171368
   1.90428      2.293986      2.293984
   1.84574      2.570826      2.570824
   1.78719      2.855613      2.855611
   1.72864      3.128177      3.128175
   1.67009      3.336921      3.336920
   1.67009      3.336921      3.336920
   1.61442      3.337097      3.337096
   1.55875      3.346884      3.346883
   1.50308      3.373856      3.373854
   1.44741      3.420157      3.420155
   1.39175      3.486471      3.486470
   1.33608      3.571924      3.571923
   1.28041      3.670204      3.670203
   1.22474      3.747754      3.747754
   1.16907      3.716215      3.716214
   1.11340      3.634389      3.634388
   1.05773      3.845150      3.845150
   1.00206      4.048912      4.048912
   0.94639      4.228692      4.228691
   0.89072      4.367322      4.367321
   0.83505      4.425254      4.425253
   0.83505      4.425247      4.425246
   0.77938      4.367316      4.367315
   0.72371      4.228688      4.228687
   0.66804      4.048910      4.048909
   0.61237      3.845149      3.845148
   0.55670      3.634384      3.634384
   0.50103      3.716211      3.716210
   0.44536      3.747754      3.747754
   0.38969      3.670206      3.670205
   0.33402      3.571925      3.571925
   0.27835      3.486473      3.486472
   0.22268      3.420158      3.420157
   0.16701      3.373856      3.373855
   0.11134      3.346884      3.346883
   0.05567      3.337098      3.337097
   0.00000      3.336921      3.336920
 
# Band-Index   27
   0.00000      3.394747      3.394743
   0.05567      3.414084      3.414081
   0.11134      3.462223      3.462220
   0.16701      3.530018      3.530016
   0.22268      3.613544      3.613543
   0.27835      3.709340      3.709339
   0.33402      3.810209      3.810209
   0.38969      3.896238      3.896237
   0.44536      3.945685      3.945684
   0.50103      4.033245      4.033244
   0.55670      4.173242      4.173241
   0.61237      4.326114      4.326113
   0.66804      4.471828      4.471827
   0.72371      4.589792      4.589791
   0.77938      4.654683      4.654681
   0.83505      4.667681      4.667680
   0.83505      4.667684      4.667682
   0.89072      4.654686      4.654699
   0.94639      4.589796      4.589795
   1.00206      4.471831      4.471830
   1.05773      4.326116      4.326115
   1.11340      4.173243      4.173242
   1.16907      4.033246      4.033245
   1.22474      3.945687      3.945685
   1.28041      3.896237      3.896235
   1.33608      3.810207      3.810206
   1.39175      3.709339      3.709337
   1.44741      3.613543      3.613541
   1.50308      3.530018      3.530016
   1.55875      3.462222      3.462220
   1.61442      3.414084      3.414081
   1.67009      3.394747      3.394743
   1.67009      3.394747      3.394743
   1.72864      3.540400      3.540399
   1.78719      3.648458      3.648457
   1.84574      3.717018      3.717017
   1.90428      3.766752      3.766751
   1.90428      2.482090      2.482088
   1.95744      2.476949      2.476948
   2.01060      2.516704      2.516702
   2.06375      2.600743      2.600742
   2.11691      2.724848      2.724846
   2.17007      2.907597      2.907596
   2.22323      3.145614      3.145613
   2.27638      3.315391      3.315391
   2.32954      3.456470      3.456470
   2.38270      3.634529      3.634528
   2.43586      3.796949      3.796948
   2.48901      3.928042      3.928042
   2.54217      3.908894      3.908893
   2.59533      3.854128      3.854127
   2.64849      3.784065      3.784064
   2.70164      3.709851      3.709850
   2.75480      3.643814      3.643814
   2.80796      3.570877      3.570875
   2.86112      3.511830      3.511827
   2.91427      3.462938      3.462935
   2.96743      3.425903      3.425900
   3.02059      3.402666      3.402663
   3.07375      3.394747      3.394743
   3.07375      3.394747      3.394743
   3.12942      3.414173      3.414170
   3.18510      3.462443      3.462441
   3.24077      3.530368      3.530366
   3.29645      3.614010      3.614009
   3.35212      3.709897      3.709895
   3.40780      3.810710      3.810709
   3.46347      3.896086      3.896085
   3.51914      3.943922      3.943921
   3.57482      4.031978      4.031977
   3.63049      4.173139      4.173138
   3.68617      4.326907      4.326906
   3.74184      4.473269      4.473268
   3.79752      4.591440      4.591439
   3.85319      4.655930      4.655928
   3.90887      4.668643      4.668641
   3.90887      4.668641      4.668639
   3.96454      4.655927      4.655926
   4.02022      4.591437      4.591436
   4.07589      4.473266      4.473266
   4.13157      4.326905      4.326904
   4.18724      4.173137      4.173136
   4.24292      4.031977      4.031976
   4.29859      3.943920      3.943919
   4.35426      3.896087      3.896087
   4.40994      3.810712      3.810712
   4.46561      3.709899      3.709898
   4.52129      3.614012      3.614010
   4.57696      3.530368      3.530367
   4.63264      3.462443      3.462441
   4.68831      3.414173      3.414170
   4.74399      3.394747      3.394743
   4.74399      3.394747      3.394743
   4.79713      3.402647      3.402644
   4.85028      3.425833      3.425830
   4.90342      3.462781      3.462779
   4.95656      3.511555      3.511552
   5.00971      3.570169      3.570167
   5.06285      3.643068      3.643068
   5.11600      3.708878      3.708876
   5.16914      3.783143      3.783142
   5.22229      3.852884      3.852883
   5.27543      3.907355      3.907355
   5.32857      3.926922      3.926922
   5.38172      3.795807      3.795807
   5.43486      3.633530      3.633529
   5.48801      3.457124      3.457124
   5.54115      3.314663      3.314664
   5.59430      3.144759      3.144758
   5.64744      2.906737      2.906736
   5.70058      2.724278      2.724277
   5.75373      2.600323      2.600322
   5.80687      2.516389      2.516387
   5.86002      2.476528      2.476527
   5.91316      2.477304      2.477302
 
# Band-Index   28
   5.91316      2.486937      2.486936
   5.86002      2.529669      2.529668
   5.80687      2.613050      2.613049
   5.75373      2.726029      2.726028
   5.70058      2.860750      2.860750
   5.64744      3.009168      3.009168
   5.59430      3.163129      3.163129
   5.54115      3.386854      3.386854
   5.48801      3.611489      3.611489
   5.43486      3.789688      3.789688
   5.38172      3.896362      3.896362
   5.32857      3.929296      3.929296
   5.27543      4.020806      4.020806
   5.22229      4.076191      4.076191
   5.16914      4.096524      4.096524
   5.11600      4.088460      4.088459
   5.06285      4.060405      4.060405
   5.00971      4.020774      4.020773
   4.95656      3.977274      3.977273
   4.90342      3.936447      3.936446
   4.85028      3.903493      3.903493
   4.79713      3.882191      3.882190
   4.74399      3.874836      3.874836
   4.74399      3.874836      3.874836
   4.68831      3.882709      3.882708
   4.63264      3.906772      3.906771
   4.57696      3.947879      3.947879
   4.52129      4.006350      4.006350
   4.46561      4.081261      4.081260
   4.40994      4.169909      4.169909
   4.35426      4.263627      4.263626
   4.29859      4.342423      4.342423
   4.24292      4.453675      4.453675
   4.18724      4.584906      4.584907
   4.13157      4.698418      4.698419
   4.07589      4.784333      4.784334
   4.02022      4.841487      4.841489
   3.96454      4.876355      4.876357
   3.90887      4.890618      4.890620
   3.90887      4.890616      4.890617
   3.85319      4.876353      4.876355
   3.79752      4.841485      4.841487
   3.74184      4.784332      4.784332
   3.68617      4.698416      4.698417
   3.63049      4.584904      4.584905
   3.57482      4.453674      4.453674
   3.51914      4.342424      4.342424
   3.46347      4.263626      4.263626
   3.40780      4.169908      4.169907
   3.35212      4.081260      4.081259
   3.29645      4.006349      4.006348
   3.24077      3.947879      3.947878
   3.18510      3.906772      3.906771
   3.12942      3.882709      3.882708
   3.07375      3.874836      3.874836
   3.07375      3.874836      3.874836
   3.02059      3.882210      3.882209
   2.96743      3.903566      3.903566
   2.91427      3.936607      3.936606
   2.86112      3.977547      3.977547
   2.80796      4.021178      4.021178
   2.75480      4.060953      4.060952
   2.70164      4.089156      4.089156
   2.64849      4.097343      4.097342
   2.59533      4.077169      4.077169
   2.54217      4.021889      4.021889
   2.48901      3.931150      3.931150
   2.43586      3.898365      3.898364
   2.38270      3.791729      3.791728
   2.32954      3.613406      3.613405
   2.27638      3.388576      3.388575
   2.22323      3.164347      3.164347
   2.17007      3.009801      3.009801
   2.11691      2.861155      2.861154
   2.06375      2.726213      2.726212
   2.01060      2.612988      2.612987
   1.95744      2.529269      2.529268
   1.90428      2.482090      2.482089
   1.90428      3.766754      3.766753
   1.84574      3.807714      3.807713
   1.78719      3.841822      3.841821
   1.72864      3.865921      3.865921
   1.67009      3.874836      3.874836
   1.67009      3.874836      3.874836
   1.61442      3.882705      3.882705
   1.55875      3.906763      3.906762
   1.50308      3.947878      3.947877
   1.44741      4.006398      4.006398
   1.39175      4.081450      4.081450
   1.33608      4.170460      4.170460
   1.28041      4.265200      4.265200
   1.22474      4.343792      4.343793
   1.16907      4.453571      4.453572
   1.11340      4.584095      4.584096
   1.05773      4.697674      4.697675
   1.00206      4.783743      4.783744
   0.94639      4.840576      4.840577
   0.89072      4.874435      4.874437
   0.83505      4.888056      4.888058
   0.83505      4.888058      4.888060
   0.77938      4.874437      4.874439
   0.72371      4.840578      4.840580
   0.66804      4.783745      4.783746
   0.61237      4.697676      4.697677
   0.55670      4.584097      4.584098
   0.50103      4.453573      4.453573
   0.44536      4.343792      4.343791
   0.38969      4.265202      4.265201
   0.33402      4.170462      4.170461
   0.27835      4.081452      4.081451
   0.22268      4.006399      4.006399
   0.16701      3.947878      3.947878
   0.11134      3.906763      3.906763
   0.05567      3.882705      3.882705
   0.00000      3.874836      3.874836
 
# Band-Index   29
   0.00000      4.494264      4.494262
   0.05567      4.501321      4.501319
   0.11134      4.516713      4.516711
   0.16701      4.524259      4.524258
   0.22268      4.509428      4.509427
   0.27835      4.468044      4.468042
   0.33402      4.407694      4.407692
   0.38969      4.364227      4.364226
   0.44536      4.418565      4.418565
   0.50103      4.538416      4.538416
   0.55670      4.684210      4.684211
   0.61237      4.852115      4.852116
   0.66804      5.020980      5.020982
   0.72371      5.164725      5.164728
   0.77938      5.259269      5.259272
   0.83505      5.291227      5.291230
   0.83505      5.291225      5.291227
   0.89072      5.259266      5.259268
   0.94639      5.164722      5.164724
   1.00206      5.020977      5.020978
   1.05773      4.852113      4.852114
   1.11340      4.684210      4.684210
   1.16907      4.538417      4.538417
   1.22474      4.418568      4.418568
   1.28041      4.364236      4.364235
   1.33608      4.407704      4.407703
   1.39175      4.468053      4.468051
   1.44741      4.509435      4.509433
   1.50308      4.524263      4.524261
   1.55875      4.516714      4.516713
   1.61442      4.501321      4.501319
   1.67009      4.494264      4.494262
   1.67009      4.494264      4.494262
   1.72864      4.508467      4.508466
   1.78719      4.546986      4.546985
   1.84574      4.600054      4.600053
   1.90428      4.655757      4.655755
   1.90428      4.005806      4.005807
   1.95744      4.012068      4.012070
   2.01060      4.039259      4.039261
   2.06375      4.088039      4.088040
   2.11691      4.136620      4.136621
   2.17007      4.181523      4.181524
   2.22323      4.214069      4.214070
   2.27638      4.222917      4.222918
   2.32954      4.197676      4.197677
   2.38270      4.133776      4.133776
   2.43586      4.044681      4.044681
   2.48901      4.005265      4.005264
   2.54217      4.108986      4.108985
   2.59533      4.263497      4.263496
   2.64849      4.401412      4.401410
   2.70164      4.501507      4.501506
   2.75480      4.558207      4.558205
   2.80796      4.576186      4.576184
   2.86112      4.566924      4.566923
   2.91427      4.543950      4.543948
   2.96743      4.519089      4.519087
   3.02059      4.500871      4.500870
   3.07375      4.494264      4.494262
   3.07375      4.494264      4.494262
   3.12942      4.501327      4.501326
   3.18510      4.516719      4.516717
   3.24077      4.524169      4.524168
   3.29645      4.509138      4.509136
   3.35212      4.467552      4.467550
   3.40780      4.407224      4.407223
   3.46347      4.364729      4.364728
   3.51914      4.419475      4.419475
   3.57482      4.538295      4.538295
   3.63049      4.683300      4.683301
   3.68617      4.850968      4.850970
   3.74184      5.019752      5.019753
   3.79752      5.163411      5.163413
   3.85319      5.257891      5.257893
   3.90887      5.289829      5.289831
   3.90887      5.289831      5.289834
   3.96454      5.257894      5.257897
   4.02022      5.163414      5.163417
   4.07589      5.019755      5.019757
   4.13157      4.850971      4.850972
   4.18724      4.683301      4.683301
   4.24292      4.538294      4.538294
   4.29859      4.419473      4.419473
   4.35426      4.364720      4.364719
   4.40994      4.407214      4.407212
   4.46561      4.467543      4.467541
   4.52129      4.509131      4.509130
   4.57696      4.524165      4.524164
   4.63264      4.516717      4.516716
   4.68831      4.501327      4.501326
   4.74399      4.494264      4.494262
   4.74399      4.494264      4.494262
   4.79713      4.500874      4.500872
   4.85028      4.519103      4.519101
   4.90342      4.543986      4.543985
   4.95656      4.567004      4.567002
   5.00971      4.576336      4.576335
   5.06285      4.558461      4.558459
   5.11600      4.501894      4.501892
   5.16914      4.401964      4.401963
   5.22229      4.264180      4.264179
   5.27543      4.109768      4.109767
   5.32857      4.005697      4.005697
   5.38172      4.044237      4.044237
   5.43486      4.132976      4.132977
   5.48801      4.196770      4.196771
   5.54115      4.222000      4.222001
   5.59430      4.213156      4.213157
   5.64744      4.180538      4.180540
   5.70058      4.134949      4.134950
   5.75373      4.083099      4.083101
   5.80687      4.036548      4.036550
   5.86002      4.008996      4.008997
   5.91316      4.000389      4.000391
 
# Band-Index   30
   5.91316      4.010772      4.010773
   5.86002      4.021384      4.021385
   5.80687      4.050245      4.050246
   5.75373      4.093610      4.093612
   5.70058      4.158688      4.158689
   5.64744      4.247611      4.247612
   5.59430      4.355051      4.355052
   5.54115      4.479676      4.479677
   5.48801      4.624981      4.624981
   5.43486      4.802646      4.802646
   5.38172      5.025537      5.025536
   5.32857      5.147660      5.147659
   5.27543      5.058709      5.058708
   5.22229      4.975328      4.975327
   5.16914      4.898749      4.898748
   5.11600      4.830066      4.830065
   5.06285      4.770061      4.770060
   5.00971      4.719120      4.719120
   4.95656      4.677390      4.677389
   4.90342      4.644909      4.644908
   4.85028      4.621693      4.621693
   4.79713      4.607750      4.607749
   4.74399      4.603109      4.603108
   4.74399      4.603109      4.603108
   4.68831      4.609208      4.609208
   4.63264      4.630508      4.630507
   4.57696      4.675418      4.675417
   4.52129      4.747761      4.747760
   4.46561      4.842792      4.842791
   4.40994      4.954664      4.954663
   4.35426      5.078396      5.078395
   4.29859      5.209235      5.209233
   4.24292      5.341847      5.341845
   4.18724      5.469587      5.469585
   4.13157      5.584399      5.584397
   4.07589      5.678836      5.678833
   4.02022      5.751821      5.751819
   3.96454      5.812288      5.812293
   3.90887      5.848429      5.848480
   3.90887      5.848415      5.848414
   3.85319      5.812306      5.812303
   3.79752      5.751953      5.751840
   3.74184      5.678975      5.678844
   3.68617      5.584405      5.584403
   3.63049      5.469592      5.469591
   3.57482      5.341851      5.341850
   3.51914      5.209238      5.209237
   3.46347      5.078398      5.078397
   3.40780      4.954665      4.954664
   3.35212      4.842793      4.842792
   3.29645      4.747761      4.747761
   3.24077      4.675418      4.675417
   3.18510      4.630508      4.630508
   3.12942      4.609208      4.609208
   3.07375      4.603109      4.603108
   3.07375      4.603109      4.603108
   3.02059      4.607735      4.607734
   2.96743      4.621635      4.621634
   2.91427      4.644782      4.644781
   2.86112      4.677174      4.677174
   2.80796      4.718799      4.718798
   2.75480      4.769625      4.769625
   2.70164      4.829513      4.829512
   2.64849      4.898071      4.898070
   2.59533      4.974546      4.974544
   2.54217      5.057815      5.057814
   2.48901      5.146657      5.146656
   2.43586      5.026558      5.026557
   2.38270      4.803553      4.803552
   2.32954      4.625818      4.625819
   2.27638      4.480426      4.480427
   2.22323      4.355631      4.355632
   2.17007      4.247834      4.247835
   2.11691      4.158005      4.158007
   2.06375      4.089456      4.089457
   2.01060      4.048139      4.048141
   1.95744      4.018801      4.018802
   1.90428      4.005807      4.005808
   1.90428      4.655760      4.655759
   1.84574      4.699581      4.699579
   1.78719      4.706103      4.706101
   1.72864      4.647598      4.647598
   1.67009      4.603109      4.603108
   1.67009      4.603109      4.603108
   1.61442      4.609255      4.609254
   1.55875      4.630667      4.630667
   1.50308      4.675674      4.675673
   1.44741      4.748068      4.748067
   1.39175      4.843145      4.843144
   1.33608      4.955069      4.955068
   1.28041      5.078846      5.078845
   1.22474      5.209706      5.209705
   1.16907      5.342289      5.342288
   1.11340      5.469950      5.469949
   1.05773      5.584690      5.584690
   1.00206      5.679229      5.679230
   0.94639      5.752871      5.752889
   0.89072      5.815300      5.815262
   0.83505      5.854569      5.854195
   0.83505      5.854202      5.854237
   0.77938      5.815246      5.815272
   0.72371      5.752857      5.752974
   0.66804      5.679222      5.679221
   0.61237      5.584684      5.584682
   0.55670      5.469945      5.469944
   0.50103      5.342285      5.342283
   0.44536      5.209703      5.209701
   0.38969      5.078844      5.078843
   0.33402      4.955068      4.955066
   0.27835      4.843144      4.843143
   0.22268      4.748068      4.748067
   0.16701      4.675674      4.675673
   0.11134      4.630667      4.630666
   0.05567      4.609254      4.609254
   0.00000      4.603109      4.603108
 
# Band-Index   31
   0.00000      4.946139      4.946137
   0.05567      4.964567      4.964565
   0.11134      5.019772      5.019770
   0.16701      5.111209      5.111207
   0.22268      5.237238      5.237236
   0.27835      5.394574      5.394572
   0.33402      5.578082      5.578080
   0.38969      5.780755      5.780753
   0.44536      5.993463      5.993461
   0.50103      6.203244      6.203242
   0.55670      6.385556      6.385579
   0.61237      6.473751      6.474752
   0.66804      6.390611      6.390759
   0.72371      6.232416      6.232256
   0.77938      6.091054      6.091033
   0.83505      6.022005      6.021707
   0.83505      6.021689      6.021729
   0.89072      6.091029      6.091058
   0.94639      6.232265      6.232256
   1.00206      6.390047      6.390047
   1.05773      6.473798      6.473716
   1.11340      6.385584      6.385557
   1.16907      6.203247      6.203244
   1.22474      5.993465      5.993464
   1.28041      5.780757      5.780756
   1.33608      5.578084      5.578083
   1.39175      5.394576      5.394574
   1.44741      5.237239      5.237237
   1.50308      5.111210      5.111208
   1.55875      5.019773      5.019771
   1.61442      4.964567      4.964566
   1.67009      4.946139      4.946137
   1.67009      4.946139      4.946137
   1.72864      4.970093      4.970092
   1.78719      5.093964      5.093963
   1.84574      5.352122      5.352120
   1.90428      5.683584      5.683582
   1.90428      6.547220      6.547260
   1.95744      6.478121      6.373239
   2.01060      6.208944      6.208942
   2.06375      6.056058      6.056056
   2.11691      5.914373      5.914371
   2.17007      5.783189      5.783187
   2.22323      5.661337      5.661335
   2.27638      5.547404      5.547402
   2.32954      5.439970      5.439969
   2.38270      5.337815      5.337813
   2.43586      5.240123      5.240121
   2.48901      5.290733      5.290733
   2.54217      5.565648      5.565756
   2.59533      5.775439      5.775424
   2.64849      5.801259      5.801280
   2.70164      5.679245      5.679243
   2.75480      5.515016      5.515015
   2.80796      5.353387      5.353385
   2.86112      5.211357      5.211356
   2.91427      5.096744      5.096742
   2.96743      5.013381      5.013380
   3.02059      4.962978      4.962976
   3.07375      4.946139      4.946137
   3.07375      4.946139      4.946137
   3.12942      4.964611      4.964610
   3.18510      5.019940      5.019938
   3.24077      5.111555      5.111553
   3.29645      5.237780      5.237778
   3.35212      5.395294      5.395293
   3.40780      5.578937      5.578935
   3.46347      5.781686      5.781685
   3.51914      5.994412      5.994411
   3.57482      6.204186      6.204185
   3.63049      6.386696      6.386626
   3.68617      6.476189      6.475644
   3.74184      6.393027      6.392860
   3.79752      6.235327      6.235613
   3.85319      6.095896      6.095926
   3.90887      6.029553      6.029290
   3.90887      6.029275      6.029288
   3.96454      6.095897      6.095902
   4.02022      6.235338      6.235517
   4.07589      6.392767      6.393066
   4.13157      6.475919      6.475575
   4.18724      6.386636      6.386677
   4.24292      6.204188      6.204186
   4.29859      5.994410      5.994408
   4.35426      5.781684      5.781682
   4.40994      5.578934      5.578933
   4.46561      5.395292      5.395290
   4.52129      5.237778      5.237777
   4.57696      5.111554      5.111552
   4.63264      5.019939      5.019937
   4.68831      4.964611      4.964609
   4.74399      4.946139      4.946137
   4.74399      4.946139      4.946137
   4.79713      4.962971      4.962970
   4.85028      5.013355      5.013353
   4.90342      5.096685      5.096684
   4.95656      5.211256      5.211254
   5.00971      5.353237      5.353235
   5.06285      5.514811      5.514810
   5.11600      5.678966      5.678965
   5.16914      5.800820      5.800816
   5.22229      5.774530      5.774528
   5.27543      5.564560      5.564459
   5.32857      5.289639      5.289577
   5.38172      5.241227      5.241226
   5.43486      5.339007      5.339006
   5.48801      5.441229      5.441228
   5.54115      5.548700      5.548699
   5.59430      5.662636      5.662635
   5.64744      5.784465      5.784463
   5.70058      5.915576      5.915574
   5.75373      6.057155      6.057153
   5.80687      6.209908      6.209907
   5.86002      6.373809      6.373820
   5.91316      6.547373      6.547830
 
# Band-Index   32
   5.91316      6.553640      6.557028
   5.86002      6.784835      6.807784
   5.80687      6.782624      6.783048
   5.75373      6.658608      6.658602
   5.70058      6.542034      6.542032
   5.64744      6.437609      6.437607
   5.59430      6.348864      6.348864
   5.54115      6.279425      6.279425
   5.48801      6.234018      6.234011
   5.43486      6.218489      6.218489
   5.38172      6.238487      6.238277
   5.32857      6.373187      6.317492
   5.27543      6.415262      6.456866
   5.22229      6.530183      6.515918
   5.16914      6.566476      6.567940
   5.11600      6.576331      6.576861
   5.06285      6.594556      6.594540
   5.00971      6.630741      6.630738
   4.95656      6.686626      6.686624
   4.90342      6.752337      6.752334
   4.85028      6.813929      6.813925
   4.79713      6.857766      6.857762
   4.74399      6.873661      6.873657
   4.74399      6.873661      6.873657
   4.68831      6.853829      6.853826
   4.63264      6.801270      6.801267
   4.57696      6.733876      6.733873
   4.52129      6.674064      6.674061
   4.46561      6.641976      6.641971
   4.40994      6.649474      6.649470
   4.35426      6.696884      6.696879
   4.29859      6.773956      6.774001
   4.24292      6.862924      6.866134
   4.18724      6.944059      6.955451
   4.13157      6.981241      6.973690
   4.07589      7.008939      7.015985
   4.02022      7.015417      7.000405
   3.96454      6.973463      6.973398
   3.90887      6.998541      6.970305
   3.90887      6.968155      6.967144
   3.85319      6.982755      6.979453
   3.79752      7.054396      7.016129
   3.74184      7.010891      7.013823
   3.68617      6.977061      6.981062
   3.63049      7.070439      6.942393
   3.57482      6.863902      6.863739
   3.51914      6.773952      6.773950
   3.46347      6.696878      6.696876
   3.40780      6.649468      6.649465
   3.35212      6.641971      6.641968
   3.29645      6.674061      6.674057
   3.24077      6.733874      6.733868
   3.18510      6.801270      6.801267
   3.12942      6.853829      6.853826
   3.07375      6.873661      6.873658
   3.07375      6.873661      6.873658
   3.02059      6.857767      6.857763
   2.96743      6.813938      6.813935
   2.91427      6.752375      6.752372
   2.86112      6.686738      6.686735
   2.80796      6.630990      6.630987
   2.75480      6.595050      6.595051
   2.70164      6.577596      6.577888
   2.64849      6.570151      6.565671
   2.59533      6.503541      6.531156
   2.54217      6.497494      6.392671
   2.48901      6.318695      6.302261
   2.43586      6.240085      6.238988
   2.38270      6.219356      6.219291
   2.32954      6.234698      6.234693
   2.27638      6.279991      6.279987
   2.22323      6.349350      6.349350
   2.17007      6.438037      6.438034
   2.11691      6.542458      6.542457
   2.06375      6.659037      6.659066
   2.01060      6.783555      6.784165
   1.95744      6.936877      6.885003
   1.90428      6.552732      6.557609
   1.90428      5.683603      5.683601
   1.84574      6.045043      6.045041
   1.78719      6.407658      6.407655
   1.72864      6.725193      6.725189
   1.67009      6.873661      6.873657
   1.67009      6.873662      6.873658
   1.61442      6.853803      6.853799
   1.55875      6.801179      6.801174
   1.50308      6.733693      6.733691
   1.44741      6.673779      6.673774
   1.39175      6.641576      6.641572
   1.33608      6.648948      6.648945
   1.28041      6.696202      6.696198
   1.22474      6.773026      6.773022
   1.16907      6.863200      6.862485
   1.11340      6.947236      6.955147
   1.05773      6.968580      6.975953
   1.00206      7.004595      7.007083
   0.94639      7.041767      7.034108
   0.89072      6.996428      6.980478
   0.83505      6.936479      6.973549
   0.83505      6.961838      6.978750
   0.77938      6.976823      7.000075
   0.72371      7.002290      7.041012
   0.66804      7.017788      7.009729
   0.61237      7.028152      7.002528
   0.55670      6.947783      6.938599
   0.50103      6.866200      6.862153
   0.44536      6.773035      6.773029
   0.38969      6.696206      6.696204
   0.33402      6.648952      6.648949
   0.27835      6.641579      6.641578
   0.22268      6.673781      6.673777
   0.16701      6.733696      6.733693
   0.11134      6.801181      6.801176
   0.05567      6.853803      6.853800
   0.00000      6.873661      6.873658
