#K-Path(1/A)         Spin-Up(eV)   Spin-down(eV)
# NKPTS & NBANDS:  80 112
# Band-Index    1
   0.00000    -33.330163    -33.330165
   0.05871    -33.330082    -33.330084
   0.11742    -33.329848    -33.329850
   0.17613    -33.329471    -33.329473
   0.23484    -33.328970    -33.328972
   0.29355    -33.328368    -33.328370
   0.35226    -33.327699    -33.327701
   0.41097    -33.327000    -33.327002
   0.46968    -33.326316    -33.326318
   0.52839    -33.325708    -33.325710
   0.58710    -33.325262    -33.325264
   0.64581    -33.325094    -33.325096
   0.64581    -33.330161    -33.330163
   0.67598    -33.330161    -33.330163
   0.70615    -33.330161    -33.330163
   0.73632    -33.330162    -33.330164
   0.76649    -33.330163    -33.330165
   0.76649    -33.330163    -33.330165
   0.82518    -33.330083    -33.330085
   0.88387    -33.329852    -33.329854
   0.94255    -33.329481    -33.329483
   1.00124    -33.328986    -33.328988
   1.05993    -33.328394    -33.328396
   1.11861    -33.327738    -33.327740
   1.17730    -33.327056    -33.327058
   1.23599    -33.326393    -33.326395
   1.29467    -33.325811    -33.325813
   1.35336    -33.325392    -33.325394
   1.41204    -33.325236    -33.325238
   1.41204    -33.325092    -33.325094
   1.46679    -33.325235    -33.325237
   1.52154    -33.325618    -33.325620
   1.57629    -33.326154    -33.326156
   1.63103    -33.326767    -33.326769
   1.68578    -33.327408    -33.327410
   1.74053    -33.328040    -33.328042
   1.79528    -33.328629    -33.328631
   1.85002    -33.329148    -33.329150
   1.90477    -33.329578    -33.329580
   1.95952    -33.329897    -33.329899
   2.01427    -33.330095    -33.330097
   2.06901    -33.330163    -33.330165
   2.06901    -33.330163    -33.330165
   2.12373    -33.330096    -33.330098
   2.17845    -33.329901    -33.329903
   2.23316    -33.329586    -33.329588
   2.28788    -33.329163    -33.329165
   2.34260    -33.328651    -33.328653
   2.39731    -33.328073    -33.328075
   2.45203    -33.327455    -33.327457
   2.50675    -33.326830    -33.326832
   2.56146    -33.326237    -33.326239
   2.61618    -33.325727    -33.325729
   2.67090    -33.325367    -33.325369
   2.72561    -33.325234    -33.325236
   2.72561    -33.325093    -33.325095
   2.78433    -33.325262    -33.325264
   2.84304    -33.325707    -33.325709
   2.90176    -33.326315    -33.326317
   2.96047    -33.327000    -33.327002
   3.01918    -33.327698    -33.327700
   3.07790    -33.328367    -33.328369
   3.13661    -33.328969    -33.328971
   3.19533    -33.329471    -33.329473
   3.25404    -33.329848    -33.329850
   3.31275    -33.330082    -33.330084
   3.37147    -33.330163    -33.330165
   3.37147    -33.330163    -33.330165
   3.42621    -33.330095    -33.330097
   3.48095    -33.329897    -33.329899
   3.53570    -33.329578    -33.329580
   3.59044    -33.329149    -33.329151
   3.64518    -33.328629    -33.328631
   3.69993    -33.328040    -33.328042
   3.75467    -33.327409    -33.327411
   3.80941    -33.326767    -33.326769
   3.86416    -33.326154    -33.326156
   3.91890    -33.325619    -33.325621
   3.97364    -33.325235    -33.325237
   4.02838    -33.325092    -33.325094
 
# Band-Index    2
   4.02838    -33.321876    -33.321878
   3.97364    -33.321792    -33.321794
   3.91890    -33.321581    -33.321584
   3.86416    -33.321321    -33.321323
   3.80941    -33.321065    -33.321067
   3.75467    -33.320840    -33.320842
   3.69993    -33.320655    -33.320657
   3.64518    -33.320513    -33.320515
   3.59044    -33.320408    -33.320410
   3.53570    -33.320336    -33.320338
   3.48095    -33.320290    -33.320292
   3.42621    -33.320265    -33.320267
   3.37147    -33.320257    -33.320259
   3.37147    -33.320257    -33.320259
   3.31275    -33.320266    -33.320268
   3.25404    -33.320296    -33.320298
   3.19533    -33.320353    -33.320355
   3.13661    -33.320442    -33.320444
   3.07790    -33.320571    -33.320573
   3.01918    -33.320749    -33.320751
   2.96047    -33.320977    -33.320979
   2.90176    -33.321248    -33.321250
   2.84304    -33.321534    -33.321536
   2.78433    -33.321775    -33.321777
   2.72561    -33.321876    -33.321878
   2.72561    -33.321740    -33.321742
   2.67090    -33.321667    -33.321669
   2.61618    -33.321480    -33.321482
   2.56146    -33.321244    -33.321246
   2.50675    -33.321007    -33.321009
   2.45203    -33.320797    -33.320799
   2.39731    -33.320625    -33.320627
   2.34260    -33.320493    -33.320495
   2.28788    -33.320396    -33.320398
   2.23316    -33.320329    -33.320331
   2.17845    -33.320287    -33.320289
   2.12373    -33.320264    -33.320266
   2.06901    -33.320257    -33.320259
   2.06901    -33.320257    -33.320259
   2.01427    -33.320265    -33.320267
   1.95952    -33.320289    -33.320292
   1.90477    -33.320336    -33.320338
   1.85002    -33.320407    -33.320410
   1.79528    -33.320512    -33.320514
   1.74053    -33.320654    -33.320656
   1.68578    -33.320838    -33.320841
   1.63103    -33.321064    -33.321066
   1.57629    -33.321320    -33.321322
   1.52154    -33.321580    -33.321582
   1.46679    -33.321790    -33.321792
   1.41204    -33.321874    -33.321876
   1.41204    -33.321742    -33.321744
   1.35336    -33.321654    -33.321656
   1.29467    -33.321438    -33.321440
   1.23599    -33.321177    -33.321179
   1.17730    -33.320927    -33.320929
   1.11861    -33.320714    -33.320716
   1.05993    -33.320548    -33.320550
   1.00124    -33.320427    -33.320430
   0.94255    -33.320345    -33.320347
   0.88387    -33.320293    -33.320295
   0.82518    -33.320266    -33.320268
   0.76649    -33.320257    -33.320259
   0.76649    -33.320257    -33.320259
   0.73632    -33.320257    -33.320259
   0.70615    -33.320257    -33.320259
   0.67598    -33.320257    -33.320259
   0.64581    -33.320257    -33.320259
   0.64581    -33.321878    -33.321880
   0.58710    -33.321777    -33.321779
   0.52839    -33.321536    -33.321538
   0.46968    -33.321249    -33.321251
   0.41097    -33.320978    -33.320980
   0.35226    -33.320750    -33.320752
   0.29355    -33.320572    -33.320574
   0.23484    -33.320442    -33.320444
   0.17613    -33.320353    -33.320355
   0.11742    -33.320297    -33.320299
   0.05871    -33.320267    -33.320269
   0.00000    -33.320257    -33.320259
 
# Band-Index    3
   0.00000    -33.309290    -33.309289
   0.05871    -33.309216    -33.309214
   0.11742    -33.309001    -33.309000
   0.17613    -33.308660    -33.308659
   0.23484    -33.308212    -33.308211
   0.29355    -33.307685    -33.307684
   0.35226    -33.307117    -33.307115
   0.41097    -33.306548    -33.306547
   0.46968    -33.306025    -33.306024
   0.52839    -33.305599    -33.305598
   0.58710    -33.305318    -33.305316
   0.64581    -33.305220    -33.305219
   0.64581    -33.309287    -33.309286
   0.67598    -33.309288    -33.309287
   0.70615    -33.309288    -33.309287
   0.73632    -33.309289    -33.309288
   0.76649    -33.309290    -33.309289
   0.76649    -33.309290    -33.309289
   0.82518    -33.309216    -33.309215
   0.88387    -33.309004    -33.309002
   0.94255    -33.308665    -33.308664
   1.00124    -33.308220    -33.308219
   1.05993    -33.307698    -33.307697
   1.11861    -33.307135    -33.307133
   1.17730    -33.306572    -33.306570
   1.23599    -33.306055    -33.306053
   1.29467    -33.305634    -33.305632
   1.35336    -33.305357    -33.305355
   1.41204    -33.305260    -33.305259
   1.41204    -33.305215    -33.305214
   1.46679    -33.305298    -33.305296
   1.52154    -33.305537    -33.305536
   1.57629    -33.305905    -33.305903
   1.63103    -33.306363    -33.306362
   1.68578    -33.306875    -33.306873
   1.74053    -33.307402    -33.307401
   1.79528    -33.307911    -33.307909
   1.85002    -33.308370    -33.308369
   1.90477    -33.308756    -33.308755
   1.95952    -33.309046    -33.309045
   2.01427    -33.309227    -33.309226
   2.06901    -33.309290    -33.309289
   2.06901    -33.309290    -33.309289
   2.12373    -33.309228    -33.309227
   2.17845    -33.309048    -33.309047
   2.23316    -33.308761    -33.308760
   2.28788    -33.308378    -33.308377
   2.34260    -33.307923    -33.307921
   2.39731    -33.307420    -33.307418
   2.45203    -33.306898    -33.306896
   2.50675    -33.306392    -33.306390
   2.56146    -33.305939    -33.305937
   2.61618    -33.305576    -33.305575
   2.67090    -33.305341    -33.305339
   2.72561    -33.305259    -33.305257
   2.72561    -33.305217    -33.305215
   2.78433    -33.305314    -33.305313
   2.84304    -33.305596    -33.305594
   2.90176    -33.306022    -33.306021
   2.96047    -33.306546    -33.306544
   3.01918    -33.307114    -33.307113
   3.07790    -33.307683    -33.307682
   3.13661    -33.308211    -33.308209
   3.19533    -33.308660    -33.308658
   3.25404    -33.309001    -33.309000
   3.31275    -33.309216    -33.309214
   3.37147    -33.309290    -33.309289
   3.37147    -33.309290    -33.309289
   3.42621    -33.309227    -33.309226
   3.48095    -33.309046    -33.309045
   3.53570    -33.308757    -33.308755
   3.59044    -33.308371    -33.308370
   3.64518    -33.307912    -33.307911
   3.69993    -33.307404    -33.307403
   3.75467    -33.306877    -33.306876
   3.80941    -33.306366    -33.306365
   3.86416    -33.305908    -33.305907
   3.91890    -33.305541    -33.305539
   3.97364    -33.305302    -33.305300
   4.02838    -33.305219    -33.305217
 
# Band-Index    4
   4.02838    -33.304944    -33.304947
   3.97364    -33.305025    -33.305027
   3.91890    -33.305257    -33.305260
   3.86416    -33.305615    -33.305618
   3.80941    -33.306062    -33.306065
   3.75467    -33.306561    -33.306563
   3.69993    -33.307074    -33.307077
   3.64518    -33.307569    -33.307571
   3.59044    -33.308015    -33.308017
   3.53570    -33.308389    -33.308391
   3.48095    -33.308669    -33.308671
   3.42621    -33.308844    -33.308846
   3.37147    -33.308904    -33.308906
   3.37147    -33.308904    -33.308906
   3.31275    -33.308833    -33.308835
   3.25404    -33.308626    -33.308628
   3.19533    -33.308296    -33.308298
   3.13661    -33.307862    -33.307864
   3.07790    -33.307350    -33.307352
   3.01918    -33.306797    -33.306799
   2.96047    -33.306244    -33.306246
   2.90176    -33.305735    -33.305737
   2.84304    -33.305320    -33.305323
   2.78433    -33.305047    -33.305050
   2.72561    -33.304952    -33.304955
   2.72561    -33.304988    -33.304991
   2.67090    -33.305068    -33.305070
   2.61618    -33.305297    -33.305300
   2.56146    -33.305649    -33.305652
   2.50675    -33.306091    -33.306093
   2.45203    -33.306584    -33.306586
   2.39731    -33.307092    -33.307094
   2.34260    -33.307581    -33.307583
   2.28788    -33.308023    -33.308026
   2.23316    -33.308393    -33.308395
   2.17845    -33.308671    -33.308673
   2.12373    -33.308845    -33.308847
   2.06901    -33.308904    -33.308906
   2.06901    -33.308904    -33.308906
   2.01427    -33.308844    -33.308846
   1.95952    -33.308669    -33.308672
   1.90477    -33.308389    -33.308391
   1.85002    -33.308016    -33.308018
   1.79528    -33.307570    -33.307573
   1.74053    -33.307077    -33.307079
   1.68578    -33.306564    -33.306567
   1.63103    -33.306066    -33.306069
   1.57629    -33.305620    -33.305623
   1.52154    -33.305263    -33.305266
   1.46679    -33.305031    -33.305034
   1.41204    -33.304951    -33.304954
   1.41204    -33.304990    -33.304993
   1.35336    -33.305083    -33.305086
   1.29467    -33.305353    -33.305356
   1.23599    -33.305762    -33.305765
   1.17730    -33.306266    -33.306269
   1.11861    -33.306814    -33.306816
   1.05993    -33.307362    -33.307364
   1.00124    -33.307870    -33.307872
   0.94255    -33.308301    -33.308303
   0.88387    -33.308628    -33.308630
   0.82518    -33.308834    -33.308836
   0.76649    -33.308904    -33.308906
   0.76649    -33.308904    -33.308906
   0.73632    -33.308903    -33.308905
   0.70615    -33.308903    -33.308905
   0.67598    -33.308902    -33.308905
   0.64581    -33.308902    -33.308904
   0.64581    -33.304946    -33.304949
   0.58710    -33.305040    -33.305043
   0.52839    -33.305314    -33.305317
   0.46968    -33.305730    -33.305732
   0.41097    -33.306240    -33.306243
   0.35226    -33.306794    -33.306796
   0.29355    -33.307348    -33.307350
   0.23484    -33.307861    -33.307863
   0.17613    -33.308295    -33.308298
   0.11742    -33.308626    -33.308628
   0.05871    -33.308833    -33.308835
   0.00000    -33.308904    -33.308906
 
# Band-Index    5
   0.00000    -33.297937    -33.297936
   0.05871    -33.297939    -33.297938
   0.11742    -33.297946    -33.297945
   0.17613    -33.297964    -33.297962
   0.23484    -33.297995    -33.297994
   0.29355    -33.298046    -33.298045
   0.35226    -33.298120    -33.298119
   0.41097    -33.298216    -33.298215
   0.46968    -33.298324    -33.298322
   0.52839    -33.298428    -33.298426
   0.58710    -33.298505    -33.298503
   0.64581    -33.298534    -33.298533
   0.64581    -33.297937    -33.297935
   0.67598    -33.297937    -33.297935
   0.70615    -33.297937    -33.297935
   0.73632    -33.297937    -33.297935
   0.76649    -33.297937    -33.297936
   0.76649    -33.297937    -33.297936
   0.82518    -33.297939    -33.297937
   0.88387    -33.297945    -33.297944
   0.94255    -33.297961    -33.297960
   1.00124    -33.297991    -33.297990
   1.05993    -33.298040    -33.298038
   1.11861    -33.298110    -33.298109
   1.17730    -33.298202    -33.298201
   1.23599    -33.298306    -33.298304
   1.29467    -33.298405    -33.298404
   1.35336    -33.298479    -33.298478
   1.41204    -33.298508    -33.298507
   1.41204    -33.298529    -33.298528
   1.46679    -33.298505    -33.298503
   1.52154    -33.298439    -33.298438
   1.57629    -33.298348    -33.298346
   1.63103    -33.298248    -33.298247
   1.68578    -33.298156    -33.298154
   1.74053    -33.298079    -33.298077
   1.79528    -33.298021    -33.298020
   1.85002    -33.297981    -33.297980
   1.90477    -33.297957    -33.297956
   1.95952    -33.297944    -33.297943
   2.01427    -33.297939    -33.297937
   2.06901    -33.297937    -33.297936
   2.06901    -33.297937    -33.297936
   2.12373    -33.297938    -33.297937
   2.17845    -33.297944    -33.297942
   2.23316    -33.297956    -33.297955
   2.28788    -33.297979    -33.297978
   2.34260    -33.298017    -33.298016
   2.39731    -33.298072    -33.298071
   2.45203    -33.298147    -33.298145
   2.50675    -33.298236    -33.298235
   2.56146    -33.298332    -33.298331
   2.61618    -33.298420    -33.298419
   2.67090    -33.298483    -33.298482
   2.72561    -33.298506    -33.298505
   2.72561    -33.298530    -33.298529
   2.78433    -33.298501    -33.298499
   2.84304    -33.298424    -33.298423
   2.90176    -33.298320    -33.298319
   2.96047    -33.298213    -33.298212
   3.01918    -33.298118    -33.298116
   3.07790    -33.298044    -33.298043
   3.13661    -33.297994    -33.297993
   3.19533    -33.297963    -33.297961
   3.25404    -33.297946    -33.297945
   3.31275    -33.297939    -33.297937
   3.37147    -33.297937    -33.297936
   3.37147    -33.297937    -33.297936
   3.42621    -33.297939    -33.297937
   3.48095    -33.297945    -33.297943
   3.53570    -33.297958    -33.297957
   3.59044    -33.297983    -33.297981
   3.64518    -33.298023    -33.298021
   3.69993    -33.298081    -33.298080
   3.75467    -33.298158    -33.298157
   3.80941    -33.298251    -33.298250
   3.86416    -33.298351    -33.298350
   3.91890    -33.298443    -33.298442
   3.97364    -33.298509    -33.298507
   4.02838    -33.298533    -33.298531
 
# Band-Index    6
   4.02838    -33.297993    -33.297993
   3.97364    -33.297971    -33.297971
   3.91890    -33.297911    -33.297911
   3.86416    -33.297827    -33.297828
   3.80941    -33.297736    -33.297737
   3.75467    -33.297652    -33.297652
   3.69993    -33.297582    -33.297582
   3.64518    -33.297529    -33.297530
   3.59044    -33.297494    -33.297495
   3.53570    -33.297473    -33.297473
   3.48095    -33.297461    -33.297462
   3.42621    -33.297456    -33.297457
   3.37147    -33.297455    -33.297456
   3.37147    -33.297455    -33.297456
   3.31275    -33.297456    -33.297457
   3.25404    -33.297462    -33.297463
   3.19533    -33.297477    -33.297478
   3.13661    -33.297505    -33.297506
   3.07790    -33.297550    -33.297551
   3.01918    -33.297616    -33.297617
   2.96047    -33.297703    -33.297704
   2.90176    -33.297801    -33.297802
   2.84304    -33.297896    -33.297896
   2.78433    -33.297965    -33.297965
   2.72561    -33.297992    -33.297993
   2.72561    -33.297969    -33.297969
   2.67090    -33.297947    -33.297948
   2.61618    -33.297890    -33.297891
   2.56146    -33.297810    -33.297811
   2.50675    -33.297723    -33.297723
   2.45203    -33.297641    -33.297642
   2.39731    -33.297574    -33.297575
   2.34260    -33.297525    -33.297525
   2.28788    -33.297491    -33.297491
   2.23316    -33.297471    -33.297472
   2.17845    -33.297460    -33.297461
   2.12373    -33.297456    -33.297457
   2.06901    -33.297455    -33.297456
   2.06901    -33.297455    -33.297456
   2.01427    -33.297456    -33.297457
   1.95952    -33.297461    -33.297461
   1.90477    -33.297472    -33.297473
   1.85002    -33.297494    -33.297494
   1.79528    -33.297529    -33.297530
   1.74053    -33.297581    -33.297582
   1.68578    -33.297651    -33.297652
   1.63103    -33.297735    -33.297736
   1.57629    -33.297826    -33.297826
   1.52154    -33.297910    -33.297910
   1.46679    -33.297969    -33.297969
   1.41204    -33.297991    -33.297991
   1.41204    -33.297970    -33.297970
   1.35336    -33.297944    -33.297944
   1.29467    -33.297877    -33.297877
   1.23599    -33.297786    -33.297786
   1.17730    -33.297692    -33.297692
   1.11861    -33.297608    -33.297609
   1.05993    -33.297545    -33.297545
   1.00124    -33.297502    -33.297502
   0.94255    -33.297476    -33.297476
   0.88387    -33.297462    -33.297462
   0.82518    -33.297456    -33.297457
   0.76649    -33.297455    -33.297456
   0.76649    -33.297455    -33.297456
   0.73632    -33.297454    -33.297455
   0.70615    -33.297455    -33.297455
   0.67598    -33.297455    -33.297455
   0.64581    -33.297455    -33.297455
   0.64581    -33.297994    -33.297994
   0.58710    -33.297967    -33.297967
   0.52839    -33.297897    -33.297897
   0.46968    -33.297802    -33.297803
   0.41097    -33.297704    -33.297705
   0.35226    -33.297617    -33.297618
   0.29355    -33.297551    -33.297551
   0.23484    -33.297505    -33.297506
   0.17613    -33.297478    -33.297478
   0.11742    -33.297463    -33.297463
   0.05871    -33.297456    -33.297457
   0.00000    -33.297455    -33.297456
 
# Band-Index    7
   0.00000    -33.154453    -33.154454
   0.05871    -33.154387    -33.154389
   0.11742    -33.154193    -33.154195
   0.17613    -33.153875    -33.153876
   0.23484    -33.153439    -33.153440
   0.29355    -33.152897    -33.152899
   0.35226    -33.152274    -33.152276
   0.41097    -33.151605    -33.151607
   0.46968    -33.150942    -33.150944
   0.52839    -33.150361    -33.150363
   0.58710    -33.149955    -33.149957
   0.64581    -33.149809    -33.149811
   0.64581    -33.154451    -33.154453
   0.67598    -33.154451    -33.154453
   0.70615    -33.154452    -33.154453
   0.73632    -33.154452    -33.154454
   0.76649    -33.154453    -33.154454
   0.76649    -33.154453    -33.154454
   0.82518    -33.154385    -33.154386
   0.88387    -33.154182    -33.154184
   0.94255    -33.153851    -33.153852
   1.00124    -33.153395    -33.153397
   1.05993    -33.152829    -33.152831
   1.11861    -33.152175    -33.152177
   1.17730    -33.151470    -33.151472
   1.23599    -33.150768    -33.150770
   1.29467    -33.150149    -33.150152
   1.35336    -33.149716    -33.149718
   1.41204    -33.149560    -33.149562
   1.41204    -33.149789    -33.149791
   1.46679    -33.149911    -33.149913
   1.52154    -33.150254    -33.150256
   1.57629    -33.150760    -33.150762
   1.63103    -33.151357    -33.151359
   1.68578    -33.151982    -33.151984
   1.74053    -33.152582    -33.152584
   1.79528    -33.153125    -33.153127
   1.85002    -33.153590    -33.153592
   1.90477    -33.153963    -33.153964
   1.95952    -33.154233    -33.154234
   2.01427    -33.154397    -33.154399
   2.06901    -33.154453    -33.154454
   2.06901    -33.154453    -33.154454
   2.12373    -33.154395    -33.154397
   2.17845    -33.154225    -33.154227
   2.23316    -33.153945    -33.153947
   2.28788    -33.153560    -33.153562
   2.34260    -33.153078    -33.153079
   2.39731    -33.152511    -33.152513
   2.45203    -33.151885    -33.151887
   2.50675    -33.151232    -33.151234
   2.56146    -33.150602    -33.150604
   2.61618    -33.150061    -33.150064
   2.67090    -33.149690    -33.149693
   2.72561    -33.149558    -33.149561
   2.72561    -33.149791    -33.149793
   2.78433    -33.149934    -33.149936
   2.84304    -33.150337    -33.150339
   2.90176    -33.150918    -33.150920
   2.96047    -33.151585    -33.151587
   3.01918    -33.152258    -33.152260
   3.07790    -33.152886    -33.152888
   3.13661    -33.153432    -33.153434
   3.19533    -33.153871    -33.153873
   3.25404    -33.154191    -33.154193
   3.31275    -33.154387    -33.154388
   3.37147    -33.154453    -33.154454
   3.37147    -33.154453    -33.154454
   3.42621    -33.154398    -33.154399
   3.48095    -33.154234    -33.154236
   3.53570    -33.153966    -33.153968
   3.59044    -33.153596    -33.153598
   3.64518    -33.153134    -33.153136
   3.69993    -33.152595    -33.152597
   3.75467    -33.151999    -33.152001
   3.80941    -33.151380    -33.151382
   3.86416    -33.150785    -33.150787
   3.91890    -33.150279    -33.150281
   3.97364    -33.149931    -33.149933
   4.02838    -33.149807    -33.149809
 
# Band-Index    8
   4.02838    -33.149709    -33.149711
   3.97364    -33.149830    -33.149832
   3.91890    -33.150169    -33.150171
   3.86416    -33.150666    -33.150668
   3.80941    -33.151251    -33.151253
   3.75467    -33.151863    -33.151865
   3.69993    -33.152454    -33.152456
   3.64518    -33.152991    -33.152992
   3.59044    -33.153451    -33.153452
   3.53570    -33.153819    -33.153821
   3.48095    -33.154087    -33.154089
   3.42621    -33.154250    -33.154252
   3.37147    -33.154306    -33.154307
   3.37147    -33.154306    -33.154307
   3.31275    -33.154240    -33.154242
   3.25404    -33.154047    -33.154049
   3.19533    -33.153731    -33.153733
   3.13661    -33.153298    -33.153300
   3.07790    -33.152763    -33.152764
   3.01918    -33.152148    -33.152150
   2.96047    -33.151489    -33.151491
   2.90176    -33.150839    -33.150841
   2.84304    -33.150268    -33.150270
   2.78433    -33.149866    -33.149868
   2.72561    -33.149720    -33.149723
   2.72561    -33.149499    -33.149502
   2.67090    -33.149630    -33.149632
   2.61618    -33.149993    -33.149995
   2.56146    -33.150520    -33.150522
   2.50675    -33.151135    -33.151137
   2.45203    -33.151774    -33.151776
   2.39731    -33.152389    -33.152391
   2.34260    -33.152946    -33.152947
   2.28788    -33.153422    -33.153423
   2.23316    -33.153804    -33.153805
   2.17845    -33.154080    -33.154082
   2.12373    -33.154249    -33.154250
   2.06901    -33.154306    -33.154307
   2.06901    -33.154306    -33.154307
   2.01427    -33.154251    -33.154252
   1.95952    -33.154088    -33.154089
   1.90477    -33.153821    -33.153823
   1.85002    -33.153455    -33.153456
   1.79528    -33.152997    -33.152999
   1.74053    -33.152464    -33.152466
   1.68578    -33.151877    -33.151878
   1.63103    -33.151269    -33.151270
   1.57629    -33.150686    -33.150688
   1.52154    -33.150187    -33.150189
   1.46679    -33.149843    -33.149845
   1.41204    -33.149719    -33.149722
   1.41204    -33.149500    -33.149503
   1.35336    -33.149654    -33.149657
   1.29467    -33.150079    -33.150081
   1.23599    -33.150682    -33.150683
   1.17730    -33.151367    -33.151369
   1.11861    -33.152058    -33.152060
   1.05993    -33.152701    -33.152703
   1.00124    -33.153259    -33.153261
   0.94255    -33.153710    -33.153711
   0.88387    -33.154038    -33.154039
   0.82518    -33.154238    -33.154239
   0.76649    -33.154306    -33.154307
   0.76649    -33.154306    -33.154307
   0.73632    -33.154305    -33.154306
   0.70615    -33.154305    -33.154306
   0.67598    -33.154305    -33.154306
   0.64581    -33.154304    -33.154306
   0.64581    -33.149710    -33.149712
   0.58710    -33.149853    -33.149855
   0.52839    -33.150250    -33.150252
   0.46968    -33.150819    -33.150821
   0.41097    -33.151473    -33.151475
   0.35226    -33.152136    -33.152138
   0.29355    -33.152755    -33.152756
   0.23484    -33.153294    -33.153295
   0.17613    -33.153729    -33.153730
   0.11742    -33.154046    -33.154048
   0.05871    -33.154240    -33.154241
   0.00000    -33.154306    -33.154307
 
# Band-Index    9
   0.00000    -33.129200    -33.129200
   0.05871    -33.129314    -33.129314
   0.11742    -33.129652    -33.129652
   0.17613    -33.130199    -33.130200
   0.23484    -33.130930    -33.130930
   0.29355    -33.131805    -33.131805
   0.35226    -33.132777    -33.132777
   0.41097    -33.133782    -33.133782
   0.46968    -33.134738    -33.134739
   0.52839    -33.135547    -33.135547
   0.58710    -33.136098    -33.136098
   0.64581    -33.136296    -33.136295
   0.64581    -33.129199    -33.129199
   0.67598    -33.129199    -33.129200
   0.70615    -33.129199    -33.129200
   0.73632    -33.129199    -33.129199
   0.76649    -33.129200    -33.129200
   0.76649    -33.129200    -33.129200
   0.82518    -33.129317    -33.129317
   0.88387    -33.129665    -33.129666
   0.94255    -33.130230    -33.130231
   1.00124    -33.130985    -33.130985
   1.05993    -33.131891    -33.131891
   1.11861    -33.132900    -33.132900
   1.17730    -33.133949    -33.133949
   1.23599    -33.134953    -33.134953
   1.29467    -33.135808    -33.135808
   1.35336    -33.136395    -33.136395
   1.41204    -33.136607    -33.136607
   1.41204    -33.136407    -33.136407
   1.46679    -33.136237    -33.136237
   1.52154    -33.135758    -33.135759
   1.57629    -33.135044    -33.135044
   1.63103    -33.134180    -33.134180
   1.68578    -33.133250    -33.133250
   1.74053    -33.132323    -33.132323
   1.79528    -33.131454    -33.131454
   1.85002    -33.130686    -33.130686
   1.90477    -33.130054    -33.130055
   1.95952    -33.129585    -33.129585
   2.01427    -33.129296    -33.129297
   2.06901    -33.129200    -33.129200
   2.06901    -33.129200    -33.129200
   2.12373    -33.129298    -33.129299
   2.17845    -33.129592    -33.129592
   2.23316    -33.130070    -33.130070
   2.28788    -33.130714    -33.130714
   2.34260    -33.131497    -33.131498
   2.39731    -33.132387    -33.132387
   2.45203    -33.133337    -33.133337
   2.50675    -33.134293    -33.134293
   2.56146    -33.135185    -33.135185
   2.61618    -33.135928    -33.135928
   2.67090    -33.136428    -33.136428
   2.72561    -33.136606    -33.136605
   2.72561    -33.136408    -33.136408
   2.78433    -33.136206    -33.136206
   2.84304    -33.135643    -33.135643
   2.90176    -33.134819    -33.134819
   2.96047    -33.133846    -33.133846
   3.01918    -33.132824    -33.132825
   3.07790    -33.131839    -33.131839
   3.13661    -33.130951    -33.130952
   3.19533    -33.130212    -33.130212
   3.25404    -33.129657    -33.129658
   3.31275    -33.129315    -33.129315
   3.37147    -33.129200    -33.129200
   3.37147    -33.129200    -33.129200
   3.42621    -33.129295    -33.129296
   3.48095    -33.129580    -33.129581
   3.53570    -33.130044    -33.130044
   3.59044    -33.130667    -33.130668
   3.64518    -33.131425    -33.131426
   3.69993    -33.132283    -33.132283
   3.75467    -33.133196    -33.133196
   3.80941    -33.134111    -33.134111
   3.86416    -33.134959    -33.134959
   3.91890    -33.135660    -33.135660
   3.97364    -33.136128    -33.136128
   4.02838    -33.136294    -33.136294
 
# Band-Index   10
   4.02838    -33.135881    -33.135880
   3.97364    -33.135717    -33.135715
   3.91890    -33.135251    -33.135250
   3.86416    -33.134553    -33.134552
   3.80941    -33.133706    -33.133705
   3.75467    -33.132790    -33.132789
   3.69993    -33.131875    -33.131874
   3.64518    -33.131015    -33.131014
   3.59044    -33.130254    -33.130254
   3.53570    -33.129628    -33.129627
   3.48095    -33.129162    -33.129162
   3.42621    -33.128876    -33.128875
   3.37147    -33.128780    -33.128779
   3.37147    -33.128780    -33.128779
   3.31275    -33.128893    -33.128892
   3.25404    -33.129228    -33.129228
   3.19533    -33.129771    -33.129771
   3.13661    -33.130495    -33.130494
   3.07790    -33.131362    -33.131361
   3.01918    -33.132322    -33.132321
   2.96047    -33.133313    -33.133312
   2.90176    -33.134252    -33.134251
   2.84304    -33.135043    -33.135042
   2.78433    -33.135580    -33.135578
   2.72561    -33.135772    -33.135770
   2.72561    -33.136044    -33.136042
   2.67090    -33.135873    -33.135871
   2.61618    -33.135390    -33.135389
   2.56146    -33.134669    -33.134668
   2.50675    -33.133799    -33.133798
   2.45203    -33.132862    -33.132861
   2.39731    -33.131928    -33.131927
   2.34260    -33.131051    -33.131050
   2.28788    -33.130277    -33.130276
   2.23316    -33.129641    -33.129640
   2.17845    -33.129168    -33.129167
   2.12373    -33.128877    -33.128877
   2.06901    -33.128780    -33.128779
   2.06901    -33.128780    -33.128779
   2.01427    -33.128875    -33.128874
   1.95952    -33.129157    -33.129157
   1.90477    -33.129617    -33.129616
   1.85002    -33.130235    -33.130234
   1.79528    -33.130986    -33.130985
   1.74053    -33.131834    -33.131833
   1.68578    -33.132735    -33.132734
   1.63103    -33.133636    -33.133635
   1.57629    -33.134469    -33.134467
   1.52154    -33.135153    -33.135152
   1.46679    -33.135609    -33.135608
   1.41204    -33.135770    -33.135769
   1.41204    -33.136045    -33.136044
   1.35336    -33.135841    -33.135840
   1.29467    -33.135274    -33.135273
   1.23599    -33.134443    -33.134442
   1.17730    -33.133462    -33.133461
   1.11861    -33.132433    -33.132432
   1.05993    -33.131439    -33.131438
   1.00124    -33.130545    -33.130544
   0.94255    -33.129799    -33.129799
   0.88387    -33.129241    -33.129240
   0.82518    -33.128896    -33.128895
   0.76649    -33.128780    -33.128779
   0.76649    -33.128780    -33.128779
   0.73632    -33.128779    -33.128778
   0.70615    -33.128779    -33.128778
   0.67598    -33.128779    -33.128778
   0.64581    -33.128779    -33.128778
   0.64581    -33.135883    -33.135881
   0.58710    -33.135687    -33.135685
   0.52839    -33.135139    -33.135137
   0.46968    -33.134333    -33.134331
   0.41097    -33.133377    -33.133376
   0.35226    -33.132370    -33.132369
   0.29355    -33.131396    -33.131395
   0.23484    -33.130518    -33.130517
   0.17613    -33.129784    -33.129784
   0.11742    -33.129234    -33.129233
   0.05871    -33.128894    -33.128894
   0.00000    -33.128780    -33.128779
 
# Band-Index   11
   0.00000    -33.120578    -33.120576
   0.05871    -33.120498    -33.120496
   0.11742    -33.120261    -33.120259
   0.17613    -33.119869    -33.119867
   0.23484    -33.119327    -33.119325
   0.29355    -33.118643    -33.118641
   0.35226    -33.117837    -33.117835
   0.41097    -33.116935    -33.116933
   0.46968    -33.115987    -33.115985
   0.52839    -33.115083    -33.115081
   0.58710    -33.114381    -33.114379
   0.64581    -33.114106    -33.114104
   0.64581    -33.120577    -33.120575
   0.67598    -33.120577    -33.120575
   0.70615    -33.120577    -33.120575
   0.73632    -33.120577    -33.120575
   0.76649    -33.120578    -33.120576
   0.76649    -33.120578    -33.120576
   0.82518    -33.120499    -33.120497
   0.88387    -33.120263    -33.120261
   0.94255    -33.119875    -33.119873
   1.00124    -33.119339    -33.119337
   1.05993    -33.118663    -33.118662
   1.11861    -33.117868    -33.117867
   1.17730    -33.116984    -33.116982
   1.23599    -33.116058    -33.116056
   1.29467    -33.115182    -33.115180
   1.35336    -33.114510    -33.114508
   1.41204    -33.114250    -33.114248
   1.41204    -33.114079    -33.114077
   1.46679    -33.114315    -33.114313
   1.52154    -33.114927    -33.114925
   1.57629    -33.115737    -33.115736
   1.63103    -33.116610    -33.116608
   1.68578    -33.117463    -33.117461
   1.74053    -33.118249    -33.118247
   1.79528    -33.118941    -33.118939
   1.85002    -33.119521    -33.119519
   1.90477    -33.119980    -33.119978
   1.95952    -33.120310    -33.120308
   2.01427    -33.120511    -33.120509
   2.06901    -33.120578    -33.120576
   2.06901    -33.120578    -33.120576
   2.12373    -33.120511    -33.120509
   2.17845    -33.120313    -33.120311
   2.23316    -33.119987    -33.119985
   2.28788    -33.119533    -33.119531
   2.34260    -33.118961    -33.118959
   2.39731    -33.118280    -33.118278
   2.45203    -33.117509    -33.117507
   2.50675    -33.116676    -33.116674
   2.56146    -33.115830    -33.115828
   2.61618    -33.115051    -33.115049
   2.67090    -33.114469    -33.114468
   2.72561    -33.114248    -33.114246
   2.72561    -33.114080    -33.114078
   2.78433    -33.114358    -33.114356
   2.84304    -33.115065    -33.115063
   2.90176    -33.115974    -33.115972
   2.96047    -33.116925    -33.116924
   3.01918    -33.117830    -33.117828
   3.07790    -33.118639    -33.118637
   3.13661    -33.119324    -33.119322
   3.19533    -33.119867    -33.119865
   3.25404    -33.120260    -33.120258
   3.31275    -33.120498    -33.120496
   3.37147    -33.120578    -33.120576
   3.37147    -33.120578    -33.120576
   3.42621    -33.120511    -33.120509
   3.48095    -33.120311    -33.120309
   3.53570    -33.119981    -33.119979
   3.59044    -33.119524    -33.119522
   3.64518    -33.118945    -33.118943
   3.69993    -33.118255    -33.118253
   3.75467    -33.117471    -33.117469
   3.80941    -33.116621    -33.116619
   3.86416    -33.115752    -33.115750
   3.91890    -33.114946    -33.114944
   3.97364    -33.114338    -33.114336
   4.02838    -33.114105    -33.114103
 
# Band-Index   12
   4.02838    -33.106575    -33.106573
   3.97364    -33.106305    -33.106303
   3.91890    -33.105591    -33.105589
   3.86416    -33.104616    -33.104614
   3.80941    -33.103527    -33.103525
   3.75467    -33.102420    -33.102418
   3.69993    -33.101362    -33.101360
   3.64518    -33.100398    -33.100396
   3.59044    -33.099563    -33.099561
   3.53570    -33.098887    -33.098885
   3.48095    -33.098388    -33.098386
   3.42621    -33.098084    -33.098082
   3.37147    -33.097982    -33.097980
   3.37147    -33.097982    -33.097980
   3.31275    -33.098103    -33.098102
   3.25404    -33.098465    -33.098464
   3.19533    -33.099056    -33.099054
   3.13661    -33.099853    -33.099851
   3.07790    -33.100826    -33.100824
   3.01918    -33.101936    -33.101935
   2.96047    -33.103132    -33.103130
   2.90176    -33.104339    -33.104337
   2.84304    -33.105446    -33.105444
   2.78433    -33.106279    -33.106277
   2.72561    -33.106603    -33.106601
   2.72561    -33.106383    -33.106381
   2.67090    -33.106126    -33.106124
   2.61618    -33.105442    -33.105440
   2.56146    -33.104497    -33.104495
   2.50675    -33.103436    -33.103434
   2.45203    -33.102352    -33.102351
   2.39731    -33.101313    -33.101311
   2.34260    -33.100364    -33.100362
   2.28788    -33.099542    -33.099540
   2.23316    -33.098875    -33.098873
   2.17845    -33.098383    -33.098381
   2.12373    -33.098083    -33.098081
   2.06901    -33.097982    -33.097980
   2.06901    -33.097982    -33.097980
   2.01427    -33.098084    -33.098082
   1.95952    -33.098389    -33.098387
   1.90477    -33.098888    -33.098886
   1.85002    -33.099565    -33.099563
   1.79528    -33.100401    -33.100400
   1.74053    -33.101367    -33.101365
   1.68578    -33.102428    -33.102426
   1.63103    -33.103538    -33.103536
   1.57629    -33.104631    -33.104629
   1.52154    -33.105610    -33.105608
   1.46679    -33.106328    -33.106326
   1.41204    -33.106601    -33.106599
   1.41204    -33.106385    -33.106383
   1.35336    -33.106080    -33.106078
   1.29467    -33.105284    -33.105282
   1.23599    -33.104215    -33.104213
   1.17730    -33.103040    -33.103038
   1.11861    -33.101871    -33.101869
   1.05993    -33.100781    -33.100779
   1.00124    -33.099825    -33.099823
   0.94255    -33.099040    -33.099038
   0.88387    -33.098459    -33.098457
   0.82518    -33.098102    -33.098100
   0.76649    -33.097982    -33.097980
   0.76649    -33.097982    -33.097980
   0.73632    -33.097981    -33.097979
   0.70615    -33.097981    -33.097979
   0.67598    -33.097981    -33.097979
   0.64581    -33.097981    -33.097979
   0.64581    -33.106577    -33.106575
   0.58710    -33.106256    -33.106254
   0.52839    -33.105428    -33.105426
   0.46968    -33.104325    -33.104323
   0.41097    -33.103122    -33.103120
   0.35226    -33.101930    -33.101928
   0.29355    -33.100822    -33.100820
   0.23484    -33.099850    -33.099848
   0.17613    -33.099055    -33.099053
   0.11742    -33.098465    -33.098463
   0.05871    -33.098103    -33.098101
   0.00000    -33.097982    -33.097980
 
# Band-Index   13
   0.00000    -15.593608    -15.593608
   0.05871    -15.593798    -15.593798
   0.11742    -15.594351    -15.594351
   0.17613    -15.595227    -15.595227
   0.23484    -15.596374    -15.596374
   0.29355    -15.597775    -15.597775
   0.35226    -15.599439    -15.599439
   0.41097    -15.601398    -15.601398
   0.46968    -15.603556    -15.603556
   0.52839    -15.605552    -15.605552
   0.58710    -15.606941    -15.606942
   0.64581    -15.607430    -15.607430
   0.64581    -15.593595    -15.593595
   0.67598    -15.593599    -15.593599
   0.70615    -15.593598    -15.593598
   0.73632    -15.593611    -15.593611
   0.76649    -15.593608    -15.593608
   0.76649    -15.593608    -15.593608
   0.82518    -15.593804    -15.593804
   0.88387    -15.594378    -15.594378
   0.94255    -15.595289    -15.595289
   1.00124    -15.596491    -15.596492
   1.05993    -15.597969    -15.597969
   1.11861    -15.599733    -15.599733
   1.17730    -15.601810    -15.601810
   1.23599    -15.604073    -15.604073
   1.29467    -15.606144    -15.606145
   1.35336    -15.607582    -15.607582
   1.41204    -15.608086    -15.608086
   1.41204    -15.607656    -15.607656
   1.46679    -15.607140    -15.607140
   1.52154    -15.605780    -15.605781
   1.57629    -15.603984    -15.603984
   1.63103    -15.602071    -15.602072
   1.68578    -15.600227    -15.600227
   1.74053    -15.598576    -15.598577
   1.79528    -15.597160    -15.597161
   1.85002    -15.595962    -15.595962
   1.90477    -15.594977    -15.594977
   1.95952    -15.594234    -15.594234
   2.01427    -15.593767    -15.593767
   2.06901    -15.593608    -15.593608
   2.06901    -15.593608    -15.593608
   2.12373    -15.593773    -15.593773
   2.17845    -15.594256    -15.594256
   2.23316    -15.595032    -15.595032
   2.28788    -15.596061    -15.596061
   2.34260    -15.597322    -15.597322
   2.39731    -15.598808    -15.598809
   2.45203    -15.600540    -15.600541
   2.50675    -15.602503    -15.602504
   2.56146    -15.604571    -15.604571
   2.61618    -15.606465    -15.606466
   2.67090    -15.607804    -15.607805
   2.72561    -15.608287    -15.608287
   2.72561    -15.607432    -15.607432
   2.78433    -15.606944    -15.606944
   2.84304    -15.605554    -15.605555
   2.90176    -15.603557    -15.603558
   2.96047    -15.601398    -15.601398
   3.01918    -15.599438    -15.599438
   3.07790    -15.597774    -15.597774
   3.13661    -15.596373    -15.596373
   3.19533    -15.595226    -15.595227
   3.25404    -15.594351    -15.594351
   3.31275    -15.593798    -15.593798
   3.37147    -15.593608    -15.593608
   3.37147    -15.593608    -15.593608
   3.42621    -15.593767    -15.593767
   3.48095    -15.594235    -15.594235
   3.53570    -15.594978    -15.594978
   3.59044    -15.595963    -15.595963
   3.64518    -15.597161    -15.597161
   3.69993    -15.598577    -15.598577
   3.75467    -15.600227    -15.600228
   3.80941    -15.602071    -15.602071
   3.86416    -15.603983    -15.603983
   3.91890    -15.605778    -15.605778
   3.97364    -15.607137    -15.607137
   4.02838    -15.607652    -15.607653
 
# Band-Index   14
   4.02838    -15.586658    -15.586658
   3.97364    -15.587114    -15.587114
   3.91890    -15.586812    -15.586812
   3.86416    -15.584857    -15.584856
   3.80941    -15.582226    -15.582226
   3.75467    -15.580082    -15.580082
   3.69993    -15.578132    -15.578132
   3.64518    -15.576270    -15.576270
   3.59044    -15.574794    -15.574794
   3.53570    -15.573777    -15.573776
   3.48095    -15.573033    -15.573033
   3.42621    -15.572543    -15.572542
   3.37147    -15.572371    -15.572370
   3.37147    -15.572371    -15.572370
   3.31275    -15.572579    -15.572578
   3.25404    -15.573170    -15.573169
   3.19533    -15.574077    -15.574077
   3.13661    -15.575284    -15.575284
   3.07790    -15.576986    -15.576986
   3.01918    -15.579245    -15.579245
   2.96047    -15.581644    -15.581644
   2.90176    -15.583739    -15.583739
   2.84304    -15.585902    -15.585901
   2.78433    -15.588162    -15.588161
   2.72561    -15.589121    -15.589121
   2.72561    -15.586081    -15.586080
   2.67090    -15.586114    -15.586113
   2.61618    -15.585701    -15.585700
   2.56146    -15.584380    -15.584380
   2.50675    -15.582254    -15.582254
   2.45203    -15.579841    -15.579841
   2.39731    -15.577730    -15.577729
   2.34260    -15.576094    -15.576094
   2.28788    -15.574812    -15.574812
   2.23316    -15.573793    -15.573793
   2.17845    -15.573023    -15.573023
   2.12373    -15.572539    -15.572538
   2.06901    -15.572371    -15.572370
   2.06901    -15.572371    -15.572370
   2.01427    -15.572543    -15.572543
   1.95952    -15.573036    -15.573036
   1.90477    -15.573784    -15.573783
   1.85002    -15.574808    -15.574808
   1.79528    -15.576289    -15.576289
   1.74053    -15.578155    -15.578155
   1.68578    -15.580111    -15.580111
   1.63103    -15.582263    -15.582262
   1.57629    -15.584898    -15.584898
   1.52154    -15.586856    -15.586855
   1.46679    -15.587160    -15.587159
   1.41204    -15.586705    -15.586705
   1.41204    -15.588690    -15.588689
   1.35336    -15.587721    -15.587720
   1.29467    -15.585414    -15.585414
   1.23599    -15.583277    -15.583277
   1.17730    -15.581328    -15.581327
   1.11861    -15.579034    -15.579034
   1.05993    -15.576825    -15.576824
   1.00124    -15.575167    -15.575167
   0.94255    -15.574013    -15.574013
   0.88387    -15.573140    -15.573140
   0.82518    -15.572570    -15.572570
   0.76649    -15.572371    -15.572370
   0.76649    -15.572371    -15.572370
   0.73632    -15.572365    -15.572364
   0.70615    -15.572333    -15.572333
   0.67598    -15.572312    -15.572312
   0.64581    -15.572297    -15.572297
   0.64581    -15.589079    -15.589078
   0.58710    -15.588119    -15.588119
   0.52839    -15.585862    -15.585861
   0.46968    -15.583703    -15.583702
   0.41097    -15.581612    -15.581612
   0.35226    -15.579218    -15.579217
   0.29355    -15.576964    -15.576964
   0.23484    -15.575269    -15.575268
   0.17613    -15.574069    -15.574069
   0.11742    -15.573166    -15.573166
   0.05871    -15.572578    -15.572578
   0.00000    -15.572371    -15.572370
 
# Band-Index   15
   0.00000    -15.571315    -15.571315
   0.05871    -15.571491    -15.571491
   0.11742    -15.572027    -15.572027
   0.17613    -15.572920    -15.572920
   0.23484    -15.574092    -15.574092
   0.29355    -15.575295    -15.575295
   0.35226    -15.576379    -15.576378
   0.41097    -15.577511    -15.577510
   0.46968    -15.579038    -15.579037
   0.52839    -15.581004    -15.581004
   0.58710    -15.581953    -15.581953
   0.64581    -15.582184    -15.582185
   0.64581    -15.571371    -15.571371
   0.67598    -15.571362    -15.571362
   0.70615    -15.571336    -15.571336
   0.73632    -15.571328    -15.571328
   0.76649    -15.571315    -15.571315
   0.76649    -15.571315    -15.571315
   0.82518    -15.571492    -15.571492
   0.88387    -15.572029    -15.572029
   0.94255    -15.572925    -15.572925
   1.00124    -15.574110    -15.574110
   1.05993    -15.575308    -15.575308
   1.11861    -15.576377    -15.576376
   1.17730    -15.577559    -15.577559
   1.23599    -15.579174    -15.579174
   1.29467    -15.580718    -15.580718
   1.35336    -15.581139    -15.581139
   1.41204    -15.581174    -15.581174
   1.41204    -15.582302    -15.582302
   1.46679    -15.582073    -15.582073
   1.52154    -15.581399    -15.581399
   1.57629    -15.580290    -15.580290
   1.63103    -15.578605    -15.578605
   1.68578    -15.576842    -15.576842
   1.74053    -15.575650    -15.575650
   1.79528    -15.574712    -15.574712
   1.85002    -15.573720    -15.573720
   1.90477    -15.572701    -15.572701
   1.95952    -15.571921    -15.571921
   2.01427    -15.571463    -15.571463
   2.06901    -15.571315    -15.571315
   2.06901    -15.571315    -15.571315
   2.12373    -15.571465    -15.571465
   2.17845    -15.571911    -15.571911
   2.23316    -15.572641    -15.572641
   2.28788    -15.573613    -15.573612
   2.34260    -15.574752    -15.574752
   2.39731    -15.575964    -15.575964
   2.45203    -15.577177    -15.577177
   2.50675    -15.578392    -15.578391
   2.56146    -15.579614    -15.579614
   2.61618    -15.580746    -15.580746
   2.67090    -15.581632    -15.581631
   2.72561    -15.582085    -15.582085
   2.72561    -15.582174    -15.582174
   2.78433    -15.581944    -15.581944
   2.84304    -15.580996    -15.580996
   2.90176    -15.579030    -15.579030
   2.96047    -15.577503    -15.577502
   3.01918    -15.576369    -15.576369
   3.07790    -15.575283    -15.575283
   3.13661    -15.574081    -15.574080
   3.19533    -15.572914    -15.572914
   3.25404    -15.572024    -15.572024
   3.31275    -15.571490    -15.571490
   3.37147    -15.571315    -15.571315
   3.37147    -15.571315    -15.571315
   3.42621    -15.571464    -15.571464
   3.48095    -15.571924    -15.571924
   3.53570    -15.572707    -15.572707
   3.59044    -15.573730    -15.573730
   3.64518    -15.574723    -15.574723
   3.69993    -15.575660    -15.575659
   3.75467    -15.576851    -15.576851
   3.80941    -15.578615    -15.578615
   3.86416    -15.580300    -15.580300
   3.91890    -15.581409    -15.581409
   3.97364    -15.582083    -15.582083
   4.02838    -15.582309    -15.582310
 
# Band-Index   16
   4.02838    -15.581547    -15.581547
   3.97364    -15.580084    -15.580083
   3.91890    -15.577723    -15.577723
   3.86416    -15.575880    -15.575880
   3.80941    -15.573894    -15.573895
   3.75467    -15.570406    -15.570406
   3.69993    -15.565625    -15.565626
   3.64518    -15.560502    -15.560502
   3.59044    -15.555508    -15.555509
   3.53570    -15.551055    -15.551055
   3.48095    -15.547547    -15.547547
   3.42621    -15.545308    -15.545309
   3.37147    -15.544540    -15.544540
   3.37147    -15.544540    -15.544540
   3.31275    -15.545454    -15.545454
   3.25404    -15.548105    -15.548105
   3.19533    -15.552220    -15.552220
   3.13661    -15.557344    -15.557344
   3.07790    -15.562880    -15.562880
   3.01918    -15.568193    -15.568193
   2.96047    -15.572933    -15.572933
   2.90176    -15.576686    -15.576687
   2.84304    -15.578377    -15.578377
   2.78433    -15.578797    -15.578797
   2.72561    -15.578796    -15.578795
   2.72561    -15.581102    -15.581102
   2.67090    -15.580372    -15.580372
   2.61618    -15.578404    -15.578404
   2.56146    -15.575922    -15.575922
   2.50675    -15.573105    -15.573105
   2.45203    -15.569627    -15.569627
   2.39731    -15.565266    -15.565266
   2.34260    -15.560321    -15.560321
   2.28788    -15.555369    -15.555370
   2.23316    -15.550952    -15.550952
   2.17845    -15.547494    -15.547494
   2.12373    -15.545294    -15.545294
   2.06901    -15.544540    -15.544540
   2.06901    -15.544540    -15.544540
   2.01427    -15.545308    -15.545308
   1.95952    -15.547546    -15.547546
   1.90477    -15.551055    -15.551055
   1.85002    -15.555507    -15.555507
   1.79528    -15.560500    -15.560500
   1.74053    -15.565624    -15.565624
   1.68578    -15.570405    -15.570405
   1.63103    -15.573896    -15.573896
   1.57629    -15.575886    -15.575886
   1.52154    -15.577735    -15.577734
   1.46679    -15.580099    -15.580098
   1.41204    -15.581558    -15.581558
   1.41204    -15.578907    -15.578906
   1.35336    -15.578746    -15.578746
   1.29467    -15.577920    -15.577920
   1.23599    -15.575912    -15.575912
   1.17730    -15.572287    -15.572287
   1.11861    -15.567701    -15.567701
   1.05993    -15.562520    -15.562520
   1.00124    -15.557102    -15.557102
   0.94255    -15.552078    -15.552078
   0.88387    -15.548039    -15.548039
   0.82518    -15.545437    -15.545437
   0.76649    -15.544540    -15.544540
   0.76649    -15.544540    -15.544540
   0.73632    -15.544539    -15.544539
   0.70615    -15.544520    -15.544520
   0.67598    -15.544506    -15.544506
   0.64581    -15.544493    -15.544493
   0.64581    -15.578779    -15.578778
   0.58710    -15.578781    -15.578781
   0.52839    -15.578365    -15.578365
   0.46968    -15.576677    -15.576678
   0.41097    -15.572931    -15.572931
   0.35226    -15.568195    -15.568195
   0.29355    -15.562882    -15.562882
   0.23484    -15.557346    -15.557346
   0.17613    -15.552221    -15.552221
   0.11742    -15.548105    -15.548105
   0.05871    -15.545454    -15.545454
   0.00000    -15.544540    -15.544540
 
# Band-Index   17
   0.00000    -15.523639    -15.523639
   0.05871    -15.524571    -15.524570
   0.11742    -15.527268    -15.527267
   0.17613    -15.531434    -15.531433
   0.23484    -15.536616    -15.536616
   0.29355    -15.542316    -15.542316
   0.35226    -15.547997    -15.547997
   0.41097    -15.553035    -15.553035
   0.46968    -15.556783    -15.556782
   0.52839    -15.559066    -15.559065
   0.58710    -15.560215    -15.560214
   0.64581    -15.560552    -15.560551
   0.64581    -15.523790    -15.523790
   0.67598    -15.523776    -15.523775
   0.70615    -15.523720    -15.523720
   0.73632    -15.523669    -15.523669
   0.76649    -15.523639    -15.523639
   0.76649    -15.523639    -15.523639
   0.82518    -15.524559    -15.524559
   0.88387    -15.527217    -15.527217
   0.94255    -15.531325    -15.531324
   1.00124    -15.536435    -15.536435
   1.05993    -15.542067    -15.542066
   1.11861    -15.547704    -15.547704
   1.17730    -15.552739    -15.552738
   1.23599    -15.556508    -15.556508
   1.29467    -15.558807    -15.558807
   1.35336    -15.559954    -15.559953
   1.41204    -15.560286    -15.560285
   1.41204    -15.560447    -15.560447
   1.46679    -15.560132    -15.560131
   1.52154    -15.559174    -15.559173
   1.57629    -15.557466    -15.557465
   1.63103    -15.554766    -15.554766
   1.68578    -15.550843    -15.550843
   1.74053    -15.545815    -15.545815
   1.79528    -15.540289    -15.540288
   1.85002    -15.534957    -15.534957
   1.90477    -15.530322    -15.530322
   1.95952    -15.526718    -15.526718
   2.01427    -15.524426    -15.524426
   2.06901    -15.523639    -15.523639
   2.06901    -15.523639    -15.523639
   2.12373    -15.524417    -15.524416
   2.17845    -15.526681    -15.526681
   2.23316    -15.530235    -15.530235
   2.28788    -15.534768    -15.534768
   2.34260    -15.539858    -15.539858
   2.39731    -15.545031    -15.545030
   2.45203    -15.549810    -15.549810
   2.50675    -15.553806    -15.553806
   2.56146    -15.556808    -15.556808
   2.61618    -15.558793    -15.558793
   2.67090    -15.559883    -15.559882
   2.72561    -15.560219    -15.560219
   2.72561    -15.560510    -15.560510
   2.78433    -15.560165    -15.560164
   2.84304    -15.559011    -15.559010
   2.90176    -15.556732    -15.556732
   2.96047    -15.552996    -15.552996
   3.01918    -15.547970    -15.547970
   3.07790    -15.542298    -15.542298
   3.13661    -15.536606    -15.536605
   3.19533    -15.531428    -15.531428
   3.25404    -15.527266    -15.527265
   3.31275    -15.524571    -15.524570
   3.37147    -15.523639    -15.523639
   3.37147    -15.523639    -15.523639
   3.42621    -15.524427    -15.524426
   3.48095    -15.526720    -15.526720
   3.53570    -15.530326    -15.530326
   3.59044    -15.534966    -15.534966
   3.64518    -15.540304    -15.540304
   3.69993    -15.545840    -15.545840
   3.75467    -15.550881    -15.550881
   3.80941    -15.554816    -15.554816
   3.86416    -15.557523    -15.557522
   3.91890    -15.559228    -15.559228
   3.97364    -15.560174    -15.560174
   4.02838    -15.560483    -15.560483
 
# Band-Index   18
   4.02838    -15.559558    -15.559557
   3.97364    -15.559052    -15.559051
   3.91890    -15.557292    -15.557292
   3.86416    -15.554182    -15.554182
   3.80941    -15.550188    -15.550187
   3.75467    -15.545735    -15.545735
   3.69993    -15.541008    -15.541008
   3.64518    -15.536174    -15.536174
   3.59044    -15.531504    -15.531504
   3.53570    -15.527373    -15.527372
   3.48095    -15.524143    -15.524143
   3.42621    -15.522088    -15.522088
   3.37147    -15.521382    -15.521382
   3.37147    -15.521382    -15.521382
   3.31275    -15.522222    -15.522222
   3.25404    -15.524656    -15.524656
   3.19533    -15.528462    -15.528461
   3.13661    -15.533305    -15.533305
   3.07790    -15.538782    -15.538782
   3.01918    -15.544359    -15.544359
   2.96047    -15.549460    -15.549459
   2.90176    -15.553659    -15.553659
   2.84304    -15.556769    -15.556769
   2.78433    -15.558723    -15.558723
   2.72561    -15.559399    -15.559399
   2.72561    -15.559276    -15.559276
   2.67090    -15.558842    -15.558841
   2.61618    -15.557412    -15.557412
   2.56146    -15.554798    -15.554798
   2.50675    -15.551004    -15.551004
   2.45203    -15.546357    -15.546356
   2.39731    -15.541293    -15.541293
   2.34260    -15.536210    -15.536210
   2.28788    -15.531453    -15.531453
   2.23316    -15.527328    -15.527328
   2.17845    -15.524122    -15.524121
   2.12373    -15.522083    -15.522083
   2.06901    -15.521382    -15.521382
   2.06901    -15.521382    -15.521382
   2.01427    -15.522086    -15.522086
   1.95952    -15.524136    -15.524136
   1.90477    -15.527359    -15.527359
   1.85002    -15.531482    -15.531482
   1.79528    -15.536144    -15.536143
   1.74053    -15.540969    -15.540969
   1.68578    -15.545687    -15.545686
   1.63103    -15.550128    -15.550128
   1.57629    -15.554110    -15.554110
   1.52154    -15.557201    -15.557201
   1.46679    -15.558937    -15.558937
   1.41204    -15.559433    -15.559433
   1.41204    -15.559235    -15.559235
   1.35336    -15.558559    -15.558559
   1.29467    -15.556633    -15.556633
   1.23599    -15.553564    -15.553564
   1.17730    -15.549410    -15.549410
   1.11861    -15.544341    -15.544341
   1.05993    -15.538771    -15.538771
   1.00124    -15.533291    -15.533291
   0.94255    -15.528448    -15.528448
   0.88387    -15.524647    -15.524647
   0.82518    -15.522219    -15.522219
   0.76649    -15.521382    -15.521382
   0.76649    -15.521382    -15.521382
   0.73632    -15.521362    -15.521362
   0.70615    -15.521302    -15.521302
   0.67598    -15.521248    -15.521247
   0.64581    -15.521219    -15.521219
   0.64581    -15.559519    -15.559519
   0.58710    -15.558830    -15.558829
   0.52839    -15.556858    -15.556857
   0.46968    -15.553733    -15.553733
   0.41097    -15.549520    -15.549520
   0.35226    -15.544407    -15.544407
   0.29355    -15.538819    -15.538818
   0.23484    -15.533331    -15.533330
   0.17613    -15.528477    -15.528477
   0.11742    -15.524663    -15.524663
   0.05871    -15.522224    -15.522224
   0.00000    -15.521382    -15.521382
 
# Band-Index   19
   0.00000    -15.486527    -15.486528
   0.05871    -15.487017    -15.487018
   0.11742    -15.488839    -15.488840
   0.17613    -15.491904    -15.491905
   0.23484    -15.495802    -15.495803
   0.29355    -15.500287    -15.500288
   0.35226    -15.507069    -15.507071
   0.41097    -15.514949    -15.514950
   0.46968    -15.523037    -15.523038
   0.52839    -15.530526    -15.530527
   0.58710    -15.535978    -15.535979
   0.64581    -15.538001    -15.538001
   0.64581    -15.486520    -15.486522
   0.67598    -15.486520    -15.486522
   0.70615    -15.486523    -15.486524
   0.73632    -15.486529    -15.486531
   0.76649    -15.486527    -15.486528
   0.76649    -15.486527    -15.486528
   0.82518    -15.487207    -15.487209
   0.88387    -15.489175    -15.489177
   0.94255    -15.492232    -15.492233
   1.00124    -15.496106    -15.496108
   1.05993    -15.500650    -15.500651
   1.11861    -15.507283    -15.507284
   1.17730    -15.515215    -15.515216
   1.23599    -15.523323    -15.523324
   1.29467    -15.530799    -15.530799
   1.35336    -15.536244    -15.536244
   1.41204    -15.538267    -15.538268
   1.41204    -15.534025    -15.534026
   1.46679    -15.533942    -15.533943
   1.52154    -15.532152    -15.532152
   1.57629    -15.527227    -15.527228
   1.63103    -15.519647    -15.519647
   1.68578    -15.511113    -15.511114
   1.74053    -15.503447    -15.503448
   1.79528    -15.498339    -15.498341
   1.85002    -15.494440    -15.494442
   1.90477    -15.491054    -15.491056
   1.95952    -15.488444    -15.488445
   2.01427    -15.486934    -15.486935
   2.06901    -15.486527    -15.486528
   2.06901    -15.486527    -15.486528
   2.12373    -15.487099    -15.487101
   2.17845    -15.488761    -15.488763
   2.23316    -15.491384    -15.491385
   2.28788    -15.494761    -15.494762
   2.34260    -15.498691    -15.498693
   2.39731    -15.504015    -15.504016
   2.45203    -15.511456    -15.511457
   2.50675    -15.519059    -15.519060
   2.56146    -15.525691    -15.525692
   2.61618    -15.530614    -15.530614
   2.67090    -15.533495    -15.533496
   2.72561    -15.534419    -15.534420
   2.72561    -15.538049    -15.538050
   2.78433    -15.536024    -15.536025
   2.84304    -15.530566    -15.530567
   2.90176    -15.523071    -15.523072
   2.96047    -15.514979    -15.514980
   3.01918    -15.507102    -15.507103
   3.07790    -15.500349    -15.500350
   3.13661    -15.495816    -15.495817
   3.19533    -15.491910    -15.491912
   3.25404    -15.488844    -15.488846
   3.31275    -15.487019    -15.487021
   3.37147    -15.486527    -15.486528
   3.37147    -15.486527    -15.486528
   3.42621    -15.486932    -15.486933
   3.48095    -15.488439    -15.488440
   3.53570    -15.491048    -15.491049
   3.59044    -15.494430    -15.494431
   3.64518    -15.498312    -15.498313
   3.69993    -15.503402    -15.503403
   3.75467    -15.511085    -15.511086
   3.80941    -15.519615    -15.519615
   3.86416    -15.527189    -15.527189
   3.91890    -15.532110    -15.532111
   3.97364    -15.533898    -15.533899
   4.02838    -15.533982    -15.533982
 
# Band-Index   20
   4.02838    -15.518841    -15.518840
   3.97364    -15.516520    -15.516520
   3.91890    -15.515097    -15.515098
   3.86416    -15.512819    -15.512820
   3.80941    -15.509796    -15.509797
   3.75467    -15.506202    -15.506203
   3.69993    -15.502215    -15.502216
   3.64518    -15.497143    -15.497144
   3.59044    -15.492646    -15.492648
   3.53570    -15.489554    -15.489555
   3.48095    -15.487599    -15.487601
   3.42621    -15.486405    -15.486407
   3.37147    -15.485920    -15.485921
   3.37147    -15.485920    -15.485921
   3.31275    -15.486489    -15.486490
   3.25404    -15.487880    -15.487881
   3.19533    -15.490268    -15.490269
   3.13661    -15.494149    -15.494150
   3.07790    -15.499648    -15.499649
   3.01918    -15.504468    -15.504469
   2.96047    -15.508631    -15.508632
   2.90176    -15.512192    -15.512194
   2.84304    -15.514916    -15.514918
   2.78433    -15.516623    -15.516624
   2.72561    -15.517205    -15.517207
   2.72561    -15.518219    -15.518218
   2.67090    -15.516720    -15.516719
   2.61618    -15.515121    -15.515122
   2.56146    -15.512900    -15.512901
   2.50675    -15.509930    -15.509931
   2.45203    -15.506357    -15.506358
   2.39731    -15.502312    -15.502313
   2.34260    -15.497139    -15.497140
   2.28788    -15.492423    -15.492424
   2.23316    -15.489231    -15.489232
   2.17845    -15.487274    -15.487275
   2.12373    -15.486239    -15.486240
   2.06901    -15.485920    -15.485921
   2.06901    -15.485920    -15.485921
   2.01427    -15.486403    -15.486404
   1.95952    -15.487594    -15.487595
   1.90477    -15.489548    -15.489549
   1.85002    -15.492637    -15.492638
   1.79528    -15.497121    -15.497122
   1.74053    -15.502181    -15.502182
   1.68578    -15.506191    -15.506192
   1.63103    -15.509789    -15.509790
   1.57629    -15.512814    -15.512815
   1.52154    -15.515092    -15.515093
   1.46679    -15.516515    -15.516516
   1.41204    -15.518888    -15.518887
   1.41204    -15.517188    -15.517189
   1.35336    -15.516613    -15.516615
   1.29467    -15.514927    -15.514928
   1.23599    -15.512224    -15.512225
   1.17730    -15.508681    -15.508682
   1.11861    -15.504518    -15.504519
   1.05993    -15.499495    -15.499497
   1.00124    -15.493928    -15.493929
   0.94255    -15.489969    -15.489970
   0.88387    -15.487554    -15.487556
   0.82518    -15.486300    -15.486301
   0.76649    -15.485920    -15.485921
   0.76649    -15.485920    -15.485921
   0.73632    -15.485922    -15.485923
   0.70615    -15.485915    -15.485916
   0.67598    -15.485912    -15.485913
   0.64581    -15.485911    -15.485912
   0.64581    -15.517210    -15.517210
   0.58710    -15.516627    -15.516628
   0.52839    -15.514920    -15.514921
   0.46968    -15.512197    -15.512198
   0.41097    -15.508639    -15.508640
   0.35226    -15.504488    -15.504489
   0.29355    -15.499702    -15.499704
   0.23484    -15.494160    -15.494162
   0.17613    -15.490275    -15.490276
   0.11742    -15.487886    -15.487887
   0.05871    -15.486492    -15.486493
   0.00000    -15.485920    -15.485921
 
# Band-Index   21
   0.00000    -15.465951    -15.465950
   0.05871    -15.466595    -15.466593
   0.11742    -15.468578    -15.468577
   0.17613    -15.472005    -15.472004
   0.23484    -15.476103    -15.476102
   0.29355    -15.481188    -15.481187
   0.35226    -15.489649    -15.489648
   0.41097    -15.498217    -15.498216
   0.46968    -15.504897    -15.504896
   0.52839    -15.508463    -15.508462
   0.58710    -15.509022    -15.509022
   0.64581    -15.508254    -15.508254
   0.64581    -15.466477    -15.466476
   0.67598    -15.466411    -15.466410
   0.70615    -15.466243    -15.466241
   0.73632    -15.466049    -15.466048
   0.76649    -15.465951    -15.465950
   0.76649    -15.465951    -15.465950
   0.82518    -15.466933    -15.466931
   0.88387    -15.469429    -15.469427
   0.94255    -15.472901    -15.472900
   1.00124    -15.476957    -15.476955
   1.05993    -15.481248    -15.481247
   1.11861    -15.488866    -15.488866
   1.17730    -15.497502    -15.497501
   1.23599    -15.504249    -15.504248
   1.29467    -15.507866    -15.507865
   1.35336    -15.508372    -15.508371
   1.41204    -15.507382    -15.507382
   1.41204    -15.516988    -15.516990
   1.46679    -15.516141    -15.516140
   1.52154    -15.509658    -15.509658
   1.57629    -15.501858    -15.501857
   1.63103    -15.495386    -15.495385
   1.68578    -15.490659    -15.490658
   1.74053    -15.484800    -15.484799
   1.79528    -15.479051    -15.479050
   1.85002    -15.474737    -15.474736
   1.90477    -15.470932    -15.470931
   1.95952    -15.467997    -15.467995
   2.01427    -15.466518    -15.466516
   2.06901    -15.465951    -15.465950
   2.06901    -15.465951    -15.465950
   2.12373    -15.466861    -15.466860
   2.17845    -15.469019    -15.469018
   2.23316    -15.471868    -15.471867
   2.28788    -15.475076    -15.475075
   2.34260    -15.478449    -15.478448
   2.39731    -15.483047    -15.483046
   2.45203    -15.490839    -15.490838
   2.50675    -15.498817    -15.498817
   2.56146    -15.506286    -15.506285
   2.61618    -15.512515    -15.512515
   2.67090    -15.516487    -15.516489
   2.72561    -15.516952    -15.516953
   2.72561    -15.508304    -15.508304
   2.78433    -15.509068    -15.509067
   2.84304    -15.508505    -15.508504
   2.90176    -15.504934    -15.504933
   2.96047    -15.498244    -15.498243
   3.01918    -15.489664    -15.489663
   3.07790    -15.481194    -15.481193
   3.13661    -15.476124    -15.476123
   3.19533    -15.472026    -15.472025
   3.25404    -15.468591    -15.468590
   3.31275    -15.466593    -15.466592
   3.37147    -15.465951    -15.465950
   3.37147    -15.465951    -15.465950
   3.42621    -15.466522    -15.466521
   3.48095    -15.467993    -15.467991
   3.53570    -15.470913    -15.470911
   3.59044    -15.474714    -15.474713
   3.64518    -15.479030    -15.479029
   3.69993    -15.484787    -15.484786
   3.75467    -15.490636    -15.490635
   3.80941    -15.495354    -15.495353
   3.86416    -15.501827    -15.501826
   3.91890    -15.509622    -15.509621
   3.97364    -15.516098    -15.516097
   4.02838    -15.516992    -15.516993
 
# Band-Index   22
   4.02838    -15.498687    -15.498686
   3.97364    -15.498191    -15.498190
   3.91890    -15.496726    -15.496725
   3.86416    -15.494423    -15.494422
   3.80941    -15.491134    -15.491133
   3.75467    -15.487321    -15.487320
   3.69993    -15.483099    -15.483098
   3.64518    -15.477968    -15.477967
   3.59044    -15.472398    -15.472397
   3.53570    -15.469064    -15.469063
   3.48095    -15.467238    -15.467237
   3.42621    -15.465324    -15.465323
   3.37147    -15.464353    -15.464352
   3.37147    -15.464353    -15.464352
   3.31275    -15.465551    -15.465550
   3.25404    -15.467611    -15.467610
   3.19533    -15.469874    -15.469872
   3.13661    -15.473955    -15.473953
   3.07790    -15.480177    -15.480176
   3.01918    -15.484446    -15.484445
   2.96047    -15.488131    -15.488130
   2.90176    -15.491121    -15.491120
   2.84304    -15.495455    -15.495454
   2.78433    -15.500706    -15.500705
   2.72561    -15.503421    -15.503420
   2.72561    -15.499423    -15.499421
   2.67090    -15.498801    -15.498799
   2.61618    -15.496970    -15.496969
   2.56146    -15.494064    -15.494063
   2.50675    -15.490308    -15.490306
   2.45203    -15.486091    -15.486090
   2.39731    -15.482017    -15.482016
   2.34260    -15.476137    -15.476136
   2.28788    -15.471229    -15.471228
   2.23316    -15.468280    -15.468279
   2.17845    -15.466277    -15.466276
   2.12373    -15.464919    -15.464918
   2.06901    -15.464353    -15.464352
   2.06901    -15.464353    -15.464352
   2.01427    -15.465338    -15.465337
   1.95952    -15.467254    -15.467253
   1.90477    -15.469080    -15.469079
   1.85002    -15.472413    -15.472411
   1.79528    -15.477983    -15.477982
   1.74053    -15.483132    -15.483131
   1.68578    -15.487355    -15.487354
   1.63103    -15.491181    -15.491180
   1.57629    -15.494457    -15.494456
   1.52154    -15.496755    -15.496755
   1.46679    -15.498221    -15.498220
   1.41204    -15.498718    -15.498717
   1.41204    -15.503496    -15.503496
   1.35336    -15.500524    -15.500524
   1.29467    -15.495117    -15.495116
   1.23599    -15.492033    -15.492032
   1.17730    -15.489011    -15.489010
   1.11861    -15.485322    -15.485320
   1.05993    -15.480126    -15.480125
   1.00124    -15.472924    -15.472923
   0.94255    -15.468759    -15.468758
   0.88387    -15.466655    -15.466653
   0.82518    -15.465123    -15.465122
   0.76649    -15.464353    -15.464352
   0.76649    -15.464353    -15.464352
   0.73632    -15.464524    -15.464523
   0.70615    -15.464822    -15.464821
   0.67598    -15.465052    -15.465051
   0.64581    -15.465137    -15.465136
   0.64581    -15.503396    -15.503396
   0.58710    -15.500682    -15.500681
   0.52839    -15.495433    -15.495433
   0.46968    -15.491096    -15.491095
   0.41097    -15.488106    -15.488105
   0.35226    -15.484421    -15.484420
   0.29355    -15.480150    -15.480149
   0.23484    -15.473940    -15.473939
   0.17613    -15.469859    -15.469858
   0.11742    -15.467601    -15.467600
   0.05871    -15.465534    -15.465533
   0.00000    -15.464353    -15.464352
 
# Band-Index   23
   0.00000    -15.463602    -15.463600
   0.05871    -15.463506    -15.463505
   0.11742    -15.464430    -15.464429
   0.17613    -15.467083    -15.467081
   0.23484    -15.470641    -15.470640
   0.29355    -15.474172    -15.474171
   0.35226    -15.478433    -15.478432
   0.41097    -15.483634    -15.483634
   0.46968    -15.489484    -15.489483
   0.52839    -15.493221    -15.493220
   0.58710    -15.494438    -15.494437
   0.64581    -15.494815    -15.494814
   0.64581    -15.462878    -15.462877
   0.67598    -15.462974    -15.462973
   0.70615    -15.463214    -15.463213
   0.73632    -15.463484    -15.463483
   0.76649    -15.463602    -15.463600
   0.76649    -15.463602    -15.463600
   0.82518    -15.463864    -15.463863
   0.88387    -15.464995    -15.464993
   0.94255    -15.467234    -15.467233
   1.00124    -15.470522    -15.470521
   1.05993    -15.474423    -15.474422
   1.11861    -15.478696    -15.478695
   1.17730    -15.483151    -15.483150
   1.23599    -15.489067    -15.489067
   1.29467    -15.494228    -15.494227
   1.35336    -15.495534    -15.495532
   1.41204    -15.495959    -15.495957
   1.41204    -15.491969    -15.491968
   1.46679    -15.492666    -15.492666
   1.52154    -15.493758    -15.493758
   1.57629    -15.493627    -15.493626
   1.63103    -15.490423    -15.490422
   1.68578    -15.483783    -15.483782
   1.74053    -15.477311    -15.477310
   1.79528    -15.472411    -15.472410
   1.85002    -15.469291    -15.469290
   1.90477    -15.466416    -15.466415
   1.95952    -15.464317    -15.464316
   2.01427    -15.463479    -15.463478
   2.06901    -15.463602    -15.463600
   2.06901    -15.463602    -15.463600
   2.12373    -15.463713    -15.463711
   2.17845    -15.464594    -15.464592
   2.23316    -15.466724    -15.466722
   2.28788    -15.470112    -15.470111
   2.34260    -15.474285    -15.474284
   2.39731    -15.478455    -15.478454
   2.45203    -15.481759    -15.481758
   2.50675    -15.484375    -15.484375
   2.56146    -15.487307    -15.487306
   2.61618    -15.489552    -15.489551
   2.67090    -15.490930    -15.490929
   2.72561    -15.491389    -15.491388
   2.72561    -15.494832    -15.494831
   2.78433    -15.494457    -15.494456
   2.84304    -15.493240    -15.493239
   2.90176    -15.489494    -15.489493
   2.96047    -15.483639    -15.483638
   3.01918    -15.478443    -15.478443
   3.07790    -15.474173    -15.474172
   3.13661    -15.470608    -15.470607
   3.19533    -15.467040    -15.467039
   3.25404    -15.464427    -15.464426
   3.31275    -15.463496    -15.463495
   3.37147    -15.463602    -15.463600
   3.37147    -15.463602    -15.463600
   3.42621    -15.463448    -15.463446
   3.48095    -15.464246    -15.464245
   3.53570    -15.466452    -15.466451
   3.59044    -15.469324    -15.469323
   3.64518    -15.472435    -15.472434
   3.69993    -15.477329    -15.477328
   3.75467    -15.483792    -15.483792
   3.80941    -15.490433    -15.490433
   3.86416    -15.493608    -15.493607
   3.91890    -15.493731    -15.493731
   3.97364    -15.492640    -15.492640
   4.02838    -15.491945    -15.491944
 
# Band-Index   24
   4.02838    -15.485866    -15.485865
   3.97364    -15.485496    -15.485495
   3.91890    -15.484405    -15.484404
   3.86416    -15.482656    -15.482655
   3.80941    -15.480335    -15.480334
   3.75467    -15.477566    -15.477565
   3.69993    -15.474527    -15.474526
   3.64518    -15.471370    -15.471369
   3.59044    -15.468431    -15.468430
   3.53570    -15.466005    -15.466004
   3.48095    -15.464062    -15.464061
   3.42621    -15.463105    -15.463104
   3.37147    -15.462862    -15.462861
   3.37147    -15.462862    -15.462861
   3.31275    -15.463071    -15.463070
   3.25404    -15.464154    -15.464153
   3.19533    -15.466445    -15.466444
   3.13661    -15.469721    -15.469720
   3.07790    -15.473707    -15.473706
   3.01918    -15.478130    -15.478129
   2.96047    -15.482497    -15.482496
   2.90176    -15.486360    -15.486359
   2.84304    -15.489460    -15.489459
   2.78433    -15.491521    -15.491521
   2.72561    -15.492263    -15.492262
   2.72561    -15.486414    -15.486413
   2.67090    -15.486360    -15.486359
   2.61618    -15.486077    -15.486076
   2.56146    -15.485332    -15.485331
   2.50675    -15.483869    -15.483868
   2.45203    -15.480686    -15.480685
   2.39731    -15.476815    -15.476814
   2.34260    -15.472859    -15.472859
   2.28788    -15.468808    -15.468808
   2.23316    -15.465386    -15.465385
   2.17845    -15.463497    -15.463496
   2.12373    -15.462882    -15.462881
   2.06901    -15.462862    -15.462861
   2.06901    -15.462862    -15.462861
   2.01427    -15.463064    -15.463063
   1.95952    -15.463975    -15.463974
   1.90477    -15.466018    -15.466017
   1.85002    -15.468453    -15.468452
   1.79528    -15.471401    -15.471400
   1.74053    -15.474568    -15.474567
   1.68578    -15.477607    -15.477606
   1.63103    -15.480374    -15.480373
   1.57629    -15.482694    -15.482693
   1.52154    -15.484442    -15.484441
   1.46679    -15.485533    -15.485532
   1.41204    -15.485902    -15.485901
   1.41204    -15.492248    -15.492247
   1.35336    -15.491572    -15.491571
   1.29467    -15.489630    -15.489629
   1.23599    -15.486638    -15.486637
   1.17730    -15.482845    -15.482844
   1.11861    -15.477745    -15.477744
   1.05993    -15.473397    -15.473396
   1.00124    -15.469963    -15.469962
   0.94255    -15.466432    -15.466431
   0.88387    -15.463647    -15.463646
   0.82518    -15.462764    -15.462763
   0.76649    -15.462862    -15.462861
   0.76649    -15.462862    -15.462861
   0.73632    -15.462661    -15.462660
   0.70615    -15.462264    -15.462263
   0.67598    -15.461938    -15.461937
   0.64581    -15.461813    -15.461812
   0.64581    -15.492221    -15.492220
   0.58710    -15.491480    -15.491479
   0.52839    -15.489420    -15.489419
   0.46968    -15.486318    -15.486318
   0.41097    -15.482460    -15.482459
   0.35226    -15.478108    -15.478107
   0.29355    -15.473688    -15.473687
   0.23484    -15.469692    -15.469691
   0.17613    -15.466421    -15.466420
   0.11742    -15.464169    -15.464168
   0.05871    -15.463074    -15.463073
   0.00000    -15.462862    -15.462861
 
# Band-Index   25
   0.00000    -15.450299    -15.450300
   0.05871    -15.451082    -15.451083
   0.11742    -15.453585    -15.453587
   0.17613    -15.457224    -15.457225
   0.23484    -15.461559    -15.461560
   0.29355    -15.465909    -15.465910
   0.35226    -15.469413    -15.469414
   0.41097    -15.471805    -15.471806
   0.46968    -15.473320    -15.473321
   0.52839    -15.474200    -15.474201
   0.58710    -15.474635    -15.474636
   0.64581    -15.474761    -15.474762
   0.64581    -15.450686    -15.450687
   0.67598    -15.450630    -15.450631
   0.70615    -15.450490    -15.450491
   0.73632    -15.450357    -15.450358
   0.76649    -15.450299    -15.450300
   0.76649    -15.450299    -15.450300
   0.82518    -15.451354    -15.451355
   0.88387    -15.454017    -15.454019
   0.94255    -15.457699    -15.457700
   1.00124    -15.462005    -15.462006
   1.05993    -15.466313    -15.466314
   1.11861    -15.469731    -15.469731
   1.17730    -15.472029    -15.472029
   1.23599    -15.473488    -15.473488
   1.29467    -15.474335    -15.474335
   1.35336    -15.474756    -15.474757
   1.41204    -15.474879    -15.474880
   1.41204    -15.480166    -15.480167
   1.46679    -15.479073    -15.479074
   1.52154    -15.476664    -15.476664
   1.57629    -15.474014    -15.474014
   1.63103    -15.471555    -15.471555
   1.68578    -15.469313    -15.469314
   1.74053    -15.467063    -15.467064
   1.79528    -15.464151    -15.464152
   1.85002    -15.460185    -15.460186
   1.90477    -15.456226    -15.456227
   1.95952    -15.453121    -15.453122
   2.01427    -15.450993    -15.450994
   2.06901    -15.450299    -15.450300
   2.06901    -15.450299    -15.450300
   2.12373    -15.451160    -15.451161
   2.17845    -15.453456    -15.453457
   2.23316    -15.456747    -15.456749
   2.28788    -15.460489    -15.460490
   2.34260    -15.464254    -15.464255
   2.39731    -15.467872    -15.467873
   2.45203    -15.471207    -15.471208
   2.50675    -15.474184    -15.474185
   2.56146    -15.476731    -15.476731
   2.61618    -15.478727    -15.478728
   2.67090    -15.480027    -15.480027
   2.72561    -15.480485    -15.480485
   2.72561    -15.474814    -15.474815
   2.78433    -15.474687    -15.474688
   2.84304    -15.474250    -15.474251
   2.90176    -15.473369    -15.473370
   2.96047    -15.471853    -15.471853
   3.01918    -15.469459    -15.469460
   3.07790    -15.465954    -15.465955
   3.13661    -15.461603    -15.461604
   3.19533    -15.457268    -15.457269
   3.25404    -15.453628    -15.453629
   3.31275    -15.451115    -15.451116
   3.37147    -15.450299    -15.450300
   3.37147    -15.450299    -15.450300
   3.42621    -15.450961    -15.450963
   3.48095    -15.453081    -15.453083
   3.53570    -15.456183    -15.456185
   3.59044    -15.460139    -15.460140
   3.64518    -15.464101    -15.464102
   3.69993    -15.467011    -15.467012
   3.75467    -15.469254    -15.469255
   3.80941    -15.471487    -15.471488
   3.86416    -15.473946    -15.473946
   3.91890    -15.476601    -15.476601
   3.97364    -15.479013    -15.479014
   4.02838    -15.480107    -15.480108
 
# Band-Index   26
   4.02838    -15.472557    -15.472558
   3.97364    -15.472176    -15.472176
   3.91890    -15.471057    -15.471057
   3.86416    -15.469281    -15.469281
   3.80941    -15.466975    -15.466975
   3.75467    -15.464290    -15.464291
   3.69993    -15.461399    -15.461400
   3.64518    -15.458496    -15.458496
   3.59044    -15.455779    -15.455779
   3.53570    -15.453444    -15.453445
   3.48095    -15.451652    -15.451653
   3.42621    -15.450489    -15.450489
   3.37147    -15.449923    -15.449924
   3.37147    -15.449923    -15.449924
   3.31275    -15.450575    -15.450576
   3.25404    -15.452047    -15.452048
   3.19533    -15.454146    -15.454147
   3.13661    -15.456582    -15.456583
   3.07790    -15.459077    -15.459078
   3.01918    -15.461431    -15.461432
   2.96047    -15.463511    -15.463512
   2.90176    -15.465215    -15.465216
   2.84304    -15.466471    -15.466472
   2.78433    -15.467233    -15.467234
   2.72561    -15.467490    -15.467491
   2.72561    -15.472462    -15.472463
   2.67090    -15.471776    -15.471776
   2.61618    -15.469895    -15.469896
   2.56146    -15.467219    -15.467219
   2.50675    -15.464222    -15.464223
   2.45203    -15.461352    -15.461353
   2.39731    -15.458882    -15.458883
   2.34260    -15.456817    -15.456818
   2.28788    -15.454988    -15.454989
   2.23316    -15.453229    -15.453230
   2.17845    -15.451575    -15.451577
   2.12373    -15.450345    -15.450346
   2.06901    -15.449923    -15.449924
   2.06901    -15.449923    -15.449924
   2.01427    -15.450458    -15.450460
   1.95952    -15.451615    -15.451616
   1.90477    -15.453402    -15.453404
   1.85002    -15.455735    -15.455737
   1.79528    -15.458450    -15.458451
   1.74053    -15.461349    -15.461351
   1.68578    -15.464232    -15.464233
   1.63103    -15.466910    -15.466911
   1.57629    -15.469219    -15.469220
   1.52154    -15.471007    -15.471008
   1.46679    -15.472137    -15.472138
   1.41204    -15.472523    -15.472524
   1.41204    -15.467480    -15.467481
   1.35336    -15.467225    -15.467226
   1.29467    -15.466461    -15.466461
   1.23599    -15.465187    -15.465188
   1.17730    -15.463447    -15.463448
   1.11861    -15.461317    -15.461318
   1.05993    -15.458902    -15.458903
   1.00124    -15.456353    -15.456354
   0.94255    -15.453884    -15.453885
   0.88387    -15.451785    -15.451786
   0.82518    -15.450378    -15.450380
   0.76649    -15.449923    -15.449924
   0.76649    -15.449923    -15.449924
   0.73632    -15.449974    -15.449976
   0.70615    -15.450088    -15.450089
   0.67598    -15.450206    -15.450208
   0.64581    -15.450253    -15.450254
   0.64581    -15.467532    -15.467532
   0.58710    -15.467273    -15.467274
   0.52839    -15.466509    -15.466510
   0.46968    -15.465251    -15.465252
   0.41097    -15.463547    -15.463548
   0.35226    -15.461470    -15.461471
   0.29355    -15.459118    -15.459119
   0.23484    -15.456626    -15.456627
   0.17613    -15.454190    -15.454191
   0.11742    -15.452087    -15.452088
   0.05871    -15.450607    -15.450608
   0.00000    -15.449923    -15.449924
 
# Band-Index   27
   0.00000    -15.430421    -15.430419
   0.05871    -15.430954    -15.430952
   0.11742    -15.433089    -15.433088
   0.17613    -15.436708    -15.436707
   0.23484    -15.441105    -15.441104
   0.29355    -15.446052    -15.446051
   0.35226    -15.450370    -15.450369
   0.41097    -15.453761    -15.453760
   0.46968    -15.456279    -15.456279
   0.52839    -15.458030    -15.458029
   0.58710    -15.459075    -15.459074
   0.64581    -15.459422    -15.459422
   0.64581    -15.429870    -15.429869
   0.67598    -15.429962    -15.429961
   0.70615    -15.430164    -15.430163
   0.73632    -15.430351    -15.430350
   0.76649    -15.430421    -15.430419
   0.76649    -15.430421    -15.430419
   0.82518    -15.430707    -15.430706
   0.88387    -15.432572    -15.432571
   0.94255    -15.436229    -15.436228
   1.00124    -15.440772    -15.440771
   1.05993    -15.445864    -15.445863
   1.11861    -15.450282    -15.450282
   1.17730    -15.453740    -15.453740
   1.23599    -15.456307    -15.456307
   1.29467    -15.458087    -15.458087
   1.35336    -15.459148    -15.459148
   1.41204    -15.459503    -15.459503
   1.41204    -15.458394    -15.458394
   1.46679    -15.458155    -15.458154
   1.52154    -15.457430    -15.457429
   1.57629    -15.456169    -15.456169
   1.63103    -15.454324    -15.454323
   1.68578    -15.451789    -15.451788
   1.74053    -15.448432    -15.448431
   1.79528    -15.444208    -15.444206
   1.85002    -15.439570    -15.439569
   1.90477    -15.435765    -15.435764
   1.95952    -15.432621    -15.432620
   2.01427    -15.430830    -15.430829
   2.06901    -15.430421    -15.430419
   2.06901    -15.430421    -15.430419
   2.12373    -15.430590    -15.430589
   2.17845    -15.432106    -15.432105
   2.23316    -15.435210    -15.435209
   2.28788    -15.439200    -15.439199
   2.34260    -15.443676    -15.443676
   2.39731    -15.447878    -15.447878
   2.45203    -15.451338    -15.451337
   2.50675    -15.454014    -15.454014
   2.56146    -15.455988    -15.455987
   2.61618    -15.457336    -15.457335
   2.67090    -15.458118    -15.458118
   2.72561    -15.458379    -15.458379
   2.72561    -15.459426    -15.459425
   2.78433    -15.459078    -15.459077
   2.84304    -15.458031    -15.458030
   2.90176    -15.456280    -15.456279
   2.96047    -15.453761    -15.453760
   3.01918    -15.450373    -15.450372
   3.07790    -15.446065    -15.446063
   3.13661    -15.441145    -15.441144
   3.19533    -15.436752    -15.436751
   3.25404    -15.433117    -15.433116
   3.31275    -15.430963    -15.430962
   3.37147    -15.430421    -15.430419
   3.37147    -15.430421    -15.430419
   3.42621    -15.430823    -15.430822
   3.48095    -15.432595    -15.432594
   3.53570    -15.435725    -15.435724
   3.59044    -15.439522    -15.439521
   3.64518    -15.444190    -15.444189
   3.69993    -15.448424    -15.448423
   3.75467    -15.451785    -15.451784
   3.80941    -15.454325    -15.454324
   3.86416    -15.456174    -15.456174
   3.91890    -15.457439    -15.457439
   3.97364    -15.458168    -15.458168
   4.02838    -15.458409    -15.458409
 
# Band-Index   28
   4.02838    -15.452083    -15.452082
   3.97364    -15.451954    -15.451954
   3.91890    -15.451549    -15.451548
   3.86416    -15.450767    -15.450766
   3.80941    -15.449466    -15.449465
   3.75467    -15.447544    -15.447543
   3.69993    -15.444957    -15.444956
   3.64518    -15.441862    -15.441861
   3.59044    -15.438408    -15.438407
   3.53570    -15.434223    -15.434222
   3.48095    -15.431258    -15.431256
   3.42621    -15.430142    -15.430141
   3.37147    -15.429762    -15.429761
   3.37147    -15.429762    -15.429761
   3.31275    -15.430150    -15.430149
   3.25404    -15.431398    -15.431397
   3.19533    -15.435291    -15.435290
   3.13661    -15.439776    -15.439775
   3.07790    -15.443383    -15.443382
   3.01918    -15.446346    -15.446345
   2.96047    -15.448663    -15.448661
   2.90176    -15.450389    -15.450388
   2.84304    -15.451610    -15.451609
   2.78433    -15.452386    -15.452385
   2.72561    -15.452664    -15.452663
   2.72561    -15.451569    -15.451568
   2.67090    -15.451409    -15.451408
   2.61618    -15.450930    -15.450929
   2.56146    -15.450086    -15.450085
   2.50675    -15.448816    -15.448815
   2.45203    -15.447033    -15.447033
   2.39731    -15.444654    -15.444654
   2.34260    -15.441635    -15.441634
   2.28788    -15.437952    -15.437951
   2.23316    -15.433795    -15.433794
   2.17845    -15.431261    -15.431260
   2.12373    -15.430306    -15.430305
   2.06901    -15.429762    -15.429761
   2.06901    -15.429762    -15.429761
   2.01427    -15.430139    -15.430138
   1.95952    -15.431239    -15.431238
   1.90477    -15.434177    -15.434176
   1.85002    -15.438360    -15.438359
   1.79528    -15.441846    -15.441845
   1.74053    -15.444949    -15.444947
   1.68578    -15.447538    -15.447537
   1.63103    -15.449460    -15.449459
   1.57629    -15.450761    -15.450760
   1.52154    -15.451544    -15.451542
   1.46679    -15.451948    -15.451947
   1.41204    -15.452077    -15.452075
   1.41204    -15.451734    -15.451733
   1.35336    -15.451518    -15.451518
   1.29467    -15.450869    -15.450868
   1.23599    -15.449757    -15.449756
   1.17730    -15.448096    -15.448095
   1.11861    -15.445825    -15.445824
   1.05993    -15.442906    -15.442905
   1.00124    -15.439377    -15.439376
   0.94255    -15.434933    -15.434932
   0.88387    -15.431612    -15.431611
   0.82518    -15.430362    -15.430361
   0.76649    -15.429762    -15.429761
   0.76649    -15.429762    -15.429761
   0.73632    -15.429688    -15.429687
   0.70615    -15.429495    -15.429494
   0.67598    -15.429286    -15.429285
   0.64581    -15.429190    -15.429189
   0.64581    -15.452715    -15.452714
   0.58710    -15.452433    -15.452432
   0.52839    -15.451647    -15.451646
   0.46968    -15.450414    -15.450413
   0.41097    -15.448677    -15.448676
   0.35226    -15.446356    -15.446355
   0.29355    -15.443396    -15.443395
   0.23484    -15.439815    -15.439814
   0.17613    -15.435338    -15.435337
   0.11742    -15.431427    -15.431426
   0.05871    -15.430156    -15.430155
   0.00000    -15.429762    -15.429761
 
# Band-Index   29
   0.00000    -15.426682    -15.426681
   0.05871    -15.427823    -15.427822
   0.11742    -15.430696    -15.430695
   0.17613    -15.432701    -15.432700
   0.23484    -15.435081    -15.435080
   0.29355    -15.437990    -15.437989
   0.35226    -15.441129    -15.441128
   0.41097    -15.444182    -15.444182
   0.46968    -15.446862    -15.446861
   0.52839    -15.448908    -15.448907
   0.58710    -15.450151    -15.450150
   0.64581    -15.450560    -15.450559
   0.64581    -15.427101    -15.427099
   0.67598    -15.427032    -15.427031
   0.70615    -15.426875    -15.426874
   0.73632    -15.426740    -15.426739
   0.76649    -15.426682    -15.426681
   0.76649    -15.426682    -15.426681
   0.82518    -15.427349    -15.427348
   0.88387    -15.430556    -15.430555
   0.94255    -15.433160    -15.433159
   1.00124    -15.435508    -15.435507
   1.05993    -15.438413    -15.438413
   1.11861    -15.441565    -15.441564
   1.17730    -15.444647    -15.444646
   1.23599    -15.447382    -15.447381
   1.29467    -15.449529    -15.449528
   1.35336    -15.450897    -15.450896
   1.41204    -15.451366    -15.451365
   1.41204    -15.446264    -15.446264
   1.46679    -15.446013    -15.446013
   1.52154    -15.445270    -15.445270
   1.57629    -15.444073    -15.444073
   1.63103    -15.442479    -15.442479
   1.68578    -15.440584    -15.440583
   1.74053    -15.438495    -15.438494
   1.79528    -15.436348    -15.436348
   1.85002    -15.434290    -15.434289
   1.90477    -15.432440    -15.432439
   1.95952    -15.430221    -15.430220
   2.01427    -15.427659    -15.427657
   2.06901    -15.426682    -15.426681
   2.06901    -15.426682    -15.426681
   2.12373    -15.427125    -15.427124
   2.17845    -15.429920    -15.429919
   2.23316    -15.432768    -15.432767
   2.28788    -15.435293    -15.435292
   2.34260    -15.438321    -15.438320
   2.39731    -15.441339    -15.441338
   2.45203    -15.443863    -15.443862
   2.50675    -15.445591    -15.445590
   2.56146    -15.446504    -15.446503
   2.61618    -15.446769    -15.446769
   2.67090    -15.446675    -15.446674
   2.72561    -15.446574    -15.446573
   2.72561    -15.450614    -15.450613
   2.78433    -15.450202    -15.450201
   2.84304    -15.448949    -15.448948
   2.90176    -15.446891    -15.446890
   2.96047    -15.444201    -15.444200
   3.01918    -15.441140    -15.441139
   3.07790    -15.437994    -15.437993
   3.13661    -15.435078    -15.435078
   3.19533    -15.432693    -15.432693
   3.25404    -15.430680    -15.430679
   3.31275    -15.427805    -15.427804
   3.37147    -15.426682    -15.426681
   3.37147    -15.426682    -15.426681
   3.42621    -15.427676    -15.427675
   3.48095    -15.430245    -15.430244
   3.53570    -15.432446    -15.432445
   3.59044    -15.434295    -15.434294
   3.64518    -15.436351    -15.436350
   3.69993    -15.438495    -15.438494
   3.75467    -15.440582    -15.440581
   3.80941    -15.442475    -15.442474
   3.86416    -15.444067    -15.444067
   3.91890    -15.445263    -15.445262
   3.97364    -15.446005    -15.446004
   4.02838    -15.446255    -15.446254
 
# Band-Index   30
   4.02838    -15.439842    -15.439841
   3.97364    -15.439619    -15.439618
   3.91890    -15.438960    -15.438959
   3.86416    -15.437911    -15.437909
   3.80941    -15.436532    -15.436531
   3.75467    -15.434923    -15.434921
   3.69993    -15.433178    -15.433177
   3.64518    -15.431410    -15.431409
   3.59044    -15.429741    -15.429740
   3.53570    -15.428288    -15.428287
   3.48095    -15.427152    -15.427151
   3.42621    -15.426405    -15.426404
   3.37147    -15.426054    -15.426052
   3.37147    -15.426054    -15.426052
   3.31275    -15.426525    -15.426524
   3.25404    -15.427515    -15.427514
   3.19533    -15.428854    -15.428853
   3.13661    -15.430317    -15.430315
   3.07790    -15.431796    -15.431795
   3.01918    -15.433239    -15.433238
   2.96047    -15.434582    -15.434581
   2.90176    -15.435744    -15.435743
   2.84304    -15.436646    -15.436645
   2.78433    -15.437219    -15.437218
   2.72561    -15.437417    -15.437416
   2.72561    -15.440447    -15.440446
   2.67090    -15.439988    -15.439987
   2.61618    -15.438800    -15.438799
   2.56146    -15.437226    -15.437225
   2.50675    -15.435511    -15.435510
   2.45203    -15.433834    -15.433833
   2.39731    -15.432308    -15.432307
   2.34260    -15.431005    -15.431004
   2.28788    -15.429923    -15.429922
   2.23316    -15.428952    -15.428950
   2.17845    -15.427929    -15.427927
   2.12373    -15.427023    -15.427022
   2.06901    -15.426054    -15.426052
   2.06901    -15.426054    -15.426052
   2.01427    -15.426419    -15.426418
   1.95952    -15.427172    -15.427171
   1.90477    -15.428308    -15.428307
   1.85002    -15.429761    -15.429760
   1.79528    -15.431429    -15.431428
   1.74053    -15.433196    -15.433195
   1.68578    -15.434941    -15.434939
   1.63103    -15.436550    -15.436548
   1.57629    -15.437928    -15.437927
   1.52154    -15.438978    -15.438976
   1.46679    -15.439636    -15.439635
   1.41204    -15.439860    -15.439859
   1.41204    -15.437941    -15.437940
   1.35336    -15.437744    -15.437743
   1.29467    -15.437172    -15.437171
   1.23599    -15.436272    -15.436271
   1.17730    -15.435112    -15.435111
   1.11861    -15.433772    -15.433770
   1.05993    -15.432332    -15.432330
   1.00124    -15.430851    -15.430850
   0.94255    -15.429372    -15.429371
   0.88387    -15.428012    -15.428011
   0.82518    -15.427033    -15.427031
   0.76649    -15.426054    -15.426052
   0.76649    -15.426054    -15.426052
   0.73632    -15.426115    -15.426114
   0.70615    -15.426254    -15.426253
   0.67598    -15.426418    -15.426416
   0.64581    -15.426490    -15.426488
   0.64581    -15.437406    -15.437405
   0.58710    -15.437208    -15.437207
   0.52839    -15.436635    -15.436633
   0.46968    -15.435732    -15.435731
   0.41097    -15.434570    -15.434569
   0.35226    -15.433226    -15.433225
   0.29355    -15.431782    -15.431780
   0.23484    -15.430299    -15.430298
   0.17613    -15.428833    -15.428832
   0.11742    -15.427494    -15.427493
   0.05871    -15.426508    -15.426507
   0.00000    -15.426054    -15.426052
 
# Band-Index   31
   0.00000    -15.341322    -15.341322
   0.05871    -15.340386    -15.340387
   0.11742    -15.339086    -15.339086
   0.17613    -15.342326    -15.342327
   0.23484    -15.348158    -15.348159
   0.29355    -15.352554    -15.352555
   0.35226    -15.354993    -15.354993
   0.41097    -15.356043    -15.356044
   0.46968    -15.356416    -15.356417
   0.52839    -15.356553    -15.356553
   0.58710    -15.356635    -15.356636
   0.64581    -15.356664    -15.356664
   0.64581    -15.341279    -15.341280
   0.67598    -15.341289    -15.341289
   0.70615    -15.341299    -15.341300
   0.73632    -15.341320    -15.341320
   0.76649    -15.341322    -15.341322
   0.76649    -15.341322    -15.341322
   0.82518    -15.340235    -15.340236
   0.88387    -15.338180    -15.338180
   0.94255    -15.341535    -15.341535
   1.00124    -15.347860    -15.347860
   1.05993    -15.352319    -15.352320
   1.11861    -15.354649    -15.354649
   1.17730    -15.355527    -15.355528
   1.23599    -15.355719    -15.355719
   1.29467    -15.355693    -15.355693
   1.35336    -15.355655    -15.355656
   1.41204    -15.355635    -15.355636
   1.41204    -15.357043    -15.357044
   1.46679    -15.357012    -15.357013
   1.52154    -15.356888    -15.356889
   1.57629    -15.356604    -15.356604
   1.63103    -15.356072    -15.356072
   1.68578    -15.355168    -15.355168
   1.74053    -15.353600    -15.353600
   1.79528    -15.350777    -15.350778
   1.85002    -15.346218    -15.346219
   1.90477    -15.340916    -15.340916
   1.95952    -15.339101    -15.339101
   2.01427    -15.340520    -15.340520
   2.06901    -15.341322    -15.341322
   2.06901    -15.341322    -15.341322
   2.12373    -15.340397    -15.340397
   2.17845    -15.338409    -15.338409
   2.23316    -15.339997    -15.339997
   2.28788    -15.345695    -15.345695
   2.34260    -15.350458    -15.350458
   2.39731    -15.353538    -15.353538
   2.45203    -15.355181    -15.355181
   2.50675    -15.355879    -15.355880
   2.56146    -15.356085    -15.356085
   2.61618    -15.356109    -15.356109
   2.67090    -15.356104    -15.356104
   2.72561    -15.356095    -15.356096
   2.72561    -15.356578    -15.356579
   2.78433    -15.356559    -15.356559
   2.84304    -15.356493    -15.356493
   2.90176    -15.356372    -15.356372
   2.96047    -15.356008    -15.356008
   3.01918    -15.354963    -15.354963
   3.07790    -15.352528    -15.352529
   3.13661    -15.348133    -15.348133
   3.19533    -15.342291    -15.342291
   3.25404    -15.339050    -15.339050
   3.31275    -15.340381    -15.340381
   3.37147    -15.341322    -15.341322
   3.37147    -15.341322    -15.341322
   3.42621    -15.340525    -15.340525
   3.48095    -15.339130    -15.339131
   3.53570    -15.340956    -15.340956
   3.59044    -15.346244    -15.346245
   3.64518    -15.350803    -15.350803
   3.69993    -15.353629    -15.353629
   3.75467    -15.355202    -15.355202
   3.80941    -15.356112    -15.356112
   3.86416    -15.356650    -15.356651
   3.91890    -15.356942    -15.356942
   3.97364    -15.357073    -15.357073
   4.02838    -15.357107    -15.357107
 
# Band-Index   32
   4.02838    -15.353935    -15.353935
   3.97364    -15.353764    -15.353765
   3.91890    -15.353257    -15.353258
   3.86416    -15.352413    -15.352413
   3.80941    -15.351172    -15.351172
   3.75467    -15.349333    -15.349333
   3.69993    -15.346681    -15.346681
   3.64518    -15.343164    -15.343164
   3.59044    -15.338989    -15.338989
   3.53570    -15.335194    -15.335195
   3.48095    -15.335271    -15.335272
   3.42621    -15.336110    -15.336111
   3.37147    -15.336434    -15.336435
   3.37147    -15.336434    -15.336435
   3.31275    -15.336059    -15.336060
   3.25404    -15.335111    -15.335111
   3.19533    -15.335864    -15.335864
   3.13661    -15.340400    -15.340400
   3.07790    -15.344536    -15.344536
   3.01918    -15.347778    -15.347778
   2.96047    -15.350243    -15.350243
   2.90176    -15.352074    -15.352074
   2.84304    -15.353368    -15.353368
   2.78433    -15.354155    -15.354155
   2.72561    -15.354424    -15.354424
   2.72561    -15.352998    -15.352998
   2.67090    -15.352814    -15.352814
   2.61618    -15.352267    -15.352268
   2.56146    -15.351368    -15.351368
   2.50675    -15.350093    -15.350093
   2.45203    -15.348363    -15.348363
   2.39731    -15.346002    -15.346003
   2.34260    -15.342768    -15.342769
   2.28788    -15.338479    -15.338480
   2.23316    -15.333571    -15.333571
   2.17845    -15.335033    -15.335033
   2.12373    -15.336045    -15.336046
   2.06901    -15.336434    -15.336435
   2.06901    -15.336434    -15.336435
   2.01427    -15.336113    -15.336113
   1.95952    -15.335288    -15.335288
   1.90477    -15.335189    -15.335189
   1.85002    -15.338965    -15.338965
   1.79528    -15.343142    -15.343142
   1.74053    -15.346663    -15.346663
   1.68578    -15.349322    -15.349322
   1.63103    -15.351170    -15.351170
   1.57629    -15.352423    -15.352423
   1.52154    -15.353281    -15.353281
   1.46679    -15.353799    -15.353799
   1.41204    -15.353975    -15.353974
   1.41204    -15.353418    -15.353419
   1.35336    -15.353161    -15.353161
   1.29467    -15.352411    -15.352411
   1.23599    -15.351201    -15.351201
   1.17730    -15.349486    -15.349486
   1.11861    -15.347151    -15.347151
   1.05993    -15.344008    -15.344009
   1.00124    -15.339855    -15.339855
   0.94255    -15.334749    -15.334749
   0.88387    -15.334793    -15.334793
   0.82518    -15.335972    -15.335973
   0.76649    -15.336434    -15.336435
   0.76649    -15.336434    -15.336435
   0.73632    -15.336448    -15.336448
   0.70615    -15.336469    -15.336469
   0.67598    -15.336495    -15.336495
   0.64581    -15.336503    -15.336504
   0.64581    -15.354362    -15.354363
   0.58710    -15.354104    -15.354105
   0.52839    -15.353339    -15.353339
   0.46968    -15.352066    -15.352067
   0.41097    -15.350251    -15.350251
   0.35226    -15.347794    -15.347795
   0.29355    -15.344557    -15.344557
   0.23484    -15.340423    -15.340424
   0.17613    -15.335880    -15.335880
   0.11742    -15.335091    -15.335091
   0.05871    -15.336056    -15.336056
   0.00000    -15.336434    -15.336435
 
# Band-Index   33
   0.00000    -15.318355    -15.318355
   0.05871    -15.320054    -15.320054
   0.11742    -15.327445    -15.327445
   0.17613    -15.330366    -15.330366
   0.23484    -15.327907    -15.327907
   0.29355    -15.325853    -15.325853
   0.35226    -15.324891    -15.324891
   0.41097    -15.325743    -15.325743
   0.46968    -15.327248    -15.327248
   0.52839    -15.328374    -15.328374
   0.58710    -15.329024    -15.329024
   0.64581    -15.329231    -15.329231
   0.64581    -15.318277    -15.318278
   0.67598    -15.318291    -15.318292
   0.70615    -15.318317    -15.318317
   0.73632    -15.318348    -15.318348
   0.76649    -15.318355    -15.318355
   0.76649    -15.318355    -15.318355
   0.82518    -15.321060    -15.321060
   0.88387    -15.329008    -15.329008
   0.94255    -15.332376    -15.332376
   1.00124    -15.329495    -15.329496
   1.05993    -15.327371    -15.327371
   1.11861    -15.326303    -15.326303
   1.17730    -15.326983    -15.326983
   1.23599    -15.328514    -15.328514
   1.29467    -15.329713    -15.329713
   1.35336    -15.330419    -15.330419
   1.41204    -15.330644    -15.330644
   1.41204    -15.327856    -15.327856
   1.46679    -15.327852    -15.327852
   1.52154    -15.327698    -15.327698
   1.57629    -15.327158    -15.327158
   1.63103    -15.326067    -15.326067
   1.68578    -15.324473    -15.324473
   1.74053    -15.325094    -15.325095
   1.79528    -15.326823    -15.326823
   1.85002    -15.328822    -15.328823
   1.90477    -15.330486    -15.330487
   1.95952    -15.326323    -15.326323
   2.01427    -15.319781    -15.319781
   2.06901    -15.318355    -15.318355
   2.06901    -15.318355    -15.318355
   2.12373    -15.320606    -15.320606
   2.17845    -15.327737    -15.327737
   2.23316    -15.333030    -15.333030
   2.28788    -15.330500    -15.330500
   2.34260    -15.328143    -15.328143
   2.39731    -15.326533    -15.326534
   2.45203    -15.326209    -15.326210
   2.50675    -15.326930    -15.326930
   2.56146    -15.327817    -15.327818
   2.61618    -15.328495    -15.328495
   2.67090    -15.328902    -15.328903
   2.72561    -15.329037    -15.329037
   2.72561    -15.329199    -15.329199
   2.78433    -15.328993    -15.328993
   2.84304    -15.328346    -15.328346
   2.90176    -15.327229    -15.327229
   2.96047    -15.325743    -15.325743
   3.01918    -15.324943    -15.324943
   3.07790    -15.325925    -15.325926
   3.13661    -15.327989    -15.327989
   3.19533    -15.330446    -15.330447
   3.25404    -15.327507    -15.327507
   3.31275    -15.320209    -15.320209
   3.37147    -15.318355    -15.318355
   3.37147    -15.318355    -15.318355
   3.42621    -15.319629    -15.319629
   3.48095    -15.326257    -15.326257
   3.53570    -15.330413    -15.330413
   3.59044    -15.328740    -15.328740
   3.64518    -15.326749    -15.326749
   3.69993    -15.325015    -15.325015
   3.75467    -15.324433    -15.324433
   3.80941    -15.326077    -15.326077
   3.86416    -15.327182    -15.327182
   3.91890    -15.327732    -15.327731
   3.97364    -15.327893    -15.327893
   4.02838    -15.327901    -15.327901
 
# Band-Index   34
   4.02838    -15.323331    -15.323332
   3.97364    -15.322970    -15.322970
   3.91890    -15.322114    -15.322114
   3.86416    -15.321461    -15.321461
   3.80941    -15.321926    -15.321926
   3.75467    -15.323218    -15.323218
   3.69993    -15.322673    -15.322674
   3.64518    -15.323408    -15.323408
   3.59044    -15.325687    -15.325687
   3.53570    -15.326379    -15.326379
   3.48095    -15.323229    -15.323230
   3.42621    -15.318415    -15.318416
   3.37147    -15.316543    -15.316543
   3.37147    -15.316543    -15.316543
   3.31275    -15.318740    -15.318741
   3.25404    -15.324024    -15.324025
   3.19533    -15.326461    -15.326461
   3.13661    -15.325031    -15.325032
   3.07790    -15.322722    -15.322723
   3.01918    -15.322139    -15.322139
   2.96047    -15.322321    -15.322321
   2.90176    -15.321830    -15.321830
   2.84304    -15.321292    -15.321292
   2.78433    -15.320819    -15.320819
   2.72561    -15.320584    -15.320585
   2.72561    -15.325432    -15.325432
   2.67090    -15.325278    -15.325278
   2.61618    -15.324835    -15.324835
   2.56146    -15.324182    -15.324182
   2.50675    -15.323542    -15.323542
   2.45203    -15.323304    -15.323305
   2.39731    -15.323894    -15.323894
   2.34260    -15.325432    -15.325433
   2.28788    -15.327680    -15.327680
   2.23316    -15.329105    -15.329105
   2.17845    -15.325587    -15.325587
   2.12373    -15.320166    -15.320167
   2.06901    -15.316543    -15.316543
   2.06901    -15.316543    -15.316543
   2.01427    -15.318284    -15.318285
   1.95952    -15.323215    -15.323216
   1.90477    -15.326392    -15.326392
   1.85002    -15.325699    -15.325700
   1.79528    -15.323427    -15.323428
   1.74053    -15.322670    -15.322671
   1.68578    -15.323227    -15.323227
   1.63103    -15.321976    -15.321976
   1.57629    -15.321517    -15.321518
   1.52154    -15.322162    -15.322163
   1.46679    -15.323013    -15.323013
   1.41204    -15.323374    -15.323374
   1.41204    -15.322476    -15.322476
   1.35336    -15.322681    -15.322681
   1.29467    -15.323098    -15.323098
   1.23599    -15.323557    -15.323557
   1.17730    -15.323957    -15.323957
   1.11861    -15.323799    -15.323799
   1.05993    -15.324490    -15.324490
   1.00124    -15.326928    -15.326929
   0.94255    -15.329124    -15.329124
   0.88387    -15.326543    -15.326543
   0.82518    -15.320736    -15.320736
   0.76649    -15.316543    -15.316543
   0.76649    -15.316543    -15.316543
   0.73632    -15.316544    -15.316544
   0.70615    -15.316538    -15.316538
   0.67598    -15.316538    -15.316538
   0.64581    -15.316536    -15.316536
   0.64581    -15.320501    -15.320502
   0.58710    -15.320750    -15.320750
   0.52839    -15.321235    -15.321235
   0.46968    -15.321777    -15.321778
   0.41097    -15.322278    -15.322279
   0.35226    -15.322125    -15.322125
   0.29355    -15.322702    -15.322703
   0.23484    -15.325020    -15.325020
   0.17613    -15.326448    -15.326448
   0.11742    -15.324031    -15.324031
   0.05871    -15.318864    -15.318864
   0.00000    -15.316543    -15.316543
 
# Band-Index   35
   0.00000    -15.315443    -15.315443
   0.05871    -15.317215    -15.317215
   0.11742    -15.316735    -15.316735
   0.17613    -15.315589    -15.315590
   0.23484    -15.314195    -15.314196
   0.29355    -15.316994    -15.316993
   0.35226    -15.318640    -15.318640
   0.41097    -15.318233    -15.318233
   0.46968    -15.318114    -15.318114
   0.52839    -15.318369    -15.318369
   0.58710    -15.318770    -15.318770
   0.64581    -15.318997    -15.318997
   0.64581    -15.315449    -15.315449
   0.67598    -15.315450    -15.315451
   0.70615    -15.315447    -15.315448
   0.73632    -15.315447    -15.315448
   0.76649    -15.315443    -15.315443
   0.76649    -15.315443    -15.315443
   0.82518    -15.315753    -15.315753
   0.88387    -15.315044    -15.315045
   0.94255    -15.313940    -15.313941
   1.00124    -15.313036    -15.313036
   1.05993    -15.317351    -15.317351
   1.11861    -15.319402    -15.319402
   1.17730    -15.319468    -15.319468
   1.23599    -15.319533    -15.319534
   1.29467    -15.319872    -15.319872
   1.35336    -15.320291    -15.320292
   1.41204    -15.320500    -15.320501
   1.41204    -15.317524    -15.317524
   1.46679    -15.317705    -15.317706
   1.52154    -15.318155    -15.318155
   1.57629    -15.318544    -15.318544
   1.63103    -15.318362    -15.318362
   1.68578    -15.318077    -15.318078
   1.74053    -15.317749    -15.317749
   1.79528    -15.315315    -15.315315
   1.85002    -15.314644    -15.314644
   1.90477    -15.315865    -15.315865
   1.95952    -15.316813    -15.316814
   2.01427    -15.317079    -15.317079
   2.06901    -15.315443    -15.315443
   2.06901    -15.315443    -15.315443
   2.12373    -15.315778    -15.315778
   2.17845    -15.315170    -15.315170
   2.23316    -15.314226    -15.314226
   2.28788    -15.313121    -15.313121
   2.34260    -15.315596    -15.315596
   2.39731    -15.318686    -15.318687
   2.45203    -15.320093    -15.320093
   2.50675    -15.320113    -15.320113
   2.56146    -15.319742    -15.319742
   2.61618    -15.319428    -15.319428
   2.67090    -15.319236    -15.319236
   2.72561    -15.319167    -15.319168
   2.72561    -15.318930    -15.318930
   2.78433    -15.318720    -15.318721
   2.84304    -15.318338    -15.318338
   2.90176    -15.318094    -15.318094
   2.96047    -15.318218    -15.318218
   3.01918    -15.318614    -15.318614
   3.07790    -15.316948    -15.316948
   3.13661    -15.314120    -15.314120
   3.19533    -15.315504    -15.315505
   3.25404    -15.316641    -15.316641
   3.31275    -15.317129    -15.317130
   3.37147    -15.315443    -15.315443
   3.37147    -15.315443    -15.315443
   3.42621    -15.317154    -15.317154
   3.48095    -15.316907    -15.316908
   3.53570    -15.315950    -15.315951
   3.59044    -15.314720    -15.314720
   3.64518    -15.315362    -15.315362
   3.69993    -15.317781    -15.317780
   3.75467    -15.318091    -15.318091
   3.80941    -15.318379    -15.318379
   3.86416    -15.318570    -15.318570
   3.91890    -15.318173    -15.318173
   3.97364    -15.317719    -15.317719
   4.02838    -15.317536    -15.317536
 
# Band-Index   36
   4.02838    -15.307276    -15.307277
   3.97364    -15.307423    -15.307424
   3.91890    -15.307857    -15.307857
   3.86416    -15.308561    -15.308561
   3.80941    -15.309511    -15.309511
   3.75467    -15.310670    -15.310671
   3.69993    -15.311978    -15.311978
   3.64518    -15.313358    -15.313359
   3.59044    -15.311363    -15.311364
   3.53570    -15.312813    -15.312814
   3.48095    -15.314034    -15.314034
   3.42621    -15.314674    -15.314674
   3.37147    -15.313561    -15.313562
   3.37147    -15.313561    -15.313562
   3.31275    -15.314727    -15.314727
   3.25404    -15.313934    -15.313934
   3.19533    -15.312520    -15.312520
   3.13661    -15.312618    -15.312618
   3.07790    -15.312663    -15.312663
   3.01918    -15.311295    -15.311296
   2.96047    -15.310098    -15.310098
   2.90176    -15.309133    -15.309134
   2.84304    -15.308433    -15.308433
   2.78433    -15.308010    -15.308010
   2.72561    -15.307870    -15.307870
   2.72561    -15.306048    -15.306049
   2.67090    -15.306247    -15.306248
   2.61618    -15.306797    -15.306798
   2.56146    -15.307609    -15.307610
   2.50675    -15.308595    -15.308596
   2.45203    -15.309676    -15.309676
   2.39731    -15.310805    -15.310805
   2.34260    -15.311965    -15.311965
   2.28788    -15.311306    -15.311306
   2.23316    -15.311401    -15.311401
   2.17845    -15.312598    -15.312598
   2.12373    -15.313329    -15.313329
   2.06901    -15.313561    -15.313562
   2.06901    -15.313561    -15.313562
   2.01427    -15.314731    -15.314731
   1.95952    -15.314091    -15.314092
   1.90477    -15.312867    -15.312867
   1.85002    -15.311391    -15.311391
   1.79528    -15.313289    -15.313290
   1.74053    -15.311916    -15.311916
   1.68578    -15.310614    -15.310615
   1.63103    -15.309460    -15.309460
   1.57629    -15.308513    -15.308514
   1.52154    -15.307812    -15.307813
   1.46679    -15.307381    -15.307381
   1.41204    -15.307234    -15.307235
   1.41204    -15.306721    -15.306722
   1.35336    -15.306858    -15.306858
   1.29467    -15.307254    -15.307255
   1.23599    -15.307914    -15.307915
   1.17730    -15.308823    -15.308823
   1.11861    -15.309952    -15.309953
   1.05993    -15.311245    -15.311246
   1.00124    -15.312615    -15.312615
   0.94255    -15.310997    -15.310998
   0.88387    -15.312381    -15.312381
   0.82518    -15.313270    -15.313271
   0.76649    -15.313561    -15.313562
   0.76649    -15.313561    -15.313562
   0.73632    -15.313577    -15.313577
   0.70615    -15.313606    -15.313606
   0.67598    -15.313636    -15.313636
   0.64581    -15.313649    -15.313650
   0.64581    -15.307904    -15.307904
   0.58710    -15.308045    -15.308045
   0.52839    -15.308470    -15.308471
   0.46968    -15.309174    -15.309174
   0.41097    -15.310145    -15.310146
   0.35226    -15.311351    -15.311351
   0.29355    -15.312727    -15.312727
   0.23484    -15.312672    -15.312672
   0.17613    -15.312465    -15.312466
   0.11742    -15.313875    -15.313876
   0.05871    -15.314669    -15.314670
   0.00000    -15.313561    -15.313562
 
# Band-Index   37
   0.00000    -15.308546    -15.308546
   0.05871    -15.307263    -15.307263
   0.11742    -15.305930    -15.305930
   0.17613    -15.307491    -15.307491
   0.23484    -15.310654    -15.310654
   0.29355    -15.308686    -15.308686
   0.35226    -15.306669    -15.306669
   0.41097    -15.304770    -15.304771
   0.46968    -15.303136    -15.303137
   0.52839    -15.301892    -15.301892
   0.58710    -15.301107    -15.301108
   0.64581    -15.300842    -15.300842
   0.64581    -15.308297    -15.308297
   0.67598    -15.308337    -15.308337
   0.70615    -15.308422    -15.308422
   0.73632    -15.308513    -15.308513
   0.76649    -15.308546    -15.308546
   0.76649    -15.308546    -15.308546
   0.82518    -15.307401    -15.307401
   0.88387    -15.306314    -15.306314
   0.94255    -15.308099    -15.308099
   1.00124    -15.309259    -15.309259
   1.05993    -15.307336    -15.307336
   1.11861    -15.305370    -15.305370
   1.17730    -15.303519    -15.303520
   1.23599    -15.301924    -15.301924
   1.29467    -15.300708    -15.300708
   1.35336    -15.299940    -15.299940
   1.41204    -15.299678    -15.299678
   1.41204    -15.301610    -15.301610
   1.46679    -15.301805    -15.301805
   1.52154    -15.302378    -15.302379
   1.57629    -15.303305    -15.303305
   1.63103    -15.304554    -15.304555
   1.68578    -15.306068    -15.306068
   1.74053    -15.307768    -15.307769
   1.79528    -15.309546    -15.309547
   1.85002    -15.310770    -15.310769
   1.90477    -15.306381    -15.306381
   1.95952    -15.306064    -15.306064
   2.01427    -15.307394    -15.307394
   2.06901    -15.308546    -15.308546
   2.06901    -15.308546    -15.308546
   2.12373    -15.307517    -15.307517
   2.17845    -15.306416    -15.306416
   2.23316    -15.307199    -15.307199
   2.28788    -15.309815    -15.309816
   2.34260    -15.307992    -15.307992
   2.39731    -15.306098    -15.306098
   2.45203    -15.304323    -15.304323
   2.50675    -15.302830    -15.302830
   2.56146    -15.301713    -15.301714
   2.61618    -15.300988    -15.300988
   2.67090    -15.300600    -15.300600
   2.72561    -15.300481    -15.300481
   2.72561    -15.300874    -15.300874
   2.78433    -15.301140    -15.301140
   2.84304    -15.301925    -15.301925
   2.90176    -15.303174    -15.303174
   2.96047    -15.304808    -15.304808
   3.01918    -15.306710    -15.306711
   3.07790    -15.308732    -15.308733
   3.13661    -15.310705    -15.310706
   3.19533    -15.307394    -15.307394
   3.25404    -15.305881    -15.305881
   3.31275    -15.307256    -15.307256
   3.37147    -15.308546    -15.308546
   3.37147    -15.308546    -15.308546
   3.42621    -15.307400    -15.307400
   3.48095    -15.306101    -15.306101
   3.53570    -15.306488    -15.306488
   3.59044    -15.310807    -15.310807
   3.64518    -15.309498    -15.309499
   3.69993    -15.307722    -15.307723
   3.75467    -15.306024    -15.306024
   3.80941    -15.304512    -15.304512
   3.86416    -15.303263    -15.303264
   3.91890    -15.302338    -15.302338
   3.97364    -15.301764    -15.301765
   4.02838    -15.301570    -15.301570
 
# Band-Index   38
   4.02838    -15.297479    -15.297478
   3.97364    -15.297500    -15.297499
   3.91890    -15.297524    -15.297523
   3.86416    -15.297502    -15.297501
   3.80941    -15.297423    -15.297423
   3.75467    -15.297448    -15.297448
   3.69993    -15.297877    -15.297876
   3.64518    -15.298880    -15.298880
   3.59044    -15.300296    -15.300296
   3.53570    -15.300792    -15.300791
   3.48095    -15.296451    -15.296451
   3.42621    -15.290426    -15.290425
   3.37147    -15.287404    -15.287403
   3.37147    -15.287404    -15.287403
   3.31275    -15.291000    -15.290999
   3.25404    -15.297658    -15.297658
   3.19533    -15.301162    -15.301162
   3.13661    -15.299887    -15.299887
   3.07790    -15.298459    -15.298459
   3.01918    -15.297707    -15.297707
   2.96047    -15.297517    -15.297516
   2.90176    -15.297575    -15.297575
   2.84304    -15.297655    -15.297654
   2.78433    -15.297678    -15.297677
   2.72561    -15.297671    -15.297670
   2.72561    -15.296558    -15.296558
   2.67090    -15.296578    -15.296577
   2.61618    -15.296614    -15.296614
   2.56146    -15.296635    -15.296635
   2.50675    -15.296648    -15.296647
   2.45203    -15.296748    -15.296747
   2.39731    -15.297177    -15.297177
   2.34260    -15.298147    -15.298146
   2.28788    -15.299437    -15.299437
   2.23316    -15.299578    -15.299577
   2.17845    -15.295478    -15.295477
   2.12373    -15.289543    -15.289543
   2.06901    -15.287404    -15.287403
   2.06901    -15.287404    -15.287403
   2.01427    -15.290504    -15.290503
   1.95952    -15.296564    -15.296563
   1.90477    -15.300972    -15.300972
   1.85002    -15.300428    -15.300427
   1.79528    -15.298995    -15.298994
   1.74053    -15.297990    -15.297989
   1.68578    -15.297564    -15.297564
   1.63103    -15.297543    -15.297543
   1.57629    -15.297624    -15.297623
   1.52154    -15.297648    -15.297648
   1.46679    -15.297625    -15.297624
   1.41204    -15.297604    -15.297603
   1.41204    -15.296615    -15.296615
   1.35336    -15.296630    -15.296629
   1.29467    -15.296635    -15.296635
   1.23599    -15.296608    -15.296608
   1.17730    -15.296619    -15.296618
   1.11861    -15.296874    -15.296874
   1.05993    -15.297642    -15.297642
   1.00124    -15.298966    -15.298965
   0.94255    -15.299847    -15.299846
   0.88387    -15.296498    -15.296497
   0.82518    -15.290046    -15.290046
   0.76649    -15.287404    -15.287403
   0.76649    -15.287404    -15.287403
   0.73632    -15.287407    -15.287406
   0.70615    -15.287402    -15.287401
   0.67598    -15.287399    -15.287398
   0.64581    -15.287398    -15.287397
   0.64581    -15.297547    -15.297546
   0.58710    -15.297553    -15.297552
   0.52839    -15.297530    -15.297529
   0.46968    -15.297453    -15.297452
   0.41097    -15.297398    -15.297397
   0.35226    -15.297593    -15.297592
   0.29355    -15.298346    -15.298346
   0.23484    -15.299766    -15.299765
   0.17613    -15.300993    -15.300992
   0.11742    -15.297534    -15.297533
   0.05871    -15.290920    -15.290919
   0.00000    -15.287404    -15.287403
 
# Band-Index   39
   0.00000    -15.286247    -15.286246
   0.05871    -15.286295    -15.286294
   0.11742    -15.285662    -15.285662
   0.17613    -15.284641    -15.284641
   0.23484    -15.283358    -15.283358
   0.29355    -15.281944    -15.281943
   0.35226    -15.280518    -15.280518
   0.41097    -15.279194    -15.279193
   0.46968    -15.278070    -15.278070
   0.52839    -15.277226    -15.277226
   0.58710    -15.276700    -15.276699
   0.64581    -15.276522    -15.276521
   0.64581    -15.286239    -15.286239
   0.67598    -15.286242    -15.286242
   0.70615    -15.286243    -15.286243
   0.73632    -15.286249    -15.286248
   0.76649    -15.286247    -15.286246
   0.76649    -15.286247    -15.286246
   0.82518    -15.287170    -15.287168
   0.88387    -15.286503    -15.286501
   0.94255    -15.285476    -15.285475
   1.00124    -15.284191    -15.284190
   1.05993    -15.282781    -15.282780
   1.11861    -15.281360    -15.281359
   1.17730    -15.280043    -15.280041
   1.23599    -15.278925    -15.278924
   1.29467    -15.278086    -15.278085
   1.35336    -15.277563    -15.277562
   1.41204    -15.277385    -15.277384
   1.41204    -15.276308    -15.276307
   1.46679    -15.276467    -15.276467
   1.52154    -15.276935    -15.276934
   1.57629    -15.277682    -15.277682
   1.63103    -15.278674    -15.278673
   1.68578    -15.279852    -15.279851
   1.74053    -15.281145    -15.281145
   1.79528    -15.282468    -15.282467
   1.85002    -15.283733    -15.283732
   1.90477    -15.284845    -15.284844
   1.95952    -15.285715    -15.285714
   2.01427    -15.286248    -15.286247
   2.06901    -15.286247    -15.286246
   2.06901    -15.286247    -15.286246
   2.12373    -15.287206    -15.287205
   2.17845    -15.286640    -15.286639
   2.23316    -15.285758    -15.285757
   2.28788    -15.284645    -15.284644
   2.34260    -15.283397    -15.283396
   2.39731    -15.282100    -15.282099
   2.45203    -15.280835    -15.280834
   2.50675    -15.279669    -15.279668
   2.56146    -15.278666    -15.278665
   2.61618    -15.277888    -15.277887
   2.67090    -15.277389    -15.277388
   2.72561    -15.277217    -15.277216
   2.72561    -15.276454    -15.276453
   2.78433    -15.276631    -15.276631
   2.84304    -15.277157    -15.277156
   2.90176    -15.278001    -15.278000
   2.96047    -15.279120    -15.279120
   3.01918    -15.280442    -15.280441
   3.07790    -15.281865    -15.281864
   3.13661    -15.283276    -15.283276
   3.19533    -15.284557    -15.284557
   3.25404    -15.285577    -15.285577
   3.31275    -15.286217    -15.286216
   3.37147    -15.286247    -15.286246
   3.37147    -15.286247    -15.286246
   3.42621    -15.286324    -15.286324
   3.48095    -15.285799    -15.285799
   3.53570    -15.284930    -15.284929
   3.59044    -15.283815    -15.283815
   3.64518    -15.282548    -15.282548
   3.69993    -15.281223    -15.281222
   3.75467    -15.279927    -15.279926
   3.80941    -15.278747    -15.278746
   3.86416    -15.277753    -15.277752
   3.91890    -15.277004    -15.277003
   3.97364    -15.276535    -15.276534
   4.02838    -15.276375    -15.276375
 
# Band-Index   40
   4.02838    -15.238298    -15.238298
   3.97364    -15.238784    -15.238784
   3.91890    -15.240240    -15.240240
   3.86416    -15.242513    -15.242514
   3.80941    -15.245254    -15.245254
   3.75467    -15.247995    -15.247995
   3.69993    -15.250433    -15.250433
   3.64518    -15.252833    -15.252834
   3.59044    -15.256319    -15.256320
   3.53570    -15.261951    -15.261951
   3.48095    -15.269583    -15.269583
   3.42621    -15.277474    -15.277474
   3.37147    -15.281253    -15.281253
   3.37147    -15.281253    -15.281253
   3.31275    -15.276864    -15.276864
   3.25404    -15.268134    -15.268134
   3.19533    -15.260103    -15.260102
   3.13661    -15.254622    -15.254621
   3.07790    -15.251467    -15.251467
   3.01918    -15.248935    -15.248934
   2.96047    -15.246113    -15.246113
   2.90176    -15.243155    -15.243155
   2.84304    -15.240566    -15.240566
   2.78433    -15.238810    -15.238810
   2.72561    -15.238191    -15.238190
   2.72561    -15.237781    -15.237781
   2.67090    -15.238290    -15.238290
   2.61618    -15.239782    -15.239782
   2.56146    -15.242080    -15.242080
   2.50675    -15.244856    -15.244856
   2.45203    -15.247669    -15.247670
   2.39731    -15.250168    -15.250168
   2.34260    -15.252523    -15.252523
   2.28788    -15.255989    -15.255989
   2.23316    -15.261888    -15.261888
   2.17845    -15.269806    -15.269806
   2.12373    -15.277601    -15.277601
   2.06901    -15.281253    -15.281253
   2.06901    -15.281253    -15.281253
   2.01427    -15.277476    -15.277476
   1.95952    -15.269590    -15.269590
   1.90477    -15.261951    -15.261950
   1.85002    -15.256307    -15.256307
   1.79528    -15.252814    -15.252814
   1.74053    -15.250409    -15.250409
   1.68578    -15.247967    -15.247967
   1.63103    -15.245218    -15.245217
   1.57629    -15.242458    -15.242458
   1.52154    -15.240139    -15.240139
   1.46679    -15.238597    -15.238597
   1.41204    -15.238044    -15.238044
   1.41204    -15.237889    -15.237889
   1.35336    -15.238503    -15.238503
   1.29467    -15.240244    -15.240244
   1.23599    -15.242825    -15.242825
   1.17730    -15.245784    -15.245784
   1.11861    -15.248633    -15.248633
   1.05993    -15.251233    -15.251233
   1.00124    -15.254519    -15.254520
   0.94255    -15.260160    -15.260160
   0.88387    -15.268291    -15.268291
   0.82518    -15.276964    -15.276964
   0.76649    -15.281253    -15.281253
   0.76649    -15.281253    -15.281253
   0.73632    -15.281502    -15.281502
   0.70615    -15.282001    -15.282001
   0.67598    -15.282437    -15.282437
   0.64581    -15.282597    -15.282597
   0.64581    -15.238363    -15.238363
   0.58710    -15.238949    -15.238949
   0.52839    -15.240649    -15.240649
   0.46968    -15.243205    -15.243206
   0.41097    -15.246147    -15.246148
   0.35226    -15.248962    -15.248962
   0.29355    -15.251490    -15.251490
   0.23484    -15.254638    -15.254638
   0.17613    -15.260106    -15.260106
   0.11742    -15.268127    -15.268128
   0.05871    -15.276860    -15.276860
   0.00000    -15.281253    -15.281253
 
# Band-Index   41
   0.00000    -15.277189    -15.277189
   0.05871    -15.273423    -15.273423
   0.11742    -15.266073    -15.266073
   0.17613    -15.258261    -15.258262
   0.23484    -15.252393    -15.252393
   0.29355    -15.248832    -15.248832
   0.35226    -15.246230    -15.246231
   0.41097    -15.243797    -15.243797
   0.46968    -15.241461    -15.241461
   0.52839    -15.239466    -15.239466
   0.58710    -15.238105    -15.238105
   0.64581    -15.237611    -15.237611
   0.64581    -15.275921    -15.275921
   0.67598    -15.276075    -15.276075
   0.70615    -15.276479    -15.276479
   0.73632    -15.276964    -15.276964
   0.76649    -15.277189    -15.277189
   0.76649    -15.277189    -15.277189
   0.82518    -15.273441    -15.273441
   0.88387    -15.266126    -15.266126
   0.94255    -15.258309    -15.258309
   1.00124    -15.252319    -15.252319
   1.05993    -15.248617    -15.248617
   1.11861    -15.245935    -15.245935
   1.17730    -15.243466    -15.243467
   1.23599    -15.241124    -15.241124
   1.29467    -15.239145    -15.239146
   1.35336    -15.237815    -15.237815
   1.41204    -15.237345    -15.237345
   1.41204    -15.237889    -15.237889
   1.46679    -15.238246    -15.238246
   1.52154    -15.239309    -15.239309
   1.57629    -15.240926    -15.240926
   1.63103    -15.242911    -15.242911
   1.68578    -15.245070    -15.245070
   1.74053    -15.247313    -15.247313
   1.79528    -15.249938    -15.249938
   1.85002    -15.253897    -15.253897
   1.90477    -15.260079    -15.260079
   1.95952    -15.267429    -15.267429
   2.01427    -15.273942    -15.273942
   2.06901    -15.277189    -15.277189
   2.06901    -15.277189    -15.277189
   2.12373    -15.273929    -15.273929
   2.17845    -15.267419    -15.267419
   2.23316    -15.260263    -15.260264
   2.28788    -15.254122    -15.254122
   2.34260    -15.249873    -15.249873
   2.39731    -15.247006    -15.247006
   2.45203    -15.244701    -15.244702
   2.50675    -15.242565    -15.242565
   2.56146    -15.240591    -15.240592
   2.61618    -15.238952    -15.238952
   2.67090    -15.237846    -15.237846
   2.72561    -15.237441    -15.237441
   2.72561    -15.237756    -15.237756
   2.78433    -15.238215    -15.238215
   2.84304    -15.239519    -15.239519
   2.90176    -15.241479    -15.241479
   2.96047    -15.243798    -15.243798
   3.01918    -15.246225    -15.246225
   3.07790    -15.248828    -15.248827
   3.13661    -15.252392    -15.252392
   3.19533    -15.258258    -15.258258
   3.25404    -15.266066    -15.266066
   3.31275    -15.273423    -15.273423
   3.37147    -15.277189    -15.277189
   3.37147    -15.277189    -15.277189
   3.42621    -15.273942    -15.273942
   3.48095    -15.267435    -15.267435
   3.53570    -15.260083    -15.260083
   3.59044    -15.253898    -15.253898
   3.64518    -15.249941    -15.249942
   3.69993    -15.247319    -15.247320
   3.75467    -15.245074    -15.245075
   3.80941    -15.242908    -15.242908
   3.86416    -15.240902    -15.240902
   3.91890    -15.239238    -15.239238
   3.97364    -15.238087    -15.238088
   4.02838    -15.237663    -15.237663
 
# Band-Index   42
   4.02838    -15.216268    -15.216268
   3.97364    -15.216572    -15.216572
   3.91890    -15.217473    -15.217473
   3.86416    -15.218921    -15.218921
   3.80941    -15.220849    -15.220849
   3.75467    -15.223146    -15.223146
   3.69993    -15.225905    -15.225905
   3.64518    -15.230866    -15.230866
   3.59044    -15.234980    -15.234979
   3.53570    -15.236824    -15.236824
   3.48095    -15.240490    -15.240490
   3.42621    -15.246646    -15.246646
   3.37147    -15.249433    -15.249433
   3.37147    -15.249433    -15.249433
   3.31275    -15.246167    -15.246167
   3.25404    -15.239364    -15.239364
   3.19533    -15.236506    -15.236506
   3.13661    -15.233802    -15.233802
   3.07790    -15.228649    -15.228649
   3.01918    -15.224183    -15.224183
   2.96047    -15.221510    -15.221510
   2.90176    -15.219220    -15.219220
   2.84304    -15.217468    -15.217468
   2.78433    -15.216363    -15.216363
   2.72561    -15.215990    -15.215989
   2.72561    -15.216192    -15.216192
   2.67090    -15.216486    -15.216486
   2.61618    -15.217368    -15.217368
   2.56146    -15.218808    -15.218808
   2.50675    -15.220758    -15.220758
   2.45203    -15.223129    -15.223129
   2.39731    -15.225915    -15.225915
   2.34260    -15.230792    -15.230791
   2.28788    -15.234715    -15.234715
   2.23316    -15.236403    -15.236403
   2.17845    -15.240389    -15.240389
   2.12373    -15.246612    -15.246612
   2.06901    -15.249433    -15.249433
   2.06901    -15.249433    -15.249433
   2.01427    -15.246648    -15.246648
   1.95952    -15.240496    -15.240496
   1.90477    -15.236911    -15.236911
   1.85002    -15.235051    -15.235052
   1.79528    -15.230950    -15.230950
   1.74053    -15.225910    -15.225910
   1.68578    -15.223050    -15.223050
   1.63103    -15.220756    -15.220756
   1.57629    -15.218831    -15.218831
   1.52154    -15.217384    -15.217384
   1.46679    -15.216484    -15.216484
   1.41204    -15.216180    -15.216180
   1.41204    -15.215996    -15.215996
   1.35336    -15.216380    -15.216380
   1.29467    -15.217509    -15.217509
   1.23599    -15.219304    -15.219303
   1.17730    -15.221650    -15.221650
   1.11861    -15.224389    -15.224389
   1.05993    -15.228400    -15.228400
   1.00124    -15.233453    -15.233453
   0.94255    -15.236019    -15.236019
   0.88387    -15.239213    -15.239214
   0.82518    -15.246126    -15.246126
   0.76649    -15.249433    -15.249433
   0.76649    -15.249433    -15.249433
   0.73632    -15.249449    -15.249449
   0.70615    -15.249463    -15.249464
   0.67598    -15.249490    -15.249490
   0.64581    -15.249498    -15.249498
   0.64581    -15.216099    -15.216099
   0.58710    -15.216471    -15.216471
   0.52839    -15.217574    -15.217574
   0.46968    -15.219321    -15.219321
   0.41097    -15.221609    -15.221609
   0.35226    -15.224283    -15.224283
   0.29355    -15.228562    -15.228562
   0.23484    -15.233726    -15.233726
   0.17613    -15.236410    -15.236410
   0.11742    -15.239354    -15.239354
   0.05871    -15.246164    -15.246164
   0.00000    -15.249433    -15.249433
 
# Band-Index   43
   0.00000    -15.236502    -15.236502
   0.05871    -15.236319    -15.236319
   0.11742    -15.236614    -15.236613
   0.17613    -15.235347    -15.235347
   0.23484    -15.231933    -15.231933
   0.29355    -15.227203    -15.227203
   0.35226    -15.222902    -15.222902
   0.41097    -15.219968    -15.219968
   0.46968    -15.217593    -15.217594
   0.52839    -15.215798    -15.215798
   0.58710    -15.214674    -15.214674
   0.64581    -15.214294    -15.214295
   0.64581    -15.236532    -15.236532
   0.67598    -15.236528    -15.236527
   0.70615    -15.236518    -15.236518
   0.73632    -15.236515    -15.236515
   0.76649    -15.236502    -15.236502
   0.76649    -15.236502    -15.236502
   0.82518    -15.236074    -15.236074
   0.88387    -15.236162    -15.236162
   0.94255    -15.234977    -15.234977
   1.00124    -15.231666    -15.231666
   1.05993    -15.227201    -15.227201
   1.11861    -15.223032    -15.223032
   1.17730    -15.220170    -15.220170
   1.23599    -15.217759    -15.217759
   1.29467    -15.215937    -15.215937
   1.35336    -15.214797    -15.214797
   1.41204    -15.214410    -15.214410
   1.41204    -15.214238    -15.214238
   1.46679    -15.214567    -15.214567
   1.52154    -15.215543    -15.215543
   1.57629    -15.217105    -15.217105
   1.63103    -15.219182    -15.219182
   1.68578    -15.221675    -15.221675
   1.74053    -15.225480    -15.225480
   1.79528    -15.229149    -15.229150
   1.85002    -15.233119    -15.233120
   1.90477    -15.235707    -15.235707
   1.95952    -15.236581    -15.236581
   2.01427    -15.236426    -15.236426
   2.06901    -15.236502    -15.236502
   2.06901    -15.236502    -15.236502
   2.12373    -15.236140    -15.236140
   2.17845    -15.236043    -15.236043
   2.23316    -15.235485    -15.235485
   2.28788    -15.232866    -15.232866
   2.34260    -15.228921    -15.228921
   2.39731    -15.225409    -15.225409
   2.45203    -15.221866    -15.221866
   2.50675    -15.219371    -15.219371
   2.56146    -15.217240    -15.217240
   2.61618    -15.215606    -15.215606
   2.67090    -15.214578    -15.214578
   2.72561    -15.214229    -15.214229
   2.72561    -15.214421    -15.214421
   2.78433    -15.214800    -15.214800
   2.84304    -15.215920    -15.215920
   2.90176    -15.217711    -15.217711
   2.96047    -15.220080    -15.220080
   3.01918    -15.223019    -15.223020
   3.07790    -15.227124    -15.227125
   3.13661    -15.231854    -15.231854
   3.19533    -15.235242    -15.235242
   3.25404    -15.236643    -15.236644
   3.31275    -15.236412    -15.236411
   3.37147    -15.236502    -15.236502
   3.37147    -15.236502    -15.236502
   3.42621    -15.236351    -15.236351
   3.48095    -15.236527    -15.236527
   3.53570    -15.235804    -15.235804
   3.59044    -15.233198    -15.233198
   3.64518    -15.229233    -15.229233
   3.69993    -15.225478    -15.225478
   3.75467    -15.221569    -15.221569
   3.80941    -15.219075    -15.219075
   3.86416    -15.216998    -15.216999
   3.91890    -15.215437    -15.215437
   3.97364    -15.214461    -15.214462
   4.02838    -15.214132    -15.214132
 
# Band-Index   44
   4.02838    -15.210012    -15.210012
   3.97364    -15.210418    -15.210418
   3.91890    -15.211642    -15.211642
   3.86416    -15.213735    -15.213735
   3.80941    -15.216815    -15.216815
   3.75467    -15.220817    -15.220817
   3.69993    -15.224345    -15.224345
   3.64518    -15.228173    -15.228173
   3.59044    -15.230657    -15.230657
   3.53570    -15.232836    -15.232836
   3.48095    -15.235470    -15.235470
   3.42621    -15.235925    -15.235925
   3.37147    -15.235882    -15.235882
   3.37147    -15.235882    -15.235882
   3.31275    -15.235849    -15.235849
   3.25404    -15.235085    -15.235085
   3.19533    -15.232213    -15.232213
   3.13661    -15.229717    -15.229717
   3.07790    -15.226826    -15.226826
   3.01918    -15.222706    -15.222706
   2.96047    -15.218110    -15.218110
   2.90176    -15.214645    -15.214645
   2.84304    -15.212121    -15.212121
   2.78433    -15.210514    -15.210514
   2.72561    -15.209956    -15.209956
   2.72561    -15.210138    -15.210138
   2.67090    -15.210561    -15.210561
   2.61618    -15.211785    -15.211785
   2.56146    -15.213719    -15.213720
   2.50675    -15.216372    -15.216372
   2.45203    -15.220447    -15.220447
   2.39731    -15.224650    -15.224650
   2.34260    -15.228406    -15.228406
   2.28788    -15.230983    -15.230983
   2.23316    -15.233228    -15.233228
   2.17845    -15.235035    -15.235035
   2.12373    -15.235733    -15.235733
   2.06901    -15.235882    -15.235882
   2.06901    -15.235882    -15.235882
   2.01427    -15.235840    -15.235840
   1.95952    -15.235397    -15.235397
   1.90477    -15.232749    -15.232749
   1.85002    -15.230569    -15.230569
   1.79528    -15.228087    -15.228087
   1.74053    -15.224389    -15.224389
   1.68578    -15.220913    -15.220913
   1.63103    -15.216890    -15.216891
   1.57629    -15.213789    -15.213789
   1.52154    -15.211676    -15.211676
   1.46679    -15.210444    -15.210444
   1.41204    -15.210035    -15.210035
   1.41204    -15.210049    -15.210049
   1.35336    -15.210594    -15.210594
   1.29467    -15.212158    -15.212158
   1.23599    -15.214602    -15.214602
   1.17730    -15.217940    -15.217940
   1.11861    -15.222574    -15.222574
   1.05993    -15.226964    -15.226964
   1.00124    -15.230080    -15.230080
   0.94255    -15.232649    -15.232649
   0.88387    -15.234730    -15.234730
   0.82518    -15.235719    -15.235719
   0.76649    -15.235882    -15.235882
   0.76649    -15.235882    -15.235882
   0.73632    -15.235889    -15.235889
   0.70615    -15.235885    -15.235885
   0.67598    -15.235889    -15.235889
   0.64581    -15.235891    -15.235891
   0.64581    -15.209931    -15.209931
   0.58710    -15.210488    -15.210488
   0.52839    -15.212090    -15.212090
   0.46968    -15.214593    -15.214592
   0.41097    -15.218001    -15.218001
   0.35226    -15.222562    -15.222562
   0.29355    -15.226912    -15.226912
   0.23484    -15.229801    -15.229801
   0.17613    -15.232296    -15.232296
   0.11742    -15.235138    -15.235138
   0.05871    -15.235954    -15.235953
   0.00000    -15.235882    -15.235882
 
# Band-Index   45
   0.00000    -15.235638    -15.235638
   0.05871    -15.235411    -15.235411
   0.11742    -15.234218    -15.234218
   0.17613    -15.231278    -15.231278
   0.23484    -15.228621    -15.228621
   0.29355    -15.225668    -15.225668
   0.35226    -15.221811    -15.221811
   0.41097    -15.216902    -15.216902
   0.46968    -15.212818    -15.212818
   0.52839    -15.210024    -15.210024
   0.58710    -15.208498    -15.208497
   0.64581    -15.208024    -15.208024
   0.64581    -15.235626    -15.235626
   0.67598    -15.235628    -15.235628
   0.70615    -15.235631    -15.235631
   0.73632    -15.235642    -15.235642
   0.76649    -15.235638    -15.235638
   0.76649    -15.235638    -15.235638
   0.82518    -15.235428    -15.235428
   0.88387    -15.234674    -15.234674
   0.94255    -15.231695    -15.231696
   1.00124    -15.228977    -15.228977
   1.05993    -15.225945    -15.225945
   1.11861    -15.221693    -15.221693
   1.17730    -15.216792    -15.216792
   1.23599    -15.212700    -15.212700
   1.29467    -15.209910    -15.209910
   1.35336    -15.208390    -15.208390
   1.41204    -15.207918    -15.207918
   1.41204    -15.207932    -15.207932
   1.46679    -15.208481    -15.208481
   1.52154    -15.209989    -15.209990
   1.57629    -15.212259    -15.212259
   1.63103    -15.215202    -15.215202
   1.68578    -15.219216    -15.219216
   1.74053    -15.224044    -15.224044
   1.79528    -15.227044    -15.227044
   1.85002    -15.229676    -15.229676
   1.90477    -15.231982    -15.231982
   1.95952    -15.234406    -15.234406
   2.01427    -15.235415    -15.235415
   2.06901    -15.235638    -15.235638
   2.06901    -15.235638    -15.235638
   2.12373    -15.235422    -15.235422
   2.17845    -15.234963    -15.234962
   2.23316    -15.232290    -15.232290
   2.28788    -15.229934    -15.229934
   2.34260    -15.227265    -15.227265
   2.39731    -15.224023    -15.224023
   2.45203    -15.219646    -15.219646
   2.50675    -15.215809    -15.215809
   2.56146    -15.212336    -15.212336
   2.61618    -15.209800    -15.209800
   2.67090    -15.208274    -15.208274
   2.72561    -15.207761    -15.207761
   2.72561    -15.208052    -15.208052
   2.78433    -15.208527    -15.208527
   2.84304    -15.210046    -15.210047
   2.90176    -15.212800    -15.212801
   2.96047    -15.216811    -15.216811
   3.01918    -15.221675    -15.221675
   3.07790    -15.225766    -15.225766
   3.13661    -15.228722    -15.228722
   3.19533    -15.231376    -15.231376
   3.25404    -15.234147    -15.234147
   3.31275    -15.235358    -15.235358
   3.37147    -15.235638    -15.235638
   3.37147    -15.235638    -15.235638
   3.42621    -15.235464    -15.235464
   3.48095    -15.234477    -15.234477
   3.53570    -15.231880    -15.231881
   3.59044    -15.229572    -15.229572
   3.64518    -15.226940    -15.226940
   3.69993    -15.224071    -15.224071
   3.75467    -15.219294    -15.219294
   3.80941    -15.215255    -15.215255
   3.86416    -15.212280    -15.212280
   3.91890    -15.209981    -15.209980
   3.97364    -15.208452    -15.208452
   4.02838    -15.207894    -15.207894
 
# Band-Index   46
   4.02838    -15.206529    -15.206529
   3.97364    -15.206928    -15.206928
   3.91890    -15.208195    -15.208195
   3.86416    -15.210362    -15.210362
   3.80941    -15.213179    -15.213179
   3.75467    -15.215972    -15.215972
   3.69993    -15.218587    -15.218587
   3.64518    -15.221550    -15.221550
   3.59044    -15.225774    -15.225774
   3.53570    -15.231555    -15.231555
   3.48095    -15.233674    -15.233675
   3.42621    -15.234797    -15.234797
   3.37147    -15.235133    -15.235133
   3.37147    -15.235133    -15.235133
   3.31275    -15.234789    -15.234789
   3.25404    -15.233477    -15.233477
   3.19533    -15.229882    -15.229881
   3.13661    -15.224012    -15.224012
   3.07790    -15.220062    -15.220061
   3.01918    -15.217053    -15.217053
   2.96047    -15.214077    -15.214077
   2.90176    -15.211125    -15.211125
   2.84304    -15.208628    -15.208628
   2.78433    -15.206990    -15.206990
   2.72561    -15.206427    -15.206427
   2.72561    -15.206566    -15.206566
   2.67090    -15.206979    -15.206979
   2.61618    -15.208234    -15.208234
   2.56146    -15.210304    -15.210304
   2.50675    -15.213028    -15.213028
   2.45203    -15.215935    -15.215936
   2.39731    -15.218652    -15.218652
   2.34260    -15.221606    -15.221607
   2.28788    -15.225771    -15.225771
   2.23316    -15.231431    -15.231431
   2.17845    -15.234117    -15.234117
   2.12373    -15.235233    -15.235233
   2.06901    -15.235133    -15.235133
   2.06901    -15.235133    -15.235133
   2.01427    -15.234857    -15.234857
   1.95952    -15.233765    -15.233765
   1.90477    -15.231558    -15.231557
   1.85002    -15.225776    -15.225775
   1.79528    -15.221543    -15.221543
   1.74053    -15.218572    -15.218572
   1.68578    -15.215950    -15.215950
   1.63103    -15.213147    -15.213147
   1.57629    -15.210317    -15.210317
   1.52154    -15.208139    -15.208139
   1.46679    -15.206860    -15.206860
   1.41204    -15.206454    -15.206454
   1.41204    -15.206505    -15.206505
   1.35336    -15.207075    -15.207075
   1.29467    -15.208736    -15.208736
   1.23599    -15.211242    -15.211242
   1.17730    -15.214198    -15.214198
   1.11861    -15.217170    -15.217170
   1.05993    -15.220152    -15.220152
   1.00124    -15.224047    -15.224047
   0.94255    -15.229822    -15.229823
   0.88387    -15.233834    -15.233834
   0.82518    -15.235180    -15.235181
   0.76649    -15.235133    -15.235133
   0.76649    -15.235133    -15.235133
   0.73632    -15.235131    -15.235131
   0.70615    -15.235114    -15.235115
   0.67598    -15.235106    -15.235106
   0.64581    -15.235102    -15.235103
   0.64581    -15.206496    -15.206496
   0.58710    -15.207060    -15.207060
   0.52839    -15.208695    -15.208694
   0.46968    -15.211170    -15.211170
   0.41097    -15.214103    -15.214102
   0.35226    -15.217072    -15.217072
   0.29355    -15.220073    -15.220073
   0.23484    -15.224014    -15.224013
   0.17613    -15.229877    -15.229877
   0.11742    -15.233385    -15.233386
   0.05871    -15.234724    -15.234725
   0.00000    -15.235133    -15.235133
 
# Band-Index   47
   0.00000    -15.206162    -15.206161
   0.05871    -15.206278    -15.206277
   0.11742    -15.206405    -15.206404
   0.17613    -15.205721    -15.205721
   0.23484    -15.203139    -15.203138
   0.29355    -15.198584    -15.198583
   0.35226    -15.194217    -15.194217
   0.41097    -15.191531    -15.191530
   0.46968    -15.189249    -15.189249
   0.52839    -15.187513    -15.187512
   0.58710    -15.186421    -15.186420
   0.64581    -15.186051    -15.186051
   0.64581    -15.206161    -15.206160
   0.67598    -15.206161    -15.206160
   0.70615    -15.206160    -15.206159
   0.73632    -15.206168    -15.206167
   0.76649    -15.206162    -15.206161
   0.76649    -15.206162    -15.206161
   0.82518    -15.206121    -15.206121
   0.88387    -15.206216    -15.206215
   0.94255    -15.205475    -15.205475
   1.00124    -15.202828    -15.202828
   1.05993    -15.198250    -15.198250
   1.11861    -15.194597    -15.194596
   1.17730    -15.191982    -15.191981
   1.23599    -15.189747    -15.189746
   1.29467    -15.188044    -15.188043
   1.35336    -15.186973    -15.186972
   1.41204    -15.186609    -15.186608
   1.41204    -15.186054    -15.186054
   1.46679    -15.186366    -15.186366
   1.52154    -15.187289    -15.187289
   1.57629    -15.188768    -15.188767
   1.63103    -15.190732    -15.190731
   1.68578    -15.193068    -15.193067
   1.74053    -15.195989    -15.195988
   1.79528    -15.200621    -15.200621
   1.85002    -15.204215    -15.204215
   1.90477    -15.205990    -15.205989
   1.95952    -15.206372    -15.206372
   2.01427    -15.206226    -15.206225
   2.06901    -15.206162    -15.206161
   2.06901    -15.206162    -15.206161
   2.12373    -15.206105    -15.206105
   2.17845    -15.206230    -15.206230
   2.23316    -15.205800    -15.205799
   2.28788    -15.203963    -15.203963
   2.34260    -15.200323    -15.200323
   2.39731    -15.196026    -15.196025
   2.45203    -15.193472    -15.193471
   2.50675    -15.191190    -15.191189
   2.56146    -15.189269    -15.189268
   2.61618    -15.187819    -15.187818
   2.67090    -15.186916    -15.186915
   2.72561    -15.186612    -15.186611
   2.72561    -15.186055    -15.186054
   2.78433    -15.186425    -15.186424
   2.84304    -15.187519    -15.187518
   2.90176    -15.189258    -15.189257
   2.96047    -15.191543    -15.191542
   3.01918    -15.194231    -15.194230
   3.07790    -15.198557    -15.198556
   3.13661    -15.203104    -15.203103
   3.19533    -15.205681    -15.205681
   3.25404    -15.206364    -15.206364
   3.31275    -15.206242    -15.206241
   3.37147    -15.206162    -15.206161
   3.37147    -15.206162    -15.206161
   3.42621    -15.206261    -15.206260
   3.48095    -15.206413    -15.206412
   3.53570    -15.206031    -15.206030
   3.59044    -15.204252    -15.204252
   3.64518    -15.200651    -15.200650
   3.69993    -15.196008    -15.196007
   3.75467    -15.193054    -15.193053
   3.80941    -15.190721    -15.190721
   3.86416    -15.188760    -15.188760
   3.91890    -15.187284    -15.187284
   3.97364    -15.186362    -15.186362
   4.02838    -15.186051    -15.186050
 
# Band-Index   48
   4.02838    -15.179365    -15.179364
   3.97364    -15.179838    -15.179837
   3.91890    -15.181250    -15.181250
   3.86416    -15.183624    -15.183623
   3.80941    -15.186939    -15.186939
   3.75467    -15.191114    -15.191113
   3.69993    -15.195484    -15.195484
   3.64518    -15.198166    -15.198166
   3.59044    -15.200657    -15.200656
   3.53570    -15.202841    -15.202841
   3.48095    -15.204549    -15.204549
   3.42621    -15.205635    -15.205635
   3.37147    -15.205992    -15.205992
   3.37147    -15.205992    -15.205992
   3.31275    -15.205600    -15.205599
   3.25404    -15.204316    -15.204316
   3.19533    -15.202320    -15.202319
   3.13661    -15.199804    -15.199804
   3.07790    -15.197001    -15.197000
   3.01918    -15.193202    -15.193201
   2.96047    -15.188351    -15.188351
   2.90176    -15.184421    -15.184421
   2.84304    -15.181593    -15.181592
   2.78433    -15.179911    -15.179911
   2.72561    -15.179358    -15.179358
   2.72561    -15.178958    -15.178958
   2.67090    -15.179432    -15.179431
   2.61618    -15.180860    -15.180860
   2.56146    -15.183247    -15.183247
   2.50675    -15.186575    -15.186575
   2.45203    -15.190763    -15.190762
   2.39731    -15.195491    -15.195490
   2.34260    -15.198485    -15.198484
   2.28788    -15.200924    -15.200923
   2.23316    -15.203058    -15.203057
   2.17845    -15.204728    -15.204727
   2.12373    -15.205791    -15.205790
   2.06901    -15.205992    -15.205992
   2.06901    -15.205992    -15.205992
   2.01427    -15.205669    -15.205669
   1.95952    -15.204586    -15.204586
   1.90477    -15.202875    -15.202875
   1.85002    -15.200687    -15.200686
   1.79528    -15.198192    -15.198191
   1.74053    -15.195500    -15.195500
   1.68578    -15.191095    -15.191095
   1.63103    -15.186922    -15.186922
   1.57629    -15.183608    -15.183607
   1.52154    -15.181235    -15.181235
   1.46679    -15.179823    -15.179823
   1.41204    -15.179350    -15.179349
   1.41204    -15.178963    -15.178963
   1.35336    -15.179521    -15.179521
   1.29467    -15.181218    -15.181218
   1.23599    -15.184066    -15.184065
   1.17730    -15.188012    -15.188012
   1.11861    -15.192888    -15.192888
   1.05993    -15.197310    -15.197309
   1.00124    -15.200059    -15.200058
   0.94255    -15.202515    -15.202514
   0.88387    -15.204465    -15.204464
   0.82518    -15.205723    -15.205722
   0.76649    -15.205992    -15.205992
   0.76649    -15.205992    -15.205992
   0.73632    -15.205996    -15.205996
   0.70615    -15.205989    -15.205989
   0.67598    -15.205989    -15.205989
   0.64581    -15.205989    -15.205989
   0.64581    -15.179374    -15.179373
   0.58710    -15.179926    -15.179925
   0.52839    -15.181608    -15.181607
   0.46968    -15.184437    -15.184437
   0.41097    -15.188369    -15.188368
   0.35226    -15.193219    -15.193219
   0.29355    -15.196977    -15.196977
   0.23484    -15.199775    -15.199775
   0.17613    -15.202286    -15.202286
   0.11742    -15.204280    -15.204280
   0.05871    -15.205565    -15.205564
   0.00000    -15.205992    -15.205992
 
# Band-Index   49
   0.00000    -10.518771    -10.518765
   0.05871    -10.516654    -10.516648
   0.11742    -10.510487    -10.510481
   0.17613    -10.500839    -10.500833
   0.23484    -10.488586    -10.488580
   0.29355    -10.474801    -10.474794
   0.35226    -10.460649    -10.460641
   0.41097    -10.447277    -10.447269
   0.46968    -10.435721    -10.435713
   0.52839    -10.426838    -10.426829
   0.58710    -10.421256    -10.421247
   0.64581    -10.419352    -10.419343
   0.64581    -10.513701    -10.513693
   0.67598    -10.514686    -10.514679
   0.70615    -10.516626    -10.516619
   0.73632    -10.518195    -10.518189
   0.76649    -10.518771    -10.518765
   0.76649    -10.518771    -10.518765
   0.82518    -10.516652    -10.516647
   0.88387    -10.510482    -10.510476
   0.94255    -10.500827    -10.500821
   1.00124    -10.488567    -10.488561
   1.05993    -10.474775    -10.474768
   1.11861    -10.460616    -10.460609
   1.17730    -10.447240    -10.447232
   1.23599    -10.435684    -10.435675
   1.29467    -10.426802    -10.426792
   1.35336    -10.421220    -10.421211
   1.41204    -10.419317    -10.419307
   1.41204    -10.419496    -10.419487
   1.46679    -10.420994    -10.420984
   1.52154    -10.425428    -10.425418
   1.57629    -10.432610    -10.432601
   1.63103    -10.442216    -10.442207
   1.68578    -10.453740    -10.453732
   1.74053    -10.466487    -10.466480
   1.79528    -10.479590    -10.479583
   1.85002    -10.492086    -10.492079
   1.90477    -10.503019    -10.503013
   1.95952    -10.511528    -10.511522
   2.01427    -10.516925    -10.516920
   2.06901    -10.518771    -10.518765
   2.06901    -10.518771    -10.518765
   2.12373    -10.516925    -10.516920
   2.17845    -10.511532    -10.511526
   2.23316    -10.503042    -10.503036
   2.28788    -10.492158    -10.492151
   2.34260    -10.479747    -10.479740
   2.39731    -10.466750    -10.466742
   2.45203    -10.454088    -10.454080
   2.50675    -10.442579    -10.442571
   2.56146    -10.432898    -10.432889
   2.61618    -10.425583    -10.425573
   2.67090    -10.421026    -10.421016
   2.72561    -10.419479    -10.419470
   2.72561    -10.419334    -10.419324
   2.78433    -10.421238    -10.421228
   2.84304    -10.426820    -10.426811
   2.90176    -10.435704    -10.435696
   2.96047    -10.447261    -10.447253
   3.01918    -10.460635    -10.460628
   3.07790    -10.474790    -10.474783
   3.13661    -10.488579    -10.488572
   3.19533    -10.500835    -10.500828
   3.25404    -10.510485    -10.510479
   3.31275    -10.516653    -10.516648
   3.37147    -10.518771    -10.518765
   3.37147    -10.518771    -10.518765
   3.42621    -10.516926    -10.516920
   3.48095    -10.511530    -10.511524
   3.53570    -10.503023    -10.503016
   3.59044    -10.492092    -10.492085
   3.64518    -10.479598    -10.479591
   3.69993    -10.466498    -10.466490
   3.75467    -10.453753    -10.453745
   3.80941    -10.442231    -10.442222
   3.86416    -10.432627    -10.432618
   3.91890    -10.425446    -10.425436
   3.97364    -10.421013    -10.421003
   4.02838    -10.419515    -10.419506
 
# Band-Index   50
   4.02838    -10.396598    -10.396600
   3.97364    -10.398587    -10.398590
   3.91890    -10.403946    -10.403949
   3.86416    -10.411809    -10.411812
   3.80941    -10.421470    -10.421473
   3.75467    -10.432215    -10.432218
   3.69993    -10.443321    -10.443323
   3.64518    -10.454079    -10.454080
   3.59044    -10.463817    -10.463817
   3.53570    -10.471937    -10.471937
   3.48095    -10.477978    -10.477978
   3.42621    -10.481662    -10.481661
   3.37147    -10.482892    -10.482891
   3.37147    -10.482892    -10.482891
   3.31275    -10.481104    -10.481102
   3.25404    -10.475900    -10.475899
   3.19533    -10.467750    -10.467749
   3.13661    -10.457370    -10.457369
   3.07790    -10.445645    -10.445645
   3.01918    -10.433544    -10.433545
   2.96047    -10.422018    -10.422019
   2.90176    -10.411949    -10.411950
   2.84304    -10.404105    -10.404107
   2.78433    -10.399108    -10.399111
   2.72561    -10.397388    -10.397390
   2.72561    -10.396313    -10.396315
   2.67090    -10.398074    -10.398076
   2.61618    -10.403041    -10.403043
   2.56146    -10.410631    -10.410633
   2.50675    -10.420223    -10.420225
   2.45203    -10.431102    -10.431103
   2.39731    -10.442475    -10.442476
   2.34260    -10.453531    -10.453532
   2.28788    -10.463521    -10.463521
   2.23316    -10.471812    -10.471812
   2.17845    -10.477942    -10.477941
   2.12373    -10.481657    -10.481656
   2.06901    -10.482892    -10.482891
   2.06901    -10.482892    -10.482891
   2.01427    -10.481661    -10.481660
   1.95952    -10.477975    -10.477975
   1.90477    -10.471931    -10.471931
   1.85002    -10.463807    -10.463808
   1.79528    -10.454066    -10.454067
   1.74053    -10.443304    -10.443306
   1.68578    -10.432194    -10.432197
   1.63103    -10.421447    -10.421449
   1.57629    -10.411784    -10.411786
   1.52154    -10.403920    -10.403923
   1.46679    -10.398562    -10.398564
   1.41204    -10.396572    -10.396575
   1.41204    -10.397150    -10.397153
   1.35336    -10.398879    -10.398882
   1.29467    -10.403900    -10.403902
   1.23599    -10.411774    -10.411776
   1.17730    -10.421878    -10.421879
   1.11861    -10.433439    -10.433439
   1.05993    -10.445570    -10.445570
   1.00124    -10.457322    -10.457321
   0.94255    -10.467722    -10.467722
   0.88387    -10.475888    -10.475887
   0.82518    -10.481101    -10.481100
   0.76649    -10.482892    -10.482891
   0.76649    -10.482892    -10.482891
   0.73632    -10.485090    -10.485089
   0.70615    -10.489467    -10.489467
   0.67598    -10.493509    -10.493511
   0.64581    -10.495247    -10.495250
   0.64581    -10.397417    -10.397420
   0.58710    -10.399137    -10.399139
   0.52839    -10.404131    -10.404133
   0.46968    -10.411971    -10.411972
   0.41097    -10.422036    -10.422037
   0.35226    -10.433559    -10.433559
   0.29355    -10.445656    -10.445656
   0.23484    -10.457377    -10.457377
   0.17613    -10.467754    -10.467753
   0.11742    -10.475902    -10.475901
   0.05871    -10.481104    -10.481103
   0.00000    -10.482892    -10.482891
 
# Band-Index   51
   0.00000    -10.469931    -10.469934
   0.05871    -10.468200    -10.468203
   0.11742    -10.463171    -10.463174
   0.17613    -10.455322    -10.455325
   0.23484    -10.445380    -10.445383
   0.29355    -10.434240    -10.434243
   0.35226    -10.422876    -10.422879
   0.41097    -10.412223    -10.412225
   0.46968    -10.403111    -10.403114
   0.52839    -10.396195    -10.396198
   0.58710    -10.391907    -10.391910
   0.64581    -10.390460    -10.390462
   0.64581    -10.462581    -10.462582
   0.67598    -10.463344    -10.463345
   0.70615    -10.465467    -10.465469
   0.73632    -10.468301    -10.468303
   0.76649    -10.469931    -10.469934
   0.76649    -10.469931    -10.469934
   0.82518    -10.468196    -10.468199
   0.88387    -10.463157    -10.463160
   0.94255    -10.455291    -10.455294
   1.00124    -10.445327    -10.445330
   1.05993    -10.434163    -10.434166
   1.11861    -10.422774    -10.422777
   1.17730    -10.412098    -10.412101
   1.23599    -10.402969    -10.402972
   1.29467    -10.396042    -10.396045
   1.35336    -10.391750    -10.391752
   1.41204    -10.390301    -10.390303
   1.41204    -10.391096    -10.391099
   1.46679    -10.391871    -10.391873
   1.52154    -10.394627    -10.394630
   1.57629    -10.399686    -10.399688
   1.63103    -10.406901    -10.406903
   1.68578    -10.415855    -10.415857
   1.74053    -10.425971    -10.425973
   1.79528    -10.436565    -10.436567
   1.85002    -10.446877    -10.446879
   1.90477    -10.456107    -10.456109
   1.95952    -10.463474    -10.463476
   2.01427    -10.468263    -10.468266
   2.06901    -10.469931    -10.469934
   2.06901    -10.469931    -10.469934
   2.12373    -10.468262    -10.468265
   2.17845    -10.463481    -10.463483
   2.23316    -10.456153    -10.456155
   2.28788    -10.447005    -10.447007
   2.34260    -10.436812    -10.436814
   2.39731    -10.426359    -10.426361
   2.45203    -10.416368    -10.416370
   2.50675    -10.407481    -10.407483
   2.56146    -10.400227    -10.400230
   2.61618    -10.394992    -10.394994
   2.67090    -10.391944    -10.391947
   2.72561    -10.390982    -10.390985
   2.72561    -10.390437    -10.390439
   2.78433    -10.391884    -10.391887
   2.84304    -10.396173    -10.396176
   2.90176    -10.403090    -10.403093
   2.96047    -10.412204    -10.412207
   3.01918    -10.422860    -10.422863
   3.07790    -10.434228    -10.434231
   3.13661    -10.445371    -10.445374
   3.19533    -10.455317    -10.455320
   3.25404    -10.463169    -10.463172
   3.31275    -10.468199    -10.468202
   3.37147    -10.469931    -10.469934
   3.37147    -10.469931    -10.469934
   3.42621    -10.468264    -10.468266
   3.48095    -10.463475    -10.463478
   3.53570    -10.456110    -10.456112
   3.59044    -10.446882    -10.446884
   3.64518    -10.436573    -10.436575
   3.69993    -10.425982    -10.425984
   3.75467    -10.415869    -10.415871
   3.80941    -10.406919    -10.406921
   3.86416    -10.399707    -10.399709
   3.91890    -10.394650    -10.394652
   3.97364    -10.391896    -10.391898
   4.02838    -10.391122    -10.391125
 
# Band-Index   52
   4.02838     -9.270707     -9.270694
   3.97364     -9.273903     -9.273891
   3.91890     -9.282400     -9.282390
   3.86416     -9.294558     -9.294550
   3.80941     -9.309141     -9.309134
   3.75467     -9.325052     -9.325045
   3.69993     -9.341207     -9.341201
   3.64518     -9.356540     -9.356534
   3.59044     -9.370057     -9.370050
   3.53570     -9.380925     -9.380918
   3.48095     -9.388584     -9.388576
   3.42621     -9.392895     -9.392886
   3.37147     -9.394219     -9.394209
   3.37147     -9.394219     -9.394209
   3.31275     -9.391806     -9.391797
   3.25404     -9.384751     -9.384741
   3.19533     -9.373594     -9.373585
   3.13661     -9.359194     -9.359184
   3.07790     -9.342674     -9.342663
   3.01918     -9.325340     -9.325329
   2.96047     -9.308598     -9.308587
   2.90176     -9.293828     -9.293817
   2.84304     -9.282272     -9.282260
   2.78433     -9.274916     -9.274905
   2.72561     -9.272391     -9.272380
   2.72561     -9.270938     -9.270925
   2.67090     -9.273593     -9.273581
   2.61618     -9.281184     -9.281173
   2.56146     -9.292790     -9.292781
   2.50675     -9.307269     -9.307261
   2.45203     -9.323399     -9.323391
   2.39731     -9.339938     -9.339931
   2.34260     -9.355693     -9.355686
   2.28788     -9.369582     -9.369575
   2.23316     -9.380719     -9.380712
   2.17845     -9.388527     -9.388520
   2.12373     -9.392889     -9.392880
   2.06901     -9.394219     -9.394209
   2.06901     -9.394219     -9.394209
   2.01427     -9.392893     -9.392884
   1.95952     -9.388579     -9.388571
   1.90477     -9.380917     -9.380910
   1.85002     -9.370045     -9.370038
   1.79528     -9.356523     -9.356517
   1.74053     -9.341187     -9.341181
   1.68578     -9.325028     -9.325021
   1.63103     -9.309114     -9.309107
   1.57629     -9.294529     -9.294521
   1.52154     -9.282369     -9.282360
   1.46679     -9.273872     -9.273860
   1.41204     -9.270676     -9.270663
   1.41204     -9.272633     -9.272622
   1.35336     -9.275152     -9.275141
   1.29467     -9.282489     -9.282478
   1.23599     -9.294016     -9.294005
   1.17730     -9.308750     -9.308739
   1.11861     -9.325453     -9.325442
   1.05993     -9.342752     -9.342742
   1.00124     -9.359243     -9.359233
   0.94255     -9.373621     -9.373612
   0.88387     -9.384763     -9.384753
   0.82518     -9.391809     -9.391800
   0.76649     -9.394219     -9.394209
   0.76649     -9.394219     -9.394209
   0.73632     -9.398967     -9.398960
   0.70615     -9.405645     -9.405640
   0.67598     -9.410204     -9.410200
   0.64581     -9.411792     -9.411788
   0.64581     -9.272427     -9.272416
   0.58710     -9.274951     -9.274940
   0.52839     -9.282304     -9.282293
   0.46968     -9.293856     -9.293845
   0.41097     -9.308621     -9.308610
   0.35226     -9.325358     -9.325347
   0.29355     -9.342687     -9.342676
   0.23484     -9.359203     -9.359193
   0.17613     -9.373600     -9.373590
   0.11742     -9.384753     -9.384743
   0.05871     -9.391807     -9.391797
   0.00000     -9.394219     -9.394209
 
# Band-Index   53
   0.00000     -9.378235     -9.378240
   0.05871     -9.375810     -9.375814
   0.11742     -9.368714     -9.368719
   0.17613     -9.357484     -9.357489
   0.23484     -9.342958     -9.342962
   0.29355     -9.326210     -9.326214
   0.35226     -9.308456     -9.308461
   0.41097     -9.290966     -9.290970
   0.46968     -9.274952     -9.274955
   0.52839     -9.261545     -9.261549
   0.58710     -9.251903     -9.251906
   0.64581     -9.247979     -9.247980
   0.64581     -9.342412     -9.342407
   0.67598     -9.349273     -9.349271
   0.70615     -9.360681     -9.360680
   0.73632     -9.371914     -9.371915
   0.76649     -9.378235     -9.378240
   0.76649     -9.378235     -9.378240
   0.82518     -9.375806     -9.375810
   0.88387     -9.368699     -9.368703
   0.94255     -9.357449     -9.357454
   1.00124     -9.342895     -9.342900
   1.05993     -9.326111     -9.326116
   1.11861     -9.308315     -9.308319
   1.17730     -9.290778     -9.290782
   1.23599     -9.274717     -9.274721
   1.29467     -9.261266     -9.261269
   1.35336     -9.251571     -9.251573
   1.41204     -9.247596     -9.247597
   1.41204     -9.252542     -9.252547
   1.46679     -9.252988     -9.252991
   1.52154     -9.255438     -9.255439
   1.57629     -9.261851     -9.261850
   1.63103     -9.273263     -9.273262
   1.68578     -9.288332     -9.288331
   1.74053     -9.305329     -9.305329
   1.79528     -9.322897     -9.322897
   1.85002     -9.339826     -9.339827
   1.90477     -9.354956     -9.354958
   1.95952     -9.367167     -9.367170
   2.01427     -9.375316     -9.375320
   2.06901     -9.378235     -9.378240
   2.06901     -9.378235     -9.378240
   2.12373     -9.375322     -9.375326
   2.17845     -9.367239     -9.367242
   2.23316     -9.355251     -9.355253
   2.28788     -9.340585     -9.340586
   2.34260     -9.324426     -9.324427
   2.39731     -9.307946     -9.307947
   2.45203     -9.292269     -9.292269
   2.50675     -9.278389     -9.278389
   2.56146     -9.267077     -9.267078
   2.61618     -9.258834     -9.258837
   2.67090     -9.253889     -9.253893
   2.72561     -9.252253     -9.252258
   2.72561     -9.247969     -9.247970
   2.78433     -9.251891     -9.251893
   2.84304     -9.261531     -9.261534
   2.90176     -9.274937     -9.274941
   2.96047     -9.290951     -9.290955
   3.01918     -9.308443     -9.308448
   3.07790     -9.326199     -9.326204
   3.13661     -9.342950     -9.342955
   3.19533     -9.357479     -9.357484
   3.25404     -9.368711     -9.368716
   3.31275     -9.375809     -9.375814
   3.37147     -9.378235     -9.378240
   3.37147     -9.378235     -9.378240
   3.42621     -9.375316     -9.375320
   3.48095     -9.367166     -9.367169
   3.53570     -9.354955     -9.354956
   3.59044     -9.339825     -9.339826
   3.64518     -9.322897     -9.322897
   3.69993     -9.305330     -9.305329
   3.75467     -9.288334     -9.288333
   3.80941     -9.273268     -9.273266
   3.86416     -9.261861     -9.261860
   3.91890     -9.255457     -9.255457
   3.97364     -9.253012     -9.253015
   4.02838     -9.252568     -9.252573
 
# Band-Index   54
   4.02838     -9.235998     -9.236001
   3.97364     -9.237932     -9.237936
   3.91890     -9.243331     -9.243335
   3.86416     -9.250736     -9.250741
   3.80941     -9.258523     -9.258527
   3.75467     -9.266779     -9.266782
   3.69993     -9.275620     -9.275622
   3.64518     -9.284598     -9.284600
   3.59044     -9.293085     -9.293086
   3.53570     -9.300452     -9.300453
   3.48095     -9.306138     -9.306139
   3.42621     -9.309725     -9.309725
   3.37147     -9.310948     -9.310949
   3.37147     -9.310948     -9.310949
   3.31275     -9.309284     -9.309284
   3.25404     -9.304431     -9.304432
   3.19533     -9.296820     -9.296821
   3.13661     -9.287134     -9.287135
   3.07790     -9.276264     -9.276265
   3.01918     -9.265226     -9.265228
   2.96047     -9.255089     -9.255091
   2.90176     -9.246865     -9.246868
   2.84304     -9.241383     -9.241386
   2.78433     -9.239026     -9.239030
   2.72561     -9.238831     -9.238836
   2.72561     -9.235854     -9.235858
   2.67090     -9.237141     -9.237144
   2.61618     -9.240958     -9.240961
   2.56146     -9.247095     -9.247098
   2.50675     -9.255107     -9.255110
   2.45203     -9.264361     -9.264363
   2.39731     -9.274165     -9.274166
   2.34260     -9.283839     -9.283841
   2.28788     -9.292750     -9.292751
   2.23316     -9.300334     -9.300335
   2.17845     -9.306110     -9.306111
   2.12373     -9.309722     -9.309722
   2.06901     -9.310948     -9.310949
   2.06901     -9.310948     -9.310949
   2.01427     -9.309724     -9.309725
   1.95952     -9.306136     -9.306137
   1.90477     -9.300447     -9.300448
   1.85002     -9.293077     -9.293079
   1.79528     -9.284587     -9.284588
   1.74053     -9.275604     -9.275606
   1.68578     -9.266760     -9.266763
   1.63103     -9.258500     -9.258504
   1.57629     -9.250714     -9.250719
   1.52154     -9.243314     -9.243319
   1.46679     -9.237919     -9.237922
   1.41204     -9.235985     -9.235988
   1.41204     -9.238804     -9.238808
   1.35336     -9.238957     -9.238961
   1.29467     -9.241291     -9.241293
   1.23599     -9.246775     -9.246777
   1.17730     -9.255011     -9.255013
   1.11861     -9.265165     -9.265166
   1.05993     -9.276220     -9.276221
   1.00124     -9.287105     -9.287106
   0.94255     -9.296804     -9.296805
   0.88387     -9.304424     -9.304425
   0.82518     -9.309282     -9.309283
   0.76649     -9.310948     -9.310949
   0.76649     -9.310948     -9.310949
   0.73632     -9.312538     -9.312539
   0.70615     -9.317134     -9.317135
   0.67598     -9.324025     -9.324027
   0.64581     -9.329315     -9.329320
   0.64581     -9.238855     -9.238860
   0.58710     -9.239047     -9.239051
   0.52839     -9.241402     -9.241404
   0.46968     -9.246881     -9.246883
   0.41097     -9.255102     -9.255104
   0.35226     -9.265237     -9.265238
   0.29355     -9.276272     -9.276273
   0.23484     -9.287140     -9.287140
   0.17613     -9.296824     -9.296825
   0.11742     -9.304433     -9.304434
   0.05871     -9.309284     -9.309285
   0.00000     -9.310948     -9.310949
 
# Band-Index   55
   0.00000     -8.572236     -8.572236
   0.05871     -8.572226     -8.572226
   0.11742     -8.572270     -8.572271
   0.17613     -8.572496     -8.572497
   0.23484     -8.572865     -8.572866
   0.29355     -8.573330     -8.573331
   0.35226     -8.573849     -8.573850
   0.41097     -8.574377     -8.574378
   0.46968     -8.574870     -8.574871
   0.52839     -8.575272     -8.575273
   0.58710     -8.575538     -8.575539
   0.64581     -8.575632     -8.575633
   0.64581     -8.572237     -8.572236
   0.67598     -8.572237     -8.572237
   0.70615     -8.572237     -8.572237
   0.73632     -8.572239     -8.572239
   0.76649     -8.572236     -8.572236
   0.76649     -8.572236     -8.572236
   0.82518     -8.572298     -8.572298
   0.88387     -8.572481     -8.572480
   0.94255     -8.572776     -8.572776
   1.00124     -8.573170     -8.573170
   1.05993     -8.573649     -8.573649
   1.11861     -8.574178     -8.574177
   1.17730     -8.574713     -8.574713
   1.23599     -8.575213     -8.575213
   1.29467     -8.575620     -8.575620
   1.35336     -8.575889     -8.575889
   1.41204     -8.575984     -8.575984
   1.41204     -8.575639     -8.575639
   1.46679     -8.575561     -8.575562
   1.52154     -8.575337     -8.575337
   1.57629     -8.574989     -8.574989
   1.63103     -8.574555     -8.574555
   1.68578     -8.574076     -8.574076
   1.74053     -8.573591     -8.573591
   1.79528     -8.573134     -8.573135
   1.85002     -8.572738     -8.572738
   1.90477     -8.572432     -8.572432
   1.95952     -8.572258     -8.572258
   2.01427     -8.572228     -8.572228
   2.06901     -8.572236     -8.572236
   2.06901     -8.572236     -8.572236
   2.12373     -8.572288     -8.572288
   2.17845     -8.572442     -8.572442
   2.23316     -8.572692     -8.572692
   2.28788     -8.573029     -8.573029
   2.34260     -8.573440     -8.573440
   2.39731     -8.573907     -8.573907
   2.45203     -8.574400     -8.574400
   2.50675     -8.574886     -8.574886
   2.56146     -8.575326     -8.575325
   2.61618     -8.575677     -8.575677
   2.67090     -8.575904     -8.575904
   2.72561     -8.575982     -8.575982
   2.72561     -8.575640     -8.575640
   2.78433     -8.575547     -8.575547
   2.84304     -8.575280     -8.575280
   2.90176     -8.574878     -8.574878
   2.96047     -8.574385     -8.574385
   3.01918     -8.573857     -8.573857
   3.07790     -8.573338     -8.573338
   3.13661     -8.572873     -8.572873
   3.19533     -8.572505     -8.572505
   3.25404     -8.572277     -8.572277
   3.31275     -8.572228     -8.572228
   3.37147     -8.572236     -8.572236
   3.37147     -8.572236     -8.572236
   3.42621     -8.572227     -8.572227
   3.48095     -8.572252     -8.572252
   3.53570     -8.572423     -8.572424
   3.59044     -8.572730     -8.572731
   3.64518     -8.573126     -8.573127
   3.69993     -8.573582     -8.573583
   3.75467     -8.574068     -8.574069
   3.80941     -8.574547     -8.574548
   3.86416     -8.574981     -8.574982
   3.91890     -8.575329     -8.575330
   3.97364     -8.575553     -8.575554
   4.02838     -8.575631     -8.575632
 
# Band-Index   56
   4.02838     -8.570176     -8.570176
   3.97364     -8.570208     -8.570208
   3.91890     -8.570303     -8.570303
   3.86416     -8.570455     -8.570455
   3.80941     -8.570654     -8.570654
   3.75467     -8.570886     -8.570886
   3.69993     -8.571135     -8.571135
   3.64518     -8.571382     -8.571382
   3.59044     -8.571608     -8.571608
   3.53570     -8.571786     -8.571786
   3.48095     -8.571868     -8.571869
   3.42621     -8.571841     -8.571842
   3.37147     -8.571815     -8.571816
   3.37147     -8.571815     -8.571816
   3.31275     -8.571843     -8.571844
   3.25404     -8.571856     -8.571857
   3.19533     -8.571735     -8.571735
   3.13661     -8.571520     -8.571521
   3.07790     -8.571262     -8.571263
   3.01918     -8.570990     -8.570991
   2.96047     -8.570726     -8.570727
   2.90176     -8.570496     -8.570497
   2.84304     -8.570316     -8.570317
   2.78433     -8.570203     -8.570204
   2.72561     -8.570165     -8.570165
   2.72561     -8.569851     -8.569852
   2.67090     -8.569883     -8.569884
   2.61618     -8.569980     -8.569980
   2.56146     -8.570133     -8.570134
   2.50675     -8.570334     -8.570335
   2.45203     -8.570569     -8.570570
   2.39731     -8.570822     -8.570823
   2.34260     -8.571077     -8.571077
   2.28788     -8.571315     -8.571316
   2.23316     -8.571520     -8.571521
   2.17845     -8.571679     -8.571680
   2.12373     -8.571780     -8.571781
   2.06901     -8.571815     -8.571816
   2.06901     -8.571815     -8.571816
   2.01427     -8.571839     -8.571840
   1.95952     -8.571862     -8.571863
   1.90477     -8.571776     -8.571777
   1.85002     -8.571599     -8.571599
   1.79528     -8.571373     -8.571374
   1.74053     -8.571126     -8.571126
   1.68578     -8.570877     -8.570877
   1.63103     -8.570644     -8.570645
   1.57629     -8.570446     -8.570446
   1.52154     -8.570294     -8.570294
   1.46679     -8.570198     -8.570199
   1.41204     -8.570166     -8.570167
   1.41204     -8.569849     -8.569850
   1.35336     -8.569888     -8.569889
   1.29467     -8.570002     -8.570003
   1.23599     -8.570184     -8.570185
   1.17730     -8.570417     -8.570417
   1.11861     -8.570684     -8.570685
   1.05993     -8.570962     -8.570963
   1.00124     -8.571230     -8.571231
   0.94255     -8.571468     -8.571469
   0.88387     -8.571655     -8.571655
   0.82518     -8.571773     -8.571774
   0.76649     -8.571815     -8.571816
   0.76649     -8.571815     -8.571816
   0.73632     -8.571817     -8.571818
   0.70615     -8.571815     -8.571816
   0.67598     -8.571815     -8.571816
   0.64581     -8.571815     -8.571816
   0.64581     -8.570175     -8.570174
   0.58710     -8.570213     -8.570213
   0.52839     -8.570326     -8.570326
   0.46968     -8.570506     -8.570505
   0.41097     -8.570736     -8.570736
   0.35226     -8.570999     -8.570999
   0.29355     -8.571272     -8.571272
   0.23484     -8.571529     -8.571529
   0.17613     -8.571744     -8.571744
   0.11742     -8.571863     -8.571864
   0.05871     -8.571845     -8.571846
   0.00000     -8.571815     -8.571816
 
# Band-Index   57
   0.00000     -8.550462     -8.550464
   0.05871     -8.550442     -8.550443
   0.11742     -8.550592     -8.550593
   0.17613     -8.550881     -8.550882
   0.23484     -8.551270     -8.551271
   0.29355     -8.551744     -8.551745
   0.35226     -8.552268     -8.552269
   0.41097     -8.552799     -8.552801
   0.46968     -8.553294     -8.553295
   0.52839     -8.553698     -8.553699
   0.58710     -8.553964     -8.553965
   0.64581     -8.554057     -8.554059
   0.64581     -8.550462     -8.550464
   0.67598     -8.550462     -8.550464
   0.70615     -8.550462     -8.550464
   0.73632     -8.550465     -8.550466
   0.76649     -8.550462     -8.550464
   0.76649     -8.550462     -8.550464
   0.82518     -8.550518     -8.550520
   0.88387     -8.550695     -8.550696
   0.94255     -8.550986     -8.550988
   1.00124     -8.551378     -8.551379
   1.05993     -8.551855     -8.551856
   1.11861     -8.552382     -8.552383
   1.17730     -8.552916     -8.552918
   1.23599     -8.553414     -8.553416
   1.29467     -8.553820     -8.553822
   1.35336     -8.554088     -8.554090
   1.41204     -8.554182     -8.554184
   1.41204     -8.554117     -8.554120
   1.46679     -8.554040     -8.554042
   1.52154     -8.553815     -8.553818
   1.57629     -8.553467     -8.553469
   1.63103     -8.553031     -8.553033
   1.68578     -8.552549     -8.552551
   1.74053     -8.552060     -8.552062
   1.79528     -8.551598     -8.551600
   1.85002     -8.551191     -8.551194
   1.90477     -8.550860     -8.550863
   1.95952     -8.550620     -8.550622
   2.01427     -8.550487     -8.550490
   2.06901     -8.550462     -8.550464
   2.06901     -8.550462     -8.550464
   2.12373     -8.550509     -8.550511
   2.17845     -8.550657     -8.550659
   2.23316     -8.550903     -8.550905
   2.28788     -8.551237     -8.551239
   2.34260     -8.551647     -8.551648
   2.39731     -8.552112     -8.552113
   2.45203     -8.552604     -8.552605
   2.50675     -8.553089     -8.553090
   2.56146     -8.553527     -8.553529
   2.61618     -8.553878     -8.553879
   2.67090     -8.554104     -8.554105
   2.72561     -8.554182     -8.554183
   2.72561     -8.554118     -8.554120
   2.78433     -8.554024     -8.554027
   2.84304     -8.553758     -8.553760
   2.90176     -8.553354     -8.553357
   2.96047     -8.552859     -8.552862
   3.01918     -8.552328     -8.552331
   3.07790     -8.551804     -8.551807
   3.13661     -8.551331     -8.551333
   3.19533     -8.550942     -8.550945
   3.25404     -8.550656     -8.550658
   3.31275     -8.550494     -8.550497
   3.37147     -8.550462     -8.550464
   3.37147     -8.550462     -8.550464
   3.42621     -8.550442     -8.550443
   3.48095     -8.550555     -8.550556
   3.53570     -8.550798     -8.550799
   3.59044     -8.551130     -8.551131
   3.64518     -8.551537     -8.551538
   3.69993     -8.552000     -8.552001
   3.75467     -8.552489     -8.552490
   3.80941     -8.552971     -8.552972
   3.86416     -8.553407     -8.553408
   3.91890     -8.553755     -8.553756
   3.97364     -8.553980     -8.553981
   4.02838     -8.554057     -8.554058
 
# Band-Index   58
   4.02838     -8.553847     -8.553848
   3.97364     -8.553769     -8.553770
   3.91890     -8.553544     -8.553545
   3.86416     -8.553195     -8.553196
   3.80941     -8.552760     -8.552761
   3.75467     -8.552279     -8.552280
   3.69993     -8.551792     -8.551793
   3.64518     -8.551331     -8.551331
   3.59044     -8.550924     -8.550924
   3.53570     -8.550592     -8.550592
   3.48095     -8.550350     -8.550351
   3.42621     -8.550380     -8.550381
   3.37147     -8.550342     -8.550344
   3.37147     -8.550342     -8.550344
   3.31275     -8.550330     -8.550331
   3.25404     -8.550375     -8.550375
   3.19533     -8.550663     -8.550664
   3.13661     -8.551053     -8.551053
   3.07790     -8.551527     -8.551527
   3.01918     -8.552050     -8.552051
   2.96047     -8.552581     -8.552581
   2.90176     -8.553075     -8.553076
   2.84304     -8.553479     -8.553480
   2.78433     -8.553747     -8.553747
   2.72561     -8.553841     -8.553841
   2.72561     -8.553951     -8.553951
   2.67090     -8.553872     -8.553872
   2.61618     -8.553645     -8.553645
   2.56146     -8.553294     -8.553294
   2.50675     -8.552855     -8.552855
   2.45203     -8.552371     -8.552371
   2.39731     -8.551880     -8.551880
   2.34260     -8.551415     -8.551415
   2.28788     -8.551005     -8.551005
   2.23316     -8.550669     -8.550669
   2.17845     -8.550420     -8.550420
   2.12373     -8.550313     -8.550314
   2.06901     -8.550342     -8.550344
   2.06901     -8.550342     -8.550344
   2.01427     -8.550334     -8.550335
   1.95952     -8.550338     -8.550339
   1.90477     -8.550580     -8.550581
   1.85002     -8.550913     -8.550914
   1.79528     -8.551320     -8.551321
   1.74053     -8.551782     -8.551782
   1.68578     -8.552270     -8.552271
   1.63103     -8.552751     -8.552752
   1.57629     -8.553187     -8.553187
   1.52154     -8.553536     -8.553536
   1.46679     -8.553761     -8.553762
   1.41204     -8.553839     -8.553840
   1.41204     -8.553952     -8.553952
   1.35336     -8.553858     -8.553858
   1.29467     -8.553589     -8.553589
   1.23599     -8.553182     -8.553182
   1.17730     -8.552684     -8.552684
   1.11861     -8.552150     -8.552150
   1.05993     -8.551623     -8.551623
   1.00124     -8.551146     -8.551146
   0.94255     -8.550753     -8.550753
   0.88387     -8.550459     -8.550459
   0.82518     -8.550307     -8.550309
   0.76649     -8.550342     -8.550344
   0.76649     -8.550342     -8.550344
   0.73632     -8.550345     -8.550346
   0.70615     -8.550343     -8.550344
   0.67598     -8.550343     -8.550344
   0.64581     -8.550343     -8.550344
   0.64581     -8.553849     -8.553850
   0.58710     -8.553755     -8.553756
   0.52839     -8.553488     -8.553488
   0.46968     -8.553084     -8.553085
   0.41097     -8.552590     -8.552591
   0.35226     -8.552060     -8.552060
   0.29355     -8.551537     -8.551538
   0.23484     -8.551064     -8.551064
   0.17613     -8.550674     -8.550675
   0.11742     -8.550386     -8.550387
   0.05871     -8.550383     -8.550385
   0.00000     -8.550342     -8.550344
 
# Band-Index   59
   0.00000     -8.550214     -8.550214
   0.05871     -8.550229     -8.550229
   0.11742     -8.550294     -8.550297
   0.17613     -8.550112     -8.550114
   0.23484     -8.549877     -8.549879
   0.29355     -8.549611     -8.549613
   0.35226     -8.549335     -8.549337
   0.41097     -8.549069     -8.549072
   0.46968     -8.548838     -8.548840
   0.52839     -8.548658     -8.548660
   0.58710     -8.548545     -8.548547
   0.64581     -8.548506     -8.548508
   0.64581     -8.550215     -8.550215
   0.67598     -8.550215     -8.550215
   0.70615     -8.550215     -8.550215
   0.73632     -8.550217     -8.550217
   0.76649     -8.550214     -8.550214
   0.76649     -8.550214     -8.550214
   0.82518     -8.550276     -8.550276
   0.88387     -8.550192     -8.550194
   0.94255     -8.550008     -8.550010
   1.00124     -8.549771     -8.549773
   1.05993     -8.549505     -8.549506
   1.11861     -8.549227     -8.549229
   1.17730     -8.548960     -8.548962
   1.23599     -8.548728     -8.548730
   1.29467     -8.548547     -8.548549
   1.35336     -8.548433     -8.548435
   1.41204     -8.548395     -8.548397
   1.41204     -8.548448     -8.548448
   1.46679     -8.548480     -8.548481
   1.52154     -8.548575     -8.548576
   1.57629     -8.548727     -8.548728
   1.63103     -8.548927     -8.548927
   1.68578     -8.549160     -8.549161
   1.74053     -8.549412     -8.549412
   1.79528     -8.549664     -8.549665
   1.85002     -8.549899     -8.549900
   1.90477     -8.550101     -8.550102
   1.95952     -8.550253     -8.550254
   2.01427     -8.550214     -8.550215
   2.06901     -8.550214     -8.550214
   2.06901     -8.550214     -8.550214
   2.12373     -8.550267     -8.550266
   2.17845     -8.550216     -8.550218
   2.23316     -8.550060     -8.550061
   2.28788     -8.549855     -8.549857
   2.34260     -8.549618     -8.549620
   2.39731     -8.549365     -8.549367
   2.45203     -8.549112     -8.549114
   2.50675     -8.548878     -8.548880
   2.56146     -8.548677     -8.548679
   2.61618     -8.548525     -8.548527
   2.67090     -8.548429     -8.548431
   2.72561     -8.548396     -8.548398
   2.72561     -8.548446     -8.548447
   2.78433     -8.548484     -8.548485
   2.84304     -8.548598     -8.548599
   2.90176     -8.548778     -8.548779
   2.96047     -8.549009     -8.549010
   3.01918     -8.549274     -8.549275
   3.07790     -8.549551     -8.549551
   3.13661     -8.549816     -8.549817
   3.19533     -8.550050     -8.550051
   3.25404     -8.550230     -8.550231
   3.31275     -8.550219     -8.550219
   3.37147     -8.550214     -8.550214
   3.37147     -8.550214     -8.550214
   3.42621     -8.550223     -8.550223
   3.48095     -8.550318     -8.550320
   3.53570     -8.550164     -8.550166
   3.59044     -8.549960     -8.549963
   3.64518     -8.549724     -8.549727
   3.69993     -8.549472     -8.549474
   3.75467     -8.549220     -8.549223
   3.80941     -8.548987     -8.548989
   3.86416     -8.548787     -8.548790
   3.91890     -8.548635     -8.548638
   3.97364     -8.548540     -8.548542
   4.02838     -8.548508     -8.548510
 
# Band-Index   60
   4.02838     -8.548235     -8.548235
   3.97364     -8.548267     -8.548267
   3.91890     -8.548362     -8.548363
   3.86416     -8.548514     -8.548515
   3.80941     -8.548713     -8.548714
   3.75467     -8.548947     -8.548947
   3.69993     -8.549198     -8.549198
   3.64518     -8.549450     -8.549450
   3.59044     -8.549685     -8.549685
   3.53570     -8.549887     -8.549887
   3.48095     -8.550039     -8.550039
   3.42621     -8.550112     -8.550113
   3.37147     -8.550104     -8.550105
   3.37147     -8.550104     -8.550105
   3.31275     -8.550120     -8.550121
   3.25404     -8.550027     -8.550027
   3.19533     -8.549846     -8.549846
   3.13661     -8.549611     -8.549611
   3.07790     -8.549345     -8.549346
   3.01918     -8.549069     -8.549069
   2.96047     -8.548804     -8.548804
   2.90176     -8.548572     -8.548572
   2.84304     -8.548392     -8.548392
   2.78433     -8.548279     -8.548279
   2.72561     -8.548240     -8.548240
   2.72561     -8.548146     -8.548147
   2.67090     -8.548179     -8.548180
   2.61618     -8.548275     -8.548276
   2.56146     -8.548427     -8.548428
   2.50675     -8.548628     -8.548629
   2.45203     -8.548862     -8.548863
   2.39731     -8.549115     -8.549116
   2.34260     -8.549369     -8.549370
   2.28788     -8.549606     -8.549607
   2.23316     -8.549811     -8.549812
   2.17845     -8.549969     -8.549970
   2.12373     -8.550069     -8.550070
   2.06901     -8.550104     -8.550105
   2.06901     -8.550104     -8.550105
   2.01427     -8.550121     -8.550121
   1.95952     -8.550050     -8.550050
   1.90477     -8.549897     -8.549898
   1.85002     -8.549695     -8.549695
   1.79528     -8.549459     -8.549459
   1.74053     -8.549206     -8.549206
   1.68578     -8.548955     -8.548955
   1.63103     -8.548721     -8.548721
   1.57629     -8.548522     -8.548522
   1.52154     -8.548369     -8.548369
   1.46679     -8.548274     -8.548274
   1.41204     -8.548242     -8.548242
   1.41204     -8.548145     -8.548146
   1.35336     -8.548184     -8.548185
   1.29467     -8.548297     -8.548298
   1.23599     -8.548478     -8.548479
   1.17730     -8.548711     -8.548712
   1.11861     -8.548977     -8.548978
   1.05993     -8.549255     -8.549256
   1.00124     -8.549522     -8.549523
   0.94255     -8.549759     -8.549760
   0.88387     -8.549944     -8.549945
   0.82518     -8.550062     -8.550063
   0.76649     -8.550104     -8.550105
   0.76649     -8.550104     -8.550105
   0.73632     -8.550106     -8.550107
   0.70615     -8.550104     -8.550105
   0.67598     -8.550104     -8.550105
   0.64581     -8.550104     -8.550105
   0.64581     -8.548233     -8.548234
   0.58710     -8.548272     -8.548272
   0.52839     -8.548385     -8.548385
   0.46968     -8.548565     -8.548565
   0.41097     -8.548796     -8.548796
   0.35226     -8.549061     -8.549061
   0.29355     -8.549337     -8.549337
   0.23484     -8.549602     -8.549602
   0.17613     -8.549836     -8.549836
   0.11742     -8.550016     -8.550017
   0.05871     -8.550110     -8.550111
   0.00000     -8.550104     -8.550105
 
# Band-Index   61
   0.00000     -8.515715     -8.515715
   0.05871     -8.515758     -8.515757
   0.11742     -8.515922     -8.515920
   0.17613     -8.516187     -8.516185
   0.23484     -8.516536     -8.516535
   0.29355     -8.516953     -8.516952
   0.35226     -8.517401     -8.517399
   0.41097     -8.517842     -8.517840
   0.46968     -8.518243     -8.518242
   0.52839     -8.518562     -8.518561
   0.58710     -8.518768     -8.518767
   0.64581     -8.518840     -8.518839
   0.64581     -8.515715     -8.515715
   0.67598     -8.515715     -8.515715
   0.70615     -8.515715     -8.515715
   0.73632     -8.515716     -8.515716
   0.76649     -8.515715     -8.515715
   0.76649     -8.515715     -8.515715
   0.82518     -8.515770     -8.515770
   0.88387     -8.515935     -8.515935
   0.94255     -8.516202     -8.516202
   1.00124     -8.516553     -8.516553
   1.05993     -8.516973     -8.516973
   1.11861     -8.517424     -8.517424
   1.17730     -8.517868     -8.517868
   1.23599     -8.518272     -8.518272
   1.29467     -8.518593     -8.518593
   1.35336     -8.518801     -8.518801
   1.41204     -8.518873     -8.518873
   1.41204     -8.518838     -8.518837
   1.46679     -8.518778     -8.518777
   1.52154     -8.518603     -8.518602
   1.57629     -8.518330     -8.518329
   1.63103     -8.517979     -8.517979
   1.68578     -8.517583     -8.517582
   1.74053     -8.517170     -8.517169
   1.79528     -8.516770     -8.516769
   1.85002     -8.516409     -8.516408
   1.90477     -8.516110     -8.516109
   1.95952     -8.515885     -8.515884
   2.01427     -8.515748     -8.515747
   2.06901     -8.515715     -8.515715
   2.06901     -8.515715     -8.515715
   2.12373     -8.515761     -8.515761
   2.17845     -8.515900     -8.515900
   2.23316     -8.516126     -8.516126
   2.28788     -8.516428     -8.516428
   2.34260     -8.516791     -8.516791
   2.39731     -8.517194     -8.517194
   2.45203     -8.517610     -8.517610
   2.50675     -8.518009     -8.518009
   2.56146     -8.518362     -8.518362
   2.61618     -8.518637     -8.518637
   2.67090     -8.518812     -8.518812
   2.72561     -8.518873     -8.518873
   2.72561     -8.518838     -8.518837
   2.78433     -8.518766     -8.518765
   2.84304     -8.518560     -8.518559
   2.90176     -8.518241     -8.518240
   2.96047     -8.517839     -8.517838
   3.01918     -8.517398     -8.517397
   3.07790     -8.516951     -8.516950
   3.13661     -8.516534     -8.516533
   3.19533     -8.516185     -8.516184
   3.25404     -8.515919     -8.515919
   3.31275     -8.515756     -8.515755
   3.37147     -8.515715     -8.515715
   3.37147     -8.515715     -8.515715
   3.42621     -8.515750     -8.515749
   3.48095     -8.515887     -8.515886
   3.53570     -8.516112     -8.516111
   3.59044     -8.516411     -8.516410
   3.64518     -8.516772     -8.516770
   3.69993     -8.517173     -8.517171
   3.75467     -8.517585     -8.517584
   3.80941     -8.517982     -8.517980
   3.86416     -8.518332     -8.518331
   3.91890     -8.518606     -8.518604
   3.97364     -8.518780     -8.518778
   4.02838     -8.518840     -8.518839
 
# Band-Index   62
   4.02838     -8.515078     -8.515078
   3.97364     -8.515089     -8.515089
   3.91890     -8.515122     -8.515122
   3.86416     -8.515174     -8.515173
   3.80941     -8.515240     -8.515240
   3.75467     -8.515318     -8.515318
   3.69993     -8.515401     -8.515401
   3.64518     -8.515482     -8.515481
   3.59044     -8.515556     -8.515556
   3.53570     -8.515620     -8.515620
   3.48095     -8.515668     -8.515668
   3.42621     -8.515697     -8.515697
   3.37147     -8.515698     -8.515696
   3.37147     -8.515698     -8.515696
   3.31275     -8.515698     -8.515697
   3.25404     -8.515662     -8.515661
   3.19533     -8.515605     -8.515605
   3.13661     -8.515531     -8.515531
   3.07790     -8.515449     -8.515448
   3.01918     -8.515359     -8.515359
   2.96047     -8.515269     -8.515268
   2.90176     -8.515191     -8.515191
   2.84304     -8.515130     -8.515129
   2.78433     -8.515092     -8.515091
   2.72561     -8.515078     -8.515077
   2.72561     -8.515111     -8.515109
   2.67090     -8.515121     -8.515120
   2.61618     -8.515152     -8.515150
   2.56146     -8.515200     -8.515198
   2.50675     -8.515262     -8.515260
   2.45203     -8.515335     -8.515333
   2.39731     -8.515411     -8.515410
   2.34260     -8.515486     -8.515485
   2.28788     -8.515556     -8.515554
   2.23316     -8.515615     -8.515613
   2.17845     -8.515659     -8.515658
   2.12373     -8.515687     -8.515686
   2.06901     -8.515698     -8.515696
   2.06901     -8.515698     -8.515696
   2.01427     -8.515699     -8.515699
   1.95952     -8.515670     -8.515669
   1.90477     -8.515621     -8.515621
   1.85002     -8.515558     -8.515557
   1.79528     -8.515483     -8.515482
   1.74053     -8.515402     -8.515401
   1.68578     -8.515319     -8.515318
   1.63103     -8.515241     -8.515240
   1.57629     -8.515174     -8.515173
   1.52154     -8.515122     -8.515122
   1.46679     -8.515089     -8.515089
   1.41204     -8.515078     -8.515077
   1.41204     -8.515111     -8.515109
   1.35336     -8.515123     -8.515122
   1.29467     -8.515159     -8.515158
   1.23599     -8.515216     -8.515214
   1.17730     -8.515288     -8.515286
   1.11861     -8.515372     -8.515371
   1.05993     -8.515455     -8.515454
   1.00124     -8.515531     -8.515530
   0.94255     -8.515600     -8.515598
   0.88387     -8.515652     -8.515651
   0.82518     -8.515686     -8.515684
   0.76649     -8.515698     -8.515696
   0.76649     -8.515698     -8.515696
   0.73632     -8.515698     -8.515697
   0.70615     -8.515698     -8.515696
   0.67598     -8.515697     -8.515696
   0.64581     -8.515697     -8.515696
   0.64581     -8.515078     -8.515078
   0.58710     -8.515091     -8.515091
   0.52839     -8.515130     -8.515130
   0.46968     -8.515191     -8.515191
   0.41097     -8.515268     -8.515268
   0.35226     -8.515358     -8.515358
   0.29355     -8.515448     -8.515448
   0.23484     -8.515530     -8.515530
   0.17613     -8.515604     -8.515604
   0.11742     -8.515660     -8.515660
   0.05871     -8.515696     -8.515695
   0.00000     -8.515698     -8.515696
 
# Band-Index   63
   0.00000     -8.494892     -8.494891
   0.05871     -8.494946     -8.494945
   0.11742     -8.495109     -8.495108
   0.17613     -8.495374     -8.495372
   0.23484     -8.495722     -8.495720
   0.29355     -8.496137     -8.496136
   0.35226     -8.496583     -8.496582
   0.41097     -8.497022     -8.497021
   0.46968     -8.497422     -8.497421
   0.52839     -8.497739     -8.497738
   0.58710     -8.497945     -8.497943
   0.64581     -8.498016     -8.498015
   0.64581     -8.494892     -8.494891
   0.67598     -8.494892     -8.494891
   0.70615     -8.494892     -8.494891
   0.73632     -8.494893     -8.494892
   0.76649     -8.494892     -8.494891
   0.76649     -8.494892     -8.494891
   0.82518     -8.494939     -8.494940
   0.88387     -8.495103     -8.495103
   0.94255     -8.495366     -8.495367
   1.00124     -8.495714     -8.495715
   1.05993     -8.496129     -8.496130
   1.11861     -8.496575     -8.496576
   1.17730     -8.497013     -8.497014
   1.23599     -8.497413     -8.497414
   1.29467     -8.497730     -8.497731
   1.35336     -8.497935     -8.497936
   1.41204     -8.498007     -8.498008
   1.41204     -8.498025     -8.498024
   1.46679     -8.497964     -8.497964
   1.52154     -8.497790     -8.497790
   1.57629     -8.497517     -8.497517
   1.63103     -8.497167     -8.497167
   1.68578     -8.496770     -8.496770
   1.74053     -8.496358     -8.496358
   1.79528     -8.495957     -8.495957
   1.85002     -8.495596     -8.495596
   1.90477     -8.495297     -8.495297
   1.95952     -8.495072     -8.495072
   2.01427     -8.494934     -8.494934
   2.06901     -8.494892     -8.494891
   2.06901     -8.494892     -8.494891
   2.12373     -8.494931     -8.494931
   2.17845     -8.495068     -8.495069
   2.23316     -8.495292     -8.495293
   2.28788     -8.495590     -8.495591
   2.34260     -8.495949     -8.495950
   2.39731     -8.496348     -8.496349
   2.45203     -8.496758     -8.496759
   2.50675     -8.497153     -8.497154
   2.56146     -8.497502     -8.497502
   2.61618     -8.497773     -8.497774
   2.67090     -8.497947     -8.497948
   2.72561     -8.498007     -8.498008
   2.72561     -8.498024     -8.498024
   2.78433     -8.497953     -8.497952
   2.84304     -8.497747     -8.497746
   2.90176     -8.497428     -8.497428
   2.96047     -8.497027     -8.497026
   3.01918     -8.496586     -8.496586
   3.07790     -8.496138     -8.496138
   3.13661     -8.495721     -8.495721
   3.19533     -8.495372     -8.495372
   3.25404     -8.495107     -8.495106
   3.31275     -8.494943     -8.494943
   3.37147     -8.494892     -8.494891
   3.37147     -8.494892     -8.494891
   3.42621     -8.494937     -8.494936
   3.48095     -8.495075     -8.495074
   3.53570     -8.495299     -8.495298
   3.59044     -8.495597     -8.495596
   3.64518     -8.495957     -8.495955
   3.69993     -8.496356     -8.496355
   3.75467     -8.496767     -8.496766
   3.80941     -8.497162     -8.497161
   3.86416     -8.497511     -8.497509
   3.91890     -8.497783     -8.497781
   3.97364     -8.497956     -8.497955
   4.02838     -8.498016     -8.498015
 
# Band-Index   64
   4.02838     -8.497775     -8.497774
   3.97364     -8.497714     -8.497714
   3.91890     -8.497540     -8.497539
   3.86416     -8.497266     -8.497266
   3.80941     -8.496916     -8.496915
   3.75467     -8.496519     -8.496519
   3.69993     -8.496107     -8.496106
   3.64518     -8.495706     -8.495705
   3.59044     -8.495345     -8.495345
   3.53570     -8.495046     -8.495045
   3.48095     -8.494843     -8.494844
   3.42621     -8.494874     -8.494875
   3.37147     -8.494885     -8.494886
   3.37147     -8.494885     -8.494886
   3.31275     -8.494875     -8.494875
   3.25404     -8.494854     -8.494853
   3.19533     -8.495118     -8.495118
   3.13661     -8.495466     -8.495466
   3.07790     -8.495882     -8.495881
   3.01918     -8.496328     -8.496328
   2.96047     -8.496768     -8.496767
   2.90176     -8.497168     -8.497168
   2.84304     -8.497486     -8.497486
   2.78433     -8.497692     -8.497692
   2.72561     -8.497764     -8.497763
   2.72561     -8.497758     -8.497757
   2.67090     -8.497698     -8.497697
   2.61618     -8.497524     -8.497523
   2.56146     -8.497252     -8.497251
   2.50675     -8.496903     -8.496902
   2.45203     -8.496508     -8.496507
   2.39731     -8.496097     -8.496096
   2.34260     -8.495698     -8.495697
   2.28788     -8.495339     -8.495338
   2.23316     -8.495041     -8.495040
   2.17845     -8.494851     -8.494850
   2.12373     -8.494881     -8.494880
   2.06901     -8.494885     -8.494886
   2.06901     -8.494885     -8.494886
   2.01427     -8.494877     -8.494877
   1.95952     -8.494846     -8.494846
   1.90477     -8.495043     -8.495043
   1.85002     -8.495342     -8.495341
   1.79528     -8.495701     -8.495701
   1.74053     -8.496101     -8.496100
   1.68578     -8.496512     -8.496512
   1.63103     -8.496908     -8.496907
   1.57629     -8.497257     -8.497257
   1.52154     -8.497530     -8.497529
   1.46679     -8.497704     -8.497703
   1.41204     -8.497764     -8.497763
   1.41204     -8.497758     -8.497757
   1.35336     -8.497686     -8.497686
   1.29467     -8.497481     -8.497480
   1.23599     -8.497163     -8.497162
   1.17730     -8.496763     -8.496762
   1.11861     -8.496324     -8.496323
   1.05993     -8.495878     -8.495878
   1.00124     -8.495463     -8.495462
   0.94255     -8.495115     -8.495115
   0.88387     -8.494851     -8.494851
   0.82518     -8.494879     -8.494878
   0.76649     -8.494885     -8.494886
   0.76649     -8.494885     -8.494886
   0.73632     -8.494885     -8.494886
   0.70615     -8.494885     -8.494886
   0.67598     -8.494884     -8.494885
   0.64581     -8.494884     -8.494885
   0.64581     -8.497775     -8.497774
   0.58710     -8.497703     -8.497702
   0.52839     -8.497496     -8.497496
   0.46968     -8.497177     -8.497177
   0.41097     -8.496776     -8.496775
   0.35226     -8.496335     -8.496334
   0.29355     -8.495887     -8.495887
   0.23484     -8.495470     -8.495470
   0.17613     -8.495121     -8.495120
   0.11742     -8.494856     -8.494855
   0.05871     -8.494872     -8.494873
   0.00000     -8.494885     -8.494886
 
# Band-Index   65
   0.00000     -8.494638     -8.494637
   0.05871     -8.494692     -8.494691
   0.11742     -8.494835     -8.494836
   0.17613     -8.494778     -8.494779
   0.23484     -8.494704     -8.494705
   0.29355     -8.494621     -8.494622
   0.35226     -8.494530     -8.494531
   0.41097     -8.494439     -8.494440
   0.46968     -8.494361     -8.494362
   0.52839     -8.494300     -8.494300
   0.58710     -8.494261     -8.494262
   0.64581     -8.494247     -8.494248
   0.64581     -8.494637     -8.494637
   0.67598     -8.494637     -8.494637
   0.70615     -8.494638     -8.494637
   0.73632     -8.494638     -8.494638
   0.76649     -8.494638     -8.494637
   0.76649     -8.494638     -8.494637
   0.82518     -8.494688     -8.494687
   0.88387     -8.494844     -8.494843
   0.94255     -8.494789     -8.494788
   1.00124     -8.494717     -8.494716
   1.05993     -8.494637     -8.494636
   1.11861     -8.494550     -8.494549
   1.17730     -8.494463     -8.494461
   1.23599     -8.494387     -8.494386
   1.29467     -8.494328     -8.494326
   1.35336     -8.494290     -8.494289
   1.41204     -8.494277     -8.494276
   1.41204     -8.494254     -8.494254
   1.46679     -8.494265     -8.494265
   1.52154     -8.494298     -8.494298
   1.57629     -8.494350     -8.494350
   1.63103     -8.494417     -8.494417
   1.68578     -8.494495     -8.494495
   1.74053     -8.494578     -8.494578
   1.79528     -8.494659     -8.494659
   1.85002     -8.494734     -8.494734
   1.90477     -8.494798     -8.494798
   1.95952     -8.494819     -8.494819
   2.01427     -8.494682     -8.494681
   2.06901     -8.494638     -8.494637
   2.06901     -8.494638     -8.494637
   2.12373     -8.494679     -8.494679
   2.17845     -8.494817     -8.494816
   2.23316     -8.494805     -8.494803
   2.28788     -8.494743     -8.494741
   2.34260     -8.494670     -8.494669
   2.39731     -8.494592     -8.494590
   2.45203     -8.494511     -8.494510
   2.50675     -8.494435     -8.494434
   2.56146     -8.494370     -8.494369
   2.61618     -8.494320     -8.494319
   2.67090     -8.494288     -8.494287
   2.72561     -8.494277     -8.494276
   2.72561     -8.494254     -8.494254
   2.78433     -8.494268     -8.494267
   2.84304     -8.494306     -8.494306
   2.90176     -8.494367     -8.494367
   2.96047     -8.494445     -8.494445
   3.01918     -8.494536     -8.494535
   3.07790     -8.494625     -8.494625
   3.13661     -8.494708     -8.494708
   3.19533     -8.494782     -8.494782
   3.25404     -8.494839     -8.494839
   3.31275     -8.494690     -8.494690
   3.37147     -8.494638     -8.494637
   3.37147     -8.494638     -8.494637
   3.42621     -8.494683     -8.494682
   3.48095     -8.494821     -8.494820
   3.53570     -8.494794     -8.494795
   3.59044     -8.494730     -8.494731
   3.64518     -8.494655     -8.494656
   3.69993     -8.494573     -8.494574
   3.75467     -8.494490     -8.494491
   3.80941     -8.494411     -8.494412
   3.86416     -8.494344     -8.494345
   3.91890     -8.494292     -8.494293
   3.97364     -8.494259     -8.494259
   4.02838     -8.494247     -8.494248
 
# Band-Index   66
   4.02838     -8.494001     -8.494000
   3.97364     -8.494012     -8.494011
   3.91890     -8.494045     -8.494045
   3.86416     -8.494097     -8.494096
   3.80941     -8.494164     -8.494163
   3.75467     -8.494242     -8.494241
   3.69993     -8.494325     -8.494324
   3.64518     -8.494406     -8.494405
   3.59044     -8.494481     -8.494480
   3.53570     -8.494544     -8.494544
   3.48095     -8.494592     -8.494592
   3.42621     -8.494623     -8.494622
   3.37147     -8.494634     -8.494633
   3.37147     -8.494634     -8.494633
   3.31275     -8.494622     -8.494621
   3.25404     -8.494585     -8.494585
   3.19533     -8.494528     -8.494528
   3.13661     -8.494454     -8.494453
   3.07790     -8.494371     -8.494370
   3.01918     -8.494281     -8.494280
   2.96047     -8.494190     -8.494189
   2.90176     -8.494112     -8.494111
   2.84304     -8.494051     -8.494050
   2.78433     -8.494012     -8.494011
   2.72561     -8.493998     -8.493997
   2.72561     -8.494025     -8.494024
   2.67090     -8.494036     -8.494035
   2.61618     -8.494068     -8.494067
   2.56146     -8.494118     -8.494117
   2.50675     -8.494183     -8.494182
   2.45203     -8.494258     -8.494258
   2.39731     -8.494338     -8.494338
   2.34260     -8.494417     -8.494416
   2.28788     -8.494489     -8.494488
   2.23316     -8.494551     -8.494550
   2.17845     -8.494597     -8.494597
   2.12373     -8.494627     -8.494626
   2.06901     -8.494634     -8.494633
   2.06901     -8.494634     -8.494633
   2.01427     -8.494624     -8.494623
   1.95952     -8.494593     -8.494592
   1.90477     -8.494544     -8.494544
   1.85002     -8.494480     -8.494480
   1.79528     -8.494405     -8.494404
   1.74053     -8.494324     -8.494323
   1.68578     -8.494241     -8.494240
   1.63103     -8.494162     -8.494161
   1.57629     -8.494095     -8.494094
   1.52154     -8.494043     -8.494042
   1.46679     -8.494010     -8.494009
   1.41204     -8.493998     -8.493998
   1.41204     -8.494025     -8.494024
   1.35336     -8.494038     -8.494037
   1.29467     -8.494075     -8.494075
   1.23599     -8.494135     -8.494134
   1.17730     -8.494210     -8.494209
   1.11861     -8.494297     -8.494297
   1.05993     -8.494384     -8.494383
   1.00124     -8.494463     -8.494463
   0.94255     -8.494535     -8.494535
   0.88387     -8.494590     -8.494589
   0.82518     -8.494625     -8.494624
   0.76649     -8.494634     -8.494633
   0.76649     -8.494634     -8.494633
   0.73632     -8.494634     -8.494634
   0.70615     -8.494634     -8.494633
   0.67598     -8.494634     -8.494633
   0.64581     -8.494634     -8.494633
   0.64581     -8.494001     -8.494000
   0.58710     -8.494014     -8.494014
   0.52839     -8.494053     -8.494052
   0.46968     -8.494114     -8.494113
   0.41097     -8.494192     -8.494191
   0.35226     -8.494282     -8.494282
   0.29355     -8.494372     -8.494371
   0.23484     -8.494454     -8.494453
   0.17613     -8.494528     -8.494528
   0.11742     -8.494585     -8.494584
   0.05871     -8.494621     -8.494620
   0.00000     -8.494634     -8.494633
 
# Band-Index   67
   0.00000     -7.972946     -7.972945
   0.05871     -7.971061     -7.971060
   0.11742     -7.965530     -7.965529
   0.17613     -7.956725     -7.956724
   0.23484     -7.945254     -7.945253
   0.29355     -7.931946     -7.931945
   0.35226     -7.917800     -7.917798
   0.41097     -7.903935     -7.903933
   0.46968     -7.891517     -7.891515
   0.52839     -7.881650     -7.881647
   0.58710     -7.875285     -7.875282
   0.64581     -7.873085     -7.873082
   0.64581     -7.966496     -7.966494
   0.67598     -7.967832     -7.967831
   0.70615     -7.970314     -7.970313
   0.73632     -7.972248     -7.972247
   0.76649     -7.972946     -7.972945
   0.76649     -7.972946     -7.972945
   0.82518     -7.971060     -7.971060
   0.88387     -7.965529     -7.965528
   0.94255     -7.956723     -7.956722
   1.00124     -7.945250     -7.945249
   1.05993     -7.931940     -7.931939
   1.11861     -7.917791     -7.917789
   1.17730     -7.903924     -7.903922
   1.23599     -7.891504     -7.891501
   1.29467     -7.881636     -7.881633
   1.35336     -7.875272     -7.875269
   1.41204     -7.873072     -7.873069
   1.41204     -7.873410     -7.873407
   1.46679     -7.875030     -7.875027
   1.52154     -7.879825     -7.879822
   1.57629     -7.887575     -7.887572
   1.63103     -7.897861     -7.897859
   1.68578     -7.910007     -7.910005
   1.74053     -7.923109     -7.923107
   1.79528     -7.936173     -7.936172
   1.85002     -7.948261     -7.948260
   1.90477     -7.958553     -7.958552
   1.95952     -7.966386     -7.966385
   2.01427     -7.971282     -7.971281
   2.06901     -7.972946     -7.972945
   2.06901     -7.972946     -7.972945
   2.12373     -7.971283     -7.971282
   2.17845     -7.966395     -7.966394
   2.23316     -7.958590     -7.958589
   2.28788     -7.948367     -7.948365
   2.34260     -7.936405     -7.936404
   2.39731     -7.923521     -7.923519
   2.45203     -7.910606     -7.910604
   2.50675     -7.898557     -7.898555
   2.56146     -7.888188     -7.888185
   2.61618     -7.880200     -7.880197
   2.67090     -7.875154     -7.875151
   2.72561     -7.873429     -7.873426
   2.72561     -7.873063     -7.873060
   2.78433     -7.875264     -7.875261
   2.84304     -7.881629     -7.881626
   2.90176     -7.891498     -7.891496
   2.96047     -7.903919     -7.903917
   3.01918     -7.917786     -7.917784
   3.07790     -7.931936     -7.931934
   3.13661     -7.945246     -7.945245
   3.19533     -7.956721     -7.956720
   3.25404     -7.965527     -7.965526
   3.31275     -7.971060     -7.971059
   3.37147     -7.972946     -7.972945
   3.37147     -7.972946     -7.972945
   3.42621     -7.971282     -7.971281
   3.48095     -7.966388     -7.966387
   3.53570     -7.958556     -7.958555
   3.59044     -7.948266     -7.948265
   3.64518     -7.936181     -7.936180
   3.69993     -7.923119     -7.923117
   3.75467     -7.910020     -7.910018
   3.80941     -7.897877     -7.897875
   3.86416     -7.887593     -7.887591
   3.91890     -7.879846     -7.879843
   3.97364     -7.875052     -7.875049
   4.02838     -7.873433     -7.873430
 
# Band-Index   68
   4.02838     -7.853714     -7.853715
   3.97364     -7.856015     -7.856016
   3.91890     -7.861985     -7.861986
   3.86416     -7.870402     -7.870404
   3.80941     -7.880334     -7.880336
   3.75467     -7.890981     -7.890982
   3.69993     -7.901663     -7.901664
   3.64518     -7.911767     -7.911768
   3.59044     -7.920739     -7.920739
   3.53570     -7.928101     -7.928102
   3.48095     -7.933508     -7.933508
   3.42621     -7.936775     -7.936775
   3.37147     -7.937862     -7.937862
   3.37147     -7.937862     -7.937862
   3.31275     -7.936241     -7.936241
   3.25404     -7.931498     -7.931498
   3.19533     -7.923978     -7.923978
   3.13661     -7.914235     -7.914235
   3.07790     -7.903016     -7.903016
   3.01918     -7.891201     -7.891201
   2.96047     -7.879753     -7.879753
   2.90176     -7.869632     -7.869632
   2.84304     -7.861703     -7.861704
   2.78433     -7.856654     -7.856656
   2.72561     -7.854923     -7.854925
   2.72561     -7.853519     -7.853520
   2.67090     -7.855471     -7.855473
   2.61618     -7.860868     -7.860870
   2.56146     -7.868912     -7.868913
   2.50675     -7.878801     -7.878802
   2.45203     -7.889695     -7.889696
   2.39731     -7.900757     -7.900758
   2.34260     -7.911226     -7.911227
   2.28788     -7.920468     -7.920469
   2.23316     -7.927995     -7.927995
   2.17845     -7.933479     -7.933479
   2.12373     -7.936771     -7.936771
   2.06901     -7.937862     -7.937862
   2.06901     -7.937862     -7.937862
   2.01427     -7.936774     -7.936774
   1.95952     -7.933505     -7.933505
   1.90477     -7.928096     -7.928097
   1.85002     -7.920730     -7.920731
   1.79528     -7.911755     -7.911756
   1.74053     -7.901647     -7.901648
   1.68578     -7.890962     -7.890963
   1.63103     -7.880313     -7.880314
   1.57629     -7.870379     -7.870381
   1.52154     -7.861961     -7.861963
   1.46679     -7.855993     -7.855995
   1.41204     -7.853694     -7.853695
   1.41204     -7.854813     -7.854814
   1.35336     -7.856549     -7.856551
   1.29467     -7.861611     -7.861612
   1.23599     -7.869558     -7.869558
   1.17730     -7.879696     -7.879697
   1.11861     -7.891161     -7.891161
   1.05993     -7.902989     -7.902989
   1.00124     -7.914219     -7.914219
   0.94255     -7.923969     -7.923969
   0.88387     -7.931495     -7.931495
   0.82518     -7.936240     -7.936240
   0.76649     -7.937862     -7.937862
   0.76649     -7.937862     -7.937862
   0.73632     -7.940065     -7.940065
   0.70615     -7.944521     -7.944521
   0.67598     -7.948852     -7.948853
   0.64581     -7.950845     -7.950846
   0.64581     -7.854948     -7.854950
   0.58710     -7.856679     -7.856680
   0.52839     -7.861725     -7.861726
   0.46968     -7.869651     -7.869652
   0.41097     -7.879769     -7.879770
   0.35226     -7.891214     -7.891215
   0.29355     -7.903025     -7.903026
   0.23484     -7.914242     -7.914242
   0.17613     -7.923982     -7.923982
   0.11742     -7.931500     -7.931500
   0.05871     -7.936242     -7.936242
   0.00000     -7.937862     -7.937862
 
# Band-Index   69
   0.00000     -7.926379     -7.926381
   0.05871     -7.924791     -7.924793
   0.11742     -7.920147     -7.920148
   0.17613     -7.912798     -7.912799
   0.23484     -7.903309     -7.903310
   0.29355     -7.892436     -7.892437
   0.35226     -7.881065     -7.881066
   0.41097     -7.870143     -7.870145
   0.46968     -7.860590     -7.860592
   0.52839     -7.853194     -7.853195
   0.58710     -7.848533     -7.848534
   0.64581     -7.846944     -7.846946
   0.64581     -7.919809     -7.919810
   0.67598     -7.920470     -7.920471
   0.70615     -7.922334     -7.922335
   0.73632     -7.924877     -7.924878
   0.76649     -7.926379     -7.926381
   0.76649     -7.926379     -7.926381
   0.82518     -7.924791     -7.924792
   0.88387     -7.920145     -7.920147
   0.94255     -7.912794     -7.912795
   1.00124     -7.903302     -7.903303
   1.05993     -7.892424     -7.892426
   1.11861     -7.881048     -7.881049
   1.17730     -7.870121     -7.870123
   1.23599     -7.860565     -7.860567
   1.29467     -7.853166     -7.853168
   1.35336     -7.848505     -7.848507
   1.41204     -7.846916     -7.846918
   1.41204     -7.847799     -7.847801
   1.46679     -7.848522     -7.848524
   1.52154     -7.851348     -7.851349
   1.57629     -7.856692     -7.856693
   1.63103     -7.864308     -7.864310
   1.68578     -7.873643     -7.873644
   1.74053     -7.883993     -7.883994
   1.79528     -7.894591     -7.894592
   1.85002     -7.904667     -7.904668
   1.90477     -7.913493     -7.913494
   1.95952     -7.920408     -7.920410
   2.01427     -7.924845     -7.924847
   2.06901     -7.926379     -7.926381
   2.06901     -7.926379     -7.926381
   2.12373     -7.924847     -7.924849
   2.17845     -7.920425     -7.920426
   2.23316     -7.913554     -7.913555
   2.28788     -7.904815     -7.904816
   2.34260     -7.894872     -7.894874
   2.39731     -7.884445     -7.884446
   2.45203     -7.874270     -7.874272
   2.50675     -7.865068     -7.865069
   2.56146     -7.857473     -7.857474
   2.61618     -7.851978     -7.851979
   2.67090     -7.848821     -7.848823
   2.72561     -7.847854     -7.847855
   2.72561     -7.846917     -7.846918
   2.78433     -7.848506     -7.848508
   2.84304     -7.853168     -7.853170
   2.90176     -7.860568     -7.860569
   2.96047     -7.870123     -7.870125
   3.01918     -7.881049     -7.881050
   3.07790     -7.892424     -7.892425
   3.13661     -7.903300     -7.903302
   3.19533     -7.912793     -7.912794
   3.25404     -7.920144     -7.920146
   3.31275     -7.924790     -7.924792
   3.37147     -7.926379     -7.926381
   3.37147     -7.926379     -7.926381
   3.42621     -7.924846     -7.924847
   3.48095     -7.920410     -7.920411
   3.53570     -7.913496     -7.913497
   3.59044     -7.904673     -7.904674
   3.64518     -7.894599     -7.894600
   3.69993     -7.884004     -7.884006
   3.75467     -7.873658     -7.873659
   3.80941     -7.864327     -7.864328
   3.86416     -7.856714     -7.856715
   3.91890     -7.851373     -7.851375
   3.97364     -7.848551     -7.848552
   4.02838     -7.847830     -7.847832
 
# Band-Index   70
   4.02838     -3.324346     -3.324344
   3.97364     -3.326681     -3.326679
   3.91890     -3.333535     -3.333533
   3.86416     -3.344812     -3.344810
   3.80941     -3.362503     -3.362501
   3.75467     -3.388527     -3.388525
   3.69993     -3.417347     -3.417345
   3.64518     -3.445253     -3.445251
   3.59044     -3.470296     -3.470294
   3.53570     -3.491107     -3.491105
   3.48095     -3.506664     -3.506662
   3.42621     -3.516271     -3.516269
   3.37147     -3.519518     -3.519517
   3.37147     -3.519518     -3.519517
   3.31275     -3.515960     -3.515958
   3.25404     -3.505485     -3.505483
   3.19533     -3.488700     -3.488698
   3.13661     -3.466613     -3.466611
   3.07790     -3.440645     -3.440643
   3.01918     -3.412532     -3.412530
   2.96047     -3.384314     -3.384312
   2.90176     -3.358218     -3.358216
   2.84304     -3.336434     -3.336432
   2.78433     -3.321166     -3.321163
   2.72561     -3.315276     -3.315274
   2.72561     -3.325325     -3.325323
   2.67090     -3.328711     -3.328708
   2.61618     -3.338624     -3.338622
   2.56146     -3.354348     -3.354346
   2.50675     -3.374751     -3.374748
   2.45203     -3.398378     -3.398376
   2.39731     -3.423583     -3.423581
   2.34260     -3.448636     -3.448634
   2.28788     -3.471843     -3.471841
   2.23316     -3.491664     -3.491663
   2.17845     -3.506805     -3.506803
   2.12373     -3.516290     -3.516288
   2.06901     -3.519518     -3.519517
   2.06901     -3.519518     -3.519517
   2.01427     -3.516270     -3.516268
   1.95952     -3.506662     -3.506660
   1.90477     -3.491102     -3.491100
   1.85002     -3.470288     -3.470286
   1.79528     -3.445239     -3.445237
   1.74053     -3.417326     -3.417324
   1.68578     -3.388493     -3.388491
   1.63103     -3.362438     -3.362436
   1.57629     -3.344716     -3.344714
   1.52154     -3.333429     -3.333427
   1.46679     -3.326571     -3.326568
   1.41204     -3.324234     -3.324232
   1.41204     -3.316030     -3.316028
   1.35336     -3.321877     -3.321875
   1.29467     -3.337070     -3.337068
   1.23599     -3.358770     -3.358767
   1.17730     -3.384774     -3.384771
   1.11861     -3.412896     -3.412894
   1.05993     -3.440913     -3.440911
   1.00124     -3.466794     -3.466792
   0.94255     -3.488805     -3.488803
   0.88387     -3.505533     -3.505531
   0.82518     -3.515972     -3.515970
   0.76649     -3.519518     -3.519517
   0.76649     -3.519518     -3.519517
   0.73632     -3.517212     -3.517210
   0.70615     -3.510436     -3.510434
   0.67598     -3.499889     -3.499887
   0.64581     -3.490703     -3.490701
   0.64581     -3.315393     -3.315390
   0.58710     -3.321268     -3.321266
   0.52839     -3.336517     -3.336515
   0.46968     -3.358285     -3.358283
   0.41097     -3.384366     -3.384364
   0.35226     -3.412571     -3.412569
   0.29355     -3.440673     -3.440671
   0.23484     -3.466631     -3.466629
   0.17613     -3.488710     -3.488708
   0.11742     -3.505490     -3.505488
   0.05871     -3.515961     -3.515959
   0.00000     -3.519518     -3.519517
 
# Band-Index   71
   0.00000     -3.410582     -3.410579
   0.05871     -3.408255     -3.408253
   0.11742     -3.401403     -3.401401
   0.17613     -3.390479     -3.390476
   0.23484     -3.376367     -3.376365
   0.29355     -3.360398     -3.360395
   0.35226     -3.343999     -3.343996
   0.41097     -3.328549     -3.328546
   0.46968     -3.315438     -3.315436
   0.52839     -3.305973     -3.305971
   0.58710     -3.301039     -3.301037
   0.64581     -3.299926     -3.299924
   0.64581     -3.475880     -3.475878
   0.67598     -3.463783     -3.463781
   0.70615     -3.444771     -3.444769
   0.73632     -3.424926     -3.424924
   0.76649     -3.410582     -3.410579
   0.76649     -3.410582     -3.410579
   0.82518     -3.408251     -3.408248
   0.88387     -3.401396     -3.401393
   0.94255     -3.390494     -3.390491
   1.00124     -3.376455     -3.376453
   1.05993     -3.360609     -3.360607
   1.11861     -3.344341     -3.344339
   1.17730     -3.328999     -3.328996
   1.23599     -3.315961     -3.315959
   1.29467     -3.306536     -3.306534
   1.35336     -3.301610     -3.301608
   1.41204     -3.300488     -3.300486
   1.41204     -3.277534     -3.277532
   1.46679     -3.285326     -3.285324
   1.52154     -3.302582     -3.302580
   1.57629     -3.324782     -3.324780
   1.63103     -3.346864     -3.346862
   1.68578     -3.363771     -3.363769
   1.74053     -3.377943     -3.377940
   1.79528     -3.390216     -3.390213
   1.85002     -3.400088     -3.400086
   1.90477     -3.407008     -3.407006
   1.95952     -3.410657     -3.410655
   2.01427     -3.411237     -3.411235
   2.06901     -3.410582     -3.410579
   2.06901     -3.410582     -3.410579
   2.12373     -3.411157     -3.411154
   2.17845     -3.410050     -3.410048
   2.23316     -3.405003     -3.405001
   2.28788     -3.395506     -3.395504
   2.34260     -3.381778     -3.381775
   2.39731     -3.364562     -3.364560
   2.45203     -3.345097     -3.345095
   2.50675     -3.325029     -3.325027
   2.56146     -3.306264     -3.306262
   2.61618     -3.290777     -3.290774
   2.67090     -3.280392     -3.280390
   2.72561     -3.276678     -3.276675
   2.72561     -3.299897     -3.299895
   2.78433     -3.301000     -3.300998
   2.84304     -3.305926     -3.305924
   2.90176     -3.315391     -3.315389
   2.96047     -3.328507     -3.328505
   3.01918     -3.343966     -3.343964
   3.07790     -3.360377     -3.360374
   3.13661     -3.376355     -3.376353
   3.19533     -3.390474     -3.390471
   3.25404     -3.401402     -3.401399
   3.31275     -3.408255     -3.408252
   3.37147     -3.410582     -3.410579
   3.37147     -3.410582     -3.410579
   3.42621     -3.411241     -3.411239
   3.48095     -3.410669     -3.410667
   3.53570     -3.407029     -3.407027
   3.59044     -3.400118     -3.400116
   3.64518     -3.390255     -3.390253
   3.69993     -3.377990     -3.377988
   3.75467     -3.363821     -3.363819
   3.80941     -3.346897     -3.346895
   3.86416     -3.324794     -3.324792
   3.91890     -3.302589     -3.302587
   3.97364     -3.285316     -3.285314
   4.02838     -3.277492     -3.277490
 
# Band-Index   72
   4.02838     -3.264828     -3.264826
   3.97364     -3.263722     -3.263719
   3.91890     -3.265825     -3.265822
   3.86416     -3.273166     -3.273163
   3.80941     -3.285023     -3.285020
   3.75467     -3.300194     -3.300191
   3.69993     -3.317384     -3.317382
   3.64518     -3.335346     -3.335344
   3.59044     -3.352927     -3.352925
   3.53570     -3.369089     -3.369087
   3.48095     -3.382866     -3.382863
   3.42621     -3.393115     -3.393113
   3.37147     -3.397444     -3.397442
   3.37147     -3.397444     -3.397442
   3.31275     -3.395119     -3.395117
   3.25404     -3.388263     -3.388261
   3.19533     -3.377178     -3.377176
   3.13661     -3.362255     -3.362253
   3.07790     -3.344036     -3.344034
   3.01918     -3.323458     -3.323456
   2.96047     -3.302118     -3.302116
   2.90176     -3.282104     -3.282102
   2.84304     -3.265631     -3.265629
   2.78433     -3.254749     -3.254747
   2.72561     -3.250940     -3.250938
   2.72561     -3.265761     -3.265759
   2.67090     -3.267709     -3.267706
   2.61618     -3.273629     -3.273627
   2.56146     -3.283210     -3.283207
   2.50675     -3.295626     -3.295624
   2.45203     -3.309936     -3.309933
   2.39731     -3.325287     -3.325285
   2.34260     -3.340965     -3.340963
   2.28788     -3.356332     -3.356330
   2.23316     -3.370744     -3.370742
   2.17845     -3.383422     -3.383419
   2.12373     -3.393200     -3.393198
   2.06901     -3.397444     -3.397442
   2.06901     -3.397444     -3.397442
   2.01427     -3.393117     -3.393115
   1.95952     -3.382870     -3.382868
   1.90477     -3.369094     -3.369092
   1.85002     -3.352930     -3.352928
   1.79528     -3.335345     -3.335342
   1.74053     -3.317376     -3.317374
   1.68578     -3.300177     -3.300174
   1.63103     -3.284995     -3.284993
   1.57629     -3.273126     -3.273124
   1.52154     -3.265770     -3.265768
   1.46679     -3.263643     -3.263641
   1.41204     -3.264716     -3.264714
   1.41204     -3.250862     -3.250860
   1.35336     -3.254670     -3.254667
   1.29467     -3.265550     -3.265548
   1.23599     -3.282026     -3.282023
   1.17730     -3.302055     -3.302053
   1.11861     -3.323431     -3.323429
   1.05993     -3.344067     -3.344064
   1.00124     -3.362334     -3.362332
   0.94255     -3.377264     -3.377262
   0.88387     -3.388317     -3.388315
   0.82518     -3.395135     -3.395133
   0.76649     -3.397444     -3.397442
   0.76649     -3.397444     -3.397442
   0.73632     -3.385285     -3.385283
   0.70615     -3.371881     -3.371878
   0.67598     -3.363094     -3.363091
   0.64581     -3.360047     -3.360045
   0.64581     -3.250977     -3.250975
   0.58710     -3.254784     -3.254782
   0.52839     -3.265663     -3.265661
   0.46968     -3.282132     -3.282129
   0.41097     -3.302141     -3.302138
   0.35226     -3.323476     -3.323474
   0.29355     -3.344052     -3.344049
   0.23484     -3.362268     -3.362266
   0.17613     -3.377187     -3.377185
   0.11742     -3.388267     -3.388265
   0.05871     -3.395121     -3.395119
   0.00000     -3.397444     -3.397442
 
# Band-Index   73
   0.00000     -1.537270     -1.537269
   0.05871     -1.535864     -1.535863
   0.11742     -1.532564     -1.532564
   0.17613     -1.531760     -1.531759
   0.23484     -1.544036     -1.544036
   0.29355     -1.579819     -1.579819
   0.35226     -1.637863     -1.637863
   0.41097     -1.704597     -1.704597
   0.46968     -1.766515     -1.766514
   0.52839     -1.815114     -1.815114
   0.58710     -1.845814     -1.845813
   0.64581     -1.856296     -1.856295
   0.64581     -1.629845     -1.629845
   0.67598     -1.623077     -1.623077
   0.70615     -1.603242     -1.603242
   0.73632     -1.571852     -1.571851
   0.76649     -1.537270     -1.537269
   0.76649     -1.537270     -1.537269
   0.82518     -1.535860     -1.535859
   0.88387     -1.532598     -1.532598
   0.94255     -1.531925     -1.531925
   1.00124     -1.544153     -1.544153
   1.05993     -1.579647     -1.579647
   1.11861     -1.637434     -1.637434
   1.17730     -1.704053     -1.704052
   1.23599     -1.765952     -1.765951
   1.29467     -1.814555     -1.814554
   1.35336     -1.845256     -1.845255
   1.41204     -1.855738     -1.855736
   1.41204     -1.840517     -1.840515
   1.46679     -1.831612     -1.831610
   1.52154     -1.805457     -1.805455
   1.57629     -1.763038     -1.763035
   1.63103     -1.704845     -1.704843
   1.68578     -1.634698     -1.634695
   1.74053     -1.591443     -1.591442
   1.79528     -1.574072     -1.574072
   1.85002     -1.566182     -1.566182
   1.90477     -1.560696     -1.560695
   1.95952     -1.554022     -1.554021
   2.01427     -1.544913     -1.544913
   2.06901     -1.537270     -1.537269
   2.06901     -1.537270     -1.537269
   2.12373     -1.544626     -1.544625
   2.17845     -1.551878     -1.551878
   2.23316     -1.553515     -1.553514
   2.28788     -1.548685     -1.548684
   2.34260     -1.539332     -1.539331
   2.39731     -1.593893     -1.593891
   2.45203     -1.662278     -1.662276
   2.50675     -1.726060     -1.726058
   2.56146     -1.777672     -1.777670
   2.61618     -1.813833     -1.813830
   2.67090     -1.835220     -1.835217
   2.72561     -1.842602     -1.842599
   2.72561     -1.856253     -1.856252
   2.78433     -1.845773     -1.845772
   2.84304     -1.815075     -1.815074
   2.90176     -1.766476     -1.766475
   2.96047     -1.704554     -1.704553
   3.01918     -1.637811     -1.637810
   3.07790     -1.579760     -1.579759
   3.13661     -1.543983     -1.543982
   3.19533     -1.531728     -1.531728
   3.25404     -1.532555     -1.532554
   3.31275     -1.535863     -1.535862
   3.37147     -1.537270     -1.537269
   3.37147     -1.537270     -1.537269
   3.42621     -1.544922     -1.544921
   3.48095     -1.554041     -1.554041
   3.53570     -1.560726     -1.560726
   3.59044     -1.566223     -1.566223
   3.64518     -1.574122     -1.574121
   3.69993     -1.591496     -1.591495
   3.75467     -1.634784     -1.634780
   3.80941     -1.704954     -1.704950
   3.86416     -1.763163     -1.763160
   3.91890     -1.805601     -1.805598
   3.97364     -1.831764     -1.831762
   4.02838     -1.840670     -1.840668
 
# Band-Index   74
   4.02838     -1.816937     -1.816939
   3.97364     -1.811410     -1.811413
   3.91890     -1.789125     -1.789128
   3.86416     -1.747629     -1.747632
   3.80941     -1.689143     -1.689146
   3.75467     -1.620640     -1.620643
   3.69993     -1.554514     -1.554513
   3.64518     -1.497737     -1.497737
   3.59044     -1.474678     -1.474678
   3.53570     -1.478957     -1.478957
   3.48095     -1.494292     -1.494292
   3.42621     -1.511385     -1.511385
   3.37147     -1.522077     -1.522077
   3.37147     -1.522077     -1.522077
   3.31275     -1.520838     -1.520838
   3.25404     -1.517861     -1.517862
   3.19533     -1.514631     -1.514631
   3.13661     -1.513345     -1.513345
   3.07790     -1.525107     -1.525107
   3.01918     -1.576321     -1.576320
   2.96047     -1.662530     -1.662530
   2.90176     -1.731395     -1.731395
   2.84304     -1.779346     -1.779346
   2.78433     -1.805604     -1.805603
   2.72561     -1.812513     -1.812513
   2.72561     -1.815871     -1.815871
   2.67090     -1.816631     -1.816632
   2.61618     -1.797621     -1.797622
   2.56146     -1.757067     -1.757067
   2.50675     -1.698198     -1.698197
   2.45203     -1.623092     -1.623091
   2.39731     -1.534754     -1.534752
   2.34260     -1.531306     -1.531305
   2.28788     -1.496895     -1.496894
   2.23316     -1.488269     -1.488269
   2.17845     -1.496874     -1.496874
   2.12373     -1.511703     -1.511703
   2.06901     -1.522077     -1.522077
   2.06901     -1.522077     -1.522077
   2.01427     -1.511392     -1.511392
   1.95952     -1.494306     -1.494306
   1.90477     -1.478975     -1.478975
   1.85002     -1.474690     -1.474689
   1.79528     -1.497717     -1.497716
   1.74053     -1.554442     -1.554441
   1.68578     -1.620616     -1.620616
   1.63103     -1.689128     -1.689130
   1.57629     -1.747620     -1.747622
   1.52154     -1.789135     -1.789136
   1.46679     -1.811446     -1.811447
   1.41204     -1.817018     -1.817018
   1.41204     -1.815136     -1.815135
   1.35336     -1.807784     -1.807783
   1.29467     -1.781190     -1.781189
   1.23599     -1.733052     -1.733051
   1.17730     -1.664086     -1.664085
   1.11861     -1.577917     -1.577914
   1.05993     -1.525317     -1.525315
   1.00124     -1.513044     -1.513043
   0.94255     -1.514349     -1.514349
   0.88387     -1.517787     -1.517787
   0.82518     -1.520833     -1.520833
   0.76649     -1.522077     -1.522077
   0.76649     -1.522077     -1.522077
   0.73632     -1.480422     -1.480422
   0.70615     -1.427898     -1.427897
   0.67598     -1.374506     -1.374505
   0.64581     -1.329454     -1.329452
   0.64581     -1.812735     -1.812735
   0.58710     -1.805774     -1.805775
   0.52839     -1.779484     -1.779485
   0.46968     -1.731514     -1.731516
   0.41097     -1.662639     -1.662640
   0.35226     -1.576436     -1.576435
   0.29355     -1.525125     -1.525125
   0.23484     -1.513336     -1.513336
   0.17613     -1.514625     -1.514625
   0.11742     -1.517863     -1.517864
   0.05871     -1.520839     -1.520839
   0.00000     -1.522077     -1.522077
 
# Band-Index   75
   0.00000     -1.213301     -1.213300
   0.05871     -1.212254     -1.212253
   0.11742     -1.209353     -1.209352
   0.17613     -1.240674     -1.240673
   0.23484     -1.354958     -1.354958
   0.29355     -1.468608     -1.468609
   0.35226     -1.562752     -1.562755
   0.41097     -1.629076     -1.629078
   0.46968     -1.694698     -1.694700
   0.52839     -1.749137     -1.749139
   0.58710     -1.786459     -1.786462
   0.64581     -1.801034     -1.801038
   0.64581     -1.316813     -1.316814
   0.67598     -1.278028     -1.278027
   0.70615     -1.243242     -1.243241
   0.73632     -1.221089     -1.221088
   0.76649     -1.213301     -1.213300
   0.76649     -1.213301     -1.213300
   0.82518     -1.212245     -1.212244
   0.88387     -1.209319     -1.209319
   0.94255     -1.241735     -1.241731
   1.00124     -1.356004     -1.356001
   1.05993     -1.469622     -1.469621
   1.11861     -1.563188     -1.563189
   1.17730     -1.629994     -1.629993
   1.23599     -1.695775     -1.695775
   1.29467     -1.750220     -1.750220
   1.35336     -1.787357     -1.787357
   1.41204     -1.801582     -1.801583
   1.41204     -1.806088     -1.806089
   1.46679     -1.793571     -1.793572
   1.52154     -1.762473     -1.762474
   1.57629     -1.718744     -1.718744
   1.63103     -1.668413     -1.668414
   1.68578     -1.615926     -1.615928
   1.74053     -1.531937     -1.531937
   1.79528     -1.433288     -1.433287
   1.85002     -1.329408     -1.329407
   1.90477     -1.239769     -1.239768
   1.95952     -1.215131     -1.215130
   2.01427     -1.213352     -1.213351
   2.06901     -1.213301     -1.213300
   2.06901     -1.213301     -1.213300
   2.12373     -1.213342     -1.213341
   2.17845     -1.214936     -1.214935
   2.23316     -1.239563     -1.239560
   2.28788     -1.329820     -1.329817
   2.34260     -1.433730     -1.433727
   2.39731     -1.519305     -1.519305
   2.45203     -1.526923     -1.526921
   2.50675     -1.604803     -1.604802
   2.56146     -1.679376     -1.679375
   2.61618     -1.740635     -1.740635
   2.67090     -1.785159     -1.785159
   2.72561     -1.807201     -1.807202
   2.72561     -1.801046     -1.801047
   2.78433     -1.786421     -1.786422
   2.84304     -1.749071     -1.749072
   2.90176     -1.694626     -1.694627
   2.96047     -1.629014     -1.629014
   3.01918     -1.562734     -1.562735
   3.07790     -1.468541     -1.468540
   3.13661     -1.354882     -1.354881
   3.19533     -1.240588     -1.240586
   3.25404     -1.209348     -1.209347
   3.31275     -1.212253     -1.212252
   3.37147     -1.213301     -1.213300
   3.37147     -1.213301     -1.213300
   3.42621     -1.213355     -1.213354
   3.48095     -1.215150     -1.215149
   3.53570     -1.239851     -1.239849
   3.59044     -1.329488     -1.329488
   3.64518     -1.433351     -1.433351
   3.69993     -1.531978     -1.531981
   3.75467     -1.616004     -1.616008
   3.80941     -1.668493     -1.668495
   3.86416     -1.718826     -1.718828
   3.91890     -1.762564     -1.762567
   3.97364     -1.793688     -1.793691
   4.02838     -1.806251     -1.806254
 
# Band-Index   76
   4.02838     -1.310945     -1.310944
   3.97364     -1.332942     -1.332942
   3.91890     -1.357136     -1.357136
   3.86416     -1.375841     -1.375841
   3.80941     -1.384255     -1.384255
   3.75467     -1.374691     -1.374691
   3.69993     -1.338945     -1.338946
   3.64518     -1.278692     -1.278692
   3.59044     -1.211122     -1.211119
   3.53570     -1.185502     -1.185501
   3.48095     -1.122740     -1.122737
   3.42621     -1.064800     -1.064795
   3.37147     -1.044768     -1.044759
   3.37147     -1.044768     -1.044759
   3.31275     -1.068873     -1.068868
   3.25404     -1.139520     -1.139517
   3.19533     -1.205332     -1.205331
   3.13661     -1.247255     -1.247254
   3.07790     -1.318608     -1.318607
   3.01918     -1.353536     -1.353535
   2.96047     -1.354108     -1.354107
   2.90176     -1.338809     -1.338808
   2.84304     -1.317527     -1.317526
   2.78433     -1.294429     -1.294428
   2.72561     -1.276314     -1.276312
   2.72561     -1.312222     -1.312221
   2.67090     -1.347341     -1.347340
   2.61618     -1.387281     -1.387281
   2.56146     -1.424905     -1.424905
   2.50675     -1.458235     -1.458234
   2.45203     -1.479337     -1.479337
   2.39731     -1.416535     -1.416534
   2.34260     -1.321703     -1.321702
   2.28788     -1.228176     -1.228174
   2.23316     -1.186446     -1.186443
   2.17845     -1.124136     -1.124131
   2.12373     -1.065975     -1.065967
   2.06901     -1.044768     -1.044759
   2.06901     -1.044768     -1.044759
   2.01427     -1.064691     -1.064686
   1.95952     -1.122658     -1.122654
   1.90477     -1.185490     -1.185488
   1.85002     -1.211013     -1.211010
   1.79528     -1.278633     -1.278632
   1.74053     -1.338885     -1.338885
   1.68578     -1.374625     -1.374624
   1.63103     -1.384181     -1.384181
   1.57629     -1.375761     -1.375761
   1.52154     -1.357050     -1.357050
   1.46679     -1.332842     -1.332842
   1.41204     -1.310703     -1.310702
   1.41204     -1.274110     -1.274109
   1.35336     -1.292829     -1.292828
   1.29467     -1.315956     -1.315955
   1.23599     -1.337260     -1.337260
   1.17730     -1.352671     -1.352671
   1.11861     -1.352438     -1.352438
   1.05993     -1.318148     -1.318147
   1.00124     -1.247192     -1.247190
   0.94255     -1.205285     -1.205284
   0.88387     -1.140717     -1.140711
   0.82518     -1.070090     -1.070082
   0.76649     -1.044768     -1.044759
   0.76649     -1.044768     -1.044759
   0.73632     -1.044384     -1.044375
   0.70615     -1.043349     -1.043339
   0.67598     -1.042144     -1.042133
   0.64581     -1.041569     -1.041558
   0.64581     -1.276142     -1.276141
   0.58710     -1.294405     -1.294405
   0.52839     -1.317524     -1.317524
   0.46968     -1.338815     -1.338814
   0.41097     -1.354128     -1.354127
   0.35226     -1.353586     -1.353586
   0.29355     -1.318701     -1.318701
   0.23484     -1.247367     -1.247367
   0.17613     -1.205340     -1.205339
   0.11742     -1.139616     -1.139614
   0.05871     -1.068982     -1.068977
   0.00000     -1.044768     -1.044759
 
# Band-Index   77
   0.00000     -1.043208     -1.043203
   0.05871     -1.042391     -1.042383
   0.11742     -1.087607     -1.087606
   0.17613     -1.163257     -1.163256
   0.23484     -1.211501     -1.211503
   0.29355     -1.255771     -1.255771
   0.35226     -1.272164     -1.272164
   0.41097     -1.268436     -1.268435
   0.46968     -1.255061     -1.255061
   0.52839     -1.240323     -1.240322
   0.58710     -1.247437     -1.247436
   0.64581     -1.263873     -1.263873
   0.64581     -1.040092     -1.040085
   0.67598     -1.040653     -1.040646
   0.70615     -1.041827     -1.041821
   0.73632     -1.042835     -1.042829
   0.76649     -1.043208     -1.043203
   0.76649     -1.043208     -1.043203
   0.82518     -1.041292     -1.041286
   0.88387     -1.087465     -1.087461
   0.94255     -1.163213     -1.163210
   1.00124     -1.212967     -1.212964
   1.05993     -1.257316     -1.257313
   1.11861     -1.274042     -1.274040
   1.17730     -1.270564     -1.270562
   1.23599     -1.257364     -1.257363
   1.29467     -1.242524     -1.242522
   1.35336     -1.246784     -1.246783
   1.41204     -1.263426     -1.263427
   1.41204     -1.299779     -1.299779
   1.46679     -1.277607     -1.277607
   1.52154     -1.253138     -1.253137
   1.57629     -1.233096     -1.233095
   1.63103     -1.226268     -1.226266
   1.68578     -1.245394     -1.245393
   1.74053     -1.258918     -1.258917
   1.79528     -1.250153     -1.250153
   1.85002     -1.202938     -1.202938
   1.90477     -1.142773     -1.142771
   1.95952     -1.077808     -1.077806
   2.01427     -1.042805     -1.042797
   2.06901     -1.043208     -1.043203
   2.06901     -1.043208     -1.043203
   2.12373     -1.041514     -1.041509
   2.17845     -1.076163     -1.076158
   2.23316     -1.142848     -1.142845
   2.28788     -1.195644     -1.195644
   2.34260     -1.212494     -1.212491
   2.39731     -1.220010     -1.220008
   2.45203     -1.216225     -1.216223
   2.50675     -1.213154     -1.213152
   2.56146     -1.219037     -1.219036
   2.61618     -1.237849     -1.237848
   2.67090     -1.268209     -1.268209
   2.72561     -1.300571     -1.300571
   2.72561     -1.263607     -1.263608
   2.78433     -1.247293     -1.247293
   2.84304     -1.240161     -1.240160
   2.90176     -1.254970     -1.254969
   2.96047     -1.268368     -1.268367
   3.01918     -1.272114     -1.272113
   3.07790     -1.255730     -1.255729
   3.13661     -1.211431     -1.211431
   3.19533     -1.163144     -1.163142
   3.25404     -1.087512     -1.087509
   3.31275     -1.042507     -1.042498
   3.37147     -1.043208     -1.043203
   3.37147     -1.043208     -1.043203
   3.42621     -1.042689     -1.042682
   3.48095     -1.077910     -1.077910
   3.53570     -1.142880     -1.142879
   3.59044     -1.203000     -1.203003
   3.64518     -1.250246     -1.250246
   3.69993     -1.258969     -1.258969
   3.75467     -1.245408     -1.245407
   3.80941     -1.226178     -1.226177
   3.86416     -1.233076     -1.233076
   3.91890     -1.253148     -1.253149
   3.97364     -1.277616     -1.277617
   4.02838     -1.299650     -1.299650
 
# Band-Index   78
   4.02838     -1.164200     -1.164199
   3.97364     -1.168560     -1.168559
   3.91890     -1.180941     -1.180940
   3.86416     -1.199253     -1.199252
   3.80941     -1.213239     -1.213239
   3.75467     -1.205901     -1.205901
   3.69993     -1.200776     -1.200776
   3.64518     -1.198473     -1.198472
   3.59044     -1.194210     -1.194213
   3.53570     -1.126846     -1.126851
   3.48095     -1.062855     -1.062861
   3.42621     -1.031487     -1.031488
   3.37147     -1.014474     -1.014476
   3.37147     -1.014474     -1.014476
   3.31275     -1.034108     -1.034107
   3.25404     -1.073466     -1.073468
   3.19533     -1.142993     -1.142994
   3.13661     -1.199705     -1.199705
   3.07790     -1.197588     -1.197587
   3.01918     -1.197551     -1.197551
   2.96047     -1.201831     -1.201831
   2.90176     -1.211326     -1.211326
   2.84304     -1.224981     -1.224981
   2.78433     -1.223882     -1.223882
   2.72561     -1.219270     -1.219269
   2.72561     -1.162378     -1.162377
   2.67090     -1.163671     -1.163670
   2.61618     -1.167184     -1.167183
   2.56146     -1.172077     -1.172076
   2.50675     -1.177609     -1.177608
   2.45203     -1.183309     -1.183308
   2.39731     -1.188630     -1.188629
   2.34260     -1.192809     -1.192808
   2.28788     -1.179803     -1.179801
   2.23316     -1.125299     -1.125299
   2.17845     -1.064606     -1.064607
   2.12373     -1.030929     -1.030926
   2.06901     -1.014474     -1.014476
   2.06901     -1.014474     -1.014476
   2.01427     -1.031393     -1.031392
   1.95952     -1.062746     -1.062748
   1.90477     -1.126756     -1.126758
   1.85002     -1.194198     -1.194199
   1.79528     -1.198463     -1.198462
   1.74053     -1.200748     -1.200747
   1.68578     -1.205845     -1.205845
   1.63103     -1.213078     -1.213078
   1.57629     -1.199156     -1.199155
   1.52154     -1.180869     -1.180868
   1.46679     -1.168493     -1.168492
   1.41204     -1.164134     -1.164133
   1.41204     -1.221648     -1.221647
   1.35336     -1.225985     -1.225984
   1.29467     -1.224190     -1.224190
   1.23599     -1.210514     -1.210514
   1.17730     -1.201188     -1.201187
   1.11861     -1.197060     -1.197059
   1.05993     -1.197202     -1.197201
   1.00124     -1.199131     -1.199130
   0.94255     -1.143832     -1.143832
   0.88387     -1.074384     -1.074385
   0.82518     -1.034037     -1.034033
   0.76649     -1.014474     -1.014476
   0.76649     -1.014474     -1.014476
   0.73632     -1.016009     -1.016009
   0.70615     -1.019205     -1.019205
   0.67598     -1.022047     -1.022048
   0.64581     -1.023207     -1.023209
   0.64581     -1.219292     -1.219292
   0.58710     -1.223878     -1.223878
   0.52839     -1.224936     -1.224936
   0.46968     -1.211340     -1.211339
   0.41097     -1.201852     -1.201851
   0.35226     -1.197571     -1.197570
   0.29355     -1.197601     -1.197601
   0.23484     -1.199694     -1.199693
   0.17613     -1.143060     -1.143064
   0.11742     -1.073573     -1.073579
   0.05871     -1.034198     -1.034199
   0.00000     -1.014474     -1.014476
 
# Band-Index   79
   0.00000     -1.014313     -1.014310
   0.05871     -1.022361     -1.022368
   0.11742     -1.036819     -1.036811
   0.17613     -1.028007     -1.027999
   0.23484     -1.016674     -1.016666
   0.29355     -1.003751     -1.003742
   0.35226     -0.990279     -0.990270
   0.41097     -0.977369     -0.977359
   0.46968     -0.966106     -0.966095
   0.52839     -0.957390     -0.957379
   0.58710     -0.951891     -0.951880
   0.64581     -0.950014     -0.950003
   0.64581     -1.022588     -1.022594
   0.67598     -1.021485     -1.021490
   0.70615     -1.018812     -1.018815
   0.73632     -1.015866     -1.015867
   0.76649     -1.014313     -1.014310
   0.76649     -1.014313     -1.014310
   0.82518     -1.023176     -1.023177
   0.88387     -1.035680     -1.035674
   0.94255     -1.026829     -1.026823
   1.00124     -1.015453     -1.015446
   1.05993     -1.002488     -1.002481
   1.11861     -0.988981     -0.988973
   1.17730     -0.976048     -0.976040
   1.23599     -0.964774     -0.964765
   1.29467     -0.956055     -0.956046
   1.35336     -0.950555     -0.950546
   1.41204     -0.948679     -0.948669
   1.41204     -0.950150     -0.950136
   1.46679     -0.951749     -0.951736
   1.52154     -0.956441     -0.956428
   1.57629     -0.963909     -0.963897
   1.63103     -0.973652     -0.973640
   1.68578     -0.985008     -0.984997
   1.74053     -0.997206     -0.997196
   1.79528     -1.009415     -1.009405
   1.85002     -1.020802     -1.020793
   1.90477     -1.030586     -1.030577
   1.95952     -1.038094     -1.038086
   2.01427     -1.019053     -1.019056
   2.06901     -1.014313     -1.014310
   2.06901     -1.014313     -1.014310
   2.12373     -1.020293     -1.020294
   2.17845     -1.036548     -1.036543
   2.23316     -1.028700     -1.028694
   2.28788     -1.018582     -1.018576
   2.34260     -1.006986     -1.006978
   2.39731     -0.994782     -0.994774
   2.45203     -0.982799     -0.982791
   2.50675     -0.971751     -0.971742
   2.56146     -0.962267     -0.962258
   2.61618     -0.954934     -0.954925
   2.67090     -0.950277     -0.950268
   2.72561     -0.948678     -0.948668
   2.72561     -0.950156     -0.950143
   2.78433     -0.952031     -0.952018
   2.84304     -0.957528     -0.957515
   2.90176     -0.966240     -0.966227
   2.96047     -0.977498     -0.977486
   3.01918     -0.990403     -0.990392
   3.07790     -1.003871     -1.003861
   3.13661     -1.016791     -1.016781
   3.19533     -1.028121     -1.028112
   3.25404     -1.036932     -1.036923
   3.31275     -1.022230     -1.022233
   3.37147     -1.014313     -1.014310
   3.37147     -1.014313     -1.014310
   3.42621     -1.019182     -1.019189
   3.48095     -1.037981     -1.037973
   3.53570     -1.030471     -1.030463
   3.59044     -1.020685     -1.020677
   3.64518     -1.009295     -1.009287
   3.69993     -0.997082     -0.997073
   3.75467     -0.984880     -0.984871
   3.80941     -0.973520     -0.973510
   3.86416     -0.963774     -0.963763
   3.91890     -0.956302     -0.956291
   3.97364     -0.951608     -0.951597
   4.02838     -0.950008     -0.949997
 
# Band-Index   80
   4.02838     -0.928280     -0.928281
   3.97364     -0.930076     -0.930076
   3.91890     -0.934957     -0.934957
   3.86416     -0.942306     -0.942306
   3.80941     -0.951561     -0.951561
   3.75467     -0.962082     -0.962081
   3.69993     -0.973157     -0.973156
   3.64518     -0.984050     -0.984049
   3.59044     -0.994051     -0.994049
   3.53570     -1.002525     -1.002523
   3.48095     -1.008953     -1.008951
   3.42621     -1.012958     -1.012955
   3.37147     -1.004455     -1.004457
   3.37147     -1.004455     -1.004457
   3.31275     -1.012787     -1.012787
   3.25404     -1.008045     -1.008046
   3.19533     -1.000533     -1.000534
   3.13661     -0.990810     -0.990811
   3.07790     -0.979604     -0.979606
   3.01918     -0.967720     -0.967723
   2.96047     -0.956030     -0.956034
   2.90176     -0.945429     -0.945434
   2.84304     -0.936737     -0.936742
   2.78433     -0.930720     -0.930726
   2.72561     -0.935824     -0.935825
   2.72561     -0.926874     -0.926880
   2.67090     -0.928701     -0.928707
   2.61618     -0.933904     -0.933910
   2.56146     -0.941988     -0.941994
   2.50675     -0.952267     -0.952273
   2.45203     -0.963846     -0.963852
   2.39731     -0.975722     -0.975728
   2.34260     -0.986940     -0.986945
   2.28788     -0.996732     -0.996737
   2.23316     -1.004569     -1.004572
   2.17845     -1.010150     -1.010153
   2.12373     -1.013401     -1.013403
   2.06901     -1.004455     -1.004457
   2.06901     -1.004455     -1.004457
   2.01427     -1.013046     -1.013046
   1.95952     -1.009042     -1.009042
   1.90477     -1.002613     -1.002613
   1.85002     -0.994138     -0.994139
   1.79528     -0.984136     -0.984137
   1.74053     -0.973242     -0.973244
   1.68578     -0.962167     -0.962170
   1.63103     -0.951648     -0.951652
   1.57629     -0.942396     -0.942400
   1.52154     -0.935055     -0.935059
   1.46679     -0.930187     -0.930192
   1.41204     -0.928405     -0.928410
   1.41204     -0.938236     -0.938236
   1.35336     -0.929251     -0.929257
   1.29467     -0.935382     -0.935388
   1.23599     -0.944233     -0.944239
   1.17730     -0.955026     -0.955032
   1.11861     -0.966925     -0.966930
   1.05993     -0.979021     -0.979025
   1.00124     -0.990426     -0.990429
   0.94255     -1.000323     -1.000326
   0.88387     -1.007973     -1.007975
   0.82518     -1.012801     -1.012803
   0.76649     -1.004455     -1.004457
   0.76649     -1.004455     -1.004457
   0.73632     -1.003190     -1.003191
   0.70615     -1.000975     -1.000976
   0.67598     -0.999317     -0.999317
   0.64581     -0.998719     -0.998720
   0.64581     -0.935981     -0.935984
   0.58710     -0.930613     -0.930614
   0.52839     -0.936639     -0.936640
   0.46968     -0.945335     -0.945336
   0.41097     -0.955937     -0.955937
   0.35226     -0.967626     -0.967626
   0.29355     -0.979510     -0.979509
   0.23484     -0.990717     -0.990715
   0.17613     -1.000441     -1.000439
   0.11742     -1.007955     -1.007952
   0.05871     -1.012697     -1.012695
   0.00000     -1.004455     -1.004457
 
# Band-Index   81
   0.00000     -1.003245     -1.003251
   0.05871     -1.002390     -1.002391
   0.11742     -0.997508     -0.997509
   0.17613     -0.989828     -0.989828
   0.23484     -0.980023     -0.980024
   0.29355     -0.968953     -0.968953
   0.35226     -0.957559     -0.957559
   0.41097     -0.946828     -0.946828
   0.46968     -0.937714     -0.937714
   0.52839     -0.931001     -0.931002
   0.58710     -0.927216     -0.927217
   0.64581     -0.928222     -0.928223
   0.64581     -0.998155     -0.998159
   0.67598     -0.998708     -0.998712
   0.70615     -1.000226     -1.000231
   0.73632     -1.002188     -1.002193
   0.76649     -1.003245     -1.003251
   0.76649     -1.003245     -1.003251
   0.82518     -1.001565     -1.001572
   0.88387     -0.996650     -0.996656
   0.94255     -0.988927     -0.988933
   1.00124     -0.979062     -0.979068
   1.05993     -0.967915     -0.967921
   1.11861     -0.956431     -0.956437
   1.17730     -0.945607     -0.945613
   1.23599     -0.936406     -0.936411
   1.29467     -0.929625     -0.929631
   1.35336     -0.926783     -0.926782
   1.41204     -0.926809     -0.926815
   1.41204     -0.926234     -0.926239
   1.46679     -0.927265     -0.927270
   1.52154     -0.930644     -0.930649
   1.57629     -0.936410     -0.936415
   1.63103     -0.944217     -0.944222
   1.68578     -0.953531     -0.953536
   1.74053     -0.963696     -0.963701
   1.79528     -0.974000     -0.974005
   1.85002     -0.983714     -0.983719
   1.90477     -0.992143     -0.992147
   1.95952     -0.998668     -0.998673
   2.01427     -1.002789     -1.002794
   2.06901     -1.003245     -1.003251
   2.06901     -1.003245     -1.003251
   2.12373     -1.001574     -1.001580
   2.17845     -0.996813     -0.996819
   2.23316     -0.989586     -0.989592
   2.28788     -0.980611     -0.980616
   2.34260     -0.970617     -0.970622
   2.39731     -0.960334     -0.960339
   2.45203     -0.950460     -0.950465
   2.50675     -0.941622     -0.941627
   2.56146     -0.934339     -0.934345
   2.61618     -0.928987     -0.928993
   2.67090     -0.925788     -0.925794
   2.72561     -0.924761     -0.924767
   2.72561     -0.928346     -0.928352
   2.78433     -0.927284     -0.927289
   2.84304     -0.931084     -0.931089
   2.90176     -0.937806     -0.937811
   2.96047     -0.946926     -0.946931
   3.01918     -0.957664     -0.957669
   3.07790     -0.969065     -0.969070
   3.13661     -0.980142     -0.980146
   3.19533     -0.989952     -0.989957
   3.25404     -0.997638     -0.997643
   3.31275     -1.002525     -1.002530
   3.37147     -1.003245     -1.003251
   3.37147     -1.003245     -1.003251
   3.42621     -1.002653     -1.002653
   3.48095     -0.998537     -0.998537
   3.53570     -0.992014     -0.992015
   3.59044     -0.983589     -0.983590
   3.64518     -0.973879     -0.973880
   3.69993     -0.963581     -0.963581
   3.75467     -0.953422     -0.953422
   3.80941     -0.944115     -0.944116
   3.86416     -0.936317     -0.936318
   3.91890     -0.930562     -0.930563
   3.97364     -0.927199     -0.927200
   4.02838     -0.926182     -0.926183
 
# Band-Index   82
   4.02838     -0.844597     -0.844592
   3.97364     -0.840049     -0.840045
   3.91890     -0.825293     -0.825291
   3.86416     -0.799106     -0.799104
   3.80941     -0.761145     -0.761145
   3.75467     -0.711896     -0.711895
   3.69993     -0.652907     -0.652906
   3.64518     -0.587104     -0.587102
   3.59044     -0.518952     -0.518950
   3.53570     -0.454389     -0.454385
   3.48095     -0.400418     -0.400412
   3.42621     -0.364215     -0.364206
   3.37147     -0.353416     -0.353404
   3.37147     -0.353416     -0.353404
   3.31275     -0.365872     -0.365864
   3.25404     -0.407401     -0.407395
   3.19533     -0.469924     -0.469921
   3.13661     -0.545507     -0.545505
   3.07790     -0.626387     -0.626386
   3.01918     -0.705975     -0.705975
   2.96047     -0.779228     -0.779228
   2.90176     -0.842328     -0.842328
   2.84304     -0.891916     -0.891918
   2.78433     -0.924370     -0.924371
   2.72561     -0.926288     -0.926293
   2.72561     -0.846861     -0.846855
   2.67090     -0.850618     -0.850615
   2.61618     -0.846342     -0.846340
   2.56146     -0.825526     -0.825524
   2.50675     -0.785885     -0.785883
   2.45203     -0.729775     -0.729772
   2.39731     -0.662377     -0.662373
   2.34260     -0.589629     -0.589624
   2.28788     -0.517643     -0.517636
   2.23316     -0.452551     -0.452541
   2.17845     -0.400055     -0.400043
   2.12373     -0.365522     -0.365510
   2.06901     -0.353416     -0.353404
   2.06901     -0.353416     -0.353404
   2.01427     -0.364125     -0.364118
   1.95952     -0.400329     -0.400324
   1.90477     -0.454298     -0.454294
   1.85002     -0.518860     -0.518858
   1.79528     -0.587013     -0.587011
   1.74053     -0.652816     -0.652815
   1.68578     -0.711805     -0.711804
   1.63103     -0.761051     -0.761050
   1.57629     -0.799005     -0.799003
   1.52154     -0.825179     -0.825177
   1.46679     -0.839912     -0.839909
   1.41204     -0.844441     -0.844437
   1.41204     -0.924820     -0.924826
   1.35336     -0.925801     -0.925807
   1.29467     -0.894328     -0.894327
   1.23599     -0.844717     -0.844715
   1.17730     -0.781576     -0.781575
   1.11861     -0.708275     -0.708273
   1.05993     -0.628651     -0.628647
   1.00124     -0.547762     -0.547756
   0.94255     -0.472195     -0.472187
   0.88387     -0.409677     -0.409667
   0.82518     -0.368062     -0.368050
   0.76649     -0.353416     -0.353404
   0.76649     -0.353416     -0.353404
   0.73632     -0.354923     -0.354912
   0.70615     -0.357643     -0.357634
   0.67598     -0.359788     -0.359779
   0.64581     -0.360567     -0.360559
   0.64581     -0.926236     -0.926237
   0.58710     -0.924522     -0.924525
   0.52839     -0.892066     -0.892069
   0.46968     -0.842473     -0.842475
   0.41097     -0.779367     -0.779370
   0.35226     -0.706112     -0.706112
   0.29355     -0.626518     -0.626518
   0.23484     -0.545630     -0.545629
   0.17613     -0.470037     -0.470033
   0.11742     -0.407501     -0.407494
   0.05871     -0.365964     -0.365954
   0.00000     -0.353416     -0.353404
 
# Band-Index   83
   0.00000     -0.350418     -0.350410
   0.05871     -0.351070     -0.351060
   0.11742     -0.388737     -0.388746
   0.17613     -0.446074     -0.446081
   0.23484     -0.512656     -0.512662
   0.29355     -0.580424     -0.580428
   0.35226     -0.642977     -0.642980
   0.41097     -0.695973     -0.695975
   0.46968     -0.737003     -0.737005
   0.52839     -0.765208     -0.765209
   0.58710     -0.781005     -0.781006
   0.64581     -0.785856     -0.785855
   0.64581     -0.357690     -0.357687
   0.67598     -0.356919     -0.356916
   0.70615     -0.354783     -0.354779
   0.73632     -0.352010     -0.352005
   0.76649     -0.350418     -0.350410
   0.76649     -0.350418     -0.350410
   0.82518     -0.349917     -0.349919
   0.88387     -0.389086     -0.389089
   0.94255     -0.446427     -0.446428
   1.00124     -0.513031     -0.513031
   1.05993     -0.580827     -0.580826
   1.11861     -0.643424     -0.643423
   1.17730     -0.696496     -0.696494
   1.23599     -0.737649     -0.737647
   1.29467     -0.766040     -0.766038
   1.35336     -0.782094     -0.782092
   1.41204     -0.787127     -0.787124
   1.41204     -0.831450     -0.831453
   1.46679     -0.823771     -0.823773
   1.52154     -0.801808     -0.801809
   1.57629     -0.767110     -0.767110
   1.63103     -0.721991     -0.721991
   1.68578     -0.669291     -0.669291
   1.74053     -0.610514     -0.610514
   1.79528     -0.547748     -0.547749
   1.85002     -0.484616     -0.484617
   1.90477     -0.426087     -0.426089
   1.95952     -0.378078     -0.378081
   2.01427     -0.351157     -0.351144
   2.06901     -0.350418     -0.350410
   2.06901     -0.350418     -0.350410
   2.12373     -0.349805     -0.349798
   2.17845     -0.382410     -0.382413
   2.23316     -0.433826     -0.433829
   2.28788     -0.494679     -0.494681
   2.34260     -0.557866     -0.557867
   2.39731     -0.618438     -0.618438
   2.45203     -0.673484     -0.673483
   2.50675     -0.721681     -0.721680
   2.56146     -0.762733     -0.762731
   2.61618     -0.796133     -0.796131
   2.67090     -0.820773     -0.820773
   2.72561     -0.833184     -0.833187
   2.72561     -0.786147     -0.786145
   2.78433     -0.781256     -0.781255
   2.84304     -0.765410     -0.765409
   2.90176     -0.737176     -0.737175
   2.96047     -0.696127     -0.696127
   3.01918     -0.643116     -0.643116
   3.07790     -0.580548     -0.580549
   3.13661     -0.512763     -0.512765
   3.19533     -0.446160     -0.446162
   3.25404     -0.388799     -0.388803
   3.31275     -0.351162     -0.351150
   3.37147     -0.350418     -0.350410
   3.37147     -0.350418     -0.350410
   3.42621     -0.351067     -0.351058
   3.48095     -0.378022     -0.378029
   3.53570     -0.426010     -0.426016
   3.59044     -0.484516     -0.484521
   3.64518     -0.547625     -0.547629
   3.69993     -0.610364     -0.610368
   3.75467     -0.669110     -0.669113
   3.80941     -0.721794     -0.721796
   3.86416     -0.766944     -0.766947
   3.91890     -0.801668     -0.801673
   3.97364     -0.823627     -0.823633
   4.02838     -0.831291     -0.831300
 
# Band-Index   84
   4.02838     -0.812955     -0.812963
   3.97364     -0.806403     -0.806411
   3.91890     -0.786973     -0.786980
   3.86416     -0.755052     -0.755062
   3.80941     -0.710544     -0.710553
   3.75467     -0.653977     -0.653985
   3.69993     -0.588947     -0.588955
   3.64518     -0.520242     -0.520250
   3.59044     -0.452924     -0.452931
   3.53570     -0.392379     -0.392386
   3.48095     -0.346931     -0.346922
   3.42621     -0.346377     -0.346387
   3.37147     -0.335748     -0.335751
   3.37147     -0.335748     -0.335751
   3.31275     -0.349421     -0.349426
   3.25404     -0.350178     -0.350180
   3.19533     -0.403994     -0.403997
   3.13661     -0.469095     -0.469098
   3.07790     -0.538272     -0.538275
   3.01918     -0.604960     -0.604963
   2.96047     -0.663975     -0.663978
   2.90176     -0.711838     -0.711841
   2.84304     -0.746746     -0.746750
   2.78433     -0.768147     -0.768150
   2.72561     -0.775505     -0.775510
   2.72561     -0.811819     -0.811822
   2.67090     -0.803588     -0.803591
   2.61618     -0.780569     -0.780572
   2.56146     -0.745283     -0.745285
   2.50675     -0.698674     -0.698676
   2.45203     -0.642351     -0.642352
   2.39731     -0.579207     -0.579208
   2.34260     -0.512958     -0.512959
   2.28788     -0.448078     -0.448078
   2.23316     -0.389662     -0.389663
   2.17845     -0.347179     -0.347174
   2.12373     -0.347859     -0.347862
   2.06901     -0.335748     -0.335751
   2.06901     -0.335748     -0.335751
   2.01427     -0.346416     -0.346421
   1.95952     -0.347015     -0.347002
   1.90477     -0.392321     -0.392324
   1.85002     -0.452859     -0.452862
   1.79528     -0.520168     -0.520171
   1.74053     -0.588858     -0.588862
   1.68578     -0.653866     -0.653871
   1.63103     -0.710428     -0.710433
   1.57629     -0.754980     -0.754985
   1.52154     -0.786943     -0.786947
   1.46679     -0.806395     -0.806399
   1.41204     -0.812952     -0.812957
   1.41204     -0.775107     -0.775110
   1.35336     -0.767874     -0.767876
   1.29467     -0.746641     -0.746643
   1.23599     -0.711834     -0.711836
   1.17730     -0.664030     -0.664031
   1.11861     -0.605062     -0.605063
   1.05993     -0.538428     -0.538429
   1.00124     -0.469320     -0.469320
   0.94255     -0.404305     -0.404306
   0.88387     -0.350540     -0.350540
   0.82518     -0.348835     -0.348829
   0.76649     -0.335748     -0.335751
   0.76649     -0.335748     -0.335751
   0.73632     -0.333531     -0.333533
   0.70615     -0.328554     -0.328554
   0.67598     -0.323312     -0.323315
   0.64581     -0.320885     -0.320886
   0.64581     -0.775687     -0.775696
   0.58710     -0.768287     -0.768294
   0.52839     -0.746835     -0.746842
   0.46968     -0.711897     -0.711903
   0.41097     -0.664019     -0.664025
   0.35226     -0.604997     -0.605003
   0.29355     -0.538307     -0.538313
   0.23484     -0.469132     -0.469139
   0.17613     -0.404036     -0.404042
   0.11742     -0.350219     -0.350226
   0.05871     -0.349385     -0.349396
   0.00000     -0.335748     -0.335751
 
# Band-Index   85
   0.00000     -0.335264     -0.335274
   0.05871     -0.333546     -0.333548
   0.11742     -0.346641     -0.346631
   0.17613     -0.339546     -0.339537
   0.23484     -0.330077     -0.330069
   0.29355     -0.318944     -0.318936
   0.35226     -0.306944     -0.306935
   0.41097     -0.294996     -0.294987
   0.46968     -0.284079     -0.284069
   0.52839     -0.275147     -0.275137
   0.58710     -0.269168     -0.269156
   0.64581     -0.267035     -0.267024
   0.64581     -0.320396     -0.320391
   0.67598     -0.323249     -0.323247
   0.70615     -0.328190     -0.328195
   0.73632     -0.333024     -0.333032
   0.76649     -0.335264     -0.335274
   0.76649     -0.335264     -0.335274
   0.82518     -0.333133     -0.333143
   0.88387     -0.344598     -0.344592
   0.94255     -0.337534     -0.337528
   1.00124     -0.328136     -0.328130
   1.05993     -0.317071     -0.317066
   1.11861     -0.305141     -0.305136
   1.17730     -0.293276     -0.293271
   1.23599     -0.282461     -0.282455
   1.29467     -0.273649     -0.273641
   1.35336     -0.267785     -0.267776
   1.41204     -0.265706     -0.265696
   1.41204     -0.268677     -0.268665
   1.46679     -0.270069     -0.270056
   1.52154     -0.274161     -0.274148
   1.57629     -0.280701     -0.280688
   1.63103     -0.289279     -0.289266
   1.68578     -0.299338     -0.299325
   1.74053     -0.310210     -0.310197
   1.79528     -0.321148     -0.321135
   1.85002     -0.331384     -0.331372
   1.90477     -0.340193     -0.340180
   1.95952     -0.343904     -0.343907
   2.01427     -0.334148     -0.334156
   2.06901     -0.335264     -0.335274
   2.06901     -0.335264     -0.335274
   2.12373     -0.332652     -0.332661
   2.17845     -0.342981     -0.342981
   2.23316     -0.341962     -0.341957
   2.28788     -0.334036     -0.334032
   2.34260     -0.323781     -0.323777
   2.39731     -0.311906     -0.311902
   2.45203     -0.299405     -0.299399
   2.50675     -0.287598     -0.287590
   2.56146     -0.278067     -0.278057
   2.61618     -0.271750     -0.271741
   2.67090     -0.268319     -0.268311
   2.72561     -0.267235     -0.267228
   2.72561     -0.267153     -0.267139
   2.78433     -0.269283     -0.269269
   2.84304     -0.275256     -0.275244
   2.90176     -0.284181     -0.284170
   2.96047     -0.295091     -0.295081
   3.01918     -0.307032     -0.307023
   3.07790     -0.319028     -0.319019
   3.13661     -0.330157     -0.330147
   3.19533     -0.339624     -0.339614
   3.25404     -0.346716     -0.346705
   3.31275     -0.333514     -0.333522
   3.37147     -0.335264     -0.335274
   3.37147     -0.335264     -0.335274
   3.42621     -0.334180     -0.334183
   3.48095     -0.343957     -0.343964
   3.53570     -0.340108     -0.340098
   3.59044     -0.331295     -0.331285
   3.64518     -0.321055     -0.321044
   3.69993     -0.310111     -0.310100
   3.75467     -0.299234     -0.299223
   3.80941     -0.289169     -0.289159
   3.86416     -0.280587     -0.280577
   3.91890     -0.274044     -0.274034
   3.97364     -0.269950     -0.269940
   4.02838     -0.268558     -0.268548
 
# Band-Index   86
   4.02838     -0.245776     -0.245775
   3.97364     -0.247524     -0.247524
   3.91890     -0.252508     -0.252508
   3.86416     -0.260154     -0.260155
   3.80941     -0.269807     -0.269809
   3.75467     -0.280769     -0.280770
   3.69993     -0.292302     -0.292304
   3.64518     -0.303665     -0.303668
   3.59044     -0.314141     -0.314143
   3.53570     -0.323072     -0.323075
   3.48095     -0.329900     -0.329902
   3.42621     -0.312692     -0.312700
   3.37147     -0.302298     -0.302299
   3.37147     -0.302298     -0.302299
   3.31275     -0.314350     -0.314353
   3.25404     -0.327469     -0.327476
   3.19533     -0.318091     -0.318097
   3.13661     -0.306262     -0.306266
   3.07790     -0.293075     -0.293078
   3.01918     -0.279797     -0.279800
   2.96047     -0.268027     -0.268029
   2.90176     -0.259295     -0.259298
   2.84304     -0.253750     -0.253756
   2.78433     -0.250795     -0.250802
   2.72561     -0.249895     -0.249904
   2.72561     -0.244169     -0.244175
   2.67090     -0.246828     -0.246835
   2.61618     -0.253226     -0.253235
   2.56146     -0.261060     -0.261070
   2.50675     -0.268726     -0.268735
   2.45203     -0.276048     -0.276055
   2.39731     -0.283772     -0.283776
   2.34260     -0.293076     -0.293079
   2.28788     -0.304306     -0.304310
   2.23316     -0.315745     -0.315750
   2.17845     -0.325659     -0.325666
   2.12373     -0.312763     -0.312763
   2.06901     -0.302298     -0.302299
   2.06901     -0.302298     -0.302299
   2.01427     -0.312641     -0.312644
   1.95952     -0.329870     -0.329878
   1.90477     -0.323047     -0.323056
   1.85002     -0.314122     -0.314130
   1.79528     -0.303654     -0.303662
   1.74053     -0.292299     -0.292307
   1.68578     -0.280775     -0.280783
   1.63103     -0.269825     -0.269832
   1.57629     -0.260184     -0.260190
   1.52154     -0.252550     -0.252555
   1.46679     -0.247577     -0.247582
   1.41204     -0.245834     -0.245838
   1.41204     -0.248270     -0.248280
   1.35336     -0.249255     -0.249265
   1.29467     -0.252427     -0.252434
   1.23599     -0.258240     -0.258245
   1.17730     -0.267169     -0.267173
   1.11861     -0.279001     -0.279006
   1.05993     -0.292321     -0.292327
   1.00124     -0.305580     -0.305587
   0.94255     -0.317505     -0.317513
   0.88387     -0.326991     -0.327000
   0.82518     -0.314829     -0.314829
   0.76649     -0.302298     -0.302299
   0.76649     -0.302298     -0.302299
   0.73632     -0.303108     -0.303109
   0.70615     -0.305298     -0.305300
   0.67598     -0.308478     -0.308480
   0.64581     -0.310570     -0.310574
   0.64581     -0.249834     -0.249837
   0.58710     -0.250733     -0.250735
   0.52839     -0.253691     -0.253691
   0.46968     -0.259244     -0.259243
   0.41097     -0.267997     -0.267995
   0.35226     -0.279787     -0.279785
   0.29355     -0.293076     -0.293075
   0.23484     -0.306273     -0.306273
   0.17613     -0.318110     -0.318110
   0.11742     -0.327495     -0.327496
   0.05871     -0.314399     -0.314406
   0.00000     -0.302298     -0.302299
 
# Band-Index   87
   0.00000     -0.301643     -0.301650
   0.05871     -0.300858     -0.300858
   0.11742     -0.297234     -0.297234
   0.17613     -0.291530     -0.291530
   0.23484     -0.284231     -0.284232
   0.29355     -0.275929     -0.275930
   0.35226     -0.267126     -0.267128
   0.41097     -0.258074     -0.258076
   0.46968     -0.248989     -0.248992
   0.52839     -0.241069     -0.241071
   0.58710     -0.235785     -0.235786
   0.64581     -0.233945     -0.233946
   0.64581     -0.308823     -0.308833
   0.67598     -0.307162     -0.307171
   0.70615     -0.304386     -0.304394
   0.73632     -0.302393     -0.302400
   0.76649     -0.301643     -0.301650
   0.76649     -0.301643     -0.301650
   0.82518     -0.300377     -0.300384
   0.88387     -0.296679     -0.296687
   0.94255     -0.290861     -0.290869
   1.00124     -0.283406     -0.283414
   1.05993     -0.274899     -0.274908
   1.11861     -0.265847     -0.265857
   1.17730     -0.256553     -0.256563
   1.23599     -0.247364     -0.247374
   1.29467     -0.239441     -0.239450
   1.35336     -0.234163     -0.234172
   1.41204     -0.232323     -0.232332
   1.41204     -0.236503     -0.236512
   1.46679     -0.237462     -0.237471
   1.52154     -0.240406     -0.240414
   1.57629     -0.245327     -0.245334
   1.63103     -0.251973     -0.251979
   1.68578     -0.259892     -0.259898
   1.74053     -0.268506     -0.268511
   1.79528     -0.277181     -0.277186
   1.85002     -0.285300     -0.285305
   1.90477     -0.292283     -0.292288
   1.95952     -0.297641     -0.297646
   2.01427     -0.301004     -0.301008
   2.06901     -0.301643     -0.301650
   2.06901     -0.301643     -0.301650
   2.12373     -0.300835     -0.300842
   2.17845     -0.298429     -0.298437
   2.23316     -0.294485     -0.294493
   2.28788     -0.288972     -0.288982
   2.34260     -0.281448     -0.281458
   2.39731     -0.271450     -0.271460
   2.45203     -0.260454     -0.260463
   2.50675     -0.250455     -0.250463
   2.56146     -0.242616     -0.242625
   2.61618     -0.237540     -0.237549
   2.67090     -0.235277     -0.235287
   2.72561     -0.234898     -0.234909
   2.72561     -0.233966     -0.233973
   2.78433     -0.235806     -0.235813
   2.84304     -0.241091     -0.241099
   2.90176     -0.249018     -0.249027
   2.96047     -0.258116     -0.258125
   3.01918     -0.267180     -0.267187
   3.07790     -0.275986     -0.275992
   3.13661     -0.284286     -0.284292
   3.19533     -0.291583     -0.291588
   3.25404     -0.297285     -0.297289
   3.31275     -0.300908     -0.300913
   3.37147     -0.301643     -0.301650
   3.37147     -0.301643     -0.301650
   3.42621     -0.300954     -0.300954
   3.48095     -0.297592     -0.297592
   3.53570     -0.292233     -0.292233
   3.59044     -0.285249     -0.285249
   3.64518     -0.277131     -0.277131
   3.69993     -0.268456     -0.268457
   3.75467     -0.259845     -0.259845
   3.80941     -0.251928     -0.251929
   3.86416     -0.245288     -0.245289
   3.91890     -0.240373     -0.240375
   3.97364     -0.237437     -0.237439
   4.02838     -0.236480     -0.236483
 
# Band-Index   88
   4.02838      2.255530      2.255532
   3.97364      2.270709      2.270711
   3.91890      2.315575      2.315576
   3.86416      2.387987      2.387989
   3.80941      2.482711      2.482712
   3.75467      2.517300      2.517300
   3.69993      2.394422      2.394422
   3.64518      2.181576      2.181576
   3.59044      1.957070      1.957070
   3.53570      1.750594      1.750594
   3.48095      1.582752      1.582751
   3.42621      1.472045      1.472044
   3.37147      1.433185      1.433184
   3.37147      1.433185      1.433184
   3.31275      1.477643      1.477643
   3.25404      1.603020      1.603020
   3.19533      1.789742      1.789742
   3.13661      2.013803      2.013803
   3.07790      2.247701      2.247701
   3.01918      2.437329      2.437329
   2.96047      2.449782      2.449783
   2.90176      2.379824      2.379825
   2.84304      2.323682      2.323683
   2.78433      2.295109      2.295110
   2.72561      2.292185      2.292185
   2.72561      2.254519      2.254520
   2.67090      2.266566      2.266567
   2.61618      2.302549      2.302550
   2.56146      2.361777      2.361778
   2.50675      2.441531      2.441532
   2.45203      2.517325      2.517325
   2.39731      2.399312      2.399313
   2.34260      2.179299      2.179300
   2.28788      1.954919      1.954919
   2.23316      1.749559      1.749559
   2.17845      1.582426      1.582426
   2.12373      1.471991      1.471990
   2.06901      1.433185      1.433184
   2.06901      1.433185      1.433184
   2.01427      1.472051      1.472050
   1.95952      1.582773      1.582772
   1.90477      1.750634      1.750634
   1.85002      1.957125      1.957125
   1.79528      2.181635      2.181635
   1.74053      2.394458      2.394458
   1.68578      2.517285      2.517285
   1.63103      2.482981      2.482981
   1.57629      2.388321      2.388322
   1.52154      2.315913      2.315914
   1.46679      2.271047      2.271048
   1.41204      2.255867      2.255869
   1.41204      2.292493      2.292492
   1.35336      2.294774      2.294775
   1.29467      2.323100      2.323101
   1.23599      2.379130      2.379131
   1.17730      2.449260      2.449260
   1.11861      2.437420      2.437421
   1.05993      2.247527      2.247527
   1.00124      2.013517      2.013518
   0.94255      1.789499      1.789499
   0.88387      1.602880      1.602880
   0.82518      1.477602      1.477601
   0.76649      1.433185      1.433184
   0.76649      1.433185      1.433184
   0.73632      1.446139      1.446139
   0.70615      1.483886      1.483885
   0.67598      1.544470      1.544469
   0.64581      1.616308      1.616305
   0.64581      2.292004      2.292004
   0.58710      2.294917      2.294918
   0.52839      2.323504      2.323505
   0.46968      2.379666      2.379668
   0.41097      2.449664      2.449665
   0.35226      2.437293      2.437292
   0.29355      2.247667      2.247667
   0.23484      2.013767      2.013767
   0.17613      1.789714      1.789714
   0.11742      1.603004      1.603004
   0.05871      1.477639      1.477638
   0.00000      1.433185      1.433184
 
# Band-Index   89
   0.00000      2.068607      2.068605
   0.05871      2.104703      2.104701
   0.11742      2.206495      2.206494
   0.17613      2.356126      2.356126
   0.23484      2.526865      2.526864
   0.29355      2.662986      2.662986
   0.35226      2.658292      2.658293
   0.41097      2.569195      2.569197
   0.46968      2.472609      2.472610
   0.52839      2.390563      2.390565
   0.58710      2.331667      2.331669
   0.64581      2.304788      2.304791
   0.64581      1.634878      1.634880
   0.67598      1.722840      1.722840
   0.70615      1.831511      1.831511
   0.73632      1.948370      1.948370
   0.76649      2.068607      2.068605
   0.76649      2.068606      2.068605
   0.82518      2.104412      2.104411
   0.88387      2.205452      2.205452
   0.94255      2.354697      2.354698
   1.00124      2.525490      2.525492
   1.05993      2.662723      2.662725
   1.11861      2.659171      2.659173
   1.17730      2.569717      2.569719
   1.23599      2.472841      2.472843
   1.29467      2.390559      2.390561
   1.35336      2.331375      2.331377
   1.41204      2.303861      2.303863
   1.41204      2.470966      2.470968
   1.46679      2.445171      2.445172
   1.52154      2.441958      2.441959
   1.57629      2.463302      2.463304
   1.63103      2.504019      2.504022
   1.68578      2.596065      2.596066
   1.74053      2.634106      2.634107
   1.79528      2.496237      2.496238
   1.85002      2.342592      2.342593
   1.90477      2.207889      2.207889
   1.95952      2.108940      2.108940
   2.01427      2.059522      2.059522
   2.06901      2.068607      2.068605
   2.06901      2.068607      2.068605
   2.12373      2.059897      2.059897
   2.17845      2.110780      2.110780
   2.23316      2.212833      2.212834
   2.28788      2.351767      2.351768
   2.34260      2.509364      2.509365
   2.39731      2.661658      2.661659
   2.45203      2.676785      2.676787
   2.50675      2.623466      2.623468
   2.56146      2.564463      2.564464
   2.61618      2.516042      2.516044
   2.67090      2.483844      2.483846
   2.72561      2.472499      2.472501
   2.72561      2.305065      2.305068
   2.78433      2.331932      2.331934
   2.84304      2.390841      2.390843
   2.90176      2.472897      2.472899
   2.96047      2.569476      2.569477
   3.01918      2.658481      2.658482
   3.07790      2.662940      2.662941
   3.13661      2.526743      2.526744
   3.19533      2.356016      2.356016
   3.25404      2.206417      2.206417
   3.31275      2.104707      2.104705
   3.37147      2.068607      2.068605
   3.37147      2.068607      2.068605
   3.42621      2.059563      2.059562
   3.48095      2.109010      2.109010
   3.53570      2.207980      2.207979
   3.59044      2.342696      2.342696
   3.64518      2.496346      2.496346
   3.69993      2.634142      2.634142
   3.75467      2.595759      2.595761
   3.80941      2.503951      2.503953
   3.86416      2.463284      2.463285
   3.91890      2.441937      2.441939
   3.97364      2.445143      2.445144
   4.02838      2.470947      2.470949
 
# Band-Index   90
   4.02838      2.475231      2.475231
   3.97364      2.523132      2.523133
   3.91890      2.590098      2.590099
   3.86416      2.665579      2.665580
   3.80941      2.736475      2.736476
   3.75467      2.776380      2.776382
   3.69993      2.781206      2.781206
   3.64518      2.729053      2.729053
   3.59044      2.592759      2.592759
   3.53570      2.423020      2.423020
   3.48095      2.262451      2.262451
   3.42621      2.138903      2.138903
   3.37147      2.069188      2.069189
   3.37147      2.069188      2.069189
   3.31275      2.105309      2.105310
   3.25404      2.208062      2.208063
   3.19533      2.361515      2.361516
   3.13661      2.539889      2.539890
   3.07790      2.707369      2.707370
   3.01918      2.713983      2.713985
   2.96047      2.785743      2.785744
   2.90176      2.784464      2.784466
   2.84304      2.745368      2.745371
   2.78433      2.726420      2.726422
   2.72561      2.723591      2.723594
   2.72561      2.475461      2.475462
   2.67090      2.486910      2.486911
   2.61618      2.521692      2.521693
   2.56146      2.579968      2.579969
   2.50675      2.658158      2.658159
   2.45203      2.686466      2.686469
   2.39731      2.712744      2.712745
   2.34260      2.699296      2.699298
   2.28788      2.581101      2.581102
   2.23316      2.417705      2.417705
   2.17845      2.260539      2.260540
   2.12373      2.138536      2.138536
   2.06901      2.069188      2.069189
   2.06901      2.069188      2.069189
   2.01427      2.138950      2.138950
   1.95952      2.262546      2.262546
   1.90477      2.423157      2.423157
   1.85002      2.592923      2.592923
   1.79528      2.729210      2.729211
   1.74053      2.781271      2.781271
   1.68578      2.776436      2.776438
   1.63103      2.736603      2.736605
   1.57629      2.665690      2.665691
   1.52154      2.590183      2.590185
   1.46679      2.523195      2.523196
   1.41204      2.475297      2.475297
   1.41204      2.723367      2.723370
   1.35336      2.726333      2.726336
   1.29467      2.745032      2.745034
   1.23599      2.783568      2.783570
   1.17730      2.784326      2.784329
   1.11861      2.711309      2.711312
   1.05993      2.708790      2.708792
   1.00124      2.541262      2.541263
   0.94255      2.362676      2.362677
   0.88387      2.208892      2.208892
   0.82518      2.105561      2.105562
   0.76649      2.069188      2.069189
   0.76649      2.069188      2.069189
   0.73632      2.188107      2.188107
   0.70615      2.298846      2.298846
   0.67598      2.387362      2.387362
   0.64581      2.424716      2.424716
   0.64581      2.723564      2.723566
   0.58710      2.726446      2.726448
   0.52839      2.745427      2.745429
   0.46968      2.784517      2.784519
   0.41097      2.785734      2.785734
   0.35226      2.713829      2.713830
   0.29355      2.707194      2.707194
   0.23484      2.539724      2.539724
   0.17613      2.361374      2.361375
   0.11742      2.207966      2.207967
   0.05871      2.105308      2.105309
   0.00000      2.069188      2.069189
 
# Band-Index   91
   0.00000      3.109061      3.109057
   0.05871      3.119598      3.119595
   0.11742      3.133016      3.133015
   0.17613      3.104803      3.104802
   0.23484      2.980230      2.980231
   0.29355      2.815107      2.815109
   0.35226      2.818820      2.818821
   0.41097      2.832414      2.832415
   0.46968      2.858292      2.858291
   0.52839      2.813694      2.813694
   0.58710      2.772878      2.772877
   0.64581      2.754436      2.754435
   0.64581      2.813238      2.813236
   0.67598      2.846196      2.846194
   0.70615      2.922336      2.922334
   0.73632      3.014976      3.014975
   0.76649      3.109061      3.109057
   0.76649      3.109061      3.109057
   0.82518      3.119377      3.119374
   0.88387      3.132549      3.132548
   0.94255      3.104588      3.104589
   1.00124      2.978046      2.978047
   1.05993      2.812697      2.812699
   1.11861      2.819657      2.819659
   1.17730      2.831359      2.831362
   1.23599      2.861351      2.861352
   1.29467      2.816295      2.816296
   1.35336      2.775369      2.775370
   1.41204      2.757076      2.757077
   1.41204      2.977310      2.977308
   1.46679      2.973627      2.973626
   1.52154      2.978686      2.978686
   1.57629      2.972937      2.972937
   1.63103      2.887066      2.887068
   1.68578      2.791295      2.791296
   1.74053      2.796731      2.796732
   1.79528      2.899504      2.899504
   1.85002      3.034944      3.034944
   1.90477      3.101925      3.101925
   1.95952      3.091444      3.091443
   2.01427      3.091632      3.091631
   2.06901      3.109061      3.109057
   2.06901      3.109061      3.109057
   2.12373      3.091321      3.091319
   2.17845      3.088150      3.088149
   2.23316      3.089066      3.089066
   2.28788      3.026292      3.026293
   2.34260      2.857423      2.857425
   2.39731      2.725809      2.725812
   2.45203      2.735055      2.735056
   2.50675      2.825165      2.825167
   2.56146      2.938955      2.938956
   2.61618      2.965126      2.965128
   2.67090      2.970537      2.970538
   2.72561      2.978736      2.978735
   2.72561      2.754177      2.754177
   2.78433      2.772676      2.772677
   2.84304      2.813541      2.813542
   2.90176      2.858154      2.858154
   2.96047      2.832462      2.832464
   3.01918      2.818968      2.818970
   3.07790      2.815276      2.815277
   3.13661      2.980387      2.980388
   3.19533      3.105023      3.105022
   3.25404      3.133130      3.133128
   3.31275      3.119615      3.119613
   3.37147      3.109061      3.109057
   3.37147      3.109061      3.109057
   3.42621      3.091666      3.091665
   3.48095      3.091515      3.091514
   3.53570      3.102022      3.102021
   3.59044      3.034664      3.034665
   3.64518      2.899217      2.899217
   3.69993      2.796262      2.796263
   3.75467      2.791094      2.791094
   3.80941      2.887031      2.887031
   3.86416      2.973033      2.973032
   3.91890      2.978967      2.978966
   3.97364      2.973890      2.973889
   4.02838      2.977601      2.977599
 
# Band-Index   92
   4.02838      2.989767      2.989768
   3.97364      2.999731      2.999732
   3.91890      3.005323      3.005324
   3.86416      3.002619      3.002620
   3.80941      2.961107      2.961106
   3.75467      2.847620      2.847619
   3.69993      2.801842      2.801844
   3.64518      2.916464      2.916467
   3.59044      3.063887      3.063889
   3.53570      3.140623      3.140623
   3.48095      3.179669      3.179669
   3.42621      3.154256      3.154255
   3.37147      3.118827      3.118827
   3.37147      3.118827      3.118827
   3.31275      3.129335      3.129335
   3.25404      3.145350      3.145350
   3.19533      3.137326      3.137327
   3.13661      3.034729      3.034730
   3.07790      2.977047      2.977047
   3.01918      2.943608      2.943609
   2.96047      2.893506      2.893506
   2.90176      2.918231      2.918233
   2.84304      3.001255      3.001256
   2.78433      3.045860      3.045861
   2.72561      3.078954      3.078951
   2.72561      2.989596      2.989600
   2.67090      3.014111      3.014112
   2.61618      3.004186      3.004188
   2.56146      2.956497      2.956500
   2.50675      2.911333      2.911335
   2.45203      2.842831      2.842834
   2.39731      2.894610      2.894612
   2.34260      3.005873      3.005875
   2.28788      3.086522      3.086523
   2.23316      3.176025      3.176025
   2.17845      3.188630      3.188629
   2.12373      3.154773      3.154772
   2.06901      3.118827      3.118827
   2.06901      3.118827      3.118827
   2.01427      3.154291      3.154290
   1.95952      3.179764      3.179763
   1.90477      3.140809      3.140809
   1.85002      3.064025      3.064027
   1.79528      2.916617      2.916620
   1.74053      2.801837      2.801839
   1.68578      2.847548      2.847548
   1.63103      2.960963      2.960964
   1.57629      3.002367      3.002369
   1.52154      3.005222      3.005224
   1.46679      2.999594      2.999596
   1.41204      2.989651      2.989654
   1.41204      3.074532      3.074531
   1.35336      3.044859      3.044861
   1.29467      3.000381      3.000383
   1.23599      2.916948      2.916950
   1.17730      2.895953      2.895954
   1.11861      2.943706      2.943707
   1.05993      2.974334      2.974335
   1.00124      3.032714      3.032715
   0.94255      3.135428      3.135428
   0.88387      3.144953      3.144953
   0.82518      3.129336      3.129336
   0.76649      3.118827      3.118827
   0.76649      3.118827      3.118827
   0.73632      3.215997      3.215995
   0.70615      3.320166      3.320164
   0.67598      3.426426      3.426424
   0.64581      3.533125      3.533121
   0.64581      3.079124      3.079121
   0.58710      3.046083      3.046083
   0.52839      3.001415      3.001414
   0.46968      2.918284      2.918284
   0.41097      2.893650      2.893650
   0.35226      2.943791      2.943792
   0.29355      2.976812      2.976813
   0.23484      3.034434      3.034435
   0.17613      3.137386      3.137386
   0.11742      3.145410      3.145409
   0.05871      3.129341      3.129341
   0.00000      3.118827      3.118827
 
# Band-Index   93
   0.00000      3.736853      3.736853
   0.05871      3.611536      3.611538
   0.11742      3.393697      3.393699
   0.17613      3.180995      3.180997
   0.23484      3.094792      3.094793
   0.29355      3.022743      3.022743
   0.35226      3.049308      3.049307
   0.41097      3.191048      3.191047
   0.46968      3.267005      3.267005
   0.52839      3.195827      3.195826
   0.58710      3.128197      3.128197
   0.64581      3.083342      3.083344
   0.64581      3.535414      3.535415
   0.67598      3.642440      3.642438
   0.70615      3.736944      3.736944
   0.73632      3.736963      3.736964
   0.76649      3.736853      3.736853
   0.76649      3.736853      3.736853
   0.82518      3.607362      3.607364
   0.88387      3.390303      3.390305
   0.94255      3.178431      3.178434
   1.00124      3.093587      3.093587
   1.05993      3.021707      3.021708
   1.11861      3.046184      3.046185
   1.17730      3.188076      3.188077
   1.23599      3.264425      3.264427
   1.29467      3.194353      3.194355
   1.35336      3.127313      3.127315
   1.41204      3.085930      3.085934
   1.41204      3.029663      3.029664
   1.46679      3.034418      3.034419
   1.52154      3.041466      3.041468
   1.57629      3.027600      3.027600
   1.63103      3.040053      3.040053
   1.68578      3.085321      3.085321
   1.74053      3.116974      3.116974
   1.79528      3.121469      3.121470
   1.85002      3.115074      3.115075
   1.90477      3.241230      3.241232
   1.95952      3.434536      3.434538
   2.01427      3.629790      3.629791
   2.06901      3.736853      3.736853
   2.06901      3.736853      3.736853
   2.12373      3.621714      3.621716
   2.17845      3.420148      3.420149
   2.23316      3.219449      3.219451
   2.28788      3.112201      3.112202
   2.34260      3.111331      3.111331
   2.39731      3.191935      3.191935
   2.45203      3.258904      3.258904
   2.50675      3.218876      3.218877
   2.56146      3.137682      3.137683
   2.61618      3.066130      3.066131
   2.67090      3.025487      3.025491
   2.72561      3.028615      3.028617
   2.72561      3.082990      3.082994
   2.78433      3.127924      3.127924
   2.84304      3.195569      3.195569
   2.90176      3.266812      3.266812
   2.96047      3.190914      3.190914
   3.01918      3.049257      3.049257
   3.07790      3.022539      3.022540
   3.13661      3.094618      3.094619
   3.19533      3.181064      3.181066
   3.25404      3.393796      3.393798
   3.31275      3.611634      3.611636
   3.37147      3.736853      3.736853
   3.37147      3.736853      3.736853
   3.42621      3.629668      3.629670
   3.48095      3.434432      3.434434
   3.53570      3.241146      3.241148
   3.59044      3.115282      3.115282
   3.64518      3.121681      3.121681
   3.69993      3.117209      3.117209
   3.75467      3.085579      3.085579
   3.80941      3.040310      3.040310
   3.86416      3.027771      3.027770
   3.91890      3.041726      3.041725
   3.97364      3.034721      3.034721
   4.02838      3.029979      3.029978
 
# Band-Index   94
   4.02838      3.488064      3.488065
   3.97364      3.489506      3.489507
   3.91890      3.495211      3.495212
   3.86416      3.506332      3.506333
   3.80941      3.522955      3.522957
   3.75467      3.544787      3.544789
   3.69993      3.571121      3.571123
   3.64518      3.601031      3.601033
   3.59044      3.633380      3.633382
   3.53570      3.666742      3.666744
   3.48095      3.699206      3.699207
   3.42621      3.726898      3.726898
   3.37147      3.741620      3.741620
   3.37147      3.741620      3.741620
   3.31275      3.723375      3.723376
   3.25404      3.687113      3.687115
   3.19533      3.645115      3.645117
   3.13661      3.602061      3.602063
   3.07790      3.560659      3.560662
   3.01918      3.522829      3.522831
   2.96047      3.450253      3.450253
   2.90176      3.400443      3.400443
   2.84304      3.444914      3.444917
   2.78433      3.433125      3.433128
   2.72561      3.429163      3.429165
   2.72561      3.491282      3.491283
   2.67090      3.484853      3.484856
   2.61618      3.481577      3.481579
   2.56146      3.485650      3.485653
   2.50675      3.497218      3.497220
   2.45203      3.515320      3.515322
   2.39731      3.542549      3.542551
   2.34260      3.575133      3.575135
   2.28788      3.612338      3.612340
   2.23316      3.652330      3.652332
   2.17845      3.692221      3.692223
   2.12373      3.726989      3.726990
   2.06901      3.741620      3.741620
   2.06901      3.741620      3.741620
   2.01427      3.726708      3.726709
   1.95952      3.699035      3.699037
   1.90477      3.666556      3.666557
   1.85002      3.633171      3.633173
   1.79528      3.600798      3.600800
   1.74053      3.570866      3.570869
   1.68578      3.544513      3.544515
   1.63103      3.522665      3.522668
   1.57629      3.506030      3.506032
   1.52154      3.494897      3.494900
   1.46679      3.489181      3.489183
   1.41204      3.487731      3.487733
   1.41204      3.433063      3.433065
   1.35336      3.437012      3.437015
   1.29467      3.448749      3.448751
   1.23599      3.400204      3.400205
   1.17730      3.449454      3.449455
   1.11861      3.526252      3.526254
   1.05993      3.563980      3.563982
   1.00124      3.605181      3.605183
   0.94255      3.647972      3.647973
   0.88387      3.689623      3.689624
   0.82518      3.725400      3.725401
   0.76649      3.741620      3.741620
   0.76649      3.741620      3.741620
   0.73632      3.741673      3.741674
   0.70615      3.741449      3.741448
   0.67598      3.737460      3.737460
   0.64581      3.737553      3.737553
   0.64581      3.429476      3.429478
   0.58710      3.433436      3.433438
   0.52839      3.445218      3.445220
   0.46968      3.400722      3.400721
   0.41097      3.450536      3.450536
   0.35226      3.523092      3.523094
   0.29355      3.560899      3.560901
   0.23484      3.602275      3.602277
   0.17613      3.645303      3.645304
   0.11742      3.687281      3.687282
   0.05871      3.723551      3.723552
   0.00000      3.741620      3.741620
 
# Band-Index   95
   0.00000      3.761276      3.761279
   0.05871      3.730824      3.730826
   0.11742      3.720646      3.720648
   0.17613      3.720456      3.720459
   0.23484      3.704825      3.704827
   0.29355      3.688120      3.688122
   0.35226      3.589928      3.589928
   0.41097      3.491051      3.491052
   0.46968      3.464554      3.464556
   0.52839      3.513247      3.513245
   0.58710      3.634980      3.634982
   0.64581      3.635703      3.635704
   0.64581      3.741890      3.741890
   0.67598      3.741862      3.741862
   0.70615      3.748244      3.748242
   0.73632      3.760004      3.760007
   0.76649      3.761276      3.761279
   0.76649      3.761276      3.761279
   0.82518      3.730399      3.730400
   0.88387      3.721217      3.721217
   0.94255      3.725891      3.725894
   1.00124      3.710028      3.710031
   1.05993      3.692945      3.692948
   1.11861      3.588604      3.588605
   1.17730      3.494517      3.494519
   1.23599      3.468069      3.468072
   1.29467      3.512704      3.512705
   1.35336      3.637107      3.637109
   1.41204      3.639043      3.639045
   1.41204      3.500027      3.500031
   1.46679      3.504727      3.504730
   1.52154      3.517239      3.517242
   1.57629      3.535744      3.535748
   1.63103      3.559088      3.559091
   1.68578      3.586281      3.586284
   1.74053      3.616046      3.616049
   1.79528      3.646868      3.646871
   1.85002      3.676966      3.676969
   1.90477      3.704278      3.704281
   1.95952      3.725304      3.725306
   2.01427      3.732462      3.732464
   2.06901      3.761276      3.761279
   2.06901      3.761276      3.761279
   2.12373      3.733866      3.733868
   2.17845      3.715804      3.715804
   2.23316      3.725671      3.725672
   2.28788      3.746231      3.746233
   2.34260      3.710723      3.710725
   2.39731      3.601903      3.601905
   2.45203      3.535808      3.535810
   2.50675      3.582765      3.582764
   2.56146      3.575141      3.575143
   2.61618      3.543362      3.543365
   2.67090      3.518074      3.518077
   2.72561      3.504228      3.504232
   2.72561      3.635438      3.635441
   2.78433      3.634671      3.634674
   2.84304      3.512998      3.512997
   2.90176      3.464260      3.464263
   2.96047      3.490775      3.490778
   3.01918      3.589682      3.589683
   3.07790      3.687968      3.687971
   3.13661      3.704693      3.704696
   3.19533      3.720343      3.720346
   3.25404      3.720900      3.720902
   3.31275      3.731031      3.731033
   3.37147      3.761276      3.761279
   3.37147      3.761276      3.761279
   3.42621      3.732250      3.732252
   3.48095      3.725225      3.725227
   3.53570      3.704389      3.704392
   3.59044      3.677101      3.677103
   3.64518      3.647027      3.647030
   3.69993      3.616230      3.616233
   3.75467      3.586488      3.586491
   3.80941      3.559316      3.559319
   3.86416      3.535988      3.535991
   3.91890      3.517492      3.517495
   3.97364      3.504982      3.504986
   4.02838      3.500280      3.500284
 
# Band-Index   96
   4.02838      3.730728      3.730732
   3.97364      3.732924      3.732928
   3.91890      3.692467      3.692466
   3.86416      3.620735      3.620735
   3.80941      3.613154      3.613154
   3.75467      3.674953      3.674953
   3.69993      3.781824      3.781824
   3.64518      3.798844      3.798847
   3.59044      3.804831      3.804834
   3.53570      3.797315      3.797316
   3.48095      3.728074      3.728076
   3.42621      3.744124      3.744127
   3.37147      3.763126      3.763130
   3.37147      3.763126      3.763130
   3.31275      3.744416      3.744420
   3.25404      3.733801      3.733804
   3.19533      3.775172      3.775173
   3.13661      3.782698      3.782701
   3.07790      3.742275      3.742276
   3.01918      3.671907      3.671910
   2.96047      3.657469      3.657472
   2.90176      3.646069      3.646072
   2.84304      3.638670      3.638673
   2.78433      3.642566      3.642566
   2.72561      3.649328      3.649332
   2.72561      3.734249      3.734253
   2.67090      3.734974      3.734978
   2.61618      3.736565      3.736568
   2.56146      3.675695      3.675696
   2.50675      3.611855      3.611858
   2.45203      3.651592      3.651595
   2.39731      3.691669      3.691672
   2.34260      3.727974      3.727976
   2.28788      3.755021      3.755021
   2.23316      3.749611      3.749614
   2.17845      3.750421      3.750423
   2.12373      3.752536      3.752539
   2.06901      3.763126      3.763130
   2.06901      3.763126      3.763130
   2.01427      3.744068      3.744072
   1.95952      3.728184      3.728186
   1.90477      3.797519      3.797519
   1.85002      3.804743      3.804746
   1.79528      3.798731      3.798734
   1.74053      3.781562      3.781563
   1.68578      3.674659      3.674660
   1.63103      3.612858      3.612858
   1.57629      3.620461      3.620462
   1.52154      3.692215      3.692215
   1.46679      3.732714      3.732717
   1.41204      3.730515      3.730519
   1.41204      3.653319      3.653323
   1.35336      3.644146      3.644148
   1.29467      3.642846      3.642849
   1.23599      3.650500      3.650502
   1.17730      3.662168      3.662171
   1.11861      3.676913      3.676916
   1.05993      3.741652      3.741653
   1.00124      3.785405      3.785408
   0.94255      3.776819      3.776819
   0.88387      3.739438      3.739441
   0.82518      3.749875      3.749878
   0.76649      3.763126      3.763130
   0.76649      3.763126      3.763130
   0.73632      3.762931      3.762935
   0.70615      3.758726      3.758730
   0.67598      3.757131      3.757135
   0.64581      3.756668      3.756672
   0.64581      3.649548      3.649552
   0.58710      3.642729      3.642728
   0.52839      3.638900      3.638903
   0.46968      3.646284      3.646286
   0.41097      3.657665      3.657668
   0.35226      3.672083      3.672086
   0.29355      3.742481      3.742482
   0.23484      3.782815      3.782818
   0.17613      3.774938      3.774939
   0.11742      3.733880      3.733882
   0.05871      3.744477      3.744480
   0.00000      3.763126      3.763130
 
# Band-Index   97
   0.00000      3.763272      3.763276
   0.05871      3.782829      3.782831
   0.11742      3.794820      3.794822
   0.17613      3.794224      3.794227
   0.23484      3.842156      3.842157
   0.29355      3.763533      3.763535
   0.35226      3.739499      3.739502
   0.41097      3.714105      3.714108
   0.46968      3.690184      3.690187
   0.52839      3.670004      3.670008
   0.58710      3.655583      3.655587
   0.64581      3.769119      3.769117
   0.64581      3.761519      3.761522
   0.67598      3.761739      3.761743
   0.70615      3.762324      3.762327
   0.73632      3.764425      3.764428
   0.76649      3.763272      3.763276
   0.76649      3.763272      3.763276
   0.82518      3.782617      3.782620
   0.88387      3.797821      3.797824
   0.94255      3.796816      3.796819
   1.00124      3.843601      3.843602
   1.05993      3.766172      3.766175
   1.11861      3.742286      3.742289
   1.17730      3.717054      3.717057
   1.23599      3.693325      3.693328
   1.29467      3.673364      3.673368
   1.35336      3.659263      3.659266
   1.41204      3.768747      3.768747
   1.41204      3.828315      3.828315
   1.46679      3.783125      3.783125
   1.52154      3.739107      3.739111
   1.57629      3.749081      3.749085
   1.63103      3.761597      3.761601
   1.68578      3.775231      3.775235
   1.74053      3.788308      3.788311
   1.79528      3.896190      3.896188
   1.85002      3.860077      3.860077
   1.90477      3.804627      3.804630
   1.95952      3.795881      3.795884
   2.01427      3.781305      3.781308
   2.06901      3.763272      3.763276
   2.06901      3.763272      3.763275
   2.12373      3.781746      3.781748
   2.17845      3.791677      3.791680
   2.23316      3.784241      3.784243
   2.28788      3.765562      3.765565
   2.34260      3.752721      3.752724
   2.39731      3.749658      3.749662
   2.45203      3.747073      3.747076
   2.50675      3.744011      3.744015
   2.56146      3.740884      3.740888
   2.61618      3.771314      3.771316
   2.67090      3.818906      3.818908
   2.72561      3.831600      3.831601
   2.72561      3.768776      3.768774
   2.78433      3.655325      3.655329
   2.84304      3.669774      3.669778
   2.90176      3.689966      3.689969
   2.96047      3.713905      3.713908
   3.01918      3.739322      3.739326
   3.07790      3.763377      3.763380
   3.13661      3.842139      3.842140
   3.19533      3.794133      3.794136
   3.25404      3.794771      3.794774
   3.31275      3.782855      3.782858
   3.37147      3.763272      3.763276
   3.37147      3.763272      3.763276
   3.42621      3.781253      3.781256
   3.48095      3.795817      3.795819
   3.53570      3.804654      3.804656
   3.59044      3.860183      3.860183
   3.64518      3.896251      3.896249
   3.69993      3.788454      3.788457
   3.75467      3.775391      3.775394
   3.80941      3.761775      3.761778
   3.86416      3.749274      3.749277
   3.91890      3.739311      3.739314
   3.97364      3.783394      3.783392
   4.02838      3.828613      3.828611
 
# Band-Index   98
   4.02838      3.970583      3.970582
   3.97364      3.930432      3.930427
   3.91890      3.909390      3.909389
   3.86416      3.861623      3.861622
   3.80941      3.847548      3.847547
   3.75467      3.894891      3.894890
   3.69993      3.922874      3.922872
   3.64518      3.906775      3.906776
   3.59044      3.932626      3.932626
   3.53570      3.823490      3.823491
   3.48095      3.800565      3.800567
   3.42621      3.786058      3.786060
   3.37147      3.770946      3.770949
   3.37147      3.770946      3.770949
   3.31275      3.788035      3.788037
   3.25404      3.813456      3.813456
   3.19533      3.869349      3.869348
   3.13661      3.926703      3.926702
   3.07790      3.902456      3.902455
   3.01918      3.896921      3.896920
   2.96047      3.912763      3.912762
   2.90176      3.910546      3.910546
   2.84304      3.980909      3.980909
   2.78433      3.912634      3.912633
   2.72561      3.777422      3.777422
   2.72561      3.969243      3.969245
   2.67090      3.869720      3.869721
   2.61618      3.792479      3.792480
   2.56146      3.775959      3.775960
   2.50675      3.805511      3.805512
   2.45203      3.838454      3.838454
   2.39731      3.874722      3.874721
   2.34260      3.927759      3.927759
   2.28788      3.941166      3.941165
   2.23316      3.873829      3.873830
   2.17845      3.811111      3.811113
   2.12373      3.785429      3.785431
   2.06901      3.770946      3.770949
   2.06901      3.770946      3.770949
   2.01427      3.785947      3.785949
   1.95952      3.800383      3.800385
   1.90477      3.823424      3.823424
   1.85002      3.932741      3.932742
   1.79528      3.906483      3.906485
   1.74053      3.922754      3.922753
   1.68578      3.894810      3.894809
   1.63103      3.847522      3.847522
   1.57629      3.861651      3.861649
   1.52154      3.909125      3.909124
   1.46679      3.930135      3.930134
   1.41204      3.970327      3.970327
   1.41204      3.779148      3.779149
   1.35336      3.913764      3.913765
   1.29467      3.980453      3.980453
   1.23599      3.910316      3.910316
   1.17730      3.913548      3.913548
   1.11861      3.897785      3.897785
   1.05993      3.902768      3.902767
   1.00124      3.925124      3.925124
   0.94255      3.865880      3.865881
   0.88387      3.809335      3.809337
   0.82518      3.787504      3.787507
   0.76649      3.770946      3.770949
   0.76649      3.770946      3.770949
   0.73632      3.771209      3.771212
   0.70615      3.766017      3.766020
   0.67598      3.766940      3.766943
   0.64581      3.767290      3.767293
   0.64581      3.777582      3.777580
   0.58710      3.912880      3.912877
   0.52839      3.980930      3.980930
   0.46968      3.910641      3.910641
   0.41097      3.912918      3.912917
   0.35226      3.896864      3.896863
   0.29355      3.902445      3.902443
   0.23484      3.926830      3.926828
   0.17613      3.869517      3.869516
   0.11742      3.813596      3.813597
   0.05871      3.788148      3.788151
   0.00000      3.770946      3.770949
 
# Band-Index   99
   0.00000      3.892442      3.892439
   0.05871      3.921666      3.921663
   0.11742      4.003094      4.003091
   0.17613      4.109335      4.109332
   0.23484      4.089545      4.089543
   0.29355      4.085006      4.085006
   0.35226      3.984333      3.984334
   0.41097      3.957953      3.957953
   0.46968      4.033589      4.033588
   0.52839      4.065363      4.065362
   0.58710      4.066327      4.066326
   0.64581      4.063145      4.063144
   0.64581      3.772395      3.772398
   0.67598      3.772216      3.772218
   0.70615      3.771787      3.771790
   0.73632      3.843371      3.843369
   0.76649      3.892442      3.892439
   0.76649      3.892442      3.892439
   0.82518      3.921666      3.921663
   0.88387      4.002960      4.002957
   0.94255      4.108846      4.108844
   1.00124      4.088097      4.088094
   1.05993      4.083372      4.083372
   1.11861      3.982732      3.982733
   1.17730      3.956694      3.956694
   1.23599      4.032966      4.032966
   1.29467      4.067804      4.067804
   1.35336      4.064087      4.064086
   1.41204      4.060675      4.060675
   1.41204      3.976989      3.976989
   1.46679      3.998872      3.998871
   1.52154      3.930735      3.930736
   1.57629      3.913370      3.913372
   1.63103      3.928369      3.928368
   1.68578      3.938987      3.938989
   1.74053      3.984269      3.984269
   1.79528      3.990455      3.990455
   1.85002      4.054173      4.054173
   1.90477      4.060511      4.060509
   1.95952      3.976949      3.976946
   2.01427      3.913748      3.913745
   2.06901      3.892442      3.892439
   2.06901      3.892442      3.892439
   2.12373      3.914727      3.914724
   2.17845      3.984369      3.984366
   2.23316      4.089006      4.089003
   2.28788      4.079111      4.079109
   2.34260      4.097237      4.097235
   2.39731      4.000988      4.000989
   2.45203      3.885926      3.885927
   2.50675      3.843304      3.843304
   2.56146      3.890796      3.890795
   2.61618      3.966634      3.966634
   2.67090      4.042110      4.042110
   2.72561      3.974149      3.974150
   2.72561      4.062856      4.062856
   2.78433      4.066063      4.066063
   2.84304      4.065079      4.065078
   2.90176      4.033575      4.033575
   2.96047      3.958033      3.958033
   3.01918      3.984180      3.984181
   3.07790      4.084858      4.084858
   3.13661      4.089528      4.089526
   3.19533      4.109302      4.109299
   3.25404      4.003088      4.003085
   3.31275      3.921667      3.921664
   3.37147      3.892442      3.892439
   3.37147      3.892442      3.892439
   3.42621      3.913823      3.913820
   3.48095      3.977045      3.977041
   3.53570      4.060608      4.060605
   3.59044      4.054037      4.054036
   3.64518      3.990275      3.990275
   3.69993      3.984356      3.984355
   3.75467      3.939123      3.939122
   3.80941      3.928560      3.928557
   3.86416      3.913609      3.913608
   3.91890      3.930703      3.930702
   3.97364      3.998944      3.998943
   4.02838      3.977280      3.977279
 
# Band-Index  100
   4.02838      4.159663      4.159661
   3.97364      4.117009      4.117008
   3.91890      4.195628      4.195627
   3.86416      4.321642      4.321641
   3.80941      4.348703      4.348704
   3.75467      4.157226      4.157227
   3.69993      4.027094      4.027095
   3.64518      4.076468      4.076467
   3.59044      4.110530      4.110527
   3.53570      4.182729      4.182725
   3.48095      4.325662      4.325680
   3.42621      4.211446      4.211447
   3.37147      4.084000      4.084001
   3.37147      4.084000      4.084001
   3.31275      4.224945      4.224945
   3.25404      4.310346      4.310341
   3.19533      4.172387      4.172383
   3.13661      4.115313      4.115314
   3.07790      4.179989      4.179989
   3.01918      4.265337      4.265338
   2.96047      4.303472      4.303473
   2.90176      4.237045      4.237043
   2.84304      4.071865      4.071864
   2.78433      4.107980      4.107980
   2.72561      4.246888      4.246888
   2.72561      4.158435      4.158434
   2.67090      4.114366      4.114367
   2.61618      4.230911      4.230912
   2.56146      4.370473      4.370474
   2.50675      4.479255      4.479255
   2.45203      4.429459      4.429458
   2.39731      4.246714      4.246713
   2.34260      4.128174      4.128176
   2.28788      4.180445      4.180445
   2.23316      4.193590      4.193589
   2.17845      4.332081      4.332078
   2.12373      4.207237      4.207238
   2.06901      4.084000      4.084001
   2.06901      4.084000      4.084001
   2.01427      4.211494      4.211495
   1.95952      4.325793      4.325789
   1.90477      4.182864      4.182865
   1.85002      4.110498      4.110495
   1.79528      4.076386      4.076385
   1.74053      4.027311      4.027312
   1.68578      4.157472      4.157473
   1.63103      4.348935      4.348936
   1.57629      4.321349      4.321349
   1.52154      4.195323      4.195323
   1.46679      4.116776      4.116776
   1.41204      4.159518      4.159517
   1.41204      4.246128      4.246129
   1.35336      4.107646      4.107647
   1.29467      4.069141      4.069142
   1.23599      4.238191      4.238192
   1.17730      4.301413      4.301415
   1.11861      4.263324      4.263325
   1.05993      4.178767      4.178768
   1.00124      4.112554      4.112556
   0.94255      4.169629      4.169626
   0.88387      4.308969      4.308962
   0.82518      4.223690      4.223691
   0.76649      4.084000      4.084001
   0.76649      4.084000      4.084001
   0.73632      4.127002      4.127002
   0.70615      4.203309      4.203309
   0.67598      4.277364      4.277363
   0.64581      4.338149      4.338150
   0.64581      4.246915      4.246916
   0.58710      4.107973      4.107973
   0.52839      4.072004      4.072002
   0.46968      4.237294      4.237291
   0.41097      4.303582      4.303583
   0.35226      4.265431      4.265431
   0.29355      4.180056      4.180056
   0.23484      4.115122      4.115124
   0.17613      4.172513      4.172512
   0.11742      4.310330      4.310298
   0.05871      4.224948      4.224949
   0.00000      4.084000      4.084001
 
# Band-Index  101
   0.00000      4.481339      4.481339
   0.05871      4.430100      4.430099
   0.11742      4.323029      4.323000
   0.17613      4.187525      4.187529
   0.23484      4.158587      4.158587
   0.29355      4.234383      4.234382
   0.35226      4.446685      4.446683
   0.41097      4.421518      4.421510
   0.46968      4.317119      4.317115
   0.52839      4.348083      4.348067
   0.58710      4.380945      4.380944
   0.64581      4.249910      4.249908
   0.64581      4.343582      4.343580
   0.67598      4.391811      4.391810
   0.70615      4.431127      4.431124
   0.73632      4.461422      4.461457
   0.76649      4.481373      4.481337
   0.76649      4.481376      4.481336
   0.82518      4.429436      4.429457
   0.88387      4.322013      4.322014
   0.94255      4.187302      4.187304
   1.00124      4.158139      4.158139
   1.05993      4.234160      4.234158
   1.11861      4.447328      4.447327
   1.17730      4.421681      4.421681
   1.23599      4.314672      4.314674
   1.29467      4.346593      4.346594
   1.35336      4.379420      4.379420
   1.41204      4.249436      4.249436
   1.41204      4.166979      4.166978
   1.46679      4.256365      4.256364
   1.52154      4.356058      4.356056
   1.57629      4.446893      4.446892
   1.63103      4.468492      4.468492
   1.68578      4.620437      4.620448
   1.74053      4.443405      4.443403
   1.79528      4.224510      4.224509
   1.85002      4.126339      4.126355
   1.90477      4.230613      4.230617
   1.95952      4.348177      4.348158
   2.01427      4.437129      4.437159
   2.06901      4.481385      4.481369
   2.06901      4.481374      4.481370
   2.12373      4.436593      4.436588
   2.17845      4.351506      4.351507
   2.23316      4.265521      4.265522
   2.28788      4.239273      4.239274
   2.34260      4.338165      4.338166
   2.39731      4.484223      4.484224
   2.45203      4.562574      4.562575
   2.50675      4.501636      4.501637
   2.56146      4.380940      4.380940
   2.61618      4.321464      4.321463
   2.67090      4.259803      4.259802
   2.72561      4.167647      4.167647
   2.72561      4.249935      4.249934
   2.78433      4.380905      4.380904
   2.84304      4.348033      4.348035
   2.90176      4.317045      4.317049
   2.96047      4.421308      4.421306
   3.01918      4.446764      4.446763
   3.07790      4.234590      4.234589
   3.13661      4.158459      4.158459
   3.19533      4.187667      4.187658
   3.25404      4.322934      4.322936
   3.31275      4.430129      4.430127
   3.37147      4.481339      4.481337
   3.37147      4.481377      4.481337
   3.42621      4.437175      4.437172
   3.48095      4.348340      4.348340
   3.53570      4.230827      4.230830
   3.59044      4.126479      4.126481
   3.64518      4.224313      4.224312
   3.69993      4.443294      4.443292
   3.75467      4.620649      4.620683
   3.80941      4.468757      4.468759
   3.86416      4.446940      4.446938
   3.91890      4.356193      4.356192
   3.97364      4.256476      4.256474
   4.02838      4.167013      4.167013
 
# Band-Index  102
   4.02838      4.316307      4.316307
   3.97364      4.366733      4.366733
   3.91890      4.479276      4.479274
   3.86416      4.596729      4.596727
   3.80941      4.607041      4.607043
   3.75467      4.625749      4.625746
   3.69993      4.727994      4.727975
   3.64518      4.676369      4.676378
   3.59044      4.630123      4.630129
   3.53570      4.635127      4.635128
   3.48095      4.430173      4.430174
   3.42621      4.449782      4.449811
   3.37147      4.492691      4.492660
   3.37147      4.492690      4.492661
   3.31275      4.442300      4.442338
   3.25404      4.445212      4.445213
   3.19533      4.553423      4.553428
   3.13661      4.554280      4.554278
   3.07790      4.635326      4.635308
   3.01918      4.592280      4.592272
   2.96047      4.580336      4.580332
   2.90176      4.567963      4.567961
   2.84304      4.489608      4.489607
   2.78433      4.394393      4.394394
   2.72561      4.419591      4.419574
   2.72561      4.315545      4.315545
   2.67090      4.308490      4.308489
   2.61618      4.362329      4.362329
   2.56146      4.466758      4.466757
   2.50675      4.541559      4.541559
   2.45203      4.589147      4.589156
   2.39731      4.615315      4.615313
   2.34260      4.501785      4.501784
   2.28788      4.427199      4.427198
   2.23316      4.470561      4.470560
   2.17845      4.395885      4.395886
   2.12373      4.450842      4.450835
   2.06901      4.492694      4.492661
   2.06901      4.492688      4.492659
   2.01427      4.449837      4.449808
   1.95952      4.430261      4.430262
   1.90477      4.635193      4.635203
   1.85002      4.630058      4.630277
   1.79528      4.676430      4.676237
   1.74053      4.727990      4.727841
   1.68578      4.625632      4.625649
   1.63103      4.606776      4.606785
   1.57629      4.596681      4.596679
   1.52154      4.479342      4.479341
   1.46679      4.366913      4.366912
   1.41204      4.316545      4.316545
   1.41204      4.419479      4.419499
   1.35336      4.394120      4.394122
   1.29467      4.487780      4.487779
   1.23599      4.566074      4.566073
   1.17730      4.579671      4.579670
   1.11861      4.592318      4.592319
   1.05993      4.635667      4.635680
   1.00124      4.555378      4.555408
   0.94255      4.554666      4.554665
   0.88387      4.444343      4.444344
   0.82518      4.442110      4.442141
   0.76649      4.492661      4.492698
   0.76649      4.492660      4.492661
   0.73632      4.509159      4.509164
   0.70615      4.527246      4.527249
   0.67598      4.540653      4.540653
   0.64581      4.545733      4.545733
   0.64581      4.419663      4.419664
   0.58710      4.394492      4.394480
   0.52839      4.489741      4.489739
   0.46968      4.568149      4.568157
   0.41097      4.580474      4.580470
   0.35226      4.592464      4.592470
   0.29355      4.635411      4.635444
   0.23484      4.554302      4.554299
   0.17613      4.553439      4.553433
   0.11742      4.445217      4.445218
   0.05871      4.442335      4.442337
   0.00000      4.492660      4.492707
 
# Band-Index  103
   0.00000      4.996326      4.996323
   0.05871      4.945885      4.945864
   0.11742      4.827163      4.827171
   0.17613      4.821550      4.821492
   0.23484      4.991462      4.991530
   0.29355      5.012811      5.013372
   0.35226      4.929612      4.929818
   0.41097      4.822753      4.822486
   0.46968      4.722679      4.722684
   0.52839      4.637666      4.637660
   0.58710      4.572192      4.572187
   0.64581      4.542284      4.542280
   0.64581      4.997061      4.997056
   0.67598      4.997022      4.996986
   0.70615      4.996736      4.996732
   0.73632      4.996450      4.996455
   0.76649      4.996326      4.996323
   0.76649      4.996343      4.996323
   0.82518      4.943775      4.943761
   0.88387      4.824458      4.824459
   0.94255      4.816893      4.816899
   1.00124      4.987610      4.988580
   1.05993      5.012936      5.012739
   1.11861      4.931585      4.931949
   1.17730      4.824511      4.824518
   1.23599      4.724190      4.724190
   1.29467      4.638603      4.638603
   1.35336      4.572613      4.572614
   1.41204      4.542412      4.542411
   1.41204      4.603452      4.603450
   1.46679      4.620255      4.620253
   1.52154      4.666209      4.666227
   1.57629      4.605210      4.605209
   1.63103      4.679587      4.679590
   1.68578      4.720176      4.720107
   1.74053      4.834089      4.834139
   1.79528      4.937817      4.937402
   1.85002      4.883642      4.883681
   1.90477      4.729238      4.729236
   1.95952      4.833518      4.833515
   2.01427      4.952544      4.952570
   2.06901      4.996327      4.996323
   2.06901      4.996326      4.996323
   2.12373      4.954595      4.954569
   2.17845      4.860859      4.860851
   2.23316      4.858117      4.858111
   2.28788      4.981532      4.981661
   2.34260      4.935954      4.935938
   2.39731      4.840513      4.840280
   2.45203      4.739337      4.739349
   2.50675      4.701141      4.701142
   2.56146      4.809411      4.809410
   2.61618      4.749966      4.749966
   2.67090      4.647122      4.647122
   2.72561      4.599882      4.599882
   2.72561      4.542080      4.542077
   2.78433      4.571973      4.571974
   2.84304      4.637421      4.637418
   2.90176      4.722409      4.722403
   2.96047      4.822156      4.822158
   3.01918      4.929052      4.929398
   3.07790      5.012754      5.012813
   3.13661      4.991652      4.991787
   3.19533      4.821537      4.821562
   3.25404      4.827206      4.827200
   3.31275      4.946011      4.945918
   3.37147      4.996327      4.996324
   3.37147      4.996326      4.996323
   3.42621      4.952443      4.952402
   3.48095      4.833466      4.833471
   3.53570      4.729219      4.729224
   3.59044      4.883622      4.883637
   3.64518      4.937316      4.937311
   3.69993      4.834251      4.834285
   3.75467      4.720346      4.720328
   3.80941      4.679806      4.679808
   3.86416      4.605287      4.605285
   3.91890      4.666304      4.666301
   3.97364      4.620422      4.620419
   4.02838      4.603642      4.603637
 
# Band-Index  104
   4.02838      4.951039      4.951012
   3.97364      4.865804      4.865823
   3.91890      4.747148      4.747146
   3.86416      4.733946      4.733945
   3.80941      4.836666      4.836662
   3.75467      4.977179      4.977182
   3.69993      4.950570      4.950663
   3.64518      5.029052      5.028623
   3.59044      5.021536      5.021547
   3.53570      5.037195      5.037304
   3.48095      5.011998      5.011998
   3.42621      5.001645      5.001643
   3.37147      5.000909      5.000907
   3.37147      5.000909      5.000906
   3.31275      5.002688      5.002678
   3.25404      5.019835      5.019855
   3.19533      5.057239      5.057419
   3.13661      5.085489      5.085451
   3.07790      5.023743      5.023722
   3.01918      4.981068      4.981053
   2.96047      4.998098      4.998098
   2.90176      4.993729      4.993712
   2.84304      4.917411      4.917413
   2.78433      4.865605      4.865603
   2.72561      4.860210      4.860209
   2.72561      4.952221      4.952234
   2.67090      4.935118      4.935168
   2.61618      4.893906      4.893896
   2.56146      4.858422      4.858422
   2.50675      4.932127      4.932162
   2.45203      4.935333      4.935327
   2.39731      4.931525      4.931509
   2.34260      5.016146      5.016286
   2.28788      5.016761      5.016699
   2.23316      5.063312      5.063274
   2.17845      5.025292      5.025259
   2.12373      5.006924      5.006919
   2.06901      5.000909      5.000905
   2.06901      5.000909      5.000905
   2.01427      5.001407      5.001410
   1.95952      5.011804      5.011833
   1.90477      5.037050      5.037058
   1.85002      5.021322      5.021440
   1.79528      5.028590      5.028485
   1.74053      4.950988      4.950581
   1.68578      4.976967      4.976957
   1.63103      4.836823      4.836901
   1.57629      4.733963      4.733975
   1.52154      4.747096      4.747109
   1.46679      4.865672      4.865671
   1.41204      4.950713      4.950707
   1.41204      4.855844      4.855842
   1.35336      4.864699      4.864699
   1.29467      4.917892      4.917892
   1.23599      4.994574      4.994543
   1.17730      4.997194      4.997196
   1.11861      4.979120      4.979044
   1.05993      5.021749      5.021683
   1.00124      5.083884      5.083972
   0.94255      5.061754      5.061902
   0.88387      5.024639      5.024638
   0.82518      5.007480      5.007477
   0.76649      5.000909      5.000905
   0.76649      5.000909      5.000905
   0.73632      5.001160      5.001143
   0.70615      5.001736      5.001733
   0.67598      5.002411      5.002362
   0.64581      5.002672      5.002637
   0.64581      4.860277      4.860274
   0.58710      4.865591      4.865588
   0.52839      4.917370      4.917368
   0.46968      4.993668      4.993783
   0.41097      4.997908      4.997909
   0.35226      4.981011      4.980956
   0.29355      5.023478      5.023708
   0.23484      5.085380      5.085504
   0.17613      5.057475      5.057416
   0.11742      5.020054      5.020046
   0.05871      5.002959      5.002917
   0.00000      5.000909      5.000909
 
# Band-Index  105
   0.00000      5.015032      5.015050
   0.05871      5.021832      5.021835
   0.11742      5.060811      5.060810
   0.17613      5.126501      5.125435
   0.23484      5.103068      5.103246
   0.29355      5.036214      5.035980
   0.35226      5.012788      5.015070
   0.41097      5.061102      5.061303
   0.46968      5.037921      5.037740
   0.52839      4.971078      4.971066
   0.58710      4.902493      4.902482
   0.64581      4.862723      4.862720
   0.64581      5.014972      5.014980
   0.67598      5.014967      5.014970
   0.70615      5.014985      5.014988
   0.73632      5.015056      5.015021
   0.76649      5.015032      5.015035
   0.76649      5.015034      5.015035
   0.82518      5.024541      5.024542
   0.88387      5.062754      5.062755
   0.94255      5.124270      5.124330
   1.00124      5.106479      5.106114
   1.05993      5.038789      5.038608
   1.11861      5.012687      5.012597
   1.17730      5.059831      5.060085
   1.23599      5.035248      5.035376
   1.29467      4.968288      4.968275
   1.35336      4.900120      4.900135
   1.41204      4.863425      4.863417
   1.41204      4.953549      4.953567
   1.46679      5.015117      5.015119
   1.52154      5.044169      5.044197
   1.57629      5.038003      5.038079
   1.63103      5.019026      5.018967
   1.68578      4.988359      4.988425
   1.74053      5.140962      5.137767
   1.79528      5.133935      5.133213
   1.85002      5.078800      5.081777
   1.90477      5.083940      5.083887
   1.95952      5.059039      5.059039
   2.01427      5.021055      5.021056
   2.06901      5.015032      5.015035
   2.06901      5.015032      5.015035
   2.12373      5.022374      5.022366
   2.17845      5.047878      5.047879
   2.23316      5.078355      5.078363
   2.28788      5.123939      5.123892
   2.34260      5.112054      5.116765
   2.39731      5.024743      5.024548
   2.45203      4.945976      4.946002
   2.50675      4.946890      4.946920
   2.56146      4.964824      4.964776
   2.61618      4.966361      4.966354
   2.67090      4.961045      4.961008
   2.72561      4.952969      4.952966
   2.72561      4.862790      4.862789
   2.78433      4.902486      4.902484
   2.84304      4.971053      4.971057
   2.90176      5.037812      5.037736
   2.96047      5.061006      5.061089
   3.01918      5.013080      5.012463
   3.07790      5.036112      5.035681
   3.13661      5.102964      5.103369
   3.19533      5.125437      5.125747
   3.25404      5.060703      5.060701
   3.31275      5.021738      5.021738
   3.37147      5.015044      5.015035
   3.37147      5.015040      5.015035
   3.42621      5.021161      5.021163
   3.48095      5.059157      5.059159
   3.53570      5.084028      5.083949
   3.59044      5.078566      5.078691
   3.64518      5.132735      5.133870
   3.69993      5.139076      5.137545
   3.75467      4.988146      4.988708
   3.80941      5.018937      5.018900
   3.86416      5.037903      5.037861
   3.91890      5.044290      5.044250
   3.97364      5.015300      5.015257
   4.02838      4.953630      4.953611
 
# Band-Index  106
   4.02838      5.347967      5.347950
   3.97364      5.258507      5.258447
   3.91890      5.227741      5.227848
   3.86416      5.274052      5.273732
   3.80941      5.338989      5.339163
   3.75467      5.208048      5.208419
   3.69993      5.170379      5.170340
   3.64518      5.139007      5.139293
   3.59044      5.175118      5.175071
   3.53570      5.124653      5.124500
   3.48095      5.094699      5.094679
   3.42621      5.039097      5.039094
   3.37147      5.021668      5.021669
   3.37147      5.021672      5.021669
   3.31275      5.039390      5.039389
   3.25404      5.104895      5.104857
   3.19533      5.126894      5.127021
   3.13661      5.117216      5.117018
   3.07790      5.187502      5.186713
   3.01918      5.185316      5.183496
   2.96047      5.186479      5.187701
   2.90176      5.233909      5.234312
   2.84304      5.343382      5.343430
   2.78433      5.387850      5.387654
   2.72561      5.394662      5.394669
   2.72561      5.357939      5.358093
   2.67090      5.294575      5.294618
   2.61618      5.228521      5.228520
   2.56146      5.172878      5.172921
   2.50675      5.147403      5.147236
   2.45203      5.156948      5.156889
   2.39731      5.184413      5.184684
   2.34260      5.203447      5.203695
   2.28788      5.138048      5.138017
   2.23316      5.092762      5.092865
   2.17845      5.071595      5.071579
   2.12373      5.026627      5.026626
   2.06901      5.021668      5.021669
   2.06901      5.021668      5.021669
   2.01427      5.039319      5.039318
   1.95952      5.094593      5.094613
   1.90477      5.124286      5.123854
   1.85002      5.175675      5.178425
   1.79528      5.146616      5.140281
   1.74053      5.170962      5.170456
   1.68578      5.208359      5.208564
   1.63103      5.339274      5.340595
   1.57629      5.273377      5.274864
   1.52154      5.227398      5.227332
   1.46679      5.258277      5.258324
   1.41204      5.348185      5.347791
   1.41204      5.397819      5.397940
   1.35336      5.391135      5.390675
   1.29467      5.346806      5.346975
   1.23599      5.238106      5.237194
   1.17730      5.189975      5.190599
   1.11861      5.181085      5.182832
   1.05993      5.187740      5.187884
   1.00124      5.122467      5.121616
   0.94255      5.128369      5.128320
   0.88387      5.103850      5.103804
   0.82518      5.035641      5.035652
   0.76649      5.021670      5.021669
   0.76649      5.021676      5.021669
   0.73632      5.021449      5.021426
   0.70615      5.020811      5.020812
   0.67598      5.020157      5.020160
   0.64581      5.019872      5.019875
   0.64581      5.394907      5.395205
   0.58710      5.388233      5.387915
   0.52839      5.344111      5.343621
   0.46968      5.233394      5.233888
   0.41097      5.186277      5.186244
   0.35226      5.184018      5.185404
   0.29355      5.187996      5.187551
   0.23484      5.117094      5.117786
   0.17613      5.128632      5.127103
   0.11742      5.104705      5.104779
   0.05871      5.039182      5.039182
   0.00000      5.021668      5.021669
 
# Band-Index  107
   0.00000      5.024890      5.024893
   0.05871      5.053788      5.053779
   0.11742      5.110316      5.110276
   0.17613      5.140447      5.140442
   0.23484      5.194857      5.196560
   0.29355      5.195685      5.194344
   0.35226      5.269479      5.268647
   0.41097      5.215930      5.215293
   0.46968      5.288709      5.287584
   0.52839      5.405193      5.405269
   0.58710      5.420271      5.420756
   0.64581      5.410626      5.410531
   0.64581      5.023877      5.023883
   0.67598      5.024036      5.024052
   0.70615      5.024400      5.024401
   0.73632      5.024766      5.024752
   0.76649      5.024890      5.024893
   0.76649      5.024890      5.024893
   0.82518      5.057674      5.057693
   0.88387      5.113660      5.113653
   0.94255      5.140503      5.141103
   1.00124      5.195535      5.194361
   1.05993      5.192148      5.189532
   1.11861      5.271206      5.270468
   1.17730      5.213974      5.214201
   1.23599      5.291364      5.288875
   1.29467      5.408575      5.407891
   1.35336      5.421026      5.420900
   1.41204      5.410706      5.410589
   1.41204      5.364142      5.363959
   1.46679      5.476210      5.476169
   1.52154      5.508356      5.509708
   1.57629      5.442229      5.444804
   1.63103      5.361278      5.364051
   1.68578      5.281719      5.282819
   1.74053      5.203520      5.203832
   1.79528      5.168565      5.168425
   1.85002      5.211970      5.217570
   1.90477      5.158790      5.158867
   1.95952      5.103045      5.103046
   2.01427      5.049761      5.049762
   2.06901      5.024890      5.024893
   2.06901      5.024891      5.024893
   2.12373      5.054723      5.054358
   2.17845      5.104480      5.104434
   2.23316      5.116525      5.116424
   2.28788      5.150653      5.150811
   2.34260      5.216288      5.216368
   2.39731      5.277437      5.276084
   2.45203      5.343486      5.345640
   2.50675      5.406956      5.406911
   2.56146      5.442550      5.442000
   2.61618      5.442415      5.442431
   2.67090      5.412423      5.412514
   2.72561      5.359622      5.359653
   2.72561      5.410221      5.410362
   2.78433      5.419911      5.419805
   2.84304      5.405965      5.405548
   2.90176      5.287461      5.287369
   2.96047      5.214406      5.214478
   3.01918      5.273188      5.269821
   3.07790      5.194714      5.196429
   3.13661      5.195194      5.196002
   3.19533      5.140301      5.141156
   3.25404      5.110077      5.110114
   3.31275      5.053673      5.053615
   3.37147      5.024890      5.024893
   3.37147      5.024891      5.024893
   3.42621      5.049926      5.049928
   3.48095      5.103061      5.103001
   3.53570      5.159119      5.159071
   3.59044      5.210995      5.213265
   3.64518      5.168309      5.167828
   3.69993      5.205255      5.204441
   3.75467      5.282561      5.290149
   3.80941      5.361461      5.361995
   3.86416      5.442370      5.443957
   3.91890      5.508546      5.509048
   3.97364      5.476519      5.476284
   4.02838      5.363990      5.363850
 
# Band-Index  108
   4.02838      5.540846      5.540023
   3.97364      5.543099      5.543391
   3.91890      5.545689      5.546150
   3.86416      5.489979      5.489379
   3.80941      5.368222      5.367742
   3.75467      5.374036      5.371015
   3.69993      5.285453      5.284370
   3.64518      5.258661      5.259720
   3.59044      5.240163      5.240781
   3.53570      5.164673      5.164963
   3.48095      5.124406      5.124399
   3.42621      5.067768      5.067768
   3.37147      5.029561      5.029564
   3.37147      5.029561      5.029575
   3.31275      5.076459      5.076446
   3.25404      5.135898      5.135849
   3.19533      5.189241      5.189121
   3.13661      5.211940      5.211054
   3.07790      5.198581      5.198570
   3.01918      5.295435      5.296719
   2.96047      5.407392      5.410741
   2.90176      5.517240      5.515812
   2.84304      5.457335      5.455858
   2.78433      5.557848      5.557760
   2.72561      5.675531      5.675507
   2.72561      5.540611      5.540651
   2.67090      5.547241      5.547852
   2.61618      5.520791      5.520868
   2.56146      5.469112      5.468602
   2.50675      5.430903      5.431000
   2.45203      5.379299      5.380637
   2.39731      5.301725      5.300927
   2.34260      5.218570      5.220000
   2.28788      5.241403      5.241541
   2.23316      5.175770      5.175799
   2.17845      5.114117      5.114153
   2.12373      5.068013      5.067941
   2.06901      5.029562      5.029563
   2.06901      5.029561      5.029563
   2.01427      5.067944      5.067946
   1.95952      5.124725      5.124626
   1.90477      5.164961      5.164878
   1.85002      5.245209      5.240647
   1.79528      5.259977      5.259126
   1.74053      5.290732      5.284986
   1.68578      5.382791      5.373078
   1.63103      5.365651      5.369416
   1.57629      5.488871      5.491789
   1.52154      5.544470      5.546191
   1.46679      5.542962      5.543202
   1.41204      5.539515      5.539626
   1.41204      5.680218      5.680141
   1.35336      5.560684      5.560772
   1.29467      5.456411      5.456827
   1.23599      5.519295      5.519619
   1.17730      5.410147      5.413310
   1.11861      5.298146      5.299793
   1.05993      5.202883      5.201096
   1.00124      5.211127      5.212830
   0.94255      5.193226      5.193279
   0.88387      5.132879      5.133140
   0.82518      5.072057      5.072055
   0.76649      5.029563      5.029564
   0.76649      5.029561      5.029563
   0.73632      5.029554      5.029543
   0.70615      5.029628      5.029508
   0.67598      5.029430      5.029435
   0.64581      5.029433      5.029467
   0.64581      5.674535      5.676737
   0.58710      5.558314      5.561664
   0.52839      5.456262      5.456026
   0.46968      5.516234      5.517952
   0.41097      5.412866      5.409598
   0.35226      5.296631      5.295609
   0.29355      5.201382      5.198865
   0.23484      5.210929      5.211851
   0.17613      5.190765      5.189041
   0.11742      5.135731      5.136308
   0.05871      5.076322      5.076279
   0.00000      5.029561      5.029563
 
# Band-Index  109
   0.00000      5.217187      5.217259
   0.05871      5.215328      5.215301
   0.11742      5.206874      5.206969
   0.17613      5.210966      5.212055
   0.23484      5.217448      5.219934
   0.29355      5.312705      5.316275
   0.35226      5.352393      5.348790
   0.41097      5.523666      5.524254
   0.46968      5.534627      5.527733
   0.52839      5.637673      5.636939
   0.58710      5.719566      5.719558
   0.64581      5.752913      5.750431
   0.64581      5.033620      5.033621
   0.67598      5.048711      5.048711
   0.70615      5.090501      5.090503
   0.73632      5.150668      5.150673
   0.76649      5.217207      5.217179
   0.76649      5.217126      5.217124
   0.82518      5.215388      5.215384
   0.88387      5.207854      5.207934
   0.94255      5.210423      5.211080
   1.00124      5.217163      5.253319
   1.05993      5.316147      5.311880
   1.11861      5.349120      5.344383
   1.17730      5.524751      5.524873
   1.23599      5.530375      5.533785
   1.29467      5.638187      5.637237
   1.35336      5.720318      5.722220
   1.41204      5.752939      5.751565
   1.41204      5.570485      5.570448
   1.46679      5.557386      5.556909
   1.52154      5.569612      5.569852
   1.57629      5.533635      5.534929
   1.63103      5.446519      5.451382
   1.68578      5.465084      5.465997
   1.74053      5.312592      5.315196
   1.79528      5.297927      5.285766
   1.85002      5.255735      5.253227
   1.90477      5.228422      5.231312
   1.95952      5.177758      5.177672
   2.01427      5.193678      5.193680
   2.06901      5.217157      5.217136
   2.06901      5.217181      5.217127
   2.12373      5.195028      5.194938
   2.17845      5.204382      5.204560
   2.23316      5.252233      5.252611
   2.28788      5.268980      5.267349
   2.34260      5.238878      5.241301
   2.39731      5.321015      5.320401
   2.45203      5.429508      5.428753
   2.50675      5.497449      5.499136
   2.56146      5.568835      5.568241
   2.61618      5.564839      5.564935
   2.67090      5.557492      5.558168
   2.72561      5.570756      5.571636
   2.72561      5.749966      5.749329
   2.78433      5.719780      5.717774
   2.84304      5.637381      5.636209
   2.90176      5.527920      5.530756
   2.96047      5.523915      5.525520
   3.01918      5.359167      5.353050
   3.07790      5.313986      5.313365
   3.13661      5.218259      5.216474
   3.19533      5.211706      5.211720
   3.25404      5.206786      5.206607
   3.31275      5.215313      5.215271
   3.37147      5.217156      5.217128
   3.37147      5.217152      5.217180
   3.42621      5.193711      5.193709
   3.48095      5.177710      5.177581
   3.53570      5.232900      5.228531
   3.59044      5.253738      5.254232
   3.64518      5.285056      5.284285
   3.69993      5.311818      5.312752
   3.75467      5.461938      5.466249
   3.80941      5.447624      5.452271
   3.86416      5.534247      5.532898
   3.91890      5.569676      5.573604
   3.97364      5.558810      5.557739
   4.02838      5.571500      5.570748
 
# Band-Index  110
   4.02838      6.125893      6.118682
   3.97364      5.956833      5.955705
   3.91890      5.823653      5.894141
   3.86416      5.802069      5.808500
   3.80941      5.717949      5.715876
   3.75467      5.500427      5.499101
   3.69993      5.440115      5.439867
   3.64518      5.324073      5.320676
   3.59044      5.267730      5.277976
   3.53570      5.284596      5.284482
   3.48095      5.260597      5.260599
   3.42621      5.241153      5.241147
   3.37147      5.222149      5.222595
   3.37147      5.222173      5.222148
   3.31275      5.219026      5.219010
   3.25404      5.232839      5.232770
   3.19533      5.290475      5.296147
   3.13661      5.292565      5.295884
   3.07790      5.337828      5.342336
   3.01918      5.454708      5.432028
   2.96047      5.534472      5.539216
   2.90176      5.623972      5.627631
   2.84304      5.716387      5.700729
   2.78433      5.753205      5.751469
   2.72561      5.768934      5.766544
   2.72561      6.117832      6.117672
   2.67090      6.034107      6.062420
   2.61618      5.924908      5.926403
   2.56146      5.783372      5.761621
   2.50675      5.598637      5.593428
   2.45203      5.448802      5.447234
   2.39731      5.421747      5.417437
   2.34260      5.381929      5.385883
   2.28788      5.280620      5.281085
   2.23316      5.283099      5.282391
   2.17845      5.252899      5.252735
   2.12373      5.240432      5.240409
   2.06901      5.222145      5.222142
   2.06901      5.222156      5.222149
   2.01427      5.241192      5.241192
   1.95952      5.260877      5.260722
   1.90477      5.285146      5.284133
   1.85002      5.293605      5.299438
   1.79528      5.321642      5.321224
   1.74053      5.442703      5.443274
   1.68578      5.498325      5.498496
   1.63103      5.719431      5.716897
   1.57629      5.814837      5.804563
   1.52154      5.863249      5.811728
   1.46679      5.961900      5.957734
   1.41204      6.119874      6.122669
   1.41204      5.770320      5.767678
   1.35336      5.750122      5.750195
   1.29467      5.707214      5.704275
   1.23599      5.622575      5.626692
   1.17730      5.527719      5.551188
   1.11861      5.420263      5.424964
   1.05993      5.343049      5.339860
   1.00124      5.296218      5.304912
   0.94255      5.287458      5.286935
   0.88387      5.229909      5.230622
   0.82518      5.218684      5.218693
   0.76649      5.222160      5.222154
   0.76649      5.222149      5.222141
   0.73632      5.288739      5.288719
   0.70615      5.350901      5.350980
   0.67598      5.402771      5.402555
   0.64581      5.440139      5.439952
   0.64581      5.770478      5.769602
   0.58710      5.752502      5.751217
   0.52839      5.700205      5.697701
   0.46968      5.647359      5.626148
   0.41097      5.535638      5.529970
   0.35226      5.423541      5.419522
   0.29355      5.362801      5.338187
   0.23484      5.303581      5.301345
   0.17613      5.294881      5.288786
   0.11742      5.232695      5.234035
   0.05871      5.219024      5.219009
   0.00000      5.222143      5.222139
 
# Band-Index  111
   0.00000      5.521756      5.523143
   0.05871      5.510040      5.509771
   0.11742      5.463569      5.467010
   0.17613      5.385557      5.356853
   0.23484      5.341203      5.354744
   0.29355      5.428237      5.429001
   0.35226      5.626619      5.567761
   0.41097      5.696431      5.707203
   0.46968      5.866398      5.862851
   0.52839      5.935681      5.930006
   0.58710      5.880679      5.867803
   0.64581      5.783094      5.790258
   0.64581      5.447276      5.447398
   0.67598      5.475368      5.475513
   0.70615      5.499754      5.500029
   0.73632      5.515455      5.517252
   0.76649      5.521573      5.521601
   0.76649      5.521443      5.521195
   0.82518      5.509873      5.510033
   0.88387      5.462684      5.463198
   0.94255      5.358345      5.355331
   1.00124      5.363702      5.393098
   1.05993      5.423531      5.420194
   1.11861      5.569035      5.611146
   1.17730      5.692365      5.701311
   1.23599      5.862734      5.848602
   1.29467      5.910823      5.926787
   1.35336      5.867279      5.915868
   1.41204      5.795620      5.782950
   1.41204      6.146483      6.145675
   1.46679      6.140142      6.132167
   1.52154      6.010916      6.003028
   1.57629      5.913138      5.884643
   1.63103      5.724332      5.730994
   1.68578      5.577443      5.600660
   1.74053      5.458237      5.462616
   1.79528      5.465718      5.351190
   1.85002      5.322275      5.466340
   1.90477      5.400979      5.391497
   1.95952      5.479231      5.475183
   2.01427      5.511147      5.511218
   2.06901      5.521391      5.521410
   2.06901      5.521158      5.521261
   2.12373      5.510911      5.510983
   2.17845      5.473946      5.475609
   2.23316      5.396375      5.394589
   2.28788      5.363369      5.347161
   2.34260      5.403443      5.410934
   2.39731      5.518232      5.509648
   2.45203      5.613310      5.617727
   2.50675      5.771134      5.780307
   2.56146      5.916179      5.921497
   2.61618      5.959535      5.989126
   2.67090      6.119560      6.131273
   2.72561      6.150400      6.154868
   2.72561      5.782051      5.786130
   2.78433      5.883048      5.873899
   2.84304      5.975916      5.924907
   2.90176      5.860993      5.861933
   2.96047      5.682411      5.729147
   3.01918      5.633207      5.567802
   3.07790      5.422210      5.456022
   3.13661      5.342465      5.337387
   3.19533      5.366222      5.357305
   3.25404      5.463683      5.463483
   3.31275      5.509738      5.509687
   3.37147      5.521287      5.521267
   3.37147      5.521724      5.521433
   3.42621      5.511149      5.511100
   3.48095      5.476101      5.475487
   3.53570      5.397641      5.395545
   3.59044      5.305666      5.306511
   3.64518      5.341193      5.343037
   3.69993      5.511668      5.467244
   3.75467      5.574737      5.575252
   3.80941      5.728768      5.734372
   3.86416      5.862655      5.867838
   3.91890      6.009748      6.023035
   3.97364      6.104229      6.122841
   4.02838      6.161101      6.124327
 
# Band-Index  112
   4.02838      6.196276      6.174259
   3.97364      6.151600      6.215575
   3.91890      6.042698      6.073745
   3.86416      5.919994      5.959116
   3.80941      5.780723      5.773497
   3.75467      5.641923      5.742120
   3.69993      5.586981      5.601796
   3.64518      5.685280      5.685528
   3.59044      5.751150      5.776733
   3.53570      5.817008      5.813188
   3.48095      5.939148      5.814090
   3.42621      5.892974      5.932776
   3.37147      5.952024      6.002964
   3.37147      5.966279      5.981108
   3.31275      6.013125      6.062793
   3.25404      5.879735      5.852564
   3.19533      5.835811      5.790588
   3.13661      5.838871      5.694157
   3.07790      5.819653      5.658527
   3.01918      5.701396      5.685714
   2.96047      5.744477      5.749063
   2.90176      5.881122      5.891932
   2.84304      6.137387      6.127438
   2.78433      6.297665      6.340571
   2.72561      6.417333      6.356685
   2.72561      6.196400      6.263768
   2.67090      6.256667      6.176948
   2.61618      6.118561      6.129168
   2.56146      5.966714      5.966003
   2.50675      5.907040      5.855937
   2.45203      5.652766      5.668159
   2.39731      5.555202      5.523416
   2.34260      5.516027      5.559667
   2.28788      5.595193      5.583926
   2.23316      5.770123      5.758468
   2.17845      5.905801      5.818445
   2.12373      6.000060      5.904313
   2.06901      5.969123      5.982246
   2.06901      5.996187      6.034823
   2.01427      5.903763      5.965643
   1.95952      5.857292      5.856941
   1.90477      5.780598      5.839351
   1.85002      5.722161      5.842012
   1.79528      5.709174      5.702549
   1.74053      5.646823      5.620379
   1.68578      5.699762      5.881538
   1.63103      5.830237      5.795070
   1.57629      5.960319      5.965363
   1.52154      6.033996      6.046794
   1.46679      6.201181      6.207555
   1.41204      6.165798      6.185500
   1.41204      6.401136      6.388547
   1.35336      6.326437      6.318676
   1.29467      6.147111      6.143645
   1.23599      5.905608      5.950780
   1.17730      5.744353      5.780376
   1.11861      5.652356      5.789564
   1.05993      5.658871      5.657436
   1.00124      5.726087      5.806710
   0.94255      5.723359      5.789096
   0.88387      5.980836      5.931027
   0.82518      5.958140      5.979170
   0.76649      5.926234      5.970137
   0.76649      6.025927      5.976933
   0.73632      5.971266      5.967379
   0.70615      6.000661      5.946539
   0.67598      6.016089      5.943986
   0.64581      5.940717      5.996169
   0.64581      6.420648      6.466007
   0.58710      6.323541      6.311698
   0.52839      6.180346      6.136045
   0.46968      5.897324      5.965408
   0.41097      5.784719      5.746074
   0.35226      5.684494      5.769979
   0.29355      5.684922      5.679131
   0.23484      5.725228      5.706758
   0.17613      5.678294      5.873153
   0.11742      5.959583      5.803019
   0.05871      5.974961      5.932067
   0.00000      6.043148      6.052918
